lexical_id,entry_id,word,word_with_airab_or_variant,part_of_speech,domain,definition,language_direction,source_dictionary,normalized_word,normalized_definition,extra,publisher,publisher_url,prepared_by,english_original,english_normalized,headword_class,review_reason
slx_2c1a9063452284ac,42257,About (adv.),,,English → Sindhi,آس پاس، هيڏانهن هوڏانهن، اٽڪل,english,English → Sindhi,about adv,آس پاس هيڏانهن هوڏانهن اٽڪل,,SindhiLanguage.org,https://sindhilanguage.org/,Amar Fayaz Buriro (امر فياض ٻرڙو),About (adv.),About (adv.),HEADWORD_WITH_LABEL,HEADWORD_WITH_LABEL
slx_f53de45680f1763d,42258,About (prep.),,,English → Sindhi,متعلق، بابت، نسبت,english,English → Sindhi,about prep,متعلق بابت نسبت,,SindhiLanguage.org,https://sindhilanguage.org/,Amar Fayaz Buriro (امر فياض ٻرڙو),About (prep.),About (prep.),HEADWORD_WITH_LABEL,HEADWORD_WITH_LABEL
slx_8ece674e04ba9d97,42343,Accessary (Accessory),,,English → Sindhi,شريڪ، ساٿي، رفيق، مددگار,english,English → Sindhi,accessary accessory,شريڪ ساٿي رفيق مددگار,,SindhiLanguage.org,https://sindhilanguage.org/,Amar Fayaz Buriro (امر فياض ٻرڙو),Accessary (Accessory),Accessary (Accessory),HEADWORD_WITH_LABEL,HEADWORD_WITH_LABEL
slx_478787749ecdbc87,42381,Account (n),,,English → Sindhi,احوال، آمد ۽ خرچ جو حساب، ليکو,english,English → Sindhi,account n,احوال آمد خرچ جو حساب ليکو,,SindhiLanguage.org,https://sindhilanguage.org/,Amar Fayaz Buriro (امر فياض ٻرڙو),Account (n),Account (n),HEADWORD_WITH_LABEL,HEADWORD_WITH_LABEL
slx_ac1e5e1bdfb41565,42382,Account (v),,,English → Sindhi,شمار ڪرڻ، ليکڻ، کنڌو,english,English → Sindhi,account v,شمار ڪرڻ ليکڻ کنڌو,,SindhiLanguage.org,https://sindhilanguage.org/,Amar Fayaz Buriro (امر فياض ٻرڙو),Account (v),Account (v),HEADWORD_WITH_LABEL,HEADWORD_WITH_LABEL
slx_11aba275f41477b7,42400,Accrew (Accrue),,,English → Sindhi,واڌ ٿيڻ، نڪرڻ,english,English → Sindhi,accrew accrue,واڌ ٿيڻ نڪرڻ,,SindhiLanguage.org,https://sindhilanguage.org/,Amar Fayaz Buriro (امر فياض ٻرڙو),Accrew (Accrue),Accrew (Accrue),HEADWORD_WITH_LABEL,HEADWORD_WITH_LABEL
slx_a7bf2373615ef723,42412,Accusative (case),,,English → Sindhi,حالت مفعولي، ڏوهي,english,English → Sindhi,accusative case,حالت مفعولي ڏوهي,,SindhiLanguage.org,https://sindhilanguage.org/,Amar Fayaz Buriro (امر فياض ٻرڙو),Accusative (case),Accusative (case),HEADWORD_WITH_LABEL,HEADWORD_WITH_LABEL
slx_52688426c884e54f,42524,Address (n),,,English → Sindhi,سرنامو، خط تي پتو، تقرير,english,English → Sindhi,address n,سرنامو خط تي پتو تقرير,,SindhiLanguage.org,https://sindhilanguage.org/,Amar Fayaz Buriro (امر فياض ٻرڙو),Address (n),Address (n),HEADWORD_WITH_LABEL,HEADWORD_WITH_LABEL
slx_4d443ea52b4a8cbb,42525,Address (v),,,English → Sindhi,تقرير ڪرڻ، وعظ ڪرڻ,english,English → Sindhi,address v,تقرير ڪرڻ وعظ ڪرڻ,,SindhiLanguage.org,https://sindhilanguage.org/,Amar Fayaz Buriro (امر فياض ٻرڙو),Address (v),Address (v),HEADWORD_WITH_LABEL,HEADWORD_WITH_LABEL
slx_e0ae06e54f95a48a,42526,Addresses (pl),,,English → Sindhi,عشق بازي ڪرڻ,english,English → Sindhi,addresses pl,عشق بازي ڪرڻ,,SindhiLanguage.org,https://sindhilanguage.org/,Amar Fayaz Buriro (امر فياض ٻرڙو),Addresses (pl),Addresses (pl),HEADWORD_WITH_LABEL,HEADWORD_WITH_LABEL
slx_54a7a4c3a5f75768,42687,Aerator (Aeration),,,English → Sindhi,ڦوڪيل پاڻيءَ (سوڍا ليمن وغيره) ٺاهڻ جي ڪل,english,English → Sindhi,aerator aeration,ڦوڪيل پاڻيء سوڍا ليمن وغيره ٺاهڻ جي ڪل,,SindhiLanguage.org,https://sindhilanguage.org/,Amar Fayaz Buriro (امر فياض ٻرڙو),Aerator (Aeration),Aerator (Aeration),HEADWORD_WITH_LABEL,HEADWORD_WITH_LABEL
slx_0bcee235e5f0e1c9,42689,"Aerie (Eyrie, eyry)",,,English → Sindhi,ڪنهن به شڪاري پکيءَ جو آکيرو,english,English → Sindhi,aerie eyrie eyry,ڪنهن به شڪاري پکيء جو آکيرو,,SindhiLanguage.org,https://sindhilanguage.org/,Amar Fayaz Buriro (امر فياض ٻرڙو),"Aerie (Eyrie, eyry)","Aerie (Eyrie, eyry)",HEADWORD_WITH_LABEL,HEADWORD_WITH_LABEL
slx_67a96f4a8e0bd0fc,42702,Aesthetis (pl),,,English → Sindhi,حسن جي ڄاڻ، علم خوبصورتي,english,English → Sindhi,aesthetis pl,حسن جي ڄاڻ علم خوبصورتي,,SindhiLanguage.org,https://sindhilanguage.org/,Amar Fayaz Buriro (امر فياض ٻرڙو),Aesthetis (pl),Aesthetis (pl),HEADWORD_WITH_LABEL,HEADWORD_WITH_LABEL
slx_eccfd60ed216f29d,42707,Affect (v),,,English → Sindhi,جوش پيدا ڪرڻ، لاڳاپو هئڻ,english,English → Sindhi,affect v,جوش پيدا ڪرڻ لاڳاپو هئڻ,,SindhiLanguage.org,https://sindhilanguage.org/,Amar Fayaz Buriro (امر فياض ٻرڙو),Affect (v),Affect (v),HEADWORD_WITH_LABEL,HEADWORD_WITH_LABEL
slx_7830fd4cf473ac62,42743,Affright (n),,,English → Sindhi,دهشت، خوف، ڌمڪي,english,English → Sindhi,affright n,دهشت خوف ڌمڪي,,SindhiLanguage.org,https://sindhilanguage.org/,Amar Fayaz Buriro (امر فياض ٻرڙو),Affright (n),Affright (n),HEADWORD_WITH_LABEL,HEADWORD_WITH_LABEL
slx_a1fb3e8781e7d753,42744,Affright (v),,,English → Sindhi,ڊيڄارڻ، ڌمڪائڻ، خوف ڏيارڻ,english,English → Sindhi,affright v,ڊيڄارڻ ڌمڪائڻ خوف ڏيارڻ,,SindhiLanguage.org,https://sindhilanguage.org/,Amar Fayaz Buriro (امر فياض ٻرڙو),Affright (v),Affright (v),HEADWORD_WITH_LABEL,HEADWORD_WITH_LABEL
slx_4f9fc0a469b93a35,42780,Aggrace (n),,,English → Sindhi,مهرباني,english,English → Sindhi,aggrace n,مهرباني,,SindhiLanguage.org,https://sindhilanguage.org/,Amar Fayaz Buriro (امر فياض ٻرڙو),Aggrace (n),Aggrace (n),HEADWORD_WITH_LABEL,HEADWORD_WITH_LABEL
slx_be0c5410a3e1523a,42829,Aid (n),,,English → Sindhi,سهائتا، مدد، سهارو، ٽيڪ، ساٿ,english,English → Sindhi,aid n,سهائتا مدد سهارو ٽيڪ ساٿ,,SindhiLanguage.org,https://sindhilanguage.org/,Amar Fayaz Buriro (امر فياض ٻرڙو),Aid (n),Aid (n),HEADWORD_WITH_LABEL,HEADWORD_WITH_LABEL
slx_5acc4f2f75f90f7b,42830,Aid (v),,,English → Sindhi,مدد ڪرڻ، سهائتا ڪرڻ، ساٿ ڏيڻ,english,English → Sindhi,aid v,مدد ڪرڻ سهائتا ڪرڻ ساٿ ڏيڻ,,SindhiLanguage.org,https://sindhilanguage.org/,Amar Fayaz Buriro (امر فياض ٻرڙو),Aid (v),Aid (v),HEADWORD_WITH_LABEL,HEADWORD_WITH_LABEL
slx_232a0166f0449fff,42834,Aim (v),,,English → Sindhi,نشانو وٺڻ، چست وٺڻ، مراد رکڻ، ارادو ڪرڻ,english,English → Sindhi,aim v,نشانو وٺڻ چست وٺڻ مراد رکڻ ارادو ڪرڻ,,SindhiLanguage.org,https://sindhilanguage.org/,Amar Fayaz Buriro (امر فياض ٻرڙو),Aim (v),Aim (v),HEADWORD_WITH_LABEL,HEADWORD_WITH_LABEL
slx_be07c6a289ad098d,42835,Aim (n),,,English → Sindhi,نصب العين، نشانو، ارادو، مراد، مقصد، مدعا,english,English → Sindhi,aim n,نصب العين نشانو ارادو مراد مقصد مدعا,,SindhiLanguage.org,https://sindhilanguage.org/,Amar Fayaz Buriro (امر فياض ٻرڙو),Aim (n),Aim (n),HEADWORD_WITH_LABEL,HEADWORD_WITH_LABEL
slx_6f7c5a0913a36833,42837,Air (n),,,English → Sindhi,هوا، هوا جو هلڪو جهوٽو، شڪل، هير، شهرت,english,English → Sindhi,air n,هوا هوا جو هلڪو جهوٽو شڪل هير شهرت,,SindhiLanguage.org,https://sindhilanguage.org/,Amar Fayaz Buriro (امر فياض ٻرڙو),Air (n),Air (n),HEADWORD_WITH_LABEL,HEADWORD_WITH_LABEL
slx_5fdaf1af32ae4681,42838,Air (v),,,English → Sindhi,هوا کائڻ، وائکو ڪرڻ، سڪائڻ، هوا ڏيڻ,english,English → Sindhi,air v,هوا کائڻ وائکو ڪرڻ سڪائڻ هوا ڏيڻ,,SindhiLanguage.org,https://sindhilanguage.org/,Amar Fayaz Buriro (امر فياض ٻرڙو),Air (v),Air (v),HEADWORD_WITH_LABEL,HEADWORD_WITH_LABEL
slx_6cf2e40e83a25a28,42857,Alarm (n),,,English → Sindhi,خطري يا آفت جي خبر؛ چتاءُ، هراس,english,English → Sindhi,alarm n,خطري يا آفت جي خبر چتاء هراس,,SindhiLanguage.org,https://sindhilanguage.org/,Amar Fayaz Buriro (امر فياض ٻرڙو),Alarm (n),Alarm (n),HEADWORD_WITH_LABEL,HEADWORD_WITH_LABEL
slx_246a7202299f5ae0,42858,Alarm (v),,,English → Sindhi,خبردار ڪرڻ، چتاءُ ڏيڻ,english,English → Sindhi,alarm v,خبردار ڪرڻ چتاء ڏيڻ,,SindhiLanguage.org,https://sindhilanguage.org/,Amar Fayaz Buriro (امر فياض ٻرڙو),Alarm (v),Alarm (v),HEADWORD_WITH_LABEL,HEADWORD_WITH_LABEL
slx_d680eb122c645405,42871,Alchemy (Aichmy),,,English → Sindhi,ڪيميا جو علم,english,English → Sindhi,alchemy aichmy,ڪيميا جو علم,,SindhiLanguage.org,https://sindhilanguage.org/,Amar Fayaz Buriro (امر فياض ٻرڙو),Alchemy (Aichmy),Alchemy (Aichmy),HEADWORD_WITH_LABEL,HEADWORD_WITH_LABEL
slx_83c5c240d13c6910,42896,Alight (v),,,English → Sindhi,هيٺ لهڻ يا اچڻ,english,English → Sindhi,alight v,هيٺ لهڻ يا اچڻ,,SindhiLanguage.org,https://sindhilanguage.org/,Amar Fayaz Buriro (امر فياض ٻرڙو),Alight (v),Alight (v),HEADWORD_WITH_LABEL,HEADWORD_WITH_LABEL
slx_31e0913c8e9059ee,42897,Alight (a.),,,English → Sindhi,روشن، ٻرندڙ، جلندڙ,english,English → Sindhi,alight a,روشن ٻرندڙ جلندڙ,,SindhiLanguage.org,https://sindhilanguage.org/,Amar Fayaz Buriro (امر فياض ٻرڙو),Alight (a.),Alight (a.),HEADWORD_WITH_LABEL,HEADWORD_WITH_LABEL
slx_e88f5c3e9cdf4ca8,42945,Allurer (Alluring),,,English → Sindhi,لالچائيندڙ، ترغيب ڏيندڙ، لبيندڙ,english,English → Sindhi,allurer alluring,لالچائيندڙ ترغيب ڏيندڙ لبيندڙ,,SindhiLanguage.org,https://sindhilanguage.org/,Amar Fayaz Buriro (امر فياض ٻرڙو),Allurer (Alluring),Allurer (Alluring),HEADWORD_WITH_LABEL,HEADWORD_WITH_LABEL
slx_5176d5e2c238d9e5,42949,Alluvial (adj),,,English → Sindhi,پاڻيءَ جي زور تي ٻئي هنڌ ڄاول مٽي,english,English → Sindhi,alluvial adj,پاڻيء جي زور تي ٻئي هنڌ ڄاول مٽي,,SindhiLanguage.org,https://sindhilanguage.org/,Amar Fayaz Buriro (امر فياض ٻرڙو),Alluvial (adj),Alluvial (adj),HEADWORD_WITH_LABEL,HEADWORD_WITH_LABEL
slx_a4f97e69af9c9a30,42951,Alluvium (pl.alluvia),,,English → Sindhi,ڪچو، ريت، لٽ,english,English → Sindhi,alluvium pl alluvia,ڪچو ريت لٽ,,SindhiLanguage.org,https://sindhilanguage.org/,Amar Fayaz Buriro (امر فياض ٻرڙو),Alluvium (pl.alluvia),Alluvium (pl.alluvia),HEADWORD_WITH_LABEL,HEADWORD_WITH_LABEL
slx_7f6bc825b89bda54,42998,Alumnus (pl alumni),,,English → Sindhi,مدرسي يا يونيورسٽيءَ جو سَندَ يافته شاگرد,english,English → Sindhi,alumnus pl alumni,مدرسي يا يونيورسٽيء جو سند يافته شاگرد,,SindhiLanguage.org,https://sindhilanguage.org/,Amar Fayaz Buriro (امر فياض ٻرڙو),Alumnus (pl alumni),Alumnus (pl alumni),HEADWORD_WITH_LABEL,HEADWORD_WITH_LABEL
slx_89b4943a511e3022,43000,Am (v),,,English → Sindhi,آهيان، (مان) آهيان,english,English → Sindhi,am v,آهيان مان آهيان,,SindhiLanguage.org,https://sindhilanguage.org/,Amar Fayaz Buriro (امر فياض ٻرڙو),Am (v),Am (v),HEADWORD_WITH_LABEL,HEADWORD_WITH_LABEL
slx_1026b5c0407f9900,43003,Amalgam (me),,,English → Sindhi,ميل، مليل ڌاتو، ٻن يا وڌيڪ ڌاتن جو ميل,english,English → Sindhi,amalgam me,ميل مليل ڌاتو ٻن يا وڌيڪ ڌاتن جو ميل,,SindhiLanguage.org,https://sindhilanguage.org/,Amar Fayaz Buriro (امر فياض ٻرڙو),Amalgam (me),Amalgam (me),HEADWORD_WITH_LABEL,HEADWORD_WITH_LABEL
slx_871fd2e92584918d,43059,Amid (Amidst),,,English → Sindhi,وچ ۾، درميان، منجهه,english,English → Sindhi,amid amidst,وچ درميان منجهه,,SindhiLanguage.org,https://sindhilanguage.org/,Amar Fayaz Buriro (امر فياض ٻرڙو),Amid (Amidst),Amid (Amidst),HEADWORD_WITH_LABEL,HEADWORD_WITH_LABEL
slx_0e11880b53d25c6b,43067,Among (amongst),,,English → Sindhi,وچ ۾، منجهه، مليل,english,English → Sindhi,among amongst,وچ منجهه مليل,,SindhiLanguage.org,https://sindhilanguage.org/,Amar Fayaz Buriro (امر فياض ٻرڙو),Among (amongst),Among (amongst),HEADWORD_WITH_LABEL,HEADWORD_WITH_LABEL
slx_977935ef9a986d76,43118,Anchorite (Anchorate),,,English → Sindhi,زاهد، گوشھ نشين، ويراڳي، سنياسي,english,English → Sindhi,anchorite anchorate,زاهد گوشھ نشين ويراڳي سنياسي,,SindhiLanguage.org,https://sindhilanguage.org/,Amar Fayaz Buriro (امر فياض ٻرڙو),Anchorite (Anchorate),Anchorite (Anchorate),HEADWORD_WITH_LABEL,HEADWORD_WITH_LABEL
slx_8abdb0e7bc0a7735,43135,Angle (n),,,English → Sindhi,ڪنڊ، ڪنڍي (مڇي ڦاسائڻ جي),english,English → Sindhi,angle n,ڪنڊ ڪنڍي مڇي ڦاسائڻ جي,,SindhiLanguage.org,https://sindhilanguage.org/,Amar Fayaz Buriro (امر فياض ٻرڙو),Angle (n),Angle (n),HEADWORD_WITH_LABEL,HEADWORD_WITH_LABEL
slx_813927c4fa600bfe,43136,Angle (v),,,English → Sindhi,ڪنڍيءَ سان مڇي ڦاسائڻ، ڄار پکيڙڻ,english,English → Sindhi,angle v,ڪنڍيء سان مڇي ڦاسائڻ ڄار پکيڙڻ,,SindhiLanguage.org,https://sindhilanguage.org/,Amar Fayaz Buriro (امر فياض ٻرڙو),Angle (v),Angle (v),HEADWORD_WITH_LABEL,HEADWORD_WITH_LABEL
slx_e9c56189bdab3320,43156,Animate (n),,,English → Sindhi,جانور، ساهه وارو، زنده,english,English → Sindhi,animate n,جانور ساهه وارو زنده,,SindhiLanguage.org,https://sindhilanguage.org/,Amar Fayaz Buriro (امر فياض ٻرڙو),Animate (n),Animate (n),HEADWORD_WITH_LABEL,HEADWORD_WITH_LABEL
slx_ad708ec54e41a206,43157,Animate (v),,,English → Sindhi,زنده ڪرڻ، همٿائڻ، سرهو ڪرڻ,english,English → Sindhi,animate v,زنده ڪرڻ همٿائڻ سرهو ڪرڻ,,SindhiLanguage.org,https://sindhilanguage.org/,Amar Fayaz Buriro (امر فياض ٻرڙو),Animate (v),Animate (v),HEADWORD_WITH_LABEL,HEADWORD_WITH_LABEL
slx_c031af263b95d048,43171,Annals (pl.),,,English → Sindhi,تاريخ، اِتهاس,english,English → Sindhi,annals pl,تاريخ اتهاس,,SindhiLanguage.org,https://sindhilanguage.org/,Amar Fayaz Buriro (امر فياض ٻرڙو),Annals (pl.),Annals (pl.),HEADWORD_WITH_LABEL,HEADWORD_WITH_LABEL
slx_34db8f1fd18d399e,43214,Answer (n),,,English → Sindhi,جواب، ورندي، اُتر، حل,english,English → Sindhi,answer n,جواب ورندي اتر حل,,SindhiLanguage.org,https://sindhilanguage.org/,Amar Fayaz Buriro (امر فياض ٻرڙو),Answer (n),Answer (n),HEADWORD_WITH_LABEL,HEADWORD_WITH_LABEL
slx_6ce5a385bb8433bc,43215,Answer (v),,,English → Sindhi,جواب، ڏيڻ، ورندي ڏيڻ، حل ڳولڻ,english,English → Sindhi,answer v,جواب ڏيڻ ورندي ڏيڻ حل ڳولڻ,,SindhiLanguage.org,https://sindhilanguage.org/,Amar Fayaz Buriro (امر فياض ٻرڙو),Answer (v),Answer (v),HEADWORD_WITH_LABEL,HEADWORD_WITH_LABEL
slx_0ab9d00591953f06,43217,Ant (white Ant),,,English → Sindhi,ڪيئلي، ماڪوڙي، (اُڏيهي),english,English → Sindhi,ant white ant,ڪيئلي ماڪوڙي اڏيهي,,SindhiLanguage.org,https://sindhilanguage.org/,Amar Fayaz Buriro (امر فياض ٻرڙو),Ant (white Ant),Ant (white Ant),HEADWORD_WITH_LABEL,HEADWORD_WITH_LABEL
slx_88b224ca06c7ae28,43274,Apathetic (Apathetical),,,English → Sindhi,بي درد، مرده دل، سرد مزاج، بي پرواه,english,English → Sindhi,apathetic apathetical,بي درد مرده دل سرد مزاج بي پرواه,,SindhiLanguage.org,https://sindhilanguage.org/,Amar Fayaz Buriro (امر فياض ٻرڙو),Apathetic (Apathetical),Apathetic (Apathetical),HEADWORD_WITH_LABEL,HEADWORD_WITH_LABEL
slx_830b800814abe4cf,43276,Ape (n),,,English → Sindhi,باندر,english,English → Sindhi,ape n,باندر,,SindhiLanguage.org,https://sindhilanguage.org/,Amar Fayaz Buriro (امر فياض ٻرڙو),Ape (n),Ape (n),HEADWORD_WITH_LABEL,HEADWORD_WITH_LABEL
slx_f2cd3f8ce90a292a,43277,Ape (v),,,English → Sindhi,نقل ڪرڻ، ريس ڪرڻ، چٻرا ڪڍائڻ,english,English → Sindhi,ape v,نقل ڪرڻ ريس ڪرڻ چٻرا ڪڍائڻ,,SindhiLanguage.org,https://sindhilanguage.org/,Amar Fayaz Buriro (امر فياض ٻرڙو),Ape (v),Ape (v),HEADWORD_WITH_LABEL,HEADWORD_WITH_LABEL
slx_6888db0289fabeb1,43278,Apepsy (Apepsia),,,English → Sindhi,بدهاضمو، هاضمي جي قوت ختم ٿي وڃڻ,english,English → Sindhi,apepsy apepsia,بدهاضمو هاضمي جي قوت ختم ٿي وڃڻ,,SindhiLanguage.org,https://sindhilanguage.org/,Amar Fayaz Buriro (امر فياض ٻرڙو),Apepsy (Apepsia),Apepsy (Apepsia),HEADWORD_WITH_LABEL,HEADWORD_WITH_LABEL
slx_5c6add1fe2141291,43284,Aphonia (ony),,,English → Sindhi,آواز نه هجڻ، گونگائي,english,English → Sindhi,aphonia ony,آواز نه هجڻ گونگائي,,SindhiLanguage.org,https://sindhilanguage.org/,Amar Fayaz Buriro (امر فياض ٻرڙو),Aphonia (ony),Aphonia (ony),HEADWORD_WITH_LABEL,HEADWORD_WITH_LABEL
slx_30a76ac8139afbae,43305,Appal (appall),,,English → Sindhi,خوف زده ڪرڻ، ڊيڄارڻ,english,English → Sindhi,appal appall,خوف زده ڪرڻ ڊيڄارڻ,,SindhiLanguage.org,https://sindhilanguage.org/,Amar Fayaz Buriro (امر فياض ٻرڙو),Appal (appall),Appal (appall),HEADWORD_WITH_LABEL,HEADWORD_WITH_LABEL
slx_1d43c032fbeddb05,43313,Appeal (n),,,English → Sindhi,اپيل، عرض، فرياد,english,English → Sindhi,appeal n,اپيل عرض فرياد,,SindhiLanguage.org,https://sindhilanguage.org/,Amar Fayaz Buriro (امر فياض ٻرڙو),Appeal (n),Appeal (n),HEADWORD_WITH_LABEL,HEADWORD_WITH_LABEL
slx_387a6bbd90361f27,43314,Appeal (v),,,English → Sindhi,اپيل ڪرڻ، عرض ڪرڻ، فرياد ڪرڻ، دل سان لڳڻ,english,English → Sindhi,appeal v,اپيل ڪرڻ عرض ڪرڻ فرياد ڪرڻ دل سان لڳڻ,,SindhiLanguage.org,https://sindhilanguage.org/,Amar Fayaz Buriro (امر فياض ٻرڙو),Appeal (v),Appeal (v),HEADWORD_WITH_LABEL,HEADWORD_WITH_LABEL
slx_65df5e543196e844,43329,Appetenced (cy),,,English → Sindhi,اشتياق، لاڙو، رغبت,english,English → Sindhi,appetenced cy,اشتياق لاڙو رغبت,,SindhiLanguage.org,https://sindhilanguage.org/,Amar Fayaz Buriro (امر فياض ٻرڙو),Appetenced (cy),Appetenced (cy),HEADWORD_WITH_LABEL,HEADWORD_WITH_LABEL
slx_5344dbc3f7c61582,43339,Applicability (Applicableness),,,English → Sindhi,لاڳو ٿيڻ، لائق هئڻ، مناسبت، موافقت,english,English → Sindhi,applicability applicableness,لاڳو ٿيڻ لائق هئڻ مناسبت موافقت,,SindhiLanguage.org,https://sindhilanguage.org/,Amar Fayaz Buriro (امر فياض ٻرڙو),Applicability (Applicableness),Applicability (Applicableness),HEADWORD_WITH_LABEL,HEADWORD_WITH_LABEL
slx_4f418ba261f809b0,43366,Approach (v),,,English → Sindhi,ويجهو اچڻ، عرض ڪرڻ,english,English → Sindhi,approach v,ويجهو اچڻ عرض ڪرڻ,,SindhiLanguage.org,https://sindhilanguage.org/,Amar Fayaz Buriro (امر فياض ٻرڙو),Approach (v),Approach (v),HEADWORD_WITH_LABEL,HEADWORD_WITH_LABEL
slx_a87603ab19db6c89,43367,Approach (n),,,English → Sindhi,رسائي، پهچ، لنگهه,english,English → Sindhi,approach n,رسائي پهچ لنگهه,,SindhiLanguage.org,https://sindhilanguage.org/,Amar Fayaz Buriro (امر فياض ٻرڙو),Approach (n),Approach (n),HEADWORD_WITH_LABEL,HEADWORD_WITH_LABEL
slx_ce11f764f2f90c32,43371,Appropriate (a),,,English → Sindhi,واجب، معقول، پورو، صحيح، خاص,english,English → Sindhi,appropriate a,واجب معقول پورو صحيح خاص,,SindhiLanguage.org,https://sindhilanguage.org/,Amar Fayaz Buriro (امر فياض ٻرڙو),Appropriate (a),Appropriate (a),HEADWORD_WITH_LABEL,HEADWORD_WITH_LABEL
slx_4fd55dec63944725,43372,Appropriate (v),,,English → Sindhi,پنهنجي قبضي ۾ آڻڻ، مخصوص ڪرڻ، وقف ڪرڻ,english,English → Sindhi,appropriate v,پنهنجي قبضي آڻڻ مخصوص ڪرڻ وقف ڪرڻ,,SindhiLanguage.org,https://sindhilanguage.org/,Amar Fayaz Buriro (امر فياض ٻرڙو),Appropriate (v),Appropriate (v),HEADWORD_WITH_LABEL,HEADWORD_WITH_LABEL
slx_446ccc74deccfd62,43389,Aptness (aptitude),,,English → Sindhi,معقوليت، ميلان، لياقت، تيز فهمي,english,English → Sindhi,aptness aptitude,معقوليت ميلان لياقت تيز فهمي,,SindhiLanguage.org,https://sindhilanguage.org/,Amar Fayaz Buriro (امر فياض ٻرڙو),Aptness (aptitude),Aptness (aptitude),HEADWORD_WITH_LABEL,HEADWORD_WITH_LABEL
slx_b0933080ff4255c6,43438,Are (n),,,English → Sindhi,آهن، آهيو، آهيون,english,English → Sindhi,are n,آهن آهيو آهيون,,SindhiLanguage.org,https://sindhilanguage.org/,Amar Fayaz Buriro (امر فياض ٻرڙو),Are (n),Are (n),HEADWORD_WITH_LABEL,HEADWORD_WITH_LABEL
slx_942c7515761674e4,43440,Area (Area –nut),,,English → Sindhi,سوپاريءَ جو وڻ، (سوپاري، تڙ),english,English → Sindhi,area area nut,سوپاريء جو وڻ سوپاري تڙ,,SindhiLanguage.org,https://sindhilanguage.org/,Amar Fayaz Buriro (امر فياض ٻرڙو),Area (Area –nut),Area (Area –nut),HEADWORD_WITH_LABEL,HEADWORD_WITH_LABEL
slx_ad4811e85c2c000a,43457,Aridity (ardiness),,,English → Sindhi,غيرآبادي، خشڪي، سوڪڙ,english,English → Sindhi,aridity ardiness,غيرآبادي خشڪي سوڪڙ,,SindhiLanguage.org,https://sindhilanguage.org/,Amar Fayaz Buriro (امر فياض ٻرڙو),Aridity (ardiness),Aridity (ardiness),HEADWORD_WITH_LABEL,HEADWORD_WITH_LABEL
slx_8c9c7bd58a20dfd0,43478,Arms (pl.),,,English → Sindhi,هٿيار,english,English → Sindhi,arms pl,هٿيار,,SindhiLanguage.org,https://sindhilanguage.org/,Amar Fayaz Buriro (امر فياض ٻرڙو),Arms (pl.),Arms (pl.),HEADWORD_WITH_LABEL,HEADWORD_WITH_LABEL
slx_8811803990064ba4,43512,Art (n),,,English → Sindhi,صنعت، هنر، فن، علم، ڌنڌو، حرفت، تدبير,english,English → Sindhi,art n,صنعت هنر فن علم ڌنڌو حرفت تدبير,,SindhiLanguage.org,https://sindhilanguage.org/,Amar Fayaz Buriro (امر فياض ٻرڙو),Art (n),Art (n),HEADWORD_WITH_LABEL,HEADWORD_WITH_LABEL
slx_3f96827713bf805a,43530,Artistic (artistical),,,English → Sindhi,صنعتي، ڪاريگريءَ جو، عمدو,english,English → Sindhi,artistic artistical,صنعتي ڪاريگريء جو عمدو,,SindhiLanguage.org,https://sindhilanguage.org/,Amar Fayaz Buriro (امر فياض ٻرڙو),Artistic (artistical),Artistic (artistical),HEADWORD_WITH_LABEL,HEADWORD_WITH_LABEL
slx_9164b7d011071b58,43544,Ascendant (Ascendent),,,English → Sindhi,بلند، اوچو، بالا، اعليٰ، برتري، ترجيح، شرف,english,English → Sindhi,ascendant ascendent,بلند اوچو بالا اعلي برتري ترجيح شرف,,SindhiLanguage.org,https://sindhilanguage.org/,Amar Fayaz Buriro (امر فياض ٻرڙو),Ascendant (Ascendent),Ascendant (Ascendent),HEADWORD_WITH_LABEL,HEADWORD_WITH_LABEL
slx_bf0c94e067dc7093,43571,Bolt (n),,,English → Sindhi,تير، بجلي، وڄ، در جي تاڙي يا ڪڙو,english,English → Sindhi,bolt n,تير بجلي وڄ در جي تاڙي يا ڪڙو,,SindhiLanguage.org,https://sindhilanguage.org/,Amar Fayaz Buriro (امر فياض ٻرڙو),Bolt (n),Bolt (n),HEADWORD_WITH_LABEL,HEADWORD_WITH_LABEL
slx_b288c7b578b28b56,43572,Bolt (v),,,English → Sindhi,اُٿي ڀڄڻ، تاڙي يا ڪڙو پائڻ,english,English → Sindhi,bolt v,اٿي ڀڄڻ تاڙي يا ڪڙو پائڻ,,SindhiLanguage.org,https://sindhilanguage.org/,Amar Fayaz Buriro (امر فياض ٻرڙو),Bolt (v),Bolt (v),HEADWORD_WITH_LABEL,HEADWORD_WITH_LABEL
slx_50fe06ff38ace442,43575,Bomb (bomb-shell),,,English → Sindhi,بم گولو,english,English → Sindhi,bomb bomb shell,بم گولو,,SindhiLanguage.org,https://sindhilanguage.org/,Amar Fayaz Buriro (امر فياض ٻرڙو),Bomb (bomb-shell),Bomb (bomb-shell),HEADWORD_WITH_LABEL,HEADWORD_WITH_LABEL
slx_4cab4b36d628d633,43593,Booby (boobish),,,English → Sindhi,بيوقوف، احمق، ڳنوار، اناڙي,english,English → Sindhi,booby boobish,بيوقوف احمق ڳنوار اناڙي,,SindhiLanguage.org,https://sindhilanguage.org/,Amar Fayaz Buriro (امر فياض ٻرڙو),Booby (boobish),Booby (boobish),HEADWORD_WITH_LABEL,HEADWORD_WITH_LABEL
slx_3237cb44ed54125b,43602,Boon (n),,,English → Sindhi,استدعا، بخشش، برڪت؛ نعمت، فائدو,english,English → Sindhi,boon n,استدعا بخشش برڪت نعمت فائدو,,SindhiLanguage.org,https://sindhilanguage.org/,Amar Fayaz Buriro (امر فياض ٻرڙو),Boon (n),Boon (n),HEADWORD_WITH_LABEL,HEADWORD_WITH_LABEL
slx_b884e31ac56838d5,43603,Boon (a),,,English → Sindhi,خوش طبع، فياض، مهربان,english,English → Sindhi,boon a,خوش طبع فياض مهربان,,SindhiLanguage.org,https://sindhilanguage.org/,Amar Fayaz Buriro (امر فياض ٻرڙو),Boon (a),Boon (a),HEADWORD_WITH_LABEL,HEADWORD_WITH_LABEL
slx_fa67070a189b1cae,43614,Border (n),,,English → Sindhi,ڪنارو، حد، حاشي، مغزي,english,English → Sindhi,border n,ڪنارو حد حاشي مغزي,,SindhiLanguage.org,https://sindhilanguage.org/,Amar Fayaz Buriro (امر فياض ٻرڙو),Border (n),Border (n),HEADWORD_WITH_LABEL,HEADWORD_WITH_LABEL
slx_db55c69d4bfdf254,43616,Bore (n),,,English → Sindhi,سوراخ، ڪڪ ڪندڙ، دق ڪندڙ، بندوق جي نالي,english,English → Sindhi,bore n,سوراخ ڪڪ ڪندڙ دق ڪندڙ بندوق جي نالي,,SindhiLanguage.org,https://sindhilanguage.org/,Amar Fayaz Buriro (امر فياض ٻرڙو),Bore (n),Bore (n),HEADWORD_WITH_LABEL,HEADWORD_WITH_LABEL
slx_c184da64e14e3e26,43617,Bore (v),,,English → Sindhi,سوراخ ڪرڻ، تنگ ڪرڻ، دق ڪرڻ,english,English → Sindhi,bore v,سوراخ ڪرڻ تنگ ڪرڻ دق ڪرڻ,,SindhiLanguage.org,https://sindhilanguage.org/,Amar Fayaz Buriro (امر فياض ٻرڙو),Bore (v),Bore (v),HEADWORD_WITH_LABEL,HEADWORD_WITH_LABEL
slx_4ca35885d6305a55,43622,Borings (pl.),,,English → Sindhi,سل ڪڍڻ ۾ جيڪو ٻوُرو نڪري,english,English → Sindhi,borings pl,سل ڪڍڻ جيڪو ٻورو نڪري,,SindhiLanguage.org,https://sindhilanguage.org/,Amar Fayaz Buriro (امر فياض ٻرڙو),Borings (pl.),Borings (pl.),HEADWORD_WITH_LABEL,HEADWORD_WITH_LABEL
slx_4493beb0f9c121b0,43654,Askance (Askant),,,English → Sindhi,ٽيڙو، ڏنگو، ترڇي نظر سان، شڪ سان,english,English → Sindhi,askance askant,ٽيڙو ڏنگو ترڇي نظر سان شڪ سان,,SindhiLanguage.org,https://sindhilanguage.org/,Amar Fayaz Buriro (امر فياض ٻرڙو),Askance (Askant),Askance (Askant),HEADWORD_WITH_LABEL,HEADWORD_WITH_LABEL
slx_82463c75b2bb31f0,43693,Assertive (assertor),,,English → Sindhi,پڪ سان چوڻ وارو، يقين سان چوڻ وارو,english,English → Sindhi,assertive assertor,پڪ سان چوڻ وارو يقين سان چوڻ وارو,,SindhiLanguage.org,https://sindhilanguage.org/,Amar Fayaz Buriro (امر فياض ٻرڙو),Assertive (assertor),Assertive (assertor),HEADWORD_WITH_LABEL,HEADWORD_WITH_LABEL
slx_190187f66ee9ebf8,43755,At (prep),,,English → Sindhi,۾، تي، ڏي، حالت ۾، وٽ، مهل، کان,english,English → Sindhi,at prep,تي ڏي حالت وٽ مهل کان,,SindhiLanguage.org,https://sindhilanguage.org/,Amar Fayaz Buriro (امر فياض ٻرڙو),At (prep),At (prep),HEADWORD_WITH_LABEL,HEADWORD_WITH_LABEL
slx_3a5ebda213b9ffc1,43766,Athwart (prep.),,,English → Sindhi,آرپار، وچ مان، پاسيرو، غلط نموني سان,english,English → Sindhi,athwart prep,آرپار وچ مان پاسيرو غلط نموني سان,,SindhiLanguage.org,https://sindhilanguage.org/,Amar Fayaz Buriro (امر فياض ٻرڙو),Athwart (prep.),Athwart (prep.),HEADWORD_WITH_LABEL,HEADWORD_WITH_LABEL
slx_4f5ce0b22b9dacda,43777,Atrociousness (Atrocity),,,English → Sindhi,خباثت، بد ذاتي، وحشت,english,English → Sindhi,atrociousness atrocity,خباثت بد ذاتي وحشت,,SindhiLanguage.org,https://sindhilanguage.org/,Amar Fayaz Buriro (امر فياض ٻرڙو),Atrociousness (Atrocity),Atrociousness (Atrocity),HEADWORD_WITH_LABEL,HEADWORD_WITH_LABEL
slx_85ace56df3d8af2f,43922,Asix (pl.Axes),,,English → Sindhi,محور، دُري، مرڪزي نقطو,english,English → Sindhi,asix pl axes,محور دري مرڪزي نقطو,,SindhiLanguage.org,https://sindhilanguage.org/,Amar Fayaz Buriro (امر فياض ٻرڙو),Asix (pl.Axes),Asix (pl.Axes),HEADWORD_WITH_LABEL,HEADWORD_WITH_LABEL
slx_83b1a11bd17ac989,43923,Axle (Axletree),,,English → Sindhi,سرائي، سيخ، جنهن تي ڦيٿو گهمي,english,English → Sindhi,axle axletree,سرائي سيخ جنهن تي ڦيٿو گهمي,,SindhiLanguage.org,https://sindhilanguage.org/,Amar Fayaz Buriro (امر فياض ٻرڙو),Axle (Axletree),Axle (Axletree),HEADWORD_WITH_LABEL,HEADWORD_WITH_LABEL
slx_fcb98e32b387bee5,43926,Azimuth (n),,,English → Sindhi,مٿانهينءَ طرف رستو، افقي رستو,english,English → Sindhi,azimuth n,مٿانهينء طرف رستو افقي رستو,,SindhiLanguage.org,https://sindhilanguage.org/,Amar Fayaz Buriro (امر فياض ٻرڙو),Azimuth (n),Azimuth (n),HEADWORD_WITH_LABEL,HEADWORD_WITH_LABEL
slx_98983d09b5751345,43935,Babe (Baby),,,English → Sindhi,ٻچو، ٻار، الڙ، معصوم,english,English → Sindhi,babe baby,ٻچو ٻار الڙ معصوم,,SindhiLanguage.org,https://sindhilanguage.org/,Amar Fayaz Buriro (امر فياض ٻرڙو),Babe (Baby),Babe (Baby),HEADWORD_WITH_LABEL,HEADWORD_WITH_LABEL
slx_f22c71d0e6687ef4,43940,Bachelor-hood (ship),,,English → Sindhi,ڇڙايپ، ڪنوار پڻو,english,English → Sindhi,bachelor hood ship,ڇڙايپ ڪنوار پڻو,,SindhiLanguage.org,https://sindhilanguage.org/,Amar Fayaz Buriro (امر فياض ٻرڙو),Bachelor-hood (ship),Bachelor-hood (ship),HEADWORD_WITH_LABEL,HEADWORD_WITH_LABEL
slx_4681101f0f00aacc,43941,Back (n),,,English → Sindhi,پُٺ، پُٺا، پُشت,english,English → Sindhi,back n,پٺ پٺا پشت,,SindhiLanguage.org,https://sindhilanguage.org/,Amar Fayaz Buriro (امر فياض ٻرڙو),Back (n),Back (n),HEADWORD_WITH_LABEL,HEADWORD_WITH_LABEL
slx_41b13ae828663edf,43942,Back (v),,,English → Sindhi,پوئتي هٽڻ، مدد ڪرڻ، پٺ ڀرائي ڪرڻ,english,English → Sindhi,back v,پوئتي هٽڻ مدد ڪرڻ پٺ ڀرائي ڪرڻ,,SindhiLanguage.org,https://sindhilanguage.org/,Amar Fayaz Buriro (امر فياض ٻرڙو),Back (v),Back (v),HEADWORD_WITH_LABEL,HEADWORD_WITH_LABEL
slx_1942433fe6639be4,43969,Bail (n),,,English → Sindhi,بالٽي، ڏول,english,English → Sindhi,bail n,بالٽي ڏول,,SindhiLanguage.org,https://sindhilanguage.org/,Amar Fayaz Buriro (امر فياض ٻرڙو),Bail (n),Bail (n),HEADWORD_WITH_LABEL,HEADWORD_WITH_LABEL
slx_bb4b017f79ff200d,43970,Bail (v),,,English → Sindhi,ضمانت، ضمانت تي آزاد ڪرڻ,english,English → Sindhi,bail v,ضمانت ضمانت تي آزاد ڪرڻ,,SindhiLanguage.org,https://sindhilanguage.org/,Amar Fayaz Buriro (امر فياض ٻرڙو),Bail (v),Bail (v),HEADWORD_WITH_LABEL,HEADWORD_WITH_LABEL
slx_b5a487ccb60f1d58,43975,Baker (baking),,,English → Sindhi,پچائيندڙ، نانوائي,english,English → Sindhi,baker baking,پچائيندڙ نانوائي,,SindhiLanguage.org,https://sindhilanguage.org/,Amar Fayaz Buriro (امر فياض ٻرڙو),Baker (baking),Baker (baking),HEADWORD_WITH_LABEL,HEADWORD_WITH_LABEL
slx_3117ec60b0f80f03,43978,Balance (n),,,English → Sindhi,توازن، تور، بقايا ، تارازي، برابري,english,English → Sindhi,balance n,توازن تور بقايا تارازي برابري,,SindhiLanguage.org,https://sindhilanguage.org/,Amar Fayaz Buriro (امر فياض ٻرڙو),Balance (n),Balance (n),HEADWORD_WITH_LABEL,HEADWORD_WITH_LABEL
slx_8cfd65e88dd73b54,43979,Balance (v),,,English → Sindhi,تورڻ، هموزن ڪرڻ، برابر ڪرڻ,english,English → Sindhi,balance v,تورڻ هموزن ڪرڻ برابر ڪرڻ,,SindhiLanguage.org,https://sindhilanguage.org/,Amar Fayaz Buriro (امر فياض ٻرڙو),Balance (v),Balance (v),HEADWORD_WITH_LABEL,HEADWORD_WITH_LABEL
slx_a71d14feb31f70bf,43985,Balk (n),,,English → Sindhi,ٺوڪر، رنڊڪ، نااميدي,english,English → Sindhi,balk n,ٺوڪر رنڊڪ نااميدي,,SindhiLanguage.org,https://sindhilanguage.org/,Amar Fayaz Buriro (امر فياض ٻرڙو),Balk (n),Balk (n),HEADWORD_WITH_LABEL,HEADWORD_WITH_LABEL
slx_889fe54542f6e36c,43986,Balk (v),,,English → Sindhi,ٺوڪر هڻڻ، رنڊائڻ,english,English → Sindhi,balk v,ٺوڪر هڻڻ رنڊائڻ,,SindhiLanguage.org,https://sindhilanguage.org/,Amar Fayaz Buriro (امر فياض ٻرڙو),Balk (v),Balk (v),HEADWORD_WITH_LABEL,HEADWORD_WITH_LABEL
slx_4d631e4628b40af5,44009,Bandoleer (ier),,,English → Sindhi,ڪلهي جو پٽو، توشدان، ڪارتوُسن جو پٽو,english,English → Sindhi,bandoleer ier,ڪلهي جو پٽو توشدان ڪارتوسن جو پٽو,,SindhiLanguage.org,https://sindhilanguage.org/,Amar Fayaz Buriro (امر فياض ٻرڙو),Bandoleer (ier),Bandoleer (ier),HEADWORD_WITH_LABEL,HEADWORD_WITH_LABEL
slx_7c439c30f94eeaee,44013,Bang (n),,,English → Sindhi,ٺڪاءُ، ڀڙڪو، بندوق جو آواز، ٺؤنشو,english,English → Sindhi,bang n,ٺڪاء ڀڙڪو بندوق جو آواز ٺؤنشو,,SindhiLanguage.org,https://sindhilanguage.org/,Amar Fayaz Buriro (امر فياض ٻرڙو),Bang (n),Bang (n),HEADWORD_WITH_LABEL,HEADWORD_WITH_LABEL
slx_e3ff8f7b932fe10c,44014,Bang (v),,,English → Sindhi,ٺوڪڻ، زور سان بند ڪرڻ,english,English → Sindhi,bang v,ٺوڪڻ زور سان بند ڪرڻ,,SindhiLanguage.org,https://sindhilanguage.org/,Amar Fayaz Buriro (امر فياض ٻرڙو),Bang (v),Bang (v),HEADWORD_WITH_LABEL,HEADWORD_WITH_LABEL
slx_42334fefe5a91629,44016,Banyan (banian),,,English → Sindhi,بڙ جو وڻ، گنجي، بنيان، واڻيو,english,English → Sindhi,banyan banian,بڙ جو وڻ گنجي بنيان واڻيو,,SindhiLanguage.org,https://sindhilanguage.org/,Amar Fayaz Buriro (امر فياض ٻرڙو),Banyan (banian),Banyan (banian),HEADWORD_WITH_LABEL,HEADWORD_WITH_LABEL
slx_8c6ee212722e30da,44049,Bark (n),,,English → Sindhi,ڀؤنڪ (ڪتي جي)، ڇوڏو، ننڍو جهاز,english,English → Sindhi,bark n,ڀؤنڪ ڪتي جي ڇوڏو ننڍو جهاز,,SindhiLanguage.org,https://sindhilanguage.org/,Amar Fayaz Buriro (امر فياض ٻرڙو),Bark (n),Bark (n),HEADWORD_WITH_LABEL,HEADWORD_WITH_LABEL
slx_dfcc642018bfd9c4,44050,Bark (v),,,English → Sindhi,ڀؤنڪڻ، ڇوڏو لاهڻ,english,English → Sindhi,bark v,ڀؤنڪڻ ڇوڏو لاهڻ,,SindhiLanguage.org,https://sindhilanguage.org/,Amar Fayaz Buriro (امر فياض ٻرڙو),Bark (v),Bark (v),HEADWORD_WITH_LABEL,HEADWORD_WITH_LABEL
slx_0bb1bc2bb916e0a6,44069,Base (n),,,English → Sindhi,ترو، بنياد، پايو,english,English → Sindhi,base n,ترو بنياد پايو,,SindhiLanguage.org,https://sindhilanguage.org/,Amar Fayaz Buriro (امر فياض ٻرڙو),Base (n),Base (n),HEADWORD_WITH_LABEL,HEADWORD_WITH_LABEL
slx_5ace628a8b13e254,44070,Base (adj),,,English → Sindhi,گهٽ، ڪم، ڪمينو، نڪمو، کوٽو، نيچ,english,English → Sindhi,base adj,گهٽ ڪم ڪمينو نڪمو کوٽو نيچ,,SindhiLanguage.org,https://sindhilanguage.org/,Amar Fayaz Buriro (امر فياض ٻرڙو),Base (adj),Base (adj),HEADWORD_WITH_LABEL,HEADWORD_WITH_LABEL
slx_7aa5ea05f89e4e09,44091,Bath (n),,,English → Sindhi,تڙ، غسل، سنان,english,English → Sindhi,bath n,تڙ غسل سنان,,SindhiLanguage.org,https://sindhilanguage.org/,Amar Fayaz Buriro (امر فياض ٻرڙو),Bath (n),Bath (n),HEADWORD_WITH_LABEL,HEADWORD_WITH_LABEL
slx_a6db4f7988306c6b,44092,Bathe (v),,,English → Sindhi,وهنجڻ، غسل ڪرڻ، تڙ ڪرڻ,english,English → Sindhi,bathe v,وهنجڻ غسل ڪرڻ تڙ ڪرڻ,,SindhiLanguage.org,https://sindhilanguage.org/,Amar Fayaz Buriro (امر فياض ٻرڙو),Bathe (v),Bathe (v),HEADWORD_WITH_LABEL,HEADWORD_WITH_LABEL
slx_41f467df9adf93a2,44105,Bay (n),,,English → Sindhi,کاري، اپسمنڊ,english,English → Sindhi,bay n,کاري اپسمنڊ,,SindhiLanguage.org,https://sindhilanguage.org/,Amar Fayaz Buriro (امر فياض ٻرڙو),Bay (n),Bay (n),HEADWORD_WITH_LABEL,HEADWORD_WITH_LABEL
slx_d34d84401e1897e6,44106,Bay (n&v),,,English → Sindhi,ڪتي جي ڀؤنڪ، ڀؤنڪڻ,english,English → Sindhi,bay n v,ڪتي جي ڀؤنڪ ڀؤنڪڻ,,SindhiLanguage.org,https://sindhilanguage.org/,Amar Fayaz Buriro (امر فياض ٻرڙو),Bay (n&v),Bay (n&v),HEADWORD_WITH_LABEL,HEADWORD_WITH_LABEL
slx_dfd2bdfa8e1e4177,44107,Bay (horse),,,English → Sindhi,ڪميت (گهوڙو),english,English → Sindhi,bay horse,ڪميت گهوڙو,,SindhiLanguage.org,https://sindhilanguage.org/,Amar Fayaz Buriro (امر فياض ٻرڙو),Bay (horse),Bay (horse),HEADWORD_WITH_LABEL,HEADWORD_WITH_LABEL
slx_14d5e27bf305b614,44119,Beam (n),,,English → Sindhi,شهتير، تير، ساهميءَ جو ڏنڊو، ترورو، شعاع,english,English → Sindhi,beam n,شهتير تير ساهميء جو ڏنڊو ترورو شعاع,,SindhiLanguage.org,https://sindhilanguage.org/,Amar Fayaz Buriro (امر فياض ٻرڙو),Beam (n),Beam (n),HEADWORD_WITH_LABEL,HEADWORD_WITH_LABEL
slx_6804338586186a59,44120,Beam (v),,,English → Sindhi,چمڪڻ، ٽمڪڻ، ٻهڪڻ,english,English → Sindhi,beam v,چمڪڻ ٽمڪڻ ٻهڪڻ,,SindhiLanguage.org,https://sindhilanguage.org/,Amar Fayaz Buriro (امر فياض ٻرڙو),Beam (v),Beam (v),HEADWORD_WITH_LABEL,HEADWORD_WITH_LABEL
slx_0b1c33cc9506b72c,44124,Bear (n),,,English → Sindhi,رڇ,english,English → Sindhi,bear n,رڇ,,SindhiLanguage.org,https://sindhilanguage.org/,Amar Fayaz Buriro (امر فياض ٻرڙو),Bear (n),Bear (n),HEADWORD_WITH_LABEL,HEADWORD_WITH_LABEL
slx_6afadee2c511c012,44125,Bear (v),,,English → Sindhi,سهڻ، برداشت ڪرڻ، کڻڻ، جهلڻ، ڄڻڻ، ادا ڪرڻ,english,English → Sindhi,bear v,سهڻ برداشت ڪرڻ کڻڻ جهلڻ ڄڻڻ ادا ڪرڻ,,SindhiLanguage.org,https://sindhilanguage.org/,Amar Fayaz Buriro (امر فياض ٻرڙو),Bear (v),Bear (v),HEADWORD_WITH_LABEL,HEADWORD_WITH_LABEL
slx_833c268a9cce18b8,44150,Beck (n),,,English → Sindhi,اشارو,english,English → Sindhi,beck n,اشارو,,SindhiLanguage.org,https://sindhilanguage.org/,Amar Fayaz Buriro (امر فياض ٻرڙو),Beck (n),Beck (n),HEADWORD_WITH_LABEL,HEADWORD_WITH_LABEL
slx_4c1d9f67c78749fa,44201,Behove (hoove),,,English → Sindhi,مناسب هجڻ، لازم هجڻ، جڳائڻ,english,English → Sindhi,behove hoove,مناسب هجڻ لازم هجڻ جڳائڻ,,SindhiLanguage.org,https://sindhilanguage.org/,Amar Fayaz Buriro (امر فياض ٻرڙو),Behove (hoove),Behove (hoove),HEADWORD_WITH_LABEL,HEADWORD_WITH_LABEL
slx_7a84c0be6d661e7e,44208,Beldam (me),,,English → Sindhi,پوڙهي، ٻڍي، ڪراڙي، ڏائڻ زال,english,English → Sindhi,beldam me,پوڙهي ٻڍي ڪراڙي ڏائڻ زال,,SindhiLanguage.org,https://sindhilanguage.org/,Amar Fayaz Buriro (امر فياض ٻرڙو),Beldam (me),Beldam (me),HEADWORD_WITH_LABEL,HEADWORD_WITH_LABEL
slx_da77df1b5f717bcb,44218,Bell (n),,,English → Sindhi,گهنڊ، گهنڊڻي، گهنگهرو,english,English → Sindhi,bell n,گهنڊ گهنڊڻي گهنگهرو,,SindhiLanguage.org,https://sindhilanguage.org/,Amar Fayaz Buriro (امر فياض ٻرڙو),Bell (n),Bell (n),HEADWORD_WITH_LABEL,HEADWORD_WITH_LABEL
slx_999639dcf060964f,44219,Bell (v),,,English → Sindhi,گهنڊ وڄائڻ، گلي ۾ گهنڊڻي ٻڌڻ,english,English → Sindhi,bell v,گهنڊ وڄائڻ گلي گهنڊڻي ٻڌڻ,,SindhiLanguage.org,https://sindhilanguage.org/,Amar Fayaz Buriro (امر فياض ٻرڙو),Bell (v),Bell (v),HEADWORD_WITH_LABEL,HEADWORD_WITH_LABEL
slx_acf4ea238c0f3dda,44256,Benzoin (oine),,,English → Sindhi,لوبان,english,English → Sindhi,benzoin oine,لوبان,,SindhiLanguage.org,https://sindhilanguage.org/,Amar Fayaz Buriro (امر فياض ٻرڙو),Benzoin (oine),Benzoin (oine),HEADWORD_WITH_LABEL,HEADWORD_WITH_LABEL
slx_a48b4008d32f2928,44291,((At) Best),,,English → Sindhi,عروج تي، تمام چڱي حالت ۾,english,English → Sindhi,at best,عروج تي تمام چڱي حالت,,SindhiLanguage.org,https://sindhilanguage.org/,Amar Fayaz Buriro (امر فياض ٻرڙو),((At) Best),((At) Best),PARENTHETICAL,PARENTHETICAL
slx_a9bf8d2b99e128a4,44300,Bet (N),,,English → Sindhi,شرط,english,English → Sindhi,bet n,شرط,,SindhiLanguage.org,https://sindhilanguage.org/,Amar Fayaz Buriro (امر فياض ٻرڙو),Bet (N),Bet (N),HEADWORD_WITH_LABEL,HEADWORD_WITH_LABEL
slx_2610703caaaf20ff,44301,"Bet, (V)",,,English → Sindhi,شرط لڳائڻ,english,English → Sindhi,bet v,شرط لڳائڻ,,SindhiLanguage.org,https://sindhilanguage.org/,Amar Fayaz Buriro (امر فياض ٻرڙو),"Bet, (V)","Bet, (V)",HEADWORD_WITH_LABEL,HEADWORD_WITH_LABEL
slx_486a708faa76ab18,44303,Betel (Betelleaf),,,English → Sindhi,پان، پان جو پتو,english,English → Sindhi,betel betelleaf,پان پان جو پتو,,SindhiLanguage.org,https://sindhilanguage.org/,Amar Fayaz Buriro (امر فياض ٻرڙو),Betel (Betelleaf),Betel (Betelleaf),HEADWORD_WITH_LABEL,HEADWORD_WITH_LABEL
slx_f4e29995d1891268,44316,(To be) better off,,,English → Sindhi,اڳي کان چڱي حال ۾ هجڻ، خوش حال هجڻ,english,English → Sindhi,to be better off,اڳي کان چڱي حال هجڻ خوش حال هجڻ,,SindhiLanguage.org,https://sindhilanguage.org/,Amar Fayaz Buriro (امر فياض ٻرڙو),(To be) better off,(To be) better off,HEADWORD_WITH_LABEL,HEADWORD_WITH_LABEL
slx_5ee1f0e709eed831,44317,Between (Betwixt),,,English → Sindhi,۾، وچ ۾، درميان ۾، اندر,english,English → Sindhi,between betwixt,وچ درميان اندر,,SindhiLanguage.org,https://sindhilanguage.org/,Amar Fayaz Buriro (امر فياض ٻرڙو),Between (Betwixt),Between (Betwixt),HEADWORD_WITH_LABEL,HEADWORD_WITH_LABEL
slx_969afc407094be1f,44436,Blasphemy (mer),,,English → Sindhi,ڪفر بڪڻ، خدا جي نندا ڪرڻ,english,English → Sindhi,blasphemy mer,ڪفر بڪڻ خدا جي نندا ڪرڻ,,SindhiLanguage.org,https://sindhilanguage.org/,Amar Fayaz Buriro (امر فياض ٻرڙو),Blasphemy (mer),Blasphemy (mer),HEADWORD_WITH_LABEL,HEADWORD_WITH_LABEL
slx_bf6a4a0cb02c8eee,44437,Blast (n),,,English → Sindhi,ڌماڪو، طوفان، جهوٽو هوا جو، ڦوڪ جو آواز,english,English → Sindhi,blast n,ڌماڪو طوفان جهوٽو هوا جو ڦوڪ جو آواز,,SindhiLanguage.org,https://sindhilanguage.org/,Amar Fayaz Buriro (امر فياض ٻرڙو),Blast (n),Blast (n),HEADWORD_WITH_LABEL,HEADWORD_WITH_LABEL
slx_4ec8cc2a7694a634,44470,Blithe (Blithesome),,,English → Sindhi,مسرور، زنده دل، خوش طبع، کل مک,english,English → Sindhi,blithe blithesome,مسرور زنده دل خوش طبع کل مک,,SindhiLanguage.org,https://sindhilanguage.org/,Amar Fayaz Buriro (امر فياض ٻرڙو),Blithe (Blithesome),Blithe (Blithesome),HEADWORD_WITH_LABEL,HEADWORD_WITH_LABEL
slx_f9ba482d3d30dfa4,44475,Block (n),,,English → Sindhi,ٽڪر، اڙ، روڪ، بند، رنڊڪ، ڇاپ، ڪارب، گهرن جي قطار,english,English → Sindhi,block n,ٽڪر اڙ روڪ بند رنڊڪ ڇاپ ڪارب گهرن جي قطار,,SindhiLanguage.org,https://sindhilanguage.org/,Amar Fayaz Buriro (امر فياض ٻرڙو),Block (n),Block (n),HEADWORD_WITH_LABEL,HEADWORD_WITH_LABEL
slx_f4002a3796101a3c,44476,Block (v),,,English → Sindhi,رنڊائڻ، روڪڻ، بند ڪرڻ,english,English → Sindhi,block v,رنڊائڻ روڪڻ بند ڪرڻ,,SindhiLanguage.org,https://sindhilanguage.org/,Amar Fayaz Buriro (امر فياض ٻرڙو),Block (v),Block (v),HEADWORD_WITH_LABEL,HEADWORD_WITH_LABEL
slx_9e496ec1ccbc9ddb,44496,Blow (n),,,English → Sindhi,ٺونشو، مڪ، صدمو، هوا جو جهوٽو، ڦوڪ,english,English → Sindhi,blow n,ٺونشو مڪ صدمو هوا جو جهوٽو ڦوڪ,,SindhiLanguage.org,https://sindhilanguage.org/,Amar Fayaz Buriro (امر فياض ٻرڙو),Blow (n),Blow (n),HEADWORD_WITH_LABEL,HEADWORD_WITH_LABEL
slx_ee6b8c7063d262c0,44497,Blow (v),,,English → Sindhi,هوا ڏيڻ، ڦوڪ ڏيڻ,english,English → Sindhi,blow v,هوا ڏيڻ ڦوڪ ڏيڻ,,SindhiLanguage.org,https://sindhilanguage.org/,Amar Fayaz Buriro (امر فياض ٻرڙو),Blow (v),Blow (v),HEADWORD_WITH_LABEL,HEADWORD_WITH_LABEL
slx_7aeb81fbe91d88d0,44498,(To) Blow over,,,English → Sindhi,پورو ٿيڻ، بس ٿيڻ، ٽري وڃڻ,english,English → Sindhi,to blow over,پورو ٿيڻ بس ٿيڻ ٽري وڃڻ,,SindhiLanguage.org,https://sindhilanguage.org/,Amar Fayaz Buriro (امر فياض ٻرڙو),(To) Blow over,(To) Blow over,HEADWORD_WITH_LABEL,HEADWORD_WITH_LABEL
slx_5751f3208ad6066b,44499,(To blow one’s trumpet),,,English → Sindhi,پنهنجي ساراهه ڪرڻ,english,English → Sindhi,to blow one s trumpet,پنهنجي ساراهه ڪرڻ,,SindhiLanguage.org,https://sindhilanguage.org/,Amar Fayaz Buriro (امر فياض ٻرڙو),(To blow one’s trumpet),(To blow one’s trumpet),PARENTHETICAL,PARENTHETICAL
slx_78df48a72d98f63a,44505,Blunder (n),,,English → Sindhi,وڏي خطا، غلطي، چوڪ,english,English → Sindhi,blunder n,وڏي خطا غلطي چوڪ,,SindhiLanguage.org,https://sindhilanguage.org/,Amar Fayaz Buriro (امر فياض ٻرڙو),Blunder (n),Blunder (n),HEADWORD_WITH_LABEL,HEADWORD_WITH_LABEL
slx_cfee9ca42adb758d,44506,Blunder (v),,,English → Sindhi,خطا ڪرڻ، وڏي چوڪ ڪرڻ، انڌو ٿي هلڻ,english,English → Sindhi,blunder v,خطا ڪرڻ وڏي چوڪ ڪرڻ انڌو ٿي هلڻ,,SindhiLanguage.org,https://sindhilanguage.org/,Amar Fayaz Buriro (امر فياض ٻرڙو),Blunder (v),Blunder (v),HEADWORD_WITH_LABEL,HEADWORD_WITH_LABEL
slx_9e2b1d4964c128dc,44513,Blur (n),,,English → Sindhi,داغ، ٽڪو يا نشان,english,English → Sindhi,blur n,داغ ٽڪو يا نشان,,SindhiLanguage.org,https://sindhilanguage.org/,Amar Fayaz Buriro (امر فياض ٻرڙو),Blur (n),Blur (n),HEADWORD_WITH_LABEL,HEADWORD_WITH_LABEL
slx_438e7de1505ddf7f,44514,Blur (v),,,English → Sindhi,داغ هڻڻ يا ڪرڻ، بگاڙڻ، جهڪو ڪرڻ,english,English → Sindhi,blur v,داغ هڻڻ يا ڪرڻ بگاڙڻ جهڪو ڪرڻ,,SindhiLanguage.org,https://sindhilanguage.org/,Amar Fayaz Buriro (امر فياض ٻرڙو),Blur (v),Blur (v),HEADWORD_WITH_LABEL,HEADWORD_WITH_LABEL
slx_5d3df8a893b81ab1,44516,Blush (n),,,English → Sindhi,لالائي، لڄ، شرمساري,english,English → Sindhi,blush n,لالائي لڄ شرمساري,,SindhiLanguage.org,https://sindhilanguage.org/,Amar Fayaz Buriro (امر فياض ٻرڙو),Blush (n),Blush (n),HEADWORD_WITH_LABEL,HEADWORD_WITH_LABEL
slx_a4dafcec5f22a5eb,44517,Blush (v),,,English → Sindhi,شرمسار ٿيڻ، لڄي ٿيڻ,english,English → Sindhi,blush v,شرمسار ٿيڻ لڄي ٿيڻ,,SindhiLanguage.org,https://sindhilanguage.org/,Amar Fayaz Buriro (امر فياض ٻرڙو),Blush (v),Blush (v),HEADWORD_WITH_LABEL,HEADWORD_WITH_LABEL
slx_bb855fd3e7fda45f,44523,Board (n),,,English → Sindhi,کاڌو، اجلاس، جماعت، جهاز جو تختو، تختو، ميز، خوراڪ,english,English → Sindhi,board n,کاڌو اجلاس جماعت جهاز جو تختو تختو ميز خوراڪ,,SindhiLanguage.org,https://sindhilanguage.org/,Amar Fayaz Buriro (امر فياض ٻرڙو),Board (n),Board (n),HEADWORD_WITH_LABEL,HEADWORD_WITH_LABEL
slx_b1fb6e7f8108d4c7,44524,Board (v),,,English → Sindhi,جهاز تي زوريءَ چڙهڻ، تختو لڳائڻ,english,English → Sindhi,board v,جهاز تي زوريء چڙهڻ تختو لڳائڻ,,SindhiLanguage.org,https://sindhilanguage.org/,Amar Fayaz Buriro (امر فياض ٻرڙو),Board (v),Board (v),HEADWORD_WITH_LABEL,HEADWORD_WITH_LABEL
slx_2c8f49ee38988df6,44527,Boast (n),,,English → Sindhi,ٻٽاڪ، ڊاڙ، لٻاڙ,english,English → Sindhi,boast n,ٻٽاڪ ڊاڙ لٻاڙ,,SindhiLanguage.org,https://sindhilanguage.org/,Amar Fayaz Buriro (امر فياض ٻرڙو),Boast (n),Boast (n),HEADWORD_WITH_LABEL,HEADWORD_WITH_LABEL
slx_ccafe3bdbde09e1b,44553,(Is) bound,,,English → Sindhi,لازم يا ٻڌل آهي,english,English → Sindhi,is bound,لازم يا ٻڌل آهي,,SindhiLanguage.org,https://sindhilanguage.org/,Amar Fayaz Buriro (امر فياض ٻرڙو),(Is) bound,(Is) bound,HEADWORD_WITH_LABEL,HEADWORD_WITH_LABEL
slx_fc0413daffe40d23,44557,Bounteous (Bountiful),,,English → Sindhi,سخي، ڏاتار,english,English → Sindhi,bounteous bountiful,سخي ڏاتار,,SindhiLanguage.org,https://sindhilanguage.org/,Amar Fayaz Buriro (امر فياض ٻرڙو),Bounteous (Bountiful),Bounteous (Bountiful),HEADWORD_WITH_LABEL,HEADWORD_WITH_LABEL
slx_08147caafc5fefdc,44563,Bourn (ne),,,English → Sindhi,حد، مقصد، منزل، پاڻيءَ جي نالي,english,English → Sindhi,bourn ne,حد مقصد منزل پاڻيء جي نالي,,SindhiLanguage.org,https://sindhilanguage.org/,Amar Fayaz Buriro (امر فياض ٻرڙو),Bourn (ne),Bourn (ne),HEADWORD_WITH_LABEL,HEADWORD_WITH_LABEL
slx_c9b5e446fbb74ace,44566,Bow (n),,,English → Sindhi,ڪمان، کنوڻ، ڪورنش,english,English → Sindhi,bow n,ڪمان کنوڻ ڪورنش,,SindhiLanguage.org,https://sindhilanguage.org/,Amar Fayaz Buriro (امر فياض ٻرڙو),Bow (n),Bow (n),HEADWORD_WITH_LABEL,HEADWORD_WITH_LABEL
slx_e1abd0133eba43d4,44567,Bow (v),,,English → Sindhi,جهڪڻ، مطيع ڪرڻ، زير ڪرڻ، نمڻ، سر جهڪائي، سلام ڪرڻ,english,English → Sindhi,bow v,جهڪڻ مطيع ڪرڻ زير ڪرڻ نمڻ سر جهڪائي سلام ڪرڻ,,SindhiLanguage.org,https://sindhilanguage.org/,Amar Fayaz Buriro (امر فياض ٻرڙو),Bow (v),Bow (v),HEADWORD_WITH_LABEL,HEADWORD_WITH_LABEL
slx_6947453db177edb6,44568,Bowels (pl.),,,English → Sindhi,آنڊا، اندروني حصو,english,English → Sindhi,bowels pl,آنڊا اندروني حصو,,SindhiLanguage.org,https://sindhilanguage.org/,Amar Fayaz Buriro (امر فياض ٻرڙو),Bowels (pl.),Bowels (pl.),HEADWORD_WITH_LABEL,HEADWORD_WITH_LABEL
slx_708ca0148787d158,44599,Branching (branchy),,,English → Sindhi,ٽارين يا لامُن سان,english,English → Sindhi,branching branchy,ٽارين يا لامن سان,,SindhiLanguage.org,https://sindhilanguage.org/,Amar Fayaz Buriro (امر فياض ٻرڙو),Branching (branchy),Branching (branchy),HEADWORD_WITH_LABEL,HEADWORD_WITH_LABEL
slx_df953b318d7f079f,44601,(to) brand,,,English → Sindhi,نشان ڪرڻ، ڏنڀڻ، داغ ڪرڻ,english,English → Sindhi,to brand,نشان ڪرڻ ڏنڀڻ داغ ڪرڻ,,SindhiLanguage.org,https://sindhilanguage.org/,Amar Fayaz Buriro (امر فياض ٻرڙو),(to) brand,(to) brand,HEADWORD_WITH_LABEL,HEADWORD_WITH_LABEL
slx_0224655386651e90,44628,Break (v),,,English → Sindhi,ٽڪرائڻ، خلاف ورزي ڪرڻ، ڏيوالو ڪڍڻ، ڀڃڻ، ٽوڙڻ,english,English → Sindhi,break v,ٽڪرائڻ خلاف ورزي ڪرڻ ڏيوالو ڪڍڻ ڀڃڻ ٽوڙڻ,,SindhiLanguage.org,https://sindhilanguage.org/,Amar Fayaz Buriro (امر فياض ٻرڙو),Break (v),Break (v),HEADWORD_WITH_LABEL,HEADWORD_WITH_LABEL
slx_632c0b64d1545574,44629,Break (n),,,English → Sindhi,خالي جاءِ، ڦوٽ، ناغو، ڦاٽ,english,English → Sindhi,break n,خالي جاء ڦوٽ ناغو ڦاٽ,,SindhiLanguage.org,https://sindhilanguage.org/,Amar Fayaz Buriro (امر فياض ٻرڙو),Break (n),Break (n),HEADWORD_WITH_LABEL,HEADWORD_WITH_LABEL
slx_2e9ee225cfe05e19,44640,Breed (n),,,English → Sindhi,نسل، ذات، قسم,english,English → Sindhi,breed n,نسل ذات قسم,,SindhiLanguage.org,https://sindhilanguage.org/,Amar Fayaz Buriro (امر فياض ٻرڙو),Breed (n),Breed (n),HEADWORD_WITH_LABEL,HEADWORD_WITH_LABEL
slx_d09a102e14592937,44641,Breed (v),,,English → Sindhi,پالڻ، نپائڻ، پرورش ڪرڻ، پيدا ڪرڻ، ڄڻڻ,english,English → Sindhi,breed v,پالڻ نپائڻ پرورش ڪرڻ پيدا ڪرڻ ڄڻڻ,,SindhiLanguage.org,https://sindhilanguage.org/,Amar Fayaz Buriro (امر فياض ٻرڙو),Breed (v),Breed (v),HEADWORD_WITH_LABEL,HEADWORD_WITH_LABEL
slx_7ee372ccf9d6b06f,44653,Bribe (n),,,English → Sindhi,رشوت، لب,english,English → Sindhi,bribe n,رشوت لب,,SindhiLanguage.org,https://sindhilanguage.org/,Amar Fayaz Buriro (امر فياض ٻرڙو),Bribe (n),Bribe (n),HEADWORD_WITH_LABEL,HEADWORD_WITH_LABEL
slx_8c2f2645652b5550,44654,Bribe (v),,,English → Sindhi,رشوت ڏيڻ، لبڻ,english,English → Sindhi,bribe v,رشوت ڏيڻ لبڻ,,SindhiLanguage.org,https://sindhilanguage.org/,Amar Fayaz Buriro (امر فياض ٻرڙو),Bribe (v),Bribe (v),HEADWORD_WITH_LABEL,HEADWORD_WITH_LABEL
slx_d8ef6c7e0ec1183d,44691,Bristle (v),,,English → Sindhi,ڪاوڙجڻ، وار کڙا ڪرڻ، ڪانڊارجڻ,english,English → Sindhi,bristle v,ڪاوڙجڻ وار کڙا ڪرڻ ڪانڊارجڻ,,SindhiLanguage.org,https://sindhilanguage.org/,Amar Fayaz Buriro (امر فياض ٻرڙو),Bristle (v),Bristle (v),HEADWORD_WITH_LABEL,HEADWORD_WITH_LABEL
slx_124c90d77fd141a2,44692,Bristle (n),,,English → Sindhi,سوئر جا وار، کڙا وار,english,English → Sindhi,bristle n,سوئر جا وار کڙا وار,,SindhiLanguage.org,https://sindhilanguage.org/,Amar Fayaz Buriro (امر فياض ٻرڙو),Bristle (n),Bristle (n),HEADWORD_WITH_LABEL,HEADWORD_WITH_LABEL
slx_831ca90631d77fe8,44704,Broil (n),,,English → Sindhi,جهڳڙو، دنگو، ڀڳل گوشت,english,English → Sindhi,broil n,جهڳڙو دنگو ڀڳل گوشت,,SindhiLanguage.org,https://sindhilanguage.org/,Amar Fayaz Buriro (امر فياض ٻرڙو),Broil (n),Broil (n),HEADWORD_WITH_LABEL,HEADWORD_WITH_LABEL
slx_5b02de1a1ba72084,44705,Broil (v),,,English → Sindhi,پچڻ، پچائڻ، سڙڻ,english,English → Sindhi,broil v,پچڻ پچائڻ سڙڻ,,SindhiLanguage.org,https://sindhilanguage.org/,Amar Fayaz Buriro (امر فياض ٻرڙو),Broil (v),Broil (v),HEADWORD_WITH_LABEL,HEADWORD_WITH_LABEL
slx_94fb9ee208c8cbfe,44707,Broken (p.p of break),,,English → Sindhi,ڀڳل، ٽٽل، برباد، شڪستھ ناهموار,english,English → Sindhi,broken p p of break,ڀڳل ٽٽل برباد شڪستھ ناهموار,,SindhiLanguage.org,https://sindhilanguage.org/,Amar Fayaz Buriro (امر فياض ٻرڙو),Broken (p.p of break),Broken (p.p of break),HEADWORD_WITH_LABEL,HEADWORD_WITH_LABEL
slx_546a9cd3398f3e74,44742,Brush (n),,,English → Sindhi,برش، (وارن جو) قلم، ٻُهاري,english,English → Sindhi,brush n,برش وارن جو قلم ٻهاري,,SindhiLanguage.org,https://sindhilanguage.org/,Amar Fayaz Buriro (امر فياض ٻرڙو),Brush (n),Brush (n),HEADWORD_WITH_LABEL,HEADWORD_WITH_LABEL
slx_f77b60e963adf9e9,44743,Brush (v),,,English → Sindhi,ٻهاري ڏيڻ، صاف ڪرڻ، چمڪائڻ,english,English → Sindhi,brush v,ٻهاري ڏيڻ صاف ڪرڻ چمڪائڻ,,SindhiLanguage.org,https://sindhilanguage.org/,Amar Fayaz Buriro (امر فياض ٻرڙو),Brush (v),Brush (v),HEADWORD_WITH_LABEL,HEADWORD_WITH_LABEL
slx_9799523ac1f42b32,44825,Burgh (borough),,,English → Sindhi,اهو شهر جنهن کي پارليامينٽ ۾ عوضيءَ موڪلڻ جو اختيار آهي,english,English → Sindhi,burgh borough,اهو شهر جنهن کي پارليامينٽ عوضيء موڪلڻ جو اختيار آهي,,SindhiLanguage.org,https://sindhilanguage.org/,Amar Fayaz Buriro (امر فياض ٻرڙو),Burgh (borough),Burgh (borough),HEADWORD_WITH_LABEL,HEADWORD_WITH_LABEL
slx_1c647ba307606016,44851,Bustle (n),,,English → Sindhi,گوڙ، هل، لڙ,english,English → Sindhi,bustle n,گوڙ هل لڙ,,SindhiLanguage.org,https://sindhilanguage.org/,Amar Fayaz Buriro (امر فياض ٻرڙو),Bustle (n),Bustle (n),HEADWORD_WITH_LABEL,HEADWORD_WITH_LABEL
slx_c73538aae6d72c32,44852,Bustle (v),,,English → Sindhi,گوڙ ڪرڻ، هل ڪرڻ,english,English → Sindhi,bustle v,گوڙ ڪرڻ هل ڪرڻ,,SindhiLanguage.org,https://sindhilanguage.org/,Amar Fayaz Buriro (امر فياض ٻرڙو),Bustle (v),Bustle (v),HEADWORD_WITH_LABEL,HEADWORD_WITH_LABEL
slx_ab3825bd0bad18cd,44897,Cadge (v),,,English → Sindhi,پنڻ,english,English → Sindhi,cadge v,پنڻ,,SindhiLanguage.org,https://sindhilanguage.org/,Amar Fayaz Buriro (امر فياض ٻرڙو),Cadge (v),Cadge (v),HEADWORD_WITH_LABEL,HEADWORD_WITH_LABEL
slx_a007721262ed874b,44964,Cameleon (ion),,,English → Sindhi,سانڊو، بي اُصولو، ناپائيدار,english,English → Sindhi,cameleon ion,سانڊو بي اصولو ناپائيدار,,SindhiLanguage.org,https://sindhilanguage.org/,Amar Fayaz Buriro (امر فياض ٻرڙو),Cameleon (ion),Cameleon (ion),HEADWORD_WITH_LABEL,HEADWORD_WITH_LABEL
slx_4d48e0b86e7f845d,45055,(Tropic of) Copricorn,,,English → Sindhi,جدي گهيرو، خط جدي,english,English → Sindhi,tropic of copricorn,جدي گهيرو خط جدي,,SindhiLanguage.org,https://sindhilanguage.org/,Amar Fayaz Buriro (امر فياض ٻرڙو),(Tropic of) Copricorn,(Tropic of) Copricorn,HEADWORD_WITH_LABEL,HEADWORD_WITH_LABEL
slx_e1f306af9f80ce57,45062,Captaincy (ship),,,English → Sindhi,ڪپتان جو عهدو,english,English → Sindhi,captaincy ship,ڪپتان جو عهدو,,SindhiLanguage.org,https://sindhilanguage.org/,Amar Fayaz Buriro (امر فياض ٻرڙو),Captaincy (ship),Captaincy (ship),HEADWORD_WITH_LABEL,HEADWORD_WITH_LABEL
slx_e418e62ac53963a8,45076,Caravansary (sera),,,English → Sindhi,مسافرخانو، سراءِ,english,English → Sindhi,caravansary sera,مسافرخانو سراء,,SindhiLanguage.org,https://sindhilanguage.org/,Amar Fayaz Buriro (امر فياض ٻرڙو),Caravansary (sera),Caravansary (sera),HEADWORD_WITH_LABEL,HEADWORD_WITH_LABEL
slx_e42f6186aca0c0d0,45090,Care of (c:o),,,English → Sindhi,معرفت,english,English → Sindhi,care of c o,معرفت,,SindhiLanguage.org,https://sindhilanguage.org/,Amar Fayaz Buriro (امر فياض ٻرڙو),Care of (c:o),Care of (c:o),HEADWORD_WITH_LABEL,HEADWORD_WITH_LABEL
slx_cd24907856a6fe74,45114,Carpentering (try),,,English → Sindhi,واڍڪو ڪم,english,English → Sindhi,carpentering try,واڍڪو ڪم,,SindhiLanguage.org,https://sindhilanguage.org/,Amar Fayaz Buriro (امر فياض ٻرڙو),Carpentering (try),Carpentering (try),HEADWORD_WITH_LABEL,HEADWORD_WITH_LABEL
slx_5b5426e73d5129fe,45120,Carry (v),,,English → Sindhi,کڻڻ، کڻي وڃڻ، ڪم ڪڍڻ، گهلڻ، انتظام ڪرڻ,english,English → Sindhi,carry v,کڻڻ کڻي وڃڻ ڪم ڪڍڻ گهلڻ انتظام ڪرڻ,,SindhiLanguage.org,https://sindhilanguage.org/,Amar Fayaz Buriro (امر فياض ٻرڙو),Carry (v),Carry (v),HEADWORD_WITH_LABEL,HEADWORD_WITH_LABEL
slx_af231c9bc853aa18,45138,Cash (v),,,English → Sindhi,پيسن ۾ تبديل ڪرڻ، چيڪ بدلائڻ,english,English → Sindhi,cash v,پيسن تبديل ڪرڻ چيڪ بدلائڻ,,SindhiLanguage.org,https://sindhilanguage.org/,Amar Fayaz Buriro (امر فياض ٻرڙو),Cash (v),Cash (v),HEADWORD_WITH_LABEL,HEADWORD_WITH_LABEL
slx_665b89a35d05e995,45164,Catalepsis (psy),,,English → Sindhi,مرگهي,english,English → Sindhi,catalepsis psy,مرگهي,,SindhiLanguage.org,https://sindhilanguage.org/,Amar Fayaz Buriro (امر فياض ٻرڙو),Catalepsis (psy),Catalepsis (psy),HEADWORD_WITH_LABEL,HEADWORD_WITH_LABEL
slx_bbbb75b0809ec23d,45192,Cattle (pl.),,,English → Sindhi,چوپايو مال، مويشي,english,English → Sindhi,cattle pl,چوپايو مال مويشي,,SindhiLanguage.org,https://sindhilanguage.org/,Amar Fayaz Buriro (امر فياض ٻرڙو),Cattle (pl.),Cattle (pl.),HEADWORD_WITH_LABEL,HEADWORD_WITH_LABEL
slx_0edc2416e9ef9a5c,45239,Cement (n),,,English → Sindhi,ڪارو چن يا گچ، سيمينٽ,english,English → Sindhi,cement n,ڪارو چن يا گچ سيمينٽ,,SindhiLanguage.org,https://sindhilanguage.org/,Amar Fayaz Buriro (امر فياض ٻرڙو),Cement (n),Cement (n),HEADWORD_WITH_LABEL,HEADWORD_WITH_LABEL
slx_86aa128d74e2f694,45240,Cement (v),,,English → Sindhi,پيوند ڪرڻ، چنبڙائڻ، ڳنڍڻ (سيمنيٽ سان),english,English → Sindhi,cement v,پيوند ڪرڻ چنبڙائڻ ڳنڍڻ سيمنيٽ سان,,SindhiLanguage.org,https://sindhilanguage.org/,Amar Fayaz Buriro (امر فياض ٻرڙو),Cement (v),Cement (v),HEADWORD_WITH_LABEL,HEADWORD_WITH_LABEL
slx_216aa1114a732673,45250,Censure (v),,,English → Sindhi,ملامت ڪرڻ، الزام لڳائڻ، دٻ ڪڍڻ,english,English → Sindhi,censure v,ملامت ڪرڻ الزام لڳائڻ دٻ ڪڍڻ,,SindhiLanguage.org,https://sindhilanguage.org/,Amar Fayaz Buriro (امر فياض ٻرڙو),Censure (v),Censure (v),HEADWORD_WITH_LABEL,HEADWORD_WITH_LABEL
slx_1c8c6658b49c54dd,45262,Center (ter),,,English → Sindhi,مرڪز، وچ، دل، مدار,english,English → Sindhi,center ter,مرڪز وچ دل مدار,,SindhiLanguage.org,https://sindhilanguage.org/,Amar Fayaz Buriro (امر فياض ٻرڙو),Center (ter),Center (ter),HEADWORD_WITH_LABEL,HEADWORD_WITH_LABEL
slx_6d32d4fd4582c049,45283,Certify (v),,,English → Sindhi,تصديق ڪرڻ، سند ڏيڻ,english,English → Sindhi,certify v,تصديق ڪرڻ سند ڏيڻ,,SindhiLanguage.org,https://sindhilanguage.org/,Amar Fayaz Buriro (امر فياض ٻرڙو),Certify (v),Certify (v),HEADWORD_WITH_LABEL,HEADWORD_WITH_LABEL
slx_107649e20a260441,45294,Chafe (v),,,English → Sindhi,گهڻ، مالش ڪرڻ، رڳڙڻ,english,English → Sindhi,chafe v,گهڻ مالش ڪرڻ رڳڙڻ,,SindhiLanguage.org,https://sindhilanguage.org/,Amar Fayaz Buriro (امر فياض ٻرڙو),Chafe (v),Chafe (v),HEADWORD_WITH_LABEL,HEADWORD_WITH_LABEL
slx_51f82d21184ea328,45310,Champ (v),,,English → Sindhi,چٻ چٻ ڪرڻ، چاٻا ڏيڻ,english,English → Sindhi,champ v,چٻ چٻ ڪرڻ چاٻا ڏيڻ,,SindhiLanguage.org,https://sindhilanguage.org/,Amar Fayaz Buriro (امر فياض ٻرڙو),Champ (v),Champ (v),HEADWORD_WITH_LABEL,HEADWORD_WITH_LABEL
slx_923fc2e3e9572ff4,45320,Change (v),,,English → Sindhi,مٽائڻ، ڦيرگهير يا مٽ سٽ ڪرڻ، ريزو مٽائڻ,english,English → Sindhi,change v,مٽائڻ ڦيرگهير يا مٽ سٽ ڪرڻ ريزو مٽائڻ,,SindhiLanguage.org,https://sindhilanguage.org/,Amar Fayaz Buriro (امر فياض ٻرڙو),Change (v),Change (v),HEADWORD_WITH_LABEL,HEADWORD_WITH_LABEL
slx_9306e75bd40b71f6,45345,Charge (v),,,English → Sindhi,حوالي ڪرڻ، سپرد ڪرڻ، قيمت وٺڻ، حملو ڪرڻ,english,English → Sindhi,charge v,حوالي ڪرڻ سپرد ڪرڻ قيمت وٺڻ حملو ڪرڻ,,SindhiLanguage.org,https://sindhilanguage.org/,Amar Fayaz Buriro (امر فياض ٻرڙو),Charge (v),Charge (v),HEADWORD_WITH_LABEL,HEADWORD_WITH_LABEL
slx_a28e0bc99bf91bb3,45381,Cheat (v),,,English → Sindhi,دغا ڪرڻ، ڌوڪو ڏيڻ، ٺڳڻ,english,English → Sindhi,cheat v,دغا ڪرڻ ڌوڪو ڏيڻ ٺڳڻ,,SindhiLanguage.org,https://sindhilanguage.org/,Amar Fayaz Buriro (امر فياض ٻرڙو),Cheat (v),Cheat (v),HEADWORD_WITH_LABEL,HEADWORD_WITH_LABEL
slx_57e2ed132a9dae50,45386,Cheer (v),,,English → Sindhi,حوصلو وڌائڻ، دلاسو ڏيڻ، واه واه ڪرڻ، همتائڻ,english,English → Sindhi,cheer v,حوصلو وڌائڻ دلاسو ڏيڻ واه واه ڪرڻ همتائڻ,,SindhiLanguage.org,https://sindhilanguage.org/,Amar Fayaz Buriro (امر فياض ٻرڙو),Cheer (v),Cheer (v),HEADWORD_WITH_LABEL,HEADWORD_WITH_LABEL
slx_d986f7722e9dadfd,45398,Chequer (v),,,English → Sindhi,الڳ الڳ ڪرڻ، ڪنهن تي ڪڏهين ڏکيا ڪڏهين سکيا ڏينهن اچڻ,english,English → Sindhi,chequer v,الڳ الڳ ڪرڻ ڪنهن تي ڪڏهين ڏکيا ڪڏهين سکيا ڏينهن اچڻ,,SindhiLanguage.org,https://sindhilanguage.org/,Amar Fayaz Buriro (امر فياض ٻرڙو),Chequer (v),Chequer (v),HEADWORD_WITH_LABEL,HEADWORD_WITH_LABEL
slx_69d63483900820b9,45399,Cherish (v),,,English → Sindhi,پالڻ، شيوا ڪرڻ، پيارو سمجهڻ، نوازڻ,english,English → Sindhi,cherish v,پالڻ شيوا ڪرڻ پيارو سمجهڻ نوازڻ,,SindhiLanguage.org,https://sindhilanguage.org/,Amar Fayaz Buriro (امر فياض ٻرڙو),Cherish (v),Cherish (v),HEADWORD_WITH_LABEL,HEADWORD_WITH_LABEL
slx_05fcf0191d8ae9f8,45409,Chew (v),,,English → Sindhi,چٻاڙڻ، غور ڪرڻ,english,English → Sindhi,chew v,چٻاڙڻ غور ڪرڻ,,SindhiLanguage.org,https://sindhilanguage.org/,Amar Fayaz Buriro (امر فياض ٻرڙو),Chew (v),Chew (v),HEADWORD_WITH_LABEL,HEADWORD_WITH_LABEL
slx_300f1f69f163bcfc,45413,Chick (chicken),,,English → Sindhi,چوزو، ڪڪڙ جو ٻچو,english,English → Sindhi,chick chicken,چوزو ڪڪڙ جو ٻچو,,SindhiLanguage.org,https://sindhilanguage.org/,Amar Fayaz Buriro (امر فياض ٻرڙو),Chick (chicken),Chick (chicken),HEADWORD_WITH_LABEL,HEADWORD_WITH_LABEL
slx_5463adc7101ccec1,45519,Circulant (lation),,,English → Sindhi,گردش، دورو,english,English → Sindhi,circulant lation,گردش دورو,,SindhiLanguage.org,https://sindhilanguage.org/,Amar Fayaz Buriro (امر فياض ٻرڙو),Circulant (lation),Circulant (lation),HEADWORD_WITH_LABEL,HEADWORD_WITH_LABEL
slx_831579a2a89294c5,45544,Cite (v),,,English → Sindhi,حوالو ڏيڻ، چئي ڏيڻ، ڪورٽ جو سمن موڪلڻ,english,English → Sindhi,cite v,حوالو ڏيڻ چئي ڏيڻ ڪورٽ جو سمن موڪلڻ,,SindhiLanguage.org,https://sindhilanguage.org/,Amar Fayaz Buriro (امر فياض ٻرڙو),Cite (v),Cite (v),HEADWORD_WITH_LABEL,HEADWORD_WITH_LABEL
slx_5cf7b569ca64b546,45554,Civilize (v),,,English → Sindhi,مهذب بنائڻ، تهذيب وارو ڪرڻ، سڌارڻ,english,English → Sindhi,civilize v,مهذب بنائڻ تهذيب وارو ڪرڻ سڌارڻ,,SindhiLanguage.org,https://sindhilanguage.org/,Amar Fayaz Buriro (امر فياض ٻرڙو),Civilize (v),Civilize (v),HEADWORD_WITH_LABEL,HEADWORD_WITH_LABEL
slx_150a5accaecefe87,45558,Claim (n),,,English → Sindhi,حق، دعويٰ، گُهر يا مطالبو,english,English → Sindhi,claim n,حق دعوي گهر يا مطالبو,,SindhiLanguage.org,https://sindhilanguage.org/,Amar Fayaz Buriro (امر فياض ٻرڙو),Claim (n),Claim (n),HEADWORD_WITH_LABEL,HEADWORD_WITH_LABEL
slx_2f45eafa8cf0d363,45559,Claim (v),,,English → Sindhi,حق گهرڻ، دعويٰ ڪرڻ,english,English → Sindhi,claim v,حق گهرڻ دعوي ڪرڻ,,SindhiLanguage.org,https://sindhilanguage.org/,Amar Fayaz Buriro (امر فياض ٻرڙو),Claim (v),Claim (v),HEADWORD_WITH_LABEL,HEADWORD_WITH_LABEL
slx_519931d2ba7ea42d,45568,"Clamour, (v)",,,English → Sindhi,گوڙ بکيڙو ڪرڻ، هل ڪرڻ، شور ڪرڻ,english,English → Sindhi,clamour v,گوڙ بکيڙو ڪرڻ هل ڪرڻ شور ڪرڻ,,SindhiLanguage.org,https://sindhilanguage.org/,Amar Fayaz Buriro (امر فياض ٻرڙو),"Clamour, (v)","Clamour, (v)",HEADWORD_WITH_LABEL,HEADWORD_WITH_LABEL
slx_957c16c896f8c714,45575,Clap (n),,,English → Sindhi,تاڙي، ڪڙڪو، کڙڪو,english,English → Sindhi,clap n,تاڙي ڪڙڪو کڙڪو,,SindhiLanguage.org,https://sindhilanguage.org/,Amar Fayaz Buriro (امر فياض ٻرڙو),Clap (n),Clap (n),HEADWORD_WITH_LABEL,HEADWORD_WITH_LABEL
slx_015c4a98c1f7690c,45576,Clap (v),,,English → Sindhi,ٿڦڙ هڻڻ، تاڙي وڄائڻ، واه واه ڪرڻ,english,English → Sindhi,clap v,ٿڦڙ هڻڻ تاڙي وڄائڻ واه واه ڪرڻ,,SindhiLanguage.org,https://sindhilanguage.org/,Amar Fayaz Buriro (امر فياض ٻرڙو),Clap (v),Clap (v),HEADWORD_WITH_LABEL,HEADWORD_WITH_LABEL
slx_6b81f6b4a3e27cbe,45579,Clarify (v),,,English → Sindhi,صاف ڪرڻ، پاڪ ڪرڻ، چڪتو ڪرڻ,english,English → Sindhi,clarify v,صاف ڪرڻ پاڪ ڪرڻ چڪتو ڪرڻ,,SindhiLanguage.org,https://sindhilanguage.org/,Amar Fayaz Buriro (امر فياض ٻرڙو),Clarify (v),Clarify (v),HEADWORD_WITH_LABEL,HEADWORD_WITH_LABEL
slx_3874f738075ac103,45591,Clatter (n),,,English → Sindhi,کڙ کڙاهٽ، ٽاپ ٽاپ، بڪ بڪ,english,English → Sindhi,clatter n,کڙ کڙاهٽ ٽاپ ٽاپ بڪ بڪ,,SindhiLanguage.org,https://sindhilanguage.org/,Amar Fayaz Buriro (امر فياض ٻرڙو),Clatter (n),Clatter (n),HEADWORD_WITH_LABEL,HEADWORD_WITH_LABEL
slx_0094848f76791a24,45592,Clatter (v),,,English → Sindhi,کڙ کڙاهٽ ڪرڻ، ٽاپ ٽاپ ڪرڻ، بڪ بڪ ڪرڻ,english,English → Sindhi,clatter v,کڙ کڙاهٽ ڪرڻ ٽاپ ٽاپ ڪرڻ بڪ بڪ ڪرڻ,,SindhiLanguage.org,https://sindhilanguage.org/,Amar Fayaz Buriro (امر فياض ٻرڙو),Clatter (v),Clatter (v),HEADWORD_WITH_LABEL,HEADWORD_WITH_LABEL
slx_c804f914f8959419,45600,Clean (n),,,English → Sindhi,اُجلو، خالص، صاف، پاڪ، بي عيب، پوتر، بلڪل,english,English → Sindhi,clean n,اجلو خالص صاف پاڪ بي عيب پوتر بلڪل,,SindhiLanguage.org,https://sindhilanguage.org/,Amar Fayaz Buriro (امر فياض ٻرڙو),Clean (n),Clean (n),HEADWORD_WITH_LABEL,HEADWORD_WITH_LABEL
slx_36a13ce7a8a81570,45601,Clean (v),,,English → Sindhi,صاف ڪرڻ,english,English → Sindhi,clean v,صاف ڪرڻ,,SindhiLanguage.org,https://sindhilanguage.org/,Amar Fayaz Buriro (امر فياض ٻرڙو),Clean (v),Clean (v),HEADWORD_WITH_LABEL,HEADWORD_WITH_LABEL
slx_a5e6d4a09ea41a93,45606,Clear (v),,,English → Sindhi,خالي ڪرڻ، صاف ڪرڻ، آزاد ڪرڻ، چمڪائڻ، فائدو حاصل ڪرڻ,english,English → Sindhi,clear v,خالي ڪرڻ صاف ڪرڻ آزاد ڪرڻ چمڪائڻ فائدو حاصل ڪرڻ,,SindhiLanguage.org,https://sindhilanguage.org/,Amar Fayaz Buriro (امر فياض ٻرڙو),Clear (v),Clear (v),HEADWORD_WITH_LABEL,HEADWORD_WITH_LABEL
slx_fe86f9984730b972,45607,Clear (Adj),,,English → Sindhi,صاف، خالي، ظاهر، صافي، بلڪل، شفاف,english,English → Sindhi,clear adj,صاف خالي ظاهر صافي بلڪل شفاف,,SindhiLanguage.org,https://sindhilanguage.org/,Amar Fayaz Buriro (امر فياض ٻرڙو),Clear (Adj),Clear (Adj),HEADWORD_WITH_LABEL,HEADWORD_WITH_LABEL
slx_4b83b515be5046aa,45615,Cleave (v),,,English → Sindhi,چنبڙڻ، گڏ رهڻ، لڳڻ، جدا ڪرڻ,english,English → Sindhi,cleave v,چنبڙڻ گڏ رهڻ لڳڻ جدا ڪرڻ,,SindhiLanguage.org,https://sindhilanguage.org/,Amar Fayaz Buriro (امر فياض ٻرڙو),Cleave (v),Cleave (v),HEADWORD_WITH_LABEL,HEADWORD_WITH_LABEL
slx_70955ff8c9dda90e,45620,Clench (clinch),,,English → Sindhi,جڪڙڻ، سوگهو جهلڻ، ٻڌڻ، گرفت، جهل، پڪڙ,english,English → Sindhi,clench clinch,جڪڙڻ سوگهو جهلڻ ٻڌڻ گرفت جهل پڪڙ,,SindhiLanguage.org,https://sindhilanguage.org/,Amar Fayaz Buriro (امر فياض ٻرڙو),Clench (clinch),Clench (clinch),HEADWORD_WITH_LABEL,HEADWORD_WITH_LABEL
slx_980418b4f23acbb9,45631,Clew (clue),,,English → Sindhi,سٽ جو ڍيرو، سراغ، رهنما، پتو، بادبان جي ڪنڊ,english,English → Sindhi,clew clue,سٽ جو ڍيرو سراغ رهنما پتو بادبان جي ڪنڊ,,SindhiLanguage.org,https://sindhilanguage.org/,Amar Fayaz Buriro (امر فياض ٻرڙو),Clew (clue),Clew (clue),HEADWORD_WITH_LABEL,HEADWORD_WITH_LABEL
slx_d87a79b5245434eb,45632,Click (v),,,English → Sindhi,ٽڪ ٽڪ يا تيز ۽ سنهو آواز,english,English → Sindhi,click v,ٽڪ ٽڪ يا تيز سنهو آواز,,SindhiLanguage.org,https://sindhilanguage.org/,Amar Fayaz Buriro (امر فياض ٻرڙو),Click (v),Click (v),HEADWORD_WITH_LABEL,HEADWORD_WITH_LABEL
slx_65a1fa1a33ca6ebe,45639,Climb (v),,,English → Sindhi,چڙهڻ، سوار ٿيڻ,english,English → Sindhi,climb v,چڙهڻ سوار ٿيڻ,,SindhiLanguage.org,https://sindhilanguage.org/,Amar Fayaz Buriro (امر فياض ٻرڙو),Climb (v),Climb (v),HEADWORD_WITH_LABEL,HEADWORD_WITH_LABEL
slx_155f03bf62f52c1f,45641,Clinch (v),,,English → Sindhi,جڪڙڻ، سوگهو جهلڻ، چنبو هڻڻ,english,English → Sindhi,clinch v,جڪڙڻ سوگهو جهلڻ چنبو هڻڻ,,SindhiLanguage.org,https://sindhilanguage.org/,Amar Fayaz Buriro (امر فياض ٻرڙو),Clinch (v),Clinch (v),HEADWORD_WITH_LABEL,HEADWORD_WITH_LABEL
slx_037380b930d02b2b,45643,Cling (v),,,English → Sindhi,چنبڙڻ، لڳي پوڻ,english,English → Sindhi,cling v,چنبڙڻ لڳي پوڻ,,SindhiLanguage.org,https://sindhilanguage.org/,Amar Fayaz Buriro (امر فياض ٻرڙو),Cling (v),Cling (v),HEADWORD_WITH_LABEL,HEADWORD_WITH_LABEL
slx_a64503535207a470,45646,Clink (v),,,English → Sindhi,سنهو وڄڻ جو آواز، وڄڻ، کڙڪڻ,english,English → Sindhi,clink v,سنهو وڄڻ جو آواز وڄڻ کڙڪڻ,,SindhiLanguage.org,https://sindhilanguage.org/,Amar Fayaz Buriro (امر فياض ٻرڙو),Clink (v),Clink (v),HEADWORD_WITH_LABEL,HEADWORD_WITH_LABEL
slx_2003f21f25f2c39b,45703,Coalesce (v),,,English → Sindhi,گڏ ٿيڻ، ملت ڪرڻ,english,English → Sindhi,coalesce v,گڏ ٿيڻ ملت ڪرڻ,,SindhiLanguage.org,https://sindhilanguage.org/,Amar Fayaz Buriro (امر فياض ٻرڙو),Coalesce (v),Coalesce (v),HEADWORD_WITH_LABEL,HEADWORD_WITH_LABEL
slx_1dc342b673476c42,45714,Coax (v),,,English → Sindhi,ريجهائڻ، پرچائڻ، ڳلٿو ٻڌڻ,english,English → Sindhi,coax v,ريجهائڻ پرچائڻ ڳلٿو ٻڌڻ,,SindhiLanguage.org,https://sindhilanguage.org/,Amar Fayaz Buriro (امر فياض ٻرڙو),Coax (v),Coax (v),HEADWORD_WITH_LABEL,HEADWORD_WITH_LABEL
slx_d96248ee8aec276e,45757,Cogitate (v),,,English → Sindhi,غور ڪرڻ، خيال ڪرڻ,english,English → Sindhi,cogitate v,غور ڪرڻ خيال ڪرڻ,,SindhiLanguage.org,https://sindhilanguage.org/,Amar Fayaz Buriro (امر فياض ٻرڙو),Cogitate (v),Cogitate (v),HEADWORD_WITH_LABEL,HEADWORD_WITH_LABEL
slx_c454bd95deb9c5b5,45764,Cohabit (v),,,English → Sindhi,هم بستر ٿيڻ، گڏجي سمهڻ,english,English → Sindhi,cohabit v,هم بستر ٿيڻ گڏجي سمهڻ,,SindhiLanguage.org,https://sindhilanguage.org/,Amar Fayaz Buriro (امر فياض ٻرڙو),Cohabit (v),Cohabit (v),HEADWORD_WITH_LABEL,HEADWORD_WITH_LABEL
slx_0e69ebc1d71477f0,45766,Cohere (v),,,English → Sindhi,موافق هجڻ، چنبڙڻ، گڏجڻ، جڙڻ,english,English → Sindhi,cohere v,موافق هجڻ چنبڙڻ گڏجڻ جڙڻ,,SindhiLanguage.org,https://sindhilanguage.org/,Amar Fayaz Buriro (امر فياض ٻرڙو),Cohere (v),Cohere (v),HEADWORD_WITH_LABEL,HEADWORD_WITH_LABEL
slx_2fb7ffdcaff9b34f,45771,Coil (n),,,English → Sindhi,پيچ، ڌاڳي جو گولو يا ڍيري، جنجال,english,English → Sindhi,coil n,پيچ ڌاڳي جو گولو يا ڍيري جنجال,,SindhiLanguage.org,https://sindhilanguage.org/,Amar Fayaz Buriro (امر فياض ٻرڙو),Coil (n),Coil (n),HEADWORD_WITH_LABEL,HEADWORD_WITH_LABEL
slx_6335c2a6e0470436,45772,Coil (v),,,English → Sindhi,ويڙهڻ، لپيٽڻ,english,English → Sindhi,coil v,ويڙهڻ لپيٽڻ,,SindhiLanguage.org,https://sindhilanguage.org/,Amar Fayaz Buriro (امر فياض ٻرڙو),Coil (v),Coil (v),HEADWORD_WITH_LABEL,HEADWORD_WITH_LABEL
slx_3fc9f9df93c4ceaf,45773,Coin (n),,,English → Sindhi,سڪو، ضرب، زر، رپيا,english,English → Sindhi,coin n,سڪو ضرب زر رپيا,,SindhiLanguage.org,https://sindhilanguage.org/,Amar Fayaz Buriro (امر فياض ٻرڙو),Coin (n),Coin (n),HEADWORD_WITH_LABEL,HEADWORD_WITH_LABEL
slx_36658a92b6abce19,45774,Coin (v),,,English → Sindhi,سڪو يا نوٽ ڇاپڻ، کوجنا ڪرڻ,english,English → Sindhi,coin v,سڪو يا نوٽ ڇاپڻ کوجنا ڪرڻ,,SindhiLanguage.org,https://sindhilanguage.org/,Amar Fayaz Buriro (امر فياض ٻرڙو),Coin (v),Coin (v),HEADWORD_WITH_LABEL,HEADWORD_WITH_LABEL
slx_d02a1f2fa0ba1aa5,45801,(To collect oneself),,,English → Sindhi,پاڻ سنڀالڻ، ڌيرج ڪرڻ,english,English → Sindhi,to collect oneself,پاڻ سنڀالڻ ڌيرج ڪرڻ,,SindhiLanguage.org,https://sindhilanguage.org/,Amar Fayaz Buriro (امر فياض ٻرڙو),(To collect oneself),(To collect oneself),PARENTHETICAL,PARENTHETICAL
slx_8655d5a8020e9c93,45806,Collide (v),,,English → Sindhi,ٽڪرجڻ,english,English → Sindhi,collide v,ٽڪرجڻ,,SindhiLanguage.org,https://sindhilanguage.org/,Amar Fayaz Buriro (امر فياض ٻرڙو),Collide (v),Collide (v),HEADWORD_WITH_LABEL,HEADWORD_WITH_LABEL
slx_b639ba260ce83906,45824,Colour (color),,,English → Sindhi,رنگ، صورت، قسم، نشان، وزن، روغن، بهانو,english,English → Sindhi,colour color,رنگ صورت قسم نشان وزن روغن بهانو,,SindhiLanguage.org,https://sindhilanguage.org/,Amar Fayaz Buriro (امر فياض ٻرڙو),Colour (color),Colour (color),HEADWORD_WITH_LABEL,HEADWORD_WITH_LABEL
slx_f6ed1daa2d202003,45826,(To show ones colours),,,English → Sindhi,پنهنجو خيال ظاهر ڪرڻ، شرم ڪرڻ,english,English → Sindhi,to show ones colours,پنهنجو خيال ظاهر ڪرڻ شرم ڪرڻ,,SindhiLanguage.org,https://sindhilanguage.org/,Amar Fayaz Buriro (امر فياض ٻرڙو),(To show ones colours),(To show ones colours),PARENTHETICAL,PARENTHETICAL
slx_42f974b6849116c2,45827,(To come off with flying colours),,,English → Sindhi,ڪامياب ٿيڻ,english,English → Sindhi,to come off with flying colours,ڪامياب ٿيڻ,,SindhiLanguage.org,https://sindhilanguage.org/,Amar Fayaz Buriro (امر فياض ٻرڙو),(To come off with flying colours),(To come off with flying colours),PARENTHETICAL,PARENTHETICAL
slx_82ba85bf2bbd308a,45844,Come (v),,,English → Sindhi,ٿيڻ، اچڻ، واقع ٿيڻ,english,English → Sindhi,come v,ٿيڻ اچڻ واقع ٿيڻ,,SindhiLanguage.org,https://sindhilanguage.org/,Amar Fayaz Buriro (امر فياض ٻرڙو),Come (v),Come (v),HEADWORD_WITH_LABEL,HEADWORD_WITH_LABEL
slx_be88c986abbbfa06,45845,(To come about),,,English → Sindhi,ٿي پوڻ، عمل ۾ اچڻ,english,English → Sindhi,to come about,ٿي پوڻ عمل اچڻ,,SindhiLanguage.org,https://sindhilanguage.org/,Amar Fayaz Buriro (امر فياض ٻرڙو),(To come about),(To come about),PARENTHETICAL,PARENTHETICAL
slx_55bebdaf28a7b0e1,45846,(To come by),,,English → Sindhi,ڀرسان لنگهڻ,english,English → Sindhi,to come by,ڀرسان لنگهڻ,,SindhiLanguage.org,https://sindhilanguage.org/,Amar Fayaz Buriro (امر فياض ٻرڙو),(To come by),(To come by),PARENTHETICAL,PARENTHETICAL
slx_37b2a7560b481d6f,45847,(To come down),,,English → Sindhi,ذليل ٿيڻ، لهڻ,english,English → Sindhi,to come down,ذليل ٿيڻ لهڻ,,SindhiLanguage.org,https://sindhilanguage.org/,Amar Fayaz Buriro (امر فياض ٻرڙو),(To come down),(To come down),PARENTHETICAL,PARENTHETICAL
slx_40ea992ce9e16900,45848,(To come off),,,English → Sindhi,بچي وڃڻ يا ڀڄي وڃڻ، آزاد ٿيڻ,english,English → Sindhi,to come off,بچي وڃڻ يا ڀڄي وڃڻ آزاد ٿيڻ,,SindhiLanguage.org,https://sindhilanguage.org/,Amar Fayaz Buriro (امر فياض ٻرڙو),(To come off),(To come off),PARENTHETICAL,PARENTHETICAL
slx_b83a7f286cf9fba6,45849,(To come round),,,English → Sindhi,هوش ۾ اچڻ، بهتر يا چڱو ڀلو ٿيڻ,english,English → Sindhi,to come round,هوش اچڻ بهتر يا چڱو ڀلو ٿيڻ,,SindhiLanguage.org,https://sindhilanguage.org/,Amar Fayaz Buriro (امر فياض ٻرڙو),(To come round),(To come round),PARENTHETICAL,PARENTHETICAL
slx_8ed5bb4df1a3a120,45850,(To come to pass),,,English → Sindhi,ٿي پوڻ، عمل ۾ اچڻ,english,English → Sindhi,to come to pass,ٿي پوڻ عمل اچڻ,,SindhiLanguage.org,https://sindhilanguage.org/,Amar Fayaz Buriro (امر فياض ٻرڙو),(To come to pass),(To come to pass),PARENTHETICAL,PARENTHETICAL
slx_c530c7beeb104941,45851,(To come to stand still),,,English → Sindhi,بند ٿيڻ,english,English → Sindhi,to come to stand still,بند ٿيڻ,,SindhiLanguage.org,https://sindhilanguage.org/,Amar Fayaz Buriro (امر فياض ٻرڙو),(To come to stand still),(To come to stand still),PARENTHETICAL,PARENTHETICAL
slx_22393eb104f6fab3,45852,(To come to an under- standing),,,English → Sindhi,ڪنهن باهمي فيصلي تي اچڻ,english,English → Sindhi,to come to an under standing,ڪنهن باهمي فيصلي تي اچڻ,,SindhiLanguage.org,https://sindhilanguage.org/,Amar Fayaz Buriro (امر فياض ٻرڙو),(To come to an under- standing),(To come to an under- standing),PARENTHETICAL,PARENTHETICAL
slx_ace560ada506b780,45859,Comfort (n),,,English → Sindhi,آرام، تسڪين، سک، آسائش، تسلي,english,English → Sindhi,comfort n,آرام تسڪين سک آسائش تسلي,,SindhiLanguage.org,https://sindhilanguage.org/,Amar Fayaz Buriro (امر فياض ٻرڙو),Comfort (n),Comfort (n),HEADWORD_WITH_LABEL,HEADWORD_WITH_LABEL
slx_4f422ecfddf96fe9,45898,(To commit to memory),,,English → Sindhi,ياد ڪرڻ,english,English → Sindhi,to commit to memory,ياد ڪرڻ,,SindhiLanguage.org,https://sindhilanguage.org/,Amar Fayaz Buriro (امر فياض ٻرڙو),(To commit to memory),(To commit to memory),PARENTHETICAL,PARENTHETICAL
slx_77869bcbc01d1a61,46010,Compute (v),,,English → Sindhi,تخمينو ڪرڻ، شمار ڪرڻ، ڳڻڻ,english,English → Sindhi,compute v,تخمينو ڪرڻ شمار ڪرڻ ڳڻڻ,,SindhiLanguage.org,https://sindhilanguage.org/,Amar Fayaz Buriro (امر فياض ٻرڙو),Compute (v),Compute (v),HEADWORD_WITH_LABEL,HEADWORD_WITH_LABEL
slx_135cfeaf0bc87696,46216,Consols (pl),,,English → Sindhi,سرڪاري قرض يا هُنڍي,english,English → Sindhi,consols pl,سرڪاري قرض يا هنڍي,,SindhiLanguage.org,https://sindhilanguage.org/,Amar Fayaz Buriro (امر فياض ٻرڙو),Consols (pl),Consols (pl),HEADWORD_WITH_LABEL,HEADWORD_WITH_LABEL
slx_234cf9e8b78e6e40,46235,Dab (v),,,English → Sindhi,پٺي ٺپڻ، ٻچڪر ڏيئي ڪم ٽپائڻ، شاباس ڏيڻ,english,English → Sindhi,dab v,پٺي ٺپڻ ٻچڪر ڏيئي ڪم ٽپائڻ شاباس ڏيڻ,,SindhiLanguage.org,https://sindhilanguage.org/,Amar Fayaz Buriro (امر فياض ٻرڙو),Dab (v),Dab (v),HEADWORD_WITH_LABEL,HEADWORD_WITH_LABEL
slx_e6f8e8c3193364d5,46249,Daggle (v),,,English → Sindhi,آلي زمين تي گهلڻ، لٿوڙڻ,english,English → Sindhi,daggle v,آلي زمين تي گهلڻ لٿوڙڻ,,SindhiLanguage.org,https://sindhilanguage.org/,Amar Fayaz Buriro (امر فياض ٻرڙو),Daggle (v),Daggle (v),HEADWORD_WITH_LABEL,HEADWORD_WITH_LABEL
slx_a1426fac1438c7dc,46252,Dainties (pl.),,,English → Sindhi,نازڪ شيءِ، نعمت، سترڇي، کاڌخوراڪ,english,English → Sindhi,dainties pl,نازڪ شيء نعمت سترڇي کاڌخوراڪ,,SindhiLanguage.org,https://sindhilanguage.org/,Amar Fayaz Buriro (امر فياض ٻرڙو),Dainties (pl.),Dainties (pl.),HEADWORD_WITH_LABEL,HEADWORD_WITH_LABEL
slx_271219e1a02ba23e,46261,Dally (v),,,English → Sindhi,چنبڙچهٽ ڪرڻ، چمي ڀاڪر ڪرڻ، پيار ڪرڻ,english,English → Sindhi,dally v,چنبڙچهٽ ڪرڻ چمي ڀاڪر ڪرڻ پيار ڪرڻ,,SindhiLanguage.org,https://sindhilanguage.org/,Amar Fayaz Buriro (امر فياض ٻرڙو),Dally (v),Dally (v),HEADWORD_WITH_LABEL,HEADWORD_WITH_LABEL
slx_712e288755931862,46264,Damask ( suc),,,English → Sindhi,ڦولدار يا ڇريل ڪپڙو، کيس، گلابي رنگ,english,English → Sindhi,damask suc,ڦولدار يا ڇريل ڪپڙو کيس گلابي رنگ,,SindhiLanguage.org,https://sindhilanguage.org/,Amar Fayaz Buriro (امر فياض ٻرڙو),Damask ( suc),Damask (suc),HEADWORD_WITH_LABEL,HEADWORD_WITH_LABEL
slx_ccc14c8337f3ea23,46266,Damn (v),,,English → Sindhi,ڦٽڪار يا لعنت وجهڻ، ڌڪارڻ,english,English → Sindhi,damn v,ڦٽڪار يا لعنت وجهڻ ڌڪارڻ,,SindhiLanguage.org,https://sindhilanguage.org/,Amar Fayaz Buriro (امر فياض ٻرڙو),Damn (v),Damn (v),HEADWORD_WITH_LABEL,HEADWORD_WITH_LABEL
slx_feebeae8b3385202,46276,Dandle (v),,,English → Sindhi,نچائڻ، ٽپائڻ، ڪڏائڻ,english,English → Sindhi,dandle v,نچائڻ ٽپائڻ ڪڏائڻ,,SindhiLanguage.org,https://sindhilanguage.org/,Amar Fayaz Buriro (امر فياض ٻرڙو),Dandle (v),Dandle (v),HEADWORD_WITH_LABEL,HEADWORD_WITH_LABEL
slx_a4176ce11035efab,46277,Dandriff ( ruff),,,English → Sindhi,ٻڦو، مٿي جي خشڪي,english,English → Sindhi,dandriff ruff,ٻڦو مٿي جي خشڪي,,SindhiLanguage.org,https://sindhilanguage.org/,Amar Fayaz Buriro (امر فياض ٻرڙو),Dandriff ( ruff),Dandriff (ruff),HEADWORD_WITH_LABEL,HEADWORD_WITH_LABEL
slx_2292182e783dfbad,46281,Dangle (v),,,English → Sindhi,لڏڻ، جهوُلڻ، لٽڪڻ، پٺيان ڦرڻ,english,English → Sindhi,dangle v,لڏڻ جهولڻ لٽڪڻ پٺيان ڦرڻ,,SindhiLanguage.org,https://sindhilanguage.org/,Amar Fayaz Buriro (امر فياض ٻرڙو),Dangle (v),Dangle (v),HEADWORD_WITH_LABEL,HEADWORD_WITH_LABEL
slx_d261d96c4ce849b3,46284,Dapple (led),,,English → Sindhi,ابلق، چٽڪمرو، ابلق يا چٽڪمرو ڪرڻ,english,English → Sindhi,dapple led,ابلق چٽڪمرو ابلق يا چٽڪمرو ڪرڻ,,SindhiLanguage.org,https://sindhilanguage.org/,Amar Fayaz Buriro (امر فياض ٻرڙو),Dapple (led),Dapple (led),HEADWORD_WITH_LABEL,HEADWORD_WITH_LABEL
slx_bb47e899d78c14d1,46285,Dare (v),,,English → Sindhi,همت ٻڌڻ يا ڪرڻ، للڪارڻ، جوکم کڻڻ، مقابلو ڪرڻ,english,English → Sindhi,dare v,همت ٻڌڻ يا ڪرڻ للڪارڻ جوکم کڻڻ مقابلو ڪرڻ,,SindhiLanguage.org,https://sindhilanguage.org/,Amar Fayaz Buriro (امر فياض ٻرڙو),Dare (v),Dare (v),HEADWORD_WITH_LABEL,HEADWORD_WITH_LABEL
slx_69432a7b1b315b91,46288,Darken (v),,,English → Sindhi,اُونداهو ڪرڻ، لڪائڻ، غمگين ٿيڻ، اُداسي,english,English → Sindhi,darken v,اونداهو ڪرڻ لڪائڻ غمگين ٿيڻ اداسي,,SindhiLanguage.org,https://sindhilanguage.org/,Amar Fayaz Buriro (امر فياض ٻرڙو),Darken (v),Darken (v),HEADWORD_WITH_LABEL,HEADWORD_WITH_LABEL
slx_cff608d6c4f26242,46292,Darn (v),,,English → Sindhi,رفو ڪرڻ، تنڻ، مرمت ڪرڻ، ڀري ڇڏڻ,english,English → Sindhi,darn v,رفو ڪرڻ تنڻ مرمت ڪرڻ ڀري ڇڏڻ,,SindhiLanguage.org,https://sindhilanguage.org/,Amar Fayaz Buriro (امر فياض ٻرڙو),Darn (v),Darn (v),HEADWORD_WITH_LABEL,HEADWORD_WITH_LABEL
slx_518edfb8080d47e4,46303,Daub (v),,,English → Sindhi,پوٿو ڏيڻ، لنبڻ، لٿوڙڻ، ٿڦڻ، پسائڻ,english,English → Sindhi,daub v,پوٿو ڏيڻ لنبڻ لٿوڙڻ ٿڦڻ پسائڻ,,SindhiLanguage.org,https://sindhilanguage.org/,Amar Fayaz Buriro (امر فياض ٻرڙو),Daub (v),Daub (v),HEADWORD_WITH_LABEL,HEADWORD_WITH_LABEL
slx_da865d2e9cdffaab,46307,Daunt (v),,,English → Sindhi,ڊيڄارڻ، ڌمڪائڻ، بيدل ڪرڻ,english,English → Sindhi,daunt v,ڊيڄارڻ ڌمڪائڻ بيدل ڪرڻ,,SindhiLanguage.org,https://sindhilanguage.org/,Amar Fayaz Buriro (امر فياض ٻرڙو),Daunt (v),Daunt (v),HEADWORD_WITH_LABEL,HEADWORD_WITH_LABEL
slx_9a525daa7cbc9b67,46326,Deaden (v),,,English → Sindhi,ڪمزور يا نستو ڪرڻ، مارڻ، سن ڪرڻ,english,English → Sindhi,deaden v,ڪمزور يا نستو ڪرڻ مارڻ سن ڪرڻ,,SindhiLanguage.org,https://sindhilanguage.org/,Amar Fayaz Buriro (امر فياض ٻرڙو),Deaden (v),Deaden (v),HEADWORD_WITH_LABEL,HEADWORD_WITH_LABEL
slx_82956fe9a086bab7,46331,Deafen (v),,,English → Sindhi,ٻوڙو ڪرڻ,english,English → Sindhi,deafen v,ٻوڙو ڪرڻ,,SindhiLanguage.org,https://sindhilanguage.org/,Amar Fayaz Buriro (امر فياض ٻرڙو),Deafen (v),Deafen (v),HEADWORD_WITH_LABEL,HEADWORD_WITH_LABEL
slx_9aa3b3cd42c642a4,46342,(At death’s door),,,English → Sindhi,مرڻ ڪنڌيءَ تي، موت کي ويجهو,english,English → Sindhi,at death s door,مرڻ ڪنڌيء تي موت کي ويجهو,,SindhiLanguage.org,https://sindhilanguage.org/,Amar Fayaz Buriro (امر فياض ٻرڙو),(At death’s door),(At death’s door),PARENTHETICAL,PARENTHETICAL
slx_6a82fffd66cec287,46366,(Bad Debt),,,English → Sindhi,اُهو قرض جو وصول ٿي نه سگهي,english,English → Sindhi,bad debt,اهو قرض جو وصول ٿي نه سگهي,,SindhiLanguage.org,https://sindhilanguage.org/,Amar Fayaz Buriro (امر فياض ٻرڙو),(Bad Debt),(Bad Debt),PARENTHETICAL,PARENTHETICAL
slx_21af9f2b7a79ad1f,46367,(To pay of nature),,,English → Sindhi,مرڻ,english,English → Sindhi,to pay of nature,مرڻ,,SindhiLanguage.org,https://sindhilanguage.org/,Amar Fayaz Buriro (امر فياض ٻرڙو),(To pay of nature),(To pay of nature),PARENTHETICAL,PARENTHETICAL
slx_629e72d22d533083,46368,(Over head & ears in debt),,,English → Sindhi,ننهن کان چوٽيءَ تائين قرض ۾ ورتل,english,English → Sindhi,over head ears in debt,ننهن کان چوٽيء تائين قرض ورتل,,SindhiLanguage.org,https://sindhilanguage.org/,Amar Fayaz Buriro (امر فياض ٻرڙو),(Over head & ears in debt),(Over head & ears in debt),PARENTHETICAL,PARENTHETICAL
slx_8555c05fdedbaa7c,46374,Decamp (v),,,English → Sindhi,ديرو پٽڻ يا کڻڻ، روانو ٿيڻ، ڀڄڻ، لڪڻ، ڪوُچ ڪرڻ، منزل کڻڻ,english,English → Sindhi,decamp v,ديرو پٽڻ يا کڻڻ روانو ٿيڻ ڀڄڻ لڪڻ ڪوچ ڪرڻ منزل کڻڻ,,SindhiLanguage.org,https://sindhilanguage.org/,Amar Fayaz Buriro (امر فياض ٻرڙو),Decamp (v),Decamp (v),HEADWORD_WITH_LABEL,HEADWORD_WITH_LABEL
slx_7fad21c5bcfc2cfa,46375,Decant (v),,,English → Sindhi,اوتڻ، اُلٽائڻ، آڇرائڻ,english,English → Sindhi,decant v,اوتڻ الٽائڻ آڇرائڻ,,SindhiLanguage.org,https://sindhilanguage.org/,Amar Fayaz Buriro (امر فياض ٻرڙو),Decant (v),Decant (v),HEADWORD_WITH_LABEL,HEADWORD_WITH_LABEL
slx_1a079c64e35d46ac,46377,Decapitate (v),,,English → Sindhi,سسي وڍڻ، سر لاهڻ، قتل ڪرڻ,english,English → Sindhi,decapitate v,سسي وڍڻ سر لاهڻ قتل ڪرڻ,,SindhiLanguage.org,https://sindhilanguage.org/,Amar Fayaz Buriro (امر فياض ٻرڙو),Decapitate (v),Decapitate (v),HEADWORD_WITH_LABEL,HEADWORD_WITH_LABEL
slx_267964b8a44f3c88,46379,Decay (v),,,English → Sindhi,سڙڻ، ڳرڻ، ناس ٿيڻ، ڪومائجڻ، زواليت، ابتري، ساڙ,english,English → Sindhi,decay v,سڙڻ ڳرڻ ناس ٿيڻ ڪومائجڻ زواليت ابتري ساڙ,,SindhiLanguage.org,https://sindhilanguage.org/,Amar Fayaz Buriro (امر فياض ٻرڙو),Decay (v),Decay (v),HEADWORD_WITH_LABEL,HEADWORD_WITH_LABEL
slx_cdecf2fa6a247fb3,46380,Decease (v),,,English → Sindhi,مرڻ,english,English → Sindhi,decease v,مرڻ,,SindhiLanguage.org,https://sindhilanguage.org/,Amar Fayaz Buriro (امر فياض ٻرڙو),Decease (v),Decease (v),HEADWORD_WITH_LABEL,HEADWORD_WITH_LABEL
slx_d0d174a5ea829cd5,46385,Deceive (v),,,English → Sindhi,فريب يا ڌوڪو ڏيڻ، نااُميد يا نراس ڪرڻ، ٺڳڻ، ڀنڀلائڻ,english,English → Sindhi,deceive v,فريب يا ڌوڪو ڏيڻ نااميد يا نراس ڪرڻ ٺڳڻ ڀنڀلائڻ,,SindhiLanguage.org,https://sindhilanguage.org/,Amar Fayaz Buriro (امر فياض ٻرڙو),Deceive (v),Deceive (v),HEADWORD_WITH_LABEL,HEADWORD_WITH_LABEL
slx_dec40bbf989e413e,46387,Decennary ( nium),,,English → Sindhi,ڏهه سالو، ڏهن سالن جو عرصو,english,English → Sindhi,decennary nium,ڏهه سالو ڏهن سالن جو عرصو,,SindhiLanguage.org,https://sindhilanguage.org/,Amar Fayaz Buriro (امر فياض ٻرڙو),Decennary ( nium),Decennary (nium),HEADWORD_WITH_LABEL,HEADWORD_WITH_LABEL
slx_1df89f771bac1b17,46393,Decide (v),,,English → Sindhi,فيصلو ڪرڻ، ارادو ڪرڻ، تجويز ڪرڻ، نبيرڻ,english,English → Sindhi,decide v,فيصلو ڪرڻ ارادو ڪرڻ تجويز ڪرڻ نبيرڻ,,SindhiLanguage.org,https://sindhilanguage.org/,Amar Fayaz Buriro (امر فياض ٻرڙو),Decide (v),Decide (v),HEADWORD_WITH_LABEL,HEADWORD_WITH_LABEL
slx_f1e83db007712764,46397,Decimate (v),,,English → Sindhi,ڏهون حصو وٺڻ، ڏهين پتي چٽ ڪرڻ، ا ُٿيڙڻ,english,English → Sindhi,decimate v,ڏهون حصو وٺڻ ڏهين پتي چٽ ڪرڻ ا ٿيڙڻ,,SindhiLanguage.org,https://sindhilanguage.org/,Amar Fayaz Buriro (امر فياض ٻرڙو),Decimate (v),Decimate (v),HEADWORD_WITH_LABEL,HEADWORD_WITH_LABEL
slx_7ab80a38119ef454,46398,Decipher (v),,,English → Sindhi,بيان ڪرڻ، حل ڪرڻ، تعبير ڪرڻ، ظاهر ڪرڻ,english,English → Sindhi,decipher v,بيان ڪرڻ حل ڪرڻ تعبير ڪرڻ ظاهر ڪرڻ,,SindhiLanguage.org,https://sindhilanguage.org/,Amar Fayaz Buriro (امر فياض ٻرڙو),Decipher (v),Decipher (v),HEADWORD_WITH_LABEL,HEADWORD_WITH_LABEL
slx_a419040b5a122adc,46402,Declaim (v),,,English → Sindhi,وعظ يا تقرير ڪرڻ، جوش خروش سان وعظ ڪرڻ,english,English → Sindhi,declaim v,وعظ يا تقرير ڪرڻ جوش خروش سان وعظ ڪرڻ,,SindhiLanguage.org,https://sindhilanguage.org/,Amar Fayaz Buriro (امر فياض ٻرڙو),Declaim (v),Declaim (v),HEADWORD_WITH_LABEL,HEADWORD_WITH_LABEL
slx_2364c6bb2bf688fd,46408,Declare (v),,,English → Sindhi,ظاهر يا مشهور ڪرڻ، بيان ڪرڻ، چوڻ,english,English → Sindhi,declare v,ظاهر يا مشهور ڪرڻ بيان ڪرڻ چوڻ,,SindhiLanguage.org,https://sindhilanguage.org/,Amar Fayaz Buriro (امر فياض ٻرڙو),Declare (v),Declare (v),HEADWORD_WITH_LABEL,HEADWORD_WITH_LABEL
slx_effec2006d6e907a,46411,Decline (v),,,English → Sindhi,انڪار ڪرڻ، باز رکڻ، پرهيز ڪرڻ، جهڪڻ,english,English → Sindhi,decline v,انڪار ڪرڻ باز رکڻ پرهيز ڪرڻ جهڪڻ,,SindhiLanguage.org,https://sindhilanguage.org/,Amar Fayaz Buriro (امر فياض ٻرڙو),Decline (v),Decline (v),HEADWORD_WITH_LABEL,HEADWORD_WITH_LABEL
slx_3a607cea2dcab5c4,46412,Decline (n),,,English → Sindhi,زوال، پؤڻائي، موڙي، موٽ، سلهه,english,English → Sindhi,decline n,زوال پؤڻائي موڙي موٽ سلهه,,SindhiLanguage.org,https://sindhilanguage.org/,Amar Fayaz Buriro (امر فياض ٻرڙو),Decline (n),Decline (n),HEADWORD_WITH_LABEL,HEADWORD_WITH_LABEL
slx_b988e3441cbbd37f,46414,Decoct (v),,,English → Sindhi,جوش ڏيڻ، هضم ڪرڻ، عرق يا ڪاڙهو,english,English → Sindhi,decoct v,جوش ڏيڻ هضم ڪرڻ عرق يا ڪاڙهو,,SindhiLanguage.org,https://sindhilanguage.org/,Amar Fayaz Buriro (امر فياض ٻرڙو),Decoct (v),Decoct (v),HEADWORD_WITH_LABEL,HEADWORD_WITH_LABEL
slx_df31a16e98114c9c,46418,Decolour (v),,,English → Sindhi,سفيد ڪرڻ، رنگ لاهڻ,english,English → Sindhi,decolour v,سفيد ڪرڻ رنگ لاهڻ,,SindhiLanguage.org,https://sindhilanguage.org/,Amar Fayaz Buriro (امر فياض ٻرڙو),Decolour (v),Decolour (v),HEADWORD_WITH_LABEL,HEADWORD_WITH_LABEL
slx_de415eb93f8d4753,46419,Decompose (v),,,English → Sindhi,جدا ڪرڻ، سڙڻ، وٽڙڻ، ڳرڻ، خراب ٿيڻ,english,English → Sindhi,decompose v,جدا ڪرڻ سڙڻ وٽڙڻ ڳرڻ خراب ٿيڻ,,SindhiLanguage.org,https://sindhilanguage.org/,Amar Fayaz Buriro (امر فياض ٻرڙو),Decompose (v),Decompose (v),HEADWORD_WITH_LABEL,HEADWORD_WITH_LABEL
slx_42f5cb139cba5527,46421,Decorate (v),,,English → Sindhi,سينگارڻ، ٺاهه، ٺوهه ڪرڻ، سنوارڻ,english,English → Sindhi,decorate v,سينگارڻ ٺاهه ٺوهه ڪرڻ سنوارڻ,,SindhiLanguage.org,https://sindhilanguage.org/,Amar Fayaz Buriro (امر فياض ٻرڙو),Decorate (v),Decorate (v),HEADWORD_WITH_LABEL,HEADWORD_WITH_LABEL
slx_0878b6121e9c4e80,46431,Decrepitate (v),,,English → Sindhi,باهه جو ٽڙڪڻ، ٽڙ ٽڙ ڪرڻ، سيڪڻ,english,English → Sindhi,decrepitate v,باهه جو ٽڙڪڻ ٽڙ ٽڙ ڪرڻ سيڪڻ,,SindhiLanguage.org,https://sindhilanguage.org/,Amar Fayaz Buriro (امر فياض ٻرڙو),Decrepitate (v),Decrepitate (v),HEADWORD_WITH_LABEL,HEADWORD_WITH_LABEL
slx_a67bef4e6873bd97,46436,De-crown (v),,,English → Sindhi,تخت تان لاهڻ,english,English → Sindhi,de crown v,تخت تان لاهڻ,,SindhiLanguage.org,https://sindhilanguage.org/,Amar Fayaz Buriro (امر فياض ٻرڙو),De-crown (v),De-crown (v),HEADWORD_WITH_LABEL,HEADWORD_WITH_LABEL
slx_61a608020fa48702,46437,Decry (v),,,English → Sindhi,تڇ يا حقير ڪرڻ، نندڻ، ڌڪارڻ، بدنام ڪرڻ,english,English → Sindhi,decry v,تڇ يا حقير ڪرڻ نندڻ ڌڪارڻ بدنام ڪرڻ,,SindhiLanguage.org,https://sindhilanguage.org/,Amar Fayaz Buriro (امر فياض ٻرڙو),Decry (v),Decry (v),HEADWORD_WITH_LABEL,HEADWORD_WITH_LABEL
slx_7ee89c25d7fed737,46440,Dedecorate (v),,,English → Sindhi,بدنام يا خوار ڪرڻ,english,English → Sindhi,dedecorate v,بدنام يا خوار ڪرڻ,,SindhiLanguage.org,https://sindhilanguage.org/,Amar Fayaz Buriro (امر فياض ٻرڙو),Dedecorate (v),Dedecorate (v),HEADWORD_WITH_LABEL,HEADWORD_WITH_LABEL
slx_4b5d45529cfe5293,46444,Deduce (v),,,English → Sindhi,نتيجو يا انومان ڪڍڻ، حاصل ڪرڻ,english,English → Sindhi,deduce v,نتيجو يا انومان ڪڍڻ حاصل ڪرڻ,,SindhiLanguage.org,https://sindhilanguage.org/,Amar Fayaz Buriro (امر فياض ٻرڙو),Deduce (v),Deduce (v),HEADWORD_WITH_LABEL,HEADWORD_WITH_LABEL
slx_494fefa2d7cce2da,46446,Deduct (v),,,English → Sindhi,گهٽائڻ، وضع ڪرڻ، ڪاٽڻ,english,English → Sindhi,deduct v,گهٽائڻ وضع ڪرڻ ڪاٽڻ,,SindhiLanguage.org,https://sindhilanguage.org/,Amar Fayaz Buriro (امر فياض ٻرڙو),Deduct (v),Deduct (v),HEADWORD_WITH_LABEL,HEADWORD_WITH_LABEL
slx_8b963a8076eacd32,46451,(In) deed,,,English → Sindhi,البت، ضرور، سچ پچ، درحقيقت,english,English → Sindhi,in deed,البت ضرور سچ پچ درحقيقت,,SindhiLanguage.org,https://sindhilanguage.org/,Amar Fayaz Buriro (امر فياض ٻرڙو),(In) deed,(In) deed,HEADWORD_WITH_LABEL,HEADWORD_WITH_LABEL
slx_5ebc31dad99e3995,46458,Deface (v),,,English → Sindhi,بگاڙڻ، بدشڪل بنائڻ,english,English → Sindhi,deface v,بگاڙڻ بدشڪل بنائڻ,,SindhiLanguage.org,https://sindhilanguage.org/,Amar Fayaz Buriro (امر فياض ٻرڙو),Deface (v),Deface (v),HEADWORD_WITH_LABEL,HEADWORD_WITH_LABEL
slx_6dd8fbf51fbb2f95,46470,Defecate (v),,,English → Sindhi,صاف ڪرڻ,english,English → Sindhi,defecate v,صاف ڪرڻ,,SindhiLanguage.org,https://sindhilanguage.org/,Amar Fayaz Buriro (امر فياض ٻرڙو),Defecate (v),Defecate (v),HEADWORD_WITH_LABEL,HEADWORD_WITH_LABEL
slx_d9ae12e7c7b9db87,46492,Define (v),,,English → Sindhi,تعريف ڪرڻ، ظاهر ڪرڻ,english,English → Sindhi,define v,تعريف ڪرڻ ظاهر ڪرڻ,,SindhiLanguage.org,https://sindhilanguage.org/,Amar Fayaz Buriro (امر فياض ٻرڙو),Define (v),Define (v),HEADWORD_WITH_LABEL,HEADWORD_WITH_LABEL
slx_8f398965286bca97,46497,Deflect (v),,,English → Sindhi,موڙڻ، جهڪائڻ، گمراهه ڪرڻ يا ٿيڻ,english,English → Sindhi,deflect v,موڙڻ جهڪائڻ گمراهه ڪرڻ يا ٿيڻ,,SindhiLanguage.org,https://sindhilanguage.org/,Amar Fayaz Buriro (امر فياض ٻرڙو),Deflect (v),Deflect (v),HEADWORD_WITH_LABEL,HEADWORD_WITH_LABEL
slx_46f1eb6d3e9f1e92,46499,Deflour (v),,,English → Sindhi,گل ٽوڙڻ يا ڇنڻ، بي آبرو ڪرڻ، خراب ڪرڻ,english,English → Sindhi,deflour v,گل ٽوڙڻ يا ڇنڻ بي آبرو ڪرڻ خراب ڪرڻ,,SindhiLanguage.org,https://sindhilanguage.org/,Amar Fayaz Buriro (امر فياض ٻرڙو),Deflour (v),Deflour (v),HEADWORD_WITH_LABEL,HEADWORD_WITH_LABEL
slx_c59f2076460f257f,46500,Deflower (v),,,English → Sindhi,زنا ڪرڻ، گل ٽوڙڻ، بي آبرو ڪرڻ,english,English → Sindhi,deflower v,زنا ڪرڻ گل ٽوڙڻ بي آبرو ڪرڻ,,SindhiLanguage.org,https://sindhilanguage.org/,Amar Fayaz Buriro (امر فياض ٻرڙو),Deflower (v),Deflower (v),HEADWORD_WITH_LABEL,HEADWORD_WITH_LABEL
slx_7da49211202419cf,46501,Defoliate (v),,,English → Sindhi,پنن جو ڇڻڻ,english,English → Sindhi,defoliate v,پنن جو ڇڻڻ,,SindhiLanguage.org,https://sindhilanguage.org/,Amar Fayaz Buriro (امر فياض ٻرڙو),Defoliate (v),Defoliate (v),HEADWORD_WITH_LABEL,HEADWORD_WITH_LABEL
slx_9a7b035663cc80d1,46502,Deform (v),,,English → Sindhi,شڪل بگاڙڻ، بدشڪل ڪرڻ,english,English → Sindhi,deform v,شڪل بگاڙڻ بدشڪل ڪرڻ,,SindhiLanguage.org,https://sindhilanguage.org/,Amar Fayaz Buriro (امر فياض ٻرڙو),Deform (v),Deform (v),HEADWORD_WITH_LABEL,HEADWORD_WITH_LABEL
slx_7daad558dd71b27e,46504,Defraud (v),,,English → Sindhi,حق مارڻ، ٺڳي ڪڻ,english,English → Sindhi,defraud v,حق مارڻ ٺڳي ڪڻ,,SindhiLanguage.org,https://sindhilanguage.org/,Amar Fayaz Buriro (امر فياض ٻرڙو),Defraud (v),Defraud (v),HEADWORD_WITH_LABEL,HEADWORD_WITH_LABEL
slx_e7778b71bd1b6ec3,46510,Defy (v),,,English → Sindhi,للڪارڻ، مقابلو ڪرڻ,english,English → Sindhi,defy v,للڪارڻ مقابلو ڪرڻ,,SindhiLanguage.org,https://sindhilanguage.org/,Amar Fayaz Buriro (امر فياض ٻرڙو),Defy (v),Defy (v),HEADWORD_WITH_LABEL,HEADWORD_WITH_LABEL
slx_0101b6a2fe6e2f4c,46514,Deglutinate (v),,,English → Sindhi,ڇڏڻ، جدا ڪرڻ,english,English → Sindhi,deglutinate v,ڇڏڻ جدا ڪرڻ,,SindhiLanguage.org,https://sindhilanguage.org/,Amar Fayaz Buriro (امر فياض ٻرڙو),Deglutinate (v),Deglutinate (v),HEADWORD_WITH_LABEL,HEADWORD_WITH_LABEL
slx_212bfe4ed6e201b9,46517,Degrade (v),,,English → Sindhi,گهٽائڻ، بدنام ڪرڻ، درجو گهٽائڻ، کارڻ,english,English → Sindhi,degrade v,گهٽائڻ بدنام ڪرڻ درجو گهٽائڻ کارڻ,,SindhiLanguage.org,https://sindhilanguage.org/,Amar Fayaz Buriro (امر فياض ٻرڙو),Degrade (v),Degrade (v),HEADWORD_WITH_LABEL,HEADWORD_WITH_LABEL
slx_2c55e3503f7bda5f,46519,(By degrees),,,English → Sindhi,درجي بدرجي,english,English → Sindhi,by degrees,درجي بدرجي,,SindhiLanguage.org,https://sindhilanguage.org/,Amar Fayaz Buriro (امر فياض ٻرڙو),(By degrees),(By degrees),PARENTHETICAL,PARENTHETICAL
slx_54cf0950374920b3,46520,(To a degree),,,English → Sindhi,ايسيتائين,english,English → Sindhi,to a degree,ايسيتائين,,SindhiLanguage.org,https://sindhilanguage.org/,Amar Fayaz Buriro (امر فياض ٻرڙو),(To a degree),(To a degree),PARENTHETICAL,PARENTHETICAL
slx_223d403bf9159742,46557,Deliver (n),,,English → Sindhi,حوالي ڪرڻ، سونپڻ، ڇڏڻ، تقرير ڪرڻ,english,English → Sindhi,deliver n,حوالي ڪرڻ سونپڻ ڇڏڻ تقرير ڪرڻ,,SindhiLanguage.org,https://sindhilanguage.org/,Amar Fayaz Buriro (امر فياض ٻرڙو),Deliver (n),Deliver (n),HEADWORD_WITH_LABEL,HEADWORD_WITH_LABEL
slx_357280ebdda01098,46558,(To deliver child),,,English → Sindhi,ٻار ڄڻڻ، ڄڻڻ,english,English → Sindhi,to deliver child,ٻار ڄڻڻ ڄڻڻ,,SindhiLanguage.org,https://sindhilanguage.org/,Amar Fayaz Buriro (امر فياض ٻرڙو),(To deliver child),(To deliver child),PARENTHETICAL,PARENTHETICAL
slx_496d1d6ccd0d00e3,46564,Deluge (n),,,English → Sindhi,حضرت نوح جي وقت ۾ ٿيل طوفان ۽ ٻوڏ,english,English → Sindhi,deluge n,حضرت نوح جي وقت ٿيل طوفان ٻوڏ,,SindhiLanguage.org,https://sindhilanguage.org/,Amar Fayaz Buriro (امر فياض ٻرڙو),Deluge (n),Deluge (n),HEADWORD_WITH_LABEL,HEADWORD_WITH_LABEL
slx_5c2e69ea6b5e180b,46565,Deluge (v),,,English → Sindhi,غوطا ڏيڻ، ٻوڙڻ، غرق ڪرڻ,english,English → Sindhi,deluge v,غوطا ڏيڻ ٻوڙڻ غرق ڪرڻ,,SindhiLanguage.org,https://sindhilanguage.org/,Amar Fayaz Buriro (امر فياض ٻرڙو),Deluge (v),Deluge (v),HEADWORD_WITH_LABEL,HEADWORD_WITH_LABEL
slx_529b393acac4afdb,46571,Demand (v),,,English → Sindhi,پڇڻ، گهرڻ، طلب ڪرڻ، دعويٰ ڪرڻ,english,English → Sindhi,demand v,پڇڻ گهرڻ طلب ڪرڻ دعوي ڪرڻ,,SindhiLanguage.org,https://sindhilanguage.org/,Amar Fayaz Buriro (امر فياض ٻرڙو),Demand (v),Demand (v),HEADWORD_WITH_LABEL,HEADWORD_WITH_LABEL
slx_fad50378fe2bd279,46572,Demand (n),,,English → Sindhi,گهر، گهرج، طلب، ڇڪ,english,English → Sindhi,demand n,گهر گهرج طلب ڇڪ,,SindhiLanguage.org,https://sindhilanguage.org/,Amar Fayaz Buriro (امر فياض ٻرڙو),Demand (n),Demand (n),HEADWORD_WITH_LABEL,HEADWORD_WITH_LABEL
slx_48d7c04202ec6331,46585,Demolish (v),,,English → Sindhi,ڊاهڻ، ڪيرائڻ، بربادي ڪرڻ,english,English → Sindhi,demolish v,ڊاهڻ ڪيرائڻ بربادي ڪرڻ,,SindhiLanguage.org,https://sindhilanguage.org/,Amar Fayaz Buriro (امر فياض ٻرڙو),Demolish (v),Demolish (v),HEADWORD_WITH_LABEL,HEADWORD_WITH_LABEL
slx_e921b8426ac8d387,46632,Dependant (ent),,,English → Sindhi,تابعدار، نوڪر، ماتحت، زيردست، ٻيلي,english,English → Sindhi,dependant ent,تابعدار نوڪر ماتحت زيردست ٻيلي,,SindhiLanguage.org,https://sindhilanguage.org/,Amar Fayaz Buriro (امر فياض ٻرڙو),Dependant (ent),Dependant (ent),HEADWORD_WITH_LABEL,HEADWORD_WITH_LABEL
slx_29a551ebb6a394d6,46721,Despair (n),,,English → Sindhi,نااميدي، نراسائي,english,English → Sindhi,despair n,نااميدي نراسائي,,SindhiLanguage.org,https://sindhilanguage.org/,Amar Fayaz Buriro (امر فياض ٻرڙو),Despair (n),Despair (n),HEADWORD_WITH_LABEL,HEADWORD_WITH_LABEL
slx_0f295f53ccba15d2,46722,Despair (v),,,English → Sindhi,نااميد ٿيڻ، نراس ٿيڻ,english,English → Sindhi,despair v,نااميد ٿيڻ نراس ٿيڻ,,SindhiLanguage.org,https://sindhilanguage.org/,Amar Fayaz Buriro (امر فياض ٻرڙو),Despair (v),Despair (v),HEADWORD_WITH_LABEL,HEADWORD_WITH_LABEL
slx_0b5843472d436a4b,46787,Develop (v),,,English → Sindhi,کولڻ، آشڪار ڪرڻ، ظاهر ڪرڻ,english,English → Sindhi,develop v,کولڻ آشڪار ڪرڻ ظاهر ڪرڻ,,SindhiLanguage.org,https://sindhilanguage.org/,Amar Fayaz Buriro (امر فياض ٻرڙو),Develop (v),Develop (v),HEADWORD_WITH_LABEL,HEADWORD_WITH_LABEL
slx_54a73e2f32d74aec,46841,Dicky (key),,,English → Sindhi,گاڏي واري جي وهڻ جي جاءِ، ڪوچ، باڪس، گاڌي,english,English → Sindhi,dicky key,گاڏي واري جي وهڻ جي جاء ڪوچ باڪس گاڌي,,SindhiLanguage.org,https://sindhilanguage.org/,Amar Fayaz Buriro (امر فياض ٻرڙو),Dicky (key),Dicky (key),HEADWORD_WITH_LABEL,HEADWORD_WITH_LABEL
slx_b2635e6e8f031307,46900,Diluvium (vion),,,English → Sindhi,دريا جو رءُ، مٽي، لٽ,english,English → Sindhi,diluvium vion,دريا جو رء مٽي لٽ,,SindhiLanguage.org,https://sindhilanguage.org/,Amar Fayaz Buriro (امر فياض ٻرڙو),Diluvium (vion),Diluvium (vion),HEADWORD_WITH_LABEL,HEADWORD_WITH_LABEL
slx_0c5c71216d9eb36d,46924,Direct (v),,,English → Sindhi,فرمان ڪرڻ، سڌي رستي تي هلائڻ، هدايت ڏيڻ,english,English → Sindhi,direct v,فرمان ڪرڻ سڌي رستي تي هلائڻ هدايت ڏيڻ,,SindhiLanguage.org,https://sindhilanguage.org/,Amar Fayaz Buriro (امر فياض ٻرڙو),Direct (v),Direct (v),HEADWORD_WITH_LABEL,HEADWORD_WITH_LABEL
slx_18dd5bb267606ec5,46972,Disc (Disk),,,English → Sindhi,ٿالهي، چڪر، ٽڪي قرض، ٽڪي، چڪي، چڪر، چنڊ,english,English → Sindhi,disc disk,ٿالهي چڪر ٽڪي قرض ٽڪي چڪي چڪر چنڊ,,SindhiLanguage.org,https://sindhilanguage.org/,Amar Fayaz Buriro (امر فياض ٻرڙو),Disc (Disk),Disc (Disk),HEADWORD_WITH_LABEL,HEADWORD_WITH_LABEL
slx_bf4ccda04a77a72c,46981,Discipline (v),,,English → Sindhi,سيکارڻ، ضابطي ۾ رکڻ، قواعد ڪرائڻ,english,English → Sindhi,discipline v,سيکارڻ ضابطي رکڻ قواعد ڪرائڻ,,SindhiLanguage.org,https://sindhilanguage.org/,Amar Fayaz Buriro (امر فياض ٻرڙو),Discipline (v),Discipline (v),HEADWORD_WITH_LABEL,HEADWORD_WITH_LABEL
slx_6cdfeb7535b4af14,47263,(Go to the dogs),,,English → Sindhi,برباد ٿيڻ,english,English → Sindhi,go to the dogs,برباد ٿيڻ,,SindhiLanguage.org,https://sindhilanguage.org/,Amar Fayaz Buriro (امر فياض ٻرڙو),(Go to the dogs),(Go to the dogs),PARENTHETICAL,PARENTHETICAL
slx_99a66fe289112544,47264,(To live a life of a dog),,,English → Sindhi,خراب نموني حياتي گذارڻ,english,English → Sindhi,to live a life of a dog,خراب نموني حياتي گذارڻ,,SindhiLanguage.org,https://sindhilanguage.org/,Amar Fayaz Buriro (امر فياض ٻرڙو),(To live a life of a dog),(To live a life of a dog),PARENTHETICAL,PARENTHETICAL
slx_2fcf0c493fd2ae4f,47339,Downward (wards),,,English → Sindhi,هيٺ، هيٺئين پاسي,english,English → Sindhi,downward wards,هيٺ هيٺئين پاسي,,SindhiLanguage.org,https://sindhilanguage.org/,Amar Fayaz Buriro (امر فياض ٻرڙو),Downward (wards),Downward (wards),HEADWORD_WITH_LABEL,HEADWORD_WITH_LABEL
slx_3fbd7361f967b6bd,47340,(Down in the mouth),,,English → Sindhi,ملول، اُداس,english,English → Sindhi,down in the mouth,ملول اداس,,SindhiLanguage.org,https://sindhilanguage.org/,Amar Fayaz Buriro (امر فياض ٻرڙو),(Down in the mouth),(Down in the mouth),PARENTHETICAL,PARENTHETICAL
slx_b26249a48f01710c,47406,(To weep ones full),,,English → Sindhi,دل کولي روئڻ,english,English → Sindhi,to weep ones full,دل کولي روئڻ,,SindhiLanguage.org,https://sindhilanguage.org/,Amar Fayaz Buriro (امر فياض ٻرڙو),(To weep ones full),(To weep ones full),PARENTHETICAL,PARENTHETICAL
slx_8c0d16cc682587ae,47407,(To eat ones full),,,English → Sindhi,پيٽ ڀري کائڻ,english,English → Sindhi,to eat ones full,پيٽ ڀري کائڻ,,SindhiLanguage.org,https://sindhilanguage.org/,Amar Fayaz Buriro (امر فياض ٻرڙو),(To eat ones full),(To eat ones full),PARENTHETICAL,PARENTHETICAL
slx_460f79c13ab8aac5,47408,(To fill up to the brim),,,English → Sindhi,ڪنن تائين ڀرڻ، لبريز ڪرڻ,english,English → Sindhi,to fill up to the brim,ڪنن تائين ڀرڻ لبريز ڪرڻ,,SindhiLanguage.org,https://sindhilanguage.org/,Amar Fayaz Buriro (امر فياض ٻرڙو),(To fill up to the brim),(To fill up to the brim),PARENTHETICAL,PARENTHETICAL
slx_91347890ec77c23b,47426,(To find fault with),,,English → Sindhi,عيب ڪڍڻ,english,English → Sindhi,to find fault with,عيب ڪڍڻ,,SindhiLanguage.org,https://sindhilanguage.org/,Amar Fayaz Buriro (امر فياض ٻرڙو),(To find fault with),(To find fault with),PARENTHETICAL,PARENTHETICAL
slx_68a0ad327c4d9999,47461,(Bunch of fives),,,English → Sindhi,مڪو، مٺ,english,English → Sindhi,bunch of fives,مڪو مٺ,,SindhiLanguage.org,https://sindhilanguage.org/,Amar Fayaz Buriro (امر فياض ٻرڙو),(Bunch of fives),(Bunch of fives),PARENTHETICAL,PARENTHETICAL
slx_075cc85fcb3f9a48,47464,(To be in a fix),,,English → Sindhi,موُنجهه ۾ هجڻ، مشڪل ۾ هجڻ,english,English → Sindhi,to be in a fix,مونجهه هجڻ مشڪل هجڻ,,SindhiLanguage.org,https://sindhilanguage.org/,Amar Fayaz Buriro (امر فياض ٻرڙو),(To be in a fix),(To be in a fix),PARENTHETICAL,PARENTHETICAL
slx_2e3ae46fbece1632,47472,(To bring to the),,,English → Sindhi,نيلام ذريعي وڪرو ڪرڻ,english,English → Sindhi,to bring to the,نيلام ذريعي وڪرو ڪرڻ,,SindhiLanguage.org,https://sindhilanguage.org/,Amar Fayaz Buriro (امر فياض ٻرڙو),(To bring to the),(To bring to the),PARENTHETICAL,PARENTHETICAL
slx_9d5d2074a40067ef,47473,(Up to the),,,English → Sindhi,عمدو، اعليٰ، بهترين,english,English → Sindhi,up to the,عمدو اعلي بهترين,,SindhiLanguage.org,https://sindhilanguage.org/,Amar Fayaz Buriro (امر فياض ٻرڙو),(Up to the),(Up to the),PARENTHETICAL,PARENTHETICAL
slx_be55653ec345132f,47480,(One’s right hand),,,English → Sindhi,ڪنهن جو نهايت سچو مددگار يا ساٿي,english,English → Sindhi,one s right hand,ڪنهن جو نهايت سچو مددگار يا ساٿي,,SindhiLanguage.org,https://sindhilanguage.org/,Amar Fayaz Buriro (امر فياض ٻرڙو),(One’s right hand),(One’s right hand),PARENTHETICAL,PARENTHETICAL
slx_995e0df3a1b58102,47481,(By hand),,,English → Sindhi,هٿون هٿ,english,English → Sindhi,by hand,هٿون هٿ,,SindhiLanguage.org,https://sindhilanguage.org/,Amar Fayaz Buriro (امر فياض ٻرڙو),(By hand),(By hand),PARENTHETICAL,PARENTHETICAL
slx_88f874613c32f0a5,47482,(In hand),,,English → Sindhi,نقد، روڪڙا,english,English → Sindhi,in hand,نقد روڪڙا,,SindhiLanguage.org,https://sindhilanguage.org/,Amar Fayaz Buriro (امر فياض ٻرڙو),(In hand),(In hand),PARENTHETICAL,PARENTHETICAL
slx_64f40adba493b56b,47483,(Hand to mouth),,,English → Sindhi,وصيت آهر، ضرورت سارو,english,English → Sindhi,hand to mouth,وصيت آهر ضرورت سارو,,SindhiLanguage.org,https://sindhilanguage.org/,Amar Fayaz Buriro (امر فياض ٻرڙو),(Hand to mouth),(Hand to mouth),PARENTHETICAL,PARENTHETICAL
slx_663a4940afcd94ff,47484,(To ask the Hand),,,English → Sindhi,شاديءَ جي درخواست ڪرڻ,english,English → Sindhi,to ask the hand,شاديء جي درخواست ڪرڻ,,SindhiLanguage.org,https://sindhilanguage.org/,Amar Fayaz Buriro (امر فياض ٻرڙو),(To ask the Hand),(To ask the Hand),PARENTHETICAL,PARENTHETICAL
slx_bc7af7d102e248b0,47660,Initiate (v),,,English → Sindhi,شروع ڪرڻ، داخل ڪرڻ، سيکارڻ، نئون,english,English → Sindhi,initiate v,شروع ڪرڻ داخل ڪرڻ سيکارڻ نئون,,SindhiLanguage.org,https://sindhilanguage.org/,Amar Fayaz Buriro (امر فياض ٻرڙو),Initiate (v),Initiate (v),HEADWORD_WITH_LABEL,HEADWORD_WITH_LABEL
slx_9291ee51eb3c20a3,47664,Inject (v),,,English → Sindhi,اندر وجهڻ، پچڪاري هڻڻ,english,English → Sindhi,inject v,اندر وجهڻ پچڪاري هڻڻ,,SindhiLanguage.org,https://sindhilanguage.org/,Amar Fayaz Buriro (امر فياض ٻرڙو),Inject (v),Inject (v),HEADWORD_WITH_LABEL,HEADWORD_WITH_LABEL
slx_aab96bd0d0d4a4c3,47715,Drive (v),,,English → Sindhi,هلائڻ، ڪاهڻ، هڪلڻ، ڌڪڻ، سوار ٿيڻ,english,English → Sindhi,drive v,هلائڻ ڪاهڻ هڪلڻ ڌڪڻ سوار ٿيڻ,,SindhiLanguage.org,https://sindhilanguage.org/,Amar Fayaz Buriro (امر فياض ٻرڙو),Drive (v),Drive (v),HEADWORD_WITH_LABEL,HEADWORD_WITH_LABEL
slx_662e9cb5d701bbb1,47716,Drive (n),,,English → Sindhi,گاڏيءَ جي سواري,english,English → Sindhi,drive n,گاڏيء جي سواري,,SindhiLanguage.org,https://sindhilanguage.org/,Amar Fayaz Buriro (امر فياض ٻرڙو),Drive (n),Drive (n),HEADWORD_WITH_LABEL,HEADWORD_WITH_LABEL
slx_5c6ff6259e1b727e,47726,Drop (n),,,English → Sindhi,ڦڙو، قطرو، بوند,english,English → Sindhi,drop n,ڦڙو قطرو بوند,,SindhiLanguage.org,https://sindhilanguage.org/,Amar Fayaz Buriro (امر فياض ٻرڙو),Drop (n),Drop (n),HEADWORD_WITH_LABEL,HEADWORD_WITH_LABEL
slx_958ca70d506e3155,47727,Drop (v),,,English → Sindhi,ڦڙو وهائڻ، ڇڏي ڏيڻ، ڪيرائڻ، موقوف ڪرڻ,english,English → Sindhi,drop v,ڦڙو وهائڻ ڇڏي ڏيڻ ڪيرائڻ موقوف ڪرڻ,,SindhiLanguage.org,https://sindhilanguage.org/,Amar Fayaz Buriro (امر فياض ٻرڙو),Drop (v),Drop (v),HEADWORD_WITH_LABEL,HEADWORD_WITH_LABEL
slx_fffbcd00d9778ce7,47839,Earnest (n),,,English → Sindhi,بيانو، سوٿي، اڳواٽ ڏنل رقم,english,English → Sindhi,earnest n,بيانو سوٿي اڳواٽ ڏنل رقم,,SindhiLanguage.org,https://sindhilanguage.org/,Amar Fayaz Buriro (امر فياض ٻرڙو),Earnest (n),Earnest (n),HEADWORD_WITH_LABEL,HEADWORD_WITH_LABEL
slx_9ad0a31ae56b0e8b,47921,(Leave no effects),,,English → Sindhi,مرڻ وقت ملڪيت نه ڇڏڻ,english,English → Sindhi,leave no effects,مرڻ وقت ملڪيت نه ڇڏڻ,,SindhiLanguage.org,https://sindhilanguage.org/,Amar Fayaz Buriro (امر فياض ٻرڙو),(Leave no effects),(Leave no effects),PARENTHETICAL,PARENTHETICAL
slx_db9897ec8029e1cc,48387,Erect (v),,,English → Sindhi,سڌو، اڀو، کڙو (اڏڻ، اڀوڪرڻ، کڙو ڪرڻ,english,English → Sindhi,erect v,سڌو اڀو کڙو اڏڻ اڀوڪرڻ کڙو ڪرڻ,,SindhiLanguage.org,https://sindhilanguage.org/,Amar Fayaz Buriro (امر فياض ٻرڙو),Erect (v),Erect (v),HEADWORD_WITH_LABEL,HEADWORD_WITH_LABEL
slx_e1089c98d785ec34,48420,Esquire (esqr),,,English → Sindhi,تعظيم جو خطاب جيڪو نالي بعد لکبو آهي,english,English → Sindhi,esquire esqr,تعظيم جو خطاب جيڪو نالي بعد لکبو آهي,,SindhiLanguage.org,https://sindhilanguage.org/,Amar Fayaz Buriro (امر فياض ٻرڙو),Esquire (esqr),Esquire (esqr),HEADWORD_WITH_LABEL,HEADWORD_WITH_LABEL
slx_20974a57507db346,48719,(Accept one’s face),,,English → Sindhi,ڪنهن تي مهرباني ڪرڻ يا عرض اگهائڻ,english,English → Sindhi,accept one s face,ڪنهن تي مهرباني ڪرڻ يا عرض اگهائڻ,,SindhiLanguage.org,https://sindhilanguage.org/,Amar Fayaz Buriro (امر فياض ٻرڙو),(Accept one’s face),(Accept one’s face),PARENTHETICAL,PARENTHETICAL
slx_48040ced6af308a8,48720,(Show one’s face),,,English → Sindhi,ظاهر ٿيڻ، حاضر ٿيڻ,english,English → Sindhi,show one s face,ظاهر ٿيڻ حاضر ٿيڻ,,SindhiLanguage.org,https://sindhilanguage.org/,Amar Fayaz Buriro (امر فياض ٻرڙو),(Show one’s face),(Show one’s face),PARENTHETICAL,PARENTHETICAL
slx_d9f3b9a8792894b5,48721,(To his face),,,English → Sindhi,هن جي حاضريءَ ۾، ظاهر ظهور,english,English → Sindhi,to his face,هن جي حاضريء ظاهر ظهور,,SindhiLanguage.org,https://sindhilanguage.org/,Amar Fayaz Buriro (امر فياض ٻرڙو),(To his face),(To his face),PARENTHETICAL,PARENTHETICAL
slx_3502502e4326606c,48773,Fall (N),,,English → Sindhi,تنزل، ڌڪو، آبشار، خزان، زوال، شڪست,english,English → Sindhi,fall n,تنزل ڌڪو آبشار خزان زوال شڪست,,SindhiLanguage.org,https://sindhilanguage.org/,Amar Fayaz Buriro (امر فياض ٻرڙو),Fall (N),Fall (N),HEADWORD_WITH_LABEL,HEADWORD_WITH_LABEL
slx_e397fb800bcd6414,48798,(To take a fancy to),,,English → Sindhi,چاهڻ، دل ڏيڻ,english,English → Sindhi,to take a fancy to,چاهڻ دل ڏيڻ,,SindhiLanguage.org,https://sindhilanguage.org/,Amar Fayaz Buriro (امر فياض ٻرڙو),(To take a fancy to),(To take a fancy to),PARENTHETICAL,PARENTHETICAL
slx_b52de9fad4a6c647,48841,(Be gathered to ones father),,,English → Sindhi,پنهنجي وڏن سان وڃي ملڻ، مرڻ,english,English → Sindhi,be gathered to ones father,پنهنجي وڏن سان وڃي ملڻ مرڻ,,SindhiLanguage.org,https://sindhilanguage.org/,Amar Fayaz Buriro (امر فياض ٻرڙو),(Be gathered to ones father),(Be gathered to ones father),PARENTHETICAL,PARENTHETICAL
slx_3232bf4076e6634c,48879,(Show the white feather),,,English → Sindhi,بزدليءَ جي نشاني ڏيکارڻ,english,English → Sindhi,show the white feather,بزدليء جي نشاني ڏيکارڻ,,SindhiLanguage.org,https://sindhilanguage.org/,Amar Fayaz Buriro (امر فياض ٻرڙو),(Show the white feather),(Show the white feather),PARENTHETICAL,PARENTHETICAL
slx_23adac49e0edd6a6,48889,Fed (p.t of feed),,,English → Sindhi,کارايو، کاڌو,english,English → Sindhi,fed p t of feed,کارايو کاڌو,,SindhiLanguage.org,https://sindhilanguage.org/,Amar Fayaz Buriro (امر فياض ٻرڙو),Fed (p.t of feed),Fed (p.t of feed),HEADWORD_WITH_LABEL,HEADWORD_WITH_LABEL
slx_d1fbe705cdf94990,48900,Feet (p. of foot),,,English → Sindhi,پير,english,English → Sindhi,feet p of foot,پير,,SindhiLanguage.org,https://sindhilanguage.org/,Amar Fayaz Buriro (امر فياض ٻرڙو),Feet (p. of foot),Feet (p. of foot),HEADWORD_WITH_LABEL,HEADWORD_WITH_LABEL
slx_0ea312d2d16fcdaa,48907,Fell (p.t off all),,,English → Sindhi,ڪريو,english,English → Sindhi,fell p t off all,ڪريو,,SindhiLanguage.org,https://sindhilanguage.org/,Amar Fayaz Buriro (امر فياض ٻرڙو),Fell (p.t off all),Fell (p.t off all),HEADWORD_WITH_LABEL,HEADWORD_WITH_LABEL
slx_8fb1090d44ecccc6,48915,Felt (p.t of feel),,,English → Sindhi,محسوس ڪيو، نؤد,english,English → Sindhi,felt p t of feel,محسوس ڪيو نؤد,,SindhiLanguage.org,https://sindhilanguage.org/,Amar Fayaz Buriro (امر فياض ٻرڙو),Felt (p.t of feel),Felt (p.t of feel),HEADWORD_WITH_LABEL,HEADWORD_WITH_LABEL
slx_ed29be0ce86ac534,48949,(In fet lock),,,English → Sindhi,زنجيرن ۾ جڪڙيل، ٻڌل,english,English → Sindhi,in fet lock,زنجيرن جڪڙيل ٻڌل,,SindhiLanguage.org,https://sindhilanguage.org/,Amar Fayaz Buriro (امر فياض ٻرڙو),(In fet lock),(In fet lock),PARENTHETICAL,PARENTHETICAL
slx_5cbdc4eafe902e52,48987,(To fall flat),,,English → Sindhi,بي اثر ٿيڻ,english,English → Sindhi,to fall flat,بي اثر ٿيڻ,,SindhiLanguage.org,https://sindhilanguage.org/,Amar Fayaz Buriro (امر فياض ٻرڙو),(To fall flat),(To fall flat),PARENTHETICAL,PARENTHETICAL
slx_4633c17448343172,49013,Flew (p.t offly),,,English → Sindhi,اُڏاميو,english,English → Sindhi,flew p t offly,اڏاميو,,SindhiLanguage.org,https://sindhilanguage.org/,Amar Fayaz Buriro (امر فياض ٻرڙو),Flew (p.t offly),Flew (p.t offly),HEADWORD_WITH_LABEL,HEADWORD_WITH_LABEL
slx_368519415ccbfd33,49052,Flown (p.t offly),,,English → Sindhi,اُڏاميل,english,English → Sindhi,flown p t offly,اڏاميل,,SindhiLanguage.org,https://sindhilanguage.org/,Amar Fayaz Buriro (امر فياض ٻرڙو),Flown (p.t offly),Flown (p.t offly),HEADWORD_WITH_LABEL,HEADWORD_WITH_LABEL
slx_27f6b8304d4dd7be,49066,Flung (p.t of fly),,,English → Sindhi,اڇلايو، ڪيرايو، ڦٽو ڪيو,english,English → Sindhi,flung p t of fly,اڇلايو ڪيرايو ڦٽو ڪيو,,SindhiLanguage.org,https://sindhilanguage.org/,Amar Fayaz Buriro (امر فياض ٻرڙو),Flung (p.t of fly),Flung (p.t of fly),HEADWORD_WITH_LABEL,HEADWORD_WITH_LABEL
slx_c18e401721261e3d,49078,(To come out with flying colours),,,English → Sindhi,سٺي نموني ڪامياب ٿيڻ,english,English → Sindhi,to come out with flying colours,سٺي نموني ڪامياب ٿيڻ,,SindhiLanguage.org,https://sindhilanguage.org/,Amar Fayaz Buriro (امر فياض ٻرڙو),(To come out with flying colours),(To come out with flying colours),PARENTHETICAL,PARENTHETICAL
slx_c926a88bdea736e4,49118,(By foot),,,English → Sindhi,پيادل,english,English → Sindhi,by foot,پيادل,,SindhiLanguage.org,https://sindhilanguage.org/,Amar Fayaz Buriro (امر فياض ٻرڙو),(By foot),(By foot),PARENTHETICAL,PARENTHETICAL
slx_12d2c61e67d4c1b6,49119,(To set on foot),,,English → Sindhi,ابتدا ڪرڻ، شروع ڪرڻ,english,English → Sindhi,to set on foot,ابتدا ڪرڻ شروع ڪرڻ,,SindhiLanguage.org,https://sindhilanguage.org/,Amar Fayaz Buriro (امر فياض ٻرڙو),(To set on foot),(To set on foot),PARENTHETICAL,PARENTHETICAL
slx_5b6a18d11bb4b8d8,49202,(To step forth),,,English → Sindhi,اڳتي وڌڻ,english,English → Sindhi,to step forth,اڳتي وڌڻ,,SindhiLanguage.org,https://sindhilanguage.org/,Amar Fayaz Buriro (امر فياض ٻرڙو),(To step forth),(To step forth),PARENTHETICAL,PARENTHETICAL
slx_cd8ce4c91b5c8b24,49221,Fosse (foss),,,English → Sindhi,کاهي، خندق، ڪم آيل,english,English → Sindhi,fosse foss,کاهي خندق ڪم آيل,,SindhiLanguage.org,https://sindhilanguage.org/,Amar Fayaz Buriro (امر فياض ٻرڙو),Fosse (foss),Fosse (foss),HEADWORD_WITH_LABEL,HEADWORD_WITH_LABEL
slx_c392b4d707b61168,49242,(Desimal fraction),,,English → Sindhi,ڏهائي جزو,english,English → Sindhi,desimal fraction,ڏهائي جزو,,SindhiLanguage.org,https://sindhilanguage.org/,Amar Fayaz Buriro (امر فياض ٻرڙو),(Desimal fraction),(Desimal fraction),PARENTHETICAL,PARENTHETICAL
slx_120b8184e5ef65c9,49243,(Vulgar fraction),,,English → Sindhi,عام جزو,english,English → Sindhi,vulgar fraction,عام جزو,,SindhiLanguage.org,https://sindhilanguage.org/,Amar Fayaz Buriro (امر فياض ٻرڙو),(Vulgar fraction),(Vulgar fraction),PARENTHETICAL,PARENTHETICAL
slx_b9696a44d051e017,49285,(To take French leave),,,English → Sindhi,بنا موڪل هليو وڃڻ,english,English → Sindhi,to take french leave,بنا موڪل هليو وڃڻ,,SindhiLanguage.org,https://sindhilanguage.org/,Amar Fayaz Buriro (امر فياض ٻرڙو),(To take French leave),(To take French leave),PARENTHETICAL,PARENTHETICAL
slx_db16544547e99894,49393,Furl (v),,,English → Sindhi,ويڙهڻ، تهه ڪرڻ,english,English → Sindhi,furl v,ويڙهڻ تهه ڪرڻ,,SindhiLanguage.org,https://sindhilanguage.org/,Amar Fayaz Buriro (امر فياض ٻرڙو),Furl (v),Furl (v),HEADWORD_WITH_LABEL,HEADWORD_WITH_LABEL
slx_b47d0600c2820c6c,49488,(Galvanized iron sheet),,,English → Sindhi,قلعي دار لوهه جو پڙڇ,english,English → Sindhi,galvanized iron sheet,قلعي دار لوهه جو پڙڇ,,SindhiLanguage.org,https://sindhilanguage.org/,Amar Fayaz Buriro (امر فياض ٻرڙو),(Galvanized iron sheet),(Galvanized iron sheet),PARENTHETICAL,PARENTHETICAL
slx_44444da35b97f2cb,49509,Gap (n),,,English → Sindhi,ڏار، خالي جاءِ، سوراخ، اختلاف,english,English → Sindhi,gap n,ڏار خالي جاء سوراخ اختلاف,,SindhiLanguage.org,https://sindhilanguage.org/,Amar Fayaz Buriro (امر فياض ٻرڙو),Gap (n),Gap (n),HEADWORD_WITH_LABEL,HEADWORD_WITH_LABEL
slx_f29f71781a640d27,49510,(To stand in the gap),,,English → Sindhi,ٻين جي حفاظت ڪرڻ لاءِ پنهنجي جان ڏيڻ,english,English → Sindhi,to stand in the gap,ٻين جي حفاظت ڪرڻ لاء پنهنجي جان ڏيڻ,,SindhiLanguage.org,https://sindhilanguage.org/,Amar Fayaz Buriro (امر فياض ٻرڙو),(To stand in the gap),(To stand in the gap),PARENTHETICAL,PARENTHETICAL
slx_1e6741c188422eae,49511,(To stop a gap),,,English → Sindhi,رخنو بند ڪرڻ,english,English → Sindhi,to stop a gap,رخنو بند ڪرڻ,,SindhiLanguage.org,https://sindhilanguage.org/,Amar Fayaz Buriro (امر فياض ٻرڙو),(To stop a gap),(To stop a gap),PARENTHETICAL,PARENTHETICAL
slx_a7092ae21590a877,49512,Gape (v),,,English → Sindhi,وات ڦاڙڻ، اوٻاسي، حيرانيءَ مان ڏسڻ,english,English → Sindhi,gape v,وات ڦاڙڻ اوٻاسي حيرانيء مان ڏسڻ,,SindhiLanguage.org,https://sindhilanguage.org/,Amar Fayaz Buriro (امر فياض ٻرڙو),Gape (v),Gape (v),HEADWORD_WITH_LABEL,HEADWORD_WITH_LABEL
slx_091c4eb0589c3287,49536,Gas (v),,,English → Sindhi,گئس پهچائڻ، دشمن تي زهري بخار اڇلائڻ,english,English → Sindhi,gas v,گئس پهچائڻ دشمن تي زهري بخار اڇلائڻ,,SindhiLanguage.org,https://sindhilanguage.org/,Amar Fayaz Buriro (امر فياض ٻرڙو),Gas (v),Gas (v),HEADWORD_WITH_LABEL,HEADWORD_WITH_LABEL
slx_eb4a0b92b579f4b8,49561,(To throw the gauntlet),,,English → Sindhi,دشمن کي وڙهڻ لاءِ سڏڻ، للڪارڻ,english,English → Sindhi,to throw the gauntlet,دشمن کي وڙهڻ لاء سڏڻ للڪارڻ,,SindhiLanguage.org,https://sindhilanguage.org/,Amar Fayaz Buriro (امر فياض ٻرڙو),(To throw the gauntlet),(To throw the gauntlet),PARENTHETICAL,PARENTHETICAL
slx_d558058403253b18,49562,(To take up gauntlet),,,English → Sindhi,ميدان ۾ لهي اچڻ,english,English → Sindhi,to take up gauntlet,ميدان لهي اچڻ,,SindhiLanguage.org,https://sindhilanguage.org/,Amar Fayaz Buriro (امر فياض ٻرڙو),(To take up gauntlet),(To take up gauntlet),PARENTHETICAL,PARENTHETICAL
slx_25547a2efb57e634,49565,Gave (p.t ofgive),,,English → Sindhi,ڏنو,english,English → Sindhi,gave p t ofgive,ڏنو,,SindhiLanguage.org,https://sindhilanguage.org/,Amar Fayaz Buriro (امر فياض ٻرڙو),Gave (p.t ofgive),Gave (p.t ofgive),HEADWORD_WITH_LABEL,HEADWORD_WITH_LABEL
slx_85cb91c13c098c1b,49574,Geese (pl. of goose),,,English → Sindhi,هنس,english,English → Sindhi,geese pl of goose,هنس,,SindhiLanguage.org,https://sindhilanguage.org/,Amar Fayaz Buriro (امر فياض ٻرڙو),Geese (pl. of goose),Geese (pl. of goose),HEADWORD_WITH_LABEL,HEADWORD_WITH_LABEL
slx_b022503071070ed7,49596,(From generation to generation),,,English → Sindhi,پيڙهي به پيڙهي، پشت به پشت,english,English → Sindhi,from generation to generation,پيڙهي به پيڙهي پشت به پشت,,SindhiLanguage.org,https://sindhilanguage.org/,Amar Fayaz Buriro (امر فياض ٻرڙو),(From generation to generation),(From generation to generation),PARENTHETICAL,PARENTHETICAL
slx_dd95a8e06d4e54be,49713,Gird up the lions (v),,,English → Sindhi,ڪمرڪشي تيار ٿيڻ، سندرو ٻڌڻ,english,English → Sindhi,gird up the lions v,ڪمرڪشي تيار ٿيڻ سندرو ٻڌڻ,,SindhiLanguage.org,https://sindhilanguage.org/,Amar Fayaz Buriro (امر فياض ٻرڙو),Gird up the lions (v),Gird up the lions (v),HEADWORD_WITH_LABEL,HEADWORD_WITH_LABEL
slx_de2bf3b91cddc488,49722,(Give away to),,,English → Sindhi,ڏيئي ڇڏڻ، هارائڻ,english,English → Sindhi,give away to,ڏيئي ڇڏڻ هارائڻ,,SindhiLanguage.org,https://sindhilanguage.org/,Amar Fayaz Buriro (امر فياض ٻرڙو),(Give away to),(Give away to),PARENTHETICAL,PARENTHETICAL
slx_3298e8608e608d60,49723,(Give back to),,,English → Sindhi,واپس ڪرڻ، موٽائي ڏيڻ,english,English → Sindhi,give back to,واپس ڪرڻ موٽائي ڏيڻ,,SindhiLanguage.org,https://sindhilanguage.org/,Amar Fayaz Buriro (امر فياض ٻرڙو),(Give back to),(Give back to),PARENTHETICAL,PARENTHETICAL
slx_ed79df386348cd52,49724,(Give birth to),,,English → Sindhi,ڄڻڻ، پيدا ڪرڻ,english,English → Sindhi,give birth to,ڄڻڻ پيدا ڪرڻ,,SindhiLanguage.org,https://sindhilanguage.org/,Amar Fayaz Buriro (امر فياض ٻرڙو),(Give birth to),(Give birth to),PARENTHETICAL,PARENTHETICAL
slx_608dc5edde3dacb9,49725,(Give chase to),,,English → Sindhi,پٺيان پوڻ، پيڇو ڪرڻ,english,English → Sindhi,give chase to,پٺيان پوڻ پيڇو ڪرڻ,,SindhiLanguage.org,https://sindhilanguage.org/,Amar Fayaz Buriro (امر فياض ٻرڙو),(Give chase to),(Give chase to),PARENTHETICAL,PARENTHETICAL
slx_41793fcff52b4d67,49726,(Give forth to),,,English → Sindhi,شايع يا پڌرو ڪرڻ,english,English → Sindhi,give forth to,شايع يا پڌرو ڪرڻ,,SindhiLanguage.org,https://sindhilanguage.org/,Amar Fayaz Buriro (امر فياض ٻرڙو),(Give forth to),(Give forth to),PARENTHETICAL,PARENTHETICAL
slx_556a3f2fbf7c52e0,49727,(Give in to),,,English → Sindhi,اطاعت قبول ڪرڻ، مڙي وڃڻ، داخل ڪرڻ,english,English → Sindhi,give in to,اطاعت قبول ڪرڻ مڙي وڃڻ داخل ڪرڻ,,SindhiLanguage.org,https://sindhilanguage.org/,Amar Fayaz Buriro (امر فياض ٻرڙو),(Give in to),(Give in to),PARENTHETICAL,PARENTHETICAL
slx_684be834262b931e,49728,(Give off to),,,English → Sindhi,ڪڍڻ، ڇڏي ڏيڻ,english,English → Sindhi,give off to,ڪڍڻ ڇڏي ڏيڻ,,SindhiLanguage.org,https://sindhilanguage.org/,Amar Fayaz Buriro (امر فياض ٻرڙو),(Give off to),(Give off to),PARENTHETICAL,PARENTHETICAL
slx_2735b719a0dd45f7,49729,(Give out to),,,English → Sindhi,ڳالهه کولي ڏيڻ، ظاهر ڪرڻ,english,English → Sindhi,give out to,ڳالهه کولي ڏيڻ ظاهر ڪرڻ,,SindhiLanguage.org,https://sindhilanguage.org/,Amar Fayaz Buriro (امر فياض ٻرڙو),(Give out to),(Give out to),PARENTHETICAL,PARENTHETICAL
slx_3cb03b7110556a7a,49730,(Give over to),,,English → Sindhi,ڇڏي ڏيڻ، حوالي ڪرڻ,english,English → Sindhi,give over to,ڇڏي ڏيڻ حوالي ڪرڻ,,SindhiLanguage.org,https://sindhilanguage.org/,Amar Fayaz Buriro (امر فياض ٻرڙو),(Give over to),(Give over to),PARENTHETICAL,PARENTHETICAL
slx_9ad3b8cbab9e8678,49731,(Give one’s self airs to),,,English → Sindhi,مغرور ٿيڻ,english,English → Sindhi,give one s self airs to,مغرور ٿيڻ,,SindhiLanguage.org,https://sindhilanguage.org/,Amar Fayaz Buriro (امر فياض ٻرڙو),(Give one’s self airs to),(Give one’s self airs to),PARENTHETICAL,PARENTHETICAL
slx_40a27178ceab7ba3,49732,(Give one’s self up for lost),,,English → Sindhi,بچڻ جي اُميد نه رکڻ,english,English → Sindhi,give one s self up for lost,بچڻ جي اميد نه رکڻ,,SindhiLanguage.org,https://sindhilanguage.org/,Amar Fayaz Buriro (امر فياض ٻرڙو),(Give one’s self up for lost),(Give one’s self up for lost),PARENTHETICAL,PARENTHETICAL
slx_29b06261e87edfe7,49733,(Give one the slip to),,,English → Sindhi,نڪري ڀڄڻ، کسڪي وڃڻ,english,English → Sindhi,give one the slip to,نڪري ڀڄڻ کسڪي وڃڻ,,SindhiLanguage.org,https://sindhilanguage.org/,Amar Fayaz Buriro (امر فياض ٻرڙو),(Give one the slip to),(Give one the slip to),PARENTHETICAL,PARENTHETICAL
slx_15a6e135de661a5d,49734,(Give one’s word to),,,English → Sindhi,وعدو ڪرڻ، زبان ڏيڻ,english,English → Sindhi,give one s word to,وعدو ڪرڻ زبان ڏيڻ,,SindhiLanguage.org,https://sindhilanguage.org/,Amar Fayaz Buriro (امر فياض ٻرڙو),(Give one’s word to),(Give one’s word to),PARENTHETICAL,PARENTHETICAL
slx_edd3dd85065231a6,49735,(Give up to),,,English → Sindhi,ڇڏي ڏيڻ، حوالي ڪرڻ، نااميد ٿيڻ,english,English → Sindhi,give up to,ڇڏي ڏيڻ حوالي ڪرڻ نااميد ٿيڻ,,SindhiLanguage.org,https://sindhilanguage.org/,Amar Fayaz Buriro (امر فياض ٻرڙو),(Give up to),(Give up to),PARENTHETICAL,PARENTHETICAL
slx_4ce8d1fc279272d8,49736,(Give the cold shoulder to),,,English → Sindhi,بيپرواهي ڪرڻ، ڌيان نه ڏيڻ,english,English → Sindhi,give the cold shoulder to,بيپرواهي ڪرڻ ڌيان نه ڏيڻ,,SindhiLanguage.org,https://sindhilanguage.org/,Amar Fayaz Buriro (امر فياض ٻرڙو),(Give the cold shoulder to),(Give the cold shoulder to),PARENTHETICAL,PARENTHETICAL
slx_86d3007087824a2b,49737,(Give the clue to),,,English → Sindhi,اشارو ڏيڻ,english,English → Sindhi,give the clue to,اشارو ڏيڻ,,SindhiLanguage.org,https://sindhilanguage.org/,Amar Fayaz Buriro (امر فياض ٻرڙو),(Give the clue to),(Give the clue to),PARENTHETICAL,PARENTHETICAL
slx_5694cfda5612a753,49738,(Give the lie to),,,English → Sindhi,ڪوڙ ثابت ڪرڻ,english,English → Sindhi,give the lie to,ڪوڙ ثابت ڪرڻ,,SindhiLanguage.org,https://sindhilanguage.org/,Amar Fayaz Buriro (امر فياض ٻرڙو),(Give the lie to),(Give the lie to),PARENTHETICAL,PARENTHETICAL
slx_edea71a1c9b6a57d,49739,(Give up the ghost to),,,English → Sindhi,مرڻ، ساهه ڏيڻ,english,English → Sindhi,give up the ghost to,مرڻ ساهه ڏيڻ,,SindhiLanguage.org,https://sindhilanguage.org/,Amar Fayaz Buriro (امر فياض ٻرڙو),(Give up the ghost to),(Give up the ghost to),PARENTHETICAL,PARENTHETICAL
slx_1f565f9ab6ac980d,49740,"(Give vent to, to)",,,English → Sindhi,دل تان بار لاهڻ، ظاهر ڪرڻ,english,English → Sindhi,give vent to to,دل تان بار لاهڻ ظاهر ڪرڻ,,SindhiLanguage.org,https://sindhilanguage.org/,Amar Fayaz Buriro (امر فياض ٻرڙو),"(Give vent to, to)","(Give vent to, to)",PARENTHETICAL,PARENTHETICAL
slx_35fc504f92415329,49741,"(Give way to, to)",,,English → Sindhi,راهه ڏيڻ، هٽڻ، هار مڃڻ,english,English → Sindhi,give way to to,راهه ڏيڻ هٽڻ هار مڃڻ,,SindhiLanguage.org,https://sindhilanguage.org/,Amar Fayaz Buriro (امر فياض ٻرڙو),"(Give way to, to)","(Give way to, to)",PARENTHETICAL,PARENTHETICAL
slx_7aaae72e2458601e,49742,(Give and take),,,English → Sindhi,ڏي وٺ,english,English → Sindhi,give and take,ڏي وٺ,,SindhiLanguage.org,https://sindhilanguage.org/,Amar Fayaz Buriro (امر فياض ٻرڙو),(Give and take),(Give and take),PARENTHETICAL,PARENTHETICAL
slx_947af21bc2561b0a,49934,Got (p.t of get),,,English → Sindhi,مليو، حاصل ٿيو,english,English → Sindhi,got p t of get,مليو حاصل ٿيو,,SindhiLanguage.org,https://sindhilanguage.org/,Amar Fayaz Buriro (امر فياض ٻرڙو),Got (p.t of get),Got (p.t of get),HEADWORD_WITH_LABEL,HEADWORD_WITH_LABEL
slx_8bd707ff07c66db7,49940,"Govern, (v)",,,English → Sindhi,حڪم ڪرڻ، روڪڻ، عمل ڪرڻ، راڄ ڪرڻ,english,English → Sindhi,govern v,حڪم ڪرڻ روڪڻ عمل ڪرڻ راڄ ڪرڻ,,SindhiLanguage.org,https://sindhilanguage.org/,Amar Fayaz Buriro (امر فياض ٻرڙو),"Govern, (v)","Govern, (v)",HEADWORD_WITH_LABEL,HEADWORD_WITH_LABEL
slx_13ed10f6216a38e7,50005,(To grapple with a question),,,English → Sindhi,حل ڪرڻ، بحث ڪرڻ,english,English → Sindhi,to grapple with a question,حل ڪرڻ بحث ڪرڻ,,SindhiLanguage.org,https://sindhilanguage.org/,Amar Fayaz Buriro (امر فياض ٻرڙو),(To grapple with a question),(To grapple with a question),PARENTHETICAL,PARENTHETICAL
slx_03ce73f909626850,50072,Grew p.t of grow,,,English → Sindhi,پوکيو، اُڀريو، وڌيو، ٿيو,english,English → Sindhi,grew p t of grow,پوکيو اڀريو وڌيو ٿيو,,SindhiLanguage.org,https://sindhilanguage.org/,Amar Fayaz Buriro (امر فياض ٻرڙو),Grew p.t of grow,Grew p.t of grow,GRAMMATICAL_LABEL,GRAMMATICAL_LABEL
slx_c2293d160bb1f0d3,50096,(Loose one’s grip to),,,English → Sindhi,قبضو ڇڏڻ، وڃائڻ,english,English → Sindhi,loose one s grip to,قبضو ڇڏڻ وڃائڻ,,SindhiLanguage.org,https://sindhilanguage.org/,Amar Fayaz Buriro (امر فياض ٻرڙو),(Loose one’s grip to),(Loose one’s grip to),PARENTHETICAL,PARENTHETICAL
slx_01c387c5b3ca79d9,50120,(To break ground),,,English → Sindhi,شروعات ڪرڻ,english,English → Sindhi,to break ground,شروعات ڪرڻ,,SindhiLanguage.org,https://sindhilanguage.org/,Amar Fayaz Buriro (امر فياض ٻرڙو),(To break ground),(To break ground),PARENTHETICAL,PARENTHETICAL
slx_61c8639f4457209d,50121,(To fall to the ground),,,English → Sindhi,تباهه ٿيڻ، برباد ٿيڻ,english,English → Sindhi,to fall to the ground,تباهه ٿيڻ برباد ٿيڻ,,SindhiLanguage.org,https://sindhilanguage.org/,Amar Fayaz Buriro (امر فياض ٻرڙو),(To fall to the ground),(To fall to the ground),PARENTHETICAL,PARENTHETICAL
slx_665c44776b2497c7,50122,(To gain ground),,,English → Sindhi,اڳتي وڌڻ، ترقي ڪرڻ,english,English → Sindhi,to gain ground,اڳتي وڌڻ ترقي ڪرڻ,,SindhiLanguage.org,https://sindhilanguage.org/,Amar Fayaz Buriro (امر فياض ٻرڙو),(To gain ground),(To gain ground),PARENTHETICAL,PARENTHETICAL
slx_de3edb8ac1548232,50123,(To give ground),,,English → Sindhi,پٺتي هٽڻ، گهٽجڻ، هار کائڻ,english,English → Sindhi,to give ground,پٺتي هٽڻ گهٽجڻ هار کائڻ,,SindhiLanguage.org,https://sindhilanguage.org/,Amar Fayaz Buriro (امر فياض ٻرڙو),(To give ground),(To give ground),PARENTHETICAL,PARENTHETICAL
slx_78f7dc5535e7b33c,50124,(To lose ground),,,English → Sindhi,پٺتي، هٽڻ، گهٽجڻ، هار کائڻ,english,English → Sindhi,to lose ground,پٺتي هٽڻ گهٽجڻ هار کائڻ,,SindhiLanguage.org,https://sindhilanguage.org/,Amar Fayaz Buriro (امر فياض ٻرڙو),(To lose ground),(To lose ground),PARENTHETICAL,PARENTHETICAL
slx_f53b68b0bf649a83,50125,(To hold one’s ground),,,English → Sindhi,مضبوط رهڻ، قائم رهڻ,english,English → Sindhi,to hold one s ground,مضبوط رهڻ قائم رهڻ,,SindhiLanguage.org,https://sindhilanguage.org/,Amar Fayaz Buriro (امر فياض ٻرڙو),(To hold one’s ground),(To hold one’s ground),PARENTHETICAL,PARENTHETICAL
slx_ac40ed421f1fd702,50126,(Ground (p.t of grind)),,,English → Sindhi,پيٺل,english,English → Sindhi,ground p t of grind,پيٺل,,SindhiLanguage.org,https://sindhilanguage.org/,Amar Fayaz Buriro (امر فياض ٻرڙو),(Ground (p.t of grind)),(Ground (p.t of grind)),PARENTHETICAL,PARENTHETICAL
slx_585e5bf428952054,50144,Grown (p.t of grow),,,English → Sindhi,اُڀريل,english,English → Sindhi,grown p t of grow,اڀريل,,SindhiLanguage.org,https://sindhilanguage.org/,Amar Fayaz Buriro (امر فياض ٻرڙو),Grown (p.t of grow),Grown (p.t of grow),HEADWORD_WITH_LABEL,HEADWORD_WITH_LABEL
slx_ad8d70b5d4795f67,50163,(To be off one’s guard),,,English → Sindhi,غفلت ۾ رهڻ، بي خبر هئڻ,english,English → Sindhi,to be off one s guard,غفلت رهڻ بي خبر هئڻ,,SindhiLanguage.org,https://sindhilanguage.org/,Amar Fayaz Buriro (امر فياض ٻرڙو),(To be off one’s guard),(To be off one’s guard),PARENTHETICAL,PARENTHETICAL
slx_cafe9ffa647c7868,50164,(To be on one’s guard),,,English → Sindhi,خبردار رهڻ، هوشيار رهڻ,english,English → Sindhi,to be on one s guard,خبردار رهڻ هوشيار رهڻ,,SindhiLanguage.org,https://sindhilanguage.org/,Amar Fayaz Buriro (امر فياض ٻرڙو),(To be on one’s guard),(To be on one’s guard),PARENTHETICAL,PARENTHETICAL
slx_508e0fe72c3822e4,50189,(To plead guilty),,,English → Sindhi,جرم قبول ڪرڻ,english,English → Sindhi,to plead guilty,جرم قبول ڪرڻ,,SindhiLanguage.org,https://sindhilanguage.org/,Amar Fayaz Buriro (امر فياض ٻرڙو),(To plead guilty),(To plead guilty),PARENTHETICAL,PARENTHETICAL
slx_f50d067b81a73c37,50539,(To bring home to),,,English → Sindhi,ثابت ڪرڻ,english,English → Sindhi,to bring home to,ثابت ڪرڻ,,SindhiLanguage.org,https://sindhilanguage.org/,Amar Fayaz Buriro (امر فياض ٻرڙو),(To bring home to),(To bring home to),PARENTHETICAL,PARENTHETICAL
slx_b31102b8d5e63894,50540,(To pay home),,,English → Sindhi,بدلو وٺڻ,english,English → Sindhi,to pay home,بدلو وٺڻ,,SindhiLanguage.org,https://sindhilanguage.org/,Amar Fayaz Buriro (امر فياض ٻرڙو),(To pay home),(To pay home),PARENTHETICAL,PARENTHETICAL
slx_e93f3180b4f3bd56,50541,(Once long or last home),,,English → Sindhi,قبر,english,English → Sindhi,once long or last home,قبر,,SindhiLanguage.org,https://sindhilanguage.org/,Amar Fayaz Buriro (امر فياض ٻرڙو),(Once long or last home),(Once long or last home),PARENTHETICAL,PARENTHETICAL
slx_2abb6f1199a110bd,50577,(By hook of by crook),,,English → Sindhi,زبردستيءَ، جيئن ٿئي تهڙيءَ طرح,english,English → Sindhi,by hook of by crook,زبردستيء جيئن ٿئي تهڙيء طرح,,SindhiLanguage.org,https://sindhilanguage.org/,Amar Fayaz Buriro (امر فياض ٻرڙو),(By hook of by crook),(By hook of by crook),PARENTHETICAL,PARENTHETICAL
slx_cf097ed44c85b34a,50578,(On one’s own hook),,,English → Sindhi,پنهنجي ذميداريءَ تي,english,English → Sindhi,on one s own hook,پنهنجي ذميداريء تي,,SindhiLanguage.org,https://sindhilanguage.org/,Amar Fayaz Buriro (امر فياض ٻرڙو),(On one’s own hook),(On one’s own hook),PARENTHETICAL,PARENTHETICAL
slx_55a5423e92e950b8,51717,Insure (v),,,English → Sindhi,ويمو اتارڻ,english,English → Sindhi,insure v,ويمو اتارڻ,,SindhiLanguage.org,https://sindhilanguage.org/,Amar Fayaz Buriro (امر فياض ٻرڙو),Insure (v),Insure (v),HEADWORD_WITH_LABEL,HEADWORD_WITH_LABEL
slx_153175c6dff66c09,51772,Muse (v),,,English → Sindhi,خيال ڪرڻ، غور ڪرڻ، سوچڻ,english,English → Sindhi,muse v,خيال ڪرڻ غور ڪرڻ سوچڻ,,SindhiLanguage.org,https://sindhilanguage.org/,Amar Fayaz Buriro (امر فياض ٻرڙو),Muse (v),Muse (v),HEADWORD_WITH_LABEL,HEADWORD_WITH_LABEL
slx_fd2df752081a3337,51806,Mutilate (v),,,English → Sindhi,عضوو ڪاٽڻ، بگاڙڻ، جڏو ڪرڻ,english,English → Sindhi,mutilate v,عضوو ڪاٽڻ بگاڙڻ جڏو ڪرڻ,,SindhiLanguage.org,https://sindhilanguage.org/,Amar Fayaz Buriro (امر فياض ٻرڙو),Mutilate (v),Mutilate (v),HEADWORD_WITH_LABEL,HEADWORD_WITH_LABEL
slx_1754d130c22042ea,51811,Mutter (v),,,English → Sindhi,آهستي ڳالهائڻ، ڀڻ ڀڻ ڪرڻ، چپن ۾ چوڻ,english,English → Sindhi,mutter v,آهستي ڳالهائڻ ڀڻ ڀڻ ڪرڻ چپن چوڻ,,SindhiLanguage.org,https://sindhilanguage.org/,Amar Fayaz Buriro (امر فياض ٻرڙو),Mutter (v),Mutter (v),HEADWORD_WITH_LABEL,HEADWORD_WITH_LABEL
slx_2181a0d1d1d93c2d,51833,Mystify (v),,,English → Sindhi,مام يا ڳجهو رکڻ، پريشان ڪرڻ، ٺڳڻ، منجهائڻ,english,English → Sindhi,mystify v,مام يا ڳجهو رکڻ پريشان ڪرڻ ٺڳڻ منجهائڻ,,SindhiLanguage.org,https://sindhilanguage.org/,Amar Fayaz Buriro (امر فياض ٻرڙو),Mystify (v),Mystify (v),HEADWORD_WITH_LABEL,HEADWORD_WITH_LABEL
slx_355aa1010ed4d26e,51846,Nag (n),,,English → Sindhi,ٽٽو گهوڙو,english,English → Sindhi,nag n,ٽٽو گهوڙو,,SindhiLanguage.org,https://sindhilanguage.org/,Amar Fayaz Buriro (امر فياض ٻرڙو),Nag (n),Nag (n),HEADWORD_WITH_LABEL,HEADWORD_WITH_LABEL
slx_bd3ff1cbb07ab0a9,51847,Nag (v),,,English → Sindhi,ونڌونڌ ڪرڻ، هروقت عيبگيري ڪرڻ يا جهڳڙو ڪرڻ,english,English → Sindhi,nag v,ونڌونڌ ڪرڻ هروقت عيبگيري ڪرڻ يا جهڳڙو ڪرڻ,,SindhiLanguage.org,https://sindhilanguage.org/,Amar Fayaz Buriro (امر فياض ٻرڙو),Nag (v),Nag (v),HEADWORD_WITH_LABEL,HEADWORD_WITH_LABEL
slx_bb415e9518810720,51859,(In the name of ),,,English → Sindhi,(ڪنهن جي) بدران يا اختياريءَ سان,english,English → Sindhi,in the name of,ڪنهن جي بدران يا اختياريء سان,,SindhiLanguage.org,https://sindhilanguage.org/,Amar Fayaz Buriro (امر فياض ٻرڙو),(In the name of ),(In the name of),PARENTHETICAL,PARENTHETICAL
slx_6d402d385f952646,51931,Intensify (v),,,English → Sindhi,تکو، ڪرڻ، تيز ڪرڻ، سخت ڪرڻ,english,English → Sindhi,intensify v,تکو ڪرڻ تيز ڪرڻ سخت ڪرڻ,,SindhiLanguage.org,https://sindhilanguage.org/,Amar Fayaz Buriro (امر فياض ٻرڙو),Intensify (v),Intensify (v),HEADWORD_WITH_LABEL,HEADWORD_WITH_LABEL
slx_ddaee1fcd8b32319,51939,Inter (v),,,English → Sindhi,پورڻ، دفن ڪرڻ,english,English → Sindhi,inter v,پورڻ دفن ڪرڻ,,SindhiLanguage.org,https://sindhilanguage.org/,Amar Fayaz Buriro (امر فياض ٻرڙو),Inter (v),Inter (v),HEADWORD_WITH_LABEL,HEADWORD_WITH_LABEL
slx_0d3b9f0c542e0d5e,51940,Interact (v),,,English → Sindhi,هڪ ٻئي تي اثر ڪرڻ,english,English → Sindhi,interact v,هڪ ٻئي تي اثر ڪرڻ,,SindhiLanguage.org,https://sindhilanguage.org/,Amar Fayaz Buriro (امر فياض ٻرڙو),Interact (v),Interact (v),HEADWORD_WITH_LABEL,HEADWORD_WITH_LABEL
slx_45d3cf747d8ab403,51942,Intercede (v),,,English → Sindhi,وچ ۾ پوڻ، شفاعت ڪرڻ,english,English → Sindhi,intercede v,وچ پوڻ شفاعت ڪرڻ,,SindhiLanguage.org,https://sindhilanguage.org/,Amar Fayaz Buriro (امر فياض ٻرڙو),Intercede (v),Intercede (v),HEADWORD_WITH_LABEL,HEADWORD_WITH_LABEL
slx_39905fe33504884b,51943,Intercept (v),,,English → Sindhi,واٽ ۾ جهلڻ، روڪڻ، جدا ڪرڻ,english,English → Sindhi,intercept v,واٽ جهلڻ روڪڻ جدا ڪرڻ,,SindhiLanguage.org,https://sindhilanguage.org/,Amar Fayaz Buriro (امر فياض ٻرڙو),Intercept (v),Intercept (v),HEADWORD_WITH_LABEL,HEADWORD_WITH_LABEL
slx_d717a5c6b349c578,51947,Interchange (v),,,English → Sindhi,مٽ سٽ ڪرڻ، ڦيرگهير ڪرڻ، ڦيرائڻ,english,English → Sindhi,interchange v,مٽ سٽ ڪرڻ ڦيرگهير ڪرڻ ڦيرائڻ,,SindhiLanguage.org,https://sindhilanguage.org/,Amar Fayaz Buriro (امر فياض ٻرڙو),Interchange (v),Interchange (v),HEADWORD_WITH_LABEL,HEADWORD_WITH_LABEL
slx_8f0224f600450d0e,51957,Interdict (v),,,English → Sindhi,منع ڪرڻ، روڪڻ، ديني منع نامو,english,English → Sindhi,interdict v,منع ڪرڻ روڪڻ ديني منع نامو,,SindhiLanguage.org,https://sindhilanguage.org/,Amar Fayaz Buriro (امر فياض ٻرڙو),Interdict (v),Interdict (v),HEADWORD_WITH_LABEL,HEADWORD_WITH_LABEL
slx_de577a3b7e68fd9e,52012,"Interpolate, (v)",,,English → Sindhi,نئون اکر يا جملو داخل ڪرڻ، وڌائڻ,english,English → Sindhi,interpolate v,نئون اکر يا جملو داخل ڪرڻ وڌائڻ,,SindhiLanguage.org,https://sindhilanguage.org/,Amar Fayaz Buriro (امر فياض ٻرڙو),"Interpolate, (v)","Interpolate, (v)",HEADWORD_WITH_LABEL,HEADWORD_WITH_LABEL
slx_4c61833e85c5be25,52014,Interpose (v),,,English → Sindhi,وچ ۾ پوڻ، دخل ڏيڻ، وچ ۾ وجهڻ,english,English → Sindhi,interpose v,وچ پوڻ دخل ڏيڻ وچ وجهڻ,,SindhiLanguage.org,https://sindhilanguage.org/,Amar Fayaz Buriro (امر فياض ٻرڙو),Interpose (v),Interpose (v),HEADWORD_WITH_LABEL,HEADWORD_WITH_LABEL
slx_01e622b045541a6a,52017,Interpret (v),,,English → Sindhi,سمجهائڻ، ترجمو ڪرڻ، ٻڌائڻ,english,English → Sindhi,interpret v,سمجهائڻ ترجمو ڪرڻ ٻڌائڻ,,SindhiLanguage.org,https://sindhilanguage.org/,Amar Fayaz Buriro (امر فياض ٻرڙو),Interpret (v),Interpret (v),HEADWORD_WITH_LABEL,HEADWORD_WITH_LABEL
slx_b53a84c3d88ac791,52021,Interrogate (v),,,English → Sindhi,پڇڻ، سوال ڪرڻ,english,English → Sindhi,interrogate v,پڇڻ سوال ڪرڻ,,SindhiLanguage.org,https://sindhilanguage.org/,Amar Fayaz Buriro (امر فياض ٻرڙو),Interrogate (v),Interrogate (v),HEADWORD_WITH_LABEL,HEADWORD_WITH_LABEL
slx_e5575a31a6f5e39b,52025,Interrupt (v),,,English → Sindhi,وچ ۾ ڳالهائڻ، رنڊڪ وجهڻ,english,English → Sindhi,interrupt v,وچ ڳالهائڻ رنڊڪ وجهڻ,,SindhiLanguage.org,https://sindhilanguage.org/,Amar Fayaz Buriro (امر فياض ٻرڙو),Interrupt (v),Interrupt (v),HEADWORD_WITH_LABEL,HEADWORD_WITH_LABEL
slx_39530f6acb9699d7,52027,Intersect (v),,,English → Sindhi,هڪ ٻئي کي ڪپڻ، وچان پار وڃڻ,english,English → Sindhi,intersect v,هڪ ٻئي کي ڪپڻ وچان پار وڃڻ,,SindhiLanguage.org,https://sindhilanguage.org/,Amar Fayaz Buriro (امر فياض ٻرڙو),Intersect (v),Intersect (v),HEADWORD_WITH_LABEL,HEADWORD_WITH_LABEL
slx_13c30986a9ea7087,52029,Intersperse (v),,,English → Sindhi,پکيڙڻ، ڦهلائڻ، هرهنڌ رکڻ,english,English → Sindhi,intersperse v,پکيڙڻ ڦهلائڻ هرهنڌ رکڻ,,SindhiLanguage.org,https://sindhilanguage.org/,Amar Fayaz Buriro (امر فياض ٻرڙو),Intersperse (v),Intersperse (v),HEADWORD_WITH_LABEL,HEADWORD_WITH_LABEL
slx_dd32c955861e7d33,52034,Interwine (v),,,English → Sindhi,ويڙهڻ، وڪوڙڻ، چوطرف ڦرڻ,english,English → Sindhi,interwine v,ويڙهڻ وڪوڙڻ چوطرف ڦرڻ,,SindhiLanguage.org,https://sindhilanguage.org/,Amar Fayaz Buriro (امر فياض ٻرڙو),Interwine (v),Interwine (v),HEADWORD_WITH_LABEL,HEADWORD_WITH_LABEL
slx_e6f1fe99e45f0180,52037,Intervene (v),,,English → Sindhi,وچ ۾ پوڻ، وچ ۾ اچڻ,english,English → Sindhi,intervene v,وچ پوڻ وچ اچڻ,,SindhiLanguage.org,https://sindhilanguage.org/,Amar Fayaz Buriro (امر فياض ٻرڙو),Intervene (v),Intervene (v),HEADWORD_WITH_LABEL,HEADWORD_WITH_LABEL
slx_309fe87724d20949,52047,Inthral (v),,,English → Sindhi,غلام بنائڻ، قيد ڪرڻ، گرفتار ڪرڻ,english,English → Sindhi,inthral v,غلام بنائڻ قيد ڪرڻ گرفتار ڪرڻ,,SindhiLanguage.org,https://sindhilanguage.org/,Amar Fayaz Buriro (امر فياض ٻرڙو),Inthral (v),Inthral (v),HEADWORD_WITH_LABEL,HEADWORD_WITH_LABEL
slx_870bff3d5f7e4c12,52051,Intimate (v),,,English → Sindhi,چتاءُ ڏيڻ، اطلاح ڏيڻ، ڪن کڻائڻ,english,English → Sindhi,intimate v,چتاء ڏيڻ اطلاح ڏيڻ ڪن کڻائڻ,,SindhiLanguage.org,https://sindhilanguage.org/,Amar Fayaz Buriro (امر فياض ٻرڙو),Intimate (v),Intimate (v),HEADWORD_WITH_LABEL,HEADWORD_WITH_LABEL
slx_575c001dc7f4d1bf,52053,Intimidate (v),,,English → Sindhi,خوف ڏيارڻ، ڊيڄارڻ، دڙڪو ڏيڻ، هيسائڻ,english,English → Sindhi,intimidate v,خوف ڏيارڻ ڊيڄارڻ دڙڪو ڏيڻ هيسائڻ,,SindhiLanguage.org,https://sindhilanguage.org/,Amar Fayaz Buriro (امر فياض ٻرڙو),Intimidate (v),Intimidate (v),HEADWORD_WITH_LABEL,HEADWORD_WITH_LABEL
slx_d2d61c9784cf284f,52061,Intomb (v),,,English → Sindhi,دفن ڪرڻ، قبر ۾ داخل ڪرڻ,english,English → Sindhi,intomb v,دفن ڪرڻ قبر داخل ڪرڻ,,SindhiLanguage.org,https://sindhilanguage.org/,Amar Fayaz Buriro (امر فياض ٻرڙو),Intomb (v),Intomb (v),HEADWORD_WITH_LABEL,HEADWORD_WITH_LABEL
slx_fe59bc08cab4feda,52063,Intone (v),,,English → Sindhi,سُر سان پڙهڻ، راڳ سان پڙهڻ,english,English → Sindhi,intone v,سر سان پڙهڻ راڳ سان پڙهڻ,,SindhiLanguage.org,https://sindhilanguage.org/,Amar Fayaz Buriro (امر فياض ٻرڙو),Intone (v),Intone (v),HEADWORD_WITH_LABEL,HEADWORD_WITH_LABEL
slx_0cb2ed5798c1609f,52064,Intort (v),,,English → Sindhi,مروٽڻ، وٽڻ,english,English → Sindhi,intort v,مروٽڻ وٽڻ,,SindhiLanguage.org,https://sindhilanguage.org/,Amar Fayaz Buriro (امر فياض ٻرڙو),Intort (v),Intort (v),HEADWORD_WITH_LABEL,HEADWORD_WITH_LABEL
slx_7de58f9a0861e824,52067,Intoxicate (v),,,English → Sindhi,نشئي ڪرڻ، بيهوش ڪرڻ، مست ڪرڻ,english,English → Sindhi,intoxicate v,نشئي ڪرڻ بيهوش ڪرڻ مست ڪرڻ,,SindhiLanguage.org,https://sindhilanguage.org/,Amar Fayaz Buriro (امر فياض ٻرڙو),Intoxicate (v),Intoxicate (v),HEADWORD_WITH_LABEL,HEADWORD_WITH_LABEL
slx_ac724220f73fdbb9,52073,Intrech (v),,,English → Sindhi,کاهي يا خندق کوٽڻ، مورچي بندي,english,English → Sindhi,intrech v,کاهي يا خندق کوٽڻ مورچي بندي,,SindhiLanguage.org,https://sindhilanguage.org/,Amar Fayaz Buriro (امر فياض ٻرڙو),Intrech (v),Intrech (v),HEADWORD_WITH_LABEL,HEADWORD_WITH_LABEL
slx_e645410c18a98b25,52084,Introduce (v),,,English → Sindhi,واقف ڪرائڻ، ملائڻ، جاري ڪرڻ,english,English → Sindhi,introduce v,واقف ڪرائڻ ملائڻ جاري ڪرڻ,,SindhiLanguage.org,https://sindhilanguage.org/,Amar Fayaz Buriro (امر فياض ٻرڙو),Introduce (v),Introduce (v),HEADWORD_WITH_LABEL,HEADWORD_WITH_LABEL
slx_334ada88d011f3a2,52089,Intrude (v),,,English → Sindhi,دست درازي ڪرڻ، اڻ ڪوٺيو اچڻ,english,English → Sindhi,intrude v,دست درازي ڪرڻ اڻ ڪوٺيو اچڻ,,SindhiLanguage.org,https://sindhilanguage.org/,Amar Fayaz Buriro (امر فياض ٻرڙو),Intrude (v),Intrude (v),HEADWORD_WITH_LABEL,HEADWORD_WITH_LABEL
slx_9fae903472e1fce4,52096,Inundate (v),,,English → Sindhi,ٻوڙڻ، غرق ڪرڻ، ڪناتار ڪرڻ,english,English → Sindhi,inundate v,ٻوڙڻ غرق ڪرڻ ڪناتار ڪرڻ,,SindhiLanguage.org,https://sindhilanguage.org/,Amar Fayaz Buriro (امر فياض ٻرڙو),Inundate (v),Inundate (v),HEADWORD_WITH_LABEL,HEADWORD_WITH_LABEL
slx_592faf10477f78c8,52098,Inure (v),,,English → Sindhi,عادي ڪرڻ، هيرائڻ، عمل ۾ آڻڻ,english,English → Sindhi,inure v,عادي ڪرڻ هيرائڻ عمل آڻڻ,,SindhiLanguage.org,https://sindhilanguage.org/,Amar Fayaz Buriro (امر فياض ٻرڙو),Inure (v),Inure (v),HEADWORD_WITH_LABEL,HEADWORD_WITH_LABEL
slx_5869177fe7eca1cc,52101,Invade (v),,,English → Sindhi,چڙهائي ڪرڻ، ڪاهه ڪرڻ,english,English → Sindhi,invade v,چڙهائي ڪرڻ ڪاهه ڪرڻ,,SindhiLanguage.org,https://sindhilanguage.org/,Amar Fayaz Buriro (امر فياض ٻرڙو),Invade (v),Invade (v),HEADWORD_WITH_LABEL,HEADWORD_WITH_LABEL
slx_9f92a9b4b4c894ff,52105,Invalidate (v),,,English → Sindhi,رد ڪرڻ، ناجائز ڪرڻ، نڪمو ڪرڻ,english,English → Sindhi,invalidate v,رد ڪرڻ ناجائز ڪرڻ نڪمو ڪرڻ,,SindhiLanguage.org,https://sindhilanguage.org/,Amar Fayaz Buriro (امر فياض ٻرڙو),Invalidate (v),Invalidate (v),HEADWORD_WITH_LABEL,HEADWORD_WITH_LABEL
slx_8d32880dd4fd1a1b,52111,Inveigh (v),,,English → Sindhi,طعنو هڻڻ، خراب ڳالهائڻ,english,English → Sindhi,inveigh v,طعنو هڻڻ خراب ڳالهائڻ,,SindhiLanguage.org,https://sindhilanguage.org/,Amar Fayaz Buriro (امر فياض ٻرڙو),Inveigh (v),Inveigh (v),HEADWORD_WITH_LABEL,HEADWORD_WITH_LABEL
slx_db766628df19d303,52112,Inveigle (v),,,English → Sindhi,ورغلائڻ، ختم ڪرڻ، چٽ ڪرڻ,english,English → Sindhi,inveigle v,ورغلائڻ ختم ڪرڻ چٽ ڪرڻ,,SindhiLanguage.org,https://sindhilanguage.org/,Amar Fayaz Buriro (امر فياض ٻرڙو),Inveigle (v),Inveigle (v),HEADWORD_WITH_LABEL,HEADWORD_WITH_LABEL
slx_31fd5d36b819a8ac,52115,Invent (v),,,English → Sindhi,ايجاد ڪرڻ، ڳولي ڪڍڻ، ٺاهڻ,english,English → Sindhi,invent v,ايجاد ڪرڻ ڳولي ڪڍڻ ٺاهڻ,,SindhiLanguage.org,https://sindhilanguage.org/,Amar Fayaz Buriro (امر فياض ٻرڙو),Invent (v),Invent (v),HEADWORD_WITH_LABEL,HEADWORD_WITH_LABEL
slx_a612a76822f47673,52124,Invert (v),,,English → Sindhi,اُبتو ڪرڻ، اُٿلائڻ، اونڌو ڪرڻ,english,English → Sindhi,invert v,ابتو ڪرڻ اٿلائڻ اونڌو ڪرڻ,,SindhiLanguage.org,https://sindhilanguage.org/,Amar Fayaz Buriro (امر فياض ٻرڙو),Invert (v),Invert (v),HEADWORD_WITH_LABEL,HEADWORD_WITH_LABEL
slx_3dd4af4861f739b5,52127,Invest (v),,,English → Sindhi,عطا ڪرڻ، بخشڻ، پهرائڻ، اختيار ڏيڻ، موڙي سيڙائڻ,english,English → Sindhi,invest v,عطا ڪرڻ بخشڻ پهرائڻ اختيار ڏيڻ موڙي سيڙائڻ,,SindhiLanguage.org,https://sindhilanguage.org/,Amar Fayaz Buriro (امر فياض ٻرڙو),Invest (v),Invest (v),HEADWORD_WITH_LABEL,HEADWORD_WITH_LABEL
slx_4672edca8edd0a3d,52129,Investigate (v),,,English → Sindhi,دريافت ڪرڻ، جاچ ڪرڻ، تپاسڻ,english,English → Sindhi,investigate v,دريافت ڪرڻ جاچ ڪرڻ تپاسڻ,,SindhiLanguage.org,https://sindhilanguage.org/,Amar Fayaz Buriro (امر فياض ٻرڙو),Investigate (v),Investigate (v),HEADWORD_WITH_LABEL,HEADWORD_WITH_LABEL
slx_9337a62b3563fafb,52139,Invigorate (v),,,English → Sindhi,مضبوط ڪرڻ، قوت ڏيڻ، زندگي بخشڻ,english,English → Sindhi,invigorate v,مضبوط ڪرڻ قوت ڏيڻ زندگي بخشڻ,,SindhiLanguage.org,https://sindhilanguage.org/,Amar Fayaz Buriro (امر فياض ٻرڙو),Invigorate (v),Invigorate (v),HEADWORD_WITH_LABEL,HEADWORD_WITH_LABEL
slx_68bb2f703ca079ee,52147,Invite (v),,,English → Sindhi,دعوت ڏيڻ، استدعا ڪرڻ، آڻڻ، پڇڻ,english,English → Sindhi,invite v,دعوت ڏيڻ استدعا ڪرڻ آڻڻ پڇڻ,,SindhiLanguage.org,https://sindhilanguage.org/,Amar Fayaz Buriro (امر فياض ٻرڙو),Invite (v),Invite (v),HEADWORD_WITH_LABEL,HEADWORD_WITH_LABEL
slx_e3134b982d70fb89,52149,Invocate (v),,,English → Sindhi,سڏائڻ، گهرڻ، دعا گهرڻ,english,English → Sindhi,invocate v,سڏائڻ گهرڻ دعا گهرڻ,,SindhiLanguage.org,https://sindhilanguage.org/,Amar Fayaz Buriro (امر فياض ٻرڙو),Invocate (v),Invocate (v),HEADWORD_WITH_LABEL,HEADWORD_WITH_LABEL
slx_6bf31b6a819b12b3,52152,Invoke (v),,,English → Sindhi,گهرائڻ، دعا گهرڻ يا ڪرڻ,english,English → Sindhi,invoke v,گهرائڻ دعا گهرڻ يا ڪرڻ,,SindhiLanguage.org,https://sindhilanguage.org/,Amar Fayaz Buriro (امر فياض ٻرڙو),Invoke (v),Invoke (v),HEADWORD_WITH_LABEL,HEADWORD_WITH_LABEL
slx_22ee4095828e0264,52157,Involve (v),,,English → Sindhi,ڳنڍڻ، شامل ڪرڻ، ڦاسائڻ، اٽڪائڻ,english,English → Sindhi,involve v,ڳنڍڻ شامل ڪرڻ ڦاسائڻ اٽڪائڻ,,SindhiLanguage.org,https://sindhilanguage.org/,Amar Fayaz Buriro (امر فياض ٻرڙو),Involve (v),Involve (v),HEADWORD_WITH_LABEL,HEADWORD_WITH_LABEL
slx_89b592e4d3a7362f,52178,(To strike the iron while it is hot),,,English → Sindhi,موقعي تي ڪم ڪرڻ,english,English → Sindhi,to strike the iron while it is hot,موقعي تي ڪم ڪرڻ,,SindhiLanguage.org,https://sindhilanguage.org/,Amar Fayaz Buriro (امر فياض ٻرڙو),(To strike the iron while it is hot),(To strike the iron while it is hot),PARENTHETICAL,PARENTHETICAL
slx_229615ac4a7ddfa5,52179,(The iron age),,,English → Sindhi,ڪلجڳ,english,English → Sindhi,the iron age,ڪلجڳ,,SindhiLanguage.org,https://sindhilanguage.org/,Amar Fayaz Buriro (امر فياض ٻرڙو),(The iron age),(The iron age),PARENTHETICAL,PARENTHETICAL
slx_095b10fecf61b3f8,52180,(To have two irons in the fire),,,English → Sindhi,هڪ ئي وقت تي ٻه ڪم هٿ ۾ کڻڻ,english,English → Sindhi,to have two irons in the fire,هڪ ئي وقت تي ٻه ڪم هٿ کڻڻ,,SindhiLanguage.org,https://sindhilanguage.org/,Amar Fayaz Buriro (امر فياض ٻرڙو),(To have two irons in the fire),(To have two irons in the fire),PARENTHETICAL,PARENTHETICAL
slx_6d7eeb324854cd36,52181,(The iron entered into hi soul),,,English → Sindhi,هن جي دل تي ڇري وهي ويئي، هن کي سخت صدمو پهتو,english,English → Sindhi,the iron entered into hi soul,هن جي دل تي ڇري وهي ويئي هن کي سخت صدمو پهتو,,SindhiLanguage.org,https://sindhilanguage.org/,Amar Fayaz Buriro (امر فياض ٻرڙو),(The iron entered into hi soul),(The iron entered into hi soul),PARENTHETICAL,PARENTHETICAL
slx_f1768d99ed2e2c04,52193,Irradiate (v),,,English → Sindhi,روشن ڪرڻ، چمڪائڻ، زيورن سان سينگارڻ,english,English → Sindhi,irradiate v,روشن ڪرڻ چمڪائڻ زيورن سان سينگارڻ,,SindhiLanguage.org,https://sindhilanguage.org/,Amar Fayaz Buriro (امر فياض ٻرڙو),Irradiate (v),Irradiate (v),HEADWORD_WITH_LABEL,HEADWORD_WITH_LABEL
slx_66be203518906e39,52226,Irrigate (v),,,English → Sindhi,ريج ڏيڻ، پاڻي ڏيڻ، آبپاشي ڪرڻ,english,English → Sindhi,irrigate v,ريج ڏيڻ پاڻي ڏيڻ آبپاشي ڪرڻ,,SindhiLanguage.org,https://sindhilanguage.org/,Amar Fayaz Buriro (امر فياض ٻرڙو),Irrigate (v),Irrigate (v),HEADWORD_WITH_LABEL,HEADWORD_WITH_LABEL
slx_5d1e0a53638ed641,52232,Irritate (v),,,English → Sindhi,چڙ ڏيارڻ، ڪاوڙائڻ، خفي ڪرڻ,english,English → Sindhi,irritate v,چڙ ڏيارڻ ڪاوڙائڻ خفي ڪرڻ,,SindhiLanguage.org,https://sindhilanguage.org/,Amar Fayaz Buriro (امر فياض ٻرڙو),Irritate (v),Irritate (v),HEADWORD_WITH_LABEL,HEADWORD_WITH_LABEL
slx_808b78d65f7ea0ad,52241,Isolate (v),,,English → Sindhi,ڌار ڪرڻ، جدا ڪرڻ، الڳ ڪرڻ,english,English → Sindhi,isolate v,ڌار ڪرڻ جدا ڪرڻ الڳ ڪرڻ,,SindhiLanguage.org,https://sindhilanguage.org/,Amar Fayaz Buriro (امر فياض ٻرڙو),Isolate (v),Isolate (v),HEADWORD_WITH_LABEL,HEADWORD_WITH_LABEL
slx_129619fc4bdbb051,52258,Iterate (v),,,English → Sindhi,هر هر چوڻ، دهرائڻ، وري وري چوڻ,english,English → Sindhi,iterate v,هر هر چوڻ دهرائڻ وري وري چوڻ,,SindhiLanguage.org,https://sindhilanguage.org/,Amar Fayaz Buriro (امر فياض ٻرڙو),Iterate (v),Iterate (v),HEADWORD_WITH_LABEL,HEADWORD_WITH_LABEL
slx_0c8a2bc9c07b0727,52260,Itinerate (v),,,English → Sindhi,بيڪار گهمڻ، رلڻ، گهمڻ,english,English → Sindhi,itinerate v,بيڪار گهمڻ رلڻ گهمڻ,,SindhiLanguage.org,https://sindhilanguage.org/,Amar Fayaz Buriro (امر فياض ٻرڙو),Itinerate (v),Itinerate (v),HEADWORD_WITH_LABEL,HEADWORD_WITH_LABEL
slx_745c89c52ca08361,52282,Jade (v),,,English → Sindhi,ٿڪجڻ، ٿڪل گهوڙو، نيچ زال، ڏائڻ، بيزار ڪرڻ,english,English → Sindhi,jade v,ٿڪجڻ ٿڪل گهوڙو نيچ زال ڏائڻ بيزار ڪرڻ,,SindhiLanguage.org,https://sindhilanguage.org/,Amar Fayaz Buriro (امر فياض ٻرڙو),Jade (v),Jade (v),HEADWORD_WITH_LABEL,HEADWORD_WITH_LABEL
slx_030cdb5cbe917345,52291,Jam (v),,,English → Sindhi,چيڀاٽڻ، نپوڙڻ، سٽڻ، مربو,english,English → Sindhi,jam v,چيڀاٽڻ نپوڙڻ سٽڻ مربو,,SindhiLanguage.org,https://sindhilanguage.org/,Amar Fayaz Buriro (امر فياض ٻرڙو),Jam (v),Jam (v),HEADWORD_WITH_LABEL,HEADWORD_WITH_LABEL
slx_79fb657ac3f2d477,52321,Jeopardize (v),,,English → Sindhi,جوکي ۾ وجهڻ، خطري ۾ وجهڻ,english,English → Sindhi,jeopardize v,جوکي وجهڻ خطري وجهڻ,,SindhiLanguage.org,https://sindhilanguage.org/,Amar Fayaz Buriro (امر فياض ٻرڙو),Jeopardize (v),Jeopardize (v),HEADWORD_WITH_LABEL,HEADWORD_WITH_LABEL
slx_0ea631bbfdb52274,52324,Jerk (v),,,English → Sindhi,اڇلڻ، لوڏا ڏيڻ، ڌڪو,english,English → Sindhi,jerk v,اڇلڻ لوڏا ڏيڻ ڌڪو,,SindhiLanguage.org,https://sindhilanguage.org/,Amar Fayaz Buriro (امر فياض ٻرڙو),Jerk (v),Jerk (v),HEADWORD_WITH_LABEL,HEADWORD_WITH_LABEL
slx_51e7c7a76cb6de7a,52341,Jib (v),,,English → Sindhi,(گهوڙو) مستي ڪرڻ، رڏي ڪرڻ,english,English → Sindhi,jib v,گهوڙو مستي ڪرڻ رڏي ڪرڻ,,SindhiLanguage.org,https://sindhilanguage.org/,Amar Fayaz Buriro (امر فياض ٻرڙو),Jib (v),Jib (v),HEADWORD_WITH_LABEL,HEADWORD_WITH_LABEL
slx_92ce70a66955ad48,52343,Jibe (v),,,English → Sindhi,ٺٺولي ڪرڻ، لُڏڻ,english,English → Sindhi,jibe v,ٺٺولي ڪرڻ لڏڻ,,SindhiLanguage.org,https://sindhilanguage.org/,Amar Fayaz Buriro (امر فياض ٻرڙو),Jibe (v),Jibe (v),HEADWORD_WITH_LABEL,HEADWORD_WITH_LABEL
slx_e870054cb2ebe5b3,52348,Jingle (v),,,English → Sindhi,کڙ کڙ، کڙڪڻ، کڙڪائڻ,english,English → Sindhi,jingle v,کڙ کڙ کڙڪڻ کڙڪائڻ,,SindhiLanguage.org,https://sindhilanguage.org/,Amar Fayaz Buriro (امر فياض ٻرڙو),Jingle (v),Jingle (v),HEADWORD_WITH_LABEL,HEADWORD_WITH_LABEL
slx_f39b6ae2beec87e7,52361,Jog (v),,,English → Sindhi,ٿيلهو ڏيڻ، ڌڪو ڏيڻ,english,English → Sindhi,jog v,ٿيلهو ڏيڻ ڌڪو ڏيڻ,,SindhiLanguage.org,https://sindhilanguage.org/,Amar Fayaz Buriro (امر فياض ٻرڙو),Jog (v),Jog (v),HEADWORD_WITH_LABEL,HEADWORD_WITH_LABEL
slx_e1a30fce364b5bb7,52362,Join (v),,,English → Sindhi,ڳنڍڻ، گڏڻ، شامل ٿيڻ,english,English → Sindhi,join v,ڳنڍڻ گڏڻ شامل ٿيڻ,,SindhiLanguage.org,https://sindhilanguage.org/,Amar Fayaz Buriro (امر فياض ٻرڙو),Join (v),Join (v),HEADWORD_WITH_LABEL,HEADWORD_WITH_LABEL
slx_e62cc92826fa15ac,52369,Joke (v),,,English → Sindhi,چرچو ڪرڻ، مسخري ڪرڻ,english,English → Sindhi,joke v,چرچو ڪرڻ مسخري ڪرڻ,,SindhiLanguage.org,https://sindhilanguage.org/,Amar Fayaz Buriro (امر فياض ٻرڙو),Joke (v),Joke (v),HEADWORD_WITH_LABEL,HEADWORD_WITH_LABEL
slx_dd4283eb8d4775aa,52373,Jolt (v),,,English → Sindhi,ڌوڏو، لوڏو، ڌوڏڻ، لوڏڻ,english,English → Sindhi,jolt v,ڌوڏو لوڏو ڌوڏڻ لوڏڻ,,SindhiLanguage.org,https://sindhilanguage.org/,Amar Fayaz Buriro (امر فياض ٻرڙو),Jolt (v),Jolt (v),HEADWORD_WITH_LABEL,HEADWORD_WITH_LABEL
slx_8eebe7bac38b6ba6,52375,Hostle (v),,,English → Sindhi,ڌڪو ڏيڻ، ٿيلهو ڏيڻ، ڪيرائڻ,english,English → Sindhi,hostle v,ڌڪو ڏيڻ ٿيلهو ڏيڻ ڪيرائڻ,,SindhiLanguage.org,https://sindhilanguage.org/,Amar Fayaz Buriro (امر فياض ٻرڙو),Hostle (v),Hostle (v),HEADWORD_WITH_LABEL,HEADWORD_WITH_LABEL
slx_63e28d4992cade1b,52399,Jubilate (v),,,English → Sindhi,خوش ٿيڻ، سرهو ٿيڻ,english,English → Sindhi,jubilate v,خوش ٿيڻ سرهو ٿيڻ,,SindhiLanguage.org,https://sindhilanguage.org/,Amar Fayaz Buriro (امر فياض ٻرڙو),Jubilate (v),Jubilate (v),HEADWORD_WITH_LABEL,HEADWORD_WITH_LABEL
slx_48bb7581a1e134cc,52405,Judge (v),,,English → Sindhi,انصاف ڪرڻ، حساب لڳائڻ، سمجهڻ، راءِ ڏيڻ,english,English → Sindhi,judge v,انصاف ڪرڻ حساب لڳائڻ سمجهڻ راء ڏيڻ,,SindhiLanguage.org,https://sindhilanguage.org/,Amar Fayaz Buriro (امر فياض ٻرڙو),Judge (v),Judge (v),HEADWORD_WITH_LABEL,HEADWORD_WITH_LABEL
slx_4bbdbf7ecb087529,52418,Jug (v),,,English → Sindhi,قيد ڪرڻ، جيل ۾ وجهڻ,english,English → Sindhi,jug v,قيد ڪرڻ جيل وجهڻ,,SindhiLanguage.org,https://sindhilanguage.org/,Amar Fayaz Buriro (امر فياض ٻرڙو),Jug (v),Jug (v),HEADWORD_WITH_LABEL,HEADWORD_WITH_LABEL
slx_1ccae883a6bbe726,52419,Juggle (v),,,English → Sindhi,بازيگري ڪرڻ، ٺڳڻ، ڌوڪو ڏيڻ,english,English → Sindhi,juggle v,بازيگري ڪرڻ ٺڳڻ ڌوڪو ڏيڻ,,SindhiLanguage.org,https://sindhilanguage.org/,Amar Fayaz Buriro (امر فياض ٻرڙو),Juggle (v),Juggle (v),HEADWORD_WITH_LABEL,HEADWORD_WITH_LABEL
slx_7b732f5686c268c6,52428,Juke (v),,,English → Sindhi,وهڻ، هيٺ لهڻ,english,English → Sindhi,juke v,وهڻ هيٺ لهڻ,,SindhiLanguage.org,https://sindhilanguage.org/,Amar Fayaz Buriro (امر فياض ٻرڙو),Juke (v),Juke (v),HEADWORD_WITH_LABEL,HEADWORD_WITH_LABEL
slx_e33d1c7183f1fb50,52431,Jumble (v),,,English → Sindhi,ملائي ڇڏڻ، گڏڻ، ڳرڌاڻي، نان خطائي,english,English → Sindhi,jumble v,ملائي ڇڏڻ گڏڻ ڳرڌاڻي نان خطائي,,SindhiLanguage.org,https://sindhilanguage.org/,Amar Fayaz Buriro (امر فياض ٻرڙو),Jumble (v),Jumble (v),HEADWORD_WITH_LABEL,HEADWORD_WITH_LABEL
slx_34738f66d67acffa,52433,Jump (v),,,English → Sindhi,ٽپو ڏيڻ، ٽپو، ڇلانگ لڳائڻ,english,English → Sindhi,jump v,ٽپو ڏيڻ ٽپو ڇلانگ لڳائڻ,,SindhiLanguage.org,https://sindhilanguage.org/,Amar Fayaz Buriro (امر فياض ٻرڙو),Jump (v),Jump (v),HEADWORD_WITH_LABEL,HEADWORD_WITH_LABEL
slx_0960c640928e1ae9,52452,(Jurisdiction competent),,,English → Sindhi,پوري عمل رکندڙ حد,english,English → Sindhi,jurisdiction competent,پوري عمل رکندڙ حد,,SindhiLanguage.org,https://sindhilanguage.org/,Amar Fayaz Buriro (امر فياض ٻرڙو),(Jurisdiction competent),(Jurisdiction competent),PARENTHETICAL,PARENTHETICAL
slx_1c0cff37e4e1cb30,52469,Justify (v),,,English → Sindhi,جواز ڏيڻ، صحيح ثابت ڪرڻ، سچو ٺهرائڻ,english,English → Sindhi,justify v,جواز ڏيڻ صحيح ثابت ڪرڻ سچو ٺهرائڻ,,SindhiLanguage.org,https://sindhilanguage.org/,Amar Fayaz Buriro (امر فياض ٻرڙو),Justify (v),Justify (v),HEADWORD_WITH_LABEL,HEADWORD_WITH_LABEL
slx_a893133410ab39ee,52470,Justle (v),,,English → Sindhi,ٽڪرجڻ، مارڻ، حملو ڪرڻ، ٽڪر,english,English → Sindhi,justle v,ٽڪرجڻ مارڻ حملو ڪرڻ ٽڪر,,SindhiLanguage.org,https://sindhilanguage.org/,Amar Fayaz Buriro (امر فياض ٻرڙو),Justle (v),Justle (v),HEADWORD_WITH_LABEL,HEADWORD_WITH_LABEL
slx_01e37048d1cc3f45,52473,Jut (v),,,English → Sindhi,ٻاهر نڪرڻ، ٻاهر تي نڪرڻ,english,English → Sindhi,jut v,ٻاهر نڪرڻ ٻاهر تي نڪرڻ,,SindhiLanguage.org,https://sindhilanguage.org/,Amar Fayaz Buriro (امر فياض ٻرڙو),Jut (v),Jut (v),HEADWORD_WITH_LABEL,HEADWORD_WITH_LABEL
slx_6d51e61866979297,52513,Kept (p.p of keep),,,English → Sindhi,رکيل,english,English → Sindhi,kept p p of keep,رکيل,,SindhiLanguage.org,https://sindhilanguage.org/,Amar Fayaz Buriro (امر فياض ٻرڙو),Kept (p.p of keep),Kept (p.p of keep),HEADWORD_WITH_LABEL,HEADWORD_WITH_LABEL
slx_69d30ec145ccc1df,52576,Knelt (p. t of kneel),,,English → Sindhi,جهڪيو، نوڙيو,english,English → Sindhi,knelt p t of kneel,جهڪيو نوڙيو,,SindhiLanguage.org,https://sindhilanguage.org/,Amar Fayaz Buriro (امر فياض ٻرڙو),Knelt (p. t of kneel),Knelt (p. t of kneel),HEADWORD_WITH_LABEL,HEADWORD_WITH_LABEL
slx_a17d03062b124901,52577,Knew (p.t of know),,,English → Sindhi,سڃاتو، ڄاتو,english,English → Sindhi,knew p t of know,سڃاتو ڄاتو,,SindhiLanguage.org,https://sindhilanguage.org/,Amar Fayaz Buriro (امر فياض ٻرڙو),Knew (p.t of know),Knew (p.t of know),HEADWORD_WITH_LABEL,HEADWORD_WITH_LABEL
slx_aadd41617f1445b7,52616,Labour (n),,,English → Sindhi,پورهيو، محنت، مشقت، ويم جا سور,english,English → Sindhi,labour n,پورهيو محنت مشقت ويم جا سور,,SindhiLanguage.org,https://sindhilanguage.org/,Amar Fayaz Buriro (امر فياض ٻرڙو),Labour (n),Labour (n),HEADWORD_WITH_LABEL,HEADWORD_WITH_LABEL
slx_3a3ca20a75c38b62,52617,Labour (v),,,English → Sindhi,مزوري ڪرڻ، مشقت ڪرڻ، محنت ڪرڻ,english,English → Sindhi,labour v,مزوري ڪرڻ مشقت ڪرڻ محنت ڪرڻ,,SindhiLanguage.org,https://sindhilanguage.org/,Amar Fayaz Buriro (امر فياض ٻرڙو),Labour (v),Labour (v),HEADWORD_WITH_LABEL,HEADWORD_WITH_LABEL
slx_cc78a4272694f666,52642,Lag (adj),,,English → Sindhi,سست، پٺي رهندڙ (جيڪو پنڌ ۾ پٺتي رهجي وڃي),english,English → Sindhi,lag adj,سست پٺي رهندڙ جيڪو پنڌ پٺتي رهجي وڃي,,SindhiLanguage.org,https://sindhilanguage.org/,Amar Fayaz Buriro (امر فياض ٻرڙو),Lag (adj),Lag (adj),HEADWORD_WITH_LABEL,HEADWORD_WITH_LABEL
slx_f325e3b94d765a79,52646,Laid (adj),,,English → Sindhi,رکيل، ليٽيل,english,English → Sindhi,laid adj,رکيل ليٽيل,,SindhiLanguage.org,https://sindhilanguage.org/,Amar Fayaz Buriro (امر فياض ٻرڙو),Laid (adj),Laid (adj),HEADWORD_WITH_LABEL,HEADWORD_WITH_LABEL
slx_62e86dd6ea66aaa6,52664,Lance (n),,,English → Sindhi,نيزو، ڀالو، بڙڇي,english,English → Sindhi,lance n,نيزو ڀالو بڙڇي,,SindhiLanguage.org,https://sindhilanguage.org/,Amar Fayaz Buriro (امر فياض ٻرڙو),Lance (n),Lance (n),HEADWORD_WITH_LABEL,HEADWORD_WITH_LABEL
slx_1fb7b2c6b4a42326,52665,Lance (v),,,English → Sindhi,نيزو هڻڻ، نشتر لڳائڻ,english,English → Sindhi,lance v,نيزو هڻڻ نشتر لڳائڻ,,SindhiLanguage.org,https://sindhilanguage.org/,Amar Fayaz Buriro (امر فياض ٻرڙو),Lance (v),Lance (v),HEADWORD_WITH_LABEL,HEADWORD_WITH_LABEL
slx_5a8c858c474ec2a3,52688,Lapse (n),,,English → Sindhi,چوڪه، ڀل، بگڙڻ، خطا,english,English → Sindhi,lapse n,چوڪه ڀل بگڙڻ خطا,,SindhiLanguage.org,https://sindhilanguage.org/,Amar Fayaz Buriro (امر فياض ٻرڙو),Lapse (n),Lapse (n),HEADWORD_WITH_LABEL,HEADWORD_WITH_LABEL
slx_31040ee9746957cb,52689,Lapse (v),,,English → Sindhi,چوڪه ڪرڻ، گذري وڃڻ، هٽي وڃڻ,english,English → Sindhi,lapse v,چوڪه ڪرڻ گذري وڃڻ هٽي وڃڻ,,SindhiLanguage.org,https://sindhilanguage.org/,Amar Fayaz Buriro (امر فياض ٻرڙو),Lapse (v),Lapse (v),HEADWORD_WITH_LABEL,HEADWORD_WITH_LABEL
slx_8d4087f675181631,52706,Last (adj),,,English → Sindhi,آخري، پويون، گذريل، پڇاڙيءَ جو,english,English → Sindhi,last adj,آخري پويون گذريل پڇاڙيء جو,,SindhiLanguage.org,https://sindhilanguage.org/,Amar Fayaz Buriro (امر فياض ٻرڙو),Last (adj),Last (adj),HEADWORD_WITH_LABEL,HEADWORD_WITH_LABEL
slx_a636168098412b27,52707,Last (n),,,English → Sindhi,جتيءَ جي ڪاٽ جو قالب,english,English → Sindhi,last n,جتيء جي ڪاٽ جو قالب,,SindhiLanguage.org,https://sindhilanguage.org/,Amar Fayaz Buriro (امر فياض ٻرڙو),Last (n),Last (n),HEADWORD_WITH_LABEL,HEADWORD_WITH_LABEL
slx_c0036c6e6f919c4d,52708,Last (v),,,English → Sindhi,هلڻ، جٽاءُ ڪرڻ,english,English → Sindhi,last v,هلڻ جٽاء ڪرڻ,,SindhiLanguage.org,https://sindhilanguage.org/,Amar Fayaz Buriro (امر فياض ٻرڙو),Last (v),Last (v),HEADWORD_WITH_LABEL,HEADWORD_WITH_LABEL
slx_bbf4a613f89504f9,52737,Launch (n),,,English → Sindhi,ننڍو آگبوٽ,english,English → Sindhi,launch n,ننڍو آگبوٽ,,SindhiLanguage.org,https://sindhilanguage.org/,Amar Fayaz Buriro (امر فياض ٻرڙو),Launch (n),Launch (n),HEADWORD_WITH_LABEL,HEADWORD_WITH_LABEL
slx_93892ae48196fa49,52738,Launch (v),,,English → Sindhi,اُڇلڻ، هلائڻ، شروع ڪرڻ، پاڻيءَ ۾ هلائڻ,english,English → Sindhi,launch v,اڇلڻ هلائڻ شروع ڪرڻ پاڻيء هلائڻ,,SindhiLanguage.org,https://sindhilanguage.org/,Amar Fayaz Buriro (امر فياض ٻرڙو),Launch (v),Launch (v),HEADWORD_WITH_LABEL,HEADWORD_WITH_LABEL
slx_3377e8170d582716,52861,(To let),,,English → Sindhi,مسواڙ لاءِ خالي,english,English → Sindhi,to let,مسواڙ لاء خالي,,SindhiLanguage.org,https://sindhilanguage.org/,Amar Fayaz Buriro (امر فياض ٻرڙو),(To let),(To let),PARENTHETICAL,PARENTHETICAL
slx_ee444d7d9ebce179,52899,License (n),,,English → Sindhi,اجازت نامو، پروانو، مجاز، اختياري، آزادي، زيادتي، بد پرهيزي,english,English → Sindhi,license n,اجازت نامو پروانو مجاز اختياري آزادي زيادتي بد پرهيزي,,SindhiLanguage.org,https://sindhilanguage.org/,Amar Fayaz Buriro (امر فياض ٻرڙو),License (n),License (n),HEADWORD_WITH_LABEL,HEADWORD_WITH_LABEL
slx_8ad2036b07745a64,52900,License (v),,,English → Sindhi,اجازت ڏيڻ، اختياري يا پروانو ڏيڻ,english,English → Sindhi,license v,اجازت ڏيڻ اختياري يا پروانو ڏيڻ,,SindhiLanguage.org,https://sindhilanguage.org/,Amar Fayaz Buriro (امر فياض ٻرڙو),License (v),License (v),HEADWORD_WITH_LABEL,HEADWORD_WITH_LABEL
slx_889adc00a1640dba,52910,(Give the lie to),,,English → Sindhi,ڪوڙ جي تهمت هڻڻ,english,English → Sindhi,give the lie to,ڪوڙ جي تهمت هڻڻ,,SindhiLanguage.org,https://sindhilanguage.org/,Amar Fayaz Buriro (امر فياض ٻرڙو),(Give the lie to),(Give the lie to),PARENTHETICAL,PARENTHETICAL
slx_8a8518aff87e9360,52911,(White lie),,,English → Sindhi,سفيد ڪوڙ,english,English → Sindhi,white lie,سفيد ڪوڙ,,SindhiLanguage.org,https://sindhilanguage.org/,Amar Fayaz Buriro (امر فياض ٻرڙو),(White lie),(White lie),PARENTHETICAL,PARENTHETICAL
slx_b9fb9d97c98aa005,52922,(For life),,,English → Sindhi,يا عمر,english,English → Sindhi,for life,يا عمر,,SindhiLanguage.org,https://sindhilanguage.org/,Amar Fayaz Buriro (امر فياض ٻرڙو),(For life),(For life),PARENTHETICAL,PARENTHETICAL
slx_00383d28771ae55e,52927,Light (n),,,English → Sindhi,روشني، سوجهرو، نور، بتي، هلڪو علم,english,English → Sindhi,light n,روشني سوجهرو نور بتي هلڪو علم,,SindhiLanguage.org,https://sindhilanguage.org/,Amar Fayaz Buriro (امر فياض ٻرڙو),Light (n),Light (n),HEADWORD_WITH_LABEL,HEADWORD_WITH_LABEL
slx_e3f770a7e460610a,52928,Light (v),,,English → Sindhi,ٻارڻ، روشن ڪرڻ، سوجهرو ڪرڻ,english,English → Sindhi,light v,ٻارڻ روشن ڪرڻ سوجهرو ڪرڻ,,SindhiLanguage.org,https://sindhilanguage.org/,Amar Fayaz Buriro (امر فياض ٻرڙو),Light (v),Light (v),HEADWORD_WITH_LABEL,HEADWORD_WITH_LABEL
slx_46346d8ef3120f77,52929,(To bring to light),,,English → Sindhi,ظاهر ڪرڻ,english,English → Sindhi,to bring to light,ظاهر ڪرڻ,,SindhiLanguage.org,https://sindhilanguage.org/,Amar Fayaz Buriro (امر فياض ٻرڙو),(To bring to light),(To bring to light),PARENTHETICAL,PARENTHETICAL
slx_2c30bdf44c8335c3,52930,(To make light of),,,English → Sindhi,ناچيز سمجهڻ، خسيس ڄاڻڻ,english,English → Sindhi,to make light of,ناچيز سمجهڻ خسيس ڄاڻڻ,,SindhiLanguage.org,https://sindhilanguage.org/,Amar Fayaz Buriro (امر فياض ٻرڙو),(To make light of),(To make light of),PARENTHETICAL,PARENTHETICAL
slx_a20c71e079272790,52963,Limit (n),,,English → Sindhi,حد، سرحد، انداز، قيد,english,English → Sindhi,limit n,حد سرحد انداز قيد,,SindhiLanguage.org,https://sindhilanguage.org/,Amar Fayaz Buriro (امر فياض ٻرڙو),Limit (n),Limit (n),HEADWORD_WITH_LABEL,HEADWORD_WITH_LABEL
slx_1adca195610f87ae,52964,Limit (v),,,English → Sindhi,محدود ڪرڻ، روڪڻ,english,English → Sindhi,limit v,محدود ڪرڻ روڪڻ,,SindhiLanguage.org,https://sindhilanguage.org/,Amar Fayaz Buriro (امر فياض ٻرڙو),Limit (v),Limit (v),HEADWORD_WITH_LABEL,HEADWORD_WITH_LABEL
slx_7d36ca064984cb87,53059,(To place in a look up),,,English → Sindhi,حوالات ۾ بند ڪرڻ,english,English → Sindhi,to place in a look up,حوالات بند ڪرڻ,,SindhiLanguage.org,https://sindhilanguage.org/,Amar Fayaz Buriro (امر فياض ٻرڙو),(To place in a look up),(To place in a look up),PARENTHETICAL,PARENTHETICAL
slx_7847f94c394ff6a8,53092,(In the longrun),,,English → Sindhi,آخرڪار، نيٺ,english,English → Sindhi,in the longrun,آخرڪار نيٺ,,SindhiLanguage.org,https://sindhilanguage.org/,Amar Fayaz Buriro (امر فياض ٻرڙو),(In the longrun),(In the longrun),PARENTHETICAL,PARENTHETICAL
slx_a69ffd2ac5dd2b93,53104,Lookin (into),,,English → Sindhi,جاچڻ,english,English → Sindhi,lookin into,جاچڻ,,SindhiLanguage.org,https://sindhilanguage.org/,Amar Fayaz Buriro (امر فياض ٻرڙو),Lookin (into),Lookin (into),HEADWORD_WITH_LABEL,HEADWORD_WITH_LABEL
slx_09bd6a9a424d62b6,53113,(To break loose),,,English → Sindhi,ڇنائي ڀڄي وڃڻ,english,English → Sindhi,to break loose,ڇنائي ڀڄي وڃڻ,,SindhiLanguage.org,https://sindhilanguage.org/,Amar Fayaz Buriro (امر فياض ٻرڙو),(To break loose),(To break loose),PARENTHETICAL,PARENTHETICAL
slx_221972fa782d8247,53130,(To lose heart),,,English → Sindhi,بي همت ٿيڻ، همت هارڻ,english,English → Sindhi,to lose heart,بي همت ٿيڻ همت هارڻ,,SindhiLanguage.org,https://sindhilanguage.org/,Amar Fayaz Buriro (امر فياض ٻرڙو),(To lose heart),(To lose heart),PARENTHETICAL,PARENTHETICAL
slx_13ce370375ed6d96,53131,(To lose one’s self),,,English → Sindhi,گهٻرائجي وڃڻ، گمراهه ٿيڻ,english,English → Sindhi,to lose one s self,گهٻرائجي وڃڻ گمراهه ٿيڻ,,SindhiLanguage.org,https://sindhilanguage.org/,Amar Fayaz Buriro (امر فياض ٻرڙو),(To lose one’s self),(To lose one’s self),PARENTHETICAL,PARENTHETICAL
slx_801a38e7a0af7f2f,53132,(To lose one’s temper),,,English → Sindhi,آپي کان نڪري وڃڻ، ڪاوڙجڻ,english,English → Sindhi,to lose one s temper,آپي کان نڪري وڃڻ ڪاوڙجڻ,,SindhiLanguage.org,https://sindhilanguage.org/,Amar Fayaz Buriro (امر فياض ٻرڙو),(To lose one’s temper),(To lose one’s temper),PARENTHETICAL,PARENTHETICAL
slx_b68bb3604b6e3303,53133,(To lose ground),,,English → Sindhi,پسائيڻ، هارائڻ,english,English → Sindhi,to lose ground,پسائيڻ هارائڻ,,SindhiLanguage.org,https://sindhilanguage.org/,Amar Fayaz Buriro (امر فياض ٻرڙو),(To lose ground),(To lose ground),PARENTHETICAL,PARENTHETICAL
slx_7f85e0d29ff69d71,53135,(To be at a loss),,,English → Sindhi,حيران ٿيڻ، حوصلا خطا ٿيڻ,english,English → Sindhi,to be at a loss,حيران ٿيڻ حوصلا خطا ٿيڻ,,SindhiLanguage.org,https://sindhilanguage.org/,Amar Fayaz Buriro (امر فياض ٻرڙو),(To be at a loss),(To be at a loss),PARENTHETICAL,PARENTHETICAL
slx_2ecc333bf4afddae,53136,(To bear a loss),,,English → Sindhi,ٽوٽ ڀرڻ، کوٽ جي پورت ڪرڻ,english,English → Sindhi,to bear a loss,ٽوٽ ڀرڻ کوٽ جي پورت ڪرڻ,,SindhiLanguage.org,https://sindhilanguage.org/,Amar Fayaz Buriro (امر فياض ٻرڙو),(To bear a loss),(To bear a loss),PARENTHETICAL,PARENTHETICAL
slx_120af6ed31bb4f5d,53137,(To make up a loss),,,English → Sindhi,ٽوٽ ڀرڻ، کوٽ جي پورت ڪرڻ,english,English → Sindhi,to make up a loss,ٽوٽ ڀرڻ کوٽ جي پورت ڪرڻ,,SindhiLanguage.org,https://sindhilanguage.org/,Amar Fayaz Buriro (امر فياض ٻرڙو),(To make up a loss),(To make up a loss),PARENTHETICAL,PARENTHETICAL
slx_d9cff07efc745f12,53212,Macadamize (v),,,English → Sindhi,ڪڪري وجهي مضبوط ۽ لسو ڪرڻ,english,English → Sindhi,macadamize v,ڪڪري وجهي مضبوط لسو ڪرڻ,,SindhiLanguage.org,https://sindhilanguage.org/,Amar Fayaz Buriro (امر فياض ٻرڙو),Macadamize (v),Macadamize (v),HEADWORD_WITH_LABEL,HEADWORD_WITH_LABEL
slx_23cbd2a6bab07b86,53216,Macerate (v),,,English → Sindhi,ڪُٽڻ، پسائي ڳارڻ، ساڙڻ، ڪمزور ڪرڻ,english,English → Sindhi,macerate v,ڪٽڻ پسائي ڳارڻ ساڙڻ ڪمزور ڪرڻ,,SindhiLanguage.org,https://sindhilanguage.org/,Amar Fayaz Buriro (امر فياض ٻرڙو),Macerate (v),Macerate (v),HEADWORD_WITH_LABEL,HEADWORD_WITH_LABEL
slx_cd5603d24e3d6890,53229,"Maculate, (v)",,,English → Sindhi,داغ لڳائڻ,english,English → Sindhi,maculate v,داغ لڳائڻ,,SindhiLanguage.org,https://sindhilanguage.org/,Amar Fayaz Buriro (امر فياض ٻرڙو),"Maculate, (v)","Maculate, (v)",HEADWORD_WITH_LABEL,HEADWORD_WITH_LABEL
slx_838ac78aa7104661,53234,Madden (v),,,English → Sindhi,چريو ڪرڻ، پاڳل ڪڻ,english,English → Sindhi,madden v,چريو ڪرڻ پاڳل ڪڻ,,SindhiLanguage.org,https://sindhilanguage.org/,Amar Fayaz Buriro (امر فياض ٻرڙو),Madden (v),Madden (v),HEADWORD_WITH_LABEL,HEADWORD_WITH_LABEL
slx_87a208ed57ed220a,53236,Made (p.p of make),,,English → Sindhi,جڙيل، ٺهيل,english,English → Sindhi,made p p of make,جڙيل ٺهيل,,SindhiLanguage.org,https://sindhilanguage.org/,Amar Fayaz Buriro (امر فياض ٻرڙو),Made (p.p of make),Made (p.p of make),HEADWORD_WITH_LABEL,HEADWORD_WITH_LABEL
slx_1db03b73fa143735,53272,Magnify one self (v),,,English → Sindhi,هٺ ڏيکارڻ,english,English → Sindhi,magnify one self v,هٺ ڏيکارڻ,,SindhiLanguage.org,https://sindhilanguage.org/,Amar Fayaz Buriro (امر فياض ٻرڙو),Magnify one self (v),Magnify one self (v),HEADWORD_WITH_LABEL,HEADWORD_WITH_LABEL
slx_67175b2d1c883d76,53289,(In the main),,,English → Sindhi,اڪثر ڪري، گهڻو ڪري,english,English → Sindhi,in the main,اڪثر ڪري گهڻو ڪري,,SindhiLanguage.org,https://sindhilanguage.org/,Amar Fayaz Buriro (امر فياض ٻرڙو),(In the main),(In the main),PARENTHETICAL,PARENTHETICAL
slx_cb152d669f99460e,53296,Maintain (v),,,English → Sindhi,قائم رکڻ، بيان ڪرڻ، پرورش ڪرڻ، هلائڻ,english,English → Sindhi,maintain v,قائم رکڻ بيان ڪرڻ پرورش ڪرڻ هلائڻ,,SindhiLanguage.org,https://sindhilanguage.org/,Amar Fayaz Buriro (امر فياض ٻرڙو),Maintain (v),Maintain (v),HEADWORD_WITH_LABEL,HEADWORD_WITH_LABEL
slx_d190bcd79243dbcd,53302,(Your majesty),,,English → Sindhi,جهان پناه، جيئندا قبلا، حضور اعليٰ,english,English → Sindhi,your majesty,جهان پناه جيئندا قبلا حضور اعلي,,SindhiLanguage.org,https://sindhilanguage.org/,Amar Fayaz Buriro (امر فياض ٻرڙو),(Your majesty),(Your majesty),PARENTHETICAL,PARENTHETICAL
slx_1625489d897c4b5b,53306,Make (n),,,English → Sindhi,جوڙ، بناوت، ڪاريگري,english,English → Sindhi,make n,جوڙ بناوت ڪاريگري,,SindhiLanguage.org,https://sindhilanguage.org/,Amar Fayaz Buriro (امر فياض ٻرڙو),Make (n),Make (n),HEADWORD_WITH_LABEL,HEADWORD_WITH_LABEL
slx_8c56f7f51be843a4,53307,Make (v),,,English → Sindhi,ٺاهڻ، ڪرائڻ، جوڙڻ، ٺهڻ، ٿيڻ,english,English → Sindhi,make v,ٺاهڻ ڪرائڻ جوڙڻ ٺهڻ ٿيڻ,,SindhiLanguage.org,https://sindhilanguage.org/,Amar Fayaz Buriro (امر فياض ٻرڙو),Make (v),Make (v),HEADWORD_WITH_LABEL,HEADWORD_WITH_LABEL
slx_8e72984609c8da46,53308,(To make amends for),,,English → Sindhi,ڀرڻ، تلافي ڪرڻ,english,English → Sindhi,to make amends for,ڀرڻ تلافي ڪرڻ,,SindhiLanguage.org,https://sindhilanguage.org/,Amar Fayaz Buriro (امر فياض ٻرڙو),(To make amends for),(To make amends for),PARENTHETICAL,PARENTHETICAL
slx_6f5200a5ab4bda9b,53311,(To make out),,,English → Sindhi,سمجهڻ، سهي ڪرڻ، ٺاهڻ,english,English → Sindhi,to make out,سمجهڻ سهي ڪرڻ ٺاهڻ,,SindhiLanguage.org,https://sindhilanguage.org/,Amar Fayaz Buriro (امر فياض ٻرڙو),(To make out),(To make out),PARENTHETICAL,PARENTHETICAL
slx_fcae2b94df241382,53312,(To make over),,,English → Sindhi,حوالي ڪرڻ، سونپڻ,english,English → Sindhi,to make over,حوالي ڪرڻ سونپڻ,,SindhiLanguage.org,https://sindhilanguage.org/,Amar Fayaz Buriro (امر فياض ٻرڙو),(To make over),(To make over),PARENTHETICAL,PARENTHETICAL
slx_ad243bf3eeb7f1b8,53313,(To make up),,,English → Sindhi,پورائو ڪرڻ، ڀري ڏيڻ,english,English → Sindhi,to make up,پورائو ڪرڻ ڀري ڏيڻ,,SindhiLanguage.org,https://sindhilanguage.org/,Amar Fayaz Buriro (امر فياض ٻرڙو),(To make up),(To make up),PARENTHETICAL,PARENTHETICAL
slx_c3e008fb2e0bd7d1,53315,(To make headway),,,English → Sindhi,ترقي ڪرڻ، وڌڻ، سڌارڻ,english,English → Sindhi,to make headway,ترقي ڪرڻ وڌڻ سڌارڻ,,SindhiLanguage.org,https://sindhilanguage.org/,Amar Fayaz Buriro (امر فياض ٻرڙو),(To make headway),(To make headway),PARENTHETICAL,PARENTHETICAL
slx_bfd4c58b421d61a9,53316,(To make light of),,,English → Sindhi,گهٽ سمجهڻ,english,English → Sindhi,to make light of,گهٽ سمجهڻ,,SindhiLanguage.org,https://sindhilanguage.org/,Amar Fayaz Buriro (امر فياض ٻرڙو),(To make light of),(To make light of),PARENTHETICAL,PARENTHETICAL
slx_7c7d4d63a4ca7f0d,53318,(To make off),,,English → Sindhi,ڀڄي وڃڻ، روانو ٿيڻ,english,English → Sindhi,to make off,ڀڄي وڃڻ روانو ٿيڻ,,SindhiLanguage.org,https://sindhilanguage.org/,Amar Fayaz Buriro (امر فياض ٻرڙو),(To make off),(To make off),PARENTHETICAL,PARENTHETICAL
slx_c7330d1f2c251de6,53320,(To make free with),,,English → Sindhi,بنا حجاب ڳالهائڻ ۽ پيش اچڻ,english,English → Sindhi,to make free with,بنا حجاب ڳالهائڻ پيش اچڻ,,SindhiLanguage.org,https://sindhilanguage.org/,Amar Fayaz Buriro (امر فياض ٻرڙو),(To make free with),(To make free with),PARENTHETICAL,PARENTHETICAL
slx_a16870a003a7647a,53321,(To make clean breast of),,,English → Sindhi,صاف چوڻ، بيان ڪرڻ,english,English → Sindhi,to make clean breast of,صاف چوڻ بيان ڪرڻ,,SindhiLanguage.org,https://sindhilanguage.org/,Amar Fayaz Buriro (امر فياض ٻرڙو),(To make clean breast of),(To make clean breast of),PARENTHETICAL,PARENTHETICAL
slx_6e619da8f6ea25e1,53322,(To make with),,,English → Sindhi,هم خيال هجڻ,english,English → Sindhi,to make with,هم خيال هجڻ,,SindhiLanguage.org,https://sindhilanguage.org/,Amar Fayaz Buriro (امر فياض ٻرڙو),(To make with),(To make with),PARENTHETICAL,PARENTHETICAL
slx_0019b53dce1efadb,53342,Malign (v),,,English → Sindhi,ذليل ڪرڻ، خوار ڪرڻ، بدنام ڪرڻ، گلا ڪرڻ,english,English → Sindhi,malign v,ذليل ڪرڻ خوار ڪرڻ بدنام ڪرڻ گلا ڪرڻ,,SindhiLanguage.org,https://sindhilanguage.org/,Amar Fayaz Buriro (امر فياض ٻرڙو),Malign (v),Malign (v),HEADWORD_WITH_LABEL,HEADWORD_WITH_LABEL
slx_6d904a17060f29d0,53356,Maltreat (v),,,English → Sindhi,خراب هلت ڪرڻ، جٺ ڪرڻ,english,English → Sindhi,maltreat v,خراب هلت ڪرڻ جٺ ڪرڻ,,SindhiLanguage.org,https://sindhilanguage.org/,Amar Fayaz Buriro (امر فياض ٻرڙو),Maltreat (v),Maltreat (v),HEADWORD_WITH_LABEL,HEADWORD_WITH_LABEL
slx_2116aa42952c8b35,53374,Manage (v),,,English → Sindhi,انتظام ڪرڻ، بندوبست ڪرڻ، وس ڪرڻ,english,English → Sindhi,manage v,انتظام ڪرڻ بندوبست ڪرڻ وس ڪرڻ,,SindhiLanguage.org,https://sindhilanguage.org/,Amar Fayaz Buriro (امر فياض ٻرڙو),Manage (v),Manage (v),HEADWORD_WITH_LABEL,HEADWORD_WITH_LABEL
slx_aeb1b5586dea5e40,53391,Mangle (v),,,English → Sindhi,چيرڻ، چچرڻ، ذبع ڪرڻ,english,English → Sindhi,mangle v,چيرڻ چچرڻ ذبع ڪرڻ,,SindhiLanguage.org,https://sindhilanguage.org/,Amar Fayaz Buriro (امر فياض ٻرڙو),Mangle (v),Mangle (v),HEADWORD_WITH_LABEL,HEADWORD_WITH_LABEL
slx_33d97772178a16f5,53401,Manifest (v),,,English → Sindhi,ظاهر ڪرڻ، ڏيکارڻ,english,English → Sindhi,manifest v,ظاهر ڪرڻ ڏيکارڻ,,SindhiLanguage.org,https://sindhilanguage.org/,Amar Fayaz Buriro (امر فياض ٻرڙو),Manifest (v),Manifest (v),HEADWORD_WITH_LABEL,HEADWORD_WITH_LABEL
slx_fdd19c0b27cd03ab,53402,Manifest (n),,,English → Sindhi,جهاز جي مال جو ٻيجڪ,english,English → Sindhi,manifest n,جهاز جي مال جو ٻيجڪ,,SindhiLanguage.org,https://sindhilanguage.org/,Amar Fayaz Buriro (امر فياض ٻرڙو),Manifest (n),Manifest (n),HEADWORD_WITH_LABEL,HEADWORD_WITH_LABEL
slx_efa192aced9acca8,53411,Manipulate (v),,,English → Sindhi,هٿراڌو ٺاهڻ، هٿ جو ڪم، هٿ سان ڪرڻ,english,English → Sindhi,manipulate v,هٿراڌو ٺاهڻ هٿ جو ڪم هٿ سان ڪرڻ,,SindhiLanguage.org,https://sindhilanguage.org/,Amar Fayaz Buriro (امر فياض ٻرڙو),Manipulate (v),Manipulate (v),HEADWORD_WITH_LABEL,HEADWORD_WITH_LABEL
slx_528d5dca052c3429,53423,Manoeuvre (v),,,English → Sindhi,جڳهه بدلڻ (جهاز، سپاهه جي) تجويز سان هلائڻ,english,English → Sindhi,manoeuvre v,جڳهه بدلڻ جهاز سپاهه جي تجويز سان هلائڻ,,SindhiLanguage.org,https://sindhilanguage.org/,Amar Fayaz Buriro (امر فياض ٻرڙو),Manoeuvre (v),Manoeuvre (v),HEADWORD_WITH_LABEL,HEADWORD_WITH_LABEL
slx_4c31df17142e293f,53436,Manufacture (v),,,English → Sindhi,مال ٺاهڻ، دستڪاري ڪرڻ، ڪاريگري,english,English → Sindhi,manufacture v,مال ٺاهڻ دستڪاري ڪرڻ ڪاريگري,,SindhiLanguage.org,https://sindhilanguage.org/,Amar Fayaz Buriro (امر فياض ٻرڙو),Manufacture (v),Manufacture (v),HEADWORD_WITH_LABEL,HEADWORD_WITH_LABEL
slx_7be686874d8550b2,53439,Manumit (v),,,English → Sindhi,غلام يا ٻانها آزاد ڪرڻ,english,English → Sindhi,manumit v,غلام يا ٻانها آزاد ڪرڻ,,SindhiLanguage.org,https://sindhilanguage.org/,Amar Fayaz Buriro (امر فياض ٻرڙو),Manumit (v),Manumit (v),HEADWORD_WITH_LABEL,HEADWORD_WITH_LABEL
slx_02c43f255da67bac,53445,(As many),,,English → Sindhi,جيترا,english,English → Sindhi,as many,جيترا,,SindhiLanguage.org,https://sindhilanguage.org/,Amar Fayaz Buriro (امر فياض ٻرڙو),(As many),(As many),PARENTHETICAL,PARENTHETICAL
slx_636b0e87f00faf10,53446,(So many),,,English → Sindhi,هيترا سارا,english,English → Sindhi,so many,هيترا سارا,,SindhiLanguage.org,https://sindhilanguage.org/,Amar Fayaz Buriro (امر فياض ٻرڙو),(So many),(So many),PARENTHETICAL,PARENTHETICAL
slx_178912ba8fc5720f,53450,Mar (v),,,English → Sindhi,خراب ڪرڻ، بگيڙڻ، کارڻ، چٽ ڪرڻ,english,English → Sindhi,mar v,خراب ڪرڻ بگيڙڻ کارڻ چٽ ڪرڻ,,SindhiLanguage.org,https://sindhilanguage.org/,Amar Fayaz Buriro (امر فياض ٻرڙو),Mar (v),Mar (v),HEADWORD_WITH_LABEL,HEADWORD_WITH_LABEL
slx_be8075014a4ff5f7,53455,March (v),,,English → Sindhi,وڌڻ، ڪوچ ڪرڻ، روانو ڪرڻ,english,English → Sindhi,march v,وڌڻ ڪوچ ڪرڻ روانو ڪرڻ,,SindhiLanguage.org,https://sindhilanguage.org/,Amar Fayaz Buriro (امر فياض ٻرڙو),March (v),March (v),HEADWORD_WITH_LABEL,HEADWORD_WITH_LABEL
slx_52b96c4e007493a2,53471,(A man of mark),,,English → Sindhi,مشهور يا عزت وارو ماڻهو,english,English → Sindhi,a man of mark,مشهور يا عزت وارو ماڻهو,,SindhiLanguage.org,https://sindhilanguage.org/,Amar Fayaz Buriro (امر فياض ٻرڙو),(A man of mark),(A man of mark),PARENTHETICAL,PARENTHETICAL
slx_a36d5e703d568bc4,53473,(Trade mark),,,English → Sindhi,ڌنڌي جو نشان، ڇاپ، لڪ,english,English → Sindhi,trade mark,ڌنڌي جو نشان ڇاپ لڪ,,SindhiLanguage.org,https://sindhilanguage.org/,Amar Fayaz Buriro (امر فياض ٻرڙو),(Trade mark),(Trade mark),PARENTHETICAL,PARENTHETICAL
slx_f27330e45f4b25bf,53486,Marquees (ques),,,English → Sindhi,هڪ لقب، انگلنڊ جو امير,english,English → Sindhi,marquees ques,هڪ لقب انگلنڊ جو امير,,SindhiLanguage.org,https://sindhilanguage.org/,Amar Fayaz Buriro (امر فياض ٻرڙو),Marquees (ques),Marquees (ques),HEADWORD_WITH_LABEL,HEADWORD_WITH_LABEL
slx_daaa2f97f10d05d1,53496,Marry (v),,,English → Sindhi,پرڻجڻ، شادي ڪرڻ، پرڻائڻ,english,English → Sindhi,marry v,پرڻجڻ شادي ڪرڻ پرڻائڻ,,SindhiLanguage.org,https://sindhilanguage.org/,Amar Fayaz Buriro (امر فياض ٻرڙو),Marry (v),Marry (v),HEADWORD_WITH_LABEL,HEADWORD_WITH_LABEL
slx_fc4250fa9e2e6d80,53513,Marvel (v),,,English → Sindhi,عجب کائڻ، (اچرج) معجزو,english,English → Sindhi,marvel v,عجب کائڻ اچرج معجزو,,SindhiLanguage.org,https://sindhilanguage.org/,Amar Fayaz Buriro (امر فياض ٻرڙو),Marvel (v),Marvel (v),HEADWORD_WITH_LABEL,HEADWORD_WITH_LABEL
slx_eab6fe10b937cbc2,53518,Mash (v),,,English → Sindhi,گهوٽڻ، مليدو ڪرڻ، ملڻ، مليدو,english,English → Sindhi,mash v,گهوٽڻ مليدو ڪرڻ ملڻ مليدو,,SindhiLanguage.org,https://sindhilanguage.org/,Amar Fayaz Buriro (امر فياض ٻرڙو),Mash (v),Mash (v),HEADWORD_WITH_LABEL,HEADWORD_WITH_LABEL
slx_eeab71dfd4cdc239,53523,Masquerade (v),,,English → Sindhi,ويس بدلائڻ، ناچ، نماءُ,english,English → Sindhi,masquerade v,ويس بدلائڻ ناچ نماء,,SindhiLanguage.org,https://sindhilanguage.org/,Amar Fayaz Buriro (امر فياض ٻرڙو),Masquerade (v),Masquerade (v),HEADWORD_WITH_LABEL,HEADWORD_WITH_LABEL
slx_f5a8a90b46d26465,53533,Master (v),,,English → Sindhi,ماهر ٿيڻ، چڱيءَ طرح سکڻ,english,English → Sindhi,master v,ماهر ٿيڻ چڱيء طرح سکڻ,,SindhiLanguage.org,https://sindhilanguage.org/,Amar Fayaz Buriro (امر فياض ٻرڙو),Master (v),Master (v),HEADWORD_WITH_LABEL,HEADWORD_WITH_LABEL
slx_0d5520f7ffb49e3a,53538,Masticate (v),,,English → Sindhi,ڇٻاڙڻ,english,English → Sindhi,masticate v,ڇٻاڙڻ,,SindhiLanguage.org,https://sindhilanguage.org/,Amar Fayaz Buriro (امر فياض ٻرڙو),Masticate (v),Masticate (v),HEADWORD_WITH_LABEL,HEADWORD_WITH_LABEL
slx_d3bb8deff9e35054,53553,Materialize (v),,,English → Sindhi,جسم ۾ اچڻ يا آڻڻ، حقيقت ۾ ٿيڻ,english,English → Sindhi,materialize v,جسم اچڻ يا آڻڻ حقيقت ٿيڻ,,SindhiLanguage.org,https://sindhilanguage.org/,Amar Fayaz Buriro (امر فياض ٻرڙو),Materialize (v),Materialize (v),HEADWORD_WITH_LABEL,HEADWORD_WITH_LABEL
slx_bf8bf15dfc909f72,53570,Matriculate (v),,,English → Sindhi,مئٽرڪ امتحان پاس ڪرڻ، ڪاليج ۾ داخلا ڪرڻ,english,English → Sindhi,matriculate v,مئٽرڪ امتحان پاس ڪرڻ ڪاليج داخلا ڪرڻ,,SindhiLanguage.org,https://sindhilanguage.org/,Amar Fayaz Buriro (امر فياض ٻرڙو),Matriculate (v),Matriculate (v),HEADWORD_WITH_LABEL,HEADWORD_WITH_LABEL
slx_4c56bb3f843e0490,53577,(No matter),,,English → Sindhi,ڀولو ڪونهي، فڪر ناهي,english,English → Sindhi,no matter,ڀولو ڪونهي فڪر ناهي,,SindhiLanguage.org,https://sindhilanguage.org/,Amar Fayaz Buriro (امر فياض ٻرڙو),(No matter),(No matter),PARENTHETICAL,PARENTHETICAL
slx_d8e287010e5b1eb1,53586,Maturate (v),,,English → Sindhi,پچائڻ (ڦرڙي وغيره) پڪو ڪرڻ,english,English → Sindhi,maturate v,پچائڻ ڦرڙي وغيره پڪو ڪرڻ,,SindhiLanguage.org,https://sindhilanguage.org/,Amar Fayaz Buriro (امر فياض ٻرڙو),Maturate (v),Maturate (v),HEADWORD_WITH_LABEL,HEADWORD_WITH_LABEL
slx_9681c4e935db70cd,53593,Maul (v),,,English → Sindhi,چيرڻ، ڦاڙڻ، (مترڪو، هٿوڙو),english,English → Sindhi,maul v,چيرڻ ڦاڙڻ مترڪو هٿوڙو,,SindhiLanguage.org,https://sindhilanguage.org/,Amar Fayaz Buriro (امر فياض ٻرڙو),Maul (v),Maul (v),HEADWORD_WITH_LABEL,HEADWORD_WITH_LABEL
slx_a29d9b9bd9b403b5,53596,Maunder (v),,,English → Sindhi,ڀڻ ڀڻ ڪرڻ، آهستي آهستي چوڻ,english,English → Sindhi,maunder v,ڀڻ ڀڻ ڪرڻ آهستي آهستي چوڻ,,SindhiLanguage.org,https://sindhilanguage.org/,Amar Fayaz Buriro (امر فياض ٻرڙو),Maunder (v),Maunder (v),HEADWORD_WITH_LABEL,HEADWORD_WITH_LABEL
slx_1ead15864197dce8,53607,(He may),,,English → Sindhi,هنجي وس آهي,english,English → Sindhi,he may,هنجي وس آهي,,SindhiLanguage.org,https://sindhilanguage.org/,Amar Fayaz Buriro (امر فياض ٻرڙو),(He may),(He may),PARENTHETICAL,PARENTHETICAL
slx_c485a199e4b73ef0,53625,Mean (v),,,English → Sindhi,ارادو ڪرڻ، چاهڻ، معنيٰ هئڻ,english,English → Sindhi,mean v,ارادو ڪرڻ چاهڻ معني هئڻ,,SindhiLanguage.org,https://sindhilanguage.org/,Amar Fayaz Buriro (امر فياض ٻرڙو),Mean (v),Mean (v),HEADWORD_WITH_LABEL,HEADWORD_WITH_LABEL
slx_c944a3595f0ac52e,53632,(By all means),,,English → Sindhi,بي شڪ,english,English → Sindhi,by all means,بي شڪ,,SindhiLanguage.org,https://sindhilanguage.org/,Amar Fayaz Buriro (امر فياض ٻرڙو),(By all means),(By all means),PARENTHETICAL,PARENTHETICAL
slx_c05b831711688d0c,53633,(By fair or foul means),,,English → Sindhi,ڪنهن به طرح، ايمانداريءَ يا بي ايمانيءَ سان,english,English → Sindhi,by fair or foul means,ڪنهن به طرح ايمانداريء يا بي ايمانيء سان,,SindhiLanguage.org,https://sindhilanguage.org/,Amar Fayaz Buriro (امر فياض ٻرڙو),(By fair or foul means),(By fair or foul means),PARENTHETICAL,PARENTHETICAL
slx_b422852e12927e41,53634,(By means of),,,English → Sindhi,معرفت، ذريعي,english,English → Sindhi,by means of,معرفت ذريعي,,SindhiLanguage.org,https://sindhilanguage.org/,Amar Fayaz Buriro (امر فياض ٻرڙو),(By means of),(By means of),PARENTHETICAL,PARENTHETICAL
slx_d69ecb94f0e14553,53635,(By no means),,,English → Sindhi,بلڪل نه، پٽيءَ نه، هرگز نه,english,English → Sindhi,by no means,بلڪل نه پٽيء نه هرگز نه,,SindhiLanguage.org,https://sindhilanguage.org/,Amar Fayaz Buriro (امر فياض ٻرڙو),(By no means),(By no means),PARENTHETICAL,PARENTHETICAL
slx_a3e395bfac9ac6ed,53642,Measure (v),,,English → Sindhi,ماپڻ، ڪڇڻ، ڪاڇو وٺڻ,english,English → Sindhi,measure v,ماپڻ ڪڇڻ ڪاڇو وٺڻ,,SindhiLanguage.org,https://sindhilanguage.org/,Amar Fayaz Buriro (امر فياض ٻرڙو),Measure (v),Measure (v),HEADWORD_WITH_LABEL,HEADWORD_WITH_LABEL
slx_e2b2683cdfcc9a3f,53643,(To measure swords),,,English → Sindhi,مقابلو ڪرڻ، تلوار سان وڙهڻ,english,English → Sindhi,to measure swords,مقابلو ڪرڻ تلوار سان وڙهڻ,,SindhiLanguage.org,https://sindhilanguage.org/,Amar Fayaz Buriro (امر فياض ٻرڙو),(To measure swords),(To measure swords),PARENTHETICAL,PARENTHETICAL
slx_bb047241c85ccb9d,53657,Meddle (v),,,English → Sindhi,ڇهڻ، دست اندازي ڪرڻ، وچ ۾ ٽپي پوڻ,english,English → Sindhi,meddle v,ڇهڻ دست اندازي ڪرڻ وچ ٽپي پوڻ,,SindhiLanguage.org,https://sindhilanguage.org/,Amar Fayaz Buriro (امر فياض ٻرڙو),Meddle (v),Meddle (v),HEADWORD_WITH_LABEL,HEADWORD_WITH_LABEL
slx_94c9bfa3a9c56bed,53661,Mediate (v),,,English → Sindhi,وچ ۾ پوڻ، ٻن ڌرين جي پرچاءَ لاءِ وچ ۾ اچڻ,english,English → Sindhi,mediate v,وچ پوڻ ٻن ڌرين جي پرچاء لاء وچ اچڻ,,SindhiLanguage.org,https://sindhilanguage.org/,Amar Fayaz Buriro (امر فياض ٻرڙو),Mediate (v),Mediate (v),HEADWORD_WITH_LABEL,HEADWORD_WITH_LABEL
slx_bc81c55015cd141a,53669,Madicate (v),,,English → Sindhi,علاج ڪرڻ، تندرست ڪرڻ، دوا ڪرڻ,english,English → Sindhi,madicate v,علاج ڪرڻ تندرست ڪرڻ دوا ڪرڻ,,SindhiLanguage.org,https://sindhilanguage.org/,Amar Fayaz Buriro (امر فياض ٻرڙو),Madicate (v),Madicate (v),HEADWORD_WITH_LABEL,HEADWORD_WITH_LABEL
slx_ebdd13bee56606ae,53689,Meet (v),,,English → Sindhi,ملڻ، گڏجڻ، گڏ ٿيڻ، سامهون ٿيڻ,english,English → Sindhi,meet v,ملڻ گڏجڻ گڏ ٿيڻ سامهون ٿيڻ,,SindhiLanguage.org,https://sindhilanguage.org/,Amar Fayaz Buriro (امر فياض ٻرڙو),Meet (v),Meet (v),HEADWORD_WITH_LABEL,HEADWORD_WITH_LABEL
slx_1941f7c51b0db123,53695,Melioration (v),,,English → Sindhi,ترقي، سڌارو، بهتري,english,English → Sindhi,melioration v,ترقي سڌارو بهتري,,SindhiLanguage.org,https://sindhilanguage.org/,Amar Fayaz Buriro (امر فياض ٻرڙو),Melioration (v),Melioration (v),HEADWORD_WITH_LABEL,HEADWORD_WITH_LABEL
slx_5e2f92110764f7a0,53703,Melon (water),,,English → Sindhi,ڇانهين، هنداڻو,english,English → Sindhi,melon water,ڇانهين هنداڻو,,SindhiLanguage.org,https://sindhilanguage.org/,Amar Fayaz Buriro (امر فياض ٻرڙو),Melon (water),Melon (water),HEADWORD_WITH_LABEL,HEADWORD_WITH_LABEL
slx_006950a70084295f,53704,Melon (musk),,,English → Sindhi,گدرو، سردو,english,English → Sindhi,melon musk,گدرو سردو,,SindhiLanguage.org,https://sindhilanguage.org/,Amar Fayaz Buriro (امر فياض ٻرڙو),Melon (musk),Melon (musk),HEADWORD_WITH_LABEL,HEADWORD_WITH_LABEL
slx_7b417457b272e209,53706,Melet (v),,,English → Sindhi,ڳرڻ، ڳارڻ، نرم ڪرڻ، رجائڻ، پگهرڻ,english,English → Sindhi,melet v,ڳرڻ ڳارڻ نرم ڪرڻ رجائڻ پگهرڻ,,SindhiLanguage.org,https://sindhilanguage.org/,Amar Fayaz Buriro (امر فياض ٻرڙو),Melet (v),Melet (v),HEADWORD_WITH_LABEL,HEADWORD_WITH_LABEL
slx_141dfa78bceb7feb,53717,Memorialise (v),,,English → Sindhi,درخواست پيش ڪرڻ,english,English → Sindhi,memorialise v,درخواست پيش ڪرڻ,,SindhiLanguage.org,https://sindhilanguage.org/,Amar Fayaz Buriro (امر فياض ٻرڙو),Memorialise (v),Memorialise (v),HEADWORD_WITH_LABEL,HEADWORD_WITH_LABEL
slx_59560b940ee8e447,53719,Memorialize (v),,,English → Sindhi,يادگار قائم ڪرڻ، درخواست ڪرڻ,english,English → Sindhi,memorialize v,يادگار قائم ڪرڻ درخواست ڪرڻ,,SindhiLanguage.org,https://sindhilanguage.org/,Amar Fayaz Buriro (امر فياض ٻرڙو),Memorialize (v),Memorialize (v),HEADWORD_WITH_LABEL,HEADWORD_WITH_LABEL
slx_9271234442358a81,53720,Memorize (v),,,English → Sindhi,ياد ڪرڻ، حفظ ڪرڻ,english,English → Sindhi,memorize v,ياد ڪرڻ حفظ ڪرڻ,,SindhiLanguage.org,https://sindhilanguage.org/,Amar Fayaz Buriro (امر فياض ٻرڙو),Memorize (v),Memorize (v),HEADWORD_WITH_LABEL,HEADWORD_WITH_LABEL
slx_e7deec72b7dc5b21,53722,Men (pl. of man),,,English → Sindhi,ماڻهو (جمع),english,English → Sindhi,men pl of man,ماڻهو جمع,,SindhiLanguage.org,https://sindhilanguage.org/,Amar Fayaz Buriro (امر فياض ٻرڙو),Men (pl. of man),Men (pl. of man),HEADWORD_WITH_LABEL,HEADWORD_WITH_LABEL
slx_3a5fe0f849e34c1f,53723,Menace (v),,,English → Sindhi,ڊيڄارڻ، ڌمڪائڻ، ڌمڪي ڏيڻ، دڙڪو,english,English → Sindhi,menace v,ڊيڄارڻ ڌمڪائڻ ڌمڪي ڏيڻ دڙڪو,,SindhiLanguage.org,https://sindhilanguage.org/,Amar Fayaz Buriro (امر فياض ٻرڙو),Menace (v),Menace (v),HEADWORD_WITH_LABEL,HEADWORD_WITH_LABEL
slx_451029c05c1f213b,53726,Mend (v),,,English → Sindhi,مرمت ڪرڻ، جلدي ڪرڻ، بهتر ڪرڻ,english,English → Sindhi,mend v,مرمت ڪرڻ جلدي ڪرڻ بهتر ڪرڻ,,SindhiLanguage.org,https://sindhilanguage.org/,Amar Fayaz Buriro (امر فياض ٻرڙو),Mend (v),Mend (v),HEADWORD_WITH_LABEL,HEADWORD_WITH_LABEL
slx_73c455d1f4efee3b,53740,Mention (v),,,English → Sindhi,ذڪر ڪرڻ، ڳالهه ڪرڻ، ٻڌائڻ، اشارو ڪرڻ,english,English → Sindhi,mention v,ذڪر ڪرڻ ڳالهه ڪرڻ ٻڌائڻ اشارو ڪرڻ,,SindhiLanguage.org,https://sindhilanguage.org/,Amar Fayaz Buriro (امر فياض ٻرڙو),Mention (v),Mention (v),HEADWORD_WITH_LABEL,HEADWORD_WITH_LABEL
slx_93ee4c14df16b86f,53747,Merchand (v),,,English → Sindhi,واپار ڪرڻ، سوداگري ڪرڻ,english,English → Sindhi,merchand v,واپار ڪرڻ سوداگري ڪرڻ,,SindhiLanguage.org,https://sindhilanguage.org/,Amar Fayaz Buriro (امر فياض ٻرڙو),Merchand (v),Merchand (v),HEADWORD_WITH_LABEL,HEADWORD_WITH_LABEL
slx_75cbb782d38649c0,53757,(At the mercy of),,,English → Sindhi,ڪنهن جي وس هئڻ، هٿ وهيڻو,english,English → Sindhi,at the mercy of,ڪنهن جي وس هئڻ هٿ وهيڻو,,SindhiLanguage.org,https://sindhilanguage.org/,Amar Fayaz Buriro (امر فياض ٻرڙو),(At the mercy of),(At the mercy of),PARENTHETICAL,PARENTHETICAL
slx_a4f93e37323a37e7,53758,(To cry for mercy),,,English → Sindhi,معافي گهرڻ، آزادي ڏيڻ,english,English → Sindhi,to cry for mercy,معافي گهرڻ آزادي ڏيڻ,,SindhiLanguage.org,https://sindhilanguage.org/,Amar Fayaz Buriro (امر فياض ٻرڙو),(To cry for mercy),(To cry for mercy),PARENTHETICAL,PARENTHETICAL
slx_80251135a80f85f9,53762,Merge (v),,,English → Sindhi,ٻئي ۾ سمائجي وڃڻ، ٻڏڻ، غرق ٿيڻ,english,English → Sindhi,merge v,ٻئي سمائجي وڃڻ ٻڏڻ غرق ٿيڻ,,SindhiLanguage.org,https://sindhilanguage.org/,Amar Fayaz Buriro (امر فياض ٻرڙو),Merge (v),Merge (v),HEADWORD_WITH_LABEL,HEADWORD_WITH_LABEL
slx_cb06b78ff77efb39,53777,(To make merry),,,English → Sindhi,خوشيون ڪرڻ، مزا ڪرڻ,english,English → Sindhi,to make merry,خوشيون ڪرڻ مزا ڪرڻ,,SindhiLanguage.org,https://sindhilanguage.org/,Amar Fayaz Buriro (امر فياض ٻرڙو),(To make merry),(To make merry),PARENTHETICAL,PARENTHETICAL
slx_6232fb42bfb70723,53786,(To make a mess of),,,English → Sindhi,ڳڙڳڙڌاڻي ڪرڻ، گڏجي کائڻ، جاءِ,english,English → Sindhi,to make a mess of,ڳڙڳڙڌاڻي ڪرڻ گڏجي کائڻ جاء,,SindhiLanguage.org,https://sindhilanguage.org/,Amar Fayaz Buriro (امر فياض ٻرڙو),(To make a mess of),(To make a mess of),PARENTHETICAL,PARENTHETICAL
slx_e4b699219ea4b9a4,53795,Met (p.t of meet),,,English → Sindhi,گڏيو، مليو,english,English → Sindhi,met p t of meet,گڏيو مليو,,SindhiLanguage.org,https://sindhilanguage.org/,Amar Fayaz Buriro (امر فياض ٻرڙو),Met (p.t of meet),Met (p.t of meet),HEADWORD_WITH_LABEL,HEADWORD_WITH_LABEL
slx_f01ce72836a24410,53806,Mete (v),,,English → Sindhi,ماپڻ، حد، سزا ڏيڻ، ورهائي ڏيڻ,english,English → Sindhi,mete v,ماپڻ حد سزا ڏيڻ ورهائي ڏيڻ,,SindhiLanguage.org,https://sindhilanguage.org/,Amar Fayaz Buriro (امر فياض ٻرڙو),Mete (v),Mete (v),HEADWORD_WITH_LABEL,HEADWORD_WITH_LABEL
slx_14310bc02d4ef48a,53816,Methodize (v),,,English → Sindhi,سمجهائڻ، سنوارڻ، ترتيب ڏيڻ,english,English → Sindhi,methodize v,سمجهائڻ سنوارڻ ترتيب ڏيڻ,,SindhiLanguage.org,https://sindhilanguage.org/,Amar Fayaz Buriro (امر فياض ٻرڙو),Methodize (v),Methodize (v),HEADWORD_WITH_LABEL,HEADWORD_WITH_LABEL
slx_91b0c89bd88b393c,53827,Mew (v),,,English → Sindhi,ميائو ميائو ڪرڻ,english,English → Sindhi,mew v,ميائو ميائو ڪرڻ,,SindhiLanguage.org,https://sindhilanguage.org/,Amar Fayaz Buriro (امر فياض ٻرڙو),Mew (v),Mew (v),HEADWORD_WITH_LABEL,HEADWORD_WITH_LABEL
slx_446267d637bd6776,53831,Mice (pl.of mouse),,,English → Sindhi,ڪوئا,english,English → Sindhi,mice pl of mouse,ڪوئا,,SindhiLanguage.org,https://sindhilanguage.org/,Amar Fayaz Buriro (امر فياض ٻرڙو),Mice (pl.of mouse),Mice (pl.of mouse),HEADWORD_WITH_LABEL,HEADWORD_WITH_LABEL
slx_ad96d72c02209201,53859,(With might and main),,,English → Sindhi,تمام گهڻي زور سان,english,English → Sindhi,with might and main,تمام گهڻي زور سان,,SindhiLanguage.org,https://sindhilanguage.org/,Amar Fayaz Buriro (امر فياض ٻرڙو),(With might and main),(With might and main),PARENTHETICAL,PARENTHETICAL
slx_cab8d015662c0b30,53864,Migrate (v),,,English → Sindhi,لڏي وڃڻ، وطن ڦيرائڻ، هجرت ڪرڻ,english,English → Sindhi,migrate v,لڏي وڃڻ وطن ڦيرائڻ هجرت ڪرڻ,,SindhiLanguage.org,https://sindhilanguage.org/,Amar Fayaz Buriro (امر فياض ٻرڙو),Migrate (v),Migrate (v),HEADWORD_WITH_LABEL,HEADWORD_WITH_LABEL
slx_b63706ac54bfd52b,53879,Militate (v),,,English → Sindhi,ٽڪرڻ، مخالف يا دشمن هئڻ,english,English → Sindhi,militate v,ٽڪرڻ مخالف يا دشمن هئڻ,,SindhiLanguage.org,https://sindhilanguage.org/,Amar Fayaz Buriro (امر فياض ٻرڙو),Militate (v),Militate (v),HEADWORD_WITH_LABEL,HEADWORD_WITH_LABEL
slx_f9f07e3c0b4d4399,53892,(Hand mill),,,English → Sindhi,جنڊ، چڪي,english,English → Sindhi,hand mill,جنڊ چڪي,,SindhiLanguage.org,https://sindhilanguage.org/,Amar Fayaz Buriro (امر فياض ٻرڙو),(Hand mill),(Hand mill),PARENTHETICAL,PARENTHETICAL
slx_ed9fbdeae5137dd7,53908,Mince (v),,,English → Sindhi,قيمو ڪرڻ، چچرڻ، ٽڪرا ڪرڻ,english,English → Sindhi,mince v,قيمو ڪرڻ چچرڻ ٽڪرا ڪرڻ,,SindhiLanguage.org,https://sindhilanguage.org/,Amar Fayaz Buriro (امر فياض ٻرڙو),Mince (v),Mince (v),HEADWORD_WITH_LABEL,HEADWORD_WITH_LABEL
slx_1aee1c4e95aa5159,53909,(To mincemattres),,,English → Sindhi,ڳالهيون ٺاهڻ,english,English → Sindhi,to mincemattres,ڳالهيون ٺاهڻ,,SindhiLanguage.org,https://sindhilanguage.org/,Amar Fayaz Buriro (امر فياض ٻرڙو),(To mincemattres),(To mincemattres),PARENTHETICAL,PARENTHETICAL
slx_2af31d8039387076,53912,Mind (v),,,English → Sindhi,خبردار ٿيڻ، پرواه ڪرڻ، خيال رکڻ,english,English → Sindhi,mind v,خبردار ٿيڻ پرواه ڪرڻ خيال رکڻ,,SindhiLanguage.org,https://sindhilanguage.org/,Amar Fayaz Buriro (امر فياض ٻرڙو),Mind (v),Mind (v),HEADWORD_WITH_LABEL,HEADWORD_WITH_LABEL
slx_5338b2cf26ce11b9,53913,(Time out of mind),,,English → Sindhi,قديم زمانو، پراڻو وقت,english,English → Sindhi,time out of mind,قديم زمانو پراڻو وقت,,SindhiLanguage.org,https://sindhilanguage.org/,Amar Fayaz Buriro (امر فياض ٻرڙو),(Time out of mind),(Time out of mind),PARENTHETICAL,PARENTHETICAL
slx_093f7d633c5f290d,53914,(To call to mind),,,English → Sindhi,ياد ڪرڻ,english,English → Sindhi,to call to mind,ياد ڪرڻ,,SindhiLanguage.org,https://sindhilanguage.org/,Amar Fayaz Buriro (امر فياض ٻرڙو),(To call to mind),(To call to mind),PARENTHETICAL,PARENTHETICAL
slx_1ce9b38de4503ae0,53923,Minerlise (v),,,English → Sindhi,ڌاتو ٺاهڻ، ڌاتوءَ سان ڀرڻ,english,English → Sindhi,minerlise v,ڌاتو ٺاهڻ ڌاتوء سان ڀرڻ,,SindhiLanguage.org,https://sindhilanguage.org/,Amar Fayaz Buriro (امر فياض ٻرڙو),Minerlise (v),Minerlise (v),HEADWORD_WITH_LABEL,HEADWORD_WITH_LABEL
slx_35583a5e91a0297f,53928,Mingle (v),,,English → Sindhi,ملڻ، گڏجڻ، ملائڻ، گڏڻ,english,English → Sindhi,mingle v,ملڻ گڏجڻ ملائڻ گڏڻ,,SindhiLanguage.org,https://sindhilanguage.org/,Amar Fayaz Buriro (امر فياض ٻرڙو),Mingle (v),Mingle (v),HEADWORD_WITH_LABEL,HEADWORD_WITH_LABEL
slx_c1d369121f71e6e7,53931,Minify (v),,,English → Sindhi,گهٽ ڪرڻ، ڪسو ڪرڻ (ڳالهه کي),english,English → Sindhi,minify v,گهٽ ڪرڻ ڪسو ڪرڻ ڳالهه کي,,SindhiLanguage.org,https://sindhilanguage.org/,Amar Fayaz Buriro (امر فياض ٻرڙو),Minify (v),Minify (v),HEADWORD_WITH_LABEL,HEADWORD_WITH_LABEL
slx_ce8bfcef05676646,53933,Minimize (v),,,English → Sindhi,گهٽائڻ، ننڍو ڪرڻ، گهٽ ۾ گهٽ ڪرڻ,english,English → Sindhi,minimize v,گهٽائڻ ننڍو ڪرڻ گهٽ گهٽ ڪرڻ,,SindhiLanguage.org,https://sindhilanguage.org/,Amar Fayaz Buriro (امر فياض ٻرڙو),Minimize (v),Minimize (v),HEADWORD_WITH_LABEL,HEADWORD_WITH_LABEL
slx_8612fc33a523c098,53937,(Prime minister),,,English → Sindhi,وزيراعظم,english,English → Sindhi,prime minister,وزيراعظم,,SindhiLanguage.org,https://sindhilanguage.org/,Amar Fayaz Buriro (امر فياض ٻرڙو),(Prime minister),(Prime minister),PARENTHETICAL,PARENTHETICAL
slx_88659f9816bf13d8,53978,Misapply (v),,,English → Sindhi,بيجا خرچ ڪرڻ، غلط طرح لڳائڻ,english,English → Sindhi,misapply v,بيجا خرچ ڪرڻ غلط طرح لڳائڻ,,SindhiLanguage.org,https://sindhilanguage.org/,Amar Fayaz Buriro (امر فياض ٻرڙو),Misapply (v),Misapply (v),HEADWORD_WITH_LABEL,HEADWORD_WITH_LABEL
slx_efd3d4cfd6358122,53979,Misapprehend (v),,,English → Sindhi,غلط سمجهڻ، غلط فهمي ڪرڻ، اُبتي معنيٰ ڪڍڻ,english,English → Sindhi,misapprehend v,غلط سمجهڻ غلط فهمي ڪرڻ ابتي معني ڪڍڻ,,SindhiLanguage.org,https://sindhilanguage.org/,Amar Fayaz Buriro (امر فياض ٻرڙو),Misapprehend (v),Misapprehend (v),HEADWORD_WITH_LABEL,HEADWORD_WITH_LABEL
slx_e9fa9c65dbeea020,53981,Misappropriate (v),,,English → Sindhi,کائي وڃڻ (پئسا)، غلط ڪم ۾ لائڻ,english,English → Sindhi,misappropriate v,کائي وڃڻ پئسا غلط ڪم لائڻ,,SindhiLanguage.org,https://sindhilanguage.org/,Amar Fayaz Buriro (امر فياض ٻرڙو),Misappropriate (v),Misappropriate (v),HEADWORD_WITH_LABEL,HEADWORD_WITH_LABEL
slx_79a542e46747154c,53983,Misarrange (v),,,English → Sindhi,ڍنگ سان نه ٺاهڻ، بي ترتيب ڪرڻ,english,English → Sindhi,misarrange v,ڍنگ سان نه ٺاهڻ بي ترتيب ڪرڻ,,SindhiLanguage.org,https://sindhilanguage.org/,Amar Fayaz Buriro (امر فياض ٻرڙو),Misarrange (v),Misarrange (v),HEADWORD_WITH_LABEL,HEADWORD_WITH_LABEL
slx_b3bd02cb260b7fa2,53985,Misbehave (v),,,English → Sindhi,بيجاهلت ڪرڻ، بدسلوڪي ڪرڻ، خراب برتاءُ ڪرڻ,english,English → Sindhi,misbehave v,بيجاهلت ڪرڻ بدسلوڪي ڪرڻ خراب برتاء ڪرڻ,,SindhiLanguage.org,https://sindhilanguage.org/,Amar Fayaz Buriro (امر فياض ٻرڙو),Misbehave (v),Misbehave (v),HEADWORD_WITH_LABEL,HEADWORD_WITH_LABEL
slx_3eb781d9d2170dfb,53988,Miscalculate (v),,,English → Sindhi,غلط شمار ڪرڻ، پوري طرح نه ڳڻڻ,english,English → Sindhi,miscalculate v,غلط شمار ڪرڻ پوري طرح نه ڳڻڻ,,SindhiLanguage.org,https://sindhilanguage.org/,Amar Fayaz Buriro (امر فياض ٻرڙو),Miscalculate (v),Miscalculate (v),HEADWORD_WITH_LABEL,HEADWORD_WITH_LABEL
slx_85f8d8bd9ca5158e,53990,Miscall (v),,,English → Sindhi,غلط نالي سان ڪوٺڻ، غلط نالو وٺڻ، غلط نالي سان سڏڻ,english,English → Sindhi,miscall v,غلط نالي سان ڪوٺڻ غلط نالو وٺڻ غلط نالي سان سڏڻ,,SindhiLanguage.org,https://sindhilanguage.org/,Amar Fayaz Buriro (امر فياض ٻرڙو),Miscall (v),Miscall (v),HEADWORD_WITH_LABEL,HEADWORD_WITH_LABEL
slx_dc7ca7f64c3e3505,53993,Miscarry (v),,,English → Sindhi,ٻار جو ڪيرائڻ، ناڪامياب ٿيڻ، نقصان پوڻ، خط نه پهچڻ,english,English → Sindhi,miscarry v,ٻار جو ڪيرائڻ ناڪامياب ٿيڻ نقصان پوڻ خط نه پهچڻ,,SindhiLanguage.org,https://sindhilanguage.org/,Amar Fayaz Buriro (امر فياض ٻرڙو),Miscarry (v),Miscarry (v),HEADWORD_WITH_LABEL,HEADWORD_WITH_LABEL
slx_3cdca06cc10ec7b3,53997,Mischarge (v),,,English → Sindhi,داخلا يا حساب ۾ غلطي ڪرڻ,english,English → Sindhi,mischarge v,داخلا يا حساب غلطي ڪرڻ,,SindhiLanguage.org,https://sindhilanguage.org/,Amar Fayaz Buriro (امر فياض ٻرڙو),Mischarge (v),Mischarge (v),HEADWORD_WITH_LABEL,HEADWORD_WITH_LABEL
slx_83a776fe59461532,54000,Mischoose (v),,,English → Sindhi,غلط پسندي ڪرڻ,english,English → Sindhi,mischoose v,غلط پسندي ڪرڻ,,SindhiLanguage.org,https://sindhilanguage.org/,Amar Fayaz Buriro (امر فياض ٻرڙو),Mischoose (v),Mischoose (v),HEADWORD_WITH_LABEL,HEADWORD_WITH_LABEL
slx_30af302e51fb3e98,54004,Miscompute (v),,,English → Sindhi,غلط حساب لڳائڻ,english,English → Sindhi,miscompute v,غلط حساب لڳائڻ,,SindhiLanguage.org,https://sindhilanguage.org/,Amar Fayaz Buriro (امر فياض ٻرڙو),Miscompute (v),Miscompute (v),HEADWORD_WITH_LABEL,HEADWORD_WITH_LABEL
slx_a4a429ebce6e2300,54005,Misconceive (v),,,English → Sindhi,غلط فهمي ڪرڻ، غلط يا اُبتو مطلب ڪڍڻ,english,English → Sindhi,misconceive v,غلط فهمي ڪرڻ غلط يا ابتو مطلب ڪڍڻ,,SindhiLanguage.org,https://sindhilanguage.org/,Amar Fayaz Buriro (امر فياض ٻرڙو),Misconceive (v),Misconceive (v),HEADWORD_WITH_LABEL,HEADWORD_WITH_LABEL
slx_466b1105b174e02c,54011,Misconstrue (v),,,English → Sindhi,اُبتو سمجهڻ، غلط معنيٰ ڪڍڻ,english,English → Sindhi,misconstrue v,ابتو سمجهڻ غلط معني ڪڍڻ,,SindhiLanguage.org,https://sindhilanguage.org/,Amar Fayaz Buriro (امر فياض ٻرڙو),Misconstrue (v),Misconstrue (v),HEADWORD_WITH_LABEL,HEADWORD_WITH_LABEL
slx_6f1cdcb724cab283,54014,Misdate (v),,,English → Sindhi,غلط تاريخ وجهڻ,english,English → Sindhi,misdate v,غلط تاريخ وجهڻ,,SindhiLanguage.org,https://sindhilanguage.org/,Amar Fayaz Buriro (امر فياض ٻرڙو),Misdate (v),Misdate (v),HEADWORD_WITH_LABEL,HEADWORD_WITH_LABEL
slx_dc5687cf2c2ffbe2,54018,Misdirect (v),,,English → Sindhi,غلط پتو ڏيڻ، غلط سرنامو لکڻ,english,English → Sindhi,misdirect v,غلط پتو ڏيڻ غلط سرنامو لکڻ,,SindhiLanguage.org,https://sindhilanguage.org/,Amar Fayaz Buriro (امر فياض ٻرڙو),Misdirect (v),Misdirect (v),HEADWORD_WITH_LABEL,HEADWORD_WITH_LABEL
slx_65d3f96b58036b49,54032,Misgive (v),,,English → Sindhi,شڪ پيدا ڪرڻ، شڪ وجهڻ,english,English → Sindhi,misgive v,شڪ پيدا ڪرڻ شڪ وجهڻ,,SindhiLanguage.org,https://sindhilanguage.org/,Amar Fayaz Buriro (امر فياض ٻرڙو),Misgive (v),Misgive (v),HEADWORD_WITH_LABEL,HEADWORD_WITH_LABEL
slx_053ca54a735a025a,54034,Misgovern (v),,,English → Sindhi,بي انتظامي ڪرڻ، بدانتظامي ڪرڻ,english,English → Sindhi,misgovern v,بي انتظامي ڪرڻ بدانتظامي ڪرڻ,,SindhiLanguage.org,https://sindhilanguage.org/,Amar Fayaz Buriro (امر فياض ٻرڙو),Misgovern (v),Misgovern (v),HEADWORD_WITH_LABEL,HEADWORD_WITH_LABEL
slx_d26784020f1b26a2,54037,Misguide (v),,,English → Sindhi,گمراه ڪرڻ، غلط پتو ڏيڻ,english,English → Sindhi,misguide v,گمراه ڪرڻ غلط پتو ڏيڻ,,SindhiLanguage.org,https://sindhilanguage.org/,Amar Fayaz Buriro (امر فياض ٻرڙو),Misguide (v),Misguide (v),HEADWORD_WITH_LABEL,HEADWORD_WITH_LABEL
slx_1be16cb711e2487e,54042,Misinform (v),,,English → Sindhi,غلط خبر ڏيڻ,english,English → Sindhi,misinform v,غلط خبر ڏيڻ,,SindhiLanguage.org,https://sindhilanguage.org/,Amar Fayaz Buriro (امر فياض ٻرڙو),Misinform (v),Misinform (v),HEADWORD_WITH_LABEL,HEADWORD_WITH_LABEL
slx_435d58789cb14b8b,54043,Misinterpret (v),,,English → Sindhi,غلط معنيٰ ڪڍڻ، هڪ جو ٻيو مطلب سمجهڻ,english,English → Sindhi,misinterpret v,غلط معني ڪڍڻ هڪ جو ٻيو مطلب سمجهڻ,,SindhiLanguage.org,https://sindhilanguage.org/,Amar Fayaz Buriro (امر فياض ٻرڙو),Misinterpret (v),Misinterpret (v),HEADWORD_WITH_LABEL,HEADWORD_WITH_LABEL
slx_fc108cce5f960298,54046,Misjudge (v),,,English → Sindhi,غلط فهمي ڪرڻ، غلط فيصلو ڏيڻ، بي انصافي ڪرڻ,english,English → Sindhi,misjudge v,غلط فهمي ڪرڻ غلط فيصلو ڏيڻ بي انصافي ڪرڻ,,SindhiLanguage.org,https://sindhilanguage.org/,Amar Fayaz Buriro (امر فياض ٻرڙو),Misjudge (v),Misjudge (v),HEADWORD_WITH_LABEL,HEADWORD_WITH_LABEL
slx_b1205bd17892546c,54047,Mislay (v),,,English → Sindhi,هيٺ مٿي رکي وهڻ,english,English → Sindhi,mislay v,هيٺ مٿي رکي وهڻ,,SindhiLanguage.org,https://sindhilanguage.org/,Amar Fayaz Buriro (امر فياض ٻرڙو),Mislay (v),Mislay (v),HEADWORD_WITH_LABEL,HEADWORD_WITH_LABEL
slx_5638afc4e425a94f,54049,Mislead (v),,,English → Sindhi,گمراهه ڪرڻ,english,English → Sindhi,mislead v,گمراهه ڪرڻ,,SindhiLanguage.org,https://sindhilanguage.org/,Amar Fayaz Buriro (امر فياض ٻرڙو),Mislead (v),Mislead (v),HEADWORD_WITH_LABEL,HEADWORD_WITH_LABEL
slx_e2c817cc61cbabe9,54056,Misplace (v),,,English → Sindhi,ابتي هنڌ رکڻ، غلط جڳهه تي رکڻ,english,English → Sindhi,misplace v,ابتي هنڌ رکڻ غلط جڳهه تي رکڻ,,SindhiLanguage.org,https://sindhilanguage.org/,Amar Fayaz Buriro (امر فياض ٻرڙو),Misplace (v),Misplace (v),HEADWORD_WITH_LABEL,HEADWORD_WITH_LABEL
slx_5c68403770b613cf,54060,Misquote (v),,,English → Sindhi,غلط حوالو ڏيڻ,english,English → Sindhi,misquote v,غلط حوالو ڏيڻ,,SindhiLanguage.org,https://sindhilanguage.org/,Amar Fayaz Buriro (امر فياض ٻرڙو),Misquote (v),Misquote (v),HEADWORD_WITH_LABEL,HEADWORD_WITH_LABEL
slx_e4c0c9eb535b9e01,54062,Misrecite (v),,,English → Sindhi,غلط پڙهڻ,english,English → Sindhi,misrecite v,غلط پڙهڻ,,SindhiLanguage.org,https://sindhilanguage.org/,Amar Fayaz Buriro (امر فياض ٻرڙو),Misrecite (v),Misrecite (v),HEADWORD_WITH_LABEL,HEADWORD_WITH_LABEL
slx_e85dd64db1f129fe,54063,Misreckon (v),,,English → Sindhi,غلط شمار ڪرڻ,english,English → Sindhi,misreckon v,غلط شمار ڪرڻ,,SindhiLanguage.org,https://sindhilanguage.org/,Amar Fayaz Buriro (امر فياض ٻرڙو),Misreckon (v),Misreckon (v),HEADWORD_WITH_LABEL,HEADWORD_WITH_LABEL
slx_3431f70206d799ee,54064,Misrelate (v),,,English → Sindhi,غلط بيان ڪرڻ,english,English → Sindhi,misrelate v,غلط بيان ڪرڻ,,SindhiLanguage.org,https://sindhilanguage.org/,Amar Fayaz Buriro (امر فياض ٻرڙو),Misrelate (v),Misrelate (v),HEADWORD_WITH_LABEL,HEADWORD_WITH_LABEL
slx_e868ba424e1f9663,54065,Misreport (v),,,English → Sindhi,غلط خبر ڏيڻ، غلط بيان ڪرڻ,english,English → Sindhi,misreport v,غلط خبر ڏيڻ غلط بيان ڪرڻ,,SindhiLanguage.org,https://sindhilanguage.org/,Amar Fayaz Buriro (امر فياض ٻرڙو),Misreport (v),Misreport (v),HEADWORD_WITH_LABEL,HEADWORD_WITH_LABEL
slx_0311a04521fe15b9,54066,Misrepresent (v),,,English → Sindhi,غلط بيان ڪرڻ، ابتو ٻڌائڻ,english,English → Sindhi,misrepresent v,غلط بيان ڪرڻ ابتو ٻڌائڻ,,SindhiLanguage.org,https://sindhilanguage.org/,Amar Fayaz Buriro (امر فياض ٻرڙو),Misrepresent (v),Misrepresent (v),HEADWORD_WITH_LABEL,HEADWORD_WITH_LABEL
slx_e639cbad4e0c8f04,54070,Miss (v),,,English → Sindhi,گسڻ، هٿان وڃڻ، ياد ڪرڻ,english,English → Sindhi,miss v,گسڻ هٿان وڃڻ ياد ڪرڻ,,SindhiLanguage.org,https://sindhilanguage.org/,Amar Fayaz Buriro (امر فياض ٻرڙو),Miss (v),Miss (v),HEADWORD_WITH_LABEL,HEADWORD_WITH_LABEL
slx_6698270e6f3b9d0c,54071,(To miss the train),,,English → Sindhi,ريل گاڏيءَ کي نه پڄڻ,english,English → Sindhi,to miss the train,ريل گاڏيء کي نه پڄڻ,,SindhiLanguage.org,https://sindhilanguage.org/,Amar Fayaz Buriro (امر فياض ٻرڙو),(To miss the train),(To miss the train),PARENTHETICAL,PARENTHETICAL
slx_c38b7a533f570f73,54072,(To miss out),,,English → Sindhi,(اکر، لفظ) ڇڏي ڏيڻ,english,English → Sindhi,to miss out,اکر لفظ ڇڏي ڏيڻ,,SindhiLanguage.org,https://sindhilanguage.org/,Amar Fayaz Buriro (امر فياض ٻرڙو),(To miss out),(To miss out),PARENTHETICAL,PARENTHETICAL
slx_18bc2044dba269f1,54073,Misserve (v),,,English → Sindhi,ايمانداريءَ سان ڪم نه ڪرڻ، نمڪ حرامي ڪرڻ,english,English → Sindhi,misserve v,ايمانداريء سان ڪم نه ڪرڻ نمڪ حرامي ڪرڻ,,SindhiLanguage.org,https://sindhilanguage.org/,Amar Fayaz Buriro (امر فياض ٻرڙو),Misserve (v),Misserve (v),HEADWORD_WITH_LABEL,HEADWORD_WITH_LABEL
slx_2a9a19c827d2d627,54074,Mis shape (v),,,English → Sindhi,بدصورت ڪرڻ، بدشڪل ڪرڻ,english,English → Sindhi,mis shape v,بدصورت ڪرڻ بدشڪل ڪرڻ,,SindhiLanguage.org,https://sindhilanguage.org/,Amar Fayaz Buriro (امر فياض ٻرڙو),Mis shape (v),Mis shape (v),HEADWORD_WITH_LABEL,HEADWORD_WITH_LABEL
slx_85edee9f46de3938,54081,Mis spell (v),,,English → Sindhi,غلط هجي ڪرڻ,english,English → Sindhi,mis spell v,غلط هجي ڪرڻ,,SindhiLanguage.org,https://sindhilanguage.org/,Amar Fayaz Buriro (امر فياض ٻرڙو),Mis spell (v),Mis spell (v),HEADWORD_WITH_LABEL,HEADWORD_WITH_LABEL
slx_d34aed8e3fca7fae,54082,Mis spend (v),,,English → Sindhi,اجايو خرچ ڪرڻ، برباد ڪرڻ,english,English → Sindhi,mis spend v,اجايو خرچ ڪرڻ برباد ڪرڻ,,SindhiLanguage.org,https://sindhilanguage.org/,Amar Fayaz Buriro (امر فياض ٻرڙو),Mis spend (v),Mis spend (v),HEADWORD_WITH_LABEL,HEADWORD_WITH_LABEL
slx_305b6c31a921ac67,54083,Mis state (v),,,English → Sindhi,غلط بيان ڪرڻ,english,English → Sindhi,mis state v,غلط بيان ڪرڻ,,SindhiLanguage.org,https://sindhilanguage.org/,Amar Fayaz Buriro (امر فياض ٻرڙو),Mis state (v),Mis state (v),HEADWORD_WITH_LABEL,HEADWORD_WITH_LABEL
slx_1f589fc750305cec,54090,Misterm (v),,,English → Sindhi,غلط نالو ڏيڻ، ڪوڙو نالو رکڻ,english,English → Sindhi,misterm v,غلط نالو ڏيڻ ڪوڙو نالو رکڻ,,SindhiLanguage.org,https://sindhilanguage.org/,Amar Fayaz Buriro (امر فياض ٻرڙو),Misterm (v),Misterm (v),HEADWORD_WITH_LABEL,HEADWORD_WITH_LABEL
slx_cb855516805140fb,54092,Misthink (v),,,English → Sindhi,غلط خيال ڪرڻ,english,English → Sindhi,misthink v,غلط خيال ڪرڻ,,SindhiLanguage.org,https://sindhilanguage.org/,Amar Fayaz Buriro (امر فياض ٻرڙو),Misthink (v),Misthink (v),HEADWORD_WITH_LABEL,HEADWORD_WITH_LABEL
slx_51c1e5f41f56cd28,54094,Mistime (v),,,English → Sindhi,غلط وقت ڪرڻ، بي موقعي ڪرڻ,english,English → Sindhi,mistime v,غلط وقت ڪرڻ بي موقعي ڪرڻ,,SindhiLanguage.org,https://sindhilanguage.org/,Amar Fayaz Buriro (امر فياض ٻرڙو),Mistime (v),Mistime (v),HEADWORD_WITH_LABEL,HEADWORD_WITH_LABEL
slx_2365309f5fe9295b,54096,Mistle (v),,,English → Sindhi,ٻوٽو جيڪو وڻن تي اُڀرندو آهي,english,English → Sindhi,mistle v,ٻوٽو جيڪو وڻن تي اڀرندو آهي,,SindhiLanguage.org,https://sindhilanguage.org/,Amar Fayaz Buriro (امر فياض ٻرڙو),Mistle (v),Mistle (v),HEADWORD_WITH_LABEL,HEADWORD_WITH_LABEL
slx_5ec481274057c677,54097,Mistranslate (v),,,English → Sindhi,غلط ترجمو ڪرڻ,english,English → Sindhi,mistranslate v,غلط ترجمو ڪرڻ,,SindhiLanguage.org,https://sindhilanguage.org/,Amar Fayaz Buriro (امر فياض ٻرڙو),Mistranslate (v),Mistranslate (v),HEADWORD_WITH_LABEL,HEADWORD_WITH_LABEL
slx_8722876452b154bd,54101,Mistrust (v),,,English → Sindhi,شڪ آڻڻ، گمان ڪرڻ (بدگماني),english,English → Sindhi,mistrust v,شڪ آڻڻ گمان ڪرڻ بدگماني,,SindhiLanguage.org,https://sindhilanguage.org/,Amar Fayaz Buriro (امر فياض ٻرڙو),Mistrust (v),Mistrust (v),HEADWORD_WITH_LABEL,HEADWORD_WITH_LABEL
slx_16d15f1ba52d0167,54103,Mistune (v),,,English → Sindhi,بي سرو ڪرڻ، غلط سر ڪڍڻ,english,English → Sindhi,mistune v,بي سرو ڪرڻ غلط سر ڪڍڻ,,SindhiLanguage.org,https://sindhilanguage.org/,Amar Fayaz Buriro (امر فياض ٻرڙو),Mistune (v),Mistune (v),HEADWORD_WITH_LABEL,HEADWORD_WITH_LABEL
slx_5871bd0fca834686,54105,Misunderstand (v),,,English → Sindhi,غلط سمجهڻ، غلط فهمي ڪرڻ,english,English → Sindhi,misunderstand v,غلط سمجهڻ غلط فهمي ڪرڻ,,SindhiLanguage.org,https://sindhilanguage.org/,Amar Fayaz Buriro (امر فياض ٻرڙو),Misunderstand (v),Misunderstand (v),HEADWORD_WITH_LABEL,HEADWORD_WITH_LABEL
slx_171a34d5173dc7e0,54108,Misuse (v),,,English → Sindhi,خراب طرح ڪم آڻڻ، بدسلوڪي ڪرڻ,english,English → Sindhi,misuse v,خراب طرح ڪم آڻڻ بدسلوڪي ڪرڻ,,SindhiLanguage.org,https://sindhilanguage.org/,Amar Fayaz Buriro (امر فياض ٻرڙو),Misuse (v),Misuse (v),HEADWORD_WITH_LABEL,HEADWORD_WITH_LABEL
slx_a3362755d81a797d,54110,(To pay one’s mite),,,English → Sindhi,پڄنديءَ آهر ڏيڻ,english,English → Sindhi,to pay one s mite,پڄنديء آهر ڏيڻ,,SindhiLanguage.org,https://sindhilanguage.org/,Amar Fayaz Buriro (امر فياض ٻرڙو),(To pay one’s mite),(To pay one’s mite),PARENTHETICAL,PARENTHETICAL
slx_210ef4276f671c29,54114,Mitigate (v),,,English → Sindhi,گهٽ ڪرڻ، تسڪين ڏيڻ، هلڪو ڪرڻ,english,English → Sindhi,mitigate v,گهٽ ڪرڻ تسڪين ڏيڻ هلڪو ڪرڻ,,SindhiLanguage.org,https://sindhilanguage.org/,Amar Fayaz Buriro (امر فياض ٻرڙو),Mitigate (v),Mitigate (v),HEADWORD_WITH_LABEL,HEADWORD_WITH_LABEL
slx_92dc5f1d03798147,54119,Mix (v),,,English → Sindhi,ملاوت ڪرڻ، گڏڻ، رلڻ ملڻ,english,English → Sindhi,mix v,ملاوت ڪرڻ گڏڻ رلڻ ملڻ,,SindhiLanguage.org,https://sindhilanguage.org/,Amar Fayaz Buriro (امر فياض ٻرڙو),Mix (v),Mix (v),HEADWORD_WITH_LABEL,HEADWORD_WITH_LABEL
slx_24ed1d853ad6e842,54125,Moan (v),,,English → Sindhi,رنج ڪرڻ، ڪرڪڻ، ڪنجهڻ، افسوس ڪرڻ,english,English → Sindhi,moan v,رنج ڪرڻ ڪرڪڻ ڪنجهڻ افسوس ڪرڻ,,SindhiLanguage.org,https://sindhilanguage.org/,Amar Fayaz Buriro (امر فياض ٻرڙو),Moan (v),Moan (v),HEADWORD_WITH_LABEL,HEADWORD_WITH_LABEL
slx_a0a78918f79c0385,54130,Mobilze (v),,,English → Sindhi,لڙائيءَ لاءِ گڏ ڪرڻ,english,English → Sindhi,mobilze v,لڙائيء لاء گڏ ڪرڻ,,SindhiLanguage.org,https://sindhilanguage.org/,Amar Fayaz Buriro (امر فياض ٻرڙو),Mobilze (v),Mobilze (v),HEADWORD_WITH_LABEL,HEADWORD_WITH_LABEL
slx_f206a95a7c9e36e3,54132,Mock (v),,,English → Sindhi,ٺٺولي ڪرڻ، مسخري ڪرڻ، کلڻ، نقلي، ڪوڙي,english,English → Sindhi,mock v,ٺٺولي ڪرڻ مسخري ڪرڻ کلڻ نقلي ڪوڙي,,SindhiLanguage.org,https://sindhilanguage.org/,Amar Fayaz Buriro (امر فياض ٻرڙو),Mock (v),Mock (v),HEADWORD_WITH_LABEL,HEADWORD_WITH_LABEL
slx_04d2f17ca2be97df,54138,Model (v),,,English → Sindhi,گهڙڻ، نموني تي ٺاهڻ، نقشو ٺاهڻ,english,English → Sindhi,model v,گهڙڻ نموني تي ٺاهڻ نقشو ٺاهڻ,,SindhiLanguage.org,https://sindhilanguage.org/,Amar Fayaz Buriro (امر فياض ٻرڙو),Model (v),Model (v),HEADWORD_WITH_LABEL,HEADWORD_WITH_LABEL
slx_f48a059fc58deb6c,54140,Moderate (v),,,English → Sindhi,پورو پنو ڪرڻ، گهٽائڻ، هلڪو ڪرڻ,english,English → Sindhi,moderate v,پورو پنو ڪرڻ گهٽائڻ هلڪو ڪرڻ,,SindhiLanguage.org,https://sindhilanguage.org/,Amar Fayaz Buriro (امر فياض ٻرڙو),Moderate (v),Moderate (v),HEADWORD_WITH_LABEL,HEADWORD_WITH_LABEL
slx_a83f83c96f0f41b7,54145,Modernize (v),,,English → Sindhi,نئين زماني مطابق ڪرڻ، هلندڙ نموني ڪرڻ,english,English → Sindhi,modernize v,نئين زماني مطابق ڪرڻ هلندڙ نموني ڪرڻ,,SindhiLanguage.org,https://sindhilanguage.org/,Amar Fayaz Buriro (امر فياض ٻرڙو),Modernize (v),Modernize (v),HEADWORD_WITH_LABEL,HEADWORD_WITH_LABEL
slx_b128c09e36c5344c,54150,Modify (v),,,English → Sindhi,گهٽائڻ، ڦير گهير ڪرڻ، شڪل ڦيرائڻ,english,English → Sindhi,modify v,گهٽائڻ ڦير گهير ڪرڻ شڪل ڦيرائڻ,,SindhiLanguage.org,https://sindhilanguage.org/,Amar Fayaz Buriro (امر فياض ٻرڙو),Modify (v),Modify (v),HEADWORD_WITH_LABEL,HEADWORD_WITH_LABEL
slx_1543718c4dec472f,54153,Modulate (v),,,English → Sindhi,سر ملائڻ، آواز جو وڌڻ گهٽجڻ يا بدلائڻ,english,English → Sindhi,modulate v,سر ملائڻ آواز جو وڌڻ گهٽجڻ يا بدلائڻ,,SindhiLanguage.org,https://sindhilanguage.org/,Amar Fayaz Buriro (امر فياض ٻرڙو),Modulate (v),Modulate (v),HEADWORD_WITH_LABEL,HEADWORD_WITH_LABEL
slx_7d78a175ca19b1a3,54159,Moil (v),,,English → Sindhi,داغ، لڳائڻ، محنت ڪرڻ، وهڻ، ڳهڻ,english,English → Sindhi,moil v,داغ لڳائڻ محنت ڪرڻ وهڻ ڳهڻ,,SindhiLanguage.org,https://sindhilanguage.org/,Amar Fayaz Buriro (امر فياض ٻرڙو),Moil (v),Moil (v),HEADWORD_WITH_LABEL,HEADWORD_WITH_LABEL
slx_7c6a2e15a7dea6a1,54161,Moisten (v),,,English → Sindhi,آلو ڪرڻ، پسائڻ,english,English → Sindhi,moisten v,آلو ڪرڻ پسائڻ,,SindhiLanguage.org,https://sindhilanguage.org/,Amar Fayaz Buriro (امر فياض ٻرڙو),Moisten (v),Moisten (v),HEADWORD_WITH_LABEL,HEADWORD_WITH_LABEL
slx_4da5ee43614dbb1c,54170,(To make mountains Out of mole hills),,,English → Sindhi,ننڍي ڳالهه کي وڏو سمجهڻ، تيليءَ کي ٿنڀ سمجهڻ,english,English → Sindhi,to make mountains out of mole hills,ننڍي ڳالهه کي وڏو سمجهڻ تيليء کي ٿنڀ سمجهڻ,,SindhiLanguage.org,https://sindhilanguage.org/,Amar Fayaz Buriro (امر فياض ٻرڙو),(To make mountains Out of mole hills),(To make mountains Out of mole hills),PARENTHETICAL,PARENTHETICAL
slx_d6037e19416a3d5e,54171,Molest (v),,,English → Sindhi,تڪليف ڏيڻ، ستائڻ، دکي ڪرڻ هلاک ڪرڻ,english,English → Sindhi,molest v,تڪليف ڏيڻ ستائڻ دکي ڪرڻ هلاک ڪرڻ,,SindhiLanguage.org,https://sindhilanguage.org/,Amar Fayaz Buriro (امر فياض ٻرڙو),Molest (v),Molest (v),HEADWORD_WITH_LABEL,HEADWORD_WITH_LABEL
slx_3cda64ab673a68d4,54175,Mollify (v),,,English → Sindhi,نرم ڪرڻ، ٺارڻ، ٿڌو ڪرڻ، فرحت ڏيڻ,english,English → Sindhi,mollify v,نرم ڪرڻ ٺارڻ ٿڌو ڪرڻ فرحت ڏيڻ,,SindhiLanguage.org,https://sindhilanguage.org/,Amar Fayaz Buriro (امر فياض ٻرڙو),Mollify (v),Mollify (v),HEADWORD_WITH_LABEL,HEADWORD_WITH_LABEL
slx_ebafef2af9118aee,54195,Monetize (v),,,English → Sindhi,چالو سڪو ڪري هلائڻ,english,English → Sindhi,monetize v,چالو سڪو ڪري هلائڻ,,SindhiLanguage.org,https://sindhilanguage.org/,Amar Fayaz Buriro (امر فياض ٻرڙو),Monetize (v),Monetize (v),HEADWORD_WITH_LABEL,HEADWORD_WITH_LABEL
slx_4688db3013063a1a,54200,(To make money),,,English → Sindhi,روپيا يا پئسا پيدا ڪرڻ,english,English → Sindhi,to make money,روپيا يا پئسا پيدا ڪرڻ,,SindhiLanguage.org,https://sindhilanguage.org/,Amar Fayaz Buriro (امر فياض ٻرڙو),(To make money),(To make money),PARENTHETICAL,PARENTHETICAL
slx_556b80aea1514080,54229,Monopolize (v),,,English → Sindhi,هڪ هٽي ڪرڻ، وڪري تي حاوي ٿيڻ,english,English → Sindhi,monopolize v,هڪ هٽي ڪرڻ وڪري تي حاوي ٿيڻ,,SindhiLanguage.org,https://sindhilanguage.org/,Amar Fayaz Buriro (امر فياض ٻرڙو),Monopolize (v),Monopolize (v),HEADWORD_WITH_LABEL,HEADWORD_WITH_LABEL
slx_92dc99ac10480de0,54241,(Lunar month),,,English → Sindhi,چنڊ جي حساب موجب مهينو، قمري مهينو,english,English → Sindhi,lunar month,چنڊ جي حساب موجب مهينو قمري مهينو,,SindhiLanguage.org,https://sindhilanguage.org/,Amar Fayaz Buriro (امر فياض ٻرڙو),(Lunar month),(Lunar month),PARENTHETICAL,PARENTHETICAL
slx_48d718eae0ca0904,54245,Moo (v),,,English → Sindhi,رڙڻ، رنڀڻ، زور سان پڪارڻ,english,English → Sindhi,moo v,رڙڻ رنڀڻ زور سان پڪارڻ,,SindhiLanguage.org,https://sindhilanguage.org/,Amar Fayaz Buriro (امر فياض ٻرڙو),Moo (v),Moo (v),HEADWORD_WITH_LABEL,HEADWORD_WITH_LABEL
slx_0ec2ca0b316bd33c,54255,Moor (v),,,English → Sindhi,مضبوط ٻڌڻ، پڳهه هڻڻ، لنگر هڻڻ,english,English → Sindhi,moor v,مضبوط ٻڌڻ پڳهه هڻڻ لنگر هڻڻ,,SindhiLanguage.org,https://sindhilanguage.org/,Amar Fayaz Buriro (امر فياض ٻرڙو),Moor (v),Moor (v),HEADWORD_WITH_LABEL,HEADWORD_WITH_LABEL
slx_0b5a6715b0474d19,54260,Moot (v),,,English → Sindhi,بحث ڪرڻ، تقرير ڪرڻ، تڪرار ڪرڻ,english,English → Sindhi,moot v,بحث ڪرڻ تقرير ڪرڻ تڪرار ڪرڻ,,SindhiLanguage.org,https://sindhilanguage.org/,Amar Fayaz Buriro (امر فياض ٻرڙو),Moot (v),Moot (v),HEADWORD_WITH_LABEL,HEADWORD_WITH_LABEL
slx_cf1e1aff9f1166ff,54264,Mope (v),,,English → Sindhi,سست يا ممول ٿيڻ، سست، ڪاهل,english,English → Sindhi,mope v,سست يا ممول ٿيڻ سست ڪاهل,,SindhiLanguage.org,https://sindhilanguage.org/,Amar Fayaz Buriro (امر فياض ٻرڙو),Mope (v),Mope (v),HEADWORD_WITH_LABEL,HEADWORD_WITH_LABEL
slx_b78fca15e1c2abd9,54270,Moralize (v),,,English → Sindhi,نصيحت ڪرڻ، اخلاقي بيان ڪرڻ,english,English → Sindhi,moralize v,نصيحت ڪرڻ اخلاقي بيان ڪرڻ,,SindhiLanguage.org,https://sindhilanguage.org/,Amar Fayaz Buriro (امر فياض ٻرڙو),Moralize (v),Moralize (v),HEADWORD_WITH_LABEL,HEADWORD_WITH_LABEL
slx_857eb180cc9e0ccd,54303,Mortgage (v),,,English → Sindhi,گروي رکڻ، ڳهه رکڻ,english,English → Sindhi,mortgage v,گروي رکڻ ڳهه رکڻ,,SindhiLanguage.org,https://sindhilanguage.org/,Amar Fayaz Buriro (امر فياض ٻرڙو),Mortgage (v),Mortgage (v),HEADWORD_WITH_LABEL,HEADWORD_WITH_LABEL
slx_381fc372d7f82976,54309,Mortify (v),,,English → Sindhi,من مارڻ، شرمندو ڪرڻ,english,English → Sindhi,mortify v,من مارڻ شرمندو ڪرڻ,,SindhiLanguage.org,https://sindhilanguage.org/,Amar Fayaz Buriro (امر فياض ٻرڙو),Mortify (v),Mortify (v),HEADWORD_WITH_LABEL,HEADWORD_WITH_LABEL
slx_43e31e678cebd983,54350,Moult (v),,,English → Sindhi,کنڀ ڇاڻڻ، ڪريز کائڻ,english,English → Sindhi,moult v,کنڀ ڇاڻڻ ڪريز کائڻ,,SindhiLanguage.org,https://sindhilanguage.org/,Amar Fayaz Buriro (امر فياض ٻرڙو),Moult (v),Moult (v),HEADWORD_WITH_LABEL,HEADWORD_WITH_LABEL
slx_5c9eea955ab50561,54352,Mount (v),,,English → Sindhi,چڙهڻ، سوار ٿيڻ، ٽڪري، جبل، گهوڙو، تصوير,english,English → Sindhi,mount v,چڙهڻ سوار ٿيڻ ٽڪري جبل گهوڙو تصوير,,SindhiLanguage.org,https://sindhilanguage.org/,Amar Fayaz Buriro (امر فياض ٻرڙو),Mount (v),Mount (v),HEADWORD_WITH_LABEL,HEADWORD_WITH_LABEL
slx_9c3f32a72ddaef74,54353,(To mount guard),,,English → Sindhi,پهرو ڏيڻ,english,English → Sindhi,to mount guard,پهرو ڏيڻ,,SindhiLanguage.org,https://sindhilanguage.org/,Amar Fayaz Buriro (امر فياض ٻرڙو),(To mount guard),(To mount guard),PARENTHETICAL,PARENTHETICAL
slx_c441011c4d416d22,54359,Mourn (v),,,English → Sindhi,غم ڪرڻ، ماتم ڪرڻ، ڏک ڪرڻ,english,English → Sindhi,mourn v,غم ڪرڻ ماتم ڪرڻ ڏک ڪرڻ,,SindhiLanguage.org,https://sindhilanguage.org/,Amar Fayaz Buriro (امر فياض ٻرڙو),Mourn (v),Mourn (v),HEADWORD_WITH_LABEL,HEADWORD_WITH_LABEL
slx_181ef605b7e70ccf,54371,Move (v),,,English → Sindhi,حرڪت ڪرڻ، چرڻ، اثر ڪرڻ، ڀڙڪائڻ، هلڻ,english,English → Sindhi,move v,حرڪت ڪرڻ چرڻ اثر ڪرڻ ڀڙڪائڻ هلڻ,,SindhiLanguage.org,https://sindhilanguage.org/,Amar Fayaz Buriro (امر فياض ٻرڙو),Move (v),Move (v),HEADWORD_WITH_LABEL,HEADWORD_WITH_LABEL
slx_c66be29311ac870e,54372,(To move the court),,,English → Sindhi,ڪورٽ کي عرض ڪرڻ,english,English → Sindhi,to move the court,ڪورٽ کي عرض ڪرڻ,,SindhiLanguage.org,https://sindhilanguage.org/,Amar Fayaz Buriro (امر فياض ٻرڙو),(To move the court),(To move the court),PARENTHETICAL,PARENTHETICAL
slx_da1e1bd624a17e9a,54373,(To move on),,,English → Sindhi,اڳتي وڌڻ، هلندو رهڻ,english,English → Sindhi,to move on,اڳتي وڌڻ هلندو رهڻ,,SindhiLanguage.org,https://sindhilanguage.org/,Amar Fayaz Buriro (امر فياض ٻرڙو),(To move on),(To move on),PARENTHETICAL,PARENTHETICAL
slx_3c36fbf224f1937a,54374,(To move away),,,English → Sindhi,هٽي وڃڻ، پري ٿيڻ,english,English → Sindhi,to move away,هٽي وڃڻ پري ٿيڻ,,SindhiLanguage.org,https://sindhilanguage.org/,Amar Fayaz Buriro (امر فياض ٻرڙو),(To move away),(To move away),PARENTHETICAL,PARENTHETICAL
slx_a024c6c0d14bc5ef,54375,(To move about),,,English → Sindhi,هڪ جڳهه کان ٻي جڳهه وڃڻ,english,English → Sindhi,to move about,هڪ جڳهه کان ٻي جڳهه وڃڻ,,SindhiLanguage.org,https://sindhilanguage.org/,Amar Fayaz Buriro (امر فياض ٻرڙو),(To move about),(To move about),PARENTHETICAL,PARENTHETICAL
slx_ea6e501571d6571f,54376,(To be moved),,,English → Sindhi,رحم اچڻ، دل ڀرجي اچڻ,english,English → Sindhi,to be moved,رحم اچڻ دل ڀرجي اچڻ,,SindhiLanguage.org,https://sindhilanguage.org/,Amar Fayaz Buriro (امر فياض ٻرڙو),(To be moved),(To be moved),PARENTHETICAL,PARENTHETICAL
slx_6bc2c6ca509ce9f4,54377,(To move for),,,English → Sindhi,عرض يا درخواست ڪرڻ,english,English → Sindhi,to move for,عرض يا درخواست ڪرڻ,,SindhiLanguage.org,https://sindhilanguage.org/,Amar Fayaz Buriro (امر فياض ٻرڙو),(To move for),(To move for),PARENTHETICAL,PARENTHETICAL
slx_8e50e7ddd9e7ccd8,54382,Mow (v),,,English → Sindhi,لڻڻ، گاه ڪپڻ، لابارو وجهڻ,english,English → Sindhi,mow v,لڻڻ گاه ڪپڻ لابارو وجهڻ,,SindhiLanguage.org,https://sindhilanguage.org/,Amar Fayaz Buriro (امر فياض ٻرڙو),Mow (v),Mow (v),HEADWORD_WITH_LABEL,HEADWORD_WITH_LABEL
slx_753cf8618889a9bc,54396,Muddle (v),,,English → Sindhi,گدلو ڪرڻ، ميرو ڪرڻ، منجهائڻ,english,English → Sindhi,muddle v,گدلو ڪرڻ ميرو ڪرڻ منجهائڻ,,SindhiLanguage.org,https://sindhilanguage.org/,Amar Fayaz Buriro (امر فياض ٻرڙو),Muddle (v),Muddle (v),HEADWORD_WITH_LABEL,HEADWORD_WITH_LABEL
slx_2cbb343c105d57be,54404,Muffle (v),,,English → Sindhi,ڍڪڻ، ويڙهڻ، لڪائڻ,english,English → Sindhi,muffle v,ڍڪڻ ويڙهڻ لڪائڻ,,SindhiLanguage.org,https://sindhilanguage.org/,Amar Fayaz Buriro (امر فياض ٻرڙو),Muffle (v),Muffle (v),HEADWORD_WITH_LABEL,HEADWORD_WITH_LABEL
slx_9e647734ccadfc23,54411,Mulct (v),,,English → Sindhi,ڏنڊ وجهڻ، چٽي وجهڻ,english,English → Sindhi,mulct v,ڏنڊ وجهڻ چٽي وجهڻ,,SindhiLanguage.org,https://sindhilanguage.org/,Amar Fayaz Buriro (امر فياض ٻرڙو),Mulct (v),Mulct (v),HEADWORD_WITH_LABEL,HEADWORD_WITH_LABEL
slx_bb43269cffc6e1d7,54436,Multiply (v),,,English → Sindhi,ضرب ڪرڻ، وڌائڻ,english,English → Sindhi,multiply v,ضرب ڪرڻ وڌائڻ,,SindhiLanguage.org,https://sindhilanguage.org/,Amar Fayaz Buriro (امر فياض ٻرڙو),Multiply (v),Multiply (v),HEADWORD_WITH_LABEL,HEADWORD_WITH_LABEL
slx_6e84e6c00fc38227,54442,Mumble (v),,,English → Sindhi,چپن ۾ ڳالهائڻ، ڀڻ ڀڻ ڪرڻ,english,English → Sindhi,mumble v,چپن ڳالهائڻ ڀڻ ڀڻ ڪرڻ,,SindhiLanguage.org,https://sindhilanguage.org/,Amar Fayaz Buriro (امر فياض ٻرڙو),Mumble (v),Mumble (v),HEADWORD_WITH_LABEL,HEADWORD_WITH_LABEL
slx_a2be76cc3b809782,54444,Mummify (v),,,English → Sindhi,لاش کي مصالح لڳائي رکڻ,english,English → Sindhi,mummify v,لاش کي مصالح لڳائي رکڻ,,SindhiLanguage.org,https://sindhilanguage.org/,Amar Fayaz Buriro (امر فياض ٻرڙو),Mummify (v),Mummify (v),HEADWORD_WITH_LABEL,HEADWORD_WITH_LABEL
slx_2b82ea88a13cc719,54448,Munch (v),,,English → Sindhi,چٻڪا ڏيڻ، مزي سان چٻاڙڻ,english,English → Sindhi,munch v,چٻڪا ڏيڻ مزي سان چٻاڙڻ,,SindhiLanguage.org,https://sindhilanguage.org/,Amar Fayaz Buriro (امر فياض ٻرڙو),Munch (v),Munch (v),HEADWORD_WITH_LABEL,HEADWORD_WITH_LABEL
slx_423f947c5e3dab32,54465,Murmur (v),,,English → Sindhi,ڀڻ ڀڻ ڪرڻ، ڪرڪڻ، ڪنجهڻ,english,English → Sindhi,murmur v,ڀڻ ڀڻ ڪرڻ ڪرڪڻ ڪنجهڻ,,SindhiLanguage.org,https://sindhilanguage.org/,Amar Fayaz Buriro (امر فياض ٻرڙو),Murmur (v),Murmur (v),HEADWORD_WITH_LABEL,HEADWORD_WITH_LABEL
slx_fd7ad59b111d1866,54518,Passover (v),,,English → Sindhi,اورانگهڻ، چشم پوشي ڪرڻ,english,English → Sindhi,passover v,اورانگهڻ چشم پوشي ڪرڻ,,SindhiLanguage.org,https://sindhilanguage.org/,Amar Fayaz Buriro (امر فياض ٻرڙو),Passover (v),Passover (v),HEADWORD_WITH_LABEL,HEADWORD_WITH_LABEL
slx_31a2b905c7420749,54533,Pat (v),,,English → Sindhi,شاباس ڏيڻ، ٺاپرڻ، ٿڦڻ، ٺپرڻ,english,English → Sindhi,pat v,شاباس ڏيڻ ٺاپرڻ ٿڦڻ ٺپرڻ,,SindhiLanguage.org,https://sindhilanguage.org/,Amar Fayaz Buriro (امر فياض ٻرڙو),Pat (v),Pat (v),HEADWORD_WITH_LABEL,HEADWORD_WITH_LABEL
slx_38ff6e5eab102177,54536,(To patch up a story),,,English → Sindhi,قصو جوڙڻ، قصو ٺاهڻ,english,English → Sindhi,to patch up a story,قصو جوڙڻ قصو ٺاهڻ,,SindhiLanguage.org,https://sindhilanguage.org/,Amar Fayaz Buriro (امر فياض ٻرڙو),(To patch up a story),(To patch up a story),PARENTHETICAL,PARENTHETICAL
slx_4e78c490528c4e91,54566,Patronize (v),,,English → Sindhi,مدد ڪرڻ، حمايت ڪرڻ، سرپرستي ڪرڻ,english,English → Sindhi,patronize v,مدد ڪرڻ حمايت ڪرڻ سرپرستي ڪرڻ,,SindhiLanguage.org,https://sindhilanguage.org/,Amar Fayaz Buriro (امر فياض ٻرڙو),Patronize (v),Patronize (v),HEADWORD_WITH_LABEL,HEADWORD_WITH_LABEL
slx_1258c951827c6a76,54567,Pattern (v),,,English → Sindhi,ڌڻيءَ جي عبادت ڪرڻ، کڙڪڻ، ٺڙ ٺڙ ڪرڻ,english,English → Sindhi,pattern v,ڌڻيء جي عبادت ڪرڻ کڙڪڻ ٺڙ ٺڙ ڪرڻ,,SindhiLanguage.org,https://sindhilanguage.org/,Amar Fayaz Buriro (امر فياض ٻرڙو),Pattern (v),Pattern (v),HEADWORD_WITH_LABEL,HEADWORD_WITH_LABEL
slx_cde5cd3d00f2722e,54573,Pause (v),,,English → Sindhi,بيهڻ، ترسڻ، آرام ڪرڻ، ساهي، دم,english,English → Sindhi,pause v,بيهڻ ترسڻ آرام ڪرڻ ساهي دم,,SindhiLanguage.org,https://sindhilanguage.org/,Amar Fayaz Buriro (امر فياض ٻرڙو),Pause (v),Pause (v),HEADWORD_WITH_LABEL,HEADWORD_WITH_LABEL
slx_f5c0848c3a7fdb10,54574,Pave (v),,,English → Sindhi,پٿر جو فرش هڻڻ، راهه ٺاهڻ، آسان ڪرڻ,english,English → Sindhi,pave v,پٿر جو فرش هڻڻ راهه ٺاهڻ آسان ڪرڻ,,SindhiLanguage.org,https://sindhilanguage.org/,Amar Fayaz Buriro (امر فياض ٻرڙو),Pave (v),Pave (v),HEADWORD_WITH_LABEL,HEADWORD_WITH_LABEL
slx_d04feaa010701c44,54577,Paw (v),,,English → Sindhi,چنبو، پنجو، پير,english,English → Sindhi,paw v,چنبو پنجو پير,,SindhiLanguage.org,https://sindhilanguage.org/,Amar Fayaz Buriro (امر فياض ٻرڙو),Paw (v),Paw (v),HEADWORD_WITH_LABEL,HEADWORD_WITH_LABEL
slx_6fddacf72fa93e7f,54588,Pay the piper (v),,,English → Sindhi,سمورو خرچ ڀري ڏيڻ,english,English → Sindhi,pay the piper v,سمورو خرچ ڀري ڏيڻ,,SindhiLanguage.org,https://sindhilanguage.org/,Amar Fayaz Buriro (امر فياض ٻرڙو),Pay the piper (v),Pay the piper (v),HEADWORD_WITH_LABEL,HEADWORD_WITH_LABEL
slx_470ae02785a96523,54592,(At peace),,,English → Sindhi,آرام ۾، صلح سانت ۾,english,English → Sindhi,at peace,آرام صلح سانت,,SindhiLanguage.org,https://sindhilanguage.org/,Amar Fayaz Buriro (امر فياض ٻرڙو),(At peace),(At peace),PARENTHETICAL,PARENTHETICAL
slx_c4c04322863277bc,54594,(To hold one’s peace),,,English → Sindhi,چپ چاپ رهڻ، خاموش رهڻ,english,English → Sindhi,to hold one s peace,چپ چاپ رهڻ خاموش رهڻ,,SindhiLanguage.org,https://sindhilanguage.org/,Amar Fayaz Buriro (امر فياض ٻرڙو),(To hold one’s peace),(To hold one’s peace),PARENTHETICAL,PARENTHETICAL
slx_9c25617d2bb42684,54595,(To make one’s peace with),,,English → Sindhi,راضي رکڻ، صلح ڪرڻ,english,English → Sindhi,to make one s peace with,راضي رکڻ صلح ڪرڻ,,SindhiLanguage.org,https://sindhilanguage.org/,Amar Fayaz Buriro (امر فياض ٻرڙو),(To make one’s peace with),(To make one’s peace with),PARENTHETICAL,PARENTHETICAL
slx_39e067059468caa3,54620,Peck (v),,,English → Sindhi,چونگارڻ، چهنب هڻڻ، چڳڻ، ٺونگو هڻڻ,english,English → Sindhi,peck v,چونگارڻ چهنب هڻڻ چڳڻ ٺونگو هڻڻ,,SindhiLanguage.org,https://sindhilanguage.org/,Amar Fayaz Buriro (امر فياض ٻرڙو),Peck (v),Peck (v),HEADWORD_WITH_LABEL,HEADWORD_WITH_LABEL
slx_52d37a95e24e07e6,54622,Peculate (v),,,English → Sindhi,غبن ڪرڻ، خيانت ڪرڻ، سرڪاري رقم هضم ڪرڻ,english,English → Sindhi,peculate v,غبن ڪرڻ خيانت ڪرڻ سرڪاري رقم هضم ڪرڻ,,SindhiLanguage.org,https://sindhilanguage.org/,Amar Fayaz Buriro (امر فياض ٻرڙو),Peculate (v),Peculate (v),HEADWORD_WITH_LABEL,HEADWORD_WITH_LABEL
slx_cfa3ad909e1e8539,54634,Peddle (v),,,English → Sindhi,پيري ڪرڻ، گهور ڪرڻ,english,English → Sindhi,peddle v,پيري ڪرڻ گهور ڪرڻ,,SindhiLanguage.org,https://sindhilanguage.org/,Amar Fayaz Buriro (امر فياض ٻرڙو),Peddle (v),Peddle (v),HEADWORD_WITH_LABEL,HEADWORD_WITH_LABEL
slx_0f1e1c86fe10b074,54639,Peel (v),,,English → Sindhi,ڇلڻ، کل لاهڻ (کل، ڇل),english,English → Sindhi,peel v,ڇلڻ کل لاهڻ کل ڇل,,SindhiLanguage.org,https://sindhilanguage.org/,Amar Fayaz Buriro (امر فياض ٻرڙو),Peel (v),Peel (v),HEADWORD_WITH_LABEL,HEADWORD_WITH_LABEL
slx_f2c7b701e40d4cde,54640,Peep (v),,,English → Sindhi,ليئو پائڻ، جهاتي پائڻ، ليئو، جهاتي,english,English → Sindhi,peep v,ليئو پائڻ جهاتي پائڻ ليئو جهاتي,,SindhiLanguage.org,https://sindhilanguage.org/,Amar Fayaz Buriro (امر فياض ٻرڙو),Peep (v),Peep (v),HEADWORD_WITH_LABEL,HEADWORD_WITH_LABEL
slx_20b5c1d15ea0be4c,54656,Pelt (v),,,English → Sindhi,اُڇلڻ، هڻڻ، وسڻ، کل، ڪچو چمڙو,english,English → Sindhi,pelt v,اڇلڻ هڻڻ وسڻ کل ڪچو چمڙو,,SindhiLanguage.org,https://sindhilanguage.org/,Amar Fayaz Buriro (امر فياض ٻرڙو),Pelt (v),Pelt (v),HEADWORD_WITH_LABEL,HEADWORD_WITH_LABEL
slx_a7abc134151863d1,54665,Penalize (v),,,English → Sindhi,سزا جوڳو ٺهرائڻ,english,English → Sindhi,penalize v,سزا جوڳو ٺهرائڻ,,SindhiLanguage.org,https://sindhilanguage.org/,Amar Fayaz Buriro (امر فياض ٻرڙو),Penalize (v),Penalize (v),HEADWORD_WITH_LABEL,HEADWORD_WITH_LABEL
slx_5594710dbc88e65c,54677,Pentrate (v),,,English → Sindhi,گهڙڻ، ٽنگ ڪرڻ، معلوم ڪرڻ، اثر ڪڍڻ,english,English → Sindhi,pentrate v,گهڙڻ ٽنگ ڪرڻ معلوم ڪرڻ اثر ڪڍڻ,,SindhiLanguage.org,https://sindhilanguage.org/,Amar Fayaz Buriro (امر فياض ٻرڙو),Pentrate (v),Pentrate (v),HEADWORD_WITH_LABEL,HEADWORD_WITH_LABEL
slx_df41ed70fe5f8378,54719,Perambulate (v),,,English → Sindhi,سير ڪرڻ، گشت ڪرڻ، گهمڻ، ڏسڻ، وائسڻ,english,English → Sindhi,perambulate v,سير ڪرڻ گشت ڪرڻ گهمڻ ڏسڻ وائسڻ,,SindhiLanguage.org,https://sindhilanguage.org/,Amar Fayaz Buriro (امر فياض ٻرڙو),Perambulate (v),Perambulate (v),HEADWORD_WITH_LABEL,HEADWORD_WITH_LABEL
slx_f5f415f7682ee90d,54729,Perch (v),,,English → Sindhi,وهڻ، پيهو، پکين جي وهڻ لاءِ ڪلي,english,English → Sindhi,perch v,وهڻ پيهو پکين جي وهڻ لاء ڪلي,,SindhiLanguage.org,https://sindhilanguage.org/,Amar Fayaz Buriro (امر فياض ٻرڙو),Perch (v),Perch (v),HEADWORD_WITH_LABEL,HEADWORD_WITH_LABEL
slx_063cdd2e5308e47f,54731,Percolate (v),,,English → Sindhi,ٽمڻ، سمڻ، ڇاڻڻ,english,English → Sindhi,percolate v,ٽمڻ سمڻ ڇاڻڻ,,SindhiLanguage.org,https://sindhilanguage.org/,Amar Fayaz Buriro (امر فياض ٻرڙو),Percolate (v),Percolate (v),HEADWORD_WITH_LABEL,HEADWORD_WITH_LABEL
slx_9cd8be59f5a060a7,54740,Perfect (n),,,English → Sindhi,بي عيب، پورو، ڪامل، خالص، بي گناهه,english,English → Sindhi,perfect n,بي عيب پورو ڪامل خالص بي گناهه,,SindhiLanguage.org,https://sindhilanguage.org/,Amar Fayaz Buriro (امر فياض ٻرڙو),Perfect (n),Perfect (n),HEADWORD_WITH_LABEL,HEADWORD_WITH_LABEL
slx_4d5ded863c2f1961,54741,Perfect (v),,,English → Sindhi,پورو ڪرڻ، سڌارڻ، واڌارو ڏيڻ,english,English → Sindhi,perfect v,پورو ڪرڻ سڌارڻ واڌارو ڏيڻ,,SindhiLanguage.org,https://sindhilanguage.org/,Amar Fayaz Buriro (امر فياض ٻرڙو),Perfect (v),Perfect (v),HEADWORD_WITH_LABEL,HEADWORD_WITH_LABEL
slx_7c94c78701691687,54748,Perforate (v),,,English → Sindhi,ٽنگ ڪڍڻ، سوراخ ڪرڻ، ونڌڻ,english,English → Sindhi,perforate v,ٽنگ ڪڍڻ سوراخ ڪرڻ ونڌڻ,,SindhiLanguage.org,https://sindhilanguage.org/,Amar Fayaz Buriro (امر فياض ٻرڙو),Perforate (v),Perforate (v),HEADWORD_WITH_LABEL,HEADWORD_WITH_LABEL
slx_171145e46efb117a,54752,Perform (v),,,English → Sindhi,ڪرڻ، بجاءِ آڻڻ، کيل ڪرڻ، پورو ڪرڻ,english,English → Sindhi,perform v,ڪرڻ بجاء آڻڻ کيل ڪرڻ پورو ڪرڻ,,SindhiLanguage.org,https://sindhilanguage.org/,Amar Fayaz Buriro (امر فياض ٻرڙو),Perform (v),Perform (v),HEADWORD_WITH_LABEL,HEADWORD_WITH_LABEL
slx_664bc265a0aaef79,54755,(Performance of duty),,,English → Sindhi,خذمت جي بجاآوري,english,English → Sindhi,performance of duty,خذمت جي بجاآوري,,SindhiLanguage.org,https://sindhilanguage.org/,Amar Fayaz Buriro (امر فياض ٻرڙو),(Performance of duty),(Performance of duty),PARENTHETICAL,PARENTHETICAL
slx_9009a46e5cf55482,54756,(Performance of orders),,,English → Sindhi,حڪمن جي بجاآوري,english,English → Sindhi,performance of orders,حڪمن جي بجاآوري,,SindhiLanguage.org,https://sindhilanguage.org/,Amar Fayaz Buriro (امر فياض ٻرڙو),(Performance of orders),(Performance of orders),PARENTHETICAL,PARENTHETICAL
slx_9f809c903f24f6f7,54776,Perish (v),,,English → Sindhi,ناس ٿيڻ، مرڻ، برباد ٿيڻ، مٽجڻ,english,English → Sindhi,perish v,ناس ٿيڻ مرڻ برباد ٿيڻ مٽجڻ,,SindhiLanguage.org,https://sindhilanguage.org/,Amar Fayaz Buriro (امر فياض ٻرڙو),Perish (v),Perish (v),HEADWORD_WITH_LABEL,HEADWORD_WITH_LABEL
slx_ba45b2a26b9efcd5,54780,Perjure (v),,,English → Sindhi,ڪوڙو قسم کڻڻ,english,English → Sindhi,perjure v,ڪوڙو قسم کڻڻ,,SindhiLanguage.org,https://sindhilanguage.org/,Amar Fayaz Buriro (امر فياض ٻرڙو),Perjure (v),Perjure (v),HEADWORD_WITH_LABEL,HEADWORD_WITH_LABEL
slx_69d19c6bb8efaccc,54782,Perk (v),,,English → Sindhi,آڪڙجڻ، مغروري ڏيکارڻ، مغرور,english,English → Sindhi,perk v,آڪڙجڻ مغروري ڏيکارڻ مغرور,,SindhiLanguage.org,https://sindhilanguage.org/,Amar Fayaz Buriro (امر فياض ٻرڙو),Perk (v),Perk (v),HEADWORD_WITH_LABEL,HEADWORD_WITH_LABEL
slx_169fc2ae3e4b37f8,54787,Permeate (v),,,English → Sindhi,گهڙي وڃڻ، آرپار نڪرڻ,english,English → Sindhi,permeate v,گهڙي وڃڻ آرپار نڪرڻ,,SindhiLanguage.org,https://sindhilanguage.org/,Amar Fayaz Buriro (امر فياض ٻرڙو),Permeate (v),Permeate (v),HEADWORD_WITH_LABEL,HEADWORD_WITH_LABEL
slx_c421ebf654865a7a,54791,Permit (v),,,English → Sindhi,موڪل ڏيڻ، اجازت ڏيڻ، پروانو,english,English → Sindhi,permit v,موڪل ڏيڻ اجازت ڏيڻ پروانو,,SindhiLanguage.org,https://sindhilanguage.org/,Amar Fayaz Buriro (امر فياض ٻرڙو),Permit (v),Permit (v),HEADWORD_WITH_LABEL,HEADWORD_WITH_LABEL
slx_c427be786d8b0368,54796,Perorate (v),,,English → Sindhi,تقرير ختم ڪرڻ يا پڇاڙيءَ ۾ اختصار بيان ڪرڻ,english,English → Sindhi,perorate v,تقرير ختم ڪرڻ يا پڇاڙيء اختصار بيان ڪرڻ,,SindhiLanguage.org,https://sindhilanguage.org/,Amar Fayaz Buriro (امر فياض ٻرڙو),Perorate (v),Perorate (v),HEADWORD_WITH_LABEL,HEADWORD_WITH_LABEL
slx_13f502c5be4c81da,54798,Perpend (v),,,English → Sindhi,غور سان خيال ڪرڻ، سوچڻ، ويچارڻ,english,English → Sindhi,perpend v,غور سان خيال ڪرڻ سوچڻ ويچارڻ,,SindhiLanguage.org,https://sindhilanguage.org/,Amar Fayaz Buriro (امر فياض ٻرڙو),Perpend (v),Perpend (v),HEADWORD_WITH_LABEL,HEADWORD_WITH_LABEL
slx_e5a3a81431268d03,54800,Perpetrate (v),,,English → Sindhi,ڪرڻ (خطا، ڏوهه),english,English → Sindhi,perpetrate v,ڪرڻ خطا ڏوهه,,SindhiLanguage.org,https://sindhilanguage.org/,Amar Fayaz Buriro (امر فياض ٻرڙو),Perpetrate (v),Perpetrate (v),HEADWORD_WITH_LABEL,HEADWORD_WITH_LABEL
slx_b0b17a6008f4de0a,54805,Perpetuate (v),,,English → Sindhi,هميشه قائم رکڻ، جاري رکڻ، دائم رکڻ,english,English → Sindhi,perpetuate v,هميشه قائم رکڻ جاري رکڻ دائم رکڻ,,SindhiLanguage.org,https://sindhilanguage.org/,Amar Fayaz Buriro (امر فياض ٻرڙو),Perpetuate (v),Perpetuate (v),HEADWORD_WITH_LABEL,HEADWORD_WITH_LABEL
slx_0badcee53c9c9433,54807,Perplex (v),,,English → Sindhi,منجهائڻ، پريشان ڪرڻ، حيران ڪرڻ، ستائڻ,english,English → Sindhi,perplex v,منجهائڻ پريشان ڪرڻ حيران ڪرڻ ستائڻ,,SindhiLanguage.org,https://sindhilanguage.org/,Amar Fayaz Buriro (امر فياض ٻرڙو),Perplex (v),Perplex (v),HEADWORD_WITH_LABEL,HEADWORD_WITH_LABEL
slx_7f153edda7c25ab5,54812,Persecute (v),,,English → Sindhi,آزارڻ، ستائڻ، ايذاءُ رسائڻ، پويان پوڻ,english,English → Sindhi,persecute v,آزارڻ ستائڻ ايذاء رسائڻ پويان پوڻ,,SindhiLanguage.org,https://sindhilanguage.org/,Amar Fayaz Buriro (امر فياض ٻرڙو),Persecute (v),Persecute (v),HEADWORD_WITH_LABEL,HEADWORD_WITH_LABEL
slx_bcbea57b451f93c3,54891,(At the nick of time),,,English → Sindhi,عين وقت تي,english,English → Sindhi,at the nick of time,عين وقت تي,,SindhiLanguage.org,https://sindhilanguage.org/,Amar Fayaz Buriro (امر فياض ٻرڙو),(At the nick of time),(At the nick of time),PARENTHETICAL,PARENTHETICAL
slx_451f6485958a7e13,54923,(To nip in the bud),,,English → Sindhi,ابتدا ۾ مارڻ، ڪچي ۾ ٽوڙڻ,english,English → Sindhi,to nip in the bud,ابتدا مارڻ ڪچي ٽوڙڻ,,SindhiLanguage.org,https://sindhilanguage.org/,Amar Fayaz Buriro (امر فياض ٻرڙو),(To nip in the bud),(To nip in the bud),PARENTHETICAL,PARENTHETICAL
slx_18fcc1dbe2641575,55015,(Come to nothing),,,English → Sindhi,ڪنهن نتيجي تي نه پهچڻ,english,English → Sindhi,come to nothing,ڪنهن نتيجي تي نه پهچڻ,,SindhiLanguage.org,https://sindhilanguage.org/,Amar Fayaz Buriro (امر فياض ٻرڙو),(Come to nothing),(Come to nothing),PARENTHETICAL,PARENTHETICAL
slx_a805e1f1fc61cb14,55016,(Good for nothing),,,English → Sindhi,نڪمو، ناڪاره,english,English → Sindhi,good for nothing,نڪمو ناڪاره,,SindhiLanguage.org,https://sindhilanguage.org/,Amar Fayaz Buriro (امر فياض ٻرڙو),(Good for nothing),(Good for nothing),PARENTHETICAL,PARENTHETICAL
slx_97eaf882a2f26398,55019,(Give notice),,,English → Sindhi,اڳ ۾ خبر ڪرڻ، اطلاع ڏيڻ,english,English → Sindhi,give notice,اڳ خبر ڪرڻ اطلاع ڏيڻ,,SindhiLanguage.org,https://sindhilanguage.org/,Amar Fayaz Buriro (امر فياض ٻرڙو),(Give notice),(Give notice),PARENTHETICAL,PARENTHETICAL
slx_b1004cbbaa943aa4,55136,(Put in ones oar),,,English → Sindhi,ان وقت صلاح ڏيڻ جنهن وقت صلاح جي ضرورت نه هجي,english,English → Sindhi,put in ones oar,ان وقت صلاح ڏيڻ جنهن وقت صلاح جي ضرورت نه هجي,,SindhiLanguage.org,https://sindhilanguage.org/,Amar Fayaz Buriro (امر فياض ٻرڙو),(Put in ones oar),(Put in ones oar),PARENTHETICAL,PARENTHETICAL
slx_e75ac183882aa3bc,55140,Oat (pl.oats),,,English → Sindhi,جَوَ,english,English → Sindhi,oat pl oats,جو,,SindhiLanguage.org,https://sindhilanguage.org/,Amar Fayaz Buriro (امر فياض ٻرڙو),Oat (pl.oats),Oat (pl.oats),HEADWORD_WITH_LABEL,HEADWORD_WITH_LABEL
slx_1a90b35ddc8ab4fc,55145,(Upon one’s oath),,,English → Sindhi,قسم کنيل ته سچ ڳالهائيندو,english,English → Sindhi,upon one s oath,قسم کنيل ته سچ ڳالهائيندو,,SindhiLanguage.org,https://sindhilanguage.org/,Amar Fayaz Buriro (امر فياض ٻرڙو),(Upon one’s oath),(Upon one’s oath),PARENTHETICAL,PARENTHETICAL
slx_7d64e6886d22f4a6,55283,(At odds),,,English → Sindhi,برخلاف,english,English → Sindhi,at odds,برخلاف,,SindhiLanguage.org,https://sindhilanguage.org/,Amar Fayaz Buriro (امر فياض ٻرڙو),(At odds),(At odds),PARENTHETICAL,PARENTHETICAL
slx_9f3738f3d5cf67d3,55284,(It is odds),,,English → Sindhi,غالباً,english,English → Sindhi,it is odds,غالبا,,SindhiLanguage.org,https://sindhilanguage.org/,Amar Fayaz Buriro (امر فياض ٻرڙو),(It is odds),(It is odds),PARENTHETICAL,PARENTHETICAL
slx_d689f25f2a244da6,55298,(To be off),,,English → Sindhi,نڪري وڃڻ، رفوچڪر ٿيڻ,english,English → Sindhi,to be off,نڪري وڃڻ رفوچڪر ٿيڻ,,SindhiLanguage.org,https://sindhilanguage.org/,Amar Fayaz Buriro (امر فياض ٻرڙو),(To be off),(To be off),PARENTHETICAL,PARENTHETICAL
slx_a971574353d3d458,55381,(And so on),,,English → Sindhi,وغيره وغيره,english,English → Sindhi,and so on,وغيره وغيره,,SindhiLanguage.org,https://sindhilanguage.org/,Amar Fayaz Buriro (امر فياض ٻرڙو),(And so on),(And so on),PARENTHETICAL,PARENTHETICAL
slx_5a5d070430330419,55386,(At once),,,English → Sindhi,يڪدم، فورا,english,English → Sindhi,at once,يڪدم فورا,,SindhiLanguage.org,https://sindhilanguage.org/,Amar Fayaz Buriro (امر فياض ٻرڙو),(At once),(At once),PARENTHETICAL,PARENTHETICAL
slx_91aa246c96f749d4,55391,(All one),,,English → Sindhi,ساڳيو,english,English → Sindhi,all one,ساڳيو,,SindhiLanguage.org,https://sindhilanguage.org/,Amar Fayaz Buriro (امر فياض ٻرڙو),(All one),(All one),PARENTHETICAL,PARENTHETICAL
slx_be73da561e99b256,55392,(At one),,,English → Sindhi,شامل,english,English → Sindhi,at one,شامل,,SindhiLanguage.org,https://sindhilanguage.org/,Amar Fayaz Buriro (امر فياض ٻرڙو),(At one),(At one),PARENTHETICAL,PARENTHETICAL
slx_3c016fb19f137bf0,55427,(To come into operation),,,English → Sindhi,شروع ٿي وڃڻ، جاري ٿيڻ,english,English → Sindhi,to come into operation,شروع ٿي وڃڻ جاري ٿيڻ,,SindhiLanguage.org,https://sindhilanguage.org/,Amar Fayaz Buriro (امر فياض ٻرڙو),(To come into operation),(To come into operation),PARENTHETICAL,PARENTHETICAL
slx_c49fa782839fb61c,55478,Oracles (pl. of oracle),,,English → Sindhi,ڪلام غيب، الهام,english,English → Sindhi,oracles pl of oracle,ڪلام غيب الهام,,SindhiLanguage.org,https://sindhilanguage.org/,Amar Fayaz Buriro (امر فياض ٻرڙو),Oracles (pl. of oracle),Oracles (pl. of oracle),HEADWORD_WITH_LABEL,HEADWORD_WITH_LABEL
slx_fdbaf8402a641325,55499,Order (n),,,English → Sindhi,حڪم، ارشاد، فرمائش، ضابطو، قاعدو، طريقو,english,English → Sindhi,order n,حڪم ارشاد فرمائش ضابطو قاعدو طريقو,,SindhiLanguage.org,https://sindhilanguage.org/,Amar Fayaz Buriro (امر فياض ٻرڙو),Order (n),Order (n),HEADWORD_WITH_LABEL,HEADWORD_WITH_LABEL
slx_d5f083241f8fa2c8,55500,Order (v),,,English → Sindhi,حڪم ڏيڻ، فرمائڻ، انتظام ڪرڻ، قائم ڪرڻ,english,English → Sindhi,order v,حڪم ڏيڻ فرمائڻ انتظام ڪرڻ قائم ڪرڻ,,SindhiLanguage.org,https://sindhilanguage.org/,Amar Fayaz Buriro (امر فياض ٻرڙو),Order (v),Order (v),HEADWORD_WITH_LABEL,HEADWORD_WITH_LABEL
slx_4a881e762092d1af,55793,(To keep pace with),,,English → Sindhi,برابر هلڻ، قدم سان قدم ملائي هلڻ,english,English → Sindhi,to keep pace with,برابر هلڻ قدم سان قدم ملائي هلڻ,,SindhiLanguage.org,https://sindhilanguage.org/,Amar Fayaz Buriro (امر فياض ٻرڙو),(To keep pace with),(To keep pace with),PARENTHETICAL,PARENTHETICAL
slx_54ff28815d23133c,55794,(To pace up and down),,,English → Sindhi,پسار ڪرڻ، سير ڪرڻ، اچڻ وڃڻ,english,English → Sindhi,to pace up and down,پسار ڪرڻ سير ڪرڻ اچڻ وڃڻ,,SindhiLanguage.org,https://sindhilanguage.org/,Amar Fayaz Buriro (امر فياض ٻرڙو),(To pace up and down),(To pace up and down),PARENTHETICAL,PARENTHETICAL
slx_6cff2f70de8f4ee9,55800,Pacify (v),,,English → Sindhi,صلح ڪرائڻ، پرچائڻ، سانت ۾ آڻڻ,english,English → Sindhi,pacify v,صلح ڪرائڻ پرچائڻ سانت آڻڻ,,SindhiLanguage.org,https://sindhilanguage.org/,Amar Fayaz Buriro (امر فياض ٻرڙو),Pacify (v),Pacify (v),HEADWORD_WITH_LABEL,HEADWORD_WITH_LABEL
slx_cc5cc21c06e2c9f2,55802,(To pack cards),,,English → Sindhi,پتو ملائڻ، تاس ملائڻ,english,English → Sindhi,to pack cards,پتو ملائڻ تاس ملائڻ,,SindhiLanguage.org,https://sindhilanguage.org/,Amar Fayaz Buriro (امر فياض ٻرڙو),(To pack cards),(To pack cards),PARENTHETICAL,PARENTHETICAL
slx_cbab8f4c3767f1ba,55803,(To pack off),,,English → Sindhi,سامان ٻڌي روانو ڪرڻ، ڪڍي ڇڏڻ,english,English → Sindhi,to pack off,سامان ٻڌي روانو ڪرڻ ڪڍي ڇڏڻ,,SindhiLanguage.org,https://sindhilanguage.org/,Amar Fayaz Buriro (امر فياض ٻرڙو),(To pack off),(To pack off),PARENTHETICAL,PARENTHETICAL
slx_00bf0df767529408,55805,(Pack of hounds),,,English → Sindhi,شڪاري ڪتن جي لوڌ,english,English → Sindhi,pack of hounds,شڪاري ڪتن جي لوڌ,,SindhiLanguage.org,https://sindhilanguage.org/,Amar Fayaz Buriro (امر فياض ٻرڙو),(Pack of hounds),(Pack of hounds),PARENTHETICAL,PARENTHETICAL
slx_5731fc48aa121545,55806,(Pack saddle),,,English → Sindhi,گڏهه جو آٿر، پلاڻ,english,English → Sindhi,pack saddle,گڏهه جو آٿر پلاڻ,,SindhiLanguage.org,https://sindhilanguage.org/,Amar Fayaz Buriro (امر فياض ٻرڙو),(Pack saddle),(Pack saddle),PARENTHETICAL,PARENTHETICAL
slx_40d132f9e45690a2,55807,(Pack of thieves),,,English → Sindhi,چورن جي چؤنڪڙي,english,English → Sindhi,pack of thieves,چورن جي چؤنڪڙي,,SindhiLanguage.org,https://sindhilanguage.org/,Amar Fayaz Buriro (امر فياض ٻرڙو),(Pack of thieves),(Pack of thieves),PARENTHETICAL,PARENTHETICAL
slx_bef47b48571fa15a,55824,Paid (pt. of pay),,,English → Sindhi,(پئسا) ڏنا، ادا ڪيل,english,English → Sindhi,paid pt of pay,پئسا ڏنا ادا ڪيل,,SindhiLanguage.org,https://sindhilanguage.org/,Amar Fayaz Buriro (امر فياض ٻرڙو),Paid (pt. of pay),Paid (pt. of pay),HEADWORD_WITH_LABEL,HEADWORD_WITH_LABEL
slx_8a93b1518fd7886f,55858,Palliate (v),,,English → Sindhi,ڍڪڻ، گهٽائڻ، گهٽ ڪرڻ، هلڪو ڪرڻ,english,English → Sindhi,palliate v,ڍڪڻ گهٽائڻ گهٽ ڪرڻ هلڪو ڪرڻ,,SindhiLanguage.org,https://sindhilanguage.org/,Amar Fayaz Buriro (امر فياض ٻرڙو),Palliate (v),Palliate (v),HEADWORD_WITH_LABEL,HEADWORD_WITH_LABEL
slx_11c8a8bd4a484839,55873,Palpitate (v),,,English → Sindhi,ڌڪ ڌڪ ڪرڻ، ڦٿڪڻ، ڌڙڪڻ,english,English → Sindhi,palpitate v,ڌڪ ڌڪ ڪرڻ ڦٿڪڻ ڌڙڪڻ,,SindhiLanguage.org,https://sindhilanguage.org/,Amar Fayaz Buriro (امر فياض ٻرڙو),Palpitate (v),Palpitate (v),HEADWORD_WITH_LABEL,HEADWORD_WITH_LABEL
slx_e68686a68ed238c4,55880,Pamper (v),,,English → Sindhi,دادلو ڪرڻ، نازن سان نپائڻ، گهڻو خوش ڪرڻ,english,English → Sindhi,pamper v,دادلو ڪرڻ نازن سان نپائڻ گهڻو خوش ڪرڻ,,SindhiLanguage.org,https://sindhilanguage.org/,Amar Fayaz Buriro (امر فياض ٻرڙو),Pamper (v),Pamper (v),HEADWORD_WITH_LABEL,HEADWORD_WITH_LABEL
slx_c925c7d0b949f89d,55888,Pander (v),,,English → Sindhi,ڌوت پائي ڪرڻ، ڌوتو,english,English → Sindhi,pander v,ڌوت پائي ڪرڻ ڌوتو,,SindhiLanguage.org,https://sindhilanguage.org/,Amar Fayaz Buriro (امر فياض ٻرڙو),Pander (v),Pander (v),HEADWORD_WITH_LABEL,HEADWORD_WITH_LABEL
slx_bbd7663e48389082,55892,Penegrise (v),,,English → Sindhi,تعريف ڪرڻ، مدح ڪرڻ، ثنا ڪرڻ,english,English → Sindhi,penegrise v,تعريف ڪرڻ مدح ڪرڻ ثنا ڪرڻ,,SindhiLanguage.org,https://sindhilanguage.org/,Amar Fayaz Buriro (امر فياض ٻرڙو),Penegrise (v),Penegrise (v),HEADWORD_WITH_LABEL,HEADWORD_WITH_LABEL
slx_520458ca29522f6c,55903,Pant (v),,,English → Sindhi,مهڪڻ، ڌڪ ڌڪ ڪرڻ، سهڪي,english,English → Sindhi,pant v,مهڪڻ ڌڪ ڌڪ ڪرڻ سهڪي,,SindhiLanguage.org,https://sindhilanguage.org/,Amar Fayaz Buriro (امر فياض ٻرڙو),Pant (v),Pant (v),HEADWORD_WITH_LABEL,HEADWORD_WITH_LABEL
slx_95bd264f4c59f06e,55926,(At par),,,English → Sindhi,خريدي اگهه تي، برابر,english,English → Sindhi,at par,خريدي اگهه تي برابر,,SindhiLanguage.org,https://sindhilanguage.org/,Amar Fayaz Buriro (امر فياض ٻرڙو),(At par),(At par),PARENTHETICAL,PARENTHETICAL
slx_d9c249685cd9bc4b,55943,Paralyse (v),,,English → Sindhi,اڌ رنگو ڪرڻ، طاقت ڪڍڻ، نستو ڪرڻ,english,English → Sindhi,paralyse v,اڌ رنگو ڪرڻ طاقت ڪڍڻ نستو ڪرڻ,,SindhiLanguage.org,https://sindhilanguage.org/,Amar Fayaz Buriro (امر فياض ٻرڙو),Paralyse (v),Paralyse (v),HEADWORD_WITH_LABEL,HEADWORD_WITH_LABEL
slx_595a537ab4ddd19c,55950,Paraphrase (v),,,English → Sindhi,کليو ترجمو، نظم کي سليس نثر ڪرڻ,english,English → Sindhi,paraphrase v,کليو ترجمو نظم کي سليس نثر ڪرڻ,,SindhiLanguage.org,https://sindhilanguage.org/,Amar Fayaz Buriro (امر فياض ٻرڙو),Paraphrase (v),Paraphrase (v),HEADWORD_WITH_LABEL,HEADWORD_WITH_LABEL
slx_f05c721e45a1af66,55953,Parboil (v),,,English → Sindhi,نيم گرم ڪرڻ، اَڌ ڪچو پچائڻ,english,English → Sindhi,parboil v,نيم گرم ڪرڻ اڌ ڪچو پچائڻ,,SindhiLanguage.org,https://sindhilanguage.org/,Amar Fayaz Buriro (امر فياض ٻرڙو),Parboil (v),Parboil (v),HEADWORD_WITH_LABEL,HEADWORD_WITH_LABEL
slx_88e830253867b972,55957,Parch (v),,,English → Sindhi,ڀڃڻ، ساڙڻ، سڪڻ، سڪائڻ,english,English → Sindhi,parch v,ڀڃڻ ساڙڻ سڪڻ سڪائڻ,,SindhiLanguage.org,https://sindhilanguage.org/,Amar Fayaz Buriro (امر فياض ٻرڙو),Parch (v),Parch (v),HEADWORD_WITH_LABEL,HEADWORD_WITH_LABEL
slx_91c99d53e07d723e,55961,(I beg your pardon),,,English → Sindhi,مون کي معاف ڪريو، مون نه سمجهو,english,English → Sindhi,i beg your pardon,مون کي معاف ڪريو مون نه سمجهو,,SindhiLanguage.org,https://sindhilanguage.org/,Amar Fayaz Buriro (امر فياض ٻرڙو),(I beg your pardon),(I beg your pardon),PARENTHETICAL,PARENTHETICAL
slx_d2d65dd7d1fdaae1,55965,Pare (v),,,English → Sindhi,وڍڻ، ڇلڻ، ننهن لاهڻ,english,English → Sindhi,pare v,وڍڻ ڇلڻ ننهن لاهڻ,,SindhiLanguage.org,https://sindhilanguage.org/,Amar Fayaz Buriro (امر فياض ٻرڙو),Pare (v),Pare (v),HEADWORD_WITH_LABEL,HEADWORD_WITH_LABEL
slx_0fbced92e3362ff7,55986,(On parole),,,English → Sindhi,نظربند,english,English → Sindhi,on parole,نظربند,,SindhiLanguage.org,https://sindhilanguage.org/,Amar Fayaz Buriro (امر فياض ٻرڙو),(On parole),(On parole),PARENTHETICAL,PARENTHETICAL
slx_0c38e70753348bd7,55991,Parry (v),,,English → Sindhi,روڪڻ، بچائڻ، ٽارڻ، هٽائڻ,english,English → Sindhi,parry v,روڪڻ بچائڻ ٽارڻ هٽائڻ,,SindhiLanguage.org,https://sindhilanguage.org/,Amar Fayaz Buriro (امر فياض ٻرڙو),Parry (v),Parry (v),HEADWORD_WITH_LABEL,HEADWORD_WITH_LABEL
slx_1710bb110c9c2075,55992,Parse (v),,,English → Sindhi,ترڪيب نحوي ڪرڻ، واڪ ڇيد ڪرڻ,english,English → Sindhi,parse v,ترڪيب نحوي ڪرڻ واڪ ڇيد ڪرڻ,,SindhiLanguage.org,https://sindhilanguage.org/,Amar Fayaz Buriro (امر فياض ٻرڙو),Parse (v),Parse (v),HEADWORD_WITH_LABEL,HEADWORD_WITH_LABEL
slx_8ce91954d444d04d,56005,Part (v),,,English → Sindhi,ورهائڻ، ڇڏائڻ، ڌار ڪرڻ، جدا ٿيڻ,english,English → Sindhi,part v,ورهائڻ ڇڏائڻ ڌار ڪرڻ جدا ٿيڻ,,SindhiLanguage.org,https://sindhilanguage.org/,Amar Fayaz Buriro (امر فياض ٻرڙو),Part (v),Part (v),HEADWORD_WITH_LABEL,HEADWORD_WITH_LABEL
slx_bffce1f0feb0fee4,56006,Partake (v),,,English → Sindhi,حصيدار ٿيڻ، ڀائيوار ٿيڻ,english,English → Sindhi,partake v,حصيدار ٿيڻ ڀائيوار ٿيڻ,,SindhiLanguage.org,https://sindhilanguage.org/,Amar Fayaz Buriro (امر فياض ٻرڙو),Partake (v),Partake (v),HEADWORD_WITH_LABEL,HEADWORD_WITH_LABEL
slx_90089c4f16cbc661,56013,Participate (v),,,English → Sindhi,حصيدار ٿيڻ، شريڪ ٿيڻ,english,English → Sindhi,participate v,حصيدار ٿيڻ شريڪ ٿيڻ,,SindhiLanguage.org,https://sindhilanguage.org/,Amar Fayaz Buriro (امر فياض ٻرڙو),Participate (v),Participate (v),HEADWORD_WITH_LABEL,HEADWORD_WITH_LABEL
slx_ca5f70e8d658e0c6,56022,Particularize (v),,,English → Sindhi,تفصيلوار بيان ڪرڻ، شرح وار بيان ڪرڻ وچورڻ,english,English → Sindhi,particularize v,تفصيلوار بيان ڪرڻ شرح وار بيان ڪرڻ وچورڻ,,SindhiLanguage.org,https://sindhilanguage.org/,Amar Fayaz Buriro (امر فياض ٻرڙو),Particularize (v),Particularize (v),HEADWORD_WITH_LABEL,HEADWORD_WITH_LABEL
slx_60a6cfaa472c4062,56031,(Sleeping partner),,,English → Sindhi,ڪم نه ڪندڙ ڀائيوار (جيڪو رڳو رقم سيڙائي),english,English → Sindhi,sleeping partner,ڪم نه ڪندڙ ڀائيوار جيڪو رڳو رقم سيڙائي,,SindhiLanguage.org,https://sindhilanguage.org/,Amar Fayaz Buriro (امر فياض ٻرڙو),(Sleeping partner),(Sleeping partner),PARENTHETICAL,PARENTHETICAL
slx_81b11c256d842c94,56036,(To pass along),,,English → Sindhi,اڳتي وڌي وڃڻ,english,English → Sindhi,to pass along,اڳتي وڌي وڃڻ,,SindhiLanguage.org,https://sindhilanguage.org/,Amar Fayaz Buriro (امر فياض ٻرڙو),(To pass along),(To pass along),PARENTHETICAL,PARENTHETICAL
slx_d6356e486f467d46,56037,(To pass away),,,English → Sindhi,گم ٿي وڃڻ,english,English → Sindhi,to pass away,گم ٿي وڃڻ,,SindhiLanguage.org,https://sindhilanguage.org/,Amar Fayaz Buriro (امر فياض ٻرڙو),(To pass away),(To pass away),PARENTHETICAL,PARENTHETICAL
slx_1024df60d9c2cb29,56038,(To pass by),,,English → Sindhi,ڀرسان لنگهڻ، معاف، ڪرڻ، غفلت ڪرڻ,english,English → Sindhi,to pass by,ڀرسان لنگهڻ معاف ڪرڻ غفلت ڪرڻ,,SindhiLanguage.org,https://sindhilanguage.org/,Amar Fayaz Buriro (امر فياض ٻرڙو),(To pass by),(To pass by),PARENTHETICAL,PARENTHETICAL
slx_a1222b17d3101a17,56040,(To pass),,,English → Sindhi,ڇڏي ڏيڻ، درگذر ڪرڻ,english,English → Sindhi,to pass,ڇڏي ڏيڻ درگذر ڪرڻ,,SindhiLanguage.org,https://sindhilanguage.org/,Amar Fayaz Buriro (امر فياض ٻرڙو),(To pass),(To pass),PARENTHETICAL,PARENTHETICAL
slx_c3a7553144117a54,56041,(To pass commodiously this life),,,English → Sindhi,آرام سان زندگي گذارڻ,english,English → Sindhi,to pass commodiously this life,آرام سان زندگي گذارڻ,,SindhiLanguage.org,https://sindhilanguage.org/,Amar Fayaz Buriro (امر فياض ٻرڙو),(To pass commodiously this life),(To pass commodiously this life),PARENTHETICAL,PARENTHETICAL
slx_74ec4800ce2fd192,56042,(To pass off),,,English → Sindhi,فريب ڏيڻ، دولاب ڪرڻ,english,English → Sindhi,to pass off,فريب ڏيڻ دولاب ڪرڻ,,SindhiLanguage.org,https://sindhilanguage.org/,Amar Fayaz Buriro (امر فياض ٻرڙو),(To pass off),(To pass off),PARENTHETICAL,PARENTHETICAL
slx_e0a1ba6a4d26effb,56043,Pass (v),,,English → Sindhi,لنگهڻ، پاس ٿيڻ، منظور ڪرڻ، گذارڻ,english,English → Sindhi,pass v,لنگهڻ پاس ٿيڻ منظور ڪرڻ گذارڻ,,SindhiLanguage.org,https://sindhilanguage.org/,Amar Fayaz Buriro (امر فياض ٻرڙو),Pass (v),Pass (v),HEADWORD_WITH_LABEL,HEADWORD_WITH_LABEL
slx_8ab06f17fbbc83e3,56055,Persevere (v),,,English → Sindhi,اورچ ٿيڻ، لڳو رهڻ، جنبي وڃڻ,english,English → Sindhi,persevere v,اورچ ٿيڻ لڳو رهڻ جنبي وڃڻ,,SindhiLanguage.org,https://sindhilanguage.org/,Amar Fayaz Buriro (امر فياض ٻرڙو),Persevere (v),Persevere (v),HEADWORD_WITH_LABEL,HEADWORD_WITH_LABEL
slx_3a4b0a6757ae83b4,56059,Persist (v),,,English → Sindhi,قائم رهڻ، هوڏ يا ضد ڪرڻ، چنبڙي پوڻ,english,English → Sindhi,persist v,قائم رهڻ هوڏ يا ضد ڪرڻ چنبڙي پوڻ,,SindhiLanguage.org,https://sindhilanguage.org/,Amar Fayaz Buriro (امر فياض ٻرڙو),Persist (v),Persist (v),HEADWORD_WITH_LABEL,HEADWORD_WITH_LABEL
slx_25d0a23d1fd6f0aa,56063,(First person),,pronoun,English → Sindhi,(ضمير) متڪلم,english,English → Sindhi,first person,ضمير متڪلم,,SindhiLanguage.org,https://sindhilanguage.org/,Amar Fayaz Buriro (امر فياض ٻرڙو),(First person),(First person),PARENTHETICAL,PARENTHETICAL
slx_226014c83ccc9e44,56064,(Second person),,pronoun,English → Sindhi,(ضمير) حاضر,english,English → Sindhi,second person,ضمير حاضر,,SindhiLanguage.org,https://sindhilanguage.org/,Amar Fayaz Buriro (امر فياض ٻرڙو),(Second person),(Second person),PARENTHETICAL,PARENTHETICAL
slx_c03943618f935d72,56065,(Third person),,pronoun,English → Sindhi,(ضمير) غائب,english,English → Sindhi,third person,ضمير غائب,,SindhiLanguage.org,https://sindhilanguage.org/,Amar Fayaz Buriro (امر فياض ٻرڙو),(Third person),(Third person),PARENTHETICAL,PARENTHETICAL
slx_0ed7f5a58785ead9,56066,(In person),,,English → Sindhi,بذات خود,english,English → Sindhi,in person,بذات خود,,SindhiLanguage.org,https://sindhilanguage.org/,Amar Fayaz Buriro (امر فياض ٻرڙو),(In person),(In person),PARENTHETICAL,PARENTHETICAL
slx_9996e9ae0abf18f4,56073,Personate (v),,,English → Sindhi,ويس بدلائڻ، نقل ڪرڻ، ٻئي نالي سان سڏائڻ,english,English → Sindhi,personate v,ويس بدلائڻ نقل ڪرڻ ٻئي نالي سان سڏائڻ,,SindhiLanguage.org,https://sindhilanguage.org/,Amar Fayaz Buriro (امر فياض ٻرڙو),Personate (v),Personate (v),HEADWORD_WITH_LABEL,HEADWORD_WITH_LABEL
slx_7298651d4ab97119,56075,Personify (v),,,English → Sindhi,بي جان کي جاندار چوڻ، ٻئي جو ويس يا نالو وٺڻ,english,English → Sindhi,personify v,بي جان کي جاندار چوڻ ٻئي جو ويس يا نالو وٺڻ,,SindhiLanguage.org,https://sindhilanguage.org/,Amar Fayaz Buriro (امر فياض ٻرڙو),Personify (v),Personify (v),HEADWORD_WITH_LABEL,HEADWORD_WITH_LABEL
slx_cbdf2e8140e6e689,56083,Perspire (v),,,English → Sindhi,پگهرجڻ، پگهر ڳارڻ,english,English → Sindhi,perspire v,پگهرجڻ پگهر ڳارڻ,,SindhiLanguage.org,https://sindhilanguage.org/,Amar Fayaz Buriro (امر فياض ٻرڙو),Perspire (v),Perspire (v),HEADWORD_WITH_LABEL,HEADWORD_WITH_LABEL
slx_2eab21bb91bd2ccd,56084,Persuade (v),,,English → Sindhi,مڃائڻ، قائم ڪرڻ، سمجهائڻ، ريجهائڻ,english,English → Sindhi,persuade v,مڃائڻ قائم ڪرڻ سمجهائڻ ريجهائڻ,,SindhiLanguage.org,https://sindhilanguage.org/,Amar Fayaz Buriro (امر فياض ٻرڙو),Persuade (v),Persuade (v),HEADWORD_WITH_LABEL,HEADWORD_WITH_LABEL
slx_f5b28c9ca20f4cf3,56088,Pertain (v),,,English → Sindhi,واسطو رکڻ، تعلق رکڻ، بابت هئڻ,english,English → Sindhi,pertain v,واسطو رکڻ تعلق رکڻ بابت هئڻ,,SindhiLanguage.org,https://sindhilanguage.org/,Amar Fayaz Buriro (امر فياض ٻرڙو),Pertain (v),Pertain (v),HEADWORD_WITH_LABEL,HEADWORD_WITH_LABEL
slx_dfabfe7d61ad9a43,56097,Perturb (v),,,English → Sindhi,منجهائڻ، تڪليف ڏيڻ، گهٻرائڻ، وياڪل ڪرڻ,english,English → Sindhi,perturb v,منجهائڻ تڪليف ڏيڻ گهٻرائڻ وياڪل ڪرڻ,,SindhiLanguage.org,https://sindhilanguage.org/,Amar Fayaz Buriro (امر فياض ٻرڙو),Perturb (v),Perturb (v),HEADWORD_WITH_LABEL,HEADWORD_WITH_LABEL
slx_515e6d04900bd826,56100,Peruse (v),,,English → Sindhi,غور سان پڙهڻ، ملاحظو ڪرڻ، جاچي ڏسڻ,english,English → Sindhi,peruse v,غور سان پڙهڻ ملاحظو ڪرڻ جاچي ڏسڻ,,SindhiLanguage.org,https://sindhilanguage.org/,Amar Fayaz Buriro (امر فياض ٻرڙو),Peruse (v),Peruse (v),HEADWORD_WITH_LABEL,HEADWORD_WITH_LABEL
slx_a3c96a07faebbe73,56110,Pester (v),,,English → Sindhi,آزارڻ، ستائڻ، مٿو کائڻ، تڪليف ڏيڻ,english,English → Sindhi,pester v,آزارڻ ستائڻ مٿو کائڻ تڪليف ڏيڻ,,SindhiLanguage.org,https://sindhilanguage.org/,Amar Fayaz Buriro (امر فياض ٻرڙو),Pester (v),Pester (v),HEADWORD_WITH_LABEL,HEADWORD_WITH_LABEL
slx_9c37b11e5854adf5,56124,Petrify (v),,,English → Sindhi,پنڊ پهڻ ٿيڻ، پٿر ٿيڻ، حيرت ۾ وجهڻ,english,English → Sindhi,petrify v,پنڊ پهڻ ٿيڻ پٿر ٿيڻ حيرت وجهڻ,,SindhiLanguage.org,https://sindhilanguage.org/,Amar Fayaz Buriro (امر فياض ٻرڙو),Petrify (v),Petrify (v),HEADWORD_WITH_LABEL,HEADWORD_WITH_LABEL
slx_e4b6ae54c08192fd,56131,Petto (in petto),,,English → Sindhi,ارهه، ڇاتي، (اندر جو اندر ۾، لڪي),english,English → Sindhi,petto in petto,ارهه ڇاتي اندر جو اندر لڪي,,SindhiLanguage.org,https://sindhilanguage.org/,Amar Fayaz Buriro (امر فياض ٻرڙو),Petto (in petto),Petto (in petto),HEADWORD_WITH_LABEL,HEADWORD_WITH_LABEL
slx_4c1f2845063af43c,56178,Phone (v),,,English → Sindhi,ٽيليفون ڪرڻ، آواز ڏيڻ,english,English → Sindhi,phone v,ٽيليفون ڪرڻ آواز ڏيڻ,,SindhiLanguage.org,https://sindhilanguage.org/,Amar Fayaz Buriro (امر فياض ٻرڙو),Phone (v),Phone (v),HEADWORD_WITH_LABEL,HEADWORD_WITH_LABEL
slx_39e5b0b9d22527ad,56196,"(Go phut, to)",,,English → Sindhi,جهڳوئي جهڻ,english,English → Sindhi,go phut to,جهڳوئي جهڻ,,SindhiLanguage.org,https://sindhilanguage.org/,Amar Fayaz Buriro (امر فياض ٻرڙو),"(Go phut, to)","(Go phut, to)",PARENTHETICAL,PARENTHETICAL
slx_a24f43fbacc0d4b6,56212,Pick (v),,,English → Sindhi,چونڊڻ، ميڙڻ، چڳڻ، کوٽڻ، چونڊ,english,English → Sindhi,pick v,چونڊڻ ميڙڻ چڳڻ کوٽڻ چونڊ,,SindhiLanguage.org,https://sindhilanguage.org/,Amar Fayaz Buriro (امر فياض ٻرڙو),Pick (v),Pick (v),HEADWORD_WITH_LABEL,HEADWORD_WITH_LABEL
slx_253c7d300fd7e317,56213,Pick off (v),,,English → Sindhi,گڏ ڪرڻ، ڪڍي وڃڻ، چٽڻ,english,English → Sindhi,pick off v,گڏ ڪرڻ ڪڍي وڃڻ چٽڻ,,SindhiLanguage.org,https://sindhilanguage.org/,Amar Fayaz Buriro (امر فياض ٻرڙو),Pick off (v),Pick off (v),HEADWORD_WITH_LABEL,HEADWORD_WITH_LABEL
slx_47a5f774c7e99d75,56214,Pick up (v),,,English → Sindhi,کڻڻ، حاصل ڪرڻ، سکڻ، سودو ٺاهڻ,english,English → Sindhi,pick up v,کڻڻ حاصل ڪرڻ سکڻ سودو ٺاهڻ,,SindhiLanguage.org,https://sindhilanguage.org/,Amar Fayaz Buriro (امر فياض ٻرڙو),Pick up (v),Pick up (v),HEADWORD_WITH_LABEL,HEADWORD_WITH_LABEL
slx_2ef33e6de1a3f909,56215,Pick to pieces (v),,,English → Sindhi,ڇوڏا لاهڻ,english,English → Sindhi,pick to pieces v,ڇوڏا لاهڻ,,SindhiLanguage.org,https://sindhilanguage.org/,Amar Fayaz Buriro (امر فياض ٻرڙو),Pick to pieces (v),Pick to pieces (v),HEADWORD_WITH_LABEL,HEADWORD_WITH_LABEL
slx_5c14a8bd53fb6bbc,56216,Pick to a pocket (v),,,English → Sindhi,کيسو ڪترڻ، ڳنڍ ڇوڙڻ,english,English → Sindhi,pick to a pocket v,کيسو ڪترڻ ڳنڍ ڇوڙڻ,,SindhiLanguage.org,https://sindhilanguage.org/,Amar Fayaz Buriro (امر فياض ٻرڙو),Pick to a pocket (v),Pick to a pocket (v),HEADWORD_WITH_LABEL,HEADWORD_WITH_LABEL
slx_8ab83100d339b941,56217,Pick out (v),,,English → Sindhi,چونڊڻ,english,English → Sindhi,pick out v,چونڊڻ,,SindhiLanguage.org,https://sindhilanguage.org/,Amar Fayaz Buriro (امر فياض ٻرڙو),Pick out (v),Pick out (v),HEADWORD_WITH_LABEL,HEADWORD_WITH_LABEL
slx_63aa69771081ef8c,56218,Pick a lock (v),,,English → Sindhi,ڪلف ڀڃڻ,english,English → Sindhi,pick a lock v,ڪلف ڀڃڻ,,SindhiLanguage.org,https://sindhilanguage.org/,Amar Fayaz Buriro (امر فياض ٻرڙو),Pick a lock (v),Pick a lock (v),HEADWORD_WITH_LABEL,HEADWORD_WITH_LABEL
slx_1d5b463c1aac5125,56219,Pick a quarrel (v),,,English → Sindhi,کُند کڻڻ، جهيڙي ڪرڻ لاءِ ڇيڙ ڪرڻ,english,English → Sindhi,pick a quarrel v,کند کڻڻ جهيڙي ڪرڻ لاء ڇيڙ ڪرڻ,,SindhiLanguage.org,https://sindhilanguage.org/,Amar Fayaz Buriro (امر فياض ٻرڙو),Pick a quarrel (v),Pick a quarrel (v),HEADWORD_WITH_LABEL,HEADWORD_WITH_LABEL
slx_a5e3213de35a7bd7,56239,Pierce (v),,,English → Sindhi,ٽنبڻ، ڇپڻ، لڳڻ، اثر يا جوش پيدا ڪرڻ,english,English → Sindhi,pierce v,ٽنبڻ ڇپڻ لڳڻ اثر يا جوش پيدا ڪرڻ,,SindhiLanguage.org,https://sindhilanguage.org/,Amar Fayaz Buriro (امر فياض ٻرڙو),Pierce (v),Pierce (v),HEADWORD_WITH_LABEL,HEADWORD_WITH_LABEL
slx_e1cebfe41adae698,56259,Pilfer (v),,,English → Sindhi,تڳائڻ، کسڪائڻ، چورائڻ,english,English → Sindhi,pilfer v,تڳائڻ کسڪائڻ چورائڻ,,SindhiLanguage.org,https://sindhilanguage.org/,Amar Fayaz Buriro (امر فياض ٻرڙو),Pilfer (v),Pilfer (v),HEADWORD_WITH_LABEL,HEADWORD_WITH_LABEL
slx_68841dc2343c879d,56282,Pine (v),,,English → Sindhi,ڪومائجڻ، ڳرڻ، صنوبر، چيل,english,English → Sindhi,pine v,ڪومائجڻ ڳرڻ صنوبر چيل,,SindhiLanguage.org,https://sindhilanguage.org/,Amar Fayaz Buriro (امر فياض ٻرڙو),Pine (v),Pine (v),HEADWORD_WITH_LABEL,HEADWORD_WITH_LABEL
slx_deac983b96fd30b0,56294,(To pay the piper),,,English → Sindhi,خرچ ڀرڻ,english,English → Sindhi,to pay the piper,خرچ ڀرڻ,,SindhiLanguage.org,https://sindhilanguage.org/,Amar Fayaz Buriro (امر فياض ٻرڙو),(To pay the piper),(To pay the piper),PARENTHETICAL,PARENTHETICAL
slx_4405d669a74b08be,56307,(To pitch and pay),,,English → Sindhi,نقد سودو ڪرڻ، هڪ هٿ ڏيڻ ٻئي هٿ وٺڻ,english,English → Sindhi,to pitch and pay,نقد سودو ڪرڻ هڪ هٿ ڏيڻ ٻئي هٿ وٺڻ,,SindhiLanguage.org,https://sindhilanguage.org/,Amar Fayaz Buriro (امر فياض ٻرڙو),(To pitch and pay),(To pitch and pay),PARENTHETICAL,PARENTHETICAL
slx_f7b3bc6dc06af8ea,56308,(To pitch into),,,English → Sindhi,ڪرڻ، پٽ پوڻ، حملو ڪرڻ,english,English → Sindhi,to pitch into,ڪرڻ پٽ پوڻ حملو ڪرڻ,,SindhiLanguage.org,https://sindhilanguage.org/,Amar Fayaz Buriro (امر فياض ٻرڙو),(To pitch into),(To pitch into),PARENTHETICAL,PARENTHETICAL
slx_203cce00b40e2bd6,56310,Pitch (v),,,English → Sindhi,کوڙڻ، ڏامر، ڪرڪيٽ جو ميدان، چوٽ,english,English → Sindhi,pitch v,کوڙڻ ڏامر ڪرڪيٽ جو ميدان چوٽ,,SindhiLanguage.org,https://sindhilanguage.org/,Amar Fayaz Buriro (امر فياض ٻرڙو),Pitch (v),Pitch (v),HEADWORD_WITH_LABEL,HEADWORD_WITH_LABEL
slx_f4dd516780fb49c3,56312,Pitchfork (v),,,English → Sindhi,ٽپائي وجهڻ، وچ ۾ ٽنبڻ، پاهوڙي، ڏانداري,english,English → Sindhi,pitchfork v,ٽپائي وجهڻ وچ ٽنبڻ پاهوڙي ڏانداري,,SindhiLanguage.org,https://sindhilanguage.org/,Amar Fayaz Buriro (امر فياض ٻرڙو),Pitchfork (v),Pitchfork (v),HEADWORD_WITH_LABEL,HEADWORD_WITH_LABEL
slx_e3194d3538ca86fd,56322,(A thousand pities),,,English → Sindhi,افسوس صد افسوس,english,English → Sindhi,a thousand pities,افسوس صد افسوس,,SindhiLanguage.org,https://sindhilanguage.org/,Amar Fayaz Buriro (امر فياض ٻرڙو),(A thousand pities),(A thousand pities),PARENTHETICAL,PARENTHETICAL
slx_6d6dea62412a19ab,56326,Placate (v),,,English → Sindhi,خوش ڪرڻ، ريجهائڻ، پرچائڻ,english,English → Sindhi,placate v,خوش ڪرڻ ريجهائڻ پرچائڻ,,SindhiLanguage.org,https://sindhilanguage.org/,Amar Fayaz Buriro (امر فياض ٻرڙو),Placate (v),Placate (v),HEADWORD_WITH_LABEL,HEADWORD_WITH_LABEL
slx_902ca345da89ddfe,56328,(In the place of),,,English → Sindhi,بجاءِ، جي عيوض,english,English → Sindhi,in the place of,بجاء جي عيوض,,SindhiLanguage.org,https://sindhilanguage.org/,Amar Fayaz Buriro (امر فياض ٻرڙو),(In the place of),(In the place of),PARENTHETICAL,PARENTHETICAL
slx_006dc19aa0847913,56329,(To take place),,,English → Sindhi,واقع ٿيڻ، ٿيڻ,english,English → Sindhi,to take place,واقع ٿيڻ ٿيڻ,,SindhiLanguage.org,https://sindhilanguage.org/,Amar Fayaz Buriro (امر فياض ٻرڙو),(To take place),(To take place),PARENTHETICAL,PARENTHETICAL
slx_3a22f5ab09b74585,56330,(Out of place),,,English → Sindhi,بي جاءِ، بي موقعو,english,English → Sindhi,out of place,بي جاء بي موقعو,,SindhiLanguage.org,https://sindhilanguage.org/,Amar Fayaz Buriro (امر فياض ٻرڙو),(Out of place),(Out of place),PARENTHETICAL,PARENTHETICAL
slx_42c10ae41926ed97,56331,(To give place),,,English → Sindhi,جاءِ ڏيڻ، هٽي وڃڻ,english,English → Sindhi,to give place,جاء ڏيڻ هٽي وڃڻ,,SindhiLanguage.org,https://sindhilanguage.org/,Amar Fayaz Buriro (امر فياض ٻرڙو),(To give place),(To give place),PARENTHETICAL,PARENTHETICAL
slx_3556278b2b76d0f2,56350,Plait (v),,,English → Sindhi,چڻ ڪرڻ، ڳنڍڻ، چوٽي,english,English → Sindhi,plait v,چڻ ڪرڻ ڳنڍڻ چوٽي,,SindhiLanguage.org,https://sindhilanguage.org/,Amar Fayaz Buriro (امر فياض ٻرڙو),Plait (v),Plait (v),HEADWORD_WITH_LABEL,HEADWORD_WITH_LABEL
slx_3b90edd7b8768753,56368,(Earthen plate),,,English → Sindhi,پاٽ,english,English → Sindhi,earthen plate,پاٽ,,SindhiLanguage.org,https://sindhilanguage.org/,Amar Fayaz Buriro (امر فياض ٻرڙو),(Earthen plate),(Earthen plate),PARENTHETICAL,PARENTHETICAL
slx_7018f276cc2013fe,56383,(To play one false),,,English → Sindhi,ڌوڪو ڏيڻ، دولاب ڪرڻ,english,English → Sindhi,to play one false,ڌوڪو ڏيڻ دولاب ڪرڻ,,SindhiLanguage.org,https://sindhilanguage.org/,Amar Fayaz Buriro (امر فياض ٻرڙو),(To play one false),(To play one false),PARENTHETICAL,PARENTHETICAL
slx_c2da31e07301887b,56384,(To play on or upon),,,English → Sindhi,وڄائڻ (ساز) ٽولي ڪرڻ، جوا ڪڏڻ,english,English → Sindhi,to play on or upon,وڄائڻ ساز ٽولي ڪرڻ جوا ڪڏڻ,,SindhiLanguage.org,https://sindhilanguage.org/,Amar Fayaz Buriro (امر فياض ٻرڙو),(To play on or upon),(To play on or upon),PARENTHETICAL,PARENTHETICAL
slx_d0ae2bb0ee41b1da,56385,(To play the game),,,English → Sindhi,ايمانداريءَ سان ڪم ڪرڻ، وندر، کل مسخري,english,English → Sindhi,to play the game,ايمانداريء سان ڪم ڪرڻ وندر کل مسخري,,SindhiLanguage.org,https://sindhilanguage.org/,Amar Fayaz Buriro (امر فياض ٻرڙو),(To play the game),(To play the game),PARENTHETICAL,PARENTHETICAL
slx_bc242ec7bbee6826,56399,Plead (v),,,English → Sindhi,حجت هلائڻ، وڪالت ڪرڻ، دليل ڏيڻ، ليلائڻ يا عرض ڪرڻ,english,English → Sindhi,plead v,حجت هلائڻ وڪالت ڪرڻ دليل ڏيڻ ليلائڻ يا عرض ڪرڻ,,SindhiLanguage.org,https://sindhilanguage.org/,Amar Fayaz Buriro (امر فياض ٻرڙو),Plead (v),Plead (v),HEADWORD_WITH_LABEL,HEADWORD_WITH_LABEL
slx_f69f25b6ca7f7b73,56400,(To plead guilty),,,English → Sindhi,ڏوهه قبول ڪرڻ,english,English → Sindhi,to plead guilty,ڏوهه قبول ڪرڻ,,SindhiLanguage.org,https://sindhilanguage.org/,Amar Fayaz Buriro (امر فياض ٻرڙو),(To plead guilty),(To plead guilty),PARENTHETICAL,PARENTHETICAL
slx_86c2ccf2fefad31e,56401,(To plead not guilty),,,English → Sindhi,ڏوهه کان انڪار ڪرڻ,english,English → Sindhi,to plead not guilty,ڏوهه کان انڪار ڪرڻ,,SindhiLanguage.org,https://sindhilanguage.org/,Amar Fayaz Buriro (امر فياض ٻرڙو),(To plead not guilty),(To plead not guilty),PARENTHETICAL,PARENTHETICAL
slx_cb38970cf2ce7265,56407,Please (v),,,English → Sindhi,خوش يا راضي ڪرڻ، پسند ڪرڻ، چاهڻ، مهرباني ڪرڻ,english,English → Sindhi,please v,خوش يا راضي ڪرڻ پسند ڪرڻ چاهڻ مهرباني ڪرڻ,,SindhiLanguage.org,https://sindhilanguage.org/,Amar Fayaz Buriro (امر فياض ٻرڙو),Please (v),Please (v),HEADWORD_WITH_LABEL,HEADWORD_WITH_LABEL
slx_f40bf180e88b3aef,56413,Pledge (v),,,English → Sindhi,گروي رکڻ، انجام ڪرڻ، گروي، ضامن، وعدو,english,English → Sindhi,pledge v,گروي رکڻ انجام ڪرڻ گروي ضامن وعدو,,SindhiLanguage.org,https://sindhilanguage.org/,Amar Fayaz Buriro (امر فياض ٻرڙو),Pledge (v),Pledge (v),HEADWORD_WITH_LABEL,HEADWORD_WITH_LABEL
slx_ee0780ffa5f89cfa,56434,Plod (v),,,English → Sindhi,ڳهڻ، سخت محنت ڪرڻ,english,English → Sindhi,plod v,ڳهڻ سخت محنت ڪرڻ,,SindhiLanguage.org,https://sindhilanguage.org/,Amar Fayaz Buriro (امر فياض ٻرڙو),Plod (v),Plod (v),HEADWORD_WITH_LABEL,HEADWORD_WITH_LABEL
slx_abd5864b0fd239f1,56441,Pluck (v),,,English → Sindhi,ڇنڻ، پٽڻ، ناس ڪرڻ، جهٻو، همٿ,english,English → Sindhi,pluck v,ڇنڻ پٽڻ ناس ڪرڻ جهٻو همٿ,,SindhiLanguage.org,https://sindhilanguage.org/,Amar Fayaz Buriro (امر فياض ٻرڙو),Pluck (v),Pluck (v),HEADWORD_WITH_LABEL,HEADWORD_WITH_LABEL
slx_82bfba082e1d61fd,56456,Plunge (v),,,English → Sindhi,ٽٻي ڏيڻ، ٻوڙڻ، ڦاسائڻ، گهيرڻ,english,English → Sindhi,plunge v,ٽٻي ڏيڻ ٻوڙڻ ڦاسائڻ گهيرڻ,,SindhiLanguage.org,https://sindhilanguage.org/,Amar Fayaz Buriro (امر فياض ٻرڙو),Plunge (v),Plunge (v),HEADWORD_WITH_LABEL,HEADWORD_WITH_LABEL
slx_d3d15b2f3d059dd6,56461,Pluralize (v),,,English → Sindhi,جمع ٺاهڻ,english,English → Sindhi,pluralize v,جمع ٺاهڻ,,SindhiLanguage.org,https://sindhilanguage.org/,Amar Fayaz Buriro (امر فياض ٻرڙو),Pluralize (v),Pluralize (v),HEADWORD_WITH_LABEL,HEADWORD_WITH_LABEL
slx_b915080e49c9d82c,56467,Ply (v),,,English → Sindhi,هلائڻ، محنت ڪرڻ,english,English → Sindhi,ply v,هلائڻ محنت ڪرڻ,,SindhiLanguage.org,https://sindhilanguage.org/,Amar Fayaz Buriro (امر فياض ٻرڙو),Ply (v),Ply (v),HEADWORD_WITH_LABEL,HEADWORD_WITH_LABEL
slx_9f0fd782a1a68185,56474,Poach (v),,,English → Sindhi,نيم جوش ڪرڻ، ٽهڪائڻ، شڪار چورائڻ,english,English → Sindhi,poach v,نيم جوش ڪرڻ ٽهڪائڻ شڪار چورائڻ,,SindhiLanguage.org,https://sindhilanguage.org/,Amar Fayaz Buriro (امر فياض ٻرڙو),Poach (v),Poach (v),HEADWORD_WITH_LABEL,HEADWORD_WITH_LABEL
slx_5668737fe8fec693,56478,Pocket an insult (v),,,English → Sindhi,بي عزتي سهي وڃڻ,english,English → Sindhi,pocket an insult v,بي عزتي سهي وڃڻ,,SindhiLanguage.org,https://sindhilanguage.org/,Amar Fayaz Buriro (امر فياض ٻرڙو),Pocket an insult (v),Pocket an insult (v),HEADWORD_WITH_LABEL,HEADWORD_WITH_LABEL
slx_99cb9e37e0fc3f61,56491,Poetise (v),,,English → Sindhi,نظم لکڻ، شعر ٺاهڻ,english,English → Sindhi,poetise v,نظم لکڻ شعر ٺاهڻ,,SindhiLanguage.org,https://sindhilanguage.org/,Amar Fayaz Buriro (امر فياض ٻرڙو),Poetise (v),Poetise (v),HEADWORD_WITH_LABEL,HEADWORD_WITH_LABEL
slx_688e2b656198ba9e,56498,(On the point of death),,,English → Sindhi,موت جي منهن ۾,english,English → Sindhi,on the point of death,موت جي منهن,,SindhiLanguage.org,https://sindhilanguage.org/,Amar Fayaz Buriro (امر فياض ٻرڙو),(On the point of death),(On the point of death),PARENTHETICAL,PARENTHETICAL
slx_41f768ec3224f3a3,56501,(To point),,,English → Sindhi,بلڪل ٺيڪ، پورو پورو,english,English → Sindhi,to point,بلڪل ٺيڪ پورو پورو,,SindhiLanguage.org,https://sindhilanguage.org/,Amar Fayaz Buriro (امر فياض ٻرڙو),(To point),(To point),PARENTHETICAL,PARENTHETICAL
slx_73e1ed92fede3f60,56504,Point (v),,,English → Sindhi,اِشارو ڪرڻ، ڏيکارڻ، نشان ڪرڻ,english,English → Sindhi,point v,اشارو ڪرڻ ڏيکارڻ نشان ڪرڻ,,SindhiLanguage.org,https://sindhilanguage.org/,Amar Fayaz Buriro (امر فياض ٻرڙو),Point (v),Point (v),HEADWORD_WITH_LABEL,HEADWORD_WITH_LABEL
slx_03c9fac177cad0c7,56510,Poise (v),,,English → Sindhi,وزن ڪرڻ، غور ڪرڻ، رنجائڻ، وزن، بار,english,English → Sindhi,poise v,وزن ڪرڻ غور ڪرڻ رنجائڻ وزن بار,,SindhiLanguage.org,https://sindhilanguage.org/,Amar Fayaz Buriro (امر فياض ٻرڙو),Poise (v),Poise (v),HEADWORD_WITH_LABEL,HEADWORD_WITH_LABEL
slx_e9ade8cda5e26fd8,56513,Poke (v),,,English → Sindhi,ڳوٿري، ٽنبڻ، ڳولڻ، چوڪ,english,English → Sindhi,poke v,ڳوٿري ٽنبڻ ڳولڻ چوڪ,,SindhiLanguage.org,https://sindhilanguage.org/,Amar Fayaz Buriro (امر فياض ٻرڙو),Poke (v),Poke (v),HEADWORD_WITH_LABEL,HEADWORD_WITH_LABEL
slx_5f289bb54e9504d5,56514,(To poke one’s nose),,,English → Sindhi,نوس نوس ڪرڻ,english,English → Sindhi,to poke one s nose,نوس نوس ڪرڻ,,SindhiLanguage.org,https://sindhilanguage.org/,Amar Fayaz Buriro (امر فياض ٻرڙو),(To poke one’s nose),(To poke one’s nose),PARENTHETICAL,PARENTHETICAL
slx_6270f694e0d080c8,56526,(Sound policy),,,English → Sindhi,مناسب اصول,english,English → Sindhi,sound policy,مناسب اصول,,SindhiLanguage.org,https://sindhilanguage.org/,Amar Fayaz Buriro (امر فياض ٻرڙو),(Sound policy),(Sound policy),PARENTHETICAL,PARENTHETICAL
slx_bcdc0be4095b4cd5,56539,Poll (v),,,English → Sindhi,ووٽ وٺڻ، ڏيڻ، ملڻ,english,English → Sindhi,poll v,ووٽ وٺڻ ڏيڻ ملڻ,,SindhiLanguage.org,https://sindhilanguage.org/,Amar Fayaz Buriro (امر فياض ٻرڙو),Poll (v),Poll (v),HEADWORD_WITH_LABEL,HEADWORD_WITH_LABEL
slx_fa3dc69c392941c6,56545,Pollute (v),,,English → Sindhi,ناپاڪ ڪرڻ، خراب ڪرڻ، بگاڙڻ,english,English → Sindhi,pollute v,ناپاڪ ڪرڻ خراب ڪرڻ بگاڙڻ,,SindhiLanguage.org,https://sindhilanguage.org/,Amar Fayaz Buriro (امر فياض ٻرڙو),Pollute (v),Pollute (v),HEADWORD_WITH_LABEL,HEADWORD_WITH_LABEL
slx_3e7fec387842b7b3,56570,Ponder (v),,,English → Sindhi,خيال ڪرڻ، ويچار ڪرڻ، غور ڪرڻ,english,English → Sindhi,ponder v,خيال ڪرڻ ويچار ڪرڻ غور ڪرڻ,,SindhiLanguage.org,https://sindhilanguage.org/,Amar Fayaz Buriro (امر فياض ٻرڙو),Ponder (v),Ponder (v),HEADWORD_WITH_LABEL,HEADWORD_WITH_LABEL
slx_3344dd86adb38307,56593,Popularize (v),,,English → Sindhi,رواج ۾ آڻڻ، لوڪ پسند، عام ۾ ڦهلائڻ,english,English → Sindhi,popularize v,رواج آڻڻ لوڪ پسند عام ڦهلائڻ,,SindhiLanguage.org,https://sindhilanguage.org/,Amar Fayaz Buriro (امر فياض ٻرڙو),Popularize (v),Popularize (v),HEADWORD_WITH_LABEL,HEADWORD_WITH_LABEL
slx_d259c4d39eccf770,56596,Populate (v),,,English → Sindhi,وَسائڻ، آباد ڪرڻ,english,English → Sindhi,populate v,وسائڻ آباد ڪرڻ,,SindhiLanguage.org,https://sindhilanguage.org/,Amar Fayaz Buriro (امر فياض ٻرڙو),Populate (v),Populate (v),HEADWORD_WITH_LABEL,HEADWORD_WITH_LABEL
slx_1315cc8e185a82ee,56609,(Free port),,,English → Sindhi,بندر جتي محصول نه ڏيڻو پوي,english,English → Sindhi,free port,بندر جتي محصول نه ڏيڻو پوي,,SindhiLanguage.org,https://sindhilanguage.org/,Amar Fayaz Buriro (امر فياض ٻرڙو),(Free port),(Free port),PARENTHETICAL,PARENTHETICAL
slx_2881645c4ab156f5,56613,Portend (v),,,English → Sindhi,فال وجهڻ، اڳ چتاءُ ڏيڻ,english,English → Sindhi,portend v,فال وجهڻ اڳ چتاء ڏيڻ,,SindhiLanguage.org,https://sindhilanguage.org/,Amar Fayaz Buriro (امر فياض ٻرڙو),Portend (v),Portend (v),HEADWORD_WITH_LABEL,HEADWORD_WITH_LABEL
slx_2de7bb7a87ff9c7e,56621,Portrary (v),,,English → Sindhi,تصوير ڪڍڻ، لفظن ۾ چٽو بيان ڪرڻ,english,English → Sindhi,portrary v,تصوير ڪڍڻ لفظن چٽو بيان ڪرڻ,,SindhiLanguage.org,https://sindhilanguage.org/,Amar Fayaz Buriro (امر فياض ٻرڙو),Portrary (v),Portrary (v),HEADWORD_WITH_LABEL,HEADWORD_WITH_LABEL
slx_bd34e43986cc9f1c,56627,Possess (v),,,English → Sindhi,رکڻ، قبضو ڪرڻ، حاصل ڪرڻ,english,English → Sindhi,possess v,رکڻ قبضو ڪرڻ حاصل ڪرڻ,,SindhiLanguage.org,https://sindhilanguage.org/,Amar Fayaz Buriro (امر فياض ٻرڙو),Possess (v),Possess (v),HEADWORD_WITH_LABEL,HEADWORD_WITH_LABEL
slx_21a9bb2b8489e1ec,56635,Post (v),,,English → Sindhi,(داخلائون) کتائڻ، ٽپال ۾ وجهڻ، کڙو ڪرڻ چنبڙائڻ,english,English → Sindhi,post v,داخلائون کتائڻ ٽپال وجهڻ کڙو ڪرڻ چنبڙائڻ,,SindhiLanguage.org,https://sindhilanguage.org/,Amar Fayaz Buriro (امر فياض ٻرڙو),Post (v),Post (v),HEADWORD_WITH_LABEL,HEADWORD_WITH_LABEL
slx_c30b13b7956137d3,56652,Postpone (v),,,English → Sindhi,مهمل ڪرڻ، مهمل رکڻ,english,English → Sindhi,postpone v,مهمل ڪرڻ مهمل رکڻ,,SindhiLanguage.org,https://sindhilanguage.org/,Amar Fayaz Buriro (امر فياض ٻرڙو),Postpone (v),Postpone (v),HEADWORD_WITH_LABEL,HEADWORD_WITH_LABEL
slx_4dadf5ede64e1e75,56655,Postulate (v),,,English → Sindhi,ٺهراءُ ري دليل، فرضي دعويٰ قبول ڪرڻ، طلب، ڪرڻ، گهرڻ,english,English → Sindhi,postulate v,ٺهراء ري دليل فرضي دعوي قبول ڪرڻ طلب ڪرڻ گهرڻ,,SindhiLanguage.org,https://sindhilanguage.org/,Amar Fayaz Buriro (امر فياض ٻرڙو),Postulate (v),Postulate (v),HEADWORD_WITH_LABEL,HEADWORD_WITH_LABEL
slx_ea0306ba71c298ca,56660,(Cooking pot),,,English → Sindhi,ديڳڙو، هَنڊي,english,English → Sindhi,cooking pot,ديڳڙو هنڊي,,SindhiLanguage.org,https://sindhilanguage.org/,Amar Fayaz Buriro (امر فياض ٻرڙو),(Cooking pot),(Cooking pot),PARENTHETICAL,PARENTHETICAL
slx_ac41066bc6f83a81,56661,(Flower pot),,,English → Sindhi,ڦوُلداني,english,English → Sindhi,flower pot,ڦولداني,,SindhiLanguage.org,https://sindhilanguage.org/,Amar Fayaz Buriro (امر فياض ٻرڙو),(Flower pot),(Flower pot),PARENTHETICAL,PARENTHETICAL
slx_50fb309a2af0f17a,56684,Pound (v),,,English → Sindhi,ڪٽڻ، گهوٽڻ، ڇٿڻ,english,English → Sindhi,pound v,ڪٽڻ گهوٽڻ ڇٿڻ,,SindhiLanguage.org,https://sindhilanguage.org/,Amar Fayaz Buriro (امر فياض ٻرڙو),Pound (v),Pound (v),HEADWORD_WITH_LABEL,HEADWORD_WITH_LABEL
slx_3ff8621d86d4d80c,56699,(Small pox),,,English → Sindhi,وڏي ماتا، مائي، سيتلا,english,English → Sindhi,small pox,وڏي ماتا مائي سيتلا,,SindhiLanguage.org,https://sindhilanguage.org/,Amar Fayaz Buriro (امر فياض ٻرڙو),(Small pox),(Small pox),PARENTHETICAL,PARENTHETICAL
slx_97e2f79918a13c8b,56703,Practice (n),,,English → Sindhi,عادت، مشق، دستور، استعمال، عمل,english,English → Sindhi,practice n,عادت مشق دستور استعمال عمل,,SindhiLanguage.org,https://sindhilanguage.org/,Amar Fayaz Buriro (امر فياض ٻرڙو),Practice (n),Practice (n),HEADWORD_WITH_LABEL,HEADWORD_WITH_LABEL
slx_574d23dae18f5c74,56705,Practise (v),,,English → Sindhi,استعمال ڪرڻ، مشق ڪرڻ، عمل ڪرڻ,english,English → Sindhi,practise v,استعمال ڪرڻ مشق ڪرڻ عمل ڪرڻ,,SindhiLanguage.org,https://sindhilanguage.org/,Amar Fayaz Buriro (امر فياض ٻرڙو),Practise (v),Practise (v),HEADWORD_WITH_LABEL,HEADWORD_WITH_LABEL
slx_ae10ccd27a0729d4,56709,Praise (v),,,English → Sindhi,تعريف يا واکاڻ ڪرڻ، تعريف، ساراه,english,English → Sindhi,praise v,تعريف يا واکاڻ ڪرڻ تعريف ساراه,,SindhiLanguage.org,https://sindhilanguage.org/,Amar Fayaz Buriro (امر فياض ٻرڙو),Praise (v),Praise (v),HEADWORD_WITH_LABEL,HEADWORD_WITH_LABEL
slx_976b6e8c426df88a,56713,Prate (v),,,English → Sindhi,اجائي بڪ ڪرڻ، فضولي ڳالهائڻ، بڪ بڪ,english,English → Sindhi,prate v,اجائي بڪ ڪرڻ فضولي ڳالهائڻ بڪ بڪ,,SindhiLanguage.org,https://sindhilanguage.org/,Amar Fayaz Buriro (امر فياض ٻرڙو),Prate (v),Prate (v),HEADWORD_WITH_LABEL,HEADWORD_WITH_LABEL
slx_0967840cb6630ccc,56715,Prattle (v),,,English → Sindhi,اجائي، بڪ ڪرڻ، ٻارن وانگر ڳالهائڻ,english,English → Sindhi,prattle v,اجائي بڪ ڪرڻ ٻارن وانگر ڳالهائڻ,,SindhiLanguage.org,https://sindhilanguage.org/,Amar Fayaz Buriro (امر فياض ٻرڙو),Prattle (v),Prattle (v),HEADWORD_WITH_LABEL,HEADWORD_WITH_LABEL
slx_28b65c8c68d47b61,56718,Pray (v),,,English → Sindhi,عبادت ڪرڻ، عرض ڪرڻ، دعا گهرڻ,english,English → Sindhi,pray v,عبادت ڪرڻ عرض ڪرڻ دعا گهرڻ,,SindhiLanguage.org,https://sindhilanguage.org/,Amar Fayaz Buriro (امر فياض ٻرڙو),Pray (v),Pray (v),HEADWORD_WITH_LABEL,HEADWORD_WITH_LABEL
slx_aef7a368ada667d2,56730,Precede (v),,,English → Sindhi,اڳيان اچڻ يا هئڻ، اڳيان ٿيڻ,english,English → Sindhi,precede v,اڳيان اچڻ يا هئڻ اڳيان ٿيڻ,,SindhiLanguage.org,https://sindhilanguage.org/,Amar Fayaz Buriro (امر فياض ٻرڙو),Precede (v),Precede (v),HEADWORD_WITH_LABEL,HEADWORD_WITH_LABEL
slx_a2305d6dee92f686,56742,Precipitate (v),,,English → Sindhi,اجائي تڪڙ ڪرڻ، مٿي ڀر ڪيرائڻ,english,English → Sindhi,precipitate v,اجائي تڪڙ ڪرڻ مٿي ڀر ڪيرائڻ,,SindhiLanguage.org,https://sindhilanguage.org/,Amar Fayaz Buriro (امر فياض ٻرڙو),Precipitate (v),Precipitate (v),HEADWORD_WITH_LABEL,HEADWORD_WITH_LABEL
slx_9cc95445dc0e3f53,56749,Preclude (v),,,English → Sindhi,روڪڻ، منع ڪرڻ، بند ڪرڻ,english,English → Sindhi,preclude v,روڪڻ منع ڪرڻ بند ڪرڻ,,SindhiLanguage.org,https://sindhilanguage.org/,Amar Fayaz Buriro (امر فياض ٻرڙو),Preclude (v),Preclude (v),HEADWORD_WITH_LABEL,HEADWORD_WITH_LABEL
slx_37a72dffecdd3339,56753,Preconceive (v),,,English → Sindhi,اڳيئي راءِ قائم ڪرڻ، اڳيئي سمجهڻ,english,English → Sindhi,preconceive v,اڳيئي راء قائم ڪرڻ اڳيئي سمجهڻ,,SindhiLanguage.org,https://sindhilanguage.org/,Amar Fayaz Buriro (امر فياض ٻرڙو),Preconceive (v),Preconceive (v),HEADWORD_WITH_LABEL,HEADWORD_WITH_LABEL
slx_0fa8bde5cdc79106,56760,Predestinate (v),,,English → Sindhi,پهرين کان مقرر ڪرڻ، تقدير ۾ لکڻ، مقرر ڪرڻ,english,English → Sindhi,predestinate v,پهرين کان مقرر ڪرڻ تقدير لکڻ مقرر ڪرڻ,,SindhiLanguage.org,https://sindhilanguage.org/,Amar Fayaz Buriro (امر فياض ٻرڙو),Predestinate (v),Predestinate (v),HEADWORD_WITH_LABEL,HEADWORD_WITH_LABEL
slx_d07f456482fa1708,56765,Predicate (v),,adjective,English → Sindhi,صفت ڪرڻ، بيان ڪرڻ، خاصيت، خبر,english,English → Sindhi,predicate v,صفت ڪرڻ بيان ڪرڻ خاصيت خبر,,SindhiLanguage.org,https://sindhilanguage.org/,Amar Fayaz Buriro (امر فياض ٻرڙو),Predicate (v),Predicate (v),HEADWORD_WITH_LABEL,HEADWORD_WITH_LABEL
slx_3875a972b11b21cf,56766,Predict (v),,,English → Sindhi,اڳڪٿي ڪرڻ، اڳ ۾ ٻڌائڻ,english,English → Sindhi,predict v,اڳڪٿي ڪرڻ اڳ ٻڌائڻ,,SindhiLanguage.org,https://sindhilanguage.org/,Amar Fayaz Buriro (امر فياض ٻرڙو),Predict (v),Predict (v),HEADWORD_WITH_LABEL,HEADWORD_WITH_LABEL
slx_8a2fc1ff5e1e8916,56768,Predilect (v),,,English → Sindhi,پسند ڪرڻ، راغب ٿيڻ,english,English → Sindhi,predilect v,پسند ڪرڻ راغب ٿيڻ,,SindhiLanguage.org,https://sindhilanguage.org/,Amar Fayaz Buriro (امر فياض ٻرڙو),Predilect (v),Predilect (v),HEADWORD_WITH_LABEL,HEADWORD_WITH_LABEL
slx_2f8642699df207ff,56770,Predispose (v),,,English → Sindhi,اڳيئي اثر وجهڻ يا مائل ڪرڻ,english,English → Sindhi,predispose v,اڳيئي اثر وجهڻ يا مائل ڪرڻ,,SindhiLanguage.org,https://sindhilanguage.org/,Amar Fayaz Buriro (امر فياض ٻرڙو),Predispose (v),Predispose (v),HEADWORD_WITH_LABEL,HEADWORD_WITH_LABEL
slx_d8f6b5fddc2687ce,56774,Predminate (v),,,English → Sindhi,غالب ٿيڻ، زور هئڻ، اختيار ۾ هئڻ,english,English → Sindhi,predminate v,غالب ٿيڻ زور هئڻ اختيار هئڻ,,SindhiLanguage.org,https://sindhilanguage.org/,Amar Fayaz Buriro (امر فياض ٻرڙو),Predminate (v),Predminate (v),HEADWORD_WITH_LABEL,HEADWORD_WITH_LABEL
slx_0b47414c246afc02,56781,Prefer (v),,,English → Sindhi,وڌيڪ پسند ڪرڻ، (فرياد) ڪرڻ,english,English → Sindhi,prefer v,وڌيڪ پسند ڪرڻ فرياد ڪرڻ,,SindhiLanguage.org,https://sindhilanguage.org/,Amar Fayaz Buriro (امر فياض ٻرڙو),Prefer (v),Prefer (v),HEADWORD_WITH_LABEL,HEADWORD_WITH_LABEL
slx_23c21ab7b2b05e3f,56785,Prefix (v),,,English → Sindhi,اڳيان حرف وجهڻ، اڳيان وڌل حرف,english,English → Sindhi,prefix v,اڳيان حرف وجهڻ اڳيان وڌل حرف,,SindhiLanguage.org,https://sindhilanguage.org/,Amar Fayaz Buriro (امر فياض ٻرڙو),Prefix (v),Prefix (v),HEADWORD_WITH_LABEL,HEADWORD_WITH_LABEL
slx_832bb7bc3c7d2b89,56791,Prejudge (v),,,English → Sindhi,ٻڌڻ کان اڳ راءِ ٺاهڻ,english,English → Sindhi,prejudge v,ٻڌڻ کان اڳ راء ٺاهڻ,,SindhiLanguage.org,https://sindhilanguage.org/,Amar Fayaz Buriro (امر فياض ٻرڙو),Prejudge (v),Prejudge (v),HEADWORD_WITH_LABEL,HEADWORD_WITH_LABEL
slx_05979894e8cf2940,56792,Prejudicate (v),,,English → Sindhi,تعصبي فيصلو ڪرڻ,english,English → Sindhi,prejudicate v,تعصبي فيصلو ڪرڻ,,SindhiLanguage.org,https://sindhilanguage.org/,Amar Fayaz Buriro (امر فياض ٻرڙو),Prejudicate (v),Prejudicate (v),HEADWORD_WITH_LABEL,HEADWORD_WITH_LABEL
slx_518f4028397c8923,56801,Premeditate (v),,,English → Sindhi,اڳيئي ويچار ڪرڻ، اڳيئي رٿڻ,english,English → Sindhi,premeditate v,اڳيئي ويچار ڪرڻ اڳيئي رٿڻ,,SindhiLanguage.org,https://sindhilanguage.org/,Amar Fayaz Buriro (امر فياض ٻرڙو),Premeditate (v),Premeditate (v),HEADWORD_WITH_LABEL,HEADWORD_WITH_LABEL
slx_ed9093f07cc957ca,56806,Premise (v),,,English → Sindhi,ديباچو لکڻ يا چوڻ، اڳي سمجهائڻ,english,English → Sindhi,premise v,ديباچو لکڻ يا چوڻ اڳي سمجهائڻ,,SindhiLanguage.org,https://sindhilanguage.org/,Amar Fayaz Buriro (امر فياض ٻرڙو),Premise (v),Premise (v),HEADWORD_WITH_LABEL,HEADWORD_WITH_LABEL
slx_702c816d32a42a07,56809,(At a premium),,,English → Sindhi,واڌي,english,English → Sindhi,at a premium,واڌي,,SindhiLanguage.org,https://sindhilanguage.org/,Amar Fayaz Buriro (امر فياض ٻرڙو),(At a premium),(At a premium),PARENTHETICAL,PARENTHETICAL
slx_03a8f825d7272784,56813,Preoccupy (v),,,English → Sindhi,اڳيئي والارڻ يا قبضو ڪرڻ,english,English → Sindhi,preoccupy v,اڳيئي والارڻ يا قبضو ڪرڻ,,SindhiLanguage.org,https://sindhilanguage.org/,Amar Fayaz Buriro (امر فياض ٻرڙو),Preoccupy (v),Preoccupy (v),HEADWORD_WITH_LABEL,HEADWORD_WITH_LABEL
slx_c01fc9a37ac23062,56817,Prepare (v),,,English → Sindhi,تيار ڪرڻ، تياري ڪرڻ، سنبرڻ، ٺاهڻ,english,English → Sindhi,prepare v,تيار ڪرڻ تياري ڪرڻ سنبرڻ ٺاهڻ,,SindhiLanguage.org,https://sindhilanguage.org/,Amar Fayaz Buriro (امر فياض ٻرڙو),Prepare (v),Prepare (v),HEADWORD_WITH_LABEL,HEADWORD_WITH_LABEL
slx_618051ee86e448c7,56821,Preponderate (v),,,English → Sindhi,سرس ٿيڻ، گوءِ کڻڻ,english,English → Sindhi,preponderate v,سرس ٿيڻ گوء کڻڻ,,SindhiLanguage.org,https://sindhilanguage.org/,Amar Fayaz Buriro (امر فياض ٻرڙو),Preponderate (v),Preponderate (v),HEADWORD_WITH_LABEL,HEADWORD_WITH_LABEL
slx_21a649d0c8aa457a,56824,Prepossess (v),,,English → Sindhi,قبضو ڪرڻ، دل ڦيرائڻ، مائل ڪڻ,english,English → Sindhi,prepossess v,قبضو ڪرڻ دل ڦيرائڻ مائل ڪڻ,,SindhiLanguage.org,https://sindhilanguage.org/,Amar Fayaz Buriro (امر فياض ٻرڙو),Prepossess (v),Prepossess (v),HEADWORD_WITH_LABEL,HEADWORD_WITH_LABEL
slx_995adac4e35ea5ee,56829,Prescribed (v),,,English → Sindhi,مقرر ڪرڻ، ٺهراءُ نسخو لکڻ، هدايت ڪرڻ,english,English → Sindhi,prescribed v,مقرر ڪرڻ ٺهراء نسخو لکڻ هدايت ڪرڻ,,SindhiLanguage.org,https://sindhilanguage.org/,Amar Fayaz Buriro (امر فياض ٻرڙو),Prescribed (v),Prescribed (v),HEADWORD_WITH_LABEL,HEADWORD_WITH_LABEL
slx_f945c0857dea00ad,56836,Present (v),,,English → Sindhi,پيش ڪرڻ، حاضر ڪرڻ، نذرانو ڏيڻ، ملاقات ڪرائڻ,english,English → Sindhi,present v,پيش ڪرڻ حاضر ڪرڻ نذرانو ڏيڻ ملاقات ڪرائڻ,,SindhiLanguage.org,https://sindhilanguage.org/,Amar Fayaz Buriro (امر فياض ٻرڙو),Present (v),Present (v),HEADWORD_WITH_LABEL,HEADWORD_WITH_LABEL
slx_cec0c8ef7a9bd012,56844,Preserve (v),,,English → Sindhi,بچائڻ، محفوظ رکڻ، مربو يا آچار سنڌڻ,english,English → Sindhi,preserve v,بچائڻ محفوظ رکڻ مربو يا آچار سنڌڻ,,SindhiLanguage.org,https://sindhilanguage.org/,Amar Fayaz Buriro (امر فياض ٻرڙو),Preserve (v),Preserve (v),HEADWORD_WITH_LABEL,HEADWORD_WITH_LABEL
slx_613c697e5965c6ec,56846,Preside (v),,,English → Sindhi,صدارت سنڀالڻ، مير مجلس ٿيڻ,english,English → Sindhi,preside v,صدارت سنڀالڻ مير مجلس ٿيڻ,,SindhiLanguage.org,https://sindhilanguage.org/,Amar Fayaz Buriro (امر فياض ٻرڙو),Preside (v),Preside (v),HEADWORD_WITH_LABEL,HEADWORD_WITH_LABEL
slx_b9d515423f8edb25,56850,Press (v),,,English → Sindhi,دٻڻ، نپوڙڻ، مجبور ڪرڻ، تڪليف ڏيڻ، ڇاپڻ,english,English → Sindhi,press v,دٻڻ نپوڙڻ مجبور ڪرڻ تڪليف ڏيڻ ڇاپڻ,,SindhiLanguage.org,https://sindhilanguage.org/,Amar Fayaz Buriro (امر فياض ٻرڙو),Press (v),Press (v),HEADWORD_WITH_LABEL,HEADWORD_WITH_LABEL
slx_cffb29ac934ee169,56851,(The press),,,English → Sindhi,اخبار نويس، اخبارن وارا,english,English → Sindhi,the press,اخبار نويس اخبارن وارا,,SindhiLanguage.org,https://sindhilanguage.org/,Amar Fayaz Buriro (امر فياض ٻرڙو),(The press),(The press),PARENTHETICAL,PARENTHETICAL
slx_8c33a4e48ef19001,56857,Presume (v),,,English → Sindhi,فرض ڪرڻ، خيال ڪرڻ، نتيجو ڪڍڻ، جريت ڪرڻ,english,English → Sindhi,presume v,فرض ڪرڻ خيال ڪرڻ نتيجو ڪڍڻ جريت ڪرڻ,,SindhiLanguage.org,https://sindhilanguage.org/,Amar Fayaz Buriro (امر فياض ٻرڙو),Presume (v),Presume (v),HEADWORD_WITH_LABEL,HEADWORD_WITH_LABEL
slx_066189866f8600ee,56861,Presuppose (v),,,English → Sindhi,اڳيئي فرض ڪرڻ،ا ڳيئي قبول ڪرڻ,english,English → Sindhi,presuppose v,اڳيئي فرض ڪرڻ ا ڳيئي قبول ڪرڻ,,SindhiLanguage.org,https://sindhilanguage.org/,Amar Fayaz Buriro (امر فياض ٻرڙو),Presuppose (v),Presuppose (v),HEADWORD_WITH_LABEL,HEADWORD_WITH_LABEL
slx_80d934649a8dccb7,56864,Pretend (v),,,English → Sindhi,بهانو ي ڍونگ ڪرڻ، دعويٰ ڪرڻ,english,English → Sindhi,pretend v,بهانو ي ڍونگ ڪرڻ دعوي ڪرڻ,,SindhiLanguage.org,https://sindhilanguage.org/,Amar Fayaz Buriro (امر فياض ٻرڙو),Pretend (v),Pretend (v),HEADWORD_WITH_LABEL,HEADWORD_WITH_LABEL
slx_7973e2b70bbe2ed2,56874,Prevail (v),,,English → Sindhi,هلڻ، چالو هئڻ، غالب پوڻ، مڃائڻ,english,English → Sindhi,prevail v,هلڻ چالو هئڻ غالب پوڻ مڃائڻ,,SindhiLanguage.org,https://sindhilanguage.org/,Amar Fayaz Buriro (امر فياض ٻرڙو),Prevail (v),Prevail (v),HEADWORD_WITH_LABEL,HEADWORD_WITH_LABEL
slx_1cbc5b54deb339f1,56878,Prevaricate (v),,,English → Sindhi,زبان ڦيرائڻ، نٽائڻ، گوٿناٿ ڪرڻ,english,English → Sindhi,prevaricate v,زبان ڦيرائڻ نٽائڻ گوٿناٿ ڪرڻ,,SindhiLanguage.org,https://sindhilanguage.org/,Amar Fayaz Buriro (امر فياض ٻرڙو),Prevaricate (v),Prevaricate (v),HEADWORD_WITH_LABEL,HEADWORD_WITH_LABEL
slx_21f4cff7686638e1,56880,Prevent (v),,,English → Sindhi,منع ڪرڻ، روڪڻ، اعتراض ڪرڻ,english,English → Sindhi,prevent v,منع ڪرڻ روڪڻ اعتراض ڪرڻ,,SindhiLanguage.org,https://sindhilanguage.org/,Amar Fayaz Buriro (امر فياض ٻرڙو),Prevent (v),Prevent (v),HEADWORD_WITH_LABEL,HEADWORD_WITH_LABEL
slx_2b732ba0d35b5778,56886,Prewarn (v),,,English → Sindhi,اڳيئي خبردار ڪرڻ,english,English → Sindhi,prewarn v,اڳيئي خبردار ڪرڻ,,SindhiLanguage.org,https://sindhilanguage.org/,Amar Fayaz Buriro (امر فياض ٻرڙو),Prewarn (v),Prewarn (v),HEADWORD_WITH_LABEL,HEADWORD_WITH_LABEL
slx_400e800e93fe90a1,56887,Prey (v),,,English → Sindhi,شڪار ڪرڻ، ڦرڻ، لٽ، شڪار,english,English → Sindhi,prey v,شڪار ڪرڻ ڦرڻ لٽ شڪار,,SindhiLanguage.org,https://sindhilanguage.org/,Amar Fayaz Buriro (امر فياض ٻرڙو),Prey (v),Prey (v),HEADWORD_WITH_LABEL,HEADWORD_WITH_LABEL
slx_2f168348726b0042,56893,Prick (v),,,English → Sindhi,ٽنبڻ، چڀائڻ، چوڪڻ، چوڪ,english,English → Sindhi,prick v,ٽنبڻ چڀائڻ چوڪڻ چوڪ,,SindhiLanguage.org,https://sindhilanguage.org/,Amar Fayaz Buriro (امر فياض ٻرڙو),Prick (v),Prick (v),HEADWORD_WITH_LABEL,HEADWORD_WITH_LABEL
slx_bdbfe9ffa701e7be,56921,Print (v),,,English → Sindhi,ڇاپڻ، ٺپڻ، ڄمائڻ، ڇاپو، نقش، نشان,english,English → Sindhi,print v,ڇاپڻ ٺپڻ ڄمائڻ ڇاپو نقش نشان,,SindhiLanguage.org,https://sindhilanguage.org/,Amar Fayaz Buriro (امر فياض ٻرڙو),Print (v),Print (v),HEADWORD_WITH_LABEL,HEADWORD_WITH_LABEL
slx_89b825028d2890b3,56923,(Out of print),,,English → Sindhi,وڪامي ويل,english,English → Sindhi,out of print,وڪامي ويل,,SindhiLanguage.org,https://sindhilanguage.org/,Amar Fayaz Buriro (امر فياض ٻرڙو),(Out of print),(Out of print),PARENTHETICAL,PARENTHETICAL
slx_c3d602d9419076af,56936,(In private),,,English → Sindhi,نويڪلائيءَ ۾، خانگي طرح، پوشيدو,english,English → Sindhi,in private,نويڪلائيء خانگي طرح پوشيدو,,SindhiLanguage.org,https://sindhilanguage.org/,Amar Fayaz Buriro (امر فياض ٻرڙو),(In private),(In private),PARENTHETICAL,PARENTHETICAL
slx_6e30571edc2e5542,56941,(Writ of privilege),,,English → Sindhi,قيديءَ کي آزاد ڪرڻ جو پروانو,english,English → Sindhi,writ of privilege,قيديء کي آزاد ڪرڻ جو پروانو,,SindhiLanguage.org,https://sindhilanguage.org/,Amar Fayaz Buriro (امر فياض ٻرڙو),(Writ of privilege),(Writ of privilege),PARENTHETICAL,PARENTHETICAL
slx_8d032fc8a934f016,56949,(To weigh pro and cons),,,English → Sindhi,آڳو پيڇو ڳڻڻ، اڳ پوءِ ڏسڻ,english,English → Sindhi,to weigh pro and cons,آڳو پيڇو ڳڻڻ اڳ پوء ڏسڻ,,SindhiLanguage.org,https://sindhilanguage.org/,Amar Fayaz Buriro (امر فياض ٻرڙو),(To weigh pro and cons),(To weigh pro and cons),PARENTHETICAL,PARENTHETICAL
slx_5d29aed73381cbc0,56951,(In all probability),,,English → Sindhi,گهڻو ڪري، اڪثر ڪري,english,English → Sindhi,in all probability,گهڻو ڪري اڪثر ڪري,,SindhiLanguage.org,https://sindhilanguage.org/,Amar Fayaz Buriro (امر فياض ٻرڙو),(In all probability),(In all probability),PARENTHETICAL,PARENTHETICAL
slx_213273843d58b101,56958,Probe (v),,,English → Sindhi,ڦٽ ڏسڻ جو اوزار، چڱيءَ طرح ڏسڻ,english,English → Sindhi,probe v,ڦٽ ڏسڻ جو اوزار چڱيء طرح ڏسڻ,,SindhiLanguage.org,https://sindhilanguage.org/,Amar Fayaz Buriro (امر فياض ٻرڙو),Probe (v),Probe (v),HEADWORD_WITH_LABEL,HEADWORD_WITH_LABEL
slx_c0f77d6afde713e9,56965,Proceed (v),,,English → Sindhi,هلڻ، نڪرڻ، وڃڻ، ڪارروائي ڪرڻ,english,English → Sindhi,proceed v,هلڻ نڪرڻ وڃڻ ڪارروائي ڪرڻ,,SindhiLanguage.org,https://sindhilanguage.org/,Amar Fayaz Buriro (امر فياض ٻرڙو),Proceed (v),Proceed (v),HEADWORD_WITH_LABEL,HEADWORD_WITH_LABEL
slx_8c5d208d283a64b2,56967,(Interlocutory proceedings),,,English → Sindhi,حڪم درمياني,english,English → Sindhi,interlocutory proceedings,حڪم درمياني,,SindhiLanguage.org,https://sindhilanguage.org/,Amar Fayaz Buriro (امر فياض ٻرڙو),(Interlocutory proceedings),(Interlocutory proceedings),PARENTHETICAL,PARENTHETICAL
slx_5e37002ce1dbee18,56970,(Sale proceeds),,,English → Sindhi,وڪري مان اُپت، وڪري جي رقم يا وصولي,english,English → Sindhi,sale proceeds,وڪري مان اپت وڪري جي رقم يا وصولي,,SindhiLanguage.org,https://sindhilanguage.org/,Amar Fayaz Buriro (امر فياض ٻرڙو),(Sale proceeds),(Sale proceeds),PARENTHETICAL,PARENTHETICAL
slx_4922e7870a3fe7b3,56972,(In process of time),,,English → Sindhi,جيئن وقت گذرندو ويندو,english,English → Sindhi,in process of time,جيئن وقت گذرندو ويندو,,SindhiLanguage.org,https://sindhilanguage.org/,Amar Fayaz Buriro (امر فياض ٻرڙو),(In process of time),(In process of time),PARENTHETICAL,PARENTHETICAL
slx_95dea76d64024467,56974,Proclaim (v),,,English → Sindhi,اعلان ڪرڻ، مشهور ڪرڻ، پڙهو گهمائڻ,english,English → Sindhi,proclaim v,اعلان ڪرڻ مشهور ڪرڻ پڙهو گهمائڻ,,SindhiLanguage.org,https://sindhilanguage.org/,Amar Fayaz Buriro (امر فياض ٻرڙو),Proclaim (v),Proclaim (v),HEADWORD_WITH_LABEL,HEADWORD_WITH_LABEL
slx_de4b0f10883cfdab,56977,Procrastinate (v),,,English → Sindhi,ٽارڻ، اڄ سڀان ڪرڻ، ملتوي يا دير ڪرڻ,english,English → Sindhi,procrastinate v,ٽارڻ اڄ سڀان ڪرڻ ملتوي يا دير ڪرڻ,,SindhiLanguage.org,https://sindhilanguage.org/,Amar Fayaz Buriro (امر فياض ٻرڙو),Procrastinate (v),Procrastinate (v),HEADWORD_WITH_LABEL,HEADWORD_WITH_LABEL
slx_307047ee101a0deb,56979,Procreate (v),,,English → Sindhi,ڄڻڻ، اُپائڻ، پيدا ڪرڻ، ٻار ڏيڻ,english,English → Sindhi,procreate v,ڄڻڻ اپائڻ پيدا ڪرڻ ٻار ڏيڻ,,SindhiLanguage.org,https://sindhilanguage.org/,Amar Fayaz Buriro (امر فياض ٻرڙو),Procreate (v),Procreate (v),HEADWORD_WITH_LABEL,HEADWORD_WITH_LABEL
slx_8ce4f1a29b938d97,56983,Procure (v),,,English → Sindhi,حاصل يا هٿ ڪرڻ، ڌوتپڻ ڪمائڻ,english,English → Sindhi,procure v,حاصل يا هٿ ڪرڻ ڌوتپڻ ڪمائڻ,,SindhiLanguage.org,https://sindhilanguage.org/,Amar Fayaz Buriro (امر فياض ٻرڙو),Procure (v),Procure (v),HEADWORD_WITH_LABEL,HEADWORD_WITH_LABEL
slx_db9617cfc10fe894,56986,Prod (v),,,English → Sindhi,ٽنبڻ، چوڪ ڏيڻ,english,English → Sindhi,prod v,ٽنبڻ چوڪ ڏيڻ,,SindhiLanguage.org,https://sindhilanguage.org/,Amar Fayaz Buriro (امر فياض ٻرڙو),Prod (v),Prod (v),HEADWORD_WITH_LABEL,HEADWORD_WITH_LABEL
slx_b439c2fb922e0161,56991,Produce (v),,,English → Sindhi,پيدا يا حاضر ڪرڻ، پيدائش، اُپت، آمدني,english,English → Sindhi,produce v,پيدا يا حاضر ڪرڻ پيدائش اپت آمدني,,SindhiLanguage.org,https://sindhilanguage.org/,Amar Fayaz Buriro (امر فياض ٻرڙو),Produce (v),Produce (v),HEADWORD_WITH_LABEL,HEADWORD_WITH_LABEL
slx_c94d6c7b5c34bd84,56998,Profess (v),,,English → Sindhi,قبول ڪرڻ، دعويٰ رکڻ، اقرار ڪرڻ، ظاهر ڪرڻ,english,English → Sindhi,profess v,قبول ڪرڻ دعوي رکڻ اقرار ڪرڻ ظاهر ڪرڻ,,SindhiLanguage.org,https://sindhilanguage.org/,Amar Fayaz Buriro (امر فياض ٻرڙو),Profess (v),Profess (v),HEADWORD_WITH_LABEL,HEADWORD_WITH_LABEL
slx_3db0aab75a922ed0,57003,Proffer (v),,,English → Sindhi,آڇڻ، پيش ڪرڻ، نذر رکڻ، عرضي، تجويز,english,English → Sindhi,proffer v,آڇڻ پيش ڪرڻ نذر رکڻ عرضي تجويز,,SindhiLanguage.org,https://sindhilanguage.org/,Amar Fayaz Buriro (امر فياض ٻرڙو),Proffer (v),Proffer (v),HEADWORD_WITH_LABEL,HEADWORD_WITH_LABEL
slx_26d65c8fd76c8444,57019,Progenerate (v),,,English → Sindhi,ڄڻڻ، پيدا ڪرڻ,english,English → Sindhi,progenerate v,ڄڻڻ پيدا ڪرڻ,,SindhiLanguage.org,https://sindhilanguage.org/,Amar Fayaz Buriro (امر فياض ٻرڙو),Progenerate (v),Progenerate (v),HEADWORD_WITH_LABEL,HEADWORD_WITH_LABEL
slx_4320104951e3b84e,57031,Prohibit (v),,,English → Sindhi,منع ڪرڻ، روڪڻ، جهلڻ,english,English → Sindhi,prohibit v,منع ڪرڻ روڪڻ جهلڻ,,SindhiLanguage.org,https://sindhilanguage.org/,Amar Fayaz Buriro (امر فياض ٻرڙو),Prohibit (v),Prohibit (v),HEADWORD_WITH_LABEL,HEADWORD_WITH_LABEL
slx_f8952785ba3ffd14,57035,Project (v),,,English → Sindhi,رٿڻ، سٽڻ، نڪري بيهڻ، اڳياڻ اڇلڻ,english,English → Sindhi,project v,رٿڻ سٽڻ نڪري بيهڻ اڳياڻ اڇلڻ,,SindhiLanguage.org,https://sindhilanguage.org/,Amar Fayaz Buriro (امر فياض ٻرڙو),Project (v),Project (v),HEADWORD_WITH_LABEL,HEADWORD_WITH_LABEL
slx_7a61f203efc7e768,57045,Prolong (v),,,English → Sindhi,ملتوي ڪرڻ، ڊگهو ڪرڻ، وڌائڻ، جاري رکڻ,english,English → Sindhi,prolong v,ملتوي ڪرڻ ڊگهو ڪرڻ وڌائڻ جاري رکڻ,,SindhiLanguage.org,https://sindhilanguage.org/,Amar Fayaz Buriro (امر فياض ٻرڙو),Prolong (v),Prolong (v),HEADWORD_WITH_LABEL,HEADWORD_WITH_LABEL
slx_e8d0218487dfc729,57051,Promise (v),,,English → Sindhi,انجام ڪرڻ، وعدو ڪرڻ، دلاسو ڏيڻ (انجام ٻول),english,English → Sindhi,promise v,انجام ڪرڻ وعدو ڪرڻ دلاسو ڏيڻ انجام ٻول,,SindhiLanguage.org,https://sindhilanguage.org/,Amar Fayaz Buriro (امر فياض ٻرڙو),Promise (v),Promise (v),HEADWORD_WITH_LABEL,HEADWORD_WITH_LABEL
slx_6082ddda5216502f,57057,Promote (v),,,English → Sindhi,اضافو ڏيڻ، وڌائڻ، واڌارو ڏيڻ,english,English → Sindhi,promote v,اضافو ڏيڻ وڌائڻ واڌارو ڏيڻ,,SindhiLanguage.org,https://sindhilanguage.org/,Amar Fayaz Buriro (امر فياض ٻرڙو),Promote (v),Promote (v),HEADWORD_WITH_LABEL,HEADWORD_WITH_LABEL
slx_bb648ed5b3dbd422,57064,Promulgate (v),,,English → Sindhi,ڦهلائڻ، مشهور ڪرڻ، شايع ڪرڻ,english,English → Sindhi,promulgate v,ڦهلائڻ مشهور ڪرڻ شايع ڪرڻ,,SindhiLanguage.org,https://sindhilanguage.org/,Amar Fayaz Buriro (امر فياض ٻرڙو),Promulgate (v),Promulgate (v),HEADWORD_WITH_LABEL,HEADWORD_WITH_LABEL
slx_be6e2948a8d387d7,57071,Pronounce (v),,,English → Sindhi,اُچارڻ، چوڻ، فتويٰ ڏيڻ، ظاهر ڪرڻ,english,English → Sindhi,pronounce v,اچارڻ چوڻ فتوي ڏيڻ ظاهر ڪرڻ,,SindhiLanguage.org,https://sindhilanguage.org/,Amar Fayaz Buriro (امر فياض ٻرڙو),Pronounce (v),Pronounce (v),HEADWORD_WITH_LABEL,HEADWORD_WITH_LABEL
slx_8e2426be452c926c,57080,Propagate (v),,,English → Sindhi,پيدا ڪرڻ، وڌائڻ، پکيڙڻ، زور وٺائڻ,english,English → Sindhi,propagate v,پيدا ڪرڻ وڌائڻ پکيڙڻ زور وٺائڻ,,SindhiLanguage.org,https://sindhilanguage.org/,Amar Fayaz Buriro (امر فياض ٻرڙو),Propagate (v),Propagate (v),HEADWORD_WITH_LABEL,HEADWORD_WITH_LABEL
slx_3e5469123c7dfebd,57082,Propel (v),,,English → Sindhi,اڳتي ڌڪڻ، اڳتي ڪاهڻ، هلائڻ,english,English → Sindhi,propel v,اڳتي ڌڪڻ اڳتي ڪاهڻ هلائڻ,,SindhiLanguage.org,https://sindhilanguage.org/,Amar Fayaz Buriro (امر فياض ٻرڙو),Propel (v),Propel (v),HEADWORD_WITH_LABEL,HEADWORD_WITH_LABEL
slx_264be7012480012c,57084,Propend (v),,,English → Sindhi,لاڙو رکڻ، رغبت رکڻ,english,English → Sindhi,propend v,لاڙو رکڻ رغبت رکڻ,,SindhiLanguage.org,https://sindhilanguage.org/,Amar Fayaz Buriro (امر فياض ٻرڙو),Propend (v),Propend (v),HEADWORD_WITH_LABEL,HEADWORD_WITH_LABEL
slx_9d31e4609516ac9a,57090,(Immovable Property),,,English → Sindhi,غير متحرڪ ملڪيت,english,English → Sindhi,immovable property,غير متحرڪ ملڪيت,,SindhiLanguage.org,https://sindhilanguage.org/,Amar Fayaz Buriro (امر فياض ٻرڙو),(Immovable Property),(Immovable Property),PARENTHETICAL,PARENTHETICAL
slx_900505ca4fa9f1ca,57091,(Movable Property),,,English → Sindhi,متحرڪ ملڪيت,english,English → Sindhi,movable property,متحرڪ ملڪيت,,SindhiLanguage.org,https://sindhilanguage.org/,Amar Fayaz Buriro (امر فياض ٻرڙو),(Movable Property),(Movable Property),PARENTHETICAL,PARENTHETICAL
slx_ac2e5dbf3651c241,57096,Propitiate (v),,,English → Sindhi,راضي ڪرڻ، ريجهائڻ، خوش ڪرڻ,english,English → Sindhi,propitiate v,راضي ڪرڻ ريجهائڻ خوش ڪرڻ,,SindhiLanguage.org,https://sindhilanguage.org/,Amar Fayaz Buriro (امر فياض ٻرڙو),Propitiate (v),Propitiate (v),HEADWORD_WITH_LABEL,HEADWORD_WITH_LABEL
slx_c393626641e6e981,57104,Propose (v),,,English → Sindhi,رٿڻ، صلاح ڪرڻ، پيش ڪرڻ، سڱ چوڻ,english,English → Sindhi,propose v,رٿڻ صلاح ڪرڻ پيش ڪرڻ سڱ چوڻ,,SindhiLanguage.org,https://sindhilanguage.org/,Amar Fayaz Buriro (امر فياض ٻرڙو),Propose (v),Propose (v),HEADWORD_WITH_LABEL,HEADWORD_WITH_LABEL
slx_0cb11a7656689a85,57106,Propound (v),,,English → Sindhi,تجويز ڪرڻ، رٿڻ، ٻڌائڻ,english,English → Sindhi,propound v,تجويز ڪرڻ رٿڻ ٻڌائڻ,,SindhiLanguage.org,https://sindhilanguage.org/,Amar Fayaz Buriro (امر فياض ٻرڙو),Propound (v),Propound (v),HEADWORD_WITH_LABEL,HEADWORD_WITH_LABEL
slx_5d23745fc996f474,57113,Prorogate (v),,,English → Sindhi,مهمل يا برخواست ڪرڻ,english,English → Sindhi,prorogate v,مهمل يا برخواست ڪرڻ,,SindhiLanguage.org,https://sindhilanguage.org/,Amar Fayaz Buriro (امر فياض ٻرڙو),Prorogate (v),Prorogate (v),HEADWORD_WITH_LABEL,HEADWORD_WITH_LABEL
slx_f1213c846cfad2b3,57114,Prorogue (v),,,English → Sindhi,دير ڪرڻ، ملتوي ڪرڻ، مهمل ڪرڻ,english,English → Sindhi,prorogue v,دير ڪرڻ ملتوي ڪرڻ مهمل ڪرڻ,,SindhiLanguage.org,https://sindhilanguage.org/,Amar Fayaz Buriro (امر فياض ٻرڙو),Prorogue (v),Prorogue (v),HEADWORD_WITH_LABEL,HEADWORD_WITH_LABEL
slx_a5252d629c2b8837,57116,Proscribe (v),,,English → Sindhi,شهر نيڪالي ڏيڻ، ڏوهاري ٺهرائڻ، منع ڪرڻ,english,English → Sindhi,proscribe v,شهر نيڪالي ڏيڻ ڏوهاري ٺهرائڻ منع ڪرڻ,,SindhiLanguage.org,https://sindhilanguage.org/,Amar Fayaz Buriro (امر فياض ٻرڙو),Proscribe (v),Proscribe (v),HEADWORD_WITH_LABEL,HEADWORD_WITH_LABEL
slx_267a5c0975410c93,57119,Prosecute (v),,,English → Sindhi,مقدمو ڪرڻ، جاري رکڻ، پٺيان پوڻ,english,English → Sindhi,prosecute v,مقدمو ڪرڻ جاري رکڻ پٺيان پوڻ,,SindhiLanguage.org,https://sindhilanguage.org/,Amar Fayaz Buriro (امر فياض ٻرڙو),Prosecute (v),Prosecute (v),HEADWORD_WITH_LABEL,HEADWORD_WITH_LABEL
slx_00be63b05c273a84,57129,Prosper (v),,,English → Sindhi,ڪامياب ٿيڻ، سائو ٿيڻ، وڌڻ ويجهڻ,english,English → Sindhi,prosper v,ڪامياب ٿيڻ سائو ٿيڻ وڌڻ ويجهڻ,,SindhiLanguage.org,https://sindhilanguage.org/,Amar Fayaz Buriro (امر فياض ٻرڙو),Prosper (v),Prosper (v),HEADWORD_WITH_LABEL,HEADWORD_WITH_LABEL
slx_d74a7133299e5fbc,57138,Protect (v),,,English → Sindhi,بچائڻ، حفاظت ڪرڻ، حمايت ڪرڻ,english,English → Sindhi,protect v,بچائڻ حفاظت ڪرڻ حمايت ڪرڻ,,SindhiLanguage.org,https://sindhilanguage.org/,Amar Fayaz Buriro (امر فياض ٻرڙو),Protect (v),Protect (v),HEADWORD_WITH_LABEL,HEADWORD_WITH_LABEL
slx_3b15ea15a76ec9c4,57143,Protest (v),,,English → Sindhi,اعتراض ڪرڻ، ظاهر ڪرڻ، ايمان سان چوڻ، اعتراض,english,English → Sindhi,protest v,اعتراض ڪرڻ ظاهر ڪرڻ ايمان سان چوڻ اعتراض,,SindhiLanguage.org,https://sindhilanguage.org/,Amar Fayaz Buriro (امر فياض ٻرڙو),Protest (v),Protest (v),HEADWORD_WITH_LABEL,HEADWORD_WITH_LABEL
slx_de42c47b6de883b8,57148,Protract (v),,,English → Sindhi,ڊگهو ڪرڻ، دير ڪرڻ، وڌائڻ,english,English → Sindhi,protract v,ڊگهو ڪرڻ دير ڪرڻ وڌائڻ,,SindhiLanguage.org,https://sindhilanguage.org/,Amar Fayaz Buriro (امر فياض ٻرڙو),Protract (v),Protract (v),HEADWORD_WITH_LABEL,HEADWORD_WITH_LABEL
slx_5e7d422fafa9688c,57151,Protrude (v),,,English → Sindhi,ڌڪا ڏيڻ، ٻاهر ڪڍڻ,english,English → Sindhi,protrude v,ڌڪا ڏيڻ ٻاهر ڪڍڻ,,SindhiLanguage.org,https://sindhilanguage.org/,Amar Fayaz Buriro (امر فياض ٻرڙو),Protrude (v),Protrude (v),HEADWORD_WITH_LABEL,HEADWORD_WITH_LABEL
slx_737a35cc816d309b,57155,Prove (v),,,English → Sindhi,ثابت ڪرڻ، آزمائڻ,english,English → Sindhi,prove v,ثابت ڪرڻ آزمائڻ,,SindhiLanguage.org,https://sindhilanguage.org/,Amar Fayaz Buriro (امر فياض ٻرڙو),Prove (v),Prove (v),HEADWORD_WITH_LABEL,HEADWORD_WITH_LABEL
slx_58a5a1b7cffe26e3,57159,Provide (v),,,English → Sindhi,ڏيڻ، تيار رکڻ، موجود ڪرڻ، شرط ڪرڻ,english,English → Sindhi,provide v,ڏيڻ تيار رکڻ موجود ڪرڻ شرط ڪرڻ,,SindhiLanguage.org,https://sindhilanguage.org/,Amar Fayaz Buriro (امر فياض ٻرڙو),Provide (v),Provide (v),HEADWORD_WITH_LABEL,HEADWORD_WITH_LABEL
slx_0fafee3259f72911,57174,Provoke (v),,,English → Sindhi,چڙ ڏيارڻ، ناراض ڪرڻ، ڪاوڙائڻ، کڙو ڪرڻ,english,English → Sindhi,provoke v,چڙ ڏيارڻ ناراض ڪرڻ ڪاوڙائڻ کڙو ڪرڻ,,SindhiLanguage.org,https://sindhilanguage.org/,Amar Fayaz Buriro (امر فياض ٻرڙو),Provoke (v),Provoke (v),HEADWORD_WITH_LABEL,HEADWORD_WITH_LABEL
slx_2e1791d6fc69101f,57179,Prowl (v),,,English → Sindhi,شڪار يا ڦرلاءِ گهمڻ,english,English → Sindhi,prowl v,شڪار يا ڦرلاء گهمڻ,,SindhiLanguage.org,https://sindhilanguage.org/,Amar Fayaz Buriro (امر فياض ٻرڙو),Prowl (v),Prowl (v),HEADWORD_WITH_LABEL,HEADWORD_WITH_LABEL
slx_bdd50d7a21bdd60c,57187,Prune (v),,,English → Sindhi,وڍڻ، گهڙڻ، ڇانٽ ڪرڻ,english,English → Sindhi,prune v,وڍڻ گهڙڻ ڇانٽ ڪرڻ,,SindhiLanguage.org,https://sindhilanguage.org/,Amar Fayaz Buriro (امر فياض ٻرڙو),Prune (v),Prune (v),HEADWORD_WITH_LABEL,HEADWORD_WITH_LABEL
slx_2bbf6b633f696e9a,57188,Pry (v),,,English → Sindhi,تپاسڻ، جاچي ڏسڻ، نوسڻ,english,English → Sindhi,pry v,تپاسڻ جاچي ڏسڻ نوسڻ,,SindhiLanguage.org,https://sindhilanguage.org/,Amar Fayaz Buriro (امر فياض ٻرڙو),Pry (v),Pry (v),HEADWORD_WITH_LABEL,HEADWORD_WITH_LABEL
slx_c4e210c9675f5f7f,57206,Publish (v),,,English → Sindhi,شايع ڪرڻ، پڌرو ڪرڻ، ڇپائڻ، عام ڪرڻ,english,English → Sindhi,publish v,شايع ڪرڻ پڌرو ڪرڻ ڇپائڻ عام ڪرڻ,,SindhiLanguage.org,https://sindhilanguage.org/,Amar Fayaz Buriro (امر فياض ٻرڙو),Publish (v),Publish (v),HEADWORD_WITH_LABEL,HEADWORD_WITH_LABEL
slx_5d0041e34a9615eb,57208,Pucker (v),,,English → Sindhi,چڻڻ، تهه ڪرڻ، گهنج، مونجهارو,english,English → Sindhi,pucker v,چڻڻ تهه ڪرڻ گهنج مونجهارو,,SindhiLanguage.org,https://sindhilanguage.org/,Amar Fayaz Buriro (امر فياض ٻرڙو),Pucker (v),Pucker (v),HEADWORD_WITH_LABEL,HEADWORD_WITH_LABEL
slx_04451d31e3efe198,57216,(Have a puff),,,English → Sindhi,ڦوڪ ڀر، ٻيڙي ڇڪ، ڌم هڻ,english,English → Sindhi,have a puff,ڦوڪ ڀر ٻيڙي ڇڪ ڌم هڻ,,SindhiLanguage.org,https://sindhilanguage.org/,Amar Fayaz Buriro (امر فياض ٻرڙو),(Have a puff),(Have a puff),PARENTHETICAL,PARENTHETICAL
slx_3b1f0c6e8cc761c2,57227,Puke (v),,,English → Sindhi,اُلٽي ڪرڻ، اُلٽي، قي,english,English → Sindhi,puke v,الٽي ڪرڻ الٽي قي,,SindhiLanguage.org,https://sindhilanguage.org/,Amar Fayaz Buriro (امر فياض ٻرڙو),Puke (v),Puke (v),HEADWORD_WITH_LABEL,HEADWORD_WITH_LABEL
slx_b5d77d194966bef6,57228,Pule (v),,,English → Sindhi,ٻار وانگر روئڻ,english,English → Sindhi,pule v,ٻار وانگر روئڻ,,SindhiLanguage.org,https://sindhilanguage.org/,Amar Fayaz Buriro (امر فياض ٻرڙو),Pule (v),Pule (v),HEADWORD_WITH_LABEL,HEADWORD_WITH_LABEL
slx_681d6aded956ff0f,57229,Pull (v),,,English → Sindhi,ڇڪڻ، اکيڙڻ، ڇنڻ، ڇڪتاڻ، ڇڪ,english,English → Sindhi,pull v,ڇڪڻ اکيڙڻ ڇنڻ ڇڪتاڻ ڇڪ,,SindhiLanguage.org,https://sindhilanguage.org/,Amar Fayaz Buriro (امر فياض ٻرڙو),Pull (v),Pull (v),HEADWORD_WITH_LABEL,HEADWORD_WITH_LABEL
slx_9bde57a2fdc50282,57230,(To pull down),,,English → Sindhi,ڊاهڻ، ڪيرائڻ گهٽائڻ,english,English → Sindhi,to pull down,ڊاهڻ ڪيرائڻ گهٽائڻ,,SindhiLanguage.org,https://sindhilanguage.org/,Amar Fayaz Buriro (امر فياض ٻرڙو),(To pull down),(To pull down),PARENTHETICAL,PARENTHETICAL
slx_194e5e8aa06b643f,57231,(To pull off),,,English → Sindhi,لنگهي پار پوڻ، لڪ لنگهڻ يا لنگهائڻ,english,English → Sindhi,to pull off,لنگهي پار پوڻ لڪ لنگهڻ يا لنگهائڻ,,SindhiLanguage.org,https://sindhilanguage.org/,Amar Fayaz Buriro (امر فياض ٻرڙو),(To pull off),(To pull off),PARENTHETICAL,PARENTHETICAL
slx_f066f80330349bef,57232,(To pull through),,,English → Sindhi,ٽوڙڻ، (ڪپڙا) لاهڻ,english,English → Sindhi,to pull through,ٽوڙڻ ڪپڙا لاهڻ,,SindhiLanguage.org,https://sindhilanguage.org/,Amar Fayaz Buriro (امر فياض ٻرڙو),(To pull through),(To pull through),PARENTHETICAL,PARENTHETICAL
slx_c707ae1dd9bf919e,57233,(To pull to pieces),,,English → Sindhi,ٽڪر ٽڪر ڪرڻ,english,English → Sindhi,to pull to pieces,ٽڪر ٽڪر ڪرڻ,,SindhiLanguage.org,https://sindhilanguage.org/,Amar Fayaz Buriro (امر فياض ٻرڙو),(To pull to pieces),(To pull to pieces),PARENTHETICAL,PARENTHETICAL
slx_2a5cf81f337fb128,57234,(To pull up),,,English → Sindhi,روڪڻ، پاڙون پٽڻ,english,English → Sindhi,to pull up,روڪڻ پاڙون پٽڻ,,SindhiLanguage.org,https://sindhilanguage.org/,Amar Fayaz Buriro (امر فياض ٻرڙو),(To pull up),(To pull up),PARENTHETICAL,PARENTHETICAL
slx_2eb44870b604e2a1,57235,(To be pulled down),,,English → Sindhi,ضعيف يا ڏٻرو ٿيڻ، ڳرڻ,english,English → Sindhi,to be pulled down,ضعيف يا ڏٻرو ٿيڻ ڳرڻ,,SindhiLanguage.org,https://sindhilanguage.org/,Amar Fayaz Buriro (امر فياض ٻرڙو),(To be pulled down),(To be pulled down),PARENTHETICAL,PARENTHETICAL
slx_21276a540c4efc48,57241,Pulsate (v),,,English → Sindhi,ڌڙڪڻ، ڌڪ ڌڪ ڪرڻ، هلڻ,english,English → Sindhi,pulsate v,ڌڙڪڻ ڌڪ ڌڪ ڪرڻ هلڻ,,SindhiLanguage.org,https://sindhilanguage.org/,Amar Fayaz Buriro (امر فياض ٻرڙو),Pulsate (v),Pulsate (v),HEADWORD_WITH_LABEL,HEADWORD_WITH_LABEL
slx_93efaa95184ff439,57245,Pulverize (v),,,English → Sindhi,مئدو يا چورو ڪرڻ، پيهڻ,english,English → Sindhi,pulverize v,مئدو يا چورو ڪرڻ پيهڻ,,SindhiLanguage.org,https://sindhilanguage.org/,Amar Fayaz Buriro (امر فياض ٻرڙو),Pulverize (v),Pulverize (v),HEADWORD_WITH_LABEL,HEADWORD_WITH_LABEL
slx_58819978978a3374,57255,Punctuate (v),,,English → Sindhi,بيهڪ جون نشانيون ڏيڻ,english,English → Sindhi,punctuate v,بيهڪ جون نشانيون ڏيڻ,,SindhiLanguage.org,https://sindhilanguage.org/,Amar Fayaz Buriro (امر فياض ٻرڙو),Punctuate (v),Punctuate (v),HEADWORD_WITH_LABEL,HEADWORD_WITH_LABEL
slx_1322249e5001c2e2,57261,Punish (v),,,English → Sindhi,سزا ڏيڻ، سيکت ڏيڻ، نصيحت ڪرڻ,english,English → Sindhi,punish v,سزا ڏيڻ سيکت ڏيڻ نصيحت ڪرڻ,,SindhiLanguage.org,https://sindhilanguage.org/,Amar Fayaz Buriro (امر فياض ٻرڙو),Punish (v),Punish (v),HEADWORD_WITH_LABEL,HEADWORD_WITH_LABEL
slx_ed2c60a2230fb657,57264,(Capital Punishment),,,English → Sindhi,ڦاسيءَ جي سزا,english,English → Sindhi,capital punishment,ڦاسيء جي سزا,,SindhiLanguage.org,https://sindhilanguage.org/,Amar Fayaz Buriro (امر فياض ٻرڙو),(Capital Punishment),(Capital Punishment),PARENTHETICAL,PARENTHETICAL
slx_f30277c4f19a138e,57265,(Corporal Punishment),,,English → Sindhi,جسماني سزا,english,English → Sindhi,corporal punishment,جسماني سزا,,SindhiLanguage.org,https://sindhilanguage.org/,Amar Fayaz Buriro (امر فياض ٻرڙو),(Corporal Punishment),(Corporal Punishment),PARENTHETICAL,PARENTHETICAL
slx_c5b76d7f1df90150,57278,Purchase (v),,,English → Sindhi,خريد ڪرڻ، حاصل ڪرڻ، خريداري، سودو,english,English → Sindhi,purchase v,خريد ڪرڻ حاصل ڪرڻ خريداري سودو,,SindhiLanguage.org,https://sindhilanguage.org/,Amar Fayaz Buriro (امر فياض ٻرڙو),Purchase (v),Purchase (v),HEADWORD_WITH_LABEL,HEADWORD_WITH_LABEL
slx_2b17bb6e52093584,57285,Purge (v),,,English → Sindhi,پاڪ ڪرڻ، صاف ڪرڻ، جلاب ڏيڻ يا وٺڻ,english,English → Sindhi,purge v,پاڪ ڪرڻ صاف ڪرڻ جلاب ڏيڻ يا وٺڻ,,SindhiLanguage.org,https://sindhilanguage.org/,Amar Fayaz Buriro (امر فياض ٻرڙو),Purge (v),Purge (v),HEADWORD_WITH_LABEL,HEADWORD_WITH_LABEL
slx_56a35539f7f1fa1f,57289,Purify (v),,,English → Sindhi,صاف ڪرڻ، پاڪ ڪرڻ,english,English → Sindhi,purify v,صاف ڪرڻ پاڪ ڪرڻ,,SindhiLanguage.org,https://sindhilanguage.org/,Amar Fayaz Buriro (امر فياض ٻرڙو),Purify (v),Purify (v),HEADWORD_WITH_LABEL,HEADWORD_WITH_LABEL
slx_bec852370f76f9f0,57293,Purl (v),,,English → Sindhi,جهر جهر ڪري آهستي آهستي وهڻ,english,English → Sindhi,purl v,جهر جهر ڪري آهستي آهستي وهڻ,,SindhiLanguage.org,https://sindhilanguage.org/,Amar Fayaz Buriro (امر فياض ٻرڙو),Purl (v),Purl (v),HEADWORD_WITH_LABEL,HEADWORD_WITH_LABEL
slx_65a1b7a5ae90425f,57295,Purloin (v),,,English → Sindhi,چوري ڪرڻ، تڳائڻ، پري کڻي وڃڻ,english,English → Sindhi,purloin v,چوري ڪرڻ تڳائڻ پري کڻي وڃڻ,,SindhiLanguage.org,https://sindhilanguage.org/,Amar Fayaz Buriro (امر فياض ٻرڙو),Purloin (v),Purloin (v),HEADWORD_WITH_LABEL,HEADWORD_WITH_LABEL
slx_c41fa785a95475a0,57297,(Born in the purple),,,English → Sindhi,شاهي نسل جو، وڏ گهراڻو,english,English → Sindhi,born in the purple,شاهي نسل جو وڏ گهراڻو,,SindhiLanguage.org,https://sindhilanguage.org/,Amar Fayaz Buriro (امر فياض ٻرڙو),(Born in the purple),(Born in the purple),PARENTHETICAL,PARENTHETICAL
slx_c9023591ae968b74,57301,(To no purpose),,,English → Sindhi,اجايو، بي فائدو، بيڪار,english,English → Sindhi,to no purpose,اجايو بي فائدو بيڪار,,SindhiLanguage.org,https://sindhilanguage.org/,Amar Fayaz Buriro (امر فياض ٻرڙو),(To no purpose),(To no purpose),PARENTHETICAL,PARENTHETICAL
slx_13cd68a631e618c6,57303,Purr (v),,,English → Sindhi,ميائو ڪرڻ، گڙڪڻ,english,English → Sindhi,purr v,ميائو ڪرڻ گڙڪڻ,,SindhiLanguage.org,https://sindhilanguage.org/,Amar Fayaz Buriro (امر فياض ٻرڙو),Purr (v),Purr (v),HEADWORD_WITH_LABEL,HEADWORD_WITH_LABEL
slx_5a2ad682ffae57f0,57310,(In pursuance of),,,English → Sindhi,به موجب,english,English → Sindhi,in pursuance of,به موجب,,SindhiLanguage.org,https://sindhilanguage.org/,Amar Fayaz Buriro (امر فياض ٻرڙو),(In pursuance of),(In pursuance of),PARENTHETICAL,PARENTHETICAL
slx_0b7d2ea85b3d6f18,57312,Pursue (v),,,English → Sindhi,پٺيان پوڻ، اختيار ڪرڻ، ڳولا ۾ رهڻ,english,English → Sindhi,pursue v,پٺيان پوڻ اختيار ڪرڻ ڳولا رهڻ,,SindhiLanguage.org,https://sindhilanguage.org/,Amar Fayaz Buriro (امر فياض ٻرڙو),Pursue (v),Pursue (v),HEADWORD_WITH_LABEL,HEADWORD_WITH_LABEL
slx_b0662374d2f4b741,57313,(To Pursue a sensible course),,,English → Sindhi,عقل کان ڪم وٺڻ,english,English → Sindhi,to pursue a sensible course,عقل کان ڪم وٺڻ,,SindhiLanguage.org,https://sindhilanguage.org/,Amar Fayaz Buriro (امر فياض ٻرڙو),(To Pursue a sensible course),(To Pursue a sensible course),PARENTHETICAL,PARENTHETICAL
slx_d7e54acf74d4654c,57319,Purvey (v),,,English → Sindhi,کاڌ خوراڪ موجود ڪرڻ، رسد رسائڻ,english,English → Sindhi,purvey v,کاڌ خوراڪ موجود ڪرڻ رسد رسائڻ,,SindhiLanguage.org,https://sindhilanguage.org/,Amar Fayaz Buriro (امر فياض ٻرڙو),Purvey (v),Purvey (v),HEADWORD_WITH_LABEL,HEADWORD_WITH_LABEL
slx_685c793b90cb1c7c,57324,Push (v),,,English → Sindhi,ڌڪڻ، ٿيلهو ڏيڻ، پورڻ، ڌڪو,english,English → Sindhi,push v,ڌڪڻ ٿيلهو ڏيڻ پورڻ ڌڪو,,SindhiLanguage.org,https://sindhilanguage.org/,Amar Fayaz Buriro (امر فياض ٻرڙو),Push (v),Push (v),HEADWORD_WITH_LABEL,HEADWORD_WITH_LABEL
slx_b97724e71e28fe70,57325,(To push on),,,English → Sindhi,ڌوڪيندو وڃڻ,english,English → Sindhi,to push on,ڌوڪيندو وڃڻ,,SindhiLanguage.org,https://sindhilanguage.org/,Amar Fayaz Buriro (امر فياض ٻرڙو),(To push on),(To push on),PARENTHETICAL,PARENTHETICAL
slx_99f29c971df3d613,57332,Put (v),,,English → Sindhi,رکڻ، وجهڻ، ظاهر ڪرڻ، پيش ڪرڻ,english,English → Sindhi,put v,رکڻ وجهڻ ظاهر ڪرڻ پيش ڪرڻ,,SindhiLanguage.org,https://sindhilanguage.org/,Amar Fayaz Buriro (امر فياض ٻرڙو),Put (v),Put (v),HEADWORD_WITH_LABEL,HEADWORD_WITH_LABEL
slx_19eb169ad431e791,57333,(To put an end to),,,English → Sindhi,روڪڻ، موقوف ڪرڻ، خاتمو ڪرڻ,english,English → Sindhi,to put an end to,روڪڻ موقوف ڪرڻ خاتمو ڪرڻ,,SindhiLanguage.org,https://sindhilanguage.org/,Amar Fayaz Buriro (امر فياض ٻرڙو),(To put an end to),(To put an end to),PARENTHETICAL,PARENTHETICAL
slx_40ef3c79a4ecbec6,57334,(To put away),,,English → Sindhi,ڇڏي ڏيڻ، طلاق ڏيڻ,english,English → Sindhi,to put away,ڇڏي ڏيڻ طلاق ڏيڻ,,SindhiLanguage.org,https://sindhilanguage.org/,Amar Fayaz Buriro (امر فياض ٻرڙو),(To put away),(To put away),PARENTHETICAL,PARENTHETICAL
slx_ed9b9d92c74cc6e1,57335,(To put back),,,English → Sindhi,دير ڪرڻ,english,English → Sindhi,to put back,دير ڪرڻ,,SindhiLanguage.org,https://sindhilanguage.org/,Amar Fayaz Buriro (امر فياض ٻرڙو),(To put back),(To put back),PARENTHETICAL,PARENTHETICAL
slx_543a670d8d22042a,57336,(To put down),,,English → Sindhi,دٻائڻ، ماٺ ڪرائڻ، قلمبند ڪرڻ,english,English → Sindhi,to put down,دٻائڻ ماٺ ڪرائڻ قلمبند ڪرڻ,,SindhiLanguage.org,https://sindhilanguage.org/,Amar Fayaz Buriro (امر فياض ٻرڙو),(To put down),(To put down),PARENTHETICAL,PARENTHETICAL
slx_604d4a585031aaa9,57337,(To put in),,,English → Sindhi,داخل ڪرڻ، وجهڻ,english,English → Sindhi,to put in,داخل ڪرڻ وجهڻ,,SindhiLanguage.org,https://sindhilanguage.org/,Amar Fayaz Buriro (امر فياض ٻرڙو),(To put in),(To put in),PARENTHETICAL,PARENTHETICAL
slx_bdb64c3ba95d734a,57338,(To put in mind),,,English → Sindhi,ياد ڏيارڻ,english,English → Sindhi,to put in mind,ياد ڏيارڻ,,SindhiLanguage.org,https://sindhilanguage.org/,Amar Fayaz Buriro (امر فياض ٻرڙو),(To put in mind),(To put in mind),PARENTHETICAL,PARENTHETICAL
slx_274a58ea85f3f73b,57339,(To put in practice),,,English → Sindhi,ڪم ۾ آڻڻ، استعمال ڪرڻ,english,English → Sindhi,to put in practice,ڪم آڻڻ استعمال ڪرڻ,,SindhiLanguage.org,https://sindhilanguage.org/,Amar Fayaz Buriro (امر فياض ٻرڙو),(To put in practice),(To put in practice),PARENTHETICAL,PARENTHETICAL
slx_67aa445dc78be44a,57340,(To put off),,,English → Sindhi,لاهڻ، مهمل ڪرڻ، روانو ٿيڻ,english,English → Sindhi,to put off,لاهڻ مهمل ڪرڻ روانو ٿيڻ,,SindhiLanguage.org,https://sindhilanguage.org/,Amar Fayaz Buriro (امر فياض ٻرڙو),(To put off),(To put off),PARENTHETICAL,PARENTHETICAL
slx_bba35de48a7e7074,57341,(To put on ),,,English → Sindhi,پائڻ، پهرڻ,english,English → Sindhi,to put on,پائڻ پهرڻ,,SindhiLanguage.org,https://sindhilanguage.org/,Amar Fayaz Buriro (امر فياض ٻرڙو),(To put on ),(To put on),PARENTHETICAL,PARENTHETICAL
slx_af939f565a87cc9d,57342,(To put out),,,English → Sindhi,وسائڻ، استعمال ڪرڻ، وياج تي رکڻ، پڌرو ڪرڻ,english,English → Sindhi,to put out,وسائڻ استعمال ڪرڻ وياج تي رکڻ پڌرو ڪرڻ,,SindhiLanguage.org,https://sindhilanguage.org/,Amar Fayaz Buriro (امر فياض ٻرڙو),(To put out),(To put out),PARENTHETICAL,PARENTHETICAL
slx_35d0ec517d06710b,57343,(To put together),,,English → Sindhi,گڏڻ، ملائڻ,english,English → Sindhi,to put together,گڏڻ ملائڻ,,SindhiLanguage.org,https://sindhilanguage.org/,Amar Fayaz Buriro (امر فياض ٻرڙو),(To put together),(To put together),PARENTHETICAL,PARENTHETICAL
slx_b1adbc5f38730936,57344,(To put up),,,English → Sindhi,رهڻ، ٽڪڻ، ٽڪائڻ,english,English → Sindhi,to put up,رهڻ ٽڪڻ ٽڪائڻ,,SindhiLanguage.org,https://sindhilanguage.org/,Amar Fayaz Buriro (امر فياض ٻرڙو),(To put up),(To put up),PARENTHETICAL,PARENTHETICAL
slx_042eb33115300f14,57345,(To put up with),,,English → Sindhi,سهي وڃڻ، صبر ڪرڻ,english,English → Sindhi,to put up with,سهي وڃڻ صبر ڪرڻ,,SindhiLanguage.org,https://sindhilanguage.org/,Amar Fayaz Buriro (امر فياض ٻرڙو),(To put up with),(To put up with),PARENTHETICAL,PARENTHETICAL
slx_65ef7feb29bebf39,57346,(To put to death),,,English → Sindhi,قتل ڪرڻ، ماري ڇڏڻ,english,English → Sindhi,to put to death,قتل ڪرڻ ماري ڇڏڻ,,SindhiLanguage.org,https://sindhilanguage.org/,Amar Fayaz Buriro (امر فياض ٻرڙو),(To put to death),(To put to death),PARENTHETICAL,PARENTHETICAL
slx_c8a658fa12960022,57347,(To put to flight),,,English → Sindhi,ڀڄائڻ,english,English → Sindhi,to put to flight,ڀڄائڻ,,SindhiLanguage.org,https://sindhilanguage.org/,Amar Fayaz Buriro (امر فياض ٻرڙو),(To put to flight),(To put to flight),PARENTHETICAL,PARENTHETICAL
slx_a61b1c5a91251ed9,57351,Putrefy (v),,,English → Sindhi,ڪنو ٿيڻ يا ڪرڻ، بانس ڪري، سڙڻ,english,English → Sindhi,putrefy v,ڪنو ٿيڻ يا ڪرڻ بانس ڪري سڙڻ,,SindhiLanguage.org,https://sindhilanguage.org/,Amar Fayaz Buriro (امر فياض ٻرڙو),Putrefy (v),Putrefy (v),HEADWORD_WITH_LABEL,HEADWORD_WITH_LABEL
slx_f5dd8730def056f5,57354,Puzzle (v),,,English → Sindhi,منجهائڻ، وائڙو ڪرڻ، پرولي، مونجهارو,english,English → Sindhi,puzzle v,منجهائڻ وائڙو ڪرڻ پرولي مونجهارو,,SindhiLanguage.org,https://sindhilanguage.org/,Amar Fayaz Buriro (امر فياض ٻرڙو),Puzzle (v),Puzzle (v),HEADWORD_WITH_LABEL,HEADWORD_WITH_LABEL
slx_dd4f52117a52bfed,57370,Quack (n),,,English → Sindhi,دولابي، عطائي نيم حڪيم، نيم طبيب,english,English → Sindhi,quack n,دولابي عطائي نيم حڪيم نيم طبيب,,SindhiLanguage.org,https://sindhilanguage.org/,Amar Fayaz Buriro (امر فياض ٻرڙو),Quack (n),Quack (n),HEADWORD_WITH_LABEL,HEADWORD_WITH_LABEL
slx_1cc556075ffd587d,57371,Quack (v),,,English → Sindhi,بدڪ وانگر آواز ڪرڻ، ٻٽاڪ هڻڻ,english,English → Sindhi,quack v,بدڪ وانگر آواز ڪرڻ ٻٽاڪ هڻڻ,,SindhiLanguage.org,https://sindhilanguage.org/,Amar Fayaz Buriro (امر فياض ٻرڙو),Quack (v),Quack (v),HEADWORD_WITH_LABEL,HEADWORD_WITH_LABEL
slx_581ec03e5a50b4f8,57392,Quail (v),,,English → Sindhi,ڊڄي وڃڻ، ڌمڪجي وڃڻ، ڊيڄارڻ,english,English → Sindhi,quail v,ڊڄي وڃڻ ڌمڪجي وڃڻ ڊيڄارڻ,,SindhiLanguage.org,https://sindhilanguage.org/,Amar Fayaz Buriro (امر فياض ٻرڙو),Quail (v),Quail (v),HEADWORD_WITH_LABEL,HEADWORD_WITH_LABEL
slx_b4653ebc4eda6e7f,57393,Rivel (v),,,English → Sindhi,گهنج وجهڻ، خال ڪرڻ، خراب ڪرڻ,english,English → Sindhi,rivel v,گهنج وجهڻ خال ڪرڻ خراب ڪرڻ,,SindhiLanguage.org,https://sindhilanguage.org/,Amar Fayaz Buriro (امر فياض ٻرڙو),Rivel (v),Rivel (v),HEADWORD_WITH_LABEL,HEADWORD_WITH_LABEL
slx_a52eb5c920230a32,57402,Roam (v),,,English → Sindhi,گهمڻ ڦرڻ، گشت ڪرڻ، رلڻ,english,English → Sindhi,roam v,گهمڻ ڦرڻ گشت ڪرڻ رلڻ,,SindhiLanguage.org,https://sindhilanguage.org/,Amar Fayaz Buriro (امر فياض ٻرڙو),Roam (v),Roam (v),HEADWORD_WITH_LABEL,HEADWORD_WITH_LABEL
slx_0bd56c95dc881848,57405,Roar (v),,,English → Sindhi,گجگوڙ ڪرڻ، گجڻ، واڪا ڪرڻ,english,English → Sindhi,roar v,گجگوڙ ڪرڻ گجڻ واڪا ڪرڻ,,SindhiLanguage.org,https://sindhilanguage.org/,Amar Fayaz Buriro (امر فياض ٻرڙو),Roar (v),Roar (v),HEADWORD_WITH_LABEL,HEADWORD_WITH_LABEL
slx_f27ffebe65452f1e,57407,Roast (v),,,English → Sindhi,پچائڻ، طعنه زني ڪرڻ، ڪباب ڪرڻ,english,English → Sindhi,roast v,پچائڻ طعنه زني ڪرڻ ڪباب ڪرڻ,,SindhiLanguage.org,https://sindhilanguage.org/,Amar Fayaz Buriro (امر فياض ٻرڙو),Roast (v),Roast (v),HEADWORD_WITH_LABEL,HEADWORD_WITH_LABEL
slx_231195aececb1cf2,57408,Rob (v),,,English → Sindhi,ڦرڻ، لٽڻ، چورائڻ، کسڻ,english,English → Sindhi,rob v,ڦرڻ لٽڻ چورائڻ کسڻ,,SindhiLanguage.org,https://sindhilanguage.org/,Amar Fayaz Buriro (امر فياض ٻرڙو),Rob (v),Rob (v),HEADWORD_WITH_LABEL,HEADWORD_WITH_LABEL
slx_a3b3b4e7ed925ddf,57427,Roil (v),,,English → Sindhi,خفي ڪرڻ، تنگ ڪرڻ، تپائڻ,english,English → Sindhi,roil v,خفي ڪرڻ تنگ ڪرڻ تپائڻ,,SindhiLanguage.org,https://sindhilanguage.org/,Amar Fayaz Buriro (امر فياض ٻرڙو),Roil (v),Roil (v),HEADWORD_WITH_LABEL,HEADWORD_WITH_LABEL
slx_beb8a96a1a808d78,57428,Roister (v),,,English → Sindhi,ٻٽاڪ هڻڻ، شوخي ڏيکارڻ,english,English → Sindhi,roister v,ٻٽاڪ هڻڻ شوخي ڏيکارڻ,,SindhiLanguage.org,https://sindhilanguage.org/,Amar Fayaz Buriro (امر فياض ٻرڙو),Roister (v),Roister (v),HEADWORD_WITH_LABEL,HEADWORD_WITH_LABEL
slx_96632fe6b1f7de2b,57430,Roll (v),,,English → Sindhi,گهمائڻ، گهمڻ، ڦرڻ، ويڙهڻ، ويڙهو,english,English → Sindhi,roll v,گهمائڻ گهمڻ ڦرڻ ويڙهڻ ويڙهو,,SindhiLanguage.org,https://sindhilanguage.org/,Amar Fayaz Buriro (امر فياض ٻرڙو),Roll (v),Roll (v),HEADWORD_WITH_LABEL,HEADWORD_WITH_LABEL
slx_1743c6c06ac0345b,57432,Rollick (v),,,English → Sindhi,بي پرواهيءَ سان گهمڻ ڦرڻ,english,English → Sindhi,rollick v,بي پرواهيء سان گهمڻ ڦرڻ,,SindhiLanguage.org,https://sindhilanguage.org/,Amar Fayaz Buriro (امر فياض ٻرڙو),Rollick (v),Rollick (v),HEADWORD_WITH_LABEL,HEADWORD_WITH_LABEL
slx_ac69455de08d49a3,57439,Romanise (v),,,English → Sindhi,رومن ڪيٿولڪ مذهب ۾ آڻڻ,english,English → Sindhi,romanise v,رومن ڪيٿولڪ مذهب آڻڻ,,SindhiLanguage.org,https://sindhilanguage.org/,Amar Fayaz Buriro (امر فياض ٻرڙو),Romanise (v),Romanise (v),HEADWORD_WITH_LABEL,HEADWORD_WITH_LABEL
slx_3d27414c5def7a71,57445,Rock (v),,,English → Sindhi,دغا ڏيڻ، ويجهو وهڻ,english,English → Sindhi,rock v,دغا ڏيڻ ويجهو وهڻ,,SindhiLanguage.org,https://sindhilanguage.org/,Amar Fayaz Buriro (امر فياض ٻرڙو),Rock (v),Rock (v),HEADWORD_WITH_LABEL,HEADWORD_WITH_LABEL
slx_2af1cd41248748e6,57453,Root up (v),,,English → Sindhi,پاڙ کان ڪڍڻ، اکوڙڻ، کوٽڻ,english,English → Sindhi,root up v,پاڙ کان ڪڍڻ اکوڙڻ کوٽڻ,,SindhiLanguage.org,https://sindhilanguage.org/,Amar Fayaz Buriro (امر فياض ٻرڙو),Root up (v),Root up (v),HEADWORD_WITH_LABEL,HEADWORD_WITH_LABEL
slx_bf102fa07adc7c44,57454,)Take root( (v),,,English → Sindhi,پاڙ جهلڻ,english,English → Sindhi,take root v,پاڙ جهلڻ,,SindhiLanguage.org,https://sindhilanguage.org/,Amar Fayaz Buriro (امر فياض ٻرڙو),)Take root( (v),)Take root((v),HEADWORD_WITH_LABEL,HEADWORD_WITH_LABEL
slx_f967cc754cc10b78,57469,Rot (v),,,English → Sindhi,سڙي وڃڻ، جلي وڃڻ، ڳرڻ، ڪنو ٿيڻ,english,English → Sindhi,rot v,سڙي وڃڻ جلي وڃڻ ڳرڻ ڪنو ٿيڻ,,SindhiLanguage.org,https://sindhilanguage.org/,Amar Fayaz Buriro (امر فياض ٻرڙو),Rot (v),Rot (v),HEADWORD_WITH_LABEL,HEADWORD_WITH_LABEL
slx_012b5cfe46f294a4,57471,Rotate (v),,,English → Sindhi,ڦيرا ڏيڻ، گهمائڻ، گول ڦرڻ,english,English → Sindhi,rotate v,ڦيرا ڏيڻ گهمائڻ گول ڦرڻ,,SindhiLanguage.org,https://sindhilanguage.org/,Amar Fayaz Buriro (امر فياض ٻرڙو),Rotate (v),Rotate (v),HEADWORD_WITH_LABEL,HEADWORD_WITH_LABEL
slx_ebeb9774ed044424,57490,Round (v),,,English → Sindhi,چوڌاري ڦرڻ، چڪر ڏيڻ,english,English → Sindhi,round v,چوڌاري ڦرڻ چڪر ڏيڻ,,SindhiLanguage.org,https://sindhilanguage.org/,Amar Fayaz Buriro (امر فياض ٻرڙو),Round (v),Round (v),HEADWORD_WITH_LABEL,HEADWORD_WITH_LABEL
slx_5cbb15df3054c549,57496,Rouse (v),,,English → Sindhi,جوش ۾ آڻڻ، جاڳائڻ، سجاڳ ڪرڻ، پاڻيءَ جو پيالو,english,English → Sindhi,rouse v,جوش آڻڻ جاڳائڻ سجاڳ ڪرڻ پاڻيء جو پيالو,,SindhiLanguage.org,https://sindhilanguage.org/,Amar Fayaz Buriro (امر فياض ٻرڙو),Rouse (v),Rouse (v),HEADWORD_WITH_LABEL,HEADWORD_WITH_LABEL
slx_02984ec2e8d77dfe,57498,Rout (v),,,English → Sindhi,شڪست ڏيڻ، ڀڄائڻ، اُٿارڻ,english,English → Sindhi,rout v,شڪست ڏيڻ ڀڄائڻ اٿارڻ,,SindhiLanguage.org,https://sindhilanguage.org/,Amar Fayaz Buriro (امر فياض ٻرڙو),Rout (v),Rout (v),HEADWORD_WITH_LABEL,HEADWORD_WITH_LABEL
slx_55096d8746762148,57501,Rove (v),,,English → Sindhi,رلڻ، ڀٽڪڻ، اجايو، گهمڻ ڦرڻ,english,English → Sindhi,rove v,رلڻ ڀٽڪڻ اجايو گهمڻ ڦرڻ,,SindhiLanguage.org,https://sindhilanguage.org/,Amar Fayaz Buriro (امر فياض ٻرڙو),Rove (v),Rove (v),HEADWORD_WITH_LABEL,HEADWORD_WITH_LABEL
slx_f60285caed3b8d50,57504,Row (v),,,English → Sindhi,ٻيڙي هلائڻ، قطار ٻڌڻ، ونجهه هلائڻ,english,English → Sindhi,row v,ٻيڙي هلائڻ قطار ٻڌڻ ونجهه هلائڻ,,SindhiLanguage.org,https://sindhilanguage.org/,Amar Fayaz Buriro (امر فياض ٻرڙو),Row (v),Row (v),HEADWORD_WITH_LABEL,HEADWORD_WITH_LABEL
slx_3df20c8e107804f4,57513,Rub (v),,,English → Sindhi,گهمڻ، صاف ڪرڻ، مهٽڻ، اُگهڻ، مشڪلات,english,English → Sindhi,rub v,گهمڻ صاف ڪرڻ مهٽڻ اگهڻ مشڪلات,,SindhiLanguage.org,https://sindhilanguage.org/,Amar Fayaz Buriro (امر فياض ٻرڙو),Rub (v),Rub (v),HEADWORD_WITH_LABEL,HEADWORD_WITH_LABEL
slx_77afdc141c1e18ff,57531,Rue (v),,,English → Sindhi,ڏک ڪرڻ، ڏک ٿيڻ، رئڻ، رنج ڪرڻ,english,English → Sindhi,rue v,ڏک ڪرڻ ڏک ٿيڻ رئڻ رنج ڪرڻ,,SindhiLanguage.org,https://sindhilanguage.org/,Amar Fayaz Buriro (امر فياض ٻرڙو),Rue (v),Rue (v),HEADWORD_WITH_LABEL,HEADWORD_WITH_LABEL
slx_cb0e654354ae46a8,57536,Ruffle (v),,,English → Sindhi,... ڪرڻ، درهم برهم ڪرڻ، گهنجائڻ,english,English → Sindhi,ruffle v,ڪرڻ درهم برهم ڪرڻ گهنجائڻ,,SindhiLanguage.org,https://sindhilanguage.org/,Amar Fayaz Buriro (امر فياض ٻرڙو),Ruffle (v),Ruffle (v),HEADWORD_WITH_LABEL,HEADWORD_WITH_LABEL
slx_0c015c5210eb8f03,57542,Ruin (v),,,English → Sindhi,برباد ڪرڻ، تباهه ڪرڻ، ڦٽائڻ,english,English → Sindhi,ruin v,برباد ڪرڻ تباهه ڪرڻ ڦٽائڻ,,SindhiLanguage.org,https://sindhilanguage.org/,Amar Fayaz Buriro (امر فياض ٻرڙو),Ruin (v),Ruin (v),HEADWORD_WITH_LABEL,HEADWORD_WITH_LABEL
slx_89649ec4bf8b52e1,57547,Rule (v),,,English → Sindhi,حڪومت ڪرڻ، راڄ ڪرڻ، حڪومت هلائڻ,english,English → Sindhi,rule v,حڪومت ڪرڻ راڄ ڪرڻ حڪومت هلائڻ,,SindhiLanguage.org,https://sindhilanguage.org/,Amar Fayaz Buriro (امر فياض ٻرڙو),Rule (v),Rule (v),HEADWORD_WITH_LABEL,HEADWORD_WITH_LABEL
slx_498d03be995deed3,57551,Rumble (v),,,English → Sindhi,گاڏيءَ جي پويان نوڪر لاءِ جاءِ، گڙگڙ ڪرڻ,english,English → Sindhi,rumble v,گاڏيء جي پويان نوڪر لاء جاء گڙگڙ ڪرڻ,,SindhiLanguage.org,https://sindhilanguage.org/,Amar Fayaz Buriro (امر فياض ٻرڙو),Rumble (v),Rumble (v),HEADWORD_WITH_LABEL,HEADWORD_WITH_LABEL
slx_1122ff7bf58b844f,57554,Ruminate (v),,,English → Sindhi,اوڳارڻ، وري خيال ڪرڻ,english,English → Sindhi,ruminate v,اوڳارڻ وري خيال ڪرڻ,,SindhiLanguage.org,https://sindhilanguage.org/,Amar Fayaz Buriro (امر فياض ٻرڙو),Ruminate (v),Ruminate (v),HEADWORD_WITH_LABEL,HEADWORD_WITH_LABEL
slx_0bcd0e207ac8307f,57555,Rummage (v),,,English → Sindhi,تلاش ڪرڻ، ڳولڻ، تلاش,english,English → Sindhi,rummage v,تلاش ڪرڻ ڳولڻ تلاش,,SindhiLanguage.org,https://sindhilanguage.org/,Amar Fayaz Buriro (امر فياض ٻرڙو),Rummage (v),Rummage (v),HEADWORD_WITH_LABEL,HEADWORD_WITH_LABEL
slx_cd2d92264aa96cd5,57559,Rumple (v),,,English → Sindhi,گهنج پوڻ يا وجهڻ,english,English → Sindhi,rumple v,گهنج پوڻ يا وجهڻ,,SindhiLanguage.org,https://sindhilanguage.org/,Amar Fayaz Buriro (امر فياض ٻرڙو),Rumple (v),Rumple (v),HEADWORD_WITH_LABEL,HEADWORD_WITH_LABEL
slx_9f0eccd04537df80,57561,Run (v),,,English → Sindhi,ڊوڙڻ، ڀڄڻ، وهڻ، ڊوڙ,english,English → Sindhi,run v,ڊوڙڻ ڀڄڻ وهڻ ڊوڙ,,SindhiLanguage.org,https://sindhilanguage.org/,Amar Fayaz Buriro (امر فياض ٻرڙو),Run (v),Run (v),HEADWORD_WITH_LABEL,HEADWORD_WITH_LABEL
slx_4b710389c5190ca9,57562,(Run a factory),,,English → Sindhi,ڪارخانو هلائڻ,english,English → Sindhi,run a factory,ڪارخانو هلائڻ,,SindhiLanguage.org,https://sindhilanguage.org/,Amar Fayaz Buriro (امر فياض ٻرڙو),(Run a factory),(Run a factory),PARENTHETICAL,PARENTHETICAL
slx_330f66e5ee71f19f,57563,Run on (v),,,English → Sindhi,جاري رکڻ، هلائڻ,english,English → Sindhi,run on v,جاري رکڻ هلائڻ,,SindhiLanguage.org,https://sindhilanguage.org/,Amar Fayaz Buriro (امر فياض ٻرڙو),Run on (v),Run on (v),HEADWORD_WITH_LABEL,HEADWORD_WITH_LABEL
slx_06af4e69c01fb749,57564,Run out (v),,,English → Sindhi,ختم ٿيڻ,english,English → Sindhi,run out v,ختم ٿيڻ,,SindhiLanguage.org,https://sindhilanguage.org/,Amar Fayaz Buriro (امر فياض ٻرڙو),Run out (v),Run out (v),HEADWORD_WITH_LABEL,HEADWORD_WITH_LABEL
slx_2634e4d1c0dc9f57,57567,Run away with (v),,,English → Sindhi,ڀڄي وڃڻ,english,English → Sindhi,run away with v,ڀڄي وڃڻ,,SindhiLanguage.org,https://sindhilanguage.org/,Amar Fayaz Buriro (امر فياض ٻرڙو),Run away with (v),Run away with (v),HEADWORD_WITH_LABEL,HEADWORD_WITH_LABEL
slx_7914003bbbcdda56,57568,(In the long run),,,English → Sindhi,آخرڪار، نيٺ، پس پيش,english,English → Sindhi,in the long run,آخرڪار نيٺ پس پيش,,SindhiLanguage.org,https://sindhilanguage.org/,Amar Fayaz Buriro (امر فياض ٻرڙو),(In the long run),(In the long run),PARENTHETICAL,PARENTHETICAL
slx_8cbc050d6d915da2,57576,Rush (v),,,English → Sindhi,ڪاهه ڪرڻ، ڌوڪڻ، گهڙڻ، زور سان اچڻ,english,English → Sindhi,rush v,ڪاهه ڪرڻ ڌوڪڻ گهڙڻ زور سان اچڻ,,SindhiLanguage.org,https://sindhilanguage.org/,Amar Fayaz Buriro (امر فياض ٻرڙو),Rush (v),Rush (v),HEADWORD_WITH_LABEL,HEADWORD_WITH_LABEL
slx_9fded5dec06029d8,57580,Rusticate (v),,,English → Sindhi,ڪاليج يا اسڪول مان خارج ڪرڻ، ٻهراڙي ۾ رهڻ,english,English → Sindhi,rusticate v,ڪاليج يا اسڪول مان خارج ڪرڻ ٻهراڙي رهڻ,,SindhiLanguage.org,https://sindhilanguage.org/,Amar Fayaz Buriro (امر فياض ٻرڙو),Rusticate (v),Rusticate (v),HEADWORD_WITH_LABEL,HEADWORD_WITH_LABEL
slx_7d545181e4c0c681,57582,Rustle (v),,,English → Sindhi,کڙ کڙ ڪرڻ، کڙ کڙ، ڦڙ ڦڙ ڪرڻ,english,English → Sindhi,rustle v,کڙ کڙ ڪرڻ کڙ کڙ ڦڙ ڦڙ ڪرڻ,,SindhiLanguage.org,https://sindhilanguage.org/,Amar Fayaz Buriro (امر فياض ٻرڙو),Rustle (v),Rustle (v),HEADWORD_WITH_LABEL,HEADWORD_WITH_LABEL
slx_953f598ea2f023a1,57590,Ryke (v),,,English → Sindhi,پهچڻ، پڄڻ، رسڻ,english,English → Sindhi,ryke v,پهچڻ پڄڻ رسڻ,,SindhiLanguage.org,https://sindhilanguage.org/,Amar Fayaz Buriro (امر فياض ٻرڙو),Ryke (v),Ryke (v),HEADWORD_WITH_LABEL,HEADWORD_WITH_LABEL
slx_c2a0b614bc99a28a,57644,Said (p.t of say),,,English → Sindhi,چيل، چيو، مذڪور، ذڪر ڪيل,english,English → Sindhi,said p t of say,چيل چيو مذڪور ذڪر ڪيل,,SindhiLanguage.org,https://sindhilanguage.org/,Amar Fayaz Buriro (امر فياض ٻرڙو),Said (p.t of say),Said (p.t of say),HEADWORD_WITH_LABEL,HEADWORD_WITH_LABEL
slx_9a52745ee8c5c7c4,57663,Quail (n),,,English → Sindhi,هڪ قسم جو پکي (ٻٽيرو),english,English → Sindhi,quail n,هڪ قسم جو پکي ٻٽيرو,,SindhiLanguage.org,https://sindhilanguage.org/,Amar Fayaz Buriro (امر فياض ٻرڙو),Quail (n),Quail (n),HEADWORD_WITH_LABEL,HEADWORD_WITH_LABEL
slx_24d45befc14e1391,57720,(In question),,,English → Sindhi,ويچار ۾,english,English → Sindhi,in question,ويچار,,SindhiLanguage.org,https://sindhilanguage.org/,Amar Fayaz Buriro (امر فياض ٻرڙو),(In question),(In question),PARENTHETICAL,PARENTHETICAL
slx_0dd1d22c014cfa65,57767,(Be on the quivive),,,English → Sindhi,خبردار رهڻ,english,English → Sindhi,be on the quivive,خبردار رهڻ,,SindhiLanguage.org,https://sindhilanguage.org/,Amar Fayaz Buriro (امر فياض ٻرڙو),(Be on the quivive),(Be on the quivive),PARENTHETICAL,PARENTHETICAL
slx_deb69f5f837b573e,57790,Rabbet (n),,,English → Sindhi,کانچو، سوراخ، خال تختي جو,english,English → Sindhi,rabbet n,کانچو سوراخ خال تختي جو,,SindhiLanguage.org,https://sindhilanguage.org/,Amar Fayaz Buriro (امر فياض ٻرڙو),Rabbet (n),Rabbet (n),HEADWORD_WITH_LABEL,HEADWORD_WITH_LABEL
slx_67e6f55c74d541d4,57791,Rabbet (v),,,English → Sindhi,کانچو ٺاهڻ، سوراخ ڪرڻ,english,English → Sindhi,rabbet v,کانچو ٺاهڻ سوراخ ڪرڻ,,SindhiLanguage.org,https://sindhilanguage.org/,Amar Fayaz Buriro (امر فياض ٻرڙو),Rabbet (v),Rabbet (v),HEADWORD_WITH_LABEL,HEADWORD_WITH_LABEL
slx_dbf2576d432a1b92,57798,Race (v),,,English → Sindhi,شرط پڄائڻ، ڊوڙائڻ,english,English → Sindhi,race v,شرط پڄائڻ ڊوڙائڻ,,SindhiLanguage.org,https://sindhilanguage.org/,Amar Fayaz Buriro (امر فياض ٻرڙو),Race (v),Race (v),HEADWORD_WITH_LABEL,HEADWORD_WITH_LABEL
slx_d13539d7ded4f93c,57808,Rack (v),,,English → Sindhi,ايذاءُ ڏيڻ، تڪليف ڏيڻ,english,English → Sindhi,rack v,ايذاء ڏيڻ تڪليف ڏيڻ,,SindhiLanguage.org,https://sindhilanguage.org/,Amar Fayaz Buriro (امر فياض ٻرڙو),Rack (v),Rack (v),HEADWORD_WITH_LABEL,HEADWORD_WITH_LABEL
slx_19f4b09d3b36143a,57819,Radiate (v),,,English → Sindhi,باکون ڪڍڻ، چمڪڻ,english,English → Sindhi,radiate v,باکون ڪڍڻ چمڪڻ,,SindhiLanguage.org,https://sindhilanguage.org/,Amar Fayaz Buriro (امر فياض ٻرڙو),Radiate (v),Radiate (v),HEADWORD_WITH_LABEL,HEADWORD_WITH_LABEL
slx_079c7e20491581af,57846,Rail (v),,,English → Sindhi,ملامت ڪرڻ، گاريون ڏيڻ، ٺٺولي ڪرڻ,english,English → Sindhi,rail v,ملامت ڪرڻ گاريون ڏيڻ ٺٺولي ڪرڻ,,SindhiLanguage.org,https://sindhilanguage.org/,Amar Fayaz Buriro (امر فياض ٻرڙو),Rail (v),Rail (v),HEADWORD_WITH_LABEL,HEADWORD_WITH_LABEL
slx_b15b6573d3c99c03,57847,Rail (v),,,English → Sindhi,وهي وڃڻ، وهڻ,english,English → Sindhi,rail v,وهي وڃڻ وهڻ,,SindhiLanguage.org,https://sindhilanguage.org/,Amar Fayaz Buriro (امر فياض ٻرڙو),Rail (v),Rail (v),HEADWORD_WITH_LABEL,HEADWORD_WITH_LABEL
slx_5971fc947ce38cbb,57854,(To rain cats and dogs),,,English → Sindhi,تمام گهڻي برسات پوڻ، سخت مينهن,english,English → Sindhi,to rain cats and dogs,تمام گهڻي برسات پوڻ سخت مينهن,,SindhiLanguage.org,https://sindhilanguage.org/,Amar Fayaz Buriro (امر فياض ٻرڙو),(To rain cats and dogs),(To rain cats and dogs),PARENTHETICAL,PARENTHETICAL
slx_7c4f6b466037c71e,57862,Raise (v),,,English → Sindhi,مٿي ٿيڻ، کڻڻ، گڏ ڪرڻ، اٿارڻ، اڀارڻ، پوکڻ,english,English → Sindhi,raise v,مٿي ٿيڻ کڻڻ گڏ ڪرڻ اٿارڻ اڀارڻ پوکڻ,,SindhiLanguage.org,https://sindhilanguage.org/,Amar Fayaz Buriro (امر فياض ٻرڙو),Raise (v),Raise (v),HEADWORD_WITH_LABEL,HEADWORD_WITH_LABEL
slx_4855e477e903c54e,57866,Rake up (v),,,English → Sindhi,باهه دکائڻ,english,English → Sindhi,rake up v,باهه دکائڻ,,SindhiLanguage.org,https://sindhilanguage.org/,Amar Fayaz Buriro (امر فياض ٻرڙو),Rake up (v),Rake up (v),HEADWORD_WITH_LABEL,HEADWORD_WITH_LABEL
slx_1862ead41dcd6a6b,57869,Rally (v),,,English → Sindhi,فوج کي گڏ ڪرڻ، ٿڌو ڪرڻ، مسخري ڪرڻ,english,English → Sindhi,rally v,فوج کي گڏ ڪرڻ ٿڌو ڪرڻ مسخري ڪرڻ,,SindhiLanguage.org,https://sindhilanguage.org/,Amar Fayaz Buriro (امر فياض ٻرڙو),Rally (v),Rally (v),HEADWORD_WITH_LABEL,HEADWORD_WITH_LABEL
slx_37baee314e00cbe3,57871,Ram (v),,,English → Sindhi,ٽڪرجڻ، ڀرڻ، ڌمڪ هڻڻ,english,English → Sindhi,ram v,ٽڪرجڻ ڀرڻ ڌمڪ هڻڻ,,SindhiLanguage.org,https://sindhilanguage.org/,Amar Fayaz Buriro (امر فياض ٻرڙو),Ram (v),Ram (v),HEADWORD_WITH_LABEL,HEADWORD_WITH_LABEL
slx_d61cfb9defc6ee30,57873,Ramble (v),,,English → Sindhi,رلڻ، گهمڻ ڦرڻ، ڀٽڪڻ,english,English → Sindhi,ramble v,رلڻ گهمڻ ڦرڻ ڀٽڪڻ,,SindhiLanguage.org,https://sindhilanguage.org/,Amar Fayaz Buriro (امر فياض ٻرڙو),Ramble (v),Ramble (v),HEADWORD_WITH_LABEL,HEADWORD_WITH_LABEL
slx_9d0e1b9a085e101c,57876,Ramify (v),,,English → Sindhi,شاخ نڪرڻ، ڦٽي شاخون ٿيڻ,english,English → Sindhi,ramify v,شاخ نڪرڻ ڦٽي شاخون ٿيڻ,,SindhiLanguage.org,https://sindhilanguage.org/,Amar Fayaz Buriro (امر فياض ٻرڙو),Ramify (v),Ramify (v),HEADWORD_WITH_LABEL,HEADWORD_WITH_LABEL
slx_5e4bf1942766f5b7,57888,Ran (p.t of run),,,English → Sindhi,ڊوڙيو، ڀڳو,english,English → Sindhi,ran p t of run,ڊوڙيو ڀڳو,,SindhiLanguage.org,https://sindhilanguage.org/,Amar Fayaz Buriro (امر فياض ٻرڙو),Ran (p.t of run),Ran (p.t of run),HEADWORD_WITH_LABEL,HEADWORD_WITH_LABEL
slx_02042f937902cc06,57893,(At random),,,English → Sindhi,اتفاقي، اٽڪل تي، اجائي طرح,english,English → Sindhi,at random,اتفاقي اٽڪل تي اجائي طرح,,SindhiLanguage.org,https://sindhilanguage.org/,Amar Fayaz Buriro (امر فياض ٻرڙو),(At random),(At random),PARENTHETICAL,PARENTHETICAL
slx_633d746f5169a635,57897,Range (v),,,English → Sindhi,شمار ڪرڻ، رلڻ، ٺاهي بيهارڻ,english,English → Sindhi,range v,شمار ڪرڻ رلڻ ٺاهي بيهارڻ,,SindhiLanguage.org,https://sindhilanguage.org/,Amar Fayaz Buriro (امر فياض ٻرڙو),Range (v),Range (v),HEADWORD_WITH_LABEL,HEADWORD_WITH_LABEL
slx_7ac43e57f398a44c,57898,(Within the range of),,,English → Sindhi,قابوءَ ۾، پهچ ۾، وس ۾,english,English → Sindhi,within the range of,قابوء پهچ وس,,SindhiLanguage.org,https://sindhilanguage.org/,Amar Fayaz Buriro (امر فياض ٻرڙو),(Within the range of),(Within the range of),PARENTHETICAL,PARENTHETICAL
slx_dfb1f81df4316233,57902,Rank (v),,,English → Sindhi,شمار ڪرڻ، قطار ڪرڻ، شمارجڻ,english,English → Sindhi,rank v,شمار ڪرڻ قطار ڪرڻ شمارجڻ,,SindhiLanguage.org,https://sindhilanguage.org/,Amar Fayaz Buriro (امر فياض ٻرڙو),Rank (v),Rank (v),HEADWORD_WITH_LABEL,HEADWORD_WITH_LABEL
slx_9658ed5adb11d202,57903,Rankle (v),,,English → Sindhi,سڙڻ، پچڻ، جلڻ، کامڻ,english,English → Sindhi,rankle v,سڙڻ پچڻ جلڻ کامڻ,,SindhiLanguage.org,https://sindhilanguage.org/,Amar Fayaz Buriro (امر فياض ٻرڙو),Rankle (v),Rankle (v),HEADWORD_WITH_LABEL,HEADWORD_WITH_LABEL
slx_b66740f66f24f19b,57904,Ransack (v),,,English → Sindhi,لٽڻ، گهڻو ڳولهڻ، ڦرڻ,english,English → Sindhi,ransack v,لٽڻ گهڻو ڳولهڻ ڦرڻ,,SindhiLanguage.org,https://sindhilanguage.org/,Amar Fayaz Buriro (امر فياض ٻرڙو),Ransack (v),Ransack (v),HEADWORD_WITH_LABEL,HEADWORD_WITH_LABEL
slx_dc185ff8c03e0287,57908,Rap (v),,,English → Sindhi,ڦري وٺڻ، زوري وٺڻ، کڙڪائڻ,english,English → Sindhi,rap v,ڦري وٺڻ زوري وٺڻ کڙڪائڻ,,SindhiLanguage.org,https://sindhilanguage.org/,Amar Fayaz Buriro (امر فياض ٻرڙو),Rap (v),Rap (v),HEADWORD_WITH_LABEL,HEADWORD_WITH_LABEL
slx_a7fe5e7475969a01,57910,(Not worth a rap),,,English → Sindhi,جيڪو پائي به نه لهي,english,English → Sindhi,not worth a rap,جيڪو پائي به نه لهي,,SindhiLanguage.org,https://sindhilanguage.org/,Amar Fayaz Buriro (امر فياض ٻرڙو),(Not worth a rap),(Not worth a rap),PARENTHETICAL,PARENTHETICAL
slx_7ca4e50798f3dd94,57932,Rarify (v),,,English → Sindhi,پٽڙو ڪرڻ، سڌارڻ,english,English → Sindhi,rarify v,پٽڙو ڪرڻ سڌارڻ,,SindhiLanguage.org,https://sindhilanguage.org/,Amar Fayaz Buriro (امر فياض ٻرڙو),Rarify (v),Rarify (v),HEADWORD_WITH_LABEL,HEADWORD_WITH_LABEL
slx_93bcda025172db94,57937,Rase (v),,,English → Sindhi,ڇلڻ، گَهڻَ، مٽيءَ ۾ ملائڻ، سڌو ڪرڻ,english,English → Sindhi,rase v,ڇلڻ گهڻ مٽيء ملائڻ سڌو ڪرڻ,,SindhiLanguage.org,https://sindhilanguage.org/,Amar Fayaz Buriro (امر فياض ٻرڙو),Rase (v),Rase (v),HEADWORD_WITH_LABEL,HEADWORD_WITH_LABEL
slx_a72772b763ac4b1e,57946,(To smell a rat),,,English → Sindhi,شڪ پوڻ,english,English → Sindhi,to smell a rat,شڪ پوڻ,,SindhiLanguage.org,https://sindhilanguage.org/,Amar Fayaz Buriro (امر فياض ٻرڙو),(To smell a rat),(To smell a rat),PARENTHETICAL,PARENTHETICAL
slx_3a43f420a28ef566,57952,(At this rate),,,English → Sindhi,انهيءَ نرخ، انهيءَ حساب,english,English → Sindhi,at this rate,انهيء نرخ انهيء حساب,,SindhiLanguage.org,https://sindhilanguage.org/,Amar Fayaz Buriro (امر فياض ٻرڙو),(At this rate),(At this rate),PARENTHETICAL,PARENTHETICAL
slx_360f524880137f86,57953,(At any rate),,,English → Sindhi,ڪنهن به حالت يا صورت ۾,english,English → Sindhi,at any rate,ڪنهن به حالت يا صورت,,SindhiLanguage.org,https://sindhilanguage.org/,Amar Fayaz Buriro (امر فياض ٻرڙو),(At any rate),(At any rate),PARENTHETICAL,PARENTHETICAL
slx_bd8e0afbb7550c45,57957,Ratify (v),,,English → Sindhi,بحال ڪرڻ، منظور ڪرڻ، پسند ڪرڻ,english,English → Sindhi,ratify v,بحال ڪرڻ منظور ڪرڻ پسند ڪرڻ,,SindhiLanguage.org,https://sindhilanguage.org/,Amar Fayaz Buriro (امر فياض ٻرڙو),Ratify (v),Ratify (v),HEADWORD_WITH_LABEL,HEADWORD_WITH_LABEL
slx_dd1a9ef596ee7c4c,57968,Rattle (v),,,English → Sindhi,ڌمڪائڻ، کڙڪائڻ، بڪڻ,english,English → Sindhi,rattle v,ڌمڪائڻ کڙڪائڻ بڪڻ,,SindhiLanguage.org,https://sindhilanguage.org/,Amar Fayaz Buriro (امر فياض ٻرڙو),Rattle (v),Rattle (v),HEADWORD_WITH_LABEL,HEADWORD_WITH_LABEL
slx_a45160e7b77f594f,57972,Ravage (v),,,English → Sindhi,برباد ڪرڻ، اجاڙڻ، ويران ڪرڻ,english,English → Sindhi,ravage v,برباد ڪرڻ اجاڙڻ ويران ڪرڻ,,SindhiLanguage.org,https://sindhilanguage.org/,Amar Fayaz Buriro (امر فياض ٻرڙو),Ravage (v),Ravage (v),HEADWORD_WITH_LABEL,HEADWORD_WITH_LABEL
slx_b0af81eb1cd63673,57973,Ravage (n),,,English → Sindhi,بربادي، ويراني، سڃ,english,English → Sindhi,ravage n,بربادي ويراني سڃ,,SindhiLanguage.org,https://sindhilanguage.org/,Amar Fayaz Buriro (امر فياض ٻرڙو),Ravage (n),Ravage (n),HEADWORD_WITH_LABEL,HEADWORD_WITH_LABEL
slx_6bb69c18dcd4ea04,57974,Rave (v),,,English → Sindhi,چرين وانگر ڳالهائڻ، بڪڻ,english,English → Sindhi,rave v,چرين وانگر ڳالهائڻ بڪڻ,,SindhiLanguage.org,https://sindhilanguage.org/,Amar Fayaz Buriro (امر فياض ٻرڙو),Rave (v),Rave (v),HEADWORD_WITH_LABEL,HEADWORD_WITH_LABEL
slx_70dc03ea0a0ddb8c,57975,(To rave on or upon),,,English → Sindhi,عاشق ٿيڻ، ڪنهن تي موهجي وڃڻ,english,English → Sindhi,to rave on or upon,عاشق ٿيڻ ڪنهن تي موهجي وڃڻ,,SindhiLanguage.org,https://sindhilanguage.org/,Amar Fayaz Buriro (امر فياض ٻرڙو),(To rave on or upon),(To rave on or upon),PARENTHETICAL,PARENTHETICAL
slx_bf75df5862adc388,57976,Ravel (v),,,English → Sindhi,منجهائڻ، کولڻ، مونجهارو,english,English → Sindhi,ravel v,منجهائڻ کولڻ مونجهارو,,SindhiLanguage.org,https://sindhilanguage.org/,Amar Fayaz Buriro (امر فياض ٻرڙو),Ravel (v),Ravel (v),HEADWORD_WITH_LABEL,HEADWORD_WITH_LABEL
slx_625e3aa27ae980f8,57979,Raven (v),,,English → Sindhi,کائي وڃڻ، شڪار ڪرڻ، زبردستي وٺڻ,english,English → Sindhi,raven v,کائي وڃڻ شڪار ڪرڻ زبردستي وٺڻ,,SindhiLanguage.org,https://sindhilanguage.org/,Amar Fayaz Buriro (امر فياض ٻرڙو),Raven (v),Raven (v),HEADWORD_WITH_LABEL,HEADWORD_WITH_LABEL
slx_c4be6499753d46eb,57996,Re absorb (v),,,English → Sindhi,وري چهي وڃڻ، وري جذب ڪرڻ,english,English → Sindhi,re absorb v,وري چهي وڃڻ وري جذب ڪرڻ,,SindhiLanguage.org,https://sindhilanguage.org/,Amar Fayaz Buriro (امر فياض ٻرڙو),Re absorb (v),Re absorb (v),HEADWORD_WITH_LABEL,HEADWORD_WITH_LABEL
slx_4c96ce89bc9fa5ea,57997,Reach (v),,,English → Sindhi,پهچڻ، پڄڻ، سهڙڻ، پهچ، هلندي,english,English → Sindhi,reach v,پهچڻ پڄڻ سهڙڻ پهچ هلندي,,SindhiLanguage.org,https://sindhilanguage.org/,Amar Fayaz Buriro (امر فياض ٻرڙو),Reach (v),Reach (v),HEADWORD_WITH_LABEL,HEADWORD_WITH_LABEL
slx_0aaeed6c1d65571c,57998,Re act (v),,,English → Sindhi,وري ڪرڻ، ابتو اثر ڪرڻ، گڏجي ڪرڻ,english,English → Sindhi,re act v,وري ڪرڻ ابتو اثر ڪرڻ گڏجي ڪرڻ,,SindhiLanguage.org,https://sindhilanguage.org/,Amar Fayaz Buriro (امر فياض ٻرڙو),Re act (v),Re act (v),HEADWORD_WITH_LABEL,HEADWORD_WITH_LABEL
slx_95577ca8e16b4da9,58001,Read (v),,,English → Sindhi,پڙهڻ، اڀياس ڪرڻ، سکڻ,english,English → Sindhi,read v,پڙهڻ اڀياس ڪرڻ سکڻ,,SindhiLanguage.org,https://sindhilanguage.org/,Amar Fayaz Buriro (امر فياض ٻرڙو),Read (v),Read (v),HEADWORD_WITH_LABEL,HEADWORD_WITH_LABEL
slx_e7601eda79cea21c,58003,Read out (v),,,English → Sindhi,پڙهي ٻڌائڻ,english,English → Sindhi,read out v,پڙهي ٻڌائڻ,,SindhiLanguage.org,https://sindhilanguage.org/,Amar Fayaz Buriro (امر فياض ٻرڙو),Read out (v),Read out (v),HEADWORD_WITH_LABEL,HEADWORD_WITH_LABEL
slx_5b64c99bc1609ccb,58009,Readjourn (v),,,English → Sindhi,وري ملتوي ڪرڻ، وري مهمل ڪرڻ,english,English → Sindhi,readjourn v,وري ملتوي ڪرڻ وري مهمل ڪرڻ,,SindhiLanguage.org,https://sindhilanguage.org/,Amar Fayaz Buriro (امر فياض ٻرڙو),Readjourn (v),Readjourn (v),HEADWORD_WITH_LABEL,HEADWORD_WITH_LABEL
slx_647a6018d65c38b0,58010,Readmit (v),,,English → Sindhi,وري داخل ڪرڻ,english,English → Sindhi,readmit v,وري داخل ڪرڻ,,SindhiLanguage.org,https://sindhilanguage.org/,Amar Fayaz Buriro (امر فياض ٻرڙو),Readmit (v),Readmit (v),HEADWORD_WITH_LABEL,HEADWORD_WITH_LABEL
slx_7e4634aeff8a528c,58013,(Make ready to),,,English → Sindhi,تيار ڪرڻ,english,English → Sindhi,make ready to,تيار ڪرڻ,,SindhiLanguage.org,https://sindhilanguage.org/,Amar Fayaz Buriro (امر فياض ٻرڙو),(Make ready to),(Make ready to),PARENTHETICAL,PARENTHETICAL
slx_840f25bc535fac6d,58018,Realize (v),,,English → Sindhi,سهي ڪرڻ، سمجهڻ، وصول ڪرڻ,english,English → Sindhi,realize v,سهي ڪرڻ سمجهڻ وصول ڪرڻ,,SindhiLanguage.org,https://sindhilanguage.org/,Amar Fayaz Buriro (امر فياض ٻرڙو),Realize (v),Realize (v),HEADWORD_WITH_LABEL,HEADWORD_WITH_LABEL
slx_bb46c012f707ef48,58023,(In reality),,,English → Sindhi,سچ پچ، حقيقت ۾,english,English → Sindhi,in reality,سچ پچ حقيقت,,SindhiLanguage.org,https://sindhilanguage.org/,Amar Fayaz Buriro (امر فياض ٻرڙو),(In reality),(In reality),PARENTHETICAL,PARENTHETICAL
slx_b20a7e6daed52f16,58029,Reap (v),,,English → Sindhi,حاصل ڪرڻ، لڻڻ، لابارو وجهڻ، جمع ڪرڻ,english,English → Sindhi,reap v,حاصل ڪرڻ لڻڻ لابارو وجهڻ جمع ڪرڻ,,SindhiLanguage.org,https://sindhilanguage.org/,Amar Fayaz Buriro (امر فياض ٻرڙو),Reap (v),Reap (v),HEADWORD_WITH_LABEL,HEADWORD_WITH_LABEL
slx_ea38d8d750852596,58031,Re appear (v),,,English → Sindhi,وي ظاهر ٿيڻ، وري نڪرڻ,english,English → Sindhi,re appear v,وي ظاهر ٿيڻ وري نڪرڻ,,SindhiLanguage.org,https://sindhilanguage.org/,Amar Fayaz Buriro (امر فياض ٻرڙو),Re appear (v),Re appear (v),HEADWORD_WITH_LABEL,HEADWORD_WITH_LABEL
slx_d2d78cd7d0cb91a3,58032,"Re appoint, (v)",,,English → Sindhi,وري مقرر ڪرڻ، وري عهدو ڏيڻ,english,English → Sindhi,re appoint v,وري مقرر ڪرڻ وري عهدو ڏيڻ,,SindhiLanguage.org,https://sindhilanguage.org/,Amar Fayaz Buriro (امر فياض ٻرڙو),"Re appoint, (v)","Re appoint, (v)",HEADWORD_WITH_LABEL,HEADWORD_WITH_LABEL
slx_0b441ca4cf9d6a85,58033,Rear (v),,,English → Sindhi,پالڻ، نپائڻ، تعليم ڏيڻ,english,English → Sindhi,rear v,پالڻ نپائڻ تعليم ڏيڻ,,SindhiLanguage.org,https://sindhilanguage.org/,Amar Fayaz Buriro (امر فياض ٻرڙو),Rear (v),Rear (v),HEADWORD_WITH_LABEL,HEADWORD_WITH_LABEL
slx_e8f32c871f103300,58034,Rear (n),,,English → Sindhi,پٺيون حصو، پڇاڙي,english,English → Sindhi,rear n,پٺيون حصو پڇاڙي,,SindhiLanguage.org,https://sindhilanguage.org/,Amar Fayaz Buriro (امر فياض ٻرڙو),Rear (n),Rear (n),HEADWORD_WITH_LABEL,HEADWORD_WITH_LABEL
slx_d7a35718117f70a6,58039,Reason (v),,,English → Sindhi,بحث ڪرڻ، دليل ڏيڻ، مڃائڻ,english,English → Sindhi,reason v,بحث ڪرڻ دليل ڏيڻ مڃائڻ,,SindhiLanguage.org,https://sindhilanguage.org/,Amar Fayaz Buriro (امر فياض ٻرڙو),Reason (v),Reason (v),HEADWORD_WITH_LABEL,HEADWORD_WITH_LABEL
slx_248e7fce04f043cf,58042,Re assert (v),,,English → Sindhi,وري دعويٰ ڪرڻ,english,English → Sindhi,re assert v,وري دعوي ڪرڻ,,SindhiLanguage.org,https://sindhilanguage.org/,Amar Fayaz Buriro (امر فياض ٻرڙو),Re assert (v),Re assert (v),HEADWORD_WITH_LABEL,HEADWORD_WITH_LABEL
slx_b2445a207a4d7fb4,58043,Re assign (v),,,English → Sindhi,وري واپس ڏيڻ,english,English → Sindhi,re assign v,وري واپس ڏيڻ,,SindhiLanguage.org,https://sindhilanguage.org/,Amar Fayaz Buriro (امر فياض ٻرڙو),Re assign (v),Re assign (v),HEADWORD_WITH_LABEL,HEADWORD_WITH_LABEL
slx_8da15da4574405e1,58044,Re assume (v),,,English → Sindhi,وري اختيار ڪرڻ يا وٺڻ,english,English → Sindhi,re assume v,وري اختيار ڪرڻ يا وٺڻ,,SindhiLanguage.org,https://sindhilanguage.org/,Amar Fayaz Buriro (امر فياض ٻرڙو),Re assume (v),Re assume (v),HEADWORD_WITH_LABEL,HEADWORD_WITH_LABEL
slx_a0ba9725315cc4fd,58045,Re assure (v),,,English → Sindhi,وري پڪ ڏيارڻ، وري يقين ڏيارڻ,english,English → Sindhi,re assure v,وري پڪ ڏيارڻ وري يقين ڏيارڻ,,SindhiLanguage.org,https://sindhilanguage.org/,Amar Fayaz Buriro (امر فياض ٻرڙو),Re assure (v),Re assure (v),HEADWORD_WITH_LABEL,HEADWORD_WITH_LABEL
slx_6a116b38de9c3461,58046,Reave (v),,,English → Sindhi,زبردستي کڻي وڃڻ,english,English → Sindhi,reave v,زبردستي کڻي وڃڻ,,SindhiLanguage.org,https://sindhilanguage.org/,Amar Fayaz Buriro (امر فياض ٻرڙو),Reave (v),Reave (v),HEADWORD_WITH_LABEL,HEADWORD_WITH_LABEL
slx_d7627c9bd3d5e83c,58053,Re bound (v),,,English → Sindhi,وري اچڻ، پلٽو کائڻ، موٽ,english,English → Sindhi,re bound v,وري اچڻ پلٽو کائڻ موٽ,,SindhiLanguage.org,https://sindhilanguage.org/,Amar Fayaz Buriro (امر فياض ٻرڙو),Re bound (v),Re bound (v),HEADWORD_WITH_LABEL,HEADWORD_WITH_LABEL
slx_7cb7fe82c9184961,58055,Rebuild (v),,,English → Sindhi,وري ٺهرائڻ,english,English → Sindhi,rebuild v,وري ٺهرائڻ,,SindhiLanguage.org,https://sindhilanguage.org/,Amar Fayaz Buriro (امر فياض ٻرڙو),Rebuild (v),Rebuild (v),HEADWORD_WITH_LABEL,HEADWORD_WITH_LABEL
slx_4c39506cdce83453,58061,Recall (v),,,English → Sindhi,ياد اچڻ، ياد ڪرڻ، وري سڏڻ,english,English → Sindhi,recall v,ياد اچڻ ياد ڪرڻ وري سڏڻ,,SindhiLanguage.org,https://sindhilanguage.org/,Amar Fayaz Buriro (امر فياض ٻرڙو),Recall (v),Recall (v),HEADWORD_WITH_LABEL,HEADWORD_WITH_LABEL
slx_d1feb10993904437,58062,Recant (v),,,English → Sindhi,رد ڪرڻ، واپس وٺڻ، زبان ڦيرائڻ,english,English → Sindhi,recant v,رد ڪرڻ واپس وٺڻ زبان ڦيرائڻ,,SindhiLanguage.org,https://sindhilanguage.org/,Amar Fayaz Buriro (امر فياض ٻرڙو),Recant (v),Recant (v),HEADWORD_WITH_LABEL,HEADWORD_WITH_LABEL
slx_3af3f6e2d8618e68,58063,Re capitulate (v),,,English → Sindhi,مختصر ڪرڻ، وري بيان ڪرڻ، حاصل مطلب ڏيڻ,english,English → Sindhi,re capitulate v,مختصر ڪرڻ وري بيان ڪرڻ حاصل مطلب ڏيڻ,,SindhiLanguage.org,https://sindhilanguage.org/,Amar Fayaz Buriro (امر فياض ٻرڙو),Re capitulate (v),Re capitulate (v),HEADWORD_WITH_LABEL,HEADWORD_WITH_LABEL
slx_847d5fd917147f5e,58065,Recapture (v),,,English → Sindhi,وري هٿ ڪرڻ، وري گرفتار ڪرڻ,english,English → Sindhi,recapture v,وري هٿ ڪرڻ وري گرفتار ڪرڻ,,SindhiLanguage.org,https://sindhilanguage.org/,Amar Fayaz Buriro (امر فياض ٻرڙو),Recapture (v),Recapture (v),HEADWORD_WITH_LABEL,HEADWORD_WITH_LABEL
slx_11f823d9e36e4c55,58066,Recast (v),,,English → Sindhi,وري ڳڻڻ، وري اڇلڻ، وري پلٽ ڪرڻ,english,English → Sindhi,recast v,وري ڳڻڻ وري اڇلڻ وري پلٽ ڪرڻ,,SindhiLanguage.org,https://sindhilanguage.org/,Amar Fayaz Buriro (امر فياض ٻرڙو),Recast (v),Recast (v),HEADWORD_WITH_LABEL,HEADWORD_WITH_LABEL
slx_35ef0aba6561c55a,58067,Recede (v),,,English → Sindhi,باز رهڻ، هٽڻ، پٺيان هٽڻ، هٿ کڻڻ,english,English → Sindhi,recede v,باز رهڻ هٽڻ پٺيان هٽڻ هٿ کڻڻ,,SindhiLanguage.org,https://sindhilanguage.org/,Amar Fayaz Buriro (امر فياض ٻرڙو),Recede (v),Recede (v),HEADWORD_WITH_LABEL,HEADWORD_WITH_LABEL
slx_f7087bb027d66a1a,58071,Receive (v),,,English → Sindhi,مرحبا ڪرڻ، وٺڻ، ملڻ، گڏجڻ,english,English → Sindhi,receive v,مرحبا ڪرڻ وٺڻ ملڻ گڏجڻ,,SindhiLanguage.org,https://sindhilanguage.org/,Amar Fayaz Buriro (امر فياض ٻرڙو),Receive (v),Receive (v),HEADWORD_WITH_LABEL,HEADWORD_WITH_LABEL
slx_0c7e11bc2a2a5de8,58082,Recheat (v),,,English → Sindhi,شڪار جي وقت ڪتن کي موٽائڻ جي سيٽي,english,English → Sindhi,recheat v,شڪار جي وقت ڪتن کي موٽائڻ جي سيٽي,,SindhiLanguage.org,https://sindhilanguage.org/,Amar Fayaz Buriro (امر فياض ٻرڙو),Recheat (v),Recheat (v),HEADWORD_WITH_LABEL,HEADWORD_WITH_LABEL
slx_7894d8257bb0d51e,58086,Reciprocate (v),,,English → Sindhi,هڪ ٻئي ۾ ڏي وٺ ڪرڻ، موٽ ڏيڻ,english,English → Sindhi,reciprocate v,هڪ ٻئي ڏي وٺ ڪرڻ موٽ ڏيڻ,,SindhiLanguage.org,https://sindhilanguage.org/,Amar Fayaz Buriro (امر فياض ٻرڙو),Reciprocate (v),Reciprocate (v),HEADWORD_WITH_LABEL,HEADWORD_WITH_LABEL
slx_96f854c513238649,58091,Recite (v),,,English → Sindhi,بيان ڪرڻ، برزبان ٻڌائڻ,english,English → Sindhi,recite v,بيان ڪرڻ برزبان ٻڌائڻ,,SindhiLanguage.org,https://sindhilanguage.org/,Amar Fayaz Buriro (امر فياض ٻرڙو),Recite (v),Recite (v),HEADWORD_WITH_LABEL,HEADWORD_WITH_LABEL
slx_8ebb9f44dcb3091f,58095,Reckon (v),,,English → Sindhi,ڳڻڻ، شمار ڪرڻ، حساب ڪرڻ,english,English → Sindhi,reckon v,ڳڻڻ شمار ڪرڻ حساب ڪرڻ,,SindhiLanguage.org,https://sindhilanguage.org/,Amar Fayaz Buriro (امر فياض ٻرڙو),Reckon (v),Reckon (v),HEADWORD_WITH_LABEL,HEADWORD_WITH_LABEL
slx_61b010311f6d6223,58098,Reclaim (v),,,English → Sindhi,وصول ڪرڻ، واپس گهرڻ، سڌارڻ,english,English → Sindhi,reclaim v,وصول ڪرڻ واپس گهرڻ سڌارڻ,,SindhiLanguage.org,https://sindhilanguage.org/,Amar Fayaz Buriro (امر فياض ٻرڙو),Reclaim (v),Reclaim (v),HEADWORD_WITH_LABEL,HEADWORD_WITH_LABEL
slx_dd749f06774baa33,58100,Recline (v),,,English → Sindhi,ليٽڻ، ٽيڪ ڏيڻ,english,English → Sindhi,recline v,ليٽڻ ٽيڪ ڏيڻ,,SindhiLanguage.org,https://sindhilanguage.org/,Amar Fayaz Buriro (امر فياض ٻرڙو),Recline (v),Recline (v),HEADWORD_WITH_LABEL,HEADWORD_WITH_LABEL
slx_93782b097ee3a0f8,58105,Recognize (v),,,English → Sindhi,سڃاڻڻ، مڃڻ، قبول ڪرڻ,english,English → Sindhi,recognize v,سڃاڻڻ مڃڻ قبول ڪرڻ,,SindhiLanguage.org,https://sindhilanguage.org/,Amar Fayaz Buriro (امر فياض ٻرڙو),Recognize (v),Recognize (v),HEADWORD_WITH_LABEL,HEADWORD_WITH_LABEL
slx_a09ca36703a5c8f3,58108,Recoil (v),,,English → Sindhi,پٺيان هٽڻ، بندوق جو ڌڪو ڏيڻ، ڊڄڻ,english,English → Sindhi,recoil v,پٺيان هٽڻ بندوق جو ڌڪو ڏيڻ ڊڄڻ,,SindhiLanguage.org,https://sindhilanguage.org/,Amar Fayaz Buriro (امر فياض ٻرڙو),Recoil (v),Recoil (v),HEADWORD_WITH_LABEL,HEADWORD_WITH_LABEL
slx_10891fd6e7274b3f,58110,Recollect (v),,,English → Sindhi,ياد ڪرڻ، ياد اچڻ,english,English → Sindhi,recollect v,ياد ڪرڻ ياد اچڻ,,SindhiLanguage.org,https://sindhilanguage.org/,Amar Fayaz Buriro (امر فياض ٻرڙو),Recollect (v),Recollect (v),HEADWORD_WITH_LABEL,HEADWORD_WITH_LABEL
slx_8460c7652bfff12f,58112,Recommence (v),,,English → Sindhi,وري شروع ڪرڻ,english,English → Sindhi,recommence v,وري شروع ڪرڻ,,SindhiLanguage.org,https://sindhilanguage.org/,Amar Fayaz Buriro (امر فياض ٻرڙو),Recommence (v),Recommence (v),HEADWORD_WITH_LABEL,HEADWORD_WITH_LABEL
slx_fd21517c185f2270,58113,Recommend (v),,,English → Sindhi,سفارش ڪرڻ، تعريف ڪرڻ، صلاح ڏيڻ,english,English → Sindhi,recommend v,سفارش ڪرڻ تعريف ڪرڻ صلاح ڏيڻ,,SindhiLanguage.org,https://sindhilanguage.org/,Amar Fayaz Buriro (امر فياض ٻرڙو),Recommend (v),Recommend (v),HEADWORD_WITH_LABEL,HEADWORD_WITH_LABEL
slx_e0773b8af0dce752,58116,Recommit (v),,,English → Sindhi,وري ڏيڻ، ڪميٽيءَ کي واپس ڪرڻ,english,English → Sindhi,recommit v,وري ڏيڻ ڪميٽيء کي واپس ڪرڻ,,SindhiLanguage.org,https://sindhilanguage.org/,Amar Fayaz Buriro (امر فياض ٻرڙو),Recommit (v),Recommit (v),HEADWORD_WITH_LABEL,HEADWORD_WITH_LABEL
slx_25c504d790dc2c46,58117,Recompense (v),,,English → Sindhi,معاوضو يا اجر ڏيڻ، عيوضو ڀرڻ,english,English → Sindhi,recompense v,معاوضو يا اجر ڏيڻ عيوضو ڀرڻ,,SindhiLanguage.org,https://sindhilanguage.org/,Amar Fayaz Buriro (امر فياض ٻرڙو),Recompense (v),Recompense (v),HEADWORD_WITH_LABEL,HEADWORD_WITH_LABEL
slx_fea02c983ccce328,58118,Recompile (v),,,English → Sindhi,نئين سر مرتب ڪرڻ,english,English → Sindhi,recompile v,نئين سر مرتب ڪرڻ,,SindhiLanguage.org,https://sindhilanguage.org/,Amar Fayaz Buriro (امر فياض ٻرڙو),Recompile (v),Recompile (v),HEADWORD_WITH_LABEL,HEADWORD_WITH_LABEL
slx_56b6c254ecba3202,58119,Recompose (v),,,English → Sindhi,نئين سر ٺاهڻ، وري ترتيب ڏيڻ,english,English → Sindhi,recompose v,نئين سر ٺاهڻ وري ترتيب ڏيڻ,,SindhiLanguage.org,https://sindhilanguage.org/,Amar Fayaz Buriro (امر فياض ٻرڙو),Recompose (v),Recompose (v),HEADWORD_WITH_LABEL,HEADWORD_WITH_LABEL
slx_c99693bc3804cdac,58120,Reconcile (v),,,English → Sindhi,صلح ڪرائڻ، ٺاهڻ، پرچائڻ,english,English → Sindhi,reconcile v,صلح ڪرائڻ ٺاهڻ پرچائڻ,,SindhiLanguage.org,https://sindhilanguage.org/,Amar Fayaz Buriro (امر فياض ٻرڙو),Reconcile (v),Reconcile (v),HEADWORD_WITH_LABEL,HEADWORD_WITH_LABEL
slx_cc97555a2cc6cdd5,58123,Reconduct (v),,,English → Sindhi,وري رهنمائي ڪرڻ,english,English → Sindhi,reconduct v,وري رهنمائي ڪرڻ,,SindhiLanguage.org,https://sindhilanguage.org/,Amar Fayaz Buriro (امر فياض ٻرڙو),Reconduct (v),Reconduct (v),HEADWORD_WITH_LABEL,HEADWORD_WITH_LABEL
slx_80b39c4d7fa0d42c,58125,Reconnoitre (v),,,English → Sindhi,جاچڻ، نظر مان ڪڍڻ,english,English → Sindhi,reconnoitre v,جاچڻ نظر مان ڪڍڻ,,SindhiLanguage.org,https://sindhilanguage.org/,Amar Fayaz Buriro (امر فياض ٻرڙو),Reconnoitre (v),Reconnoitre (v),HEADWORD_WITH_LABEL,HEADWORD_WITH_LABEL
slx_e5a7c3bbdcc2ec2d,58126,Reconquer (v),,,English → Sindhi,وري فتح ڪرڻ، وري حاصل ڪرڻ,english,English → Sindhi,reconquer v,وري فتح ڪرڻ وري حاصل ڪرڻ,,SindhiLanguage.org,https://sindhilanguage.org/,Amar Fayaz Buriro (امر فياض ٻرڙو),Reconquer (v),Reconquer (v),HEADWORD_WITH_LABEL,HEADWORD_WITH_LABEL
slx_e80b5455ecb85fb2,58127,Reconsider (v),,,English → Sindhi,ويچار ڪرڻ، نظرثاني ڪرڻ,english,English → Sindhi,reconsider v,ويچار ڪرڻ نظرثاني ڪرڻ,,SindhiLanguage.org,https://sindhilanguage.org/,Amar Fayaz Buriro (امر فياض ٻرڙو),Reconsider (v),Reconsider (v),HEADWORD_WITH_LABEL,HEADWORD_WITH_LABEL
slx_32445ff94ce9675f,58129,Reconvey (v),,,English → Sindhi,وري کڻي وڃڻ، پهرين مالڪ کي واپس ڪرڻ,english,English → Sindhi,reconvey v,وري کڻي وڃڻ پهرين مالڪ کي واپس ڪرڻ,,SindhiLanguage.org,https://sindhilanguage.org/,Amar Fayaz Buriro (امر فياض ٻرڙو),Reconvey (v),Reconvey (v),HEADWORD_WITH_LABEL,HEADWORD_WITH_LABEL
slx_c455fd5e124c6594,58131,Record (v),,,English → Sindhi,داخل ڪرڻ، لکي رکڻ، دفتر ۾ داخل ڪرڻ,english,English → Sindhi,record v,داخل ڪرڻ لکي رکڻ دفتر داخل ڪرڻ,,SindhiLanguage.org,https://sindhilanguage.org/,Amar Fayaz Buriro (امر فياض ٻرڙو),Record (v),Record (v),HEADWORD_WITH_LABEL,HEADWORD_WITH_LABEL
slx_ff440289949b5281,58133,Break record (v),,,English → Sindhi,اڳين سڀني کان گوءِ کڻڻ,english,English → Sindhi,break record v,اڳين سڀني کان گوء کڻڻ,,SindhiLanguage.org,https://sindhilanguage.org/,Amar Fayaz Buriro (امر فياض ٻرڙو),Break record (v),Break record (v),HEADWORD_WITH_LABEL,HEADWORD_WITH_LABEL
slx_e8cf13db28e86434,58134,Recount (v),,,English → Sindhi,وري ڳڻڻ، وري شمار ڪرڻ,english,English → Sindhi,recount v,وري ڳڻڻ وري شمار ڪرڻ,,SindhiLanguage.org,https://sindhilanguage.org/,Amar Fayaz Buriro (امر فياض ٻرڙو),Recount (v),Recount (v),HEADWORD_WITH_LABEL,HEADWORD_WITH_LABEL
slx_cd4825c5d54a928a,58135,Recoup (v),,,English → Sindhi,ڀري ڏيڻ، پورو ڪرڻ، ورهائڻ، سٺو ڪرڻ,english,English → Sindhi,recoup v,ڀري ڏيڻ پورو ڪرڻ ورهائڻ سٺو ڪرڻ,,SindhiLanguage.org,https://sindhilanguage.org/,Amar Fayaz Buriro (امر فياض ٻرڙو),Recoup (v),Recoup (v),HEADWORD_WITH_LABEL,HEADWORD_WITH_LABEL
slx_0ee396765484838e,58137,Recover (v),,,English → Sindhi,تندرست ٿيڻ، وري هٿ ڪرڻ، وٺڻ,english,English → Sindhi,recover v,تندرست ٿيڻ وري هٿ ڪرڻ وٺڻ,,SindhiLanguage.org,https://sindhilanguage.org/,Amar Fayaz Buriro (امر فياض ٻرڙو),Recover (v),Recover (v),HEADWORD_WITH_LABEL,HEADWORD_WITH_LABEL
slx_12c3f7ec8c15a8ae,58141,Recreate (v),,,English → Sindhi,وري ٺاهڻ، خوش ڪرڻ، وندرائڻ,english,English → Sindhi,recreate v,وري ٺاهڻ خوش ڪرڻ وندرائڻ,,SindhiLanguage.org,https://sindhilanguage.org/,Amar Fayaz Buriro (امر فياض ٻرڙو),Recreate (v),Recreate (v),HEADWORD_WITH_LABEL,HEADWORD_WITH_LABEL
slx_6c6f10ddd1d3e55d,58145,Recriminate (v),,,English → Sindhi,هڪ ٻئي تي تهمت هڻڻ,english,English → Sindhi,recriminate v,هڪ ٻئي تي تهمت هڻڻ,,SindhiLanguage.org,https://sindhilanguage.org/,Amar Fayaz Buriro (امر فياض ٻرڙو),Recriminate (v),Recriminate (v),HEADWORD_WITH_LABEL,HEADWORD_WITH_LABEL
slx_2eb07c8cb1ac39e0,58150,Rectify (v),,,English → Sindhi,درست ڪرڻ، ٺاهڻ، ٺيڪ ڪرڻ,english,English → Sindhi,rectify v,درست ڪرڻ ٺاهڻ ٺيڪ ڪرڻ,,SindhiLanguage.org,https://sindhilanguage.org/,Amar Fayaz Buriro (امر فياض ٻرڙو),Rectify (v),Rectify (v),HEADWORD_WITH_LABEL,HEADWORD_WITH_LABEL
slx_856bc40fdfacc5e3,58158,Recuperate (v),,,English → Sindhi,وري تندرستي حاصل ڪرڻ، وصول ڪرڻ,english,English → Sindhi,recuperate v,وري تندرستي حاصل ڪرڻ وصول ڪرڻ,,SindhiLanguage.org,https://sindhilanguage.org/,Amar Fayaz Buriro (امر فياض ٻرڙو),Recuperate (v),Recuperate (v),HEADWORD_WITH_LABEL,HEADWORD_WITH_LABEL
slx_b1682f3e3f56667c,58161,Recur (v),,,English → Sindhi,ياد اچڻ، وري ٿيڻ، هُرڻ,english,English → Sindhi,recur v,ياد اچڻ وري ٿيڻ هرڻ,,SindhiLanguage.org,https://sindhilanguage.org/,Amar Fayaz Buriro (امر فياض ٻرڙو),Recur (v),Recur (v),HEADWORD_WITH_LABEL,HEADWORD_WITH_LABEL
slx_bc7116b4f5c0a40a,58170,Redden (v),,,English → Sindhi,ڳاڙهو ڪرڻ، شرمائڻ,english,English → Sindhi,redden v,ڳاڙهو ڪرڻ شرمائڻ,,SindhiLanguage.org,https://sindhilanguage.org/,Amar Fayaz Buriro (امر فياض ٻرڙو),Redden (v),Redden (v),HEADWORD_WITH_LABEL,HEADWORD_WITH_LABEL
slx_8aeaa677ce311eff,58172,Redeem (v),,,English → Sindhi,روپيا ڏئي ڇڏائڻ، آزاد ڪرڻ، خريد ڪرڻ، معاوضو ڪرڻ,english,English → Sindhi,redeem v,روپيا ڏئي ڇڏائڻ آزاد ڪرڻ خريد ڪرڻ معاوضو ڪرڻ,,SindhiLanguage.org,https://sindhilanguage.org/,Amar Fayaz Buriro (امر فياض ٻرڙو),Redeem (v),Redeem (v),HEADWORD_WITH_LABEL,HEADWORD_WITH_LABEL
slx_3b557d91e648cdaa,58174,Redeliver (v),,,English → Sindhi,ڇڏڻ، وري حوالي ڪرڻ,english,English → Sindhi,redeliver v,ڇڏڻ وري حوالي ڪرڻ,,SindhiLanguage.org,https://sindhilanguage.org/,Amar Fayaz Buriro (امر فياض ٻرڙو),Redeliver (v),Redeliver (v),HEADWORD_WITH_LABEL,HEADWORD_WITH_LABEL
slx_348781472a387eb3,58177,Redisburse (v),,,English → Sindhi,ادا ڪرڻ,english,English → Sindhi,redisburse v,ادا ڪرڻ,,SindhiLanguage.org,https://sindhilanguage.org/,Amar Fayaz Buriro (امر فياض ٻرڙو),Redisburse (v),Redisburse (v),HEADWORD_WITH_LABEL,HEADWORD_WITH_LABEL
slx_61dec5774518923f,58178,Redispose (v),,,English → Sindhi,وري ترتيب ڏيڻ,english,English → Sindhi,redispose v,وري ترتيب ڏيڻ,,SindhiLanguage.org,https://sindhilanguage.org/,Amar Fayaz Buriro (امر فياض ٻرڙو),Redispose (v),Redispose (v),HEADWORD_WITH_LABEL,HEADWORD_WITH_LABEL
slx_5e637f9f63b483a1,58182,Redouble (v),,,English → Sindhi,وڌائڻ، وڌڻ، زور وٺڻ,english,English → Sindhi,redouble v,وڌائڻ وڌڻ زور وٺڻ,,SindhiLanguage.org,https://sindhilanguage.org/,Amar Fayaz Buriro (امر فياض ٻرڙو),Redouble (v),Redouble (v),HEADWORD_WITH_LABEL,HEADWORD_WITH_LABEL
slx_27661ae667b1d29f,58185,Redound (v),,,English → Sindhi,پلٽو کائڻ، حاصل ٿيڻ، فائدو ٿيڻ، نتيجو نڪرڻ,english,English → Sindhi,redound v,پلٽو کائڻ حاصل ٿيڻ فائدو ٿيڻ نتيجو نڪرڻ,,SindhiLanguage.org,https://sindhilanguage.org/,Amar Fayaz Buriro (امر فياض ٻرڙو),Redound (v),Redound (v),HEADWORD_WITH_LABEL,HEADWORD_WITH_LABEL
slx_af8997e60c7bcc5a,58188,Reduce (v),,,English → Sindhi,گهٽائڻ، گهٽ ڪرڻ، آڻ مڃائڻ، تابع ڪرڻ,english,English → Sindhi,reduce v,گهٽائڻ گهٽ ڪرڻ آڻ مڃائڻ تابع ڪرڻ,,SindhiLanguage.org,https://sindhilanguage.org/,Amar Fayaz Buriro (امر فياض ٻرڙو),Reduce (v),Reduce (v),HEADWORD_WITH_LABEL,HEADWORD_WITH_LABEL
slx_6f882aaecdc916dd,58195,Re-echo (v),,,English → Sindhi,گرجڻ، پڙاڏو پيدا ڪرڻ,english,English → Sindhi,re echo v,گرجڻ پڙاڏو پيدا ڪرڻ,,SindhiLanguage.org,https://sindhilanguage.org/,Amar Fayaz Buriro (امر فياض ٻرڙو),Re-echo (v),Re-echo (v),HEADWORD_WITH_LABEL,HEADWORD_WITH_LABEL
slx_4325c6dcd875a607,58202,Reel (v),,,English → Sindhi,گهمائڻ، گهمڻ، ويڙهڻ، اوبڻ، مٿو ڦرڻ,english,English → Sindhi,reel v,گهمائڻ گهمڻ ويڙهڻ اوبڻ مٿو ڦرڻ,,SindhiLanguage.org,https://sindhilanguage.org/,Amar Fayaz Buriro (امر فياض ٻرڙو),Reel (v),Reel (v),HEADWORD_WITH_LABEL,HEADWORD_WITH_LABEL
slx_53cb3a8d7291f6a9,58203,Re-elect (v),,,English → Sindhi,وري چونڊ ڪرڻ، وري چونڊڻ,english,English → Sindhi,re elect v,وري چونڊ ڪرڻ وري چونڊڻ,,SindhiLanguage.org,https://sindhilanguage.org/,Amar Fayaz Buriro (امر فياض ٻرڙو),Re-elect (v),Re-elect (v),HEADWORD_WITH_LABEL,HEADWORD_WITH_LABEL
slx_4aa3ee73672b9478,58205,Re-embark (v),,,English → Sindhi,جهاز تي وري سواري ڪرڻ,english,English → Sindhi,re embark v,جهاز تي وري سواري ڪرڻ,,SindhiLanguage.org,https://sindhilanguage.org/,Amar Fayaz Buriro (امر فياض ٻرڙو),Re-embark (v),Re-embark (v),HEADWORD_WITH_LABEL,HEADWORD_WITH_LABEL
slx_f84620fa46984541,58206,Re-enact (v),,,English → Sindhi,ٻي ڀيري قانون جاري ڪرڻ,english,English → Sindhi,re enact v,ٻي ڀيري قانون جاري ڪرڻ,,SindhiLanguage.org,https://sindhilanguage.org/,Amar Fayaz Buriro (امر فياض ٻرڙو),Re-enact (v),Re-enact (v),HEADWORD_WITH_LABEL,HEADWORD_WITH_LABEL
slx_933371442dacc80c,58207,Re-enforce (v),,,English → Sindhi,نئين سر مدد ڪرڻ,english,English → Sindhi,re enforce v,نئين سر مدد ڪرڻ,,SindhiLanguage.org,https://sindhilanguage.org/,Amar Fayaz Buriro (امر فياض ٻرڙو),Re-enforce (v),Re-enforce (v),HEADWORD_WITH_LABEL,HEADWORD_WITH_LABEL
slx_276c71c8b4955dd7,58209,Re-engage (v),,,English → Sindhi,وري مقرر ڪرڻ,english,English → Sindhi,re engage v,وري مقرر ڪرڻ,,SindhiLanguage.org,https://sindhilanguage.org/,Amar Fayaz Buriro (امر فياض ٻرڙو),Re-engage (v),Re-engage (v),HEADWORD_WITH_LABEL,HEADWORD_WITH_LABEL
slx_ace01f5d47ac3866,58210,Re-enter (v),,,English → Sindhi,وري داخل ڪرڻ,english,English → Sindhi,re enter v,وري داخل ڪرڻ,,SindhiLanguage.org,https://sindhilanguage.org/,Amar Fayaz Buriro (امر فياض ٻرڙو),Re-enter (v),Re-enter (v),HEADWORD_WITH_LABEL,HEADWORD_WITH_LABEL
slx_3a9ecd11b995dae8,58211,Re-establish (v),,,English → Sindhi,وري مقرر ڪرڻ,english,English → Sindhi,re establish v,وري مقرر ڪرڻ,,SindhiLanguage.org,https://sindhilanguage.org/,Amar Fayaz Buriro (امر فياض ٻرڙو),Re-establish (v),Re-establish (v),HEADWORD_WITH_LABEL,HEADWORD_WITH_LABEL
slx_4a8773e356feaa7d,58213,Re-examine (v),,,English → Sindhi,وري جانچڻ، وري تپاسڻ,english,English → Sindhi,re examine v,وري جانچڻ وري تپاسڻ,,SindhiLanguage.org,https://sindhilanguage.org/,Amar Fayaz Buriro (امر فياض ٻرڙو),Re-examine (v),Re-examine (v),HEADWORD_WITH_LABEL,HEADWORD_WITH_LABEL
slx_b5465645debe2e67,58214,Re-export (v),,,English → Sindhi,ٻاهران آيل مال کي وري ٻاهر روانو ڪرڻ,english,English → Sindhi,re export v,ٻاهران آيل مال کي وري ٻاهر روانو ڪرڻ,,SindhiLanguage.org,https://sindhilanguage.org/,Amar Fayaz Buriro (امر فياض ٻرڙو),Re-export (v),Re-export (v),HEADWORD_WITH_LABEL,HEADWORD_WITH_LABEL
slx_fa62e9e728b598a2,58217,Refer (v),,,English → Sindhi,ڏسڻ، لاڳاپو رکڻ، حوالي ڪرڻ، سونپڻ، رجوع ڪرڻ,english,English → Sindhi,refer v,ڏسڻ لاڳاپو رکڻ حوالي ڪرڻ سونپڻ رجوع ڪرڻ,,SindhiLanguage.org,https://sindhilanguage.org/,Amar Fayaz Buriro (امر فياض ٻرڙو),Refer (v),Refer (v),HEADWORD_WITH_LABEL,HEADWORD_WITH_LABEL
slx_e29dcfcdddf6156a,58220,(To make reference),,,English → Sindhi,پڇڻ,english,English → Sindhi,to make reference,پڇڻ,,SindhiLanguage.org,https://sindhilanguage.org/,Amar Fayaz Buriro (امر فياض ٻرڙو),(To make reference),(To make reference),PARENTHETICAL,PARENTHETICAL
slx_7f9446dc2aa2ff08,58223,Refine (v),,,English → Sindhi,صاف ڪرڻ، ڇاڻڻ، سنوارڻ، سٺو ڪرڻ,english,English → Sindhi,refine v,صاف ڪرڻ ڇاڻڻ سنوارڻ سٺو ڪرڻ,,SindhiLanguage.org,https://sindhilanguage.org/,Amar Fayaz Buriro (امر فياض ٻرڙو),Refine (v),Refine (v),HEADWORD_WITH_LABEL,HEADWORD_WITH_LABEL
slx_a3cb754cde825475,58228,Refit (v),,,English → Sindhi,وري ٺيڪ ڪرڻ، سڌارڻ، مرمت ڪرڻ,english,English → Sindhi,refit v,وري ٺيڪ ڪرڻ سڌارڻ مرمت ڪرڻ,,SindhiLanguage.org,https://sindhilanguage.org/,Amar Fayaz Buriro (امر فياض ٻرڙو),Refit (v),Refit (v),HEADWORD_WITH_LABEL,HEADWORD_WITH_LABEL
slx_9818b474dd12f8d7,58229,Reflect (v),,,English → Sindhi,عڪس وجهڻ، ويچارڻ، خيال ڪرڻ، حرف آڻڻ,english,English → Sindhi,reflect v,عڪس وجهڻ ويچارڻ خيال ڪرڻ حرف آڻڻ,,SindhiLanguage.org,https://sindhilanguage.org/,Amar Fayaz Buriro (امر فياض ٻرڙو),Reflect (v),Reflect (v),HEADWORD_WITH_LABEL,HEADWORD_WITH_LABEL
slx_5794a828d9e910a1,58239,Reform (v),,,English → Sindhi,درست ڪرڻ، سڌارڻ، سڌارو، سڌرڻ,english,English → Sindhi,reform v,درست ڪرڻ سڌارڻ سڌارو سڌرڻ,,SindhiLanguage.org,https://sindhilanguage.org/,Amar Fayaz Buriro (امر فياض ٻرڙو),Reform (v),Reform (v),HEADWORD_WITH_LABEL,HEADWORD_WITH_LABEL
slx_85b8e9aa92abd4bc,58243,Refract (v),,,English → Sindhi,ڀلائڻ، گمراهه ڪرڻ، سڌي رستي کان هٽائڻ,english,English → Sindhi,refract v,ڀلائڻ گمراهه ڪرڻ سڌي رستي کان هٽائڻ,,SindhiLanguage.org,https://sindhilanguage.org/,Amar Fayaz Buriro (امر فياض ٻرڙو),Refract (v),Refract (v),HEADWORD_WITH_LABEL,HEADWORD_WITH_LABEL
slx_2e1f90dc996a1766,58248,Refresh (v),,,English → Sindhi,آرام وٺڻ، فرحت وٺڻ، تازو دم ٿيڻ,english,English → Sindhi,refresh v,آرام وٺڻ فرحت وٺڻ تازو دم ٿيڻ,,SindhiLanguage.org,https://sindhilanguage.org/,Amar Fayaz Buriro (امر فياض ٻرڙو),Refresh (v),Refresh (v),HEADWORD_WITH_LABEL,HEADWORD_WITH_LABEL
slx_7d4442bcc75d8cf0,58252,Refrigerate (v),,,English → Sindhi,ٿڌو ڪرڻ، تازو ڪرڻ، ٺارڻ,english,English → Sindhi,refrigerate v,ٿڌو ڪرڻ تازو ڪرڻ ٺارڻ,,SindhiLanguage.org,https://sindhilanguage.org/,Amar Fayaz Buriro (امر فياض ٻرڙو),Refrigerate (v),Refrigerate (v),HEADWORD_WITH_LABEL,HEADWORD_WITH_LABEL
slx_e5102b52e191c5f5,58260,Refund (v),,,English → Sindhi,واپس ڪرڻ، موٽائي ڏيڻ,english,English → Sindhi,refund v,واپس ڪرڻ موٽائي ڏيڻ,,SindhiLanguage.org,https://sindhilanguage.org/,Amar Fayaz Buriro (امر فياض ٻرڙو),Refund (v),Refund (v),HEADWORD_WITH_LABEL,HEADWORD_WITH_LABEL
slx_eb5d6eab12713027,58262,Refuse (v),,,English → Sindhi,انڪار ڪرڻ، جواب ڏيڻ، نه قبولڻ,english,English → Sindhi,refuse v,انڪار ڪرڻ جواب ڏيڻ نه قبولڻ,,SindhiLanguage.org,https://sindhilanguage.org/,Amar Fayaz Buriro (امر فياض ٻرڙو),Refuse (v),Refuse (v),HEADWORD_WITH_LABEL,HEADWORD_WITH_LABEL
slx_2ebe38cc75c40cbd,58266,Refute (v),,,English → Sindhi,رد ڏيڻ، ڪوڙو ڪرڻ، غلط ثابت ڪرڻ,english,English → Sindhi,refute v,رد ڏيڻ ڪوڙو ڪرڻ غلط ثابت ڪرڻ,,SindhiLanguage.org,https://sindhilanguage.org/,Amar Fayaz Buriro (امر فياض ٻرڙو),Refute (v),Refute (v),HEADWORD_WITH_LABEL,HEADWORD_WITH_LABEL
slx_2734743a70cd7130,58267,Regain (v),,,English → Sindhi,وري حاصل ڪرڻ، نئين سر هٿ ڪرڻ,english,English → Sindhi,regain v,وري حاصل ڪرڻ نئين سر هٿ ڪرڻ,,SindhiLanguage.org,https://sindhilanguage.org/,Amar Fayaz Buriro (امر فياض ٻرڙو),Regain (v),Regain (v),HEADWORD_WITH_LABEL,HEADWORD_WITH_LABEL
slx_6dffbbb94efdb297,58269,Regale (v),,,English → Sindhi,مهماني ڪرڻ، طعام کارائڻ، خوش ڪرڻ، شاهي طور سان خاطري ڪرڻ,english,English → Sindhi,regale v,مهماني ڪرڻ طعام کارائڻ خوش ڪرڻ شاهي طور سان خاطري ڪرڻ,,SindhiLanguage.org,https://sindhilanguage.org/,Amar Fayaz Buriro (امر فياض ٻرڙو),Regale (v),Regale (v),HEADWORD_WITH_LABEL,HEADWORD_WITH_LABEL
slx_86df6e8d758f7f0d,58274,Regard (v),,,English → Sindhi,ڀانئڻ، سمجهڻ، لحاظ رکڻ، ادب ڪرڻ,english,English → Sindhi,regard v,ڀانئڻ سمجهڻ لحاظ رکڻ ادب ڪرڻ,,SindhiLanguage.org,https://sindhilanguage.org/,Amar Fayaz Buriro (امر فياض ٻرڙو),Regard (v),Regard (v),HEADWORD_WITH_LABEL,HEADWORD_WITH_LABEL
slx_b9fc149283399242,58279,Regather (v),,,English → Sindhi,وري جمع ڪرڻ، وري ڪٺو ڪرڻ,english,English → Sindhi,regather v,وري جمع ڪرڻ وري ڪٺو ڪرڻ,,SindhiLanguage.org,https://sindhilanguage.org/,Amar Fayaz Buriro (امر فياض ٻرڙو),Regather (v),Regather (v),HEADWORD_WITH_LABEL,HEADWORD_WITH_LABEL
slx_edfabed3eafe7655,58282,Regenerate (v),,,English → Sindhi,سڌارڻ، نئون جنم ڏيڻ، نئين سر پيدا ڪرڻ,english,English → Sindhi,regenerate v,سڌارڻ نئون جنم ڏيڻ نئين سر پيدا ڪرڻ,,SindhiLanguage.org,https://sindhilanguage.org/,Amar Fayaz Buriro (امر فياض ٻرڙو),Regenerate (v),Regenerate (v),HEADWORD_WITH_LABEL,HEADWORD_WITH_LABEL
slx_1b938c280ff40b43,58291,Register (v),,,English → Sindhi,داخل ڪرڻ، رجسٽر ڪرڻ,english,English → Sindhi,register v,داخل ڪرڻ رجسٽر ڪرڻ,,SindhiLanguage.org,https://sindhilanguage.org/,Amar Fayaz Buriro (امر فياض ٻرڙو),Register (v),Register (v),HEADWORD_WITH_LABEL,HEADWORD_WITH_LABEL
slx_023818cccf7cf6b0,58300,Regorge (v),,,English → Sindhi,اُلٽي ڪرڻ، قي ڪرڻ، وري ڳڙڪائڻ,english,English → Sindhi,regorge v,الٽي ڪرڻ قي ڪرڻ وري ڳڙڪائڻ,,SindhiLanguage.org,https://sindhilanguage.org/,Amar Fayaz Buriro (امر فياض ٻرڙو),Regorge (v),Regorge (v),HEADWORD_WITH_LABEL,HEADWORD_WITH_LABEL
slx_d87050bae5e44ccb,58301,Regrate (v),,,English → Sindhi,جنسون وٺي وري ان بازار ۾ وڪڻڻ,english,English → Sindhi,regrate v,جنسون وٺي وري ان بازار وڪڻڻ,,SindhiLanguage.org,https://sindhilanguage.org/,Amar Fayaz Buriro (امر فياض ٻرڙو),Regrate (v),Regrate (v),HEADWORD_WITH_LABEL,HEADWORD_WITH_LABEL
slx_f12444bc53ca1584,58303,Regret (v),,,English → Sindhi,ڏک ڪرڻ، افسوس ڪرڻ، ارمان ڪرڻ,english,English → Sindhi,regret v,ڏک ڪرڻ افسوس ڪرڻ ارمان ڪرڻ,,SindhiLanguage.org,https://sindhilanguage.org/,Amar Fayaz Buriro (امر فياض ٻرڙو),Regret (v),Regret (v),HEADWORD_WITH_LABEL,HEADWORD_WITH_LABEL
slx_861a28b037536d29,58310,Regulate (v),,,English → Sindhi,ترتيب ڏيڻ، باقاعدي هلائڻ، ٺاهي بيهارڻ، سڌارڻ,english,English → Sindhi,regulate v,ترتيب ڏيڻ باقاعدي هلائڻ ٺاهي بيهارڻ سڌارڻ,,SindhiLanguage.org,https://sindhilanguage.org/,Amar Fayaz Buriro (امر فياض ٻرڙو),Regulate (v),Regulate (v),HEADWORD_WITH_LABEL,HEADWORD_WITH_LABEL
slx_c3ccfb6c60e5ef10,58313,Rehabilitate (v),,,English → Sindhi,بحال ڪرڻ،ا ڳين حالت ۾ آڻڻ,english,English → Sindhi,rehabilitate v,بحال ڪرڻ ا ڳين حالت آڻڻ,,SindhiLanguage.org,https://sindhilanguage.org/,Amar Fayaz Buriro (امر فياض ٻرڙو),Rehabilitate (v),Rehabilitate (v),HEADWORD_WITH_LABEL,HEADWORD_WITH_LABEL
slx_1be7393f9227fcd8,58314,Rehear (v),,,English → Sindhi,وري ٻڌڻ، وري مقدمو هلائڻ,english,English → Sindhi,rehear v,وري ٻڌڻ وري مقدمو هلائڻ,,SindhiLanguage.org,https://sindhilanguage.org/,Amar Fayaz Buriro (امر فياض ٻرڙو),Rehear (v),Rehear (v),HEADWORD_WITH_LABEL,HEADWORD_WITH_LABEL
slx_67f7de262548501c,58316,Rehearse (v),,,English → Sindhi,وري وري چوڻ، دور ڪرڻ، ذڪر ڪرڻ، زبان تي آڻڻ,english,English → Sindhi,rehearse v,وري وري چوڻ دور ڪرڻ ذڪر ڪرڻ زبان تي آڻڻ,,SindhiLanguage.org,https://sindhilanguage.org/,Amar Fayaz Buriro (امر فياض ٻرڙو),Rehearse (v),Rehearse (v),HEADWORD_WITH_LABEL,HEADWORD_WITH_LABEL
slx_66502573caea5d06,58318,Reign (v),,,English → Sindhi,غالب ٿيڻ، حڪومت ڪرڻ,english,English → Sindhi,reign v,غالب ٿيڻ حڪومت ڪرڻ,,SindhiLanguage.org,https://sindhilanguage.org/,Amar Fayaz Buriro (امر فياض ٻرڙو),Reign (v),Reign (v),HEADWORD_WITH_LABEL,HEADWORD_WITH_LABEL
slx_884080ffb580a621,58319,Reimburse (v),,,English → Sindhi,واپس ڏيڻ، خرچ يا نقصان جو عيوضو ڀري ڏيڻ,english,English → Sindhi,reimburse v,واپس ڏيڻ خرچ يا نقصان جو عيوضو ڀري ڏيڻ,,SindhiLanguage.org,https://sindhilanguage.org/,Amar Fayaz Buriro (امر فياض ٻرڙو),Reimburse (v),Reimburse (v),HEADWORD_WITH_LABEL,HEADWORD_WITH_LABEL
slx_afb99892b1309f4a,58324,Reinforce (v),,,English → Sindhi,زور ڏيڻ، نئين فوج سان مدد ڏيڻ، ڀرتي ڏيڻ,english,English → Sindhi,reinforce v,زور ڏيڻ نئين فوج سان مدد ڏيڻ ڀرتي ڏيڻ,,SindhiLanguage.org,https://sindhilanguage.org/,Amar Fayaz Buriro (امر فياض ٻرڙو),Reinforce (v),Reinforce (v),HEADWORD_WITH_LABEL,HEADWORD_WITH_LABEL
slx_da2a1eed0b9369e6,58327,Reinhabit (v),,,English → Sindhi,وري وسائڻ، وري آبادي ڪرڻ,english,English → Sindhi,reinhabit v,وري وسائڻ وري آبادي ڪرڻ,,SindhiLanguage.org,https://sindhilanguage.org/,Amar Fayaz Buriro (امر فياض ٻرڙو),Reinhabit (v),Reinhabit (v),HEADWORD_WITH_LABEL,HEADWORD_WITH_LABEL
slx_9cd8c50c03a580a6,58328,Re insert (v),,,English → Sindhi,وري داخل ڪري,english,English → Sindhi,re insert v,وري داخل ڪري,,SindhiLanguage.org,https://sindhilanguage.org/,Amar Fayaz Buriro (امر فياض ٻرڙو),Re insert (v),Re insert (v),HEADWORD_WITH_LABEL,HEADWORD_WITH_LABEL
slx_f4b26cb1dee50c4e,58329,Re instate (v),,,English → Sindhi,شفا ڏيڻ، وري داخل ڪرڻ، موٽي عهدو ڏيڻ,english,English → Sindhi,re instate v,شفا ڏيڻ وري داخل ڪرڻ موٽي عهدو ڏيڻ,,SindhiLanguage.org,https://sindhilanguage.org/,Amar Fayaz Buriro (امر فياض ٻرڙو),Re instate (v),Re instate (v),HEADWORD_WITH_LABEL,HEADWORD_WITH_LABEL
slx_d03180bcda279297,58332,Reinter (v),,,English → Sindhi,وري پورڻ يا دفن ڪرڻ,english,English → Sindhi,reinter v,وري پورڻ يا دفن ڪرڻ,,SindhiLanguage.org,https://sindhilanguage.org/,Amar Fayaz Buriro (امر فياض ٻرڙو),Reinter (v),Reinter (v),HEADWORD_WITH_LABEL,HEADWORD_WITH_LABEL
slx_3c0dce0a7c03fcf4,58333,Reinvest (v),,,English → Sindhi,وري سيڙائڻ، وري لڳائڻ,english,English → Sindhi,reinvest v,وري سيڙائڻ وري لڳائڻ,,SindhiLanguage.org,https://sindhilanguage.org/,Amar Fayaz Buriro (امر فياض ٻرڙو),Reinvest (v),Reinvest (v),HEADWORD_WITH_LABEL,HEADWORD_WITH_LABEL
slx_c332680fdb70cab5,58334,Revigorate (v),,,English → Sindhi,وري طاقت ڏيڻ، وري تازو توانو ڪرڻ,english,English → Sindhi,revigorate v,وري طاقت ڏيڻ وري تازو توانو ڪرڻ,,SindhiLanguage.org,https://sindhilanguage.org/,Amar Fayaz Buriro (امر فياض ٻرڙو),Revigorate (v),Revigorate (v),HEADWORD_WITH_LABEL,HEADWORD_WITH_LABEL
slx_ac72a533c09ab351,58335,Reissue (v),,,English → Sindhi,وري جاري ڪرڻ، ٻي ڀيري اشاعت,english,English → Sindhi,reissue v,وري جاري ڪرڻ ٻي ڀيري اشاعت,,SindhiLanguage.org,https://sindhilanguage.org/,Amar Fayaz Buriro (امر فياض ٻرڙو),Reissue (v),Reissue (v),HEADWORD_WITH_LABEL,HEADWORD_WITH_LABEL
slx_21a2f7a247e92fc9,58336,Reiterate (v),,,English → Sindhi,وري وري چوڻ، هر هر چوڻ,english,English → Sindhi,reiterate v,وري وري چوڻ هر هر چوڻ,,SindhiLanguage.org,https://sindhilanguage.org/,Amar Fayaz Buriro (امر فياض ٻرڙو),Reiterate (v),Reiterate (v),HEADWORD_WITH_LABEL,HEADWORD_WITH_LABEL
slx_a868bf45aa3f65da,58340,Rejoice (v),,,English → Sindhi,خوشي ڪرڻ، ملهائڻ، سرهو ٿيڻ,english,English → Sindhi,rejoice v,خوشي ڪرڻ ملهائڻ سرهو ٿيڻ,,SindhiLanguage.org,https://sindhilanguage.org/,Amar Fayaz Buriro (امر فياض ٻرڙو),Rejoice (v),Rejoice (v),HEADWORD_WITH_LABEL,HEADWORD_WITH_LABEL
slx_80e843da2bdff5cb,58342,Rejoin (v),,,English → Sindhi,ڳنڍڻ، جواب جو جواب، وري ملڻ,english,English → Sindhi,rejoin v,ڳنڍڻ جواب جو جواب وري ملڻ,,SindhiLanguage.org,https://sindhilanguage.org/,Amar Fayaz Buriro (امر فياض ٻرڙو),Rejoin (v),Rejoin (v),HEADWORD_WITH_LABEL,HEADWORD_WITH_LABEL
slx_696ea5877c39ef4a,58344,Rejudge (v),,,English → Sindhi,وري جاچڻ، وري تپاسڻ,english,English → Sindhi,rejudge v,وري جاچڻ وري تپاسڻ,,SindhiLanguage.org,https://sindhilanguage.org/,Amar Fayaz Buriro (امر فياض ٻرڙو),Rejudge (v),Rejudge (v),HEADWORD_WITH_LABEL,HEADWORD_WITH_LABEL
slx_99d1a26617c421cf,58345,Rejuvenate (v),,,English → Sindhi,وري جوان ڪرڻ يا ٿيڻ,english,English → Sindhi,rejuvenate v,وري جوان ڪرڻ يا ٿيڻ,,SindhiLanguage.org,https://sindhilanguage.org/,Amar Fayaz Buriro (امر فياض ٻرڙو),Rejuvenate (v),Rejuvenate (v),HEADWORD_WITH_LABEL,HEADWORD_WITH_LABEL
slx_397f8f64395ee072,58347,Rekindle (v),,,English → Sindhi,وري روشن ڪرڻ,english,English → Sindhi,rekindle v,وري روشن ڪرڻ,,SindhiLanguage.org,https://sindhilanguage.org/,Amar Fayaz Buriro (امر فياض ٻرڙو),Rekindle (v),Rekindle (v),HEADWORD_WITH_LABEL,HEADWORD_WITH_LABEL
slx_3e18fb30f27a7acd,58349,Relate (v),,,English → Sindhi,بيان ڪرڻ، ٻڌائڻ، حوالو ڏيڻ، مائٽي هئڻ,english,English → Sindhi,relate v,بيان ڪرڻ ٻڌائڻ حوالو ڏيڻ مائٽي هئڻ,,SindhiLanguage.org,https://sindhilanguage.org/,Amar Fayaz Buriro (امر فياض ٻرڙو),Relate (v),Relate (v),HEADWORD_WITH_LABEL,HEADWORD_WITH_LABEL
slx_d1e45d71ede0622e,58356,Relax (v),,,English → Sindhi,ڍلو ڪرڻ، گهٽ ڪرڻ، نرمي ڪرڻ، ٿڌو ٿيڻ,english,English → Sindhi,relax v,ڍلو ڪرڻ گهٽ ڪرڻ نرمي ڪرڻ ٿڌو ٿيڻ,,SindhiLanguage.org,https://sindhilanguage.org/,Amar Fayaz Buriro (امر فياض ٻرڙو),Relax (v),Relax (v),HEADWORD_WITH_LABEL,HEADWORD_WITH_LABEL
slx_1141d939002ed2a0,58361,Relay (v),,,English → Sindhi,وري رکڻ، وري گڏ ڪرڻ,english,English → Sindhi,relay v,وري رکڻ وري گڏ ڪرڻ,,SindhiLanguage.org,https://sindhilanguage.org/,Amar Fayaz Buriro (امر فياض ٻرڙو),Relay (v),Relay (v),HEADWORD_WITH_LABEL,HEADWORD_WITH_LABEL
slx_c065512355e8f634,58362,Release (v),,,English → Sindhi,آزاد ڪرڻ، ڇڏڻ، آزادگي ڇوٽڪارو,english,English → Sindhi,release v,آزاد ڪرڻ ڇڏڻ آزادگي ڇوٽڪارو,,SindhiLanguage.org,https://sindhilanguage.org/,Amar Fayaz Buriro (امر فياض ٻرڙو),Release (v),Release (v),HEADWORD_WITH_LABEL,HEADWORD_WITH_LABEL
slx_e5936fd13be9aa03,58363,Relegate (v),,,English → Sindhi,شهر نيڪالي ڏيڻ، رجوع ڪرڻ، گهٽ درجي تي رکڻ,english,English → Sindhi,relegate v,شهر نيڪالي ڏيڻ رجوع ڪرڻ گهٽ درجي تي رکڻ,,SindhiLanguage.org,https://sindhilanguage.org/,Amar Fayaz Buriro (امر فياض ٻرڙو),Relegate (v),Relegate (v),HEADWORD_WITH_LABEL,HEADWORD_WITH_LABEL
slx_fc70a30953afdd86,58365,Relent (v),,,English → Sindhi,رحم ڪرڻ، مڙڻ، نرم ٿيڻ، قياس ڪرڻ,english,English → Sindhi,relent v,رحم ڪرڻ مڙڻ نرم ٿيڻ قياس ڪرڻ,,SindhiLanguage.org,https://sindhilanguage.org/,Amar Fayaz Buriro (امر فياض ٻرڙو),Relent (v),Relent (v),HEADWORD_WITH_LABEL,HEADWORD_WITH_LABEL
slx_4acd35b6fd1f99e1,58374,Relieve (v),,,English → Sindhi,ڇڏڻ، مدد ڪرڻ، آرام ڏيڻ,english,English → Sindhi,relieve v,ڇڏڻ مدد ڪرڻ آرام ڏيڻ,,SindhiLanguage.org,https://sindhilanguage.org/,Amar Fayaz Buriro (امر فياض ٻرڙو),Relieve (v),Relieve (v),HEADWORD_WITH_LABEL,HEADWORD_WITH_LABEL
slx_0cba0add7aec0eb9,58378,Relinquish (v),,,English → Sindhi,ڇڏڻ، هٿ کڻڻ، تياڳڻ,english,English → Sindhi,relinquish v,ڇڏڻ هٿ کڻڻ تياڳڻ,,SindhiLanguage.org,https://sindhilanguage.org/,Amar Fayaz Buriro (امر فياض ٻرڙو),Relinquish (v),Relinquish (v),HEADWORD_WITH_LABEL,HEADWORD_WITH_LABEL
slx_a4b1dfff4ddcb34e,58383,Relume (v),,,English → Sindhi,وري ٻارڻ، وري روشن ڪرڻ,english,English → Sindhi,relume v,وري ٻارڻ وري روشن ڪرڻ,,SindhiLanguage.org,https://sindhilanguage.org/,Amar Fayaz Buriro (امر فياض ٻرڙو),Relume (v),Relume (v),HEADWORD_WITH_LABEL,HEADWORD_WITH_LABEL
slx_8b5360954e1028a4,58384,Relumine (v),,,English → Sindhi,ڀڙڪائڻ، وري ٻارڻ,english,English → Sindhi,relumine v,ڀڙڪائڻ وري ٻارڻ,,SindhiLanguage.org,https://sindhilanguage.org/,Amar Fayaz Buriro (امر فياض ٻرڙو),Relumine (v),Relumine (v),HEADWORD_WITH_LABEL,HEADWORD_WITH_LABEL
slx_fee36feaddad24d4,58385,Rely (v),,,English → Sindhi,اعتبار ڪرڻ، ڀروسو رکڻ، ڀاڙي وهڻ,english,English → Sindhi,rely v,اعتبار ڪرڻ ڀروسو رکڻ ڀاڙي وهڻ,,SindhiLanguage.org,https://sindhilanguage.org/,Amar Fayaz Buriro (امر فياض ٻرڙو),Rely (v),Rely (v),HEADWORD_WITH_LABEL,HEADWORD_WITH_LABEL
slx_eb9fe38e03a603f5,58386,Remain (v),,,English → Sindhi,قائم رهڻ، جٽاءُ ڪرڻ، باقي بچڻ,english,English → Sindhi,remain v,قائم رهڻ جٽاء ڪرڻ باقي بچڻ,,SindhiLanguage.org,https://sindhilanguage.org/,Amar Fayaz Buriro (امر فياض ٻرڙو),Remain (v),Remain (v),HEADWORD_WITH_LABEL,HEADWORD_WITH_LABEL
slx_387d1801787ee189,58390,Remand (v),,,English → Sindhi,واپس گهرائڻ، موٽائي ڏيڻ، حوالي ڪرڻ، (مهلت),english,English → Sindhi,remand v,واپس گهرائڻ موٽائي ڏيڻ حوالي ڪرڻ مهلت,,SindhiLanguage.org,https://sindhilanguage.org/,Amar Fayaz Buriro (امر فياض ٻرڙو),Remand (v),Remand (v),HEADWORD_WITH_LABEL,HEADWORD_WITH_LABEL
slx_4830027502b3c21d,58391,Remark (v),,,English → Sindhi,غور ڪرڻ، دل ۾ هنڊائڻ، چوڻ، بيان ڪرڻ,english,English → Sindhi,remark v,غور ڪرڻ دل هنڊائڻ چوڻ بيان ڪرڻ,,SindhiLanguage.org,https://sindhilanguage.org/,Amar Fayaz Buriro (امر فياض ٻرڙو),Remark (v),Remark (v),HEADWORD_WITH_LABEL,HEADWORD_WITH_LABEL
slx_f9643df2076e9713,58393,Remarry (v),,,English → Sindhi,وري شادي ڪرڻ,english,English → Sindhi,remarry v,وري شادي ڪرڻ,,SindhiLanguage.org,https://sindhilanguage.org/,Amar Fayaz Buriro (امر فياض ٻرڙو),Remarry (v),Remarry (v),HEADWORD_WITH_LABEL,HEADWORD_WITH_LABEL
slx_57defd9d67439bed,58397,Remember (v),,,English → Sindhi,ياد ڪرڻ، خيال رکڻ، ياد ڏيارڻ,english,English → Sindhi,remember v,ياد ڪرڻ خيال رکڻ ياد ڏيارڻ,,SindhiLanguage.org,https://sindhilanguage.org/,Amar Fayaz Buriro (امر فياض ٻرڙو),Remember (v),Remember (v),HEADWORD_WITH_LABEL,HEADWORD_WITH_LABEL
slx_49531fefa7fd73f0,58400,Remind (v),,,English → Sindhi,ياد ڏيارڻ، خيال ڇڪائڻ، چتائڻ,english,English → Sindhi,remind v,ياد ڏيارڻ خيال ڇڪائڻ چتائڻ,,SindhiLanguage.org,https://sindhilanguage.org/,Amar Fayaz Buriro (امر فياض ٻرڙو),Remind (v),Remind (v),HEADWORD_WITH_LABEL,HEADWORD_WITH_LABEL
slx_b555c29a45cc4a0e,58406,Remit (v),,,English → Sindhi,گهٽ ڪرڻ، معاف ڪرڻ، هٿ کڻڻ، حوالي ڪرڻ، پئسا موڪلڻ,english,English → Sindhi,remit v,گهٽ ڪرڻ معاف ڪرڻ هٿ کڻڻ حوالي ڪرڻ پئسا موڪلڻ,,SindhiLanguage.org,https://sindhilanguage.org/,Amar Fayaz Buriro (امر فياض ٻرڙو),Remit (v),Remit (v),HEADWORD_WITH_LABEL,HEADWORD_WITH_LABEL
slx_9232eb3835bd7d6e,58411,Remodel (v),,,English → Sindhi,نئين سر ٺاهڻ، وري نئين نموني جوڙڻ,english,English → Sindhi,remodel v,نئين سر ٺاهڻ وري نئين نموني جوڙڻ,,SindhiLanguage.org,https://sindhilanguage.org/,Amar Fayaz Buriro (امر فياض ٻرڙو),Remodel (v),Remodel (v),HEADWORD_WITH_LABEL,HEADWORD_WITH_LABEL
slx_872d5312bed39644,58421,Remove (v),,,English → Sindhi,لڏڻ، ڪوچ ڪرڻ، هٽائڻ، جدا ڪرڻ,english,English → Sindhi,remove v,لڏڻ ڪوچ ڪرڻ هٽائڻ جدا ڪرڻ,,SindhiLanguage.org,https://sindhilanguage.org/,Amar Fayaz Buriro (امر فياض ٻرڙو),Remove (v),Remove (v),HEADWORD_WITH_LABEL,HEADWORD_WITH_LABEL
slx_ef7209f2efd9d62f,58423,Remunerate (v),,,English → Sindhi,اجورو يا معاوضو ڏيڻ,english,English → Sindhi,remunerate v,اجورو يا معاوضو ڏيڻ,,SindhiLanguage.org,https://sindhilanguage.org/,Amar Fayaz Buriro (امر فياض ٻرڙو),Remunerate (v),Remunerate (v),HEADWORD_WITH_LABEL,HEADWORD_WITH_LABEL
slx_d295f54c5bb34447,58431,Rend (v),,,English → Sindhi,ڦاڙڻ، چرڻ، ڏارڻ,english,English → Sindhi,rend v,ڦاڙڻ چرڻ ڏارڻ,,SindhiLanguage.org,https://sindhilanguage.org/,Amar Fayaz Buriro (امر فياض ٻرڙو),Rend (v),Rend (v),HEADWORD_WITH_LABEL,HEADWORD_WITH_LABEL
slx_f6dc67c06486f32d,58432,Render (v),,,English → Sindhi,حوالي ڪرڻ، موٽائڻ، ترجمو ڪرڻ، ڏيڻ، ڳارڻ,english,English → Sindhi,render v,حوالي ڪرڻ موٽائڻ ترجمو ڪرڻ ڏيڻ ڳارڻ,,SindhiLanguage.org,https://sindhilanguage.org/,Amar Fayaz Buriro (امر فياض ٻرڙو),Render (v),Render (v),HEADWORD_WITH_LABEL,HEADWORD_WITH_LABEL
slx_f7d821fd626f0ad7,58436,Renew (v),,,English → Sindhi,نئون ڪرڻ، تازو ڪرڻ، نئين سر ڪرڻ,english,English → Sindhi,renew v,نئون ڪرڻ تازو ڪرڻ نئين سر ڪرڻ,,SindhiLanguage.org,https://sindhilanguage.org/,Amar Fayaz Buriro (امر فياض ٻرڙو),Renew (v),Renew (v),HEADWORD_WITH_LABEL,HEADWORD_WITH_LABEL
slx_dc1e78c72d27ffe4,58438,Renounce (v),,,English → Sindhi,ڇڏڻ، هٿ کڻڻ، انڪار ڪرڻ، ڪڍي ڇڏڻ,english,English → Sindhi,renounce v,ڇڏڻ هٿ کڻڻ انڪار ڪرڻ ڪڍي ڇڏڻ,,SindhiLanguage.org,https://sindhilanguage.org/,Amar Fayaz Buriro (امر فياض ٻرڙو),Renounce (v),Renounce (v),HEADWORD_WITH_LABEL,HEADWORD_WITH_LABEL
slx_d1dde1cd593c69ba,58440,Renovate (v),,,English → Sindhi,نئون ڪرڻ، سڌارو آڻڻ، تازو ڪرڻ,english,English → Sindhi,renovate v,نئون ڪرڻ سڌارو آڻڻ تازو ڪرڻ,,SindhiLanguage.org,https://sindhilanguage.org/,Amar Fayaz Buriro (امر فياض ٻرڙو),Renovate (v),Renovate (v),HEADWORD_WITH_LABEL,HEADWORD_WITH_LABEL
slx_fc2a56ef7827cb1c,58445,(Land rent),,,English → Sindhi,ڍل,english,English → Sindhi,land rent,ڍل,,SindhiLanguage.org,https://sindhilanguage.org/,Amar Fayaz Buriro (امر فياض ٻرڙو),(Land rent),(Land rent),PARENTHETICAL,PARENTHETICAL
slx_42e805b2001c5bf3,58448,Rent (v),,,English → Sindhi,مسواڙ تي ڏيڻ يا وٺڻ، ڀاڙي ڪرڻ,english,English → Sindhi,rent v,مسواڙ تي ڏيڻ يا وٺڻ ڀاڙي ڪرڻ,,SindhiLanguage.org,https://sindhilanguage.org/,Amar Fayaz Buriro (امر فياض ٻرڙو),Rent (v),Rent (v),HEADWORD_WITH_LABEL,HEADWORD_WITH_LABEL
slx_137f78185d3f0c17,58450,Renter (v),,,English → Sindhi,باريڪ سبڻ، رفو ڪرڻ,english,English → Sindhi,renter v,باريڪ سبڻ رفو ڪرڻ,,SindhiLanguage.org,https://sindhilanguage.org/,Amar Fayaz Buriro (امر فياض ٻرڙو),Renter (v),Renter (v),HEADWORD_WITH_LABEL,HEADWORD_WITH_LABEL
slx_181bf21e34825d1d,58452,Re-open (v),,,English → Sindhi,وري کولڻ، وري شروع ڪرڻ,english,English → Sindhi,re open v,وري کولڻ وري شروع ڪرڻ,,SindhiLanguage.org,https://sindhilanguage.org/,Amar Fayaz Buriro (امر فياض ٻرڙو),Re-open (v),Re-open (v),HEADWORD_WITH_LABEL,HEADWORD_WITH_LABEL
slx_624479682273a627,58453,Re-ordain (v),,,English → Sindhi,ٻيهر مقرر ڪرڻ,english,English → Sindhi,re ordain v,ٻيهر مقرر ڪرڻ,,SindhiLanguage.org,https://sindhilanguage.org/,Amar Fayaz Buriro (امر فياض ٻرڙو),Re-ordain (v),Re-ordain (v),HEADWORD_WITH_LABEL,HEADWORD_WITH_LABEL
slx_2593e5b2762033f2,58454,Reorder (v),,,English → Sindhi,وري حڪم ڏيڻ,english,English → Sindhi,reorder v,وري حڪم ڏيڻ,,SindhiLanguage.org,https://sindhilanguage.org/,Amar Fayaz Buriro (امر فياض ٻرڙو),Reorder (v),Reorder (v),HEADWORD_WITH_LABEL,HEADWORD_WITH_LABEL
slx_3c820694066c2848,58455,Reorganize (v),,,English → Sindhi,نئين سر ترتيب ڏيڻ يا جوڙڻ,english,English → Sindhi,reorganize v,نئين سر ترتيب ڏيڻ يا جوڙڻ,,SindhiLanguage.org,https://sindhilanguage.org/,Amar Fayaz Buriro (امر فياض ٻرڙو),Reorganize (v),Reorganize (v),HEADWORD_WITH_LABEL,HEADWORD_WITH_LABEL
slx_9099e0c153958a92,58457,Repair (v),,,English → Sindhi,مرمت ڪرڻ، درست ڪرڻ، ٺاهڻ، وڃڻ,english,English → Sindhi,repair v,مرمت ڪرڻ درست ڪرڻ ٺاهڻ وڃڻ,,SindhiLanguage.org,https://sindhilanguage.org/,Amar Fayaz Buriro (امر فياض ٻرڙو),Repair (v),Repair (v),HEADWORD_WITH_LABEL,HEADWORD_WITH_LABEL
slx_1a91752ce92f8dea,58464,Repatriate (v),,,English → Sindhi,پنهنجي وطن ڏانهن واپس ورڻ,english,English → Sindhi,repatriate v,پنهنجي وطن ڏانهن واپس ورڻ,,SindhiLanguage.org,https://sindhilanguage.org/,Amar Fayaz Buriro (امر فياض ٻرڙو),Repatriate (v),Repatriate (v),HEADWORD_WITH_LABEL,HEADWORD_WITH_LABEL
slx_d82db29d2af9feec,58466,Repay (v),,,English → Sindhi,موٽائي ڏيڻ، ڀري ڏيڻ، پورو ڪرڻ,english,English → Sindhi,repay v,موٽائي ڏيڻ ڀري ڏيڻ پورو ڪرڻ,,SindhiLanguage.org,https://sindhilanguage.org/,Amar Fayaz Buriro (امر فياض ٻرڙو),Repay (v),Repay (v),HEADWORD_WITH_LABEL,HEADWORD_WITH_LABEL
slx_db73f2146e0b72d7,58467,Repeal (v),,,English → Sindhi,منسوخ ڪرڻ، موقوف ڪرڻ، رد ڪرڻ,english,English → Sindhi,repeal v,منسوخ ڪرڻ موقوف ڪرڻ رد ڪرڻ,,SindhiLanguage.org,https://sindhilanguage.org/,Amar Fayaz Buriro (امر فياض ٻرڙو),Repeal (v),Repeal (v),HEADWORD_WITH_LABEL,HEADWORD_WITH_LABEL
slx_1a5c1d84f181f407,58468,Repeat (v),,,English → Sindhi,وري چوڻ، وري ڪرڻ يا ٿيڻ، زباني چوڻ,english,English → Sindhi,repeat v,وري چوڻ وري ڪرڻ يا ٿيڻ زباني چوڻ,,SindhiLanguage.org,https://sindhilanguage.org/,Amar Fayaz Buriro (امر فياض ٻرڙو),Repeat (v),Repeat (v),HEADWORD_WITH_LABEL,HEADWORD_WITH_LABEL
slx_43044be5587d890a,58470,Repel (v),,,English → Sindhi,پوئتي هٽائڻ، روڪڻ، دفع ڪرڻ، ٽارڻ، پڇتائڻ,english,English → Sindhi,repel v,پوئتي هٽائڻ روڪڻ دفع ڪرڻ ٽارڻ پڇتائڻ,,SindhiLanguage.org,https://sindhilanguage.org/,Amar Fayaz Buriro (امر فياض ٻرڙو),Repel (v),Repel (v),HEADWORD_WITH_LABEL,HEADWORD_WITH_LABEL
slx_af5b0f1970782309,58472,Repent (v),,,English → Sindhi,پڇتائڻ، پشيمان ٿيڻ، توبهه ڪرڻ,english,English → Sindhi,repent v,پڇتائڻ پشيمان ٿيڻ توبهه ڪرڻ,,SindhiLanguage.org,https://sindhilanguage.org/,Amar Fayaz Buriro (امر فياض ٻرڙو),Repent (v),Repent (v),HEADWORD_WITH_LABEL,HEADWORD_WITH_LABEL
slx_325336b609a677e3,58478,Repine (v),,,English → Sindhi,بڙ بڙ ڪرڻ، دانهن ڏيڻ ڏک ڪرڻ، ڳرڻ,english,English → Sindhi,repine v,بڙ بڙ ڪرڻ دانهن ڏيڻ ڏک ڪرڻ ڳرڻ,,SindhiLanguage.org,https://sindhilanguage.org/,Amar Fayaz Buriro (امر فياض ٻرڙو),Repine (v),Repine (v),HEADWORD_WITH_LABEL,HEADWORD_WITH_LABEL
slx_76908b322f853b93,58479,Replace (v),,,English → Sindhi,ورائي رکڻ، واپس ڪرڻ، عيوضي رکڻ، ڀري ڏيڻ,english,English → Sindhi,replace v,ورائي رکڻ واپس ڪرڻ عيوضي رکڻ ڀري ڏيڻ,,SindhiLanguage.org,https://sindhilanguage.org/,Amar Fayaz Buriro (امر فياض ٻرڙو),Replace (v),Replace (v),HEADWORD_WITH_LABEL,HEADWORD_WITH_LABEL
slx_e902582856aad6c7,58480,Replant (v),,,English → Sindhi,وري کوڙڻ يا لڳائڻ,english,English → Sindhi,replant v,وري کوڙڻ يا لڳائڻ,,SindhiLanguage.org,https://sindhilanguage.org/,Amar Fayaz Buriro (امر فياض ٻرڙو),Replant (v),Replant (v),HEADWORD_WITH_LABEL,HEADWORD_WITH_LABEL
slx_2b092e86424d6dbf,58481,Replenish (v),,,English → Sindhi,ڏيڻ، پورو ڪرڻ، ڀرڻ، ڀرپور ڪرڻ,english,English → Sindhi,replenish v,ڏيڻ پورو ڪرڻ ڀرڻ ڀرپور ڪرڻ,,SindhiLanguage.org,https://sindhilanguage.org/,Amar Fayaz Buriro (امر فياض ٻرڙو),Replenish (v),Replenish (v),HEADWORD_WITH_LABEL,HEADWORD_WITH_LABEL
slx_3b652ad5ee54fd43,58488,Reply (v),,,English → Sindhi,جواب ڏيڻ، اُتر ڏيڻ، جواب,english,English → Sindhi,reply v,جواب ڏيڻ اتر ڏيڻ جواب,,SindhiLanguage.org,https://sindhilanguage.org/,Amar Fayaz Buriro (امر فياض ٻرڙو),Reply (v),Reply (v),HEADWORD_WITH_LABEL,HEADWORD_WITH_LABEL
slx_6bcbcad651a38d1e,58490,Report (v),,,English → Sindhi,خبر ڏيڻ، ٻڌائڻ، هلائڻ، پڪارڻ,english,English → Sindhi,report v,خبر ڏيڻ ٻڌائڻ هلائڻ پڪارڻ,,SindhiLanguage.org,https://sindhilanguage.org/,Amar Fayaz Buriro (امر فياض ٻرڙو),Report (v),Report (v),HEADWORD_WITH_LABEL,HEADWORD_WITH_LABEL
slx_02ff6a546a710b81,58491,(Good report),,,English → Sindhi,ناموسي، ناموري,english,English → Sindhi,good report,ناموسي ناموري,,SindhiLanguage.org,https://sindhilanguage.org/,Amar Fayaz Buriro (امر فياض ٻرڙو),(Good report),(Good report),PARENTHETICAL,PARENTHETICAL
slx_3274127319da7bf7,58492,(Ill report),,,English → Sindhi,بدنامي، بدناموسي,english,English → Sindhi,ill report,بدنامي بدناموسي,,SindhiLanguage.org,https://sindhilanguage.org/,Amar Fayaz Buriro (امر فياض ٻرڙو),(Ill report),(Ill report),PARENTHETICAL,PARENTHETICAL
slx_3298a83e537e9a2c,58493,(To spread a report),,,English → Sindhi,افواهه پکيڙڻ، هلائڻ,english,English → Sindhi,to spread a report,افواهه پکيڙڻ هلائڻ,,SindhiLanguage.org,https://sindhilanguage.org/,Amar Fayaz Buriro (امر فياض ٻرڙو),(To spread a report),(To spread a report),PARENTHETICAL,PARENTHETICAL
slx_fd065d9efc687972,58494,(To report one’s self),,,English → Sindhi,وڃي حاضر ٿيڻ,english,English → Sindhi,to report one s self,وڃي حاضر ٿيڻ,,SindhiLanguage.org,https://sindhilanguage.org/,Amar Fayaz Buriro (امر فياض ٻرڙو),(To report one’s self),(To report one’s self),PARENTHETICAL,PARENTHETICAL
slx_1e6b6dac7efc6fcb,58495,(Law reports),,,English → Sindhi,قانوني فيصلا,english,English → Sindhi,law reports,قانوني فيصلا,,SindhiLanguage.org,https://sindhilanguage.org/,Amar Fayaz Buriro (امر فياض ٻرڙو),(Law reports),(Law reports),PARENTHETICAL,PARENTHETICAL
slx_fa372cf80d83f6fe,58497,Repose (v),,,English → Sindhi,آرام ڪرڻ، ساهي کڻڻ ڀروسو رکڻ حوالي ڪرڻ,english,English → Sindhi,repose v,آرام ڪرڻ ساهي کڻڻ ڀروسو رکڻ حوالي ڪرڻ,,SindhiLanguage.org,https://sindhilanguage.org/,Amar Fayaz Buriro (امر فياض ٻرڙو),Repose (v),Repose (v),HEADWORD_WITH_LABEL,HEADWORD_WITH_LABEL
slx_4852a2051b946a13,58498,Reposit (v),,,English → Sindhi,رکڻ، محفوظ ڪرڻ,english,English → Sindhi,reposit v,رکڻ محفوظ ڪرڻ,,SindhiLanguage.org,https://sindhilanguage.org/,Amar Fayaz Buriro (امر فياض ٻرڙو),Reposit (v),Reposit (v),HEADWORD_WITH_LABEL,HEADWORD_WITH_LABEL
slx_41f1291436914e9a,58500,Reprehend (v),,,English → Sindhi,الزام هڻڻ، ڇينڀڻ، ڇنڊ ڪڍڻ، جهڻڪڻ,english,English → Sindhi,reprehend v,الزام هڻڻ ڇينڀڻ ڇنڊ ڪڍڻ جهڻڪڻ,,SindhiLanguage.org,https://sindhilanguage.org/,Amar Fayaz Buriro (امر فياض ٻرڙو),Reprehend (v),Reprehend (v),HEADWORD_WITH_LABEL,HEADWORD_WITH_LABEL
slx_4c6a2409fc25e306,58506,Repress (v),,,English → Sindhi,دٻائڻ، روڪڻ، بند ڪرڻ، منع ڪرڻ، ختم ڪرڻ,english,English → Sindhi,repress v,دٻائڻ روڪڻ بند ڪرڻ منع ڪرڻ ختم ڪرڻ,,SindhiLanguage.org,https://sindhilanguage.org/,Amar Fayaz Buriro (امر فياض ٻرڙو),Repress (v),Repress (v),HEADWORD_WITH_LABEL,HEADWORD_WITH_LABEL
slx_b1386469a432a11c,58509,Reprieve (v),,,English → Sindhi,ڦاسيءَ جي مهلت ڏيڻ، مهمل رکڻ، آرام,english,English → Sindhi,reprieve v,ڦاسيء جي مهلت ڏيڻ مهمل رکڻ آرام,,SindhiLanguage.org,https://sindhilanguage.org/,Amar Fayaz Buriro (امر فياض ٻرڙو),Reprieve (v),Reprieve (v),HEADWORD_WITH_LABEL,HEADWORD_WITH_LABEL
slx_c4af56830038ba01,58510,Reprimand (v),,,English → Sindhi,ڇينڀڻ، ڇنڊ ڪڍڻ، ڌمڪائڻ، ڌمڪي,english,English → Sindhi,reprimand v,ڇينڀڻ ڇنڊ ڪڍڻ ڌمڪائڻ ڌمڪي,,SindhiLanguage.org,https://sindhilanguage.org/,Amar Fayaz Buriro (امر فياض ٻرڙو),Reprimand (v),Reprimand (v),HEADWORD_WITH_LABEL,HEADWORD_WITH_LABEL
slx_4d83bd70b1afd7a9,58511,Reprint (v),,,English → Sindhi,وري ڇپڻ، نئون ڇاپو، طبع ثاني,english,English → Sindhi,reprint v,وري ڇپڻ نئون ڇاپو طبع ثاني,,SindhiLanguage.org,https://sindhilanguage.org/,Amar Fayaz Buriro (امر فياض ٻرڙو),Reprint (v),Reprint (v),HEADWORD_WITH_LABEL,HEADWORD_WITH_LABEL
slx_e8179aff1bde8808,58516,Reproduce (v),,,English → Sindhi,وري پيدا ڪرڻ، وري چوڻ، ياد ڏيارڻ، نقل ڪرڻ,english,English → Sindhi,reproduce v,وري پيدا ڪرڻ وري چوڻ ياد ڏيارڻ نقل ڪرڻ,,SindhiLanguage.org,https://sindhilanguage.org/,Amar Fayaz Buriro (امر فياض ٻرڙو),Reproduce (v),Reproduce (v),HEADWORD_WITH_LABEL,HEADWORD_WITH_LABEL
slx_425dcf35087cdfb0,58520,Reprove (v),,,English → Sindhi,مهڻو ڏيڻ، ڇينڀڻ، ملامت ڪرڻ، ڦٽڪارڻ,english,English → Sindhi,reprove v,مهڻو ڏيڻ ڇينڀڻ ملامت ڪرڻ ڦٽڪارڻ,,SindhiLanguage.org,https://sindhilanguage.org/,Amar Fayaz Buriro (امر فياض ٻرڙو),Reprove (v),Reprove (v),HEADWORD_WITH_LABEL,HEADWORD_WITH_LABEL
slx_f717247e0407e1b5,58526,Republish (v),,,English → Sindhi,وري ڇاپي پڌرو ڪرڻ,english,English → Sindhi,republish v,وري ڇاپي پڌرو ڪرڻ,,SindhiLanguage.org,https://sindhilanguage.org/,Amar Fayaz Buriro (امر فياض ٻرڙو),Republish (v),Republish (v),HEADWORD_WITH_LABEL,HEADWORD_WITH_LABEL
slx_1d58b167cbcadc1c,58527,Repudiate (v),,,English → Sindhi,ڇڏڻ، طلاق ڏيڻ، اڇلائڻ، انڪار ڪرڻ، هٿ کڻڻ,english,English → Sindhi,repudiate v,ڇڏڻ طلاق ڏيڻ اڇلائڻ انڪار ڪرڻ هٿ کڻڻ,,SindhiLanguage.org,https://sindhilanguage.org/,Amar Fayaz Buriro (امر فياض ٻرڙو),Repudiate (v),Repudiate (v),HEADWORD_WITH_LABEL,HEADWORD_WITH_LABEL
slx_0bed523c4dfcd8dc,58531,Repulse (v),,,English → Sindhi,هٽائڻ، مارڻ ٽارڻ، دفع ڪرڻ,english,English → Sindhi,repulse v,هٽائڻ مارڻ ٽارڻ دفع ڪرڻ,,SindhiLanguage.org,https://sindhilanguage.org/,Amar Fayaz Buriro (امر فياض ٻرڙو),Repulse (v),Repulse (v),HEADWORD_WITH_LABEL,HEADWORD_WITH_LABEL
slx_b32ee9a9a16d4c41,58539,Require (v),,,English → Sindhi,طلب ڪرڻ، گهرڻ، چاهڻ، ضرورت رکڻ,english,English → Sindhi,require v,طلب ڪرڻ گهرڻ چاهڻ ضرورت رکڻ,,SindhiLanguage.org,https://sindhilanguage.org/,Amar Fayaz Buriro (امر فياض ٻرڙو),Require (v),Require (v),HEADWORD_WITH_LABEL,HEADWORD_WITH_LABEL
slx_6f7d7b9f9d8e1c23,58544,Requite (v),,,English → Sindhi,بدلو، عيوضو ڏيڻ، جزا ڏيڻ، وير پاڙڻ,english,English → Sindhi,requite v,بدلو عيوضو ڏيڻ جزا ڏيڻ وير پاڙڻ,,SindhiLanguage.org,https://sindhilanguage.org/,Amar Fayaz Buriro (امر فياض ٻرڙو),Requite (v),Requite (v),HEADWORD_WITH_LABEL,HEADWORD_WITH_LABEL
slx_acb617a0a209fd59,58545,(To requite evel for good),,,English → Sindhi,ڀلائيءَ جي بدلي برائي ڪرڻ,english,English → Sindhi,to requite evel for good,ڀلائيء جي بدلي برائي ڪرڻ,,SindhiLanguage.org,https://sindhilanguage.org/,Amar Fayaz Buriro (امر فياض ٻرڙو),(To requite evel for good),(To requite evel for good),PARENTHETICAL,PARENTHETICAL
slx_ac915611f9f13a69,58546,Rescind (v),,,English → Sindhi,وڍڻ، رد ڪرڻ، منسوخ ڪرڻ,english,English → Sindhi,rescind v,وڍڻ رد ڪرڻ منسوخ ڪرڻ,,SindhiLanguage.org,https://sindhilanguage.org/,Amar Fayaz Buriro (امر فياض ٻرڙو),Rescind (v),Rescind (v),HEADWORD_WITH_LABEL,HEADWORD_WITH_LABEL
slx_53639c6d6aa37be3,58548,Rescue (v),,,English → Sindhi,بچائڻ، ڇڏائڻ، آزاد ڪرڻ، ڇوٽڪارو,english,English → Sindhi,rescue v,بچائڻ ڇڏائڻ آزاد ڪرڻ ڇوٽڪارو,,SindhiLanguage.org,https://sindhilanguage.org/,Amar Fayaz Buriro (امر فياض ٻرڙو),Rescue (v),Rescue (v),HEADWORD_WITH_LABEL,HEADWORD_WITH_LABEL
slx_74b69f76fa705b65,58552,Resemble (v),,,English → Sindhi,مشابهت رکڻ، ملي اچڻ,english,English → Sindhi,resemble v,مشابهت رکڻ ملي اچڻ,,SindhiLanguage.org,https://sindhilanguage.org/,Amar Fayaz Buriro (امر فياض ٻرڙو),Resemble (v),Resemble (v),HEADWORD_WITH_LABEL,HEADWORD_WITH_LABEL
slx_b27f9b4c9c1a3525,58553,Resent (v),,,English → Sindhi,چڙ لڳڻ، ناراض ٿيڻ، خفا ٿيڻ,english,English → Sindhi,resent v,چڙ لڳڻ ناراض ٿيڻ خفا ٿيڻ,,SindhiLanguage.org,https://sindhilanguage.org/,Amar Fayaz Buriro (امر فياض ٻرڙو),Resent (v),Resent (v),HEADWORD_WITH_LABEL,HEADWORD_WITH_LABEL
slx_7ba2375274a80604,58556,Reserve (v),,,English → Sindhi,بچائي رکڻ، بچت، حجاب,english,English → Sindhi,reserve v,بچائي رکڻ بچت حجاب,,SindhiLanguage.org,https://sindhilanguage.org/,Amar Fayaz Buriro (امر فياض ٻرڙو),Reserve (v),Reserve (v),HEADWORD_WITH_LABEL,HEADWORD_WITH_LABEL
slx_bcf6e345db77844a,58563,Reside (v),,,English → Sindhi,رهڻ، ٽڪڻ,english,English → Sindhi,reside v,رهڻ ٽڪڻ,,SindhiLanguage.org,https://sindhilanguage.org/,Amar Fayaz Buriro (امر فياض ٻرڙو),Reside (v),Reside (v),HEADWORD_WITH_LABEL,HEADWORD_WITH_LABEL
slx_5960db387e8d080b,58570,Resign (v),,,English → Sindhi,ڇڏڻ، هٿ کڻڻ، توڪل رکڻ، استعيفيٰ ڏيڻ,english,English → Sindhi,resign v,ڇڏڻ هٿ کڻڻ توڪل رکڻ استعيفي ڏيڻ,,SindhiLanguage.org,https://sindhilanguage.org/,Amar Fayaz Buriro (امر فياض ٻرڙو),Resign (v),Resign (v),HEADWORD_WITH_LABEL,HEADWORD_WITH_LABEL
slx_57d6f41c3483a1e8,58573,Resile (v),,,English → Sindhi,موٽي اُسرڻ، پٺتي هٽڻ، آٿڙڻ,english,English → Sindhi,resile v,موٽي اسرڻ پٺتي هٽڻ آٿڙڻ,,SindhiLanguage.org,https://sindhilanguage.org/,Amar Fayaz Buriro (امر فياض ٻرڙو),Resile (v),Resile (v),HEADWORD_WITH_LABEL,HEADWORD_WITH_LABEL
slx_1fee4dbeca578ef4,58576,Resist (v),,,English → Sindhi,مقابلو ڪرڻ، روڪڻ، سامهون ٿيڻ,english,English → Sindhi,resist v,مقابلو ڪرڻ روڪڻ سامهون ٿيڻ,,SindhiLanguage.org,https://sindhilanguage.org/,Amar Fayaz Buriro (امر فياض ٻرڙو),Resist (v),Resist (v),HEADWORD_WITH_LABEL,HEADWORD_WITH_LABEL
slx_4ef12e2231317f8f,58583,Resolve (v),,,English → Sindhi,جداڪ، تجويزڪ، ارادوڪ، ارادو، راءِ,english,English → Sindhi,resolve v,جداڪ تجويزڪ ارادوڪ ارادو راء,,SindhiLanguage.org,https://sindhilanguage.org/,Amar Fayaz Buriro (امر فياض ٻرڙو),Resolve (v),Resolve (v),HEADWORD_WITH_LABEL,HEADWORD_WITH_LABEL
slx_1af17037371b5b04,58589,(Health resort),,,English → Sindhi,صحت گاهه,english,English → Sindhi,health resort,صحت گاهه,,SindhiLanguage.org,https://sindhilanguage.org/,Amar Fayaz Buriro (امر فياض ٻرڙو),(Health resort),(Health resort),PARENTHETICAL,PARENTHETICAL
slx_55bce24c9fd782d6,58590,(In the last resort),,,English → Sindhi,آخرڪار، پڇاڙيءَ جو اُپاءُ,english,English → Sindhi,in the last resort,آخرڪار پڇاڙيء جو اپاء,,SindhiLanguage.org,https://sindhilanguage.org/,Amar Fayaz Buriro (امر فياض ٻرڙو),(In the last resort),(In the last resort),PARENTHETICAL,PARENTHETICAL
slx_f8fa5f440f2966a1,58591,Resort (v),,,English → Sindhi,مدد وٺڻ، منهن ڏيڻ، اختيار ڪرڻ,english,English → Sindhi,resort v,مدد وٺڻ منهن ڏيڻ اختيار ڪرڻ,,SindhiLanguage.org,https://sindhilanguage.org/,Amar Fayaz Buriro (امر فياض ٻرڙو),Resort (v),Resort (v),HEADWORD_WITH_LABEL,HEADWORD_WITH_LABEL
slx_2d87155636f1859b,58592,(To resort to force),,,English → Sindhi,زبردستي اختيار ڪرڻ، زوريءَ ڪرائڻ,english,English → Sindhi,to resort to force,زبردستي اختيار ڪرڻ زوريء ڪرائڻ,,SindhiLanguage.org,https://sindhilanguage.org/,Amar Fayaz Buriro (امر فياض ٻرڙو),(To resort to force),(To resort to force),PARENTHETICAL,PARENTHETICAL
slx_0f06fb12b77e3a4e,58593,Resound (v),,,English → Sindhi,وڄڻ، پڙاڏو ٿيڻ، گونجڻ، ڌاڪو پوڻ,english,English → Sindhi,resound v,وڄڻ پڙاڏو ٿيڻ گونجڻ ڌاڪو پوڻ,,SindhiLanguage.org,https://sindhilanguage.org/,Amar Fayaz Buriro (امر فياض ٻرڙو),Resound (v),Resound (v),HEADWORD_WITH_LABEL,HEADWORD_WITH_LABEL
slx_199dd2b8b4129048,58599,(In every respect),,,English → Sindhi,هرطرح، هر صورت ۾,english,English → Sindhi,in every respect,هرطرح هر صورت,,SindhiLanguage.org,https://sindhilanguage.org/,Amar Fayaz Buriro (امر فياض ٻرڙو),(In every respect),(In every respect),PARENTHETICAL,PARENTHETICAL
slx_28b525aa52dee742,58600,(In many respects),,,English → Sindhi,گهڻين ڳالهين ۾,english,English → Sindhi,in many respects,گهڻين ڳالهين,,SindhiLanguage.org,https://sindhilanguage.org/,Amar Fayaz Buriro (امر فياض ٻرڙو),(In many respects),(In many respects),PARENTHETICAL,PARENTHETICAL
slx_3bb59d6c396e482e,58601,(In respect of),,,English → Sindhi,باري ۾، بابت، بنسبت,english,English → Sindhi,in respect of,باري بابت بنسبت,,SindhiLanguage.org,https://sindhilanguage.org/,Amar Fayaz Buriro (امر فياض ٻرڙو),(In respect of),(In respect of),PARENTHETICAL,PARENTHETICAL
slx_3efc27bb0d2acc73,58602,(With respect to),,,English → Sindhi,بلحاظ، بنسبت، حق ۾,english,English → Sindhi,with respect to,بلحاظ بنسبت حق,,SindhiLanguage.org,https://sindhilanguage.org/,Amar Fayaz Buriro (امر فياض ٻرڙو),(With respect to),(With respect to),PARENTHETICAL,PARENTHETICAL
slx_f0346415b49accfd,58614,Respire (v),,,English → Sindhi,ساهه کڻڻ، ساهه کڻڻ، دم پٽڻ، آرام کڻڻ,english,English → Sindhi,respire v,ساهه کڻڻ ساهه کڻڻ دم پٽڻ آرام کڻڻ,,SindhiLanguage.org,https://sindhilanguage.org/,Amar Fayaz Buriro (امر فياض ٻرڙو),Respire (v),Respire (v),HEADWORD_WITH_LABEL,HEADWORD_WITH_LABEL
slx_80cbc92c0df9648e,58618,Respond (v),,,English → Sindhi,جواب ڏيڻ، موافق، ٿيڻ، ملڻ، ٺهڪڻ,english,English → Sindhi,respond v,جواب ڏيڻ موافق ٿيڻ ملڻ ٺهڪڻ,,SindhiLanguage.org,https://sindhilanguage.org/,Amar Fayaz Buriro (امر فياض ٻرڙو),Respond (v),Respond (v),HEADWORD_WITH_LABEL,HEADWORD_WITH_LABEL
slx_71da8dd9486ca95d,58626,Rest (v),,,English → Sindhi,آرام ڪرڻ، رکڻ، اختيار هئڻ، ڀاڙڻ,english,English → Sindhi,rest v,آرام ڪرڻ رکڻ اختيار هئڻ ڀاڙڻ,,SindhiLanguage.org,https://sindhilanguage.org/,Amar Fayaz Buriro (امر فياض ٻرڙو),Rest (v),Rest (v),HEADWORD_WITH_LABEL,HEADWORD_WITH_LABEL
slx_e73e62e0ca830d95,58628,(To set up one’s rest),,,English → Sindhi,پڪو ارادو ڪرڻ، چپ رهڻ، آرام ڪرڻ,english,English → Sindhi,to set up one s rest,پڪو ارادو ڪرڻ چپ رهڻ آرام ڪرڻ,,SindhiLanguage.org,https://sindhilanguage.org/,Amar Fayaz Buriro (امر فياض ٻرڙو),(To set up one’s rest),(To set up one’s rest),PARENTHETICAL,PARENTHETICAL
slx_986cc8b7a94c2925,58629,(To rest one’s self),,,English → Sindhi,آرام وٺڻ، ليٽڻ، رکڻ,english,English → Sindhi,to rest one s self,آرام وٺڻ ليٽڻ رکڻ,,SindhiLanguage.org,https://sindhilanguage.org/,Amar Fayaz Buriro (امر فياض ٻرڙو),(To rest one’s self),(To rest one’s self),PARENTHETICAL,PARENTHETICAL
slx_705e4afd34ac643a,58630,(To rest with),,,English → Sindhi,قبضي ۾ هئڻ، دارومدار هئڻ,english,English → Sindhi,to rest with,قبضي هئڻ دارومدار هئڻ,,SindhiLanguage.org,https://sindhilanguage.org/,Amar Fayaz Buriro (امر فياض ٻرڙو),(To rest with),(To rest with),PARENTHETICAL,PARENTHETICAL
slx_970a318059189192,58639,Restore (v),,,English → Sindhi,واپس ڪ، عيوض ڏيڻ، مرمت ڪ، تازو، آرام ڪ شفا ڏيڻ,english,English → Sindhi,restore v,واپس ڪ عيوض ڏيڻ مرمت ڪ تازو آرام ڪ شفا ڏيڻ,,SindhiLanguage.org,https://sindhilanguage.org/,Amar Fayaz Buriro (امر فياض ٻرڙو),Restore (v),Restore (v),HEADWORD_WITH_LABEL,HEADWORD_WITH_LABEL
slx_ec1570f76c6db940,58640,Restrain (v),,,English → Sindhi,روڪڻ، جهلڻ، دٻائڻ، گهٽ ڪرڻ,english,English → Sindhi,restrain v,روڪڻ جهلڻ دٻائڻ گهٽ ڪرڻ,,SindhiLanguage.org,https://sindhilanguage.org/,Amar Fayaz Buriro (امر فياض ٻرڙو),Restrain (v),Restrain (v),HEADWORD_WITH_LABEL,HEADWORD_WITH_LABEL
slx_7f11ba98596ef2ff,58642,Restrict (v),,,English → Sindhi,حد ٺهرائڻ، پابند ڪرڻ، جهلڻ,english,English → Sindhi,restrict v,حد ٺهرائڻ پابند ڪرڻ جهلڻ,,SindhiLanguage.org,https://sindhilanguage.org/,Amar Fayaz Buriro (امر فياض ٻرڙو),Restrict (v),Restrict (v),HEADWORD_WITH_LABEL,HEADWORD_WITH_LABEL
slx_a3d3713a07b2e2b2,58647,Resume (v),,,English → Sindhi,وري وٺڻ، وري شروع ڪرڻ، موٽي ڪم تي چڙهڻ,english,English → Sindhi,resume v,وري وٺڻ وري شروع ڪرڻ موٽي ڪم تي چڙهڻ,,SindhiLanguage.org,https://sindhilanguage.org/,Amar Fayaz Buriro (امر فياض ٻرڙو),Resume (v),Resume (v),HEADWORD_WITH_LABEL,HEADWORD_WITH_LABEL
slx_beeae52a7c038072,58651,Resuscitate (v),,,English → Sindhi,وري جيئارڻ، وري پيدا ڪرڻ,english,English → Sindhi,resuscitate v,وري جيئارڻ وري پيدا ڪرڻ,,SindhiLanguage.org,https://sindhilanguage.org/,Amar Fayaz Buriro (امر فياض ٻرڙو),Resuscitate (v),Resuscitate (v),HEADWORD_WITH_LABEL,HEADWORD_WITH_LABEL
slx_742c048473a4bf1c,58655,Retain (v),,,English → Sindhi,رکڻ، جهلڻ، رکي ڇڏڻ، رهڻ,english,English → Sindhi,retain v,رکڻ جهلڻ رکي ڇڏڻ رهڻ,,SindhiLanguage.org,https://sindhilanguage.org/,Amar Fayaz Buriro (امر فياض ٻرڙو),Retain (v),Retain (v),HEADWORD_WITH_LABEL,HEADWORD_WITH_LABEL
slx_6957d988bc398249,58659,Retard (v),,,English → Sindhi,دير لڳڻ، روڪڻ، دير ڪرائڻ,english,English → Sindhi,retard v,دير لڳڻ روڪڻ دير ڪرائڻ,,SindhiLanguage.org,https://sindhilanguage.org/,Amar Fayaz Buriro (امر فياض ٻرڙو),Retard (v),Retard (v),HEADWORD_WITH_LABEL,HEADWORD_WITH_LABEL
slx_33d697a18ea5a832,58661,Reech (v),,,English → Sindhi,الٽي ڪرڻ، قي ڪرڻ، ڪڍڻ,english,English → Sindhi,reech v,الٽي ڪرڻ قي ڪرڻ ڪڍڻ,,SindhiLanguage.org,https://sindhilanguage.org/,Amar Fayaz Buriro (امر فياض ٻرڙو),Reech (v),Reech (v),HEADWORD_WITH_LABEL,HEADWORD_WITH_LABEL
slx_3d4d0986e2d76094,58671,Retire (v),,,English → Sindhi,موٽڻ، هٽڻ، الڳ ٿيڻ، پينشن وٺڻ,english,English → Sindhi,retire v,موٽڻ هٽڻ الڳ ٿيڻ پينشن وٺڻ,,SindhiLanguage.org,https://sindhilanguage.org/,Amar Fayaz Buriro (امر فياض ٻرڙو),Retire (v),Retire (v),HEADWORD_WITH_LABEL,HEADWORD_WITH_LABEL
slx_604870891f72fbc0,58675,Retort (v),,,English → Sindhi,واپس ڏيڻ، جواب ڏيڻ، رد جواب ڏيڻ,english,English → Sindhi,retort v,واپس ڏيڻ جواب ڏيڻ رد جواب ڏيڻ,,SindhiLanguage.org,https://sindhilanguage.org/,Amar Fayaz Buriro (امر فياض ٻرڙو),Retort (v),Retort (v),HEADWORD_WITH_LABEL,HEADWORD_WITH_LABEL
slx_4daa825010e70981,58676,Retouch (v),,,English → Sindhi,زينت ڏيڻ، سڌارڻ,english,English → Sindhi,retouch v,زينت ڏيڻ سڌارڻ,,SindhiLanguage.org,https://sindhilanguage.org/,Amar Fayaz Buriro (امر فياض ٻرڙو),Retouch (v),Retouch (v),HEADWORD_WITH_LABEL,HEADWORD_WITH_LABEL
slx_e820a8029d108fc7,58677,Retrace (v),,,English → Sindhi,وري نقشو ٻڌائڻ، وري پٺتي هٽڻ,english,English → Sindhi,retrace v,وري نقشو ٻڌائڻ وري پٺتي هٽڻ,,SindhiLanguage.org,https://sindhilanguage.org/,Amar Fayaz Buriro (امر فياض ٻرڙو),Retrace (v),Retrace (v),HEADWORD_WITH_LABEL,HEADWORD_WITH_LABEL
slx_7db64fb5827cb50b,58678,Retract (v),,,English → Sindhi,واپس وٺڻ، انڪار ڪرڻ، رد ڪرڻ,english,English → Sindhi,retract v,واپس وٺڻ انڪار ڪرڻ رد ڪرڻ,,SindhiLanguage.org,https://sindhilanguage.org/,Amar Fayaz Buriro (امر فياض ٻرڙو),Retract (v),Retract (v),HEADWORD_WITH_LABEL,HEADWORD_WITH_LABEL
slx_5a57295ab1e9719c,58681,Retread (v),,,English → Sindhi,وري لتاڙڻ، وري هلڻ,english,English → Sindhi,retread v,وري لتاڙڻ وري هلڻ,,SindhiLanguage.org,https://sindhilanguage.org/,Amar Fayaz Buriro (امر فياض ٻرڙو),Retread (v),Retread (v),HEADWORD_WITH_LABEL,HEADWORD_WITH_LABEL
slx_35257a0eb510cc7f,58682,Retreat (v),,,English → Sindhi,هٽڻ، ڀڄڻ، واپسي، موٽ,english,English → Sindhi,retreat v,هٽڻ ڀڄڻ واپسي موٽ,,SindhiLanguage.org,https://sindhilanguage.org/,Amar Fayaz Buriro (امر فياض ٻرڙو),Retreat (v),Retreat (v),HEADWORD_WITH_LABEL,HEADWORD_WITH_LABEL
slx_39373b94f550c9cd,58683,Retrench (v),,,English → Sindhi,گهٽائڻ، گهٽ ڪرڻ، ڪفايت ڪرڻ، مورچابندي ڪرڻ,english,English → Sindhi,retrench v,گهٽائڻ گهٽ ڪرڻ ڪفايت ڪرڻ مورچابندي ڪرڻ,,SindhiLanguage.org,https://sindhilanguage.org/,Amar Fayaz Buriro (امر فياض ٻرڙو),Retrench (v),Retrench (v),HEADWORD_WITH_LABEL,HEADWORD_WITH_LABEL
slx_07479fe69bf3f26e,58685,Retribute (v),,,English → Sindhi,واپس ڏيڻ، موٽائڻ,english,English → Sindhi,retribute v,واپس ڏيڻ موٽائڻ,,SindhiLanguage.org,https://sindhilanguage.org/,Amar Fayaz Buriro (امر فياض ٻرڙو),Retribute (v),Retribute (v),HEADWORD_WITH_LABEL,HEADWORD_WITH_LABEL
slx_f5d8e7c87dd14cd9,58690,Retrieve (v),,,English → Sindhi,وري حاصل ڪرڻ، وري ملڻ، درست ڪرڻ، شفا پائڻ,english,English → Sindhi,retrieve v,وري حاصل ڪرڻ وري ملڻ درست ڪرڻ شفا پائڻ,,SindhiLanguage.org,https://sindhilanguage.org/,Amar Fayaz Buriro (امر فياض ٻرڙو),Retrieve (v),Retrieve (v),HEADWORD_WITH_LABEL,HEADWORD_WITH_LABEL
slx_15e037d69bf334f1,58691,Retrocede (v),,,English → Sindhi,هليو وڃڻ، وري وڃڻ، دست بردار ٿيڻ,english,English → Sindhi,retrocede v,هليو وڃڻ وري وڃڻ دست بردار ٿيڻ,,SindhiLanguage.org,https://sindhilanguage.org/,Amar Fayaz Buriro (امر فياض ٻرڙو),Retrocede (v),Retrocede (v),HEADWORD_WITH_LABEL,HEADWORD_WITH_LABEL
slx_2936710a130d87b6,58696,Retrospect (v),,,English → Sindhi,گذريل وقت جو ويچار ڪرڻ، پٺيان ڏسڻ,english,English → Sindhi,retrospect v,گذريل وقت جو ويچار ڪرڻ پٺيان ڏسڻ,,SindhiLanguage.org,https://sindhilanguage.org/,Amar Fayaz Buriro (امر فياض ٻرڙو),Retrospect (v),Retrospect (v),HEADWORD_WITH_LABEL,HEADWORD_WITH_LABEL
slx_d412deb33ec1684e,58699,Retrovert (v),,,English → Sindhi,پٺيان هٽائڻ,english,English → Sindhi,retrovert v,پٺيان هٽائڻ,,SindhiLanguage.org,https://sindhilanguage.org/,Amar Fayaz Buriro (امر فياض ٻرڙو),Retrovert (v),Retrovert (v),HEADWORD_WITH_LABEL,HEADWORD_WITH_LABEL
slx_bca58b244f743b7a,58705,Reunite (v),,,English → Sindhi,وري ملي وڃڻ. وري ملائڻ,english,English → Sindhi,reunite v,وري ملي وڃڻ وري ملائڻ,,SindhiLanguage.org,https://sindhilanguage.org/,Amar Fayaz Buriro (امر فياض ٻرڙو),Reunite (v),Reunite (v),HEADWORD_WITH_LABEL,HEADWORD_WITH_LABEL
slx_252b86749e6c3c28,58706,Reveal (v),,,English → Sindhi,کولڻ، ظاهر ڪرڻ، بي نقاب ڪرڻ,english,English → Sindhi,reveal v,کولڻ ظاهر ڪرڻ بي نقاب ڪرڻ,,SindhiLanguage.org,https://sindhilanguage.org/,Amar Fayaz Buriro (امر فياض ٻرڙو),Reveal (v),Reveal (v),HEADWORD_WITH_LABEL,HEADWORD_WITH_LABEL
slx_45b319bd27f4873d,58709,Revel (v),,,English → Sindhi,خوشي ڪرڻ، خوشي ملهائڻ، موجون ڪرڻ,english,English → Sindhi,revel v,خوشي ڪرڻ خوشي ملهائڻ موجون ڪرڻ,,SindhiLanguage.org,https://sindhilanguage.org/,Amar Fayaz Buriro (امر فياض ٻرڙو),Revel (v),Revel (v),HEADWORD_WITH_LABEL,HEADWORD_WITH_LABEL
slx_8b581a16e11851e3,58714,Reverberate (v),,,English → Sindhi,پڙاڏو ٿيڻ، گونجڻ، آواز جو موٽي اچڻ,english,English → Sindhi,reverberate v,پڙاڏو ٿيڻ گونجڻ آواز جو موٽي اچڻ,,SindhiLanguage.org,https://sindhilanguage.org/,Amar Fayaz Buriro (امر فياض ٻرڙو),Reverberate (v),Reverberate (v),HEADWORD_WITH_LABEL,HEADWORD_WITH_LABEL
slx_7bd1b1783f431747,58716,Revere (v),,,English → Sindhi,عزت ڏيڻ، مان ڏيڻ، وڏو ڄاڻڻ,english,English → Sindhi,revere v,عزت ڏيڻ مان ڏيڻ وڏو ڄاڻڻ,,SindhiLanguage.org,https://sindhilanguage.org/,Amar Fayaz Buriro (امر فياض ٻرڙو),Revere (v),Revere (v),HEADWORD_WITH_LABEL,HEADWORD_WITH_LABEL
slx_647bc0f1a8ffb1d1,58725,Reverse (v),,,English → Sindhi,ابتو ڪرڻ، رد ڪرڻ، پٺتي هلائڻ,english,English → Sindhi,reverse v,ابتو ڪرڻ رد ڪرڻ پٺتي هلائڻ,,SindhiLanguage.org,https://sindhilanguage.org/,Amar Fayaz Buriro (امر فياض ٻرڙو),Reverse (v),Reverse (v),HEADWORD_WITH_LABEL,HEADWORD_WITH_LABEL
slx_52aaefde04d06fbc,58728,Revert (v),,,English → Sindhi,موٽي اچڻ، ساڳي جاءِ تي پهچڻ,english,English → Sindhi,revert v,موٽي اچڻ ساڳي جاء تي پهچڻ,,SindhiLanguage.org,https://sindhilanguage.org/,Amar Fayaz Buriro (امر فياض ٻرڙو),Revert (v),Revert (v),HEADWORD_WITH_LABEL,HEADWORD_WITH_LABEL
slx_569a8a1369ba8fa6,58730,Review (v),,,English → Sindhi,وري سوچڻ، نظرثاني ڪرڻ، قواعد وٺڻ، نظر مان ڪڍڻ,english,English → Sindhi,review v,وري سوچڻ نظرثاني ڪرڻ قواعد وٺڻ نظر مان ڪڍڻ,,SindhiLanguage.org,https://sindhilanguage.org/,Amar Fayaz Buriro (امر فياض ٻرڙو),Review (v),Review (v),HEADWORD_WITH_LABEL,HEADWORD_WITH_LABEL
slx_e5bd9f2b8097933d,58732,Revigorate (v),,,English → Sindhi,نئين طاقت ڏيڻ، مضبوط ڪرڻ,english,English → Sindhi,revigorate v,نئين طاقت ڏيڻ مضبوط ڪرڻ,,SindhiLanguage.org,https://sindhilanguage.org/,Amar Fayaz Buriro (امر فياض ٻرڙو),Revigorate (v),Revigorate (v),HEADWORD_WITH_LABEL,HEADWORD_WITH_LABEL
slx_5168c1e92e11d074,58733,Revile (v),,,English → Sindhi,گاريون ڏيڻ، خراب چوڻ، گلا ڪرڻ,english,English → Sindhi,revile v,گاريون ڏيڻ خراب چوڻ گلا ڪرڻ,,SindhiLanguage.org,https://sindhilanguage.org/,Amar Fayaz Buriro (امر فياض ٻرڙو),Revile (v),Revile (v),HEADWORD_WITH_LABEL,HEADWORD_WITH_LABEL
slx_0066865330650d9e,58737,Revise (v),,,English → Sindhi,دهرائڻ، دور ڪرڻ، وري جانچ ڪرڻ,english,English → Sindhi,revise v,دهرائڻ دور ڪرڻ وري جانچ ڪرڻ,,SindhiLanguage.org,https://sindhilanguage.org/,Amar Fayaz Buriro (امر فياض ٻرڙو),Revise (v),Revise (v),HEADWORD_WITH_LABEL,HEADWORD_WITH_LABEL
slx_0f9355fc6b21113f,58740,Revive (v),,,English → Sindhi,تازو ڪرڻ، نئين سر جاڳڻ,english,English → Sindhi,revive v,تازو ڪرڻ نئين سر جاڳڻ,,SindhiLanguage.org,https://sindhilanguage.org/,Amar Fayaz Buriro (امر فياض ٻرڙو),Revive (v),Revive (v),HEADWORD_WITH_LABEL,HEADWORD_WITH_LABEL
slx_33129be307a34961,58742,Revivify (v),,,English → Sindhi,تازو دم ڪرڻ، تازگي وٺڻ,english,English → Sindhi,revivify v,تازو دم ڪرڻ تازگي وٺڻ,,SindhiLanguage.org,https://sindhilanguage.org/,Amar Fayaz Buriro (امر فياض ٻرڙو),Revivify (v),Revivify (v),HEADWORD_WITH_LABEL,HEADWORD_WITH_LABEL
slx_9be03f194d00ac4b,58746,Revoke (v),,,English → Sindhi,رد ڪرڻ، منسوخ ڪرڻ,english,English → Sindhi,revoke v,رد ڪرڻ منسوخ ڪرڻ,,SindhiLanguage.org,https://sindhilanguage.org/,Amar Fayaz Buriro (امر فياض ٻرڙو),Revoke (v),Revoke (v),HEADWORD_WITH_LABEL,HEADWORD_WITH_LABEL
slx_866654b9ccd2fc7d,58750,Revolutionise (v),,,English → Sindhi,انقلاب آڻڻ، ڦيرڦار ڪرڻ، رد بدل ڪرڻ,english,English → Sindhi,revolutionise v,انقلاب آڻڻ ڦيرڦار ڪرڻ رد بدل ڪرڻ,,SindhiLanguage.org,https://sindhilanguage.org/,Amar Fayaz Buriro (امر فياض ٻرڙو),Revolutionise (v),Revolutionise (v),HEADWORD_WITH_LABEL,HEADWORD_WITH_LABEL
slx_5f950a549d91edfb,58751,Revolve (v),,,English → Sindhi,گهمائڻ، ڦيرائڻ، غور ڪرڻ,english,English → Sindhi,revolve v,گهمائڻ ڦيرائڻ غور ڪرڻ,,SindhiLanguage.org,https://sindhilanguage.org/,Amar Fayaz Buriro (امر فياض ٻرڙو),Revolve (v),Revolve (v),HEADWORD_WITH_LABEL,HEADWORD_WITH_LABEL
slx_75974a62dc201cf5,58755,Rewrite (v),,,English → Sindhi,وري لکڻ,english,English → Sindhi,rewrite v,وري لکڻ,,SindhiLanguage.org,https://sindhilanguage.org/,Amar Fayaz Buriro (امر فياض ٻرڙو),Rewrite (v),Rewrite (v),HEADWORD_WITH_LABEL,HEADWORD_WITH_LABEL
slx_59983b285fde7bed,58769,Rhyme (v),,,English → Sindhi,چوڻ، شعر، قافيه تي ڪلام چوڻ,english,English → Sindhi,rhyme v,چوڻ شعر قافيه تي ڪلام چوڻ,,SindhiLanguage.org,https://sindhilanguage.org/,Amar Fayaz Buriro (امر فياض ٻرڙو),Rhyme (v),Rhyme (v),HEADWORD_WITH_LABEL,HEADWORD_WITH_LABEL
slx_87bb480d5c86dd0c,58784,Ricochet (v),,,English → Sindhi,گوليءَ جو موٽڻ، اُٿڙڻ,english,English → Sindhi,ricochet v,گوليء جو موٽڻ اٿڙڻ,,SindhiLanguage.org,https://sindhilanguage.org/,Amar Fayaz Buriro (امر فياض ٻرڙو),Ricochet (v),Ricochet (v),HEADWORD_WITH_LABEL,HEADWORD_WITH_LABEL
slx_8b9fb088c6f32fb9,58786,(To get rid of),,,English → Sindhi,جند آزاد ڪرڻ، ڪڍڻ، ڇٽڻ,english,English → Sindhi,to get rid of,جند آزاد ڪرڻ ڪڍڻ ڇٽڻ,,SindhiLanguage.org,https://sindhilanguage.org/,Amar Fayaz Buriro (امر فياض ٻرڙو),(To get rid of),(To get rid of),PARENTHETICAL,PARENTHETICAL
slx_f0eb5100facbce71,58788,Riddle (n),,,English → Sindhi,پرولي، ڳجهارت، معمو,english,English → Sindhi,riddle n,پرولي ڳجهارت معمو,,SindhiLanguage.org,https://sindhilanguage.org/,Amar Fayaz Buriro (امر فياض ٻرڙو),Riddle (n),Riddle (n),HEADWORD_WITH_LABEL,HEADWORD_WITH_LABEL
slx_86751a72db744dcf,58789,Riddle (v),,,English → Sindhi,ڳجهارت چوڻ، پرولي ڏيڻ، ڇاڻڻ,english,English → Sindhi,riddle v,ڳجهارت چوڻ پرولي ڏيڻ ڇاڻڻ,,SindhiLanguage.org,https://sindhilanguage.org/,Amar Fayaz Buriro (امر فياض ٻرڙو),Riddle (v),Riddle (v),HEADWORD_WITH_LABEL,HEADWORD_WITH_LABEL
slx_da7d433b2307a66b,58790,Ride (v),,,English → Sindhi,سواري ڪرڻ، سوار ٿيڻ، چڙهڻ,english,English → Sindhi,ride v,سواري ڪرڻ سوار ٿيڻ چڙهڻ,,SindhiLanguage.org,https://sindhilanguage.org/,Amar Fayaz Buriro (امر فياض ٻرڙو),Ride (v),Ride (v),HEADWORD_WITH_LABEL,HEADWORD_WITH_LABEL
slx_5f57b4729aa23fa3,58796,Ridicule (v),,,English → Sindhi,مسخري ڪرڻ، کل ڪرڻ، ٺٺولي ڪرڻ,english,English → Sindhi,ridicule v,مسخري ڪرڻ کل ڪرڻ ٺٺولي ڪرڻ,,SindhiLanguage.org,https://sindhilanguage.org/,Amar Fayaz Buriro (امر فياض ٻرڙو),Ridicule (v),Ridicule (v),HEADWORD_WITH_LABEL,HEADWORD_WITH_LABEL
slx_3f50ff09561dec69,58806,Rig (v),,,English → Sindhi,پوشاڪ پائڻ، وڳو ڍڪڻ,english,English → Sindhi,rig v,پوشاڪ پائڻ وڳو ڍڪڻ,,SindhiLanguage.org,https://sindhilanguage.org/,Amar Fayaz Buriro (امر فياض ٻرڙو),Rig (v),Rig (v),HEADWORD_WITH_LABEL,HEADWORD_WITH_LABEL
slx_db1bc13a944d5362,58809,Righ (v),,,English → Sindhi,انصاف ڏيارڻ، انصاف ڪرڻ، صحيح ڪرڻ,english,English → Sindhi,righ v,انصاف ڏيارڻ انصاف ڪرڻ صحيح ڪرڻ,,SindhiLanguage.org,https://sindhilanguage.org/,Amar Fayaz Buriro (امر فياض ٻرڙو),Righ (v),Righ (v),HEADWORD_WITH_LABEL,HEADWORD_WITH_LABEL
slx_1a1cc0998cb60157,58823,Rime (n&v),,,English → Sindhi,ٻار ڄمڻ، چير، چاڪ,english,English → Sindhi,rime n v,ٻار ڄمڻ چير چاڪ,,SindhiLanguage.org,https://sindhilanguage.org/,Amar Fayaz Buriro (امر فياض ٻرڙو),Rime (n&v),Rime (n&v),HEADWORD_WITH_LABEL,HEADWORD_WITH_LABEL
slx_57e588b3a2498ab6,58826,Ring (v),,,English → Sindhi,وڄائڻ، واڄٽ، گهنٽي وڄائڻ,english,English → Sindhi,ring v,وڄائڻ واڄٽ گهنٽي وڄائڻ,,SindhiLanguage.org,https://sindhilanguage.org/,Amar Fayaz Buriro (امر فياض ٻرڙو),Ring (v),Ring (v),HEADWORD_WITH_LABEL,HEADWORD_WITH_LABEL
slx_6d957b9744632de5,58827,(Ear-ring),,,English → Sindhi,ڪن جو ڇلو,english,English → Sindhi,ear ring,ڪن جو ڇلو,,SindhiLanguage.org,https://sindhilanguage.org/,Amar Fayaz Buriro (امر فياض ٻرڙو),(Ear-ring),(Ear-ring),PARENTHETICAL,PARENTHETICAL
slx_3caf21a1711aedd4,58840,Rip (v),,,English → Sindhi,اکيلڻ، ڦاڙڻ، ڪاٽڻ، ٽڪڻ,english,English → Sindhi,rip v,اکيلڻ ڦاڙڻ ڪاٽڻ ٽڪڻ,,SindhiLanguage.org,https://sindhilanguage.org/,Amar Fayaz Buriro (امر فياض ٻرڙو),Rip (v),Rip (v),HEADWORD_WITH_LABEL,HEADWORD_WITH_LABEL
slx_167d02b0cc98d981,58842,Ripen (v),,,English → Sindhi,پچڻ، پچائڻ، تيار ڪرڻ,english,English → Sindhi,ripen v,پچڻ پچائڻ تيار ڪرڻ,,SindhiLanguage.org,https://sindhilanguage.org/,Amar Fayaz Buriro (امر فياض ٻرڙو),Ripen (v),Ripen (v),HEADWORD_WITH_LABEL,HEADWORD_WITH_LABEL
slx_e382e22f6bca6e83,58847,Rise (v),,,English → Sindhi,اڀرڻ، وڌڻ، باغي ٿيڻ، چڙهڻ,english,English → Sindhi,rise v,اڀرڻ وڌڻ باغي ٿيڻ چڙهڻ,,SindhiLanguage.org,https://sindhilanguage.org/,Amar Fayaz Buriro (امر فياض ٻرڙو),Rise (v),Rise (v),HEADWORD_WITH_LABEL,HEADWORD_WITH_LABEL
slx_1fe0ba45c7f1265f,58851,Risk (n),,,English → Sindhi,جوکو، خطرو، ڊپ، جوکم,english,English → Sindhi,risk n,جوکو خطرو ڊپ جوکم,,SindhiLanguage.org,https://sindhilanguage.org/,Amar Fayaz Buriro (امر فياض ٻرڙو),Risk (n),Risk (n),HEADWORD_WITH_LABEL,HEADWORD_WITH_LABEL
slx_48de01b8ef38b4c7,58852,Risk (v),,,English → Sindhi,خطري ۾ وڃڻ، ڊپ ٿيڻ,english,English → Sindhi,risk v,خطري وڃڻ ڊپ ٿيڻ,,SindhiLanguage.org,https://sindhilanguage.org/,Amar Fayaz Buriro (امر فياض ٻرڙو),Risk (v),Risk (v),HEADWORD_WITH_LABEL,HEADWORD_WITH_LABEL
slx_73543912b2b2d821,58859,Rive (v),,,English → Sindhi,ڦاڙڻ، چيرڻ، ڏارڻ,english,English → Sindhi,rive v,ڦاڙڻ چيرڻ ڏارڻ,,SindhiLanguage.org,https://sindhilanguage.org/,Amar Fayaz Buriro (امر فياض ٻرڙو),Rive (v),Rive (v),HEADWORD_WITH_LABEL,HEADWORD_WITH_LABEL
slx_9bd1da358660dc99,58901,Sang (p.t of sing),,,English → Sindhi,ڳايو,english,English → Sindhi,sang p t of sing,ڳايو,,SindhiLanguage.org,https://sindhilanguage.org/,Amar Fayaz Buriro (امر فياض ٻرڙو),Sang (p.t of sing),Sang (p.t of sing),HEADWORD_WITH_LABEL,HEADWORD_WITH_LABEL
slx_d02831bf63de7c05,58907,Sank (p.t of sink),,,English → Sindhi,ٻڏو، ٻوڙيو,english,English → Sindhi,sank p t of sink,ٻڏو ٻوڙيو,,SindhiLanguage.org,https://sindhilanguage.org/,Amar Fayaz Buriro (امر فياض ٻرڙو),Sank (p.t of sink),Sank (p.t of sink),HEADWORD_WITH_LABEL,HEADWORD_WITH_LABEL
slx_1574906d3006b93b,58912,Seize (v),,,English → Sindhi,پڪڙڻ، جهلڻ، گرفتار ڪرڻ، قبضو ڪرڻ، وٺڻ,english,English → Sindhi,seize v,پڪڙڻ جهلڻ گرفتار ڪرڻ قبضو ڪرڻ وٺڻ,,SindhiLanguage.org,https://sindhilanguage.org/,Amar Fayaz Buriro (امر فياض ٻرڙو),Seize (v),Seize (v),HEADWORD_WITH_LABEL,HEADWORD_WITH_LABEL
slx_4be501d55f83a17c,58929,Sell (v),,,English → Sindhi,وڪڻڻ، وڪرو ڪرڻ,english,English → Sindhi,sell v,وڪڻڻ وڪرو ڪرڻ,,SindhiLanguage.org,https://sindhilanguage.org/,Amar Fayaz Buriro (امر فياض ٻرڙو),Sell (v),Sell (v),HEADWORD_WITH_LABEL,HEADWORD_WITH_LABEL
slx_f9b89c364fd1b57e,58932,(To sell one’s life dearly),,,English → Sindhi,دشمن جا گهڻا ماڻهو ماري پوءِ مارجڻ,english,English → Sindhi,to sell one s life dearly,دشمن جا گهڻا ماڻهو ماري پوء مارجڻ,,SindhiLanguage.org,https://sindhilanguage.org/,Amar Fayaz Buriro (امر فياض ٻرڙو),(To sell one’s life dearly),(To sell one’s life dearly),PARENTHETICAL,PARENTHETICAL
slx_daec129d39ef5ac1,58934,Selves (pl. of self),,,English → Sindhi,پنهنجو جمع، پاڻ جو جمع (گهڻا),english,English → Sindhi,selves pl of self,پنهنجو جمع پاڻ جو جمع گهڻا,,SindhiLanguage.org,https://sindhilanguage.org/,Amar Fayaz Buriro (امر فياض ٻرڙو),Selves (pl. of self),Selves (pl. of self),HEADWORD_WITH_LABEL,HEADWORD_WITH_LABEL
slx_223bf4ce71d6df03,58952,Send (v),,,English → Sindhi,موڪلڻ، روانو ڪرڻ,english,English → Sindhi,send v,موڪلڻ روانو ڪرڻ,,SindhiLanguage.org,https://sindhilanguage.org/,Amar Fayaz Buriro (امر فياض ٻرڙو),Send (v),Send (v),HEADWORD_WITH_LABEL,HEADWORD_WITH_LABEL
slx_4fd6a34aa1a13adf,58971,"(The senses, five senses)",,,English → Sindhi,پنج حواس,english,English → Sindhi,the senses five senses,پنج حواس,,SindhiLanguage.org,https://sindhilanguage.org/,Amar Fayaz Buriro (امر فياض ٻرڙو),"(The senses, five senses)","(The senses, five senses)",PARENTHETICAL,PARENTHETICAL
slx_8d783afd72af3d0d,58972,Sent (p.t of send),,,English → Sindhi,موڪليو، موڪليل، روانو ڪيل,english,English → Sindhi,sent p t of send,موڪليو موڪليل روانو ڪيل,,SindhiLanguage.org,https://sindhilanguage.org/,Amar Fayaz Buriro (امر فياض ٻرڙو),Sent (p.t of send),Sent (p.t of send),HEADWORD_WITH_LABEL,HEADWORD_WITH_LABEL
slx_18b0432de7584548,59028,Serve (v),,,English → Sindhi,خدمت ڪرڻ، نوڪري ڪرڻ، ڪافي هجڻ,english,English → Sindhi,serve v,خدمت ڪرڻ نوڪري ڪرڻ ڪافي هجڻ,,SindhiLanguage.org,https://sindhilanguage.org/,Amar Fayaz Buriro (امر فياض ٻرڙو),Serve (v),Serve (v),HEADWORD_WITH_LABEL,HEADWORD_WITH_LABEL
slx_7f1dc655d946f87b,59037,Set (v),,,English → Sindhi,وهارڻ، قائم ڪرڻ، رکڻ، ٺيڪ ڪرڻ، ٽولي، لاڙو، طرف، پڪو,english,English → Sindhi,set v,وهارڻ قائم ڪرڻ رکڻ ٺيڪ ڪرڻ ٽولي لاڙو طرف پڪو,,SindhiLanguage.org,https://sindhilanguage.org/,Amar Fayaz Buriro (امر فياض ٻرڙو),Set (v),Set (v),HEADWORD_WITH_LABEL,HEADWORD_WITH_LABEL
slx_ee8c58c646ae4a50,59050,Sever (v),,,English → Sindhi,علحدو ڪرڻ، جدا ڪرڻ، الڳ ڪرڻ، ڇني ڇڏڻ، ٽوڙڻ,english,English → Sindhi,sever v,علحدو ڪرڻ جدا ڪرڻ الڳ ڪرڻ ڇني ڇڏڻ ٽوڙڻ,,SindhiLanguage.org,https://sindhilanguage.org/,Amar Fayaz Buriro (امر فياض ٻرڙو),Sever (v),Sever (v),HEADWORD_WITH_LABEL,HEADWORD_WITH_LABEL
slx_c3dbcd6227f63a26,59066,(A glass shade),,,English → Sindhi,فانوس,english,English → Sindhi,a glass shade,فانوس,,SindhiLanguage.org,https://sindhilanguage.org/,Amar Fayaz Buriro (امر فياض ٻرڙو),(A glass shade),(A glass shade),PARENTHETICAL,PARENTHETICAL
slx_93395c3a62162a8c,59073,Shake (v),,,English → Sindhi,ڌوڏڻ، ڌڏڻ، لوڏڻ، لڏڻ، لرزڻ (لوڏو، ڌوڏو، حرڪت),english,English → Sindhi,shake v,ڌوڏڻ ڌڏڻ لوڏڻ لڏڻ لرزڻ لوڏو ڌوڏو حرڪت,,SindhiLanguage.org,https://sindhilanguage.org/,Amar Fayaz Buriro (امر فياض ٻرڙو),Shake (v),Shake (v),HEADWORD_WITH_LABEL,HEADWORD_WITH_LABEL
slx_83c6dee5052497c4,59081,Sham (n),,,English → Sindhi,مڪر، بناوت، حيلو، تيتال,english,English → Sindhi,sham n,مڪر بناوت حيلو تيتال,,SindhiLanguage.org,https://sindhilanguage.org/,Amar Fayaz Buriro (امر فياض ٻرڙو),Sham (n),Sham (n),HEADWORD_WITH_LABEL,HEADWORD_WITH_LABEL
slx_1766f27f392a0f7f,59082,Sham (v),,,English → Sindhi,ڌوکو ڏيڻ، تيتال ڪرڻ,english,English → Sindhi,sham v,ڌوکو ڏيڻ تيتال ڪرڻ,,SindhiLanguage.org,https://sindhilanguage.org/,Amar Fayaz Buriro (امر فياض ٻرڙو),Sham (v),Sham (v),HEADWORD_WITH_LABEL,HEADWORD_WITH_LABEL
slx_58cf379d1041cfa3,59086,(To put to shame),,,English → Sindhi,شرمندو ڪرڻ، ذليل ڪرڻ,english,English → Sindhi,to put to shame,شرمندو ڪرڻ ذليل ڪرڻ,,SindhiLanguage.org,https://sindhilanguage.org/,Amar Fayaz Buriro (امر فياض ٻرڙو),(To put to shame),(To put to shame),PARENTHETICAL,PARENTHETICAL
slx_badaaa6b76c08317,59094,Shape (v),,,English → Sindhi,صورت بنائڻ، ڊول ڏيڻ,english,English → Sindhi,shape v,صورت بنائڻ ڊول ڏيڻ,,SindhiLanguage.org,https://sindhilanguage.org/,Amar Fayaz Buriro (امر فياض ٻرڙو),Shape (v),Shape (v),HEADWORD_WITH_LABEL,HEADWORD_WITH_LABEL
slx_30adb43e7c7227ab,59095,Shape (n),,,English → Sindhi,صورت، شڪل، ڊول,english,English → Sindhi,shape n,صورت شڪل ڊول,,SindhiLanguage.org,https://sindhilanguage.org/,Amar Fayaz Buriro (امر فياض ٻرڙو),Shape (n),Shape (n),HEADWORD_WITH_LABEL,HEADWORD_WITH_LABEL
slx_2d7bf4cb2f015758,59099,Share (n),,,English → Sindhi,حصو، ڀاڱو، پتي,english,English → Sindhi,share n,حصو ڀاڱو پتي,,SindhiLanguage.org,https://sindhilanguage.org/,Amar Fayaz Buriro (امر فياض ٻرڙو),Share (n),Share (n),HEADWORD_WITH_LABEL,HEADWORD_WITH_LABEL
slx_db00102b3b51097d,59100,Share (v),,,English → Sindhi,حصو ڪرڻ، ورهائڻ، پتي ڪرڻ,english,English → Sindhi,share v,حصو ڪرڻ ورهائڻ پتي ڪرڻ,,SindhiLanguage.org,https://sindhilanguage.org/,Amar Fayaz Buriro (امر فياض ٻرڙو),Share (v),Share (v),HEADWORD_WITH_LABEL,HEADWORD_WITH_LABEL
slx_319d8b938f840150,59104,(Look sharp),,,English → Sindhi,جلد ڪرڻ,english,English → Sindhi,look sharp,جلد ڪرڻ,,SindhiLanguage.org,https://sindhilanguage.org/,Amar Fayaz Buriro (امر فياض ٻرڙو),(Look sharp),(Look sharp),PARENTHETICAL,PARENTHETICAL
slx_02dc10059997a387,59110,Shave (v),,,English → Sindhi,ڪوڙڻ، ڪاٽڻ، تراشڻ، سنوارڻ، حجامت ڪرڻ,english,English → Sindhi,shave v,ڪوڙڻ ڪاٽڻ تراشڻ سنوارڻ حجامت ڪرڻ,,SindhiLanguage.org,https://sindhilanguage.org/,Amar Fayaz Buriro (امر فياض ٻرڙو),Shave (v),Shave (v),HEADWORD_WITH_LABEL,HEADWORD_WITH_LABEL
slx_5c11a1243f5ac0b8,59115,Shear (v),,,English → Sindhi,ڪترڻ، ڪئنچيءَ سان ڪترڻ,english,English → Sindhi,shear v,ڪترڻ ڪئنچيء سان ڪترڻ,,SindhiLanguage.org,https://sindhilanguage.org/,Amar Fayaz Buriro (امر فياض ٻرڙو),Shear (v),Shear (v),HEADWORD_WITH_LABEL,HEADWORD_WITH_LABEL
slx_db31f5ed47240ddc,59118,Sheathe (v),,,English → Sindhi,بند ڪرڻ، مياڻ ۾ وجهڻ,english,English → Sindhi,sheathe v,بند ڪرڻ مياڻ وجهڻ,,SindhiLanguage.org,https://sindhilanguage.org/,Amar Fayaz Buriro (امر فياض ٻرڙو),Sheathe (v),Sheathe (v),HEADWORD_WITH_LABEL,HEADWORD_WITH_LABEL
slx_490e9937ac4ba569,59119,(To sheathe the sword),,,English → Sindhi,صلح ڪرڻ، ترار مياڻ ۾ وجهڻ,english,English → Sindhi,to sheathe the sword,صلح ڪرڻ ترار مياڻ وجهڻ,,SindhiLanguage.org,https://sindhilanguage.org/,Amar Fayaz Buriro (امر فياض ٻرڙو),(To sheathe the sword),(To sheathe the sword),PARENTHETICAL,PARENTHETICAL
slx_032d6ecaef996bba,59121,Shed (v),,,English → Sindhi,ڳارڻ، وهائڻ، ڪڍڻ، جهوپڙي، منهه,english,English → Sindhi,shed v,ڳارڻ وهائڻ ڪڍڻ جهوپڙي منهه,,SindhiLanguage.org,https://sindhilanguage.org/,Amar Fayaz Buriro (امر فياض ٻرڙو),Shed (v),Shed (v),HEADWORD_WITH_LABEL,HEADWORD_WITH_LABEL
slx_a43af1a5b8e660bb,59126,(A black sheep),,,English → Sindhi,بدڪار آدمي,english,English → Sindhi,a black sheep,بدڪار آدمي,,SindhiLanguage.org,https://sindhilanguage.org/,Amar Fayaz Buriro (امر فياض ٻرڙو),(A black sheep),(A black sheep),PARENTHETICAL,PARENTHETICAL
slx_5e773a496c5f52e8,59130,(To sheer off),,,English → Sindhi,ڪترائڻ، لوائڻ,english,English → Sindhi,to sheer off,ڪترائڻ لوائڻ,,SindhiLanguage.org,https://sindhilanguage.org/,Amar Fayaz Buriro (امر فياض ٻرڙو),(To sheer off),(To sheer off),PARENTHETICAL,PARENTHETICAL
slx_bcc72589eb794521,59131,(To sheer up),,,English → Sindhi,قريب اچڻ، ڀرسان اچڻ,english,English → Sindhi,to sheer up,قريب اچڻ ڀرسان اچڻ,,SindhiLanguage.org,https://sindhilanguage.org/,Amar Fayaz Buriro (امر فياض ٻرڙو),(To sheer up),(To sheer up),PARENTHETICAL,PARENTHETICAL
slx_9a50290e760bbadb,59140,Shelter (n),,,English → Sindhi,پناهه، اَجهو، اَمن، سلامتي، حفاظت، بچاءُ,english,English → Sindhi,shelter n,پناهه اجهو امن سلامتي حفاظت بچاء,,SindhiLanguage.org,https://sindhilanguage.org/,Amar Fayaz Buriro (امر فياض ٻرڙو),Shelter (n),Shelter (n),HEADWORD_WITH_LABEL,HEADWORD_WITH_LABEL
slx_47e28771466963b8,59141,Shelter (v),,,English → Sindhi,پناهه ڏيڻ، بچائڻ، اجهو ڏيڻ، حفاظت ڪرڻ,english,English → Sindhi,shelter v,پناهه ڏيڻ بچائڻ اجهو ڏيڻ حفاظت ڪرڻ,,SindhiLanguage.org,https://sindhilanguage.org/,Amar Fayaz Buriro (امر فياض ٻرڙو),Shelter (v),Shelter (v),HEADWORD_WITH_LABEL,HEADWORD_WITH_LABEL
slx_cce7a4fa23c74636,59142,Shelve (v),,,English → Sindhi,طاق تي رکڻ، ملتوي ڪرڻ، مهمل ڪرڻ,english,English → Sindhi,shelve v,طاق تي رکڻ ملتوي ڪرڻ مهمل ڪرڻ,,SindhiLanguage.org,https://sindhilanguage.org/,Amar Fayaz Buriro (امر فياض ٻرڙو),Shelve (v),Shelve (v),HEADWORD_WITH_LABEL,HEADWORD_WITH_LABEL
slx_8cf176897b037fbd,59168,Shiver (v),,,English → Sindhi,ٽڪر ٽڪر ڪرڻ، چور چور ڪرڻ، ڏڪڻ، ٿرڪڻ,english,English → Sindhi,shiver v,ٽڪر ٽڪر ڪرڻ چور چور ڪرڻ ڏڪڻ ٿرڪڻ,,SindhiLanguage.org,https://sindhilanguage.org/,Amar Fayaz Buriro (امر فياض ٻرڙو),Shiver (v),Shiver (v),HEADWORD_WITH_LABEL,HEADWORD_WITH_LABEL
slx_3f5706bbc51b8ae1,59178,(To shoot at),,,English → Sindhi,نيشان وٺڻ، گولي مارڻ,english,English → Sindhi,to shoot at,نيشان وٺڻ گولي مارڻ,,SindhiLanguage.org,https://sindhilanguage.org/,Amar Fayaz Buriro (امر فياض ٻرڙو),(To shoot at),(To shoot at),PARENTHETICAL,PARENTHETICAL
slx_65c77b4e69aaafd5,59185,(In short),,,English → Sindhi,ٿوري ۾,english,English → Sindhi,in short,ٿوري,,SindhiLanguage.org,https://sindhilanguage.org/,Amar Fayaz Buriro (امر فياض ٻرڙو),(In short),(In short),PARENTHETICAL,PARENTHETICAL
slx_5ac04e7ec20b36eb,59186,(To cut short),,,English → Sindhi,مختصر ڪرڻ,english,English → Sindhi,to cut short,مختصر ڪرڻ,,SindhiLanguage.org,https://sindhilanguage.org/,Amar Fayaz Buriro (امر فياض ٻرڙو),(To cut short),(To cut short),PARENTHETICAL,PARENTHETICAL
slx_db4ac00cf83a1b1c,59188,Shorten (v),,,English → Sindhi,گهٽ ڪرڻ,english,English → Sindhi,shorten v,گهٽ ڪرڻ,,SindhiLanguage.org,https://sindhilanguage.org/,Amar Fayaz Buriro (امر فياض ٻرڙو),Shorten (v),Shorten (v),HEADWORD_WITH_LABEL,HEADWORD_WITH_LABEL
slx_f61e97f5002621c6,59197,Shout (v),,,English → Sindhi,شور مچائڻ، واڪو ڪرڻ، پڪارڻ (واڪو نعرو),english,English → Sindhi,shout v,شور مچائڻ واڪو ڪرڻ پڪارڻ واڪو نعرو,,SindhiLanguage.org,https://sindhilanguage.org/,Amar Fayaz Buriro (امر فياض ٻرڙو),Shout (v),Shout (v),HEADWORD_WITH_LABEL,HEADWORD_WITH_LABEL
slx_e1b0f36b930395e8,59198,Shove (v),,,English → Sindhi,ڌڪڻ، ٿيلها ڏيڻ,english,English → Sindhi,shove v,ڌڪڻ ٿيلها ڏيڻ,,SindhiLanguage.org,https://sindhilanguage.org/,Amar Fayaz Buriro (امر فياض ٻرڙو),Shove (v),Shove (v),HEADWORD_WITH_LABEL,HEADWORD_WITH_LABEL
slx_8e486d47cd30997e,59199,(To shove by),,,English → Sindhi,بالائي طاق رکڻ,english,English → Sindhi,to shove by,بالائي طاق رکڻ,,SindhiLanguage.org,https://sindhilanguage.org/,Amar Fayaz Buriro (امر فياض ٻرڙو),(To shove by),(To shove by),PARENTHETICAL,PARENTHETICAL
slx_446cfe6982274504,59201,Show (v),,,English → Sindhi,ڏيکارڻ، ظاهر ڪرڻ، پتو ڏيڻ، رهنمائي ڪرڻ,english,English → Sindhi,show v,ڏيکارڻ ظاهر ڪرڻ پتو ڏيڻ رهنمائي ڪرڻ,,SindhiLanguage.org,https://sindhilanguage.org/,Amar Fayaz Buriro (امر فياض ٻرڙو),Show (v),Show (v),HEADWORD_WITH_LABEL,HEADWORD_WITH_LABEL
slx_b174f28995ca9ea6,59202,Shower (n & v),,,English → Sindhi,ڦوهارو، وسڪارو (وسڻ، وسائڻ),english,English → Sindhi,shower n v,ڦوهارو وسڪارو وسڻ وسائڻ,,SindhiLanguage.org,https://sindhilanguage.org/,Amar Fayaz Buriro (امر فياض ٻرڙو),Shower (n & v),Shower (n & v),HEADWORD_WITH_LABEL,HEADWORD_WITH_LABEL
slx_c14b5b1c12560f19,59205,Shred (v),,,English → Sindhi,پاش پاش ڪرڻ، لينگهو لينگهو ڪرڻ، پرزا پرزا ڪرڻ (ٽڪرو پررزو، ذرو),english,English → Sindhi,shred v,پاش پاش ڪرڻ لينگهو لينگهو ڪرڻ پرزا پرزا ڪرڻ ٽڪرو پررزو ذرو,,SindhiLanguage.org,https://sindhilanguage.org/,Amar Fayaz Buriro (امر فياض ٻرڙو),Shred (v),Shred (v),HEADWORD_WITH_LABEL,HEADWORD_WITH_LABEL
slx_819d4fd0c3d12579,59209,Shrick (n & v),,,English → Sindhi,چيٺ ڪرڻ، چيخ مارڻ، چيخڻ (چيٺ، چيخ),english,English → Sindhi,shrick n v,چيٺ ڪرڻ چيخ مارڻ چيخڻ چيٺ چيخ,,SindhiLanguage.org,https://sindhilanguage.org/,Amar Fayaz Buriro (امر فياض ٻرڙو),Shrick (n & v),Shrick (n & v),HEADWORD_WITH_LABEL,HEADWORD_WITH_LABEL
slx_eed17c18f24e2e7f,59212,Shrill (n & v),,,English → Sindhi,تکو، سنهو، چيٺ وارو (سنهو ۽ تيز آواز ڪرڻ),english,English → Sindhi,shrill n v,تکو سنهو چيٺ وارو سنهو تيز آواز ڪرڻ,,SindhiLanguage.org,https://sindhilanguage.org/,Amar Fayaz Buriro (امر فياض ٻرڙو),Shrill (n & v),Shrill (n & v),HEADWORD_WITH_LABEL,HEADWORD_WITH_LABEL
slx_e4779876d0c9d2d7,59215,Shrink (v),,,English → Sindhi,سسڻ، پٺتي هٽڻ، سمٽجڻ (سوس، سمٽ),english,English → Sindhi,shrink v,سسڻ پٺتي هٽڻ سمٽجڻ سوس سمٽ,,SindhiLanguage.org,https://sindhilanguage.org/,Amar Fayaz Buriro (امر فياض ٻرڙو),Shrink (v),Shrink (v),HEADWORD_WITH_LABEL,HEADWORD_WITH_LABEL
slx_4cb39b2391ef24fa,59216,Shrive (v),,,English → Sindhi,گناهه جو اقرار ٻڌڻ يا گناهه جو اقرار ڪرڻ,english,English → Sindhi,shrive v,گناهه جو اقرار ٻڌڻ يا گناهه جو اقرار ڪرڻ,,SindhiLanguage.org,https://sindhilanguage.org/,Amar Fayaz Buriro (امر فياض ٻرڙو),Shrive (v),Shrive (v),HEADWORD_WITH_LABEL,HEADWORD_WITH_LABEL
slx_0ea56f6302fa048f,59223,Shrug (v),,,English → Sindhi,ڄڪڻ، سسڻ، موڙڻ,english,English → Sindhi,shrug v,ڄڪڻ سسڻ موڙڻ,,SindhiLanguage.org,https://sindhilanguage.org/,Amar Fayaz Buriro (امر فياض ٻرڙو),Shrug (v),Shrug (v),HEADWORD_WITH_LABEL,HEADWORD_WITH_LABEL
slx_6ef349abe8e4a204,59224,Shudder (v),,,English → Sindhi,ڏڪڻ، لرزڻ، لڙڪڻ، (لرزش، ڏڪڻي),english,English → Sindhi,shudder v,ڏڪڻ لرزڻ لڙڪڻ لرزش ڏڪڻي,,SindhiLanguage.org,https://sindhilanguage.org/,Amar Fayaz Buriro (امر فياض ٻرڙو),Shudder (v),Shudder (v),HEADWORD_WITH_LABEL,HEADWORD_WITH_LABEL
slx_177c53e00ba6e960,59225,Shuffle (v),,,English → Sindhi,حيلو ڪرڻ، ٽالو مٽول ڪرڻ، تاس ٺپڻ، درهم برهم ڪرڻ,english,English → Sindhi,shuffle v,حيلو ڪرڻ ٽالو مٽول ڪرڻ تاس ٺپڻ درهم برهم ڪرڻ,,SindhiLanguage.org,https://sindhilanguage.org/,Amar Fayaz Buriro (امر فياض ٻرڙو),Shuffle (v),Shuffle (v),HEADWORD_WITH_LABEL,HEADWORD_WITH_LABEL
slx_d9e438cc9396f493,59226,Shun (v),,,English → Sindhi,پرهيز ڪرڻ، ڪنارڪشي ڪرڻ، بچڻ,english,English → Sindhi,shun v,پرهيز ڪرڻ ڪنارڪشي ڪرڻ بچڻ,,SindhiLanguage.org,https://sindhilanguage.org/,Amar Fayaz Buriro (امر فياض ٻرڙو),Shun (v),Shun (v),HEADWORD_WITH_LABEL,HEADWORD_WITH_LABEL
slx_7df102f0d904b2a9,59227,Shunt (v),,,English → Sindhi,ريل گاڏيءَ جو هڪ بند تان ٻي تي وڃڻ,english,English → Sindhi,shunt v,ريل گاڏيء جو هڪ بند تان ٻي تي وڃڻ,,SindhiLanguage.org,https://sindhilanguage.org/,Amar Fayaz Buriro (امر فياض ٻرڙو),Shunt (v),Shunt (v),HEADWORD_WITH_LABEL,HEADWORD_WITH_LABEL
slx_68e89ea844c59d84,59228,Shut (v),,,English → Sindhi,بند ڪرڻ، قيد ڪرڻ,english,English → Sindhi,shut v,بند ڪرڻ قيد ڪرڻ,,SindhiLanguage.org,https://sindhilanguage.org/,Amar Fayaz Buriro (امر فياض ٻرڙو),Shut (v),Shut (v),HEADWORD_WITH_LABEL,HEADWORD_WITH_LABEL
slx_02b7ac5832437038,59284,(To serve one the same),,,English → Sindhi,بدلو وٺڻ,english,English → Sindhi,to serve one the same,بدلو وٺڻ,,SindhiLanguage.org,https://sindhilanguage.org/,Amar Fayaz Buriro (امر فياض ٻرڙو),(To serve one the same),(To serve one the same),PARENTHETICAL,PARENTHETICAL
slx_6435c336f6590cea,59296,Saw (p.t of see),,,English → Sindhi,ڏٺو، مشاهدو ڪيو,english,English → Sindhi,saw p t of see,ڏٺو مشاهدو ڪيو,,SindhiLanguage.org,https://sindhilanguage.org/,Amar Fayaz Buriro (امر فياض ٻرڙو),Saw (p.t of see),Saw (p.t of see),HEADWORD_WITH_LABEL,HEADWORD_WITH_LABEL
slx_36c061cb06b1951e,59297,Saw (n),,,English → Sindhi,ڪارائي، آري,english,English → Sindhi,saw n,ڪارائي آري,,SindhiLanguage.org,https://sindhilanguage.org/,Amar Fayaz Buriro (امر فياض ٻرڙو),Saw (n),Saw (n),HEADWORD_WITH_LABEL,HEADWORD_WITH_LABEL
slx_38b35d19261872e1,59302,(That is to say),,,English → Sindhi,يعني,english,English → Sindhi,that is to say,يعني,,SindhiLanguage.org,https://sindhilanguage.org/,Amar Fayaz Buriro (امر فياض ٻرڙو),(That is to say),(That is to say),PARENTHETICAL,PARENTHETICAL
slx_0012c59674917a6a,59348,(Sceptress and suitors hate competitors),,,English → Sindhi,بادشاهه ۽ عاشق رقيب کي ڌڪاريندا آهن,english,English → Sindhi,sceptress and suitors hate competitors,بادشاهه عاشق رقيب کي ڌڪاريندا آهن,,SindhiLanguage.org,https://sindhilanguage.org/,Amar Fayaz Buriro (امر فياض ٻرڙو),(Sceptress and suitors hate competitors),(Sceptress and suitors hate competitors),PARENTHETICAL,PARENTHETICAL
slx_b5fc29bff61eddcf,59378,(To quit scores),,,English → Sindhi,ليکو لاهڻ، حساب چڪائڻ,english,English → Sindhi,to quit scores,ليکو لاهڻ حساب چڪائڻ,,SindhiLanguage.org,https://sindhilanguage.org/,Amar Fayaz Buriro (امر فياض ٻرڙو),(To quit scores),(To quit scores),PARENTHETICAL,PARENTHETICAL
slx_a3074ce8b84d4322,59380,Scorn (v),,,English → Sindhi,ڌڪارڻ، حقارت ڪرڻ، نفرت، جُٺ ڦٽ ڪرڻ، ڌڪار، حقارت، جٺ ڦٽ,english,English → Sindhi,scorn v,ڌڪارڻ حقارت ڪرڻ نفرت جٺ ڦٽ ڪرڻ ڌڪار حقارت جٺ ڦٽ,,SindhiLanguage.org,https://sindhilanguage.org/,Amar Fayaz Buriro (امر فياض ٻرڙو),Scorn (v),Scorn (v),HEADWORD_WITH_LABEL,HEADWORD_WITH_LABEL
slx_924cf95c24150f51,59398,(To go to the scrap heap),,,English → Sindhi,تباهه ٿيڻ,english,English → Sindhi,to go to the scrap heap,تباهه ٿيڻ,,SindhiLanguage.org,https://sindhilanguage.org/,Amar Fayaz Buriro (امر فياض ٻرڙو),(To go to the scrap heap),(To go to the scrap heap),PARENTHETICAL,PARENTHETICAL
slx_e1bbd862ddb142bd,59402,Scratch (v),,,English → Sindhi,کرڙڻ، کنهڻ، رهڙڻ، رهنڊا پائڻ,english,English → Sindhi,scratch v,کرڙڻ کنهڻ رهڙڻ رهنڊا پائڻ,,SindhiLanguage.org,https://sindhilanguage.org/,Amar Fayaz Buriro (امر فياض ٻرڙو),Scratch (v),Scratch (v),HEADWORD_WITH_LABEL,HEADWORD_WITH_LABEL
slx_fcc1770381920b1d,59403,Scratch (n),,,English → Sindhi,رهنڊ، خراش، رهڙ,english,English → Sindhi,scratch n,رهنڊ خراش رهڙ,,SindhiLanguage.org,https://sindhilanguage.org/,Amar Fayaz Buriro (امر فياض ٻرڙو),Scratch (n),Scratch (n),HEADWORD_WITH_LABEL,HEADWORD_WITH_LABEL
slx_405b8ac409e4c04c,59411,(To put under the screw),,,English → Sindhi,مجبور ڪرڻ، دٻائڻ,english,English → Sindhi,to put under the screw,مجبور ڪرڻ دٻائڻ,,SindhiLanguage.org,https://sindhilanguage.org/,Amar Fayaz Buriro (امر فياض ٻرڙو),(To put under the screw),(To put under the screw),PARENTHETICAL,PARENTHETICAL
slx_26ad8bd538a8c1d3,59423,(To make scruple),,,English → Sindhi,پروپيش ڪرڻ، اڳ پوءِ جاچڻ,english,English → Sindhi,to make scruple,پروپيش ڪرڻ اڳ پوء جاچڻ,,SindhiLanguage.org,https://sindhilanguage.org/,Amar Fayaz Buriro (امر فياض ٻرڙو),(To make scruple),(To make scruple),PARENTHETICAL,PARENTHETICAL
slx_eaf2f21f30b1f54d,59449,Search (n & v),,,English → Sindhi,تلاش، ڳولها، تپاس، سراغ (ڳولها ڪرڻ، تلاش ڪرڻ),english,English → Sindhi,search n v,تلاش ڳولها تپاس سراغ ڳولها ڪرڻ تلاش ڪرڻ,,SindhiLanguage.org,https://sindhilanguage.org/,Amar Fayaz Buriro (امر فياض ٻرڙو),Search (n & v),Search (n & v),HEADWORD_WITH_LABEL,HEADWORD_WITH_LABEL
slx_95a9d0b015dda845,59458,Seclude (v),,,English → Sindhi,مجمع کان الڳ ڪرڻ,english,English → Sindhi,seclude v,مجمع کان الڳ ڪرڻ,,SindhiLanguage.org,https://sindhilanguage.org/,Amar Fayaz Buriro (امر فياض ٻرڙو),Seclude (v),Seclude (v),HEADWORD_WITH_LABEL,HEADWORD_WITH_LABEL
slx_1fbf43d38fa991d7,59476,Secularise (v),,,English → Sindhi,دنوي ڪمن کي استعمال ۾ آڻڻ، دين مان دنيوي ڪم وٺڻ,english,English → Sindhi,secularise v,دنوي ڪمن کي استعمال آڻڻ دين مان دنيوي ڪم وٺڻ,,SindhiLanguage.org,https://sindhilanguage.org/,Amar Fayaz Buriro (امر فياض ٻرڙو),Secularise (v),Secularise (v),HEADWORD_WITH_LABEL,HEADWORD_WITH_LABEL
slx_9dfd6b77e2d2fbca,59478,Secure (n & v),,,English → Sindhi,سلامت، بي خطري، سوگهو، قبضي ۾ (سلامت، قبضي ڪرڻ),english,English → Sindhi,secure n v,سلامت بي خطري سوگهو قبضي سلامت قبضي ڪرڻ,,SindhiLanguage.org,https://sindhilanguage.org/,Amar Fayaz Buriro (امر فياض ٻرڙو),Secure (n & v),Secure (n & v),HEADWORD_WITH_LABEL,HEADWORD_WITH_LABEL
slx_1d5e588fd6ccf0cf,59482,(Of a sedate temper),,,English → Sindhi,مستقل مزاج,english,English → Sindhi,of a sedate temper,مستقل مزاج,,SindhiLanguage.org,https://sindhilanguage.org/,Amar Fayaz Buriro (امر فياض ٻرڙو),(Of a sedate temper),(Of a sedate temper),PARENTHETICAL,PARENTHETICAL
slx_2e1683814407ee96,59489,Seduce (v),,,English → Sindhi,برغلائڻ، بهڪائڻ، ترتيب ڏيڻ، گمراه ڪرڻ,english,English → Sindhi,seduce v,برغلائڻ بهڪائڻ ترتيب ڏيڻ گمراه ڪرڻ,,SindhiLanguage.org,https://sindhilanguage.org/,Amar Fayaz Buriro (امر فياض ٻرڙو),Seduce (v),Seduce (v),HEADWORD_WITH_LABEL,HEADWORD_WITH_LABEL
slx_adc6fbde7401bd5e,59494,See (v),,,English → Sindhi,ڏسڻ، نظر ڪرڻ، سهي ڪرڻ، غور ڪرڻ,english,English → Sindhi,see v,ڏسڻ نظر ڪرڻ سهي ڪرڻ غور ڪرڻ,,SindhiLanguage.org,https://sindhilanguage.org/,Amar Fayaz Buriro (امر فياض ٻرڙو),See (v),See (v),HEADWORD_WITH_LABEL,HEADWORD_WITH_LABEL
slx_542bfabd5a1d3731,59495,(To see about a thing),,,English → Sindhi,لحاظ ڪرڻ,english,English → Sindhi,to see about a thing,لحاظ ڪرڻ,,SindhiLanguage.org,https://sindhilanguage.org/,Amar Fayaz Buriro (امر فياض ٻرڙو),(To see about a thing),(To see about a thing),PARENTHETICAL,PARENTHETICAL
slx_3cf6c9ed2c929991,59496,(To see to),,,English → Sindhi,انتظام ڪرڻ,english,English → Sindhi,to see to,انتظام ڪرڻ,,SindhiLanguage.org,https://sindhilanguage.org/,Amar Fayaz Buriro (امر فياض ٻرڙو),(To see to),(To see to),PARENTHETICAL,PARENTHETICAL
slx_eb2faf92d3ff9ae5,59497,Seed (n),,,English → Sindhi,ٻج، تخم، داڻو، ککڙي، نطفو، نسل,english,English → Sindhi,seed n,ٻج تخم داڻو ککڙي نطفو نسل,,SindhiLanguage.org,https://sindhilanguage.org/,Amar Fayaz Buriro (امر فياض ٻرڙو),Seed (n),Seed (n),HEADWORD_WITH_LABEL,HEADWORD_WITH_LABEL
slx_07ab718c25709eeb,59498,Seed (v),,,English → Sindhi,ٻج ڇٽڻ، تخم ريزي ڪرڻ,english,English → Sindhi,seed v,ٻج ڇٽڻ تخم ريزي ڪرڻ,,SindhiLanguage.org,https://sindhilanguage.org/,Amar Fayaz Buriro (امر فياض ٻرڙو),Seed (v),Seed (v),HEADWORD_WITH_LABEL,HEADWORD_WITH_LABEL
slx_6a5423185d832874,59504,Seek (v),,,English → Sindhi,تلاش ڪرڻ، ڳولهڻ، گهرڻ، چاهڻ، سراخ لڳائڻ,english,English → Sindhi,seek v,تلاش ڪرڻ ڳولهڻ گهرڻ چاهڻ سراخ لڳائڻ,,SindhiLanguage.org,https://sindhilanguage.org/,Amar Fayaz Buriro (امر فياض ٻرڙو),Seek (v),Seek (v),HEADWORD_WITH_LABEL,HEADWORD_WITH_LABEL
slx_5d423283d97ba399,59505,(To seek after),,,English → Sindhi,پيڇو ڪرڻ,english,English → Sindhi,to seek after,پيڇو ڪرڻ,,SindhiLanguage.org,https://sindhilanguage.org/,Amar Fayaz Buriro (امر فياض ٻرڙو),(To seek after),(To seek after),PARENTHETICAL,PARENTHETICAL
slx_6a77d99cfff5364b,59506,(To seek for),,,English → Sindhi,تلاش ڪرڻ,english,English → Sindhi,to seek for,تلاش ڪرڻ,,SindhiLanguage.org,https://sindhilanguage.org/,Amar Fayaz Buriro (امر فياض ٻرڙو),(To seek for),(To seek for),PARENTHETICAL,PARENTHETICAL
slx_5e660987609336d9,59512,Seen (p.p of see),,,English → Sindhi,ڏٺل، ڏٺو,english,English → Sindhi,seen p p of see,ڏٺل ڏٺو,,SindhiLanguage.org,https://sindhilanguage.org/,Amar Fayaz Buriro (امر فياض ٻرڙو),Seen (p.p of see),Seen (p.p of see),HEADWORD_WITH_LABEL,HEADWORD_WITH_LABEL
slx_145255e7a566af9d,59513,Seep (v),,,English → Sindhi,ٽمڻ، ڦڙ ڦڙ ٿي وهڻ,english,English → Sindhi,seep v,ٽمڻ ڦڙ ڦڙ ٿي وهڻ,,SindhiLanguage.org,https://sindhilanguage.org/,Amar Fayaz Buriro (امر فياض ٻرڙو),Seep (v),Seep (v),HEADWORD_WITH_LABEL,HEADWORD_WITH_LABEL
slx_b25f1a68e6d910df,59516,Seethe (v),,,English → Sindhi,اوٻارڻ، جوش ۾ هجڻ,english,English → Sindhi,seethe v,اوٻارڻ جوش هجڻ,,SindhiLanguage.org,https://sindhilanguage.org/,Amar Fayaz Buriro (امر فياض ٻرڙو),Seethe (v),Seethe (v),HEADWORD_WITH_LABEL,HEADWORD_WITH_LABEL
slx_1470c933004fda2e,59523,Side (n & v),,,English → Sindhi,ڪنارو، پاسو، حاشي، طرف، پاسري، (پاسو کلڻ),english,English → Sindhi,side n v,ڪنارو پاسو حاشي طرف پاسري پاسو کلڻ,,SindhiLanguage.org,https://sindhilanguage.org/,Amar Fayaz Buriro (امر فياض ٻرڙو),Side (n & v),Side (n & v),HEADWORD_WITH_LABEL,HEADWORD_WITH_LABEL
slx_e8bdb9447ba56cc3,59524,(By the side of),,,English → Sindhi,ڀرسان، بغل ۾,english,English → Sindhi,by the side of,ڀرسان بغل,,SindhiLanguage.org,https://sindhilanguage.org/,Amar Fayaz Buriro (امر فياض ٻرڙو),(By the side of),(By the side of),PARENTHETICAL,PARENTHETICAL
slx_13c7721d7563b774,59532,Sift (v),,,English → Sindhi,ڇاڻڻ، تحقيقات ڪرڻ، جاچڻ,english,English → Sindhi,sift v,ڇاڻڻ تحقيقات ڪرڻ جاچڻ,,SindhiLanguage.org,https://sindhilanguage.org/,Amar Fayaz Buriro (امر فياض ٻرڙو),Sift (v),Sift (v),HEADWORD_WITH_LABEL,HEADWORD_WITH_LABEL
slx_03eb2c01b4505f97,59533,Sigh (n & v),,,English → Sindhi,آهه ڀرڻ، ٿڌو شوڪارو ڪرڻ (آهه، شوڪارو، افسوس),english,English → Sindhi,sigh n v,آهه ڀرڻ ٿڌو شوڪارو ڪرڻ آهه شوڪارو افسوس,,SindhiLanguage.org,https://sindhilanguage.org/,Amar Fayaz Buriro (امر فياض ٻرڙو),Sigh (n & v),Sigh (n & v),HEADWORD_WITH_LABEL,HEADWORD_WITH_LABEL
slx_2b68062b4c5c7c71,59539,Signalize (v),,,English → Sindhi,مشهور ڪرڻ، نامور ڪرڻ، اشاري سان خبر ڏيڻ,english,English → Sindhi,signalize v,مشهور ڪرڻ نامور ڪرڻ اشاري سان خبر ڏيڻ,,SindhiLanguage.org,https://sindhilanguage.org/,Amar Fayaz Buriro (امر فياض ٻرڙو),Signalize (v),Signalize (v),HEADWORD_WITH_LABEL,HEADWORD_WITH_LABEL
slx_0eef5ff7051979d4,59547,Signify (v),,,English → Sindhi,ڄاڻائڻ، ظاهر ڪرڻ، بيان ڪرڻ، معنيٰ رکڻ,english,English → Sindhi,signify v,ڄاڻائڻ ظاهر ڪرڻ بيان ڪرڻ معني رکڻ,,SindhiLanguage.org,https://sindhilanguage.org/,Amar Fayaz Buriro (امر فياض ٻرڙو),Signify (v),Signify (v),HEADWORD_WITH_LABEL,HEADWORD_WITH_LABEL
slx_408e42c480dd5349,59569,Simmer (v),,,English → Sindhi,آهستي آهستي ڪاڙهڻ,english,English → Sindhi,simmer v,آهستي آهستي ڪاڙهڻ,,SindhiLanguage.org,https://sindhilanguage.org/,Amar Fayaz Buriro (امر فياض ٻرڙو),Simmer (v),Simmer (v),HEADWORD_WITH_LABEL,HEADWORD_WITH_LABEL
slx_f180e62d59a861f3,59577,Simplify (v),,,English → Sindhi,آسان ڪرڻ، سادي صورت ۾ آڻڻ,english,English → Sindhi,simplify v,آسان ڪرڻ سادي صورت آڻڻ,,SindhiLanguage.org,https://sindhilanguage.org/,Amar Fayaz Buriro (امر فياض ٻرڙو),Simplify (v),Simplify (v),HEADWORD_WITH_LABEL,HEADWORD_WITH_LABEL
slx_98cd442bb20b7e18,59608,Sink (v),,,English → Sindhi,ٻڏڻ، ٻوڙڻ، غرق ڪرڻ، سيت ڪرڻ، گهٽ ڪرڻ,english,English → Sindhi,sink v,ٻڏڻ ٻوڙڻ غرق ڪرڻ سيت ڪرڻ گهٽ ڪرڻ,,SindhiLanguage.org,https://sindhilanguage.org/,Amar Fayaz Buriro (امر فياض ٻرڙو),Sink (v),Sink (v),HEADWORD_WITH_LABEL,HEADWORD_WITH_LABEL
slx_4dd2607a053701c9,59613,Sip (v),,,English → Sindhi,سرڪيون ڀرڻ، ڍڪ ڀرڻ (سرڪي، ڍڪ),english,English → Sindhi,sip v,سرڪيون ڀرڻ ڍڪ ڀرڻ سرڪي ڍڪ,,SindhiLanguage.org,https://sindhilanguage.org/,Amar Fayaz Buriro (امر فياض ٻرڙو),Sip (v),Sip (v),HEADWORD_WITH_LABEL,HEADWORD_WITH_LABEL
slx_c7a7b8484619e3d0,59626,Sit (v),,,English → Sindhi,ويهڻ، ڪچهري ڪرڻ،ا جلاس ڪرڻ,english,English → Sindhi,sit v,ويهڻ ڪچهري ڪرڻ ا جلاس ڪرڻ,,SindhiLanguage.org,https://sindhilanguage.org/,Amar Fayaz Buriro (امر فياض ٻرڙو),Sit (v),Sit (v),HEADWORD_WITH_LABEL,HEADWORD_WITH_LABEL
slx_43e008666cd15ade,59637,(Be at sixes and sevens),,,English → Sindhi,گمسان ۾ هجڻ,english,English → Sindhi,be at sixes and sevens,گمسان هجڻ,,SindhiLanguage.org,https://sindhilanguage.org/,Amar Fayaz Buriro (امر فياض ٻرڙو),(Be at sixes and sevens),(Be at sixes and sevens),PARENTHETICAL,PARENTHETICAL
slx_90fd4e009e0056cd,59640,Sizzle (v),,,English → Sindhi,سوساٽ ڪرڻ,english,English → Sindhi,sizzle v,سوساٽ ڪرڻ,,SindhiLanguage.org,https://sindhilanguage.org/,Amar Fayaz Buriro (امر فياض ٻرڙو),Sizzle (v),Sizzle (v),HEADWORD_WITH_LABEL,HEADWORD_WITH_LABEL
slx_80caa9c78f361820,59641,Skail (v),,,English → Sindhi,ٽڙي پکڙي وڃڻ، خالي ٿيڻ,english,English → Sindhi,skail v,ٽڙي پکڙي وڃڻ خالي ٿيڻ,,SindhiLanguage.org,https://sindhilanguage.org/,Amar Fayaz Buriro (امر فياض ٻرڙو),Skail (v),Skail (v),HEADWORD_WITH_LABEL,HEADWORD_WITH_LABEL
slx_61f615b572f0bf20,59644,Skate (v),,,English → Sindhi,برف تي هڪ ڪاٺ جي جتيءَ سان هلڻ,english,English → Sindhi,skate v,برف تي هڪ ڪاٺ جي جتيء سان هلڻ,,SindhiLanguage.org,https://sindhilanguage.org/,Amar Fayaz Buriro (امر فياض ٻرڙو),Skate (v),Skate (v),HEADWORD_WITH_LABEL,HEADWORD_WITH_LABEL
slx_afab3b2e2f8534ee,59653,Skid (n),,,English → Sindhi,جهاز کي بچائڻ لاءِ اَڏ، پشتي بان,english,English → Sindhi,skid n,جهاز کي بچائڻ لاء اڏ پشتي بان,,SindhiLanguage.org,https://sindhilanguage.org/,Amar Fayaz Buriro (امر فياض ٻرڙو),Skid (n),Skid (n),HEADWORD_WITH_LABEL,HEADWORD_WITH_LABEL
slx_efa31fbb46c35292,59654,Skid (v),,,English → Sindhi,ترڪڻ، گسڪي وڃڻ، گاڏيءَ جا ڦيٿا سڙي وڃڻ,english,English → Sindhi,skid v,ترڪڻ گسڪي وڃڻ گاڏيء جا ڦيٿا سڙي وڃڻ,,SindhiLanguage.org,https://sindhilanguage.org/,Amar Fayaz Buriro (امر فياض ٻرڙو),Skid (v),Skid (v),HEADWORD_WITH_LABEL,HEADWORD_WITH_LABEL
slx_97ed6395d7635568,59686,Slain (p.p of slay),,,English → Sindhi,قتل ڪيل، ماريل، ڪٺل,english,English → Sindhi,slain p p of slay,قتل ڪيل ماريل ڪٺل,,SindhiLanguage.org,https://sindhilanguage.org/,Amar Fayaz Buriro (امر فياض ٻرڙو),Slain (p.p of slay),Slain (p.p of slay),HEADWORD_WITH_LABEL,HEADWORD_WITH_LABEL
slx_832b18a83a2ada06,59687,Slake (v),,,English → Sindhi,اڃ اجهائڻ، اجهائڻ، ڀڄائڻ، وسائڻ,english,English → Sindhi,slake v,اڃ اجهائڻ اجهائڻ ڀڄائڻ وسائڻ,,SindhiLanguage.org,https://sindhilanguage.org/,Amar Fayaz Buriro (امر فياض ٻرڙو),Slake (v),Slake (v),HEADWORD_WITH_LABEL,HEADWORD_WITH_LABEL
slx_67ea182b6f7cc86d,59688,Slam (v),,,English → Sindhi,زور سان (دروازو) بند ڪرڻ، تاس جي هڪ راند,english,English → Sindhi,slam v,زور سان دروازو بند ڪرڻ تاس جي هڪ راند,,SindhiLanguage.org,https://sindhilanguage.org/,Amar Fayaz Buriro (امر فياض ٻرڙو),Slam (v),Slam (v),HEADWORD_WITH_LABEL,HEADWORD_WITH_LABEL
slx_31a06dd293494e1b,59690,Slander (v),,,English → Sindhi,ڪوڙي تهمت هڻڻ، گلاب ڪرڻ، عيب لڳائڻ (عيب، تهمت، گلا),english,English → Sindhi,slander v,ڪوڙي تهمت هڻڻ گلاب ڪرڻ عيب لڳائڻ عيب تهمت گلا,,SindhiLanguage.org,https://sindhilanguage.org/,Amar Fayaz Buriro (امر فياض ٻرڙو),Slander (v),Slander (v),HEADWORD_WITH_LABEL,HEADWORD_WITH_LABEL
slx_3572a569932950b6,59693,Slant (n & v),,,English → Sindhi,مڙڻ، لاڙڻ (مڙيل، لاڙيل),english,English → Sindhi,slant n v,مڙڻ لاڙڻ مڙيل لاڙيل,,SindhiLanguage.org,https://sindhilanguage.org/,Amar Fayaz Buriro (امر فياض ٻرڙو),Slant (n & v),Slant (n & v),HEADWORD_WITH_LABEL,HEADWORD_WITH_LABEL
slx_4a1bfb102c297425,59694,Slap (v),,,English → Sindhi,ٿڦڙ هڻڻ (ٿڦڙ، چماٽ),english,English → Sindhi,slap v,ٿڦڙ هڻڻ ٿڦڙ چماٽ,,SindhiLanguage.org,https://sindhilanguage.org/,Amar Fayaz Buriro (امر فياض ٻرڙو),Slap (v),Slap (v),HEADWORD_WITH_LABEL,HEADWORD_WITH_LABEL
slx_5c5328a2318e62c3,59695,Slash (n & v),,,English → Sindhi,چيرڻ، گهاءُ ڪرڻ (گهاءُ، تراش، چاڪ),english,English → Sindhi,slash n v,چيرڻ گهاء ڪرڻ گهاء تراش چاڪ,,SindhiLanguage.org,https://sindhilanguage.org/,Amar Fayaz Buriro (امر فياض ٻرڙو),Slash (n & v),Slash (n & v),HEADWORD_WITH_LABEL,HEADWORD_WITH_LABEL
slx_79227417589dab50,59706,Slay (v),,,English → Sindhi,قتل ڪرڻ، ڪهڻ,english,English → Sindhi,slay v,قتل ڪرڻ ڪهڻ,,SindhiLanguage.org,https://sindhilanguage.org/,Amar Fayaz Buriro (امر فياض ٻرڙو),Slay (v),Slay (v),HEADWORD_WITH_LABEL,HEADWORD_WITH_LABEL
slx_62d30143f3897711,59712,Sleep (n & v),,,English → Sindhi,سمهڻ، ننڊ ڪرڻ، آرام ڪرڻ (آرام، خواب),english,English → Sindhi,sleep n v,سمهڻ ننڊ ڪرڻ آرام ڪرڻ آرام خواب,,SindhiLanguage.org,https://sindhilanguage.org/,Amar Fayaz Buriro (امر فياض ٻرڙو),Sleep (n & v),Sleep (n & v),HEADWORD_WITH_LABEL,HEADWORD_WITH_LABEL
slx_cfe295db15b7e345,59713,(The long last sleep),,,English → Sindhi,موت,english,English → Sindhi,the long last sleep,موت,,SindhiLanguage.org,https://sindhilanguage.org/,Amar Fayaz Buriro (امر فياض ٻرڙو),(The long last sleep),(The long last sleep),PARENTHETICAL,PARENTHETICAL
slx_1b0c37329820269e,59718,(To hang on the sleeve of),,,English → Sindhi,ڀروسي رهڻ، ڪنهن جو محتاج هجڻ,english,English → Sindhi,to hang on the sleeve of,ڀروسي رهڻ ڪنهن جو محتاج هجڻ,,SindhiLanguage.org,https://sindhilanguage.org/,Amar Fayaz Buriro (امر فياض ٻرڙو),(To hang on the sleeve of),(To hang on the sleeve of),PARENTHETICAL,PARENTHETICAL
slx_cf3a2c6a6cb3c1be,59722,Slept (p.t of sleep),,,English → Sindhi,سمهيو,english,English → Sindhi,slept p t of sleep,سمهيو,,SindhiLanguage.org,https://sindhilanguage.org/,Amar Fayaz Buriro (امر فياض ٻرڙو),Slept (p.t of sleep),Slept (p.t of sleep),HEADWORD_WITH_LABEL,HEADWORD_WITH_LABEL
slx_b01fd554f8d68a24,59724,Slew (p.t of slay),,,English → Sindhi,قتل ڪيو,english,English → Sindhi,slew p t of slay,قتل ڪيو,,SindhiLanguage.org,https://sindhilanguage.org/,Amar Fayaz Buriro (امر فياض ٻرڙو),Slew (p.t of slay),Slew (p.t of slay),HEADWORD_WITH_LABEL,HEADWORD_WITH_LABEL
slx_e132bd91633e6175,59725,Slice (n & v),,,English → Sindhi,ٽڪرو، ورق، ڪتر، ڦار (ٽڪرا ڪرڻ، ڦارون ڪرڻ),english,English → Sindhi,slice n v,ٽڪرو ورق ڪتر ڦار ٽڪرا ڪرڻ ڦارون ڪرڻ,,SindhiLanguage.org,https://sindhilanguage.org/,Amar Fayaz Buriro (امر فياض ٻرڙو),Slice (n & v),Slice (n & v),HEADWORD_WITH_LABEL,HEADWORD_WITH_LABEL
slx_3b376c2804ecc9e9,59726,Slide (n & v),,,English → Sindhi,کسڪڻ، سرڪڻ، ترڪڻ، (گسڪڻي، ترڪڻي),english,English → Sindhi,slide n v,کسڪڻ سرڪڻ ترڪڻ گسڪڻي ترڪڻي,,SindhiLanguage.org,https://sindhilanguage.org/,Amar Fayaz Buriro (امر فياض ٻرڙو),Slide (n & v),Slide (n & v),HEADWORD_WITH_LABEL,HEADWORD_WITH_LABEL
slx_0ec92baba6566b89,59737,Slip (n & v),,,English → Sindhi,لعزش، غلطي، خطا، پٽي، (ترڪڻ، کسڪي وڃڻ),english,English → Sindhi,slip n v,لعزش غلطي خطا پٽي ترڪڻ کسڪي وڃڻ,,SindhiLanguage.org,https://sindhilanguage.org/,Amar Fayaz Buriro (امر فياض ٻرڙو),Slip (n & v),Slip (n & v),HEADWORD_WITH_LABEL,HEADWORD_WITH_LABEL
slx_15bdd5936a10467e,59738,(To slip over),,,English → Sindhi,نظرانداز ڪرڻ,english,English → Sindhi,to slip over,نظرانداز ڪرڻ,,SindhiLanguage.org,https://sindhilanguage.org/,Amar Fayaz Buriro (امر فياض ٻرڙو),(To slip over),(To slip over),PARENTHETICAL,PARENTHETICAL
slx_4489b22ed6d239d1,59742,Slit (n & v),,,English → Sindhi,شگاف ڪرڻ، چيرڻ (جهري، شگاف، درز، چير),english,English → Sindhi,slit n v,شگاف ڪرڻ چيرڻ جهري شگاف درز چير,,SindhiLanguage.org,https://sindhilanguage.org/,Amar Fayaz Buriro (امر فياض ٻرڙو),Slit (n & v),Slit (n & v),HEADWORD_WITH_LABEL,HEADWORD_WITH_LABEL
slx_ccaef68f047ef3b9,59761,Slubber (v),,,English → Sindhi,آهستي آهستي ڪرڻ ڍٻا لڳائڻ,english,English → Sindhi,slubber v,آهستي آهستي ڪرڻ ڍٻا لڳائڻ,,SindhiLanguage.org,https://sindhilanguage.org/,Amar Fayaz Buriro (امر فياض ٻرڙو),Slubber (v),Slubber (v),HEADWORD_WITH_LABEL,HEADWORD_WITH_LABEL
slx_431cdb9c2d52c264,59767,Slumber (v & n),,,English → Sindhi,اونگهڻ، جهوٽا کائڻ ڳهرجڻ (اونگهه، غنودگي ڳهر),english,English → Sindhi,slumber v n,اونگهڻ جهوٽا کائڻ ڳهرجڻ اونگهه غنودگي ڳهر,,SindhiLanguage.org,https://sindhilanguage.org/,Amar Fayaz Buriro (امر فياض ٻرڙو),Slumber (v & n),Slumber (v & n),HEADWORD_WITH_LABEL,HEADWORD_WITH_LABEL
slx_956d1c364427080c,59770,Slung (pt. of sling),,,English → Sindhi,لٽڪايو، اڇليو,english,English → Sindhi,slung pt of sling,لٽڪايو اڇليو,,SindhiLanguage.org,https://sindhilanguage.org/,Amar Fayaz Buriro (امر فياض ٻرڙو),Slung (pt. of sling),Slung (pt. of sling),HEADWORD_WITH_LABEL,HEADWORD_WITH_LABEL
slx_8ddbb78bdeb53078,59771,Slunk (p.p of slink),,,English → Sindhi,کسڪي ويو، ٻار ڪيرايو,english,English → Sindhi,slunk p p of slink,کسڪي ويو ٻار ڪيرايو,,SindhiLanguage.org,https://sindhilanguage.org/,Amar Fayaz Buriro (امر فياض ٻرڙو),Slunk (p.p of slink),Slunk (p.p of slink),HEADWORD_WITH_LABEL,HEADWORD_WITH_LABEL
slx_367e67315797bbe1,59772,Slur (v),,,English → Sindhi,داغ لڳائڻ، بي عزت ڪرڻ، بدنام ڪرڻ (داغ، بدنامي، رسوائي),english,English → Sindhi,slur v,داغ لڳائڻ بي عزت ڪرڻ بدنام ڪرڻ داغ بدنامي رسوائي,,SindhiLanguage.org,https://sindhilanguage.org/,Amar Fayaz Buriro (امر فياض ٻرڙو),Slur (v),Slur (v),HEADWORD_WITH_LABEL,HEADWORD_WITH_LABEL
slx_8068b5848e709be8,59777,Smack (v),,,English → Sindhi,چمي وٺڻ، مزو وٺڻ، چٽڻ، چٽڪارڻ,english,English → Sindhi,smack v,چمي وٺڻ مزو وٺڻ چٽڻ چٽڪارڻ,,SindhiLanguage.org,https://sindhilanguage.org/,Amar Fayaz Buriro (امر فياض ٻرڙو),Smack (v),Smack (v),HEADWORD_WITH_LABEL,HEADWORD_WITH_LABEL
slx_b204339574502f8b,59778,Smack (n),,,English → Sindhi,چمي، چماٽ، چمي، يا چشڪي جو آواز,english,English → Sindhi,smack n,چمي چماٽ چمي يا چشڪي جو آواز,,SindhiLanguage.org,https://sindhilanguage.org/,Amar Fayaz Buriro (امر فياض ٻرڙو),Smack (n),Smack (n),HEADWORD_WITH_LABEL,HEADWORD_WITH_LABEL
slx_9cc140c60de44960,59789,Smear (v),,,English → Sindhi,دٻو لڳائڻ، سڻڀ مکڻ، ميرو ڪرڻ، آلوده ڪرڻ,english,English → Sindhi,smear v,دٻو لڳائڻ سڻڀ مکڻ ميرو ڪرڻ آلوده ڪرڻ,,SindhiLanguage.org,https://sindhilanguage.org/,Amar Fayaz Buriro (امر فياض ٻرڙو),Smear (v),Smear (v),HEADWORD_WITH_LABEL,HEADWORD_WITH_LABEL
slx_a5b511e182879041,59790,Smell (v & n),,,English → Sindhi,سنگهڻ، خوشبو وٺڻ (بوءِ، بانس سنگهڻ جي طاقت),english,English → Sindhi,smell v n,سنگهڻ خوشبو وٺڻ بوء بانس سنگهڻ جي طاقت,,SindhiLanguage.org,https://sindhilanguage.org/,Amar Fayaz Buriro (امر فياض ٻرڙو),Smell (v & n),Smell (v & n),HEADWORD_WITH_LABEL,HEADWORD_WITH_LABEL
slx_059c5bff16858b46,59791,Smelt (p.t of smell),,,English → Sindhi,سنگهيو,english,English → Sindhi,smelt p t of smell,سنگهيو,,SindhiLanguage.org,https://sindhilanguage.org/,Amar Fayaz Buriro (امر فياض ٻرڙو),Smelt (p.t of smell),Smelt (p.t of smell),HEADWORD_WITH_LABEL,HEADWORD_WITH_LABEL
slx_012a1cc894d99c3b,59793,Smile (v & n),,,English → Sindhi,مشڪڻ، مسڪرائڻ، مرڪڻ (مشڪ، مرڪ، تبسم),english,English → Sindhi,smile v n,مشڪڻ مسڪرائڻ مرڪڻ مشڪ مرڪ تبسم,,SindhiLanguage.org,https://sindhilanguage.org/,Amar Fayaz Buriro (امر فياض ٻرڙو),Smile (v & n),Smile (v & n),HEADWORD_WITH_LABEL,HEADWORD_WITH_LABEL
slx_b9b56f78fba5875a,59794,Smirch (v),,,English → Sindhi,ميرو ڪرڻ، داغ لائڻ,english,English → Sindhi,smirch v,ميرو ڪرڻ داغ لائڻ,,SindhiLanguage.org,https://sindhilanguage.org/,Amar Fayaz Buriro (امر فياض ٻرڙو),Smirch (v),Smirch (v),HEADWORD_WITH_LABEL,HEADWORD_WITH_LABEL
slx_240205df7b59b19b,59795,Smirk (v),,,English → Sindhi,ناز سان مشڪڻ يا کلڻ,english,English → Sindhi,smirk v,ناز سان مشڪڻ يا کلڻ,,SindhiLanguage.org,https://sindhilanguage.org/,Amar Fayaz Buriro (امر فياض ٻرڙو),Smirk (v),Smirk (v),HEADWORD_WITH_LABEL,HEADWORD_WITH_LABEL
slx_98661efc3ab1076a,59796,Smite (v),,,English → Sindhi,مارڻ، شڪست ڏيڻ، سزا ڏيڻ، تڪليف ڏيڻ,english,English → Sindhi,smite v,مارڻ شڪست ڏيڻ سزا ڏيڻ تڪليف ڏيڻ,,SindhiLanguage.org,https://sindhilanguage.org/,Amar Fayaz Buriro (امر فياض ٻرڙو),Smite (v),Smite (v),HEADWORD_WITH_LABEL,HEADWORD_WITH_LABEL
slx_630414340f0b89ba,59799,Smock (v & n),,,English → Sindhi,عورت جي قميص يا ڪرتي,english,English → Sindhi,smock v n,عورت جي قميص يا ڪرتي,,SindhiLanguage.org,https://sindhilanguage.org/,Amar Fayaz Buriro (امر فياض ٻرڙو),Smock (v & n),Smock (v & n),HEADWORD_WITH_LABEL,HEADWORD_WITH_LABEL
slx_83270645d7496d19,59801,(To end in smoke),,,English → Sindhi,اجايو وڃڻ، اڪارت وڃڻ,english,English → Sindhi,to end in smoke,اجايو وڃڻ اڪارت وڃڻ,,SindhiLanguage.org,https://sindhilanguage.org/,Amar Fayaz Buriro (امر فياض ٻرڙو),(To end in smoke),(To end in smoke),PARENTHETICAL,PARENTHETICAL
slx_69ead31df229f4fe,59807,Smudge (v & n),,,English → Sindhi,دٻا لڳائڻ، ميرو ڪرڻ (ڌٻو، داغ، ميرو نشان),english,English → Sindhi,smudge v n,دٻا لڳائڻ ميرو ڪرڻ ڌٻو داغ ميرو نشان,,SindhiLanguage.org,https://sindhilanguage.org/,Amar Fayaz Buriro (امر فياض ٻرڙو),Smudge (v & n),Smudge (v & n),HEADWORD_WITH_LABEL,HEADWORD_WITH_LABEL
slx_9598c4dbcc8eca80,59808,Smuggle (v),,,English → Sindhi,محصولي مال چوري کڻي اچڻ يا کڻي وڃڻ,english,English → Sindhi,smuggle v,محصولي مال چوري کڻي اچڻ يا کڻي وڃڻ,,SindhiLanguage.org,https://sindhilanguage.org/,Amar Fayaz Buriro (امر فياض ٻرڙو),Smuggle (v),Smuggle (v),HEADWORD_WITH_LABEL,HEADWORD_WITH_LABEL
slx_157b41f958dc138a,59809,Smutch (v),,,English → Sindhi,دونهي سان ڪارو ڪرڻ,english,English → Sindhi,smutch v,دونهي سان ڪارو ڪرڻ,,SindhiLanguage.org,https://sindhilanguage.org/,Amar Fayaz Buriro (امر فياض ٻرڙو),Smutch (v),Smutch (v),HEADWORD_WITH_LABEL,HEADWORD_WITH_LABEL
slx_3c32bb21fdc06d28,59816,Snap (v),,,English → Sindhi,اوچتو چڪ پائڻ، ڀڃڻ,english,English → Sindhi,snap v,اوچتو چڪ پائڻ ڀڃڻ,,SindhiLanguage.org,https://sindhilanguage.org/,Amar Fayaz Buriro (امر فياض ٻرڙو),Snap (v),Snap (v),HEADWORD_WITH_LABEL,HEADWORD_WITH_LABEL
slx_9820736bb975cb6b,59818,Snare (v),,,English → Sindhi,ڦاسائڻ، دام ۾ آڻڻ (دام، ڄار، گرفت),english,English → Sindhi,snare v,ڦاسائڻ دام آڻڻ دام ڄار گرفت,,SindhiLanguage.org,https://sindhilanguage.org/,Amar Fayaz Buriro (امر فياض ٻرڙو),Snare (v),Snare (v),HEADWORD_WITH_LABEL,HEADWORD_WITH_LABEL
slx_704bc4cc217c650a,59819,Snarl (v),,,English → Sindhi,غرائڻ، گرکڻ، ڇڙٻڻ,english,English → Sindhi,snarl v,غرائڻ گرکڻ ڇڙٻڻ,,SindhiLanguage.org,https://sindhilanguage.org/,Amar Fayaz Buriro (امر فياض ٻرڙو),Snarl (v),Snarl (v),HEADWORD_WITH_LABEL,HEADWORD_WITH_LABEL
slx_b674d402817eb50d,59820,Snatch (v & n),,,English → Sindhi,کسڪڻ، (کس، جهپو),english,English → Sindhi,snatch v n,کسڪڻ کس جهپو,,SindhiLanguage.org,https://sindhilanguage.org/,Amar Fayaz Buriro (امر فياض ٻرڙو),Snatch (v & n),Snatch (v & n),HEADWORD_WITH_LABEL,HEADWORD_WITH_LABEL
slx_7034afdd937ca633,59821,Sneak (v),,,English → Sindhi,کسڪي وڃڻ، چوريءَ هليو وڃڻ (نٽائڻ),english,English → Sindhi,sneak v,کسڪي وڃڻ چوريء هليو وڃڻ نٽائڻ,,SindhiLanguage.org,https://sindhilanguage.org/,Amar Fayaz Buriro (امر فياض ٻرڙو),Sneak (v),Sneak (v),HEADWORD_WITH_LABEL,HEADWORD_WITH_LABEL
slx_5271823996c96933,59822,Sneer (v),,,English → Sindhi,ٽوڪ هڻڻ، تحقير ڪرڻ,english,English → Sindhi,sneer v,ٽوڪ هڻڻ تحقير ڪرڻ,,SindhiLanguage.org,https://sindhilanguage.org/,Amar Fayaz Buriro (امر فياض ٻرڙو),Sneer (v),Sneer (v),HEADWORD_WITH_LABEL,HEADWORD_WITH_LABEL
slx_7d239124d8d1cc23,59823,Sneez (v),,,English → Sindhi,ڇڪ ڏيڻ,english,English → Sindhi,sneez v,ڇڪ ڏيڻ,,SindhiLanguage.org,https://sindhilanguage.org/,Amar Fayaz Buriro (امر فياض ٻرڙو),Sneez (v),Sneez (v),HEADWORD_WITH_LABEL,HEADWORD_WITH_LABEL
slx_31a2328cf0e4e968,59824,Snib (v),,,English → Sindhi,روڪڻ، بند ڪرڻ,english,English → Sindhi,snib v,روڪڻ بند ڪرڻ,,SindhiLanguage.org,https://sindhilanguage.org/,Amar Fayaz Buriro (امر فياض ٻرڙو),Snib (v),Snib (v),HEADWORD_WITH_LABEL,HEADWORD_WITH_LABEL
slx_f2a0f61e323f94d2,59825,Snicker (v),,,English → Sindhi,آهستي کلڻ,english,English → Sindhi,snicker v,آهستي کلڻ,,SindhiLanguage.org,https://sindhilanguage.org/,Amar Fayaz Buriro (امر فياض ٻرڙو),Snicker (v),Snicker (v),HEADWORD_WITH_LABEL,HEADWORD_WITH_LABEL
slx_48776b5a11f95a7b,59826,Sniff (v),,,English → Sindhi,سڻڪڻ,english,English → Sindhi,sniff v,سڻڪڻ,,SindhiLanguage.org,https://sindhilanguage.org/,Amar Fayaz Buriro (امر فياض ٻرڙو),Sniff (v),Sniff (v),HEADWORD_WITH_LABEL,HEADWORD_WITH_LABEL
slx_8e0f448897db32da,59827,Snig (v),,,English → Sindhi,هڪ قسم جي مڇي,english,English → Sindhi,snig v,هڪ قسم جي مڇي,,SindhiLanguage.org,https://sindhilanguage.org/,Amar Fayaz Buriro (امر فياض ٻرڙو),Snig (v),Snig (v),HEADWORD_WITH_LABEL,HEADWORD_WITH_LABEL
slx_6cd33e4110bf9458,59828,Sniggle (v),,,English → Sindhi,ڄاريءَ ۾ ڦاسائڻ,english,English → Sindhi,sniggle v,ڄاريء ڦاسائڻ,,SindhiLanguage.org,https://sindhilanguage.org/,Amar Fayaz Buriro (امر فياض ٻرڙو),Sniggle (v),Sniggle (v),HEADWORD_WITH_LABEL,HEADWORD_WITH_LABEL
slx_f5aeffddd429ae6d,59829,Snip (v),,,English → Sindhi,ڪترڻ، ڪٽي ڇڏڻ,english,English → Sindhi,snip v,ڪترڻ ڪٽي ڇڏڻ,,SindhiLanguage.org,https://sindhilanguage.org/,Amar Fayaz Buriro (امر فياض ٻرڙو),Snip (v),Snip (v),HEADWORD_WITH_LABEL,HEADWORD_WITH_LABEL
slx_6729f8139990bc6e,59833,Snooze (v),,,English → Sindhi,اونگهڻ، سمهڻ,english,English → Sindhi,snooze v,اونگهڻ سمهڻ,,SindhiLanguage.org,https://sindhilanguage.org/,Amar Fayaz Buriro (امر فياض ٻرڙو),Snooze (v),Snooze (v),HEADWORD_WITH_LABEL,HEADWORD_WITH_LABEL
slx_ce1ebefc66ad977f,59834,Snore (v),,,English → Sindhi,کهونگهرا هڻڻ، (کونگهرا),english,English → Sindhi,snore v,کهونگهرا هڻڻ کونگهرا,,SindhiLanguage.org,https://sindhilanguage.org/,Amar Fayaz Buriro (امر فياض ٻرڙو),Snore (v),Snore (v),HEADWORD_WITH_LABEL,HEADWORD_WITH_LABEL
slx_1d978309790fa39e,59835,Snort (v),,,English → Sindhi,ڦوڪارڻ,english,English → Sindhi,snort v,ڦوڪارڻ,,SindhiLanguage.org,https://sindhilanguage.org/,Amar Fayaz Buriro (امر فياض ٻرڙو),Snort (v),Snort (v),HEADWORD_WITH_LABEL,HEADWORD_WITH_LABEL
slx_1ae9f84793b718c4,59840,Snub (v),,,English → Sindhi,روڪڻ، چڙٻڻ (روڪ، ڇڙٻ),english,English → Sindhi,snub v,روڪڻ چڙٻڻ روڪ ڇڙٻ,,SindhiLanguage.org,https://sindhilanguage.org/,Amar Fayaz Buriro (امر فياض ٻرڙو),Snub (v),Snub (v),HEADWORD_WITH_LABEL,HEADWORD_WITH_LABEL
slx_1156cb237c29b742,59841,Snuff (v),,,English → Sindhi,سنگهڻ، سڻڪڻ، ناس ڏيڻ، (ناس، ڦلو),english,English → Sindhi,snuff v,سنگهڻ سڻڪڻ ناس ڏيڻ ناس ڦلو,,SindhiLanguage.org,https://sindhilanguage.org/,Amar Fayaz Buriro (امر فياض ٻرڙو),Snuff (v),Snuff (v),HEADWORD_WITH_LABEL,HEADWORD_WITH_LABEL
slx_68633486f8ca0049,59842,(Up to snuff),,,English → Sindhi,چالاڪ، باخبر، تاڙ باز,english,English → Sindhi,up to snuff,چالاڪ باخبر تاڙ باز,,SindhiLanguage.org,https://sindhilanguage.org/,Amar Fayaz Buriro (امر فياض ٻرڙو),(Up to snuff),(Up to snuff),PARENTHETICAL,PARENTHETICAL
slx_fbf5284e24c5ba21,59843,(To be up to snuff),,,English → Sindhi,تاڙي وڃڻ,english,English → Sindhi,to be up to snuff,تاڙي وڃڻ,,SindhiLanguage.org,https://sindhilanguage.org/,Amar Fayaz Buriro (امر فياض ٻرڙو),(To be up to snuff),(To be up to snuff),PARENTHETICAL,PARENTHETICAL
slx_0fd33fd79b5014cf,59845,Snuffle (v),,,English → Sindhi,گهڻو ڳالهائڻ، نڪ سان ڳالهائڻ,english,English → Sindhi,snuffle v,گهڻو ڳالهائڻ نڪ سان ڳالهائڻ,,SindhiLanguage.org,https://sindhilanguage.org/,Amar Fayaz Buriro (امر فياض ٻرڙو),Snuffle (v),Snuffle (v),HEADWORD_WITH_LABEL,HEADWORD_WITH_LABEL
slx_e9a015aa190e8ecb,59852,Soak (v),,,English → Sindhi,پسائڻ، تر ڪرڻ، ڀڄائڻ، ڇهڻ، جذب ڪرڻ,english,English → Sindhi,soak v,پسائڻ تر ڪرڻ ڀڄائڻ ڇهڻ جذب ڪرڻ,,SindhiLanguage.org,https://sindhilanguage.org/,Amar Fayaz Buriro (امر فياض ٻرڙو),Soak (v),Soak (v),HEADWORD_WITH_LABEL,HEADWORD_WITH_LABEL
slx_771b4efaa10eb45f,59855,Soar (v & n),,,English → Sindhi,اڏامڻ، بلند پروازي ڪرڻ، (بلند پروازي),english,English → Sindhi,soar v n,اڏامڻ بلند پروازي ڪرڻ بلند پروازي,,SindhiLanguage.org,https://sindhilanguage.org/,Amar Fayaz Buriro (امر فياض ٻرڙو),Soar (v & n),Soar (v & n),HEADWORD_WITH_LABEL,HEADWORD_WITH_LABEL
slx_a8fa302527612efb,59856,Sob (v & n),,,English → Sindhi,سڏڪا ڀرڻ (سڏڪو),english,English → Sindhi,sob v n,سڏڪا ڀرڻ سڏڪو,,SindhiLanguage.org,https://sindhilanguage.org/,Amar Fayaz Buriro (امر فياض ٻرڙو),Sob (v & n),Sob (v & n),HEADWORD_WITH_LABEL,HEADWORD_WITH_LABEL
slx_e9fa7bcf3cb22bfb,59859,(No riches like sobriety),,,English → Sindhi,پرهيزگاري وڏي دولت آهي,english,English → Sindhi,no riches like sobriety,پرهيزگاري وڏي دولت آهي,,SindhiLanguage.org,https://sindhilanguage.org/,Amar Fayaz Buriro (امر فياض ٻرڙو),(No riches like sobriety),(No riches like sobriety),PARENTHETICAL,PARENTHETICAL
slx_dfd96694ddbad69a,59879,Soften (v),,,English → Sindhi,نرم ڪرڻ، ملائم ڪرڻ يا ٿيڻ,english,English → Sindhi,soften v,نرم ڪرڻ ملائم ڪرڻ يا ٿيڻ,,SindhiLanguage.org,https://sindhilanguage.org/,Amar Fayaz Buriro (امر فياض ٻرڙو),Soften (v),Soften (v),HEADWORD_WITH_LABEL,HEADWORD_WITH_LABEL
slx_36d38215b18cb877,59884,Solace (v & n),,,English → Sindhi,خاطرداري ڪرڻ، دلاسا ڏيڻ، (دلاسو، خاطري، تسلي),english,English → Sindhi,solace v n,خاطرداري ڪرڻ دلاسا ڏيڻ دلاسو خاطري تسلي,,SindhiLanguage.org,https://sindhilanguage.org/,Amar Fayaz Buriro (امر فياض ٻرڙو),Solace (v & n),Solace (v & n),HEADWORD_WITH_LABEL,HEADWORD_WITH_LABEL
slx_7541655ad7c16ba1,59890,Sold (p.t of sell),,,English → Sindhi,وڪيل، وڪاڻل,english,English → Sindhi,sold p t of sell,وڪيل وڪاڻل,,SindhiLanguage.org,https://sindhilanguage.org/,Amar Fayaz Buriro (امر فياض ٻرڙو),Sold (p.t of sell),Sold (p.t of sell),HEADWORD_WITH_LABEL,HEADWORD_WITH_LABEL
slx_748a6b5e84309300,59891,Solder (v & n),,,English → Sindhi,ريهه ڏيڻ، ٽانڪو لڳائڻ، پيوند ڪرڻ (ريهه، ٽانڪو),english,English → Sindhi,solder v n,ريهه ڏيڻ ٽانڪو لڳائڻ پيوند ڪرڻ ريهه ٽانڪو,,SindhiLanguage.org,https://sindhilanguage.org/,Amar Fayaz Buriro (امر فياض ٻرڙو),Solder (v & n),Solder (v & n),HEADWORD_WITH_LABEL,HEADWORD_WITH_LABEL
slx_01503290d189e721,59902,Solemenize (v),,,English → Sindhi,ملهائڻ، ڌوم ڌام ڪرڻ,english,English → Sindhi,solemenize v,ملهائڻ ڌوم ڌام ڪرڻ,,SindhiLanguage.org,https://sindhilanguage.org/,Amar Fayaz Buriro (امر فياض ٻرڙو),Solemenize (v),Solemenize (v),HEADWORD_WITH_LABEL,HEADWORD_WITH_LABEL
slx_67fbdbb01512b7cb,59905,Solicit (v),,,English → Sindhi,عرض ڪرڻ، استدعا ڪرڻ، درخواست ڪرڻ، خواهش ڪرڻ,english,English → Sindhi,solicit v,عرض ڪرڻ استدعا ڪرڻ درخواست ڪرڻ خواهش ڪرڻ,,SindhiLanguage.org,https://sindhilanguage.org/,Amar Fayaz Buriro (امر فياض ٻرڙو),Solicit (v),Solicit (v),HEADWORD_WITH_LABEL,HEADWORD_WITH_LABEL
slx_2a88d47e9240f06e,59918,Solve (v),,,English → Sindhi,حل ڪرڻ، صاف ڪرڻ، سمجهائڻ,english,English → Sindhi,solve v,حل ڪرڻ صاف ڪرڻ سمجهائڻ,,SindhiLanguage.org,https://sindhilanguage.org/,Amar Fayaz Buriro (امر فياض ٻرڙو),Solve (v),Solve (v),HEADWORD_WITH_LABEL,HEADWORD_WITH_LABEL
slx_f924c8b0d8feea73,59924,Somnambulate (v),,,English → Sindhi,ننڊ ۾ پنڌ ڪرڻ,english,English → Sindhi,somnambulate v,ننڊ پنڌ ڪرڻ,,SindhiLanguage.org,https://sindhilanguage.org/,Amar Fayaz Buriro (امر فياض ٻرڙو),Somnambulate (v),Somnambulate (v),HEADWORD_WITH_LABEL,HEADWORD_WITH_LABEL
slx_f70c3590b5319f33,59941,Soothe (v),,,English → Sindhi,مٺين ڳالهين سان خوش ڪرڻ، تسڪين ڏيڻ,english,English → Sindhi,soothe v,مٺين ڳالهين سان خوش ڪرڻ تسڪين ڏيڻ,,SindhiLanguage.org,https://sindhilanguage.org/,Amar Fayaz Buriro (امر فياض ٻرڙو),Soothe (v),Soothe (v),HEADWORD_WITH_LABEL,HEADWORD_WITH_LABEL
slx_b229c67663e101c5,59948,Sophisticate (v),,,English → Sindhi,بگاڙڻ، خراب ڪرڻ,english,English → Sindhi,sophisticate v,بگاڙڻ خراب ڪرڻ,,SindhiLanguage.org,https://sindhilanguage.org/,Amar Fayaz Buriro (امر فياض ٻرڙو),Sophisticate (v),Sophisticate (v),HEADWORD_WITH_LABEL,HEADWORD_WITH_LABEL
slx_ba1c2ec808e68c89,59968,Sought (p.t of Seek),,,English → Sindhi,ڳولهيو,english,English → Sindhi,sought p t of seek,ڳولهيو,,SindhiLanguage.org,https://sindhilanguage.org/,Amar Fayaz Buriro (امر فياض ٻرڙو),Sought (p.t of Seek),Sought (p.t of Seek),HEADWORD_WITH_LABEL,HEADWORD_WITH_LABEL
slx_1128ac75d052fc71,59970,Sound (n),,,English → Sindhi,آواز، سالم، صحيح، العقل، پورو، تندرست، درست، آواز,english,English → Sindhi,sound n,آواز سالم صحيح العقل پورو تندرست درست آواز,,SindhiLanguage.org,https://sindhilanguage.org/,Amar Fayaz Buriro (امر فياض ٻرڙو),Sound (n),Sound (n),HEADWORD_WITH_LABEL,HEADWORD_WITH_LABEL
slx_d0098961de1c7f9a,59971,Sound (v),,,English → Sindhi,وڄائڻ، آواز ڪرڻ، گهرائي ماپڻ,english,English → Sindhi,sound v,وڄائڻ آواز ڪرڻ گهرائي ماپڻ,,SindhiLanguage.org,https://sindhilanguage.org/,Amar Fayaz Buriro (امر فياض ٻرڙو),Sound (v),Sound (v),HEADWORD_WITH_LABEL,HEADWORD_WITH_LABEL
slx_144ee6d7deafe235,59977,Souse (v),,,English → Sindhi,پاڻيءَ ۾ ٻڏڻ، اوچتو ڪري پوڻ,english,English → Sindhi,souse v,پاڻيء ٻڏڻ اوچتو ڪري پوڻ,,SindhiLanguage.org,https://sindhilanguage.org/,Amar Fayaz Buriro (امر فياض ٻرڙو),Souse (v),Souse (v),HEADWORD_WITH_LABEL,HEADWORD_WITH_LABEL
slx_358d02a13ec7337f,59984,Sow (v),,,English → Sindhi,پوکڻ، ٻج ڇٽڻ,english,English → Sindhi,sow v,پوکڻ ٻج ڇٽڻ,,SindhiLanguage.org,https://sindhilanguage.org/,Amar Fayaz Buriro (امر فياض ٻرڙو),Sow (v),Sow (v),HEADWORD_WITH_LABEL,HEADWORD_WITH_LABEL
slx_6d9458cb802c5b8c,59994,Spae (v),,,English → Sindhi,اڳڪٿي ڪرڻ، پيشن گوئي ڪرڻ,english,English → Sindhi,spae v,اڳڪٿي ڪرڻ پيشن گوئي ڪرڻ,,SindhiLanguage.org,https://sindhilanguage.org/,Amar Fayaz Buriro (امر فياض ٻرڙو),Spae (v),Spae (v),HEADWORD_WITH_LABEL,HEADWORD_WITH_LABEL
slx_5955b2369334e0b5,60004,Spare (v & n),,,English → Sindhi,بچائڻ، ڪفايت ڪرڻ، ڇڏي ڏيڻ، رحم کائڻ، (زياده، فالتو، ٿورو),english,English → Sindhi,spare v n,بچائڻ ڪفايت ڪرڻ ڇڏي ڏيڻ رحم کائڻ زياده فالتو ٿورو,,SindhiLanguage.org,https://sindhilanguage.org/,Amar Fayaz Buriro (امر فياض ٻرڙو),Spare (v & n),Spare (v & n),HEADWORD_WITH_LABEL,HEADWORD_WITH_LABEL
slx_0a686163e808ade0,60007,Sparkle (v & n),,,English → Sindhi,چمڪڻ، چڻگون ڇڏڻ، (چمڪ، چڻنگ),english,English → Sindhi,sparkle v n,چمڪڻ چڻگون ڇڏڻ چمڪ چڻنگ,,SindhiLanguage.org,https://sindhilanguage.org/,Amar Fayaz Buriro (امر فياض ٻرڙو),Sparkle (v & n),Sparkle (v & n),HEADWORD_WITH_LABEL,HEADWORD_WITH_LABEL
slx_97e014c434aec9cb,60013,Spatter (v),,,English → Sindhi,ڇڙو کڙ ڪرڻ، گپ سان ڀرڻ، بدنام ڪرڻ,english,English → Sindhi,spatter v,ڇڙو کڙ ڪرڻ گپ سان ڀرڻ بدنام ڪرڻ,,SindhiLanguage.org,https://sindhilanguage.org/,Amar Fayaz Buriro (امر فياض ٻرڙو),Spatter (v),Spatter (v),HEADWORD_WITH_LABEL,HEADWORD_WITH_LABEL
slx_909be9bbb9aefa9a,60017,Spay (v),,,English → Sindhi,جانور کي کسي ڪرڻ,english,English → Sindhi,spay v,جانور کي کسي ڪرڻ,,SindhiLanguage.org,https://sindhilanguage.org/,Amar Fayaz Buriro (امر فياض ٻرڙو),Spay (v),Spay (v),HEADWORD_WITH_LABEL,HEADWORD_WITH_LABEL
slx_f3833d93414352ef,60018,Speak (v),,,English → Sindhi,ڳالهائڻ، چوڻ، گفتگو ڪرڻ,english,English → Sindhi,speak v,ڳالهائڻ چوڻ گفتگو ڪرڻ,,SindhiLanguage.org,https://sindhilanguage.org/,Amar Fayaz Buriro (امر فياض ٻرڙو),Speak (v),Speak (v),HEADWORD_WITH_LABEL,HEADWORD_WITH_LABEL
slx_7fb047af03b7f5b0,60028,Specify (v),,,English → Sindhi,تفصيل وار بيان ڪرڻ، خصوصيت ڪرڻ، تشريح,english,English → Sindhi,specify v,تفصيل وار بيان ڪرڻ خصوصيت ڪرڻ تشريح,,SindhiLanguage.org,https://sindhilanguage.org/,Amar Fayaz Buriro (امر فياض ٻرڙو),Specify (v),Specify (v),HEADWORD_WITH_LABEL,HEADWORD_WITH_LABEL
slx_c6aba7f74609398b,60031,Speck (v & n),,,English → Sindhi,داغي ڪرڻ، ڌٻو لڳائڻ، (داغ، چٽو، ڌٻو),english,English → Sindhi,speck v n,داغي ڪرڻ ڌٻو لڳائڻ داغ چٽو ڌٻو,,SindhiLanguage.org,https://sindhilanguage.org/,Amar Fayaz Buriro (امر فياض ٻرڙو),Speck (v & n),Speck (v & n),HEADWORD_WITH_LABEL,HEADWORD_WITH_LABEL
slx_1c198f9bbfdbd179,60039,Speculate (v),,,English → Sindhi,خيال ڪرڻ، تصور ڪرڻ، سٽو هڻڻ,english,English → Sindhi,speculate v,خيال ڪرڻ تصور ڪرڻ سٽو هڻڻ,,SindhiLanguage.org,https://sindhilanguage.org/,Amar Fayaz Buriro (امر فياض ٻرڙو),Speculate (v),Speculate (v),HEADWORD_WITH_LABEL,HEADWORD_WITH_LABEL
slx_9a924b34c9108872,60042,Sped (p.t of speed),,,English → Sindhi,تڪڙو ويو,english,English → Sindhi,sped p t of speed,تڪڙو ويو,,SindhiLanguage.org,https://sindhilanguage.org/,Amar Fayaz Buriro (امر فياض ٻرڙو),Sped (p.t of speed),Sped (p.t of speed),HEADWORD_WITH_LABEL,HEADWORD_WITH_LABEL
slx_cf56a416eec568f7,60049,Spelt (p.t of spell),,,English → Sindhi,هجي ڪيو،,english,English → Sindhi,spelt p t of spell,هجي ڪيو,,SindhiLanguage.org,https://sindhilanguage.org/,Amar Fayaz Buriro (امر فياض ٻرڙو),Spelt (p.t of spell),Spelt (p.t of spell),HEADWORD_WITH_LABEL,HEADWORD_WITH_LABEL
slx_925a2a2b8abd0bce,60054,Spend (v),,,English → Sindhi,خرچ ڪرڻ، صرف ڪرڻ، گذارڻ,english,English → Sindhi,spend v,خرچ ڪرڻ صرف ڪرڻ گذارڻ,,SindhiLanguage.org,https://sindhilanguage.org/,Amar Fayaz Buriro (امر فياض ٻرڙو),Spend (v),Spend (v),HEADWORD_WITH_LABEL,HEADWORD_WITH_LABEL
slx_df1790ff2c925192,60056,Spent (p.t of spend),,,English → Sindhi,خرچ ڪيو، گذاريو، صرف ڪيو,english,English → Sindhi,spent p t of spend,خرچ ڪيو گذاريو صرف ڪيو,,SindhiLanguage.org,https://sindhilanguage.org/,Amar Fayaz Buriro (امر فياض ٻرڙو),Spent (p.t of spend),Spent (p.t of spend),HEADWORD_WITH_LABEL,HEADWORD_WITH_LABEL
slx_cc74e00d5f05be3d,60060,Spew (v),,,English → Sindhi,اُلٽي ڪرڻ، قيءِ ڪرڻ، رد ڪرڻ,english,English → Sindhi,spew v,الٽي ڪرڻ قيء ڪرڻ رد ڪرڻ,,SindhiLanguage.org,https://sindhilanguage.org/,Amar Fayaz Buriro (امر فياض ٻرڙو),Spew (v),Spew (v),HEADWORD_WITH_LABEL,HEADWORD_WITH_LABEL
slx_2885ad8eaf1deca8,60072,Spill (v),,,English → Sindhi,چلڪائڻ، هارڻ، هارجي وڃڻ، ڪيرائڻ، وهارڻ,english,English → Sindhi,spill v,چلڪائڻ هارڻ هارجي وڃڻ ڪيرائڻ وهارڻ,,SindhiLanguage.org,https://sindhilanguage.org/,Amar Fayaz Buriro (امر فياض ٻرڙو),Spill (v),Spill (v),HEADWORD_WITH_LABEL,HEADWORD_WITH_LABEL
slx_af6b77dd4222ed31,60073,Spin (v),,,English → Sindhi,ڪتڻ، گهمائڻ، ڦيرائڻ,english,English → Sindhi,spin v,ڪتڻ گهمائڻ ڦيرائڻ,,SindhiLanguage.org,https://sindhilanguage.org/,Amar Fayaz Buriro (امر فياض ٻرڙو),Spin (v),Spin (v),HEADWORD_WITH_LABEL,HEADWORD_WITH_LABEL
slx_1c953d675bc428d4,60090,Spit (v & n),,,English → Sindhi,ٿڪڻ، ڪباب ڪرڻ، (ٿڪ، شيخ),english,English → Sindhi,spit v n,ٿڪڻ ڪباب ڪرڻ ٿڪ شيخ,,SindhiLanguage.org,https://sindhilanguage.org/,Amar Fayaz Buriro (امر فياض ٻرڙو),Spit (v & n),Spit (v & n),HEADWORD_WITH_LABEL,HEADWORD_WITH_LABEL
slx_22fe7bfe24d49ea3,60101,Splice (v),,,English → Sindhi,جوڙڻ، ڳنڍڻ، ٻن رسن کي بنا ڳنڍجي جوڙڻ,english,English → Sindhi,splice v,جوڙڻ ڳنڍڻ ٻن رسن کي بنا ڳنڍجي جوڙڻ,,SindhiLanguage.org,https://sindhilanguage.org/,Amar Fayaz Buriro (امر فياض ٻرڙو),Splice (v),Splice (v),HEADWORD_WITH_LABEL,HEADWORD_WITH_LABEL
slx_ad9ace5d3692e430,60103,Split (v),,,English → Sindhi,چيرڻ، ڦاڙڻ، جدا ڪرڻ، ڦاٽي پوڻ، (قوت، شگاف، چير),english,English → Sindhi,split v,چيرڻ ڦاڙڻ جدا ڪرڻ ڦاٽي پوڻ قوت شگاف چير,,SindhiLanguage.org,https://sindhilanguage.org/,Amar Fayaz Buriro (امر فياض ٻرڙو),Split (v),Split (v),HEADWORD_WITH_LABEL,HEADWORD_WITH_LABEL
slx_73f08aaa6576de5c,60104,(To split upon),,,English → Sindhi,راز کولڻ,english,English → Sindhi,to split upon,راز کولڻ,,SindhiLanguage.org,https://sindhilanguage.org/,Amar Fayaz Buriro (امر فياض ٻرڙو),(To split upon),(To split upon),PARENTHETICAL,PARENTHETICAL
slx_644426419b3d8e03,60105,(To make all spilt),,,English → Sindhi,وڏو شور پيدا ڪرڻ,english,English → Sindhi,to make all spilt,وڏو شور پيدا ڪرڻ,,SindhiLanguage.org,https://sindhilanguage.org/,Amar Fayaz Buriro (امر فياض ٻرڙو),(To make all spilt),(To make all spilt),PARENTHETICAL,PARENTHETICAL
slx_3f5f68e590399c60,60106,Spoil (v),,,English → Sindhi,لٽڻ، خراب ڪرڻ، بگاڙڻ، بوسيده ڪرڻ,english,English → Sindhi,spoil v,لٽڻ خراب ڪرڻ بگاڙڻ بوسيده ڪرڻ,,SindhiLanguage.org,https://sindhilanguage.org/,Amar Fayaz Buriro (امر فياض ٻرڙو),Spoil (v),Spoil (v),HEADWORD_WITH_LABEL,HEADWORD_WITH_LABEL
slx_4fa68eb817f7e1b0,60107,Spoke (p.t of speak),,,English → Sindhi,اَڙ، اٿڪ، آرو، ڳالهايو، لوٽ، غنيمت بربادي,english,English → Sindhi,spoke p t of speak,اڙ اٿڪ آرو ڳالهايو لوٽ غنيمت بربادي,,SindhiLanguage.org,https://sindhilanguage.org/,Amar Fayaz Buriro (امر فياض ٻرڙو),Spoke (p.t of speak),Spoke (p.t of speak),HEADWORD_WITH_LABEL,HEADWORD_WITH_LABEL
slx_7b12549fd4b31b49,60108,Spoken (p.p of speak),,,English → Sindhi,ڳالهايو، ڳالهائڻ ۾ ايندڙ,english,English → Sindhi,spoken p p of speak,ڳالهايو ڳالهائڻ ايندڙ,,SindhiLanguage.org,https://sindhilanguage.org/,Amar Fayaz Buriro (امر فياض ٻرڙو),Spoken (p.p of speak),Spoken (p.p of speak),HEADWORD_WITH_LABEL,HEADWORD_WITH_LABEL
slx_717e205a100092cc,60128,Spout (v & n),,,English → Sindhi,وهڻ، اڇلڻ، ڦوهاري وانگر وهڻ (تن، نلي، ٽونٽي، نيسارو),english,English → Sindhi,spout v n,وهڻ اڇلڻ ڦوهاري وانگر وهڻ تن نلي ٽونٽي نيسارو,,SindhiLanguage.org,https://sindhilanguage.org/,Amar Fayaz Buriro (امر فياض ٻرڙو),Spout (v & n),Spout (v & n),HEADWORD_WITH_LABEL,HEADWORD_WITH_LABEL
slx_e7a1b5a36c682023,60129,Sprain (v & n),,,English → Sindhi,مروڙڻ، موڙڻ، وٽڻ (مروڙ، موڙ، مروٽو),english,English → Sindhi,sprain v n,مروڙڻ موڙڻ وٽڻ مروڙ موڙ مروٽو,,SindhiLanguage.org,https://sindhilanguage.org/,Amar Fayaz Buriro (امر فياض ٻرڙو),Sprain (v & n),Sprain (v & n),HEADWORD_WITH_LABEL,HEADWORD_WITH_LABEL
slx_2a6d8b397a00e7cf,60130,Sprang (p.t of spring),,,English → Sindhi,ٽپو ڏنو,english,English → Sindhi,sprang p t of spring,ٽپو ڏنو,,SindhiLanguage.org,https://sindhilanguage.org/,Amar Fayaz Buriro (امر فياض ٻرڙو),Sprang (p.t of spring),Sprang (p.t of spring),HEADWORD_WITH_LABEL,HEADWORD_WITH_LABEL
slx_cda0205137142c54,60132,Sprawl (v),,,English → Sindhi,ٽنگون ٻانهون ٽيڙي سمهڻ,english,English → Sindhi,sprawl v,ٽنگون ٻانهون ٽيڙي سمهڻ,,SindhiLanguage.org,https://sindhilanguage.org/,Amar Fayaz Buriro (امر فياض ٻرڙو),Sprawl (v),Sprawl (v),HEADWORD_WITH_LABEL,HEADWORD_WITH_LABEL
slx_dd16362cc2889fdd,60133,Spray (n & v),,,English → Sindhi,ڦوهارو، ٽاري، شاخ، سمنڊ جي گجي (ڦوهارو ڪرڻ),english,English → Sindhi,spray n v,ڦوهارو ٽاري شاخ سمنڊ جي گجي ڦوهارو ڪرڻ,,SindhiLanguage.org,https://sindhilanguage.org/,Amar Fayaz Buriro (امر فياض ٻرڙو),Spray (n & v),Spray (n & v),HEADWORD_WITH_LABEL,HEADWORD_WITH_LABEL
slx_649485fe02a378f5,60134,Spread (v),,,English → Sindhi,پکيڙڻ، ڦهلائڻ، وڇائڻ، مشهور ڪرڻ,english,English → Sindhi,spread v,پکيڙڻ ڦهلائڻ وڇائڻ مشهور ڪرڻ,,SindhiLanguage.org,https://sindhilanguage.org/,Amar Fayaz Buriro (امر فياض ٻرڙو),Spread (v),Spread (v),HEADWORD_WITH_LABEL,HEADWORD_WITH_LABEL
slx_5709b2930760c83d,60141,Sprinkle (v),,,English → Sindhi,ڇٽڪڻ، ڇٽڻ، ٻرڪڻ,english,English → Sindhi,sprinkle v,ڇٽڪڻ ڇٽڻ ٻرڪڻ,,SindhiLanguage.org,https://sindhilanguage.org/,Amar Fayaz Buriro (امر فياض ٻرڙو),Sprinkle (v),Sprinkle (v),HEADWORD_WITH_LABEL,HEADWORD_WITH_LABEL
slx_eb5963ed1c7296c0,60143,Sprout (v & n),,,English → Sindhi,انگورجڻ، ڏار ڄمڻ، ڄمڻ، ڦٽڻ (انگور، گونچو گوش),english,English → Sindhi,sprout v n,انگورجڻ ڏار ڄمڻ ڄمڻ ڦٽڻ انگور گونچو گوش,,SindhiLanguage.org,https://sindhilanguage.org/,Amar Fayaz Buriro (امر فياض ٻرڙو),Sprout (v & n),Sprout (v & n),HEADWORD_WITH_LABEL,HEADWORD_WITH_LABEL
slx_98dfec0182ededca,60149,Spun (p.t of spin),,,English → Sindhi,ڪتيو، ڪتيل,english,English → Sindhi,spun p t of spin,ڪتيو ڪتيل,,SindhiLanguage.org,https://sindhilanguage.org/,Amar Fayaz Buriro (امر فياض ٻرڙو),Spun (p.t of spin),Spun (p.t of spin),HEADWORD_WITH_LABEL,HEADWORD_WITH_LABEL
slx_6f4d63e197f6b5e3,60153,Spurt (v),,,English → Sindhi,نڪرڻ، اٻڙڪو ڏئي نڪرڻ (اخراج، نيڪال),english,English → Sindhi,spurt v,نڪرڻ اٻڙڪو ڏئي نڪرڻ اخراج نيڪال,,SindhiLanguage.org,https://sindhilanguage.org/,Amar Fayaz Buriro (امر فياض ٻرڙو),Spurt (v),Spurt (v),HEADWORD_WITH_LABEL,HEADWORD_WITH_LABEL
slx_3597cf388da312a8,60154,Sputter (v),,,English → Sindhi,بڪڻ، جلد جلد ڳالهائڻ، ڦهنگون هڻڻ,english,English → Sindhi,sputter v,بڪڻ جلد جلد ڳالهائڻ ڦهنگون هڻڻ,,SindhiLanguage.org,https://sindhilanguage.org/,Amar Fayaz Buriro (امر فياض ٻرڙو),Sputter (v),Sputter (v),HEADWORD_WITH_LABEL,HEADWORD_WITH_LABEL
slx_a52fcb2c31d6e61d,60156,Spy (v & n),,,English → Sindhi,جاسوسي ڪرڻ، (جاسوس، مخبر),english,English → Sindhi,spy v n,جاسوسي ڪرڻ جاسوس مخبر,,SindhiLanguage.org,https://sindhilanguage.org/,Amar Fayaz Buriro (امر فياض ٻرڙو),Spy (v & n),Spy (v & n),HEADWORD_WITH_LABEL,HEADWORD_WITH_LABEL
slx_5a0d1fa428c6173b,60159,Squabble (v & n),,,English → Sindhi,تڪرار ڪرڻ، حجت ڪرڻ (تڪرار، رڳڙو، حجت),english,English → Sindhi,squabble v n,تڪرار ڪرڻ حجت ڪرڻ تڪرار رڳڙو حجت,,SindhiLanguage.org,https://sindhilanguage.org/,Amar Fayaz Buriro (امر فياض ٻرڙو),Squabble (v & n),Squabble (v & n),HEADWORD_WITH_LABEL,HEADWORD_WITH_LABEL
slx_8825881b4dea1102,60171,(To square up),,,English → Sindhi,حساب ڪتاب ٺيڪ ڪرڻ، لڙڻ,english,English → Sindhi,to square up,حساب ڪتاب ٺيڪ ڪرڻ لڙڻ,,SindhiLanguage.org,https://sindhilanguage.org/,Amar Fayaz Buriro (امر فياض ٻرڙو),(To square up),(To square up),PARENTHETICAL,PARENTHETICAL
slx_16ccf668dc3509b9,60173,Squat (v & n),,,English → Sindhi,پلٿي ماري ويهڻ، اوڪڙو ويهڻ (پلٿي، اوڪڙو),english,English → Sindhi,squat v n,پلٿي ماري ويهڻ اوڪڙو ويهڻ پلٿي اوڪڙو,,SindhiLanguage.org,https://sindhilanguage.org/,Amar Fayaz Buriro (امر فياض ٻرڙو),Squat (v & n),Squat (v & n),HEADWORD_WITH_LABEL,HEADWORD_WITH_LABEL
slx_12e000deae420706,60175,Squeak (v),,,English → Sindhi,ڪيڪون ڪرڻ، ڪوڪون ڪرڻ، ريهون ڪرڻ,english,English → Sindhi,squeak v,ڪيڪون ڪرڻ ڪوڪون ڪرڻ ريهون ڪرڻ,,SindhiLanguage.org,https://sindhilanguage.org/,Amar Fayaz Buriro (امر فياض ٻرڙو),Squeak (v),Squeak (v),HEADWORD_WITH_LABEL,HEADWORD_WITH_LABEL
slx_1f6e476017f367ae,60176,Squeal (v & n),,,English → Sindhi,چيخڻ، ڪيڪون ڪرڻ (چيخ، رڙ),english,English → Sindhi,squeal v n,چيخڻ ڪيڪون ڪرڻ چيخ رڙ,,SindhiLanguage.org,https://sindhilanguage.org/,Amar Fayaz Buriro (امر فياض ٻرڙو),Squeal (v & n),Squeal (v & n),HEADWORD_WITH_LABEL,HEADWORD_WITH_LABEL
slx_2462c972017ec9ba,60189,Stack (v),,,English → Sindhi,ڍير، انبار، ڍڳ، ڍڳ ڪرڻ، انبار ڪرڻ,english,English → Sindhi,stack v,ڍير انبار ڍڳ ڍڳ ڪرڻ انبار ڪرڻ,,SindhiLanguage.org,https://sindhilanguage.org/,Amar Fayaz Buriro (امر فياض ٻرڙو),Stack (v),Stack (v),HEADWORD_WITH_LABEL,HEADWORD_WITH_LABEL
slx_31a71862946596d7,60193,(The staff of life),,,English → Sindhi,زندگيءَ جو سهارو، ماني,english,English → Sindhi,the staff of life,زندگيء جو سهارو ماني,,SindhiLanguage.org,https://sindhilanguage.org/,Amar Fayaz Buriro (امر فياض ٻرڙو),(The staff of life),(The staff of life),PARENTHETICAL,PARENTHETICAL
slx_5b0b77d66ba877a8,60194,(The staff of one’s age),,,English → Sindhi,ٻڍاپي جو سهارو,english,English → Sindhi,the staff of one s age,ٻڍاپي جو سهارو,,SindhiLanguage.org,https://sindhilanguage.org/,Amar Fayaz Buriro (امر فياض ٻرڙو),(The staff of one’s age),(The staff of one’s age),PARENTHETICAL,PARENTHETICAL
slx_aa91570541bbb024,60197,Stagger (v),,,English → Sindhi,لڏڻ، لچڪڻ، وسوسا کائڻ,english,English → Sindhi,stagger v,لڏڻ لچڪڻ وسوسا کائڻ,,SindhiLanguage.org,https://sindhilanguage.org/,Amar Fayaz Buriro (امر فياض ٻرڙو),Stagger (v),Stagger (v),HEADWORD_WITH_LABEL,HEADWORD_WITH_LABEL
slx_fe5f4b9de5c7eee8,60204,Stain (v & n),,,English → Sindhi,داغ لڳائڻ، بدنام ڪرڻ، (داغ، بدنامي، رسوائي),english,English → Sindhi,stain v n,داغ لڳائڻ بدنام ڪرڻ داغ بدنامي رسوائي,,SindhiLanguage.org,https://sindhilanguage.org/,Amar Fayaz Buriro (امر فياض ٻرڙو),Stain (v & n),Stain (v & n),HEADWORD_WITH_LABEL,HEADWORD_WITH_LABEL
slx_6632145434b323de,60218,Stammer (v),,,English → Sindhi,هٻڪڻ، ٻت ٻت ڪرڻ، پس و پيش ڪرڻ (هٻڪ، اَٽڪ,english,English → Sindhi,stammer v,هٻڪڻ ٻت ٻت ڪرڻ پس و پيش ڪرڻ هٻڪ اٽڪ,,SindhiLanguage.org,https://sindhilanguage.org/,Amar Fayaz Buriro (امر فياض ٻرڙو),Stammer (v),Stammer (v),HEADWORD_WITH_LABEL,HEADWORD_WITH_LABEL
slx_962440e7e02143ef,60219,Stamp (v & n),,,English → Sindhi,مهر هڻڻ، ڇاپ هڻڻ، نقش ڪرڻ، درها هڻڻ (مهر، ڇاپ، ٽڪلي),english,English → Sindhi,stamp v n,مهر هڻڻ ڇاپ هڻڻ نقش ڪرڻ درها هڻڻ مهر ڇاپ ٽڪلي,,SindhiLanguage.org,https://sindhilanguage.org/,Amar Fayaz Buriro (امر فياض ٻرڙو),Stamp (v & n),Stamp (v & n),HEADWORD_WITH_LABEL,HEADWORD_WITH_LABEL
slx_398e7cc09ddaf0fc,60222,Stanch (v),,,English → Sindhi,رت وغيره بند ڪرڻ، روڪجڻ,english,English → Sindhi,stanch v,رت وغيره بند ڪرڻ روڪجڻ,,SindhiLanguage.org,https://sindhilanguage.org/,Amar Fayaz Buriro (امر فياض ٻرڙو),Stanch (v),Stanch (v),HEADWORD_WITH_LABEL,HEADWORD_WITH_LABEL
slx_c5ad7833abf56d59,60223,Stand (v & n),,,English → Sindhi,بيهڻ، کڙو ٿيڻ، رڪڻ، واقع هجڻ، برقرار، اڏو بيهڪ، گهوڙي، جڳهه، قيام,english,English → Sindhi,stand v n,بيهڻ کڙو ٿيڻ رڪڻ واقع هجڻ برقرار اڏو بيهڪ گهوڙي جڳهه قيام,,SindhiLanguage.org,https://sindhilanguage.org/,Amar Fayaz Buriro (امر فياض ٻرڙو),Stand (v & n),Stand (v & n),HEADWORD_WITH_LABEL,HEADWORD_WITH_LABEL
slx_2e199ace7c8de3d3,60224,(To stand against),,,English → Sindhi,مقابلو ڪرڻ,english,English → Sindhi,to stand against,مقابلو ڪرڻ,,SindhiLanguage.org,https://sindhilanguage.org/,Amar Fayaz Buriro (امر فياض ٻرڙو),(To stand against),(To stand against),PARENTHETICAL,PARENTHETICAL
slx_8de34f8c8d6e182f,60225,(To stand by),,,English → Sindhi,ساٿ ڏيڻ، مدد ڏيڻ,english,English → Sindhi,to stand by,ساٿ ڏيڻ مدد ڏيڻ,,SindhiLanguage.org,https://sindhilanguage.org/,Amar Fayaz Buriro (امر فياض ٻرڙو),(To stand by),(To stand by),PARENTHETICAL,PARENTHETICAL
slx_f05291790635708e,60226,(To stand fast),,,English → Sindhi,ڄميل رهڻ، قائم رهڻ,english,English → Sindhi,to stand fast,ڄميل رهڻ قائم رهڻ,,SindhiLanguage.org,https://sindhilanguage.org/,Amar Fayaz Buriro (امر فياض ٻرڙو),(To stand fast),(To stand fast),PARENTHETICAL,PARENTHETICAL
slx_e2d2dde28100ccca,60227,(To stand to),,,English → Sindhi,پابند هجڻ,english,English → Sindhi,to stand to,پابند هجڻ,,SindhiLanguage.org,https://sindhilanguage.org/,Amar Fayaz Buriro (امر فياض ٻرڙو),(To stand to),(To stand to),PARENTHETICAL,PARENTHETICAL
slx_c11bd4a4ee3f3caf,60245,Start (v & n),,,English → Sindhi,ڇرڪ ڀرڻ، شروع ٿيڻ يا ڪرڻ، روانو ٿيڻ، ٽهڻ (روانگي، ڇرڪ، شروع),english,English → Sindhi,start v n,ڇرڪ ڀرڻ شروع ٿيڻ يا ڪرڻ روانو ٿيڻ ٽهڻ روانگي ڇرڪ شروع,,SindhiLanguage.org,https://sindhilanguage.org/,Amar Fayaz Buriro (امر فياض ٻرڙو),Start (v & n),Start (v & n),HEADWORD_WITH_LABEL,HEADWORD_WITH_LABEL
slx_0f5aa663a3531c53,60246,Startle (v),,,English → Sindhi,حيرت ۾ وجهڻ، ڊيڄارڻ، ڇرڪ ڀرائڻ,english,English → Sindhi,startle v,حيرت وجهڻ ڊيڄارڻ ڇرڪ ڀرائڻ,,SindhiLanguage.org,https://sindhilanguage.org/,Amar Fayaz Buriro (امر فياض ٻرڙو),Startle (v),Startle (v),HEADWORD_WITH_LABEL,HEADWORD_WITH_LABEL
slx_15da30d72eb11ed4,60248,Starve (v),,,English → Sindhi,بک مارڻ، بکن ۾ مارڻ,english,English → Sindhi,starve v,بک مارڻ بکن مارڻ,,SindhiLanguage.org,https://sindhilanguage.org/,Amar Fayaz Buriro (امر فياض ٻرڙو),Starve (v),Starve (v),HEADWORD_WITH_LABEL,HEADWORD_WITH_LABEL
slx_8ac69b0c0e6ed7f7,60251,State (v),,,English → Sindhi,ظاهر ڪرڻ، عرض ڪرڻ، بيان ڪرڻ,english,English → Sindhi,state v,ظاهر ڪرڻ عرض ڪرڻ بيان ڪرڻ,,SindhiLanguage.org,https://sindhilanguage.org/,Amar Fayaz Buriro (امر فياض ٻرڙو),State (v),State (v),HEADWORD_WITH_LABEL,HEADWORD_WITH_LABEL
slx_2e8421e7362bfe3d,60270,Staunch (v & n),,,English → Sindhi,بند ڪرڻ، روڪڻ (پڪو، سچو، نه هٽندڙ),english,English → Sindhi,staunch v n,بند ڪرڻ روڪڻ پڪو سچو نه هٽندڙ,,SindhiLanguage.org,https://sindhilanguage.org/,Amar Fayaz Buriro (امر فياض ٻرڙو),Staunch (v & n),Staunch (v & n),HEADWORD_WITH_LABEL,HEADWORD_WITH_LABEL
slx_4f12094fbe460892,60272,Stay (v & n),,,English → Sindhi,ترسڻ، رهڻ، مهمل ڪرڻ، روڪڻ (قيام، سڪونت),english,English → Sindhi,stay v n,ترسڻ رهڻ مهمل ڪرڻ روڪڻ قيام سڪونت,,SindhiLanguage.org,https://sindhilanguage.org/,Amar Fayaz Buriro (امر فياض ٻرڙو),Stay (v & n),Stay (v & n),HEADWORD_WITH_LABEL,HEADWORD_WITH_LABEL
slx_17b831a4e831ade1,60278,Steal (v),,,English → Sindhi,چورائڻ، چوري ڪرڻ,english,English → Sindhi,steal v,چورائڻ چوري ڪرڻ,,SindhiLanguage.org,https://sindhilanguage.org/,Amar Fayaz Buriro (امر فياض ٻرڙو),Steal (v),Steal (v),HEADWORD_WITH_LABEL,HEADWORD_WITH_LABEL
slx_877f77e521eb2ede,60287,Steer (v),,,English → Sindhi,جهاز هلائڻ، رهنمائي ڪرڻ، (وڇڙو),english,English → Sindhi,steer v,جهاز هلائڻ رهنمائي ڪرڻ وڇڙو,,SindhiLanguage.org,https://sindhilanguage.org/,Amar Fayaz Buriro (امر فياض ٻرڙو),Steer (v),Steer (v),HEADWORD_WITH_LABEL,HEADWORD_WITH_LABEL
slx_705edcef4bf943c5,60296,Step (v & n),,,English → Sindhi,قدم کڻڻ، (قدم، رتبو، رفتار، تدبير، ڪارروائي ماٽي جو),english,English → Sindhi,step v n,قدم کڻڻ قدم رتبو رفتار تدبير ڪارروائي ماٽي جو,,SindhiLanguage.org,https://sindhilanguage.org/,Amar Fayaz Buriro (امر فياض ٻرڙو),Step (v & n),Step (v & n),HEADWORD_WITH_LABEL,HEADWORD_WITH_LABEL
slx_cb24a6e3af094656,60307,Stew (v & n),,,English → Sindhi,دم پختو ڪرڻ، رڌڻ، دمڻ (گهٻراهٽ، قورمو),english,English → Sindhi,stew v n,دم پختو ڪرڻ رڌڻ دمڻ گهٻراهٽ قورمو,,SindhiLanguage.org,https://sindhilanguage.org/,Amar Fayaz Buriro (امر فياض ٻرڙو),Stew (v & n),Stew (v & n),HEADWORD_WITH_LABEL,HEADWORD_WITH_LABEL
slx_da7c0a8189aea5d6,60311,Stick (v),,,English → Sindhi,چهٽائڻ، چنبڙائڻ، لڳائڻ (لڪڙي، لٺ، لڪڻ ڪاٺي),english,English → Sindhi,stick v,چهٽائڻ چنبڙائڻ لڳائڻ لڪڙي لٺ لڪڻ ڪاٺي,,SindhiLanguage.org,https://sindhilanguage.org/,Amar Fayaz Buriro (امر فياض ٻرڙو),Stick (v),Stick (v),HEADWORD_WITH_LABEL,HEADWORD_WITH_LABEL
slx_1aa9128a27b0e9db,60313,Stickle (v),,,English → Sindhi,گهپي ڪرڻ، حجت ڪرڻ,english,English → Sindhi,stickle v,گهپي ڪرڻ حجت ڪرڻ,,SindhiLanguage.org,https://sindhilanguage.org/,Amar Fayaz Buriro (امر فياض ٻرڙو),Stickle (v),Stickle (v),HEADWORD_WITH_LABEL,HEADWORD_WITH_LABEL
slx_c84f8d3403cdce7e,60319,Stifle (v),,,English → Sindhi,گهو گهو ڏيڻ، گلو گهٽڻ، ٻوساٽڻ، داٻڻ، گل ڪرڻ,english,English → Sindhi,stifle v,گهو گهو ڏيڻ گلو گهٽڻ ٻوساٽڻ داٻڻ گل ڪرڻ,,SindhiLanguage.org,https://sindhilanguage.org/,Amar Fayaz Buriro (امر فياض ٻرڙو),Stifle (v),Stifle (v),HEADWORD_WITH_LABEL,HEADWORD_WITH_LABEL
slx_1667c8acff8e1989,60322,Still (v),,,English → Sindhi,ماٺ ڪرائڻ، خاموش ڪرائڻ، چپ ڪرڻ، تسلي ڏيڻ,english,English → Sindhi,still v,ماٺ ڪرائڻ خاموش ڪرائڻ چپ ڪرڻ تسلي ڏيڻ,,SindhiLanguage.org,https://sindhilanguage.org/,Amar Fayaz Buriro (امر فياض ٻرڙو),Still (v),Still (v),HEADWORD_WITH_LABEL,HEADWORD_WITH_LABEL
slx_729ae868cd6694ea,60323,Still (n),,,English → Sindhi,چپ، خاموش، ماٺ، بي حرڪت، ساڪن، بيٺل,english,English → Sindhi,still n,چپ خاموش ماٺ بي حرڪت ساڪن بيٺل,,SindhiLanguage.org,https://sindhilanguage.org/,Amar Fayaz Buriro (امر فياض ٻرڙو),Still (n),Still (n),HEADWORD_WITH_LABEL,HEADWORD_WITH_LABEL
slx_fb2ef43b4e415fac,60326,Stimulate (v),,,English → Sindhi,جوش ڏيڻ، قوت ڏيڻ، ترغيب ڏيڻ، آماده ڪرڻ,english,English → Sindhi,stimulate v,جوش ڏيڻ قوت ڏيڻ ترغيب ڏيڻ آماده ڪرڻ,,SindhiLanguage.org,https://sindhilanguage.org/,Amar Fayaz Buriro (امر فياض ٻرڙو),Stimulate (v),Stimulate (v),HEADWORD_WITH_LABEL,HEADWORD_WITH_LABEL
slx_605000e44d8d3823,60329,Sting (v & n),,,English → Sindhi,ڏنگڻ، ڏاڍو درد ٿيڻ، (ڏنگ، نيش),english,English → Sindhi,sting v n,ڏنگڻ ڏاڍو درد ٿيڻ ڏنگ نيش,,SindhiLanguage.org,https://sindhilanguage.org/,Amar Fayaz Buriro (امر فياض ٻرڙو),Sting (v & n),Sting (v & n),HEADWORD_WITH_LABEL,HEADWORD_WITH_LABEL
slx_487956c0401110cc,60331,Stink (v & n),,,English → Sindhi,بدبوءِ ڪرڻ، ڪنو ڪرڻ (بدبوءَ، بانس),english,English → Sindhi,stink v n,بدبوء ڪرڻ ڪنو ڪرڻ بدبوء بانس,,SindhiLanguage.org,https://sindhilanguage.org/,Amar Fayaz Buriro (امر فياض ٻرڙو),Stink (v & n),Stink (v & n),HEADWORD_WITH_LABEL,HEADWORD_WITH_LABEL
slx_b036572d2630b624,60332,Stint (v & n),,,English → Sindhi,روڪڻ، مقيد ڪرڻ، (حد، روڪ، قيد، انداز),english,English → Sindhi,stint v n,روڪڻ مقيد ڪرڻ حد روڪ قيد انداز,,SindhiLanguage.org,https://sindhilanguage.org/,Amar Fayaz Buriro (امر فياض ٻرڙو),Stint (v & n),Stint (v & n),HEADWORD_WITH_LABEL,HEADWORD_WITH_LABEL
slx_49832900f0bcfaea,60335,Stipple (v),,,English → Sindhi,نقطن جي ڪنده ڪاري ڪرڻ,english,English → Sindhi,stipple v,نقطن جي ڪنده ڪاري ڪرڻ,,SindhiLanguage.org,https://sindhilanguage.org/,Amar Fayaz Buriro (امر فياض ٻرڙو),Stipple (v),Stipple (v),HEADWORD_WITH_LABEL,HEADWORD_WITH_LABEL
slx_2d0831b8d7a731c5,60336,Stipulate (v),,,English → Sindhi,عهدو پيمان ڪرڻ، قول ڪرڻ، شرط رکڻ,english,English → Sindhi,stipulate v,عهدو پيمان ڪرڻ قول ڪرڻ شرط رکڻ,,SindhiLanguage.org,https://sindhilanguage.org/,Amar Fayaz Buriro (امر فياض ٻرڙو),Stipulate (v),Stipulate (v),HEADWORD_WITH_LABEL,HEADWORD_WITH_LABEL
slx_0188f92000f1e995,60338,Stir (v),,,English → Sindhi,هلائڻ، حرڪت ڏيڻ، جوش ڏيارڻ,english,English → Sindhi,stir v,هلائڻ حرڪت ڏيڻ جوش ڏيارڻ,,SindhiLanguage.org,https://sindhilanguage.org/,Amar Fayaz Buriro (امر فياض ٻرڙو),Stir (v),Stir (v),HEADWORD_WITH_LABEL,HEADWORD_WITH_LABEL
slx_277192e80a70a9b8,60339,(To stir up),,,English → Sindhi,ترغيب ڏيڻ، ڇيڙڻ,english,English → Sindhi,to stir up,ترغيب ڏيڻ ڇيڙڻ,,SindhiLanguage.org,https://sindhilanguage.org/,Amar Fayaz Buriro (امر فياض ٻرڙو),(To stir up),(To stir up),PARENTHETICAL,PARENTHETICAL
slx_b0c0373f404dd785,60342,Stitch (v & n),,,English → Sindhi,سبڻ، جوڙڻ، ٽوپڻ، ٽانڪو (ٽوپو، سيبو),english,English → Sindhi,stitch v n,سبڻ جوڙڻ ٽوپڻ ٽانڪو ٽوپو سيبو,,SindhiLanguage.org,https://sindhilanguage.org/,Amar Fayaz Buriro (امر فياض ٻرڙو),Stitch (v & n),Stitch (v & n),HEADWORD_WITH_LABEL,HEADWORD_WITH_LABEL
slx_15a8e3c979ca34e7,60352,Stoke (v),,,English → Sindhi,باهه تيز ڪرڻ، باهه کي وڌائڻ,english,English → Sindhi,stoke v,باهه تيز ڪرڻ باهه کي وڌائڻ,,SindhiLanguage.org,https://sindhilanguage.org/,Amar Fayaz Buriro (امر فياض ٻرڙو),Stoke (v),Stoke (v),HEADWORD_WITH_LABEL,HEADWORD_WITH_LABEL
slx_2de7aa91f4786a5d,60362,Stoop (v),,,English → Sindhi,جهڪڻ، نوڙڻ، مطيع هجڻ، آڻ مڃڻ,english,English → Sindhi,stoop v,جهڪڻ نوڙڻ مطيع هجڻ آڻ مڃڻ,,SindhiLanguage.org,https://sindhilanguage.org/,Amar Fayaz Buriro (امر فياض ٻرڙو),Stoop (v),Stoop (v),HEADWORD_WITH_LABEL,HEADWORD_WITH_LABEL
slx_c77ced56378b2a98,60363,Stop (v & n),,,English → Sindhi,روڪڻ، بند ڪرڻ، بيهڻ، ترسڻ (روڪ، جهل، وقف، بيهڪ),english,English → Sindhi,stop v n,روڪڻ بند ڪرڻ بيهڻ ترسڻ روڪ جهل وقف بيهڪ,,SindhiLanguage.org,https://sindhilanguage.org/,Amar Fayaz Buriro (امر فياض ٻرڙو),Stop (v & n),Stop (v & n),HEADWORD_WITH_LABEL,HEADWORD_WITH_LABEL
slx_d6bb2afc89c8f980,60368,Store (v & n),,,English → Sindhi,ڍير، انبار، گدام (ڪٺو ڪرڻ، گڏ ڪرڻ، انبار لڳائڻ),english,English → Sindhi,store v n,ڍير انبار گدام ڪٺو ڪرڻ گڏ ڪرڻ انبار لڳائڻ,,SindhiLanguage.org,https://sindhilanguage.org/,Amar Fayaz Buriro (امر فياض ٻرڙو),Store (v & n),Store (v & n),HEADWORD_WITH_LABEL,HEADWORD_WITH_LABEL
slx_95f6e5133f43fd4a,60376,Stow (v),,,English → Sindhi,سٿي رکڻ,english,English → Sindhi,stow v,سٿي رکڻ,,SindhiLanguage.org,https://sindhilanguage.org/,Amar Fayaz Buriro (امر فياض ٻرڙو),Stow (v),Stow (v),HEADWORD_WITH_LABEL,HEADWORD_WITH_LABEL
slx_d9d4e4f756792046,60378,Straddle (v),,,English → Sindhi,ٽنگون ڦاڙي هلڻ,english,English → Sindhi,straddle v,ٽنگون ڦاڙي هلڻ,,SindhiLanguage.org,https://sindhilanguage.org/,Amar Fayaz Buriro (امر فياض ٻرڙو),Straddle (v),Straddle (v),HEADWORD_WITH_LABEL,HEADWORD_WITH_LABEL
slx_e00e987b3d826330,60379,Straggle (v),,,English → Sindhi,ڀٽڪڻ، آوارهه ڦرڻ، هيڏي هوڏي گهمڻ,english,English → Sindhi,straggle v,ڀٽڪڻ آوارهه ڦرڻ هيڏي هوڏي گهمڻ,,SindhiLanguage.org,https://sindhilanguage.org/,Amar Fayaz Buriro (امر فياض ٻرڙو),Straggle (v),Straggle (v),HEADWORD_WITH_LABEL,HEADWORD_WITH_LABEL
slx_8cd6e4b6fa218c59,60381,Straighten (v),,,English → Sindhi,سڌو ڪرڻ، درست ڪرڻ,english,English → Sindhi,straighten v,سڌو ڪرڻ درست ڪرڻ,,SindhiLanguage.org,https://sindhilanguage.org/,Amar Fayaz Buriro (امر فياض ٻرڙو),Straighten (v),Straighten (v),HEADWORD_WITH_LABEL,HEADWORD_WITH_LABEL
slx_d78abf9dfc8739a3,60384,Strain (v & n),,,English → Sindhi,ڇڪڻ، جانفشاني ڪرڻ، پاڻ پتوڙڻ (سٽ، ڇڪ، ڇڪتاڻ، ور، موڙ),english,English → Sindhi,strain v n,ڇڪڻ جانفشاني ڪرڻ پاڻ پتوڙڻ سٽ ڇڪ ڇڪتاڻ ور موڙ,,SindhiLanguage.org,https://sindhilanguage.org/,Amar Fayaz Buriro (امر فياض ٻرڙو),Strain (v & n),Strain (v & n),HEADWORD_WITH_LABEL,HEADWORD_WITH_LABEL
slx_6f245a256d6fd5aa,60387,Straiten (v),,,English → Sindhi,تنگ ڪرڻ، سوڙهو ڪرڻ، مختصر ڪرڻ,english,English → Sindhi,straiten v,تنگ ڪرڻ سوڙهو ڪرڻ مختصر ڪرڻ,,SindhiLanguage.org,https://sindhilanguage.org/,Amar Fayaz Buriro (امر فياض ٻرڙو),Straiten (v),Straiten (v),HEADWORD_WITH_LABEL,HEADWORD_WITH_LABEL
slx_b9d08ec50757dcf7,60393,Strap (v & n),,,English → Sindhi,چم جي پٽيءَ سان ٻڌڻ (چم جو پٽو، تسمھ),english,English → Sindhi,strap v n,چم جي پٽيء سان ٻڌڻ چم جو پٽو تسمھ,,SindhiLanguage.org,https://sindhilanguage.org/,Amar Fayaz Buriro (امر فياض ٻرڙو),Strap (v & n),Strap (v & n),HEADWORD_WITH_LABEL,HEADWORD_WITH_LABEL
slx_1e5aeb9519a788e0,60394,Strata (p.l of stratum),,,English → Sindhi,طبق، تهه,english,English → Sindhi,strata p l of stratum,طبق تهه,,SindhiLanguage.org,https://sindhilanguage.org/,Amar Fayaz Buriro (امر فياض ٻرڙو),Strata (p.l of stratum),Strata (p.l of stratum),HEADWORD_WITH_LABEL,HEADWORD_WITH_LABEL
slx_ca2e36f3da4a77f5,60400,Stray (v & n),,,English → Sindhi,رلڻ، ڀٽڪڻ، (گمراه، آواره، ڀٽڪيل، رولو),english,English → Sindhi,stray v n,رلڻ ڀٽڪڻ گمراه آواره ڀٽڪيل رولو,,SindhiLanguage.org,https://sindhilanguage.org/,Amar Fayaz Buriro (امر فياض ٻرڙو),Stray (v & n),Stray (v & n),HEADWORD_WITH_LABEL,HEADWORD_WITH_LABEL
slx_2425def74daae7b5,60401,Streak (v & n),,,English → Sindhi,ليڪ ڪڍڻ، (ليڪ، ڌاري، خط),english,English → Sindhi,streak v n,ليڪ ڪڍڻ ليڪ ڌاري خط,,SindhiLanguage.org,https://sindhilanguage.org/,Amar Fayaz Buriro (امر فياض ٻرڙو),Streak (v & n),Streak (v & n),HEADWORD_WITH_LABEL,HEADWORD_WITH_LABEL
slx_0032a39cd1d24c46,60407,Strengthen (v),,,English → Sindhi,مضبوط ڪرڻ، مستحڪم ڪرڻ، پڪو ڪرڻ، طاقت,english,English → Sindhi,strengthen v,مضبوط ڪرڻ مستحڪم ڪرڻ پڪو ڪرڻ طاقت,,SindhiLanguage.org,https://sindhilanguage.org/,Amar Fayaz Buriro (امر فياض ٻرڙو),Strengthen (v),Strengthen (v),HEADWORD_WITH_LABEL,HEADWORD_WITH_LABEL
slx_afd67972713aff05,60410,Stretch (v & n),,,English → Sindhi,پکيڙڻ، ڊگهيڙڻ، ڦهلائڻ، وڌائڻ (پکيڙ، ڦهلاءُ جانفشاني),english,English → Sindhi,stretch v n,پکيڙڻ ڊگهيڙڻ ڦهلائڻ وڌائڻ پکيڙ ڦهلاء جانفشاني,,SindhiLanguage.org,https://sindhilanguage.org/,Amar Fayaz Buriro (امر فياض ٻرڙو),Stretch (v & n),Stretch (v & n),HEADWORD_WITH_LABEL,HEADWORD_WITH_LABEL
slx_19c2104ccaf5f47d,60412,Strew (v),,,English → Sindhi,پکيڙڻ، ڇٽڻ,english,English → Sindhi,strew v,پکيڙڻ ڇٽڻ,,SindhiLanguage.org,https://sindhilanguage.org/,Amar Fayaz Buriro (امر فياض ٻرڙو),Strew (v),Strew (v),HEADWORD_WITH_LABEL,HEADWORD_WITH_LABEL
slx_97129f057c828a00,60421,Strike (v & n),,,English → Sindhi,مارڻ، هڻڻ، لڳڻ، ڪم بند ڪرڻ (هڙتال، ٻڌي),english,English → Sindhi,strike v n,مارڻ هڻڻ لڳڻ ڪم بند ڪرڻ هڙتال ٻڌي,,SindhiLanguage.org,https://sindhilanguage.org/,Amar Fayaz Buriro (امر فياض ٻرڙو),Strike (v & n),Strike (v & n),HEADWORD_WITH_LABEL,HEADWORD_WITH_LABEL
slx_e4d4347c15c6d937,60423,String (v & n),,,English → Sindhi,نوڙي، ڏوري، تار، رسي، ريشو (پوئڻ، تار چاڙهڻ),english,English → Sindhi,string v n,نوڙي ڏوري تار رسي ريشو پوئڻ تار چاڙهڻ,,SindhiLanguage.org,https://sindhilanguage.org/,Amar Fayaz Buriro (امر فياض ٻرڙو),String (v & n),String (v & n),HEADWORD_WITH_LABEL,HEADWORD_WITH_LABEL
slx_3f3e20b224b119f4,60426,Strip (v),,,English → Sindhi,اگهاڙو ڪرڻ، ڪپڙا لاهڻ، کل لاهڻ، محروم ڪرڻ,english,English → Sindhi,strip v,اگهاڙو ڪرڻ ڪپڙا لاهڻ کل لاهڻ محروم ڪرڻ,,SindhiLanguage.org,https://sindhilanguage.org/,Amar Fayaz Buriro (امر فياض ٻرڙو),Strip (v),Strip (v),HEADWORD_WITH_LABEL,HEADWORD_WITH_LABEL
slx_8acbbd9445740da0,60427,Strip (n),,,English → Sindhi,چهبڪ، پٽي، ڦيٿ، پٽو,english,English → Sindhi,strip n,چهبڪ پٽي ڦيٿ پٽو,,SindhiLanguage.org,https://sindhilanguage.org/,Amar Fayaz Buriro (امر فياض ٻرڙو),Strip (n),Strip (n),HEADWORD_WITH_LABEL,HEADWORD_WITH_LABEL
slx_660aa95760868389,60430,Strive (v),,,English → Sindhi,ڪوشش ڪرڻ، محنت ڪرڻ، جانفشاني ڪرڻ، جهڳڙڻ، لڙڻ,english,English → Sindhi,strive v,ڪوشش ڪرڻ محنت ڪرڻ جانفشاني ڪرڻ جهڳڙڻ لڙڻ,,SindhiLanguage.org,https://sindhilanguage.org/,Amar Fayaz Buriro (امر فياض ٻرڙو),Strive (v),Strive (v),HEADWORD_WITH_LABEL,HEADWORD_WITH_LABEL
slx_73aeab6a5a536529,60432,Stroll (v & n),,,English → Sindhi,گهمڻ، ڦرڻ، (سير گشت، چڪر),english,English → Sindhi,stroll v n,گهمڻ ڦرڻ سير گشت چڪر,,SindhiLanguage.org,https://sindhilanguage.org/,Amar Fayaz Buriro (امر فياض ٻرڙو),Stroll (v & n),Stroll (v & n),HEADWORD_WITH_LABEL,HEADWORD_WITH_LABEL
slx_88ed7ba9744fa5c7,60437,Struggle (v),,,English → Sindhi,محنت ڪرڻ، مشقت ڪرڻ، جانفشاني ڪرڻ، لڙڻ، ڦٿڪڻ، محنت,english,English → Sindhi,struggle v,محنت ڪرڻ مشقت ڪرڻ جانفشاني ڪرڻ لڙڻ ڦٿڪڻ محنت,,SindhiLanguage.org,https://sindhilanguage.org/,Amar Fayaz Buriro (امر فياض ٻرڙو),Struggle (v),Struggle (v),HEADWORD_WITH_LABEL,HEADWORD_WITH_LABEL
slx_e0e5ad1f715657e3,60439,Strut (v),,,English → Sindhi,آڪڙجي هلڻ (آڪڙ، رعونت),english,English → Sindhi,strut v,آڪڙجي هلڻ آڪڙ رعونت,,SindhiLanguage.org,https://sindhilanguage.org/,Amar Fayaz Buriro (امر فياض ٻرڙو),Strut (v),Strut (v),HEADWORD_WITH_LABEL,HEADWORD_WITH_LABEL
slx_93b346b2ce573d9c,60440,Stub (v),,,English → Sindhi,اکيڙڻ، جڙ کان ڪڍڻ (جڙ، پاڙ),english,English → Sindhi,stub v,اکيڙڻ جڙ کان ڪڍڻ جڙ پاڙ,,SindhiLanguage.org,https://sindhilanguage.org/,Amar Fayaz Buriro (امر فياض ٻرڙو),Stub (v),Stub (v),HEADWORD_WITH_LABEL,HEADWORD_WITH_LABEL
slx_30616f69b62215c8,60449,Study (n & v),,,English → Sindhi,مطالع، اڀياس، غور، فڪر، سوچ (اڀياس ڪرڻ),english,English → Sindhi,study n v,مطالع اڀياس غور فڪر سوچ اڀياس ڪرڻ,,SindhiLanguage.org,https://sindhilanguage.org/,Amar Fayaz Buriro (امر فياض ٻرڙو),Study (n & v),Study (n & v),HEADWORD_WITH_LABEL,HEADWORD_WITH_LABEL
slx_d3bb0bbf877cc183,60450,Stuff ( v & n),,,English → Sindhi,ڀرڻ، ڏلهڻ، بند ڪرڻ، دٻائڻ، (مال، جنس اسباب),english,English → Sindhi,stuff v n,ڀرڻ ڏلهڻ بند ڪرڻ دٻائڻ مال جنس اسباب,,SindhiLanguage.org,https://sindhilanguage.org/,Amar Fayaz Buriro (امر فياض ٻرڙو),Stuff ( v & n),Stuff (v & n),HEADWORD_WITH_LABEL,HEADWORD_WITH_LABEL
slx_0a0908615b9d7fc8,60453,Stumble (v & n),,,English → Sindhi,ٺوڪر کائڻ، ٿاٻو کائڻ (ٿاٻو، ٺوڪر),english,English → Sindhi,stumble v n,ٺوڪر کائڻ ٿاٻو کائڻ ٿاٻو ٺوڪر,,SindhiLanguage.org,https://sindhilanguage.org/,Amar Fayaz Buriro (امر فياض ٻرڙو),Stumble (v & n),Stumble (v & n),HEADWORD_WITH_LABEL,HEADWORD_WITH_LABEL
slx_60197dd9b547ce02,60457,Stun (v),,,English → Sindhi,بيهوش ڪرڻ، حواس باخته ڪرڻ,english,English → Sindhi,stun v,بيهوش ڪرڻ حواس باخته ڪرڻ,,SindhiLanguage.org,https://sindhilanguage.org/,Amar Fayaz Buriro (امر فياض ٻرڙو),Stun (v),Stun (v),HEADWORD_WITH_LABEL,HEADWORD_WITH_LABEL
slx_602504e44b4d6407,60459,Stupefy (v),,,English → Sindhi,بيهوش ڪرڻ، حواس باخته ڪرڻ، موڳو ڪرڻ,english,English → Sindhi,stupefy v,بيهوش ڪرڻ حواس باخته ڪرڻ موڳو ڪرڻ,,SindhiLanguage.org,https://sindhilanguage.org/,Amar Fayaz Buriro (امر فياض ٻرڙو),Stupefy (v),Stupefy (v),HEADWORD_WITH_LABEL,HEADWORD_WITH_LABEL
slx_48d25277818a2dbc,60477,Subdivide (v),,,English → Sindhi,ڀاڱن جا ڀاڱا ڪرڻ,english,English → Sindhi,subdivide v,ڀاڱن جا ڀاڱا ڪرڻ,,SindhiLanguage.org,https://sindhilanguage.org/,Amar Fayaz Buriro (امر فياض ٻرڙو),Subdivide (v),Subdivide (v),HEADWORD_WITH_LABEL,HEADWORD_WITH_LABEL
slx_88f2303e2b640d94,60479,Subdue (v),,,English → Sindhi,فتح ڪرڻ، زير ڪرڻ، جيتڻ، مغلوب ڪرڻ، تابع ڪرڻ,english,English → Sindhi,subdue v,فتح ڪرڻ زير ڪرڻ جيتڻ مغلوب ڪرڻ تابع ڪرڻ,,SindhiLanguage.org,https://sindhilanguage.org/,Amar Fayaz Buriro (امر فياض ٻرڙو),Subdue (v),Subdue (v),HEADWORD_WITH_LABEL,HEADWORD_WITH_LABEL
slx_55ac78c07eeabb20,60482,Subject (v),,,English → Sindhi,تابع، ڪرڻ، زيرحڪم ڪرڻ، مطيع ڪرڻ، مغلوب ڪرڻ,english,English → Sindhi,subject v,تابع ڪرڻ زيرحڪم ڪرڻ مطيع ڪرڻ مغلوب ڪرڻ,,SindhiLanguage.org,https://sindhilanguage.org/,Amar Fayaz Buriro (امر فياض ٻرڙو),Subject (v),Subject (v),HEADWORD_WITH_LABEL,HEADWORD_WITH_LABEL
slx_7e0bc0b37d97cfa2,60486,Subjoin (v),,,English → Sindhi,شامل ڪرڻ، پيوند ڪرڻ، ملائڻ، جوڙڻ,english,English → Sindhi,subjoin v,شامل ڪرڻ پيوند ڪرڻ ملائڻ جوڙڻ,,SindhiLanguage.org,https://sindhilanguage.org/,Amar Fayaz Buriro (امر فياض ٻرڙو),Subjoin (v),Subjoin (v),HEADWORD_WITH_LABEL,HEADWORD_WITH_LABEL
slx_6b6c89a40362f94b,60488,Subjugate (v),,,English → Sindhi,جيتڻ، طابع ڪرڻ، مطيع ڪرڻ، فتح ڪرڻ، مغلوب ڪرڻ,english,English → Sindhi,subjugate v,جيتڻ طابع ڪرڻ مطيع ڪرڻ فتح ڪرڻ مغلوب ڪرڻ,,SindhiLanguage.org,https://sindhilanguage.org/,Amar Fayaz Buriro (امر فياض ٻرڙو),Subjugate (v),Subjugate (v),HEADWORD_WITH_LABEL,HEADWORD_WITH_LABEL
slx_181521ded7409039,60492,Sublet (v),,,English → Sindhi,مسواڙ تي وٺي مسواڙ تي ڏيڻ,english,English → Sindhi,sublet v,مسواڙ تي وٺي مسواڙ تي ڏيڻ,,SindhiLanguage.org,https://sindhilanguage.org/,Amar Fayaz Buriro (امر فياض ٻرڙو),Sublet (v),Sublet (v),HEADWORD_WITH_LABEL,HEADWORD_WITH_LABEL
slx_13a1bb80f0b3de43,60498,Submerge (v),,,English → Sindhi,غرق ڪرڻ، ٻوڙڻ، غطا کائڻ,english,English → Sindhi,submerge v,غرق ڪرڻ ٻوڙڻ غطا کائڻ,,SindhiLanguage.org,https://sindhilanguage.org/,Amar Fayaz Buriro (امر فياض ٻرڙو),Submerge (v),Submerge (v),HEADWORD_WITH_LABEL,HEADWORD_WITH_LABEL
slx_d18901b77b07b224,60502,Submit (v),,,English → Sindhi,پيش پوڻ، مطيع ٿيڻ، مڃڻ، تابع ٿيڻ,english,English → Sindhi,submit v,پيش پوڻ مطيع ٿيڻ مڃڻ تابع ٿيڻ,,SindhiLanguage.org,https://sindhilanguage.org/,Amar Fayaz Buriro (امر فياض ٻرڙو),Submit (v),Submit (v),HEADWORD_WITH_LABEL,HEADWORD_WITH_LABEL
slx_a56e6b27f5b4be15,60506,Subscribe (v),,,English → Sindhi,چندي ۾ ڏيڻ، صحيح پائڻ,english,English → Sindhi,subscribe v,چندي ڏيڻ صحيح پائڻ,,SindhiLanguage.org,https://sindhilanguage.org/,Amar Fayaz Buriro (امر فياض ٻرڙو),Subscribe (v),Subscribe (v),HEADWORD_WITH_LABEL,HEADWORD_WITH_LABEL
slx_8d16f0b4fd224ffa,60512,Subside (v),,,English → Sindhi,گهٽ ٿيڻ، لهڻ، ڍرو ٿيڻ,english,English → Sindhi,subside v,گهٽ ٿيڻ لهڻ ڍرو ٿيڻ,,SindhiLanguage.org,https://sindhilanguage.org/,Amar Fayaz Buriro (امر فياض ٻرڙو),Subside (v),Subside (v),HEADWORD_WITH_LABEL,HEADWORD_WITH_LABEL
slx_cdc5c599ba0a0442,60515,Subsidize (v),,,English → Sindhi,پيسن جي مدد ڏيڻ,english,English → Sindhi,subsidize v,پيسن جي مدد ڏيڻ,,SindhiLanguage.org,https://sindhilanguage.org/,Amar Fayaz Buriro (امر فياض ٻرڙو),Subsidize (v),Subsidize (v),HEADWORD_WITH_LABEL,HEADWORD_WITH_LABEL
slx_f1bb7deb2e0dbbc4,60516,Subsist (v),,,English → Sindhi,گذران ڪرڻ، جيئڻ,english,English → Sindhi,subsist v,گذران ڪرڻ جيئڻ,,SindhiLanguage.org,https://sindhilanguage.org/,Amar Fayaz Buriro (امر فياض ٻرڙو),Subsist (v),Subsist (v),HEADWORD_WITH_LABEL,HEADWORD_WITH_LABEL
slx_2bdbcf2606ce5b23,60521,Substantiate (v),,,English → Sindhi,مضبوطي ڏيڻ، ثابت ڪرڻ,english,English → Sindhi,substantiate v,مضبوطي ڏيڻ ثابت ڪرڻ,,SindhiLanguage.org,https://sindhilanguage.org/,Amar Fayaz Buriro (امر فياض ٻرڙو),Substantiate (v),Substantiate (v),HEADWORD_WITH_LABEL,HEADWORD_WITH_LABEL
slx_8299cbe354175138,60535,Subtilise (v),,,English → Sindhi,باريڪ يا لطيف ڪرڻ، صاف ڪرڻ,english,English → Sindhi,subtilise v,باريڪ يا لطيف ڪرڻ صاف ڪرڻ,,SindhiLanguage.org,https://sindhilanguage.org/,Amar Fayaz Buriro (امر فياض ٻرڙو),Subtilise (v),Subtilise (v),HEADWORD_WITH_LABEL,HEADWORD_WITH_LABEL
slx_3b480118ef544a66,60539,Subtract (v),,,English → Sindhi,ڪٽڻ، ڪاٽڻ، تعريف ڪرڻ,english,English → Sindhi,subtract v,ڪٽڻ ڪاٽڻ تعريف ڪرڻ,,SindhiLanguage.org,https://sindhilanguage.org/,Amar Fayaz Buriro (امر فياض ٻرڙو),Subtract (v),Subtract (v),HEADWORD_WITH_LABEL,HEADWORD_WITH_LABEL
slx_767b7b476c02ab56,60543,Subvene (v),,,English → Sindhi,واقع هجڻ، دستگيري ڪرڻ، مدد لاءِ پهچڻ,english,English → Sindhi,subvene v,واقع هجڻ دستگيري ڪرڻ مدد لاء پهچڻ,,SindhiLanguage.org,https://sindhilanguage.org/,Amar Fayaz Buriro (امر فياض ٻرڙو),Subvene (v),Subvene (v),HEADWORD_WITH_LABEL,HEADWORD_WITH_LABEL
slx_9e57752a0fd67bc5,60547,Subvert (v),,,English → Sindhi,زيرو زبر ڪرڻ، اونڌو ڪرڻ، برباد ڪرڻ,english,English → Sindhi,subvert v,زيرو زبر ڪرڻ اونڌو ڪرڻ برباد ڪرڻ,,SindhiLanguage.org,https://sindhilanguage.org/,Amar Fayaz Buriro (امر فياض ٻرڙو),Subvert (v),Subvert (v),HEADWORD_WITH_LABEL,HEADWORD_WITH_LABEL
slx_ffaf9978d6e4e1ce,60548,Succeed (v),,,English → Sindhi,جانشين ٿيڻ، وارث ٿيڻ، ڪامياب ٿيڻ,english,English → Sindhi,succeed v,جانشين ٿيڻ وارث ٿيڻ ڪامياب ٿيڻ,,SindhiLanguage.org,https://sindhilanguage.org/,Amar Fayaz Buriro (امر فياض ٻرڙو),Succeed (v),Succeed (v),HEADWORD_WITH_LABEL,HEADWORD_WITH_LABEL
slx_45a1992929e0d5f2,60554,Succour (v & n),,,English → Sindhi,مدد ڪرڻ، دستگيري ڪرڻ، (مدد، دستگيري، حمايت),english,English → Sindhi,succour v n,مدد ڪرڻ دستگيري ڪرڻ مدد دستگيري حمايت,,SindhiLanguage.org,https://sindhilanguage.org/,Amar Fayaz Buriro (امر فياض ٻرڙو),Succour (v & n),Succour (v & n),HEADWORD_WITH_LABEL,HEADWORD_WITH_LABEL
slx_86720561d77fcce8,60557,Succumb (v),,,English → Sindhi,دٻجڻ، مطيح ٿيڻ، زير ٿيڻ، وس ٿيڻ، وگهي مرڻ,english,English → Sindhi,succumb v,دٻجڻ مطيح ٿيڻ زير ٿيڻ وس ٿيڻ وگهي مرڻ,,SindhiLanguage.org,https://sindhilanguage.org/,Amar Fayaz Buriro (امر فياض ٻرڙو),Succumb (v),Succumb (v),HEADWORD_WITH_LABEL,HEADWORD_WITH_LABEL
slx_7fca13a1f80fe225,60560,Suck (v),,,English → Sindhi,چوسڻ، چوپڻ، جذب ڪرڻ، (چوس، چڳڙ),english,English → Sindhi,suck v,چوسڻ چوپڻ جذب ڪرڻ چوس چڳڙ,,SindhiLanguage.org,https://sindhilanguage.org/,Amar Fayaz Buriro (امر فياض ٻرڙو),Suck (v),Suck (v),HEADWORD_WITH_LABEL,HEADWORD_WITH_LABEL
slx_5843572f764ea73f,60562,Suckle (v),,,English → Sindhi,ڌارائڻ، ببن مان کير پيارڻ,english,English → Sindhi,suckle v,ڌارائڻ ببن مان کير پيارڻ,,SindhiLanguage.org,https://sindhilanguage.org/,Amar Fayaz Buriro (امر فياض ٻرڙو),Suckle (v),Suckle (v),HEADWORD_WITH_LABEL,HEADWORD_WITH_LABEL
slx_b899c82dfd10d2cd,60570,Sue (v),,,English → Sindhi,دعويٰ ڪرڻ، دانهن ڪرڻ، منٿ ڪرڻ، عرض ڪرڻ,english,English → Sindhi,sue v,دعوي ڪرڻ دانهن ڪرڻ منٿ ڪرڻ عرض ڪرڻ,,SindhiLanguage.org,https://sindhilanguage.org/,Amar Fayaz Buriro (امر فياض ٻرڙو),Sue (v),Sue (v),HEADWORD_WITH_LABEL,HEADWORD_WITH_LABEL
slx_07aedfa0c7148a26,60572,Suffer (v),,,English → Sindhi,سهڻ، جهلڻ، تڪليف کڻڻ، برداشت ڪرڻ، اجازت ڏيڻ,english,English → Sindhi,suffer v,سهڻ جهلڻ تڪليف کڻڻ برداشت ڪرڻ اجازت ڏيڻ,,SindhiLanguage.org,https://sindhilanguage.org/,Amar Fayaz Buriro (امر فياض ٻرڙو),Suffer (v),Suffer (v),HEADWORD_WITH_LABEL,HEADWORD_WITH_LABEL
slx_8eed3e6af1543f9b,60584,Suffuse (v),,,English → Sindhi,پکيڙڻ، ڦهلائڻ,english,English → Sindhi,suffuse v,پکيڙڻ ڦهلائڻ,,SindhiLanguage.org,https://sindhilanguage.org/,Amar Fayaz Buriro (امر فياض ٻرڙو),Suffuse (v),Suffuse (v),HEADWORD_WITH_LABEL,HEADWORD_WITH_LABEL
slx_2a65bb29f077e853,60590,Suggest (v),,,English → Sindhi,ٻڌائڻ، ڏسڻ، اشارو ڪرڻ، راءِ ڏيڻ، سمجهائڻ,english,English → Sindhi,suggest v,ٻڌائڻ ڏسڻ اشارو ڪرڻ راء ڏيڻ سمجهائڻ,,SindhiLanguage.org,https://sindhilanguage.org/,Amar Fayaz Buriro (امر فياض ٻرڙو),Suggest (v),Suggest (v),HEADWORD_WITH_LABEL,HEADWORD_WITH_LABEL
slx_5a22ce9f1ce4e2e1,60606,Sum (v & n),,,English → Sindhi,جوڙڻ، جمع ڪرڻ، حساب ڪرڻ (رقم، جمع، ميزان حساب),english,English → Sindhi,sum v n,جوڙڻ جمع ڪرڻ حساب ڪرڻ رقم جمع ميزان حساب,,SindhiLanguage.org,https://sindhilanguage.org/,Amar Fayaz Buriro (امر فياض ٻرڙو),Sum (v & n),Sum (v & n),HEADWORD_WITH_LABEL,HEADWORD_WITH_LABEL
slx_1d8e1563c6a4a0a4,60609,Summarize (v),,,English → Sindhi,سرسري چوڻ، اختصار ڏيڻ، تت ڪڍڻ,english,English → Sindhi,summarize v,سرسري چوڻ اختصار ڏيڻ تت ڪڍڻ,,SindhiLanguage.org,https://sindhilanguage.org/,Amar Fayaz Buriro (امر فياض ٻرڙو),Summarize (v),Summarize (v),HEADWORD_WITH_LABEL,HEADWORD_WITH_LABEL
slx_fbddec2a3fb49dff,60613,Summon (v),,,English → Sindhi,سڏڻ، طلب ڪرڻ، ڪوٺائڻ,english,English → Sindhi,summon v,سڏڻ طلب ڪرڻ ڪوٺائڻ,,SindhiLanguage.org,https://sindhilanguage.org/,Amar Fayaz Buriro (امر فياض ٻرڙو),Summon (v),Summon (v),HEADWORD_WITH_LABEL,HEADWORD_WITH_LABEL
slx_470d3b0a6ff8a6db,60622,Sunder (v),,,English → Sindhi,الڳ ڪرڻ، جدا ڪرڻ,english,English → Sindhi,sunder v,الڳ ڪرڻ جدا ڪرڻ,,SindhiLanguage.org,https://sindhilanguage.org/,Amar Fayaz Buriro (امر فياض ٻرڙو),Sunder (v),Sunder (v),HEADWORD_WITH_LABEL,HEADWORD_WITH_LABEL
slx_e8359326da865b99,60633,Sup (v),,,English → Sindhi,ڍڪ ڀرڻ، رات جي ماني کائڻ (ڍڪ),english,English → Sindhi,sup v,ڍڪ ڀرڻ رات جي ماني کائڻ ڍڪ,,SindhiLanguage.org,https://sindhilanguage.org/,Amar Fayaz Buriro (امر فياض ٻرڙو),Sup (v),Sup (v),HEADWORD_WITH_LABEL,HEADWORD_WITH_LABEL
slx_1eda1d401f6f8243,60643,Super fetate (v),,,English → Sindhi,پيٽ مٿان پيٽ ٿيڻ,english,English → Sindhi,super fetate v,پيٽ مٿان پيٽ ٿيڻ,,SindhiLanguage.org,https://sindhilanguage.org/,Amar Fayaz Buriro (امر فياض ٻرڙو),Super fetate (v),Super fetate (v),HEADWORD_WITH_LABEL,HEADWORD_WITH_LABEL
slx_a72db5f8d36f3eee,60650,Superintend (v),,,English → Sindhi,نگراني ڪرڻ، نظرداري ڪرڻ، انتظام ڪرڻ,english,English → Sindhi,superintend v,نگراني ڪرڻ نظرداري ڪرڻ انتظام ڪرڻ,,SindhiLanguage.org,https://sindhilanguage.org/,Amar Fayaz Buriro (امر فياض ٻرڙو),Superintend (v),Superintend (v),HEADWORD_WITH_LABEL,HEADWORD_WITH_LABEL
slx_9cc6244ca17af324,60660,Superscribe (v),,,English → Sindhi,مٿان لکڻ، سرنامو لکڻ,english,English → Sindhi,superscribe v,مٿان لکڻ سرنامو لکڻ,,SindhiLanguage.org,https://sindhilanguage.org/,Amar Fayaz Buriro (امر فياض ٻرڙو),Superscribe (v),Superscribe (v),HEADWORD_WITH_LABEL,HEADWORD_WITH_LABEL
slx_f35360d9ee121eb3,60662,Supersede (v),,,English → Sindhi,ڪنهن جي جڳهه وٺڻ، رد ڪرڻ، ريٽڻ,english,English → Sindhi,supersede v,ڪنهن جي جڳهه وٺڻ رد ڪرڻ ريٽڻ,,SindhiLanguage.org,https://sindhilanguage.org/,Amar Fayaz Buriro (امر فياض ٻرڙو),Supersede (v),Supersede (v),HEADWORD_WITH_LABEL,HEADWORD_WITH_LABEL
slx_e4f33c22d8a9dccd,60667,Supervene (v),,,English → Sindhi,مٿان اچي پوڻ، واقع ٿيڻ، سرزد ٿيڻ، اوچتو ٿيڻ,english,English → Sindhi,supervene v,مٿان اچي پوڻ واقع ٿيڻ سرزد ٿيڻ اوچتو ٿيڻ,,SindhiLanguage.org,https://sindhilanguage.org/,Amar Fayaz Buriro (امر فياض ٻرڙو),Supervene (v),Supervene (v),HEADWORD_WITH_LABEL,HEADWORD_WITH_LABEL
slx_44cfb2d28cd0951d,60668,Supervise (v),,,English → Sindhi,نگراني ڪرڻ، سنڀال ڪرڻ، انتظام ڪرڻ,english,English → Sindhi,supervise v,نگراني ڪرڻ سنڀال ڪرڻ انتظام ڪرڻ,,SindhiLanguage.org,https://sindhilanguage.org/,Amar Fayaz Buriro (امر فياض ٻرڙو),Supervise (v),Supervise (v),HEADWORD_WITH_LABEL,HEADWORD_WITH_LABEL
slx_9eb6083368d78765,60674,Supplant (v),,,English → Sindhi,دغا سان ٻاهر ڪڍڻ، برطرف ڪرڻ، ڪڍي ڪري ان جي جڳهه وٺڻ,english,English → Sindhi,supplant v,دغا سان ٻاهر ڪڍڻ برطرف ڪرڻ ڪڍي ڪري ان جي جڳهه وٺڻ,,SindhiLanguage.org,https://sindhilanguage.org/,Amar Fayaz Buriro (امر فياض ٻرڙو),Supplant (v),Supplant (v),HEADWORD_WITH_LABEL,HEADWORD_WITH_LABEL
slx_377dcc52f07b4f10,60676,Supplement (v & n),,,English → Sindhi,وڌائڻ، جوڙڻ، شامل ڪرڻ (تتمو، ضميمو),english,English → Sindhi,supplement v n,وڌائڻ جوڙڻ شامل ڪرڻ تتمو ضميمو,,SindhiLanguage.org,https://sindhilanguage.org/,Amar Fayaz Buriro (امر فياض ٻرڙو),Supplement (v & n),Supplement (v & n),HEADWORD_WITH_LABEL,HEADWORD_WITH_LABEL
slx_09d973ed0eb57785,60681,Supplicate (v),,,English → Sindhi,عرض ڪرڻ، التماس ڪرڻ، التجا ڪرڻ، نيزاري ڪرڻ,english,English → Sindhi,supplicate v,عرض ڪرڻ التماس ڪرڻ التجا ڪرڻ نيزاري ڪرڻ,,SindhiLanguage.org,https://sindhilanguage.org/,Amar Fayaz Buriro (امر فياض ٻرڙو),Supplicate (v),Supplicate (v),HEADWORD_WITH_LABEL,HEADWORD_WITH_LABEL
slx_a46d9955ca7f7736,60684,Supply (v & n),,,English → Sindhi,پهچائڻ، پوري ڪرڻ، موجود ڪرڻ، مهيا ڪرڻ (رسو، سامان، رفايت),english,English → Sindhi,supply v n,پهچائڻ پوري ڪرڻ موجود ڪرڻ مهيا ڪرڻ رسو سامان رفايت,,SindhiLanguage.org,https://sindhilanguage.org/,Amar Fayaz Buriro (امر فياض ٻرڙو),Supply (v & n),Supply (v & n),HEADWORD_WITH_LABEL,HEADWORD_WITH_LABEL
slx_b159dcc52745f679,60685,(To supply a defect),,,English → Sindhi,نقص دفع ڪرڻ,english,English → Sindhi,to supply a defect,نقص دفع ڪرڻ,,SindhiLanguage.org,https://sindhilanguage.org/,Amar Fayaz Buriro (امر فياض ٻرڙو),(To supply a defect),(To supply a defect),PARENTHETICAL,PARENTHETICAL
slx_01457f3ee0f25adc,60686,(To supply a want),,,English → Sindhi,حاجت پوري ڪرڻ,english,English → Sindhi,to supply a want,حاجت پوري ڪرڻ,,SindhiLanguage.org,https://sindhilanguage.org/,Amar Fayaz Buriro (امر فياض ٻرڙو),(To supply a want),(To supply a want),PARENTHETICAL,PARENTHETICAL
slx_7c282c3b2ad7864b,60687,Support (v & n),,,English → Sindhi,مدد ڪرڻ، تائيد ڪرڻ، پرورش ڪرڻ، ٽيڪ ڏيڻ، مدد ، سهارو، ٽيڪ,english,English → Sindhi,support v n,مدد ڪرڻ تائيد ڪرڻ پرورش ڪرڻ ٽيڪ ڏيڻ مدد سهارو ٽيڪ,,SindhiLanguage.org,https://sindhilanguage.org/,Amar Fayaz Buriro (امر فياض ٻرڙو),Support (v & n),Support (v & n),HEADWORD_WITH_LABEL,HEADWORD_WITH_LABEL
slx_82f1c9adedb30a90,60690,Suppose (v),,,English → Sindhi,خيال ڪرڻ، فرض ڪرڻ، سوچڻ,english,English → Sindhi,suppose v,خيال ڪرڻ فرض ڪرڻ سوچڻ,,SindhiLanguage.org,https://sindhilanguage.org/,Amar Fayaz Buriro (امر فياض ٻرڙو),Suppose (v),Suppose (v),HEADWORD_WITH_LABEL,HEADWORD_WITH_LABEL
slx_2e615b27393ca95b,60693,Suppress (v),,,English → Sindhi,دٻائڻ، بند ڪرڻ، روڪڻ، ضبط ڪرڻ,english,English → Sindhi,suppress v,دٻائڻ بند ڪرڻ روڪڻ ضبط ڪرڻ,,SindhiLanguage.org,https://sindhilanguage.org/,Amar Fayaz Buriro (امر فياض ٻرڙو),Suppress (v),Suppress (v),HEADWORD_WITH_LABEL,HEADWORD_WITH_LABEL
slx_6c3b707ad1b53c1b,60697,Suppurate (v),,,English → Sindhi,روڳ يا پونءَ گڏجڻ,english,English → Sindhi,suppurate v,روڳ يا پونء گڏجڻ,,SindhiLanguage.org,https://sindhilanguage.org/,Amar Fayaz Buriro (امر فياض ٻرڙو),Suppurate (v),Suppurate (v),HEADWORD_WITH_LABEL,HEADWORD_WITH_LABEL
slx_229367d06554f2fa,60709,Surcease (v),,,English → Sindhi,روڪڻ، جهلڻ (روڪ، جهل),english,English → Sindhi,surcease v,روڪڻ جهلڻ روڪ جهل,,SindhiLanguage.org,https://sindhilanguage.org/,Amar Fayaz Buriro (امر فياض ٻرڙو),Surcease (v),Surcease (v),HEADWORD_WITH_LABEL,HEADWORD_WITH_LABEL
slx_47634d15e32575cd,60720,Surfeit (v),,,English → Sindhi,پيٽ ڀرڻ، گهڻو کائڻ (ڍءُ، سيري),english,English → Sindhi,surfeit v,پيٽ ڀرڻ گهڻو کائڻ ڍء سيري,,SindhiLanguage.org,https://sindhilanguage.org/,Amar Fayaz Buriro (امر فياض ٻرڙو),Surfeit (v),Surfeit (v),HEADWORD_WITH_LABEL,HEADWORD_WITH_LABEL
slx_d42ebef62615254e,60729,Surmise (v),,,English → Sindhi,گمان ڪرڻ، قياس ڪرڻ، شڪ رکڻ (گمان، خيال),english,English → Sindhi,surmise v,گمان ڪرڻ قياس ڪرڻ شڪ رکڻ گمان خيال,,SindhiLanguage.org,https://sindhilanguage.org/,Amar Fayaz Buriro (امر فياض ٻرڙو),Surmise (v),Surmise (v),HEADWORD_WITH_LABEL,HEADWORD_WITH_LABEL
slx_de5a3c4a34c8cad7,60730,Surmount (v),,,English → Sindhi,غالب پوڻ، حل ڪرڻ، فتح ڪرڻ,english,English → Sindhi,surmount v,غالب پوڻ حل ڪرڻ فتح ڪرڻ,,SindhiLanguage.org,https://sindhilanguage.org/,Amar Fayaz Buriro (امر فياض ٻرڙو),Surmount (v),Surmount (v),HEADWORD_WITH_LABEL,HEADWORD_WITH_LABEL
slx_8d8c0ccf6234d6c9,60733,Surpass (v),,,English → Sindhi,وڌي وڃڻ، گوءِ کڻڻ، ترجيح رکڻ، سبقت وٺي وڃڻ,english,English → Sindhi,surpass v,وڌي وڃڻ گوء کڻڻ ترجيح رکڻ سبقت وٺي وڃڻ,,SindhiLanguage.org,https://sindhilanguage.org/,Amar Fayaz Buriro (امر فياض ٻرڙو),Surpass (v),Surpass (v),HEADWORD_WITH_LABEL,HEADWORD_WITH_LABEL
slx_131c6ee542e1b259,60737,Surprise (v & n),,,English → Sindhi,حيران ڪرڻ، عجب ۾ وجهڻ، اوچتو مٿان پوڻ (تعجب، حيرت، اچرج),english,English → Sindhi,surprise v n,حيران ڪرڻ عجب وجهڻ اوچتو مٿان پوڻ تعجب حيرت اچرج,,SindhiLanguage.org,https://sindhilanguage.org/,Amar Fayaz Buriro (امر فياض ٻرڙو),Surprise (v & n),Surprise (v & n),HEADWORD_WITH_LABEL,HEADWORD_WITH_LABEL
slx_3ceae1db221794ab,60741,Surrender (v & n),,,English → Sindhi,دستبردار ٿيڻ، ڇڏڻ، سپرد ڪرڻ، آڻ مڃڻ، هٿ کڻڻ، (سپردگي حوالگي),english,English → Sindhi,surrender v n,دستبردار ٿيڻ ڇڏڻ سپرد ڪرڻ آڻ مڃڻ هٿ کڻڻ سپردگي حوالگي,,SindhiLanguage.org,https://sindhilanguage.org/,Amar Fayaz Buriro (امر فياض ٻرڙو),Surrender (v & n),Surrender (v & n),HEADWORD_WITH_LABEL,HEADWORD_WITH_LABEL
slx_f59c179685b9cd89,60745,Surround (v),,,English → Sindhi,گهيرڻ، ورائي وڃڻ,english,English → Sindhi,surround v,گهيرڻ ورائي وڃڻ,,SindhiLanguage.org,https://sindhilanguage.org/,Amar Fayaz Buriro (امر فياض ٻرڙو),Surround (v),Surround (v),HEADWORD_WITH_LABEL,HEADWORD_WITH_LABEL
slx_73bd3fc88c32415e,60750,Survey (v & n),,,English → Sindhi,اندازو لڳائڻ، پيماش ڪرڻ، جاچڻ (جانچ، پرتال),english,English → Sindhi,survey v n,اندازو لڳائڻ پيماش ڪرڻ جاچڻ جانچ پرتال,,SindhiLanguage.org,https://sindhilanguage.org/,Amar Fayaz Buriro (امر فياض ٻرڙو),Survey (v & n),Survey (v & n),HEADWORD_WITH_LABEL,HEADWORD_WITH_LABEL
slx_449ebd0e7a94d0ce,60753,Survive (v),,,English → Sindhi,بچڻ، پوءِ جيئڻ,english,English → Sindhi,survive v,بچڻ پوء جيئڻ,,SindhiLanguage.org,https://sindhilanguage.org/,Amar Fayaz Buriro (امر فياض ٻرڙو),Survive (v),Survive (v),HEADWORD_WITH_LABEL,HEADWORD_WITH_LABEL
slx_ebdf56044b06ab09,60758,Suscitate (v),,,English → Sindhi,جوش ڏيارڻ، ڀڙڪائڻ,english,English → Sindhi,suscitate v,جوش ڏيارڻ ڀڙڪائڻ,,SindhiLanguage.org,https://sindhilanguage.org/,Amar Fayaz Buriro (امر فياض ٻرڙو),Suscitate (v),Suscitate (v),HEADWORD_WITH_LABEL,HEADWORD_WITH_LABEL
slx_b8cc8b0d79e861ee,60759,Suspect (v),,,English → Sindhi,شڪ ڪرڻ، بي اعتباري ڪرڻ,english,English → Sindhi,suspect v,شڪ ڪرڻ بي اعتباري ڪرڻ,,SindhiLanguage.org,https://sindhilanguage.org/,Amar Fayaz Buriro (امر فياض ٻرڙو),Suspect (v),Suspect (v),HEADWORD_WITH_LABEL,HEADWORD_WITH_LABEL
slx_66c1459a4d146676,60760,Suspend (v),,,English → Sindhi,لٽڪائڻ، ملتوي ڪرڻ، معطل ڪرڻ، روڪڻ,english,English → Sindhi,suspend v,لٽڪائڻ ملتوي ڪرڻ معطل ڪرڻ روڪڻ,,SindhiLanguage.org,https://sindhilanguage.org/,Amar Fayaz Buriro (امر فياض ٻرڙو),Suspend (v),Suspend (v),HEADWORD_WITH_LABEL,HEADWORD_WITH_LABEL
slx_682a6141b986a7bf,60763,Suspercollate (v),,,English → Sindhi,ٽنگڻ,english,English → Sindhi,suspercollate v,ٽنگڻ,,SindhiLanguage.org,https://sindhilanguage.org/,Amar Fayaz Buriro (امر فياض ٻرڙو),Suspercollate (v),Suspercollate (v),HEADWORD_WITH_LABEL,HEADWORD_WITH_LABEL
slx_90c2e4175a2143e6,60766,Suspire (v),,,English → Sindhi,اونهو ساهه کڻڻ، ساهه کڻڻ,english,English → Sindhi,suspire v,اونهو ساهه کڻڻ ساهه کڻڻ,,SindhiLanguage.org,https://sindhilanguage.org/,Amar Fayaz Buriro (امر فياض ٻرڙو),Suspire (v),Suspire (v),HEADWORD_WITH_LABEL,HEADWORD_WITH_LABEL
slx_d972143c1b8c1ee2,60769,Sustentate (v),,,English → Sindhi,قائم رکڻ، پرورش ڪرڻ، پالڻ، سهڻ، برداشت ڪرڻ، جهلڻ,english,English → Sindhi,sustentate v,قائم رکڻ پرورش ڪرڻ پالڻ سهڻ برداشت ڪرڻ جهلڻ,,SindhiLanguage.org,https://sindhilanguage.org/,Amar Fayaz Buriro (امر فياض ٻرڙو),Sustentate (v),Sustentate (v),HEADWORD_WITH_LABEL,HEADWORD_WITH_LABEL
slx_e80a046f6f1a3b07,60779,Swab (v & n),,,English → Sindhi,اگهڻ، ٻهارڻ، ٻهاريءَ سان صاف ڪرڻ، (ٻهاري، جهاڙو),english,English → Sindhi,swab v n,اگهڻ ٻهارڻ ٻهاريء سان صاف ڪرڻ ٻهاري جهاڙو,,SindhiLanguage.org,https://sindhilanguage.org/,Amar Fayaz Buriro (امر فياض ٻرڙو),Swab (v & n),Swab (v & n),HEADWORD_WITH_LABEL,HEADWORD_WITH_LABEL
slx_585d9a722f9bc6fa,60781,Swaddle (v),,,English → Sindhi,ٻڌڻ، ويڙهڻ، ٻوڪين ۾ ٻڌڻ,english,English → Sindhi,swaddle v,ٻڌڻ ويڙهڻ ٻوڪين ٻڌڻ,,SindhiLanguage.org,https://sindhilanguage.org/,Amar Fayaz Buriro (امر فياض ٻرڙو),Swaddle (v),Swaddle (v),HEADWORD_WITH_LABEL,HEADWORD_WITH_LABEL
slx_934e163d614f3ff6,60784,Swag (v),,,English → Sindhi,پنهنجي بار جي ڪري ٻڏڻ,english,English → Sindhi,swag v,پنهنجي بار جي ڪري ٻڏڻ,,SindhiLanguage.org,https://sindhilanguage.org/,Amar Fayaz Buriro (امر فياض ٻرڙو),Swag (v),Swag (v),HEADWORD_WITH_LABEL,HEADWORD_WITH_LABEL
slx_e15cb206148a5032,60786,Swagger (v),,,English → Sindhi,لٻاڙ هڻڻ، لاف زني ڪرڻ، لچڪي هلڻ، سيٽجي هلڻ,english,English → Sindhi,swagger v,لٻاڙ هڻڻ لاف زني ڪرڻ لچڪي هلڻ سيٽجي هلڻ,,SindhiLanguage.org,https://sindhilanguage.org/,Amar Fayaz Buriro (امر فياض ٻرڙو),Swagger (v),Swagger (v),HEADWORD_WITH_LABEL,HEADWORD_WITH_LABEL
slx_62be4746b002d0e1,60791,Swam (p.t of swim),,,English → Sindhi,تريو,english,English → Sindhi,swam p t of swim,تريو,,SindhiLanguage.org,https://sindhilanguage.org/,Amar Fayaz Buriro (امر فياض ٻرڙو),Swam (p.t of swim),Swam (p.t of swim),HEADWORD_WITH_LABEL,HEADWORD_WITH_LABEL
slx_ef272e1b99f23359,60792,Swamp (v & n),,,English → Sindhi,ٻوڙڻ، گپائڻ، اونڌو ڪرڻ (جيئن ٻيڙي) ڌٻڻ، (دلدل، ڳهڻ),english,English → Sindhi,swamp v n,ٻوڙڻ گپائڻ اونڌو ڪرڻ جيئن ٻيڙي ڌٻڻ دلدل ڳهڻ,,SindhiLanguage.org,https://sindhilanguage.org/,Amar Fayaz Buriro (امر فياض ٻرڙو),Swamp (v & n),Swamp (v & n),HEADWORD_WITH_LABEL,HEADWORD_WITH_LABEL
slx_45073e3b81fc1f32,60797,Sware (p.t of swear),,,English → Sindhi,قسم کڻڻ,english,English → Sindhi,sware p t of swear,قسم کڻڻ,,SindhiLanguage.org,https://sindhilanguage.org/,Amar Fayaz Buriro (امر فياض ٻرڙو),Sware (p.t of swear),Sware (p.t of swear),HEADWORD_WITH_LABEL,HEADWORD_WITH_LABEL
slx_bf87ac40194c4658,60800,Swash (v),,,English → Sindhi,ڇوليون هڻڻ، لاف زني ڪرڻ، ٻٽاڪ هڻڻ,english,English → Sindhi,swash v,ڇوليون هڻڻ لاف زني ڪرڻ ٻٽاڪ هڻڻ,,SindhiLanguage.org,https://sindhilanguage.org/,Amar Fayaz Buriro (امر فياض ٻرڙو),Swash (v),Swash (v),HEADWORD_WITH_LABEL,HEADWORD_WITH_LABEL
slx_d65ac7f4d5afe111,60803,Swathe (v),,,English → Sindhi,پٽي ٻڌڻ، اپٽي، ٻڌڻ,english,English → Sindhi,swathe v,پٽي ٻڌڻ اپٽي ٻڌڻ,,SindhiLanguage.org,https://sindhilanguage.org/,Amar Fayaz Buriro (امر فياض ٻرڙو),Swathe (v),Swathe (v),HEADWORD_WITH_LABEL,HEADWORD_WITH_LABEL
slx_f44a8c7c2b799180,60805,Sway (v),,,English → Sindhi,لوڏڻ، دٻاءُ وجهڻ، مائل ڪرڻ، سرداري ڪرڻ,english,English → Sindhi,sway v,لوڏڻ دٻاء وجهڻ مائل ڪرڻ سرداري ڪرڻ,,SindhiLanguage.org,https://sindhilanguage.org/,Amar Fayaz Buriro (امر فياض ٻرڙو),Sway (v),Sway (v),HEADWORD_WITH_LABEL,HEADWORD_WITH_LABEL
slx_dcf9d90fa24346a8,60807,Swear (v),,,English → Sindhi,قسم کڻڻ يا ڏيڻ,english,English → Sindhi,swear v,قسم کڻڻ يا ڏيڻ,,SindhiLanguage.org,https://sindhilanguage.org/,Amar Fayaz Buriro (امر فياض ٻرڙو),Swear (v),Swear (v),HEADWORD_WITH_LABEL,HEADWORD_WITH_LABEL
slx_4a6f072bccbbb3a1,60808,Sweat (v & n),,,English → Sindhi,پگهر، پسينو، عرق (پگهر اچڻ، پسينو اچڻ),english,English → Sindhi,sweat v n,پگهر پسينو عرق پگهر اچڻ پسينو اچڻ,,SindhiLanguage.org,https://sindhilanguage.org/,Amar Fayaz Buriro (امر فياض ٻرڙو),Sweat (v & n),Sweat (v & n),HEADWORD_WITH_LABEL,HEADWORD_WITH_LABEL
slx_06a910291ac0c1b8,60811,Sweap (v),,,English → Sindhi,ٻهارڻ، ميڙڻ، پري ڪرڻ,english,English → Sindhi,sweap v,ٻهارڻ ميڙڻ پري ڪرڻ,,SindhiLanguage.org,https://sindhilanguage.org/,Amar Fayaz Buriro (امر فياض ٻرڙو),Sweap (v),Sweap (v),HEADWORD_WITH_LABEL,HEADWORD_WITH_LABEL
slx_ac5ea94adee1605d,60820,Sweaten (v),,,English → Sindhi,مٺو ڪرڻ، شيرين ڪرڻ,english,English → Sindhi,sweaten v,مٺو ڪرڻ شيرين ڪرڻ,,SindhiLanguage.org,https://sindhilanguage.org/,Amar Fayaz Buriro (امر فياض ٻرڙو),Sweaten (v),Sweaten (v),HEADWORD_WITH_LABEL,HEADWORD_WITH_LABEL
slx_bbe4dda5ab52819f,60821,Swell (v),,,English → Sindhi,ڦڪجڻ، وڌڻ، سڄڻ، ڦنڊجڻ، اڀرڻ (سوڄ، واڌ، موج، لهر),english,English → Sindhi,swell v,ڦڪجڻ وڌڻ سڄڻ ڦنڊجڻ اڀرڻ سوڄ واڌ موج لهر,,SindhiLanguage.org,https://sindhilanguage.org/,Amar Fayaz Buriro (امر فياض ٻرڙو),Swell (v),Swell (v),HEADWORD_WITH_LABEL,HEADWORD_WITH_LABEL
slx_e6cd6e1f3ac1f72c,60824,Swept (p.t of sweep),,,English → Sindhi,ٻهاريو,english,English → Sindhi,swept p t of sweep,ٻهاريو,,SindhiLanguage.org,https://sindhilanguage.org/,Amar Fayaz Buriro (امر فياض ٻرڙو),Swept (p.t of sweep),Swept (p.t of sweep),HEADWORD_WITH_LABEL,HEADWORD_WITH_LABEL
slx_40c422b3e60e540a,60825,Swerve (v),,,English → Sindhi,گمراه ٿيڻ، سڌي رستي کان ٿڙڻ,english,English → Sindhi,swerve v,گمراه ٿيڻ سڌي رستي کان ٿڙڻ,,SindhiLanguage.org,https://sindhilanguage.org/,Amar Fayaz Buriro (امر فياض ٻرڙو),Swerve (v),Swerve (v),HEADWORD_WITH_LABEL,HEADWORD_WITH_LABEL
slx_08b20e3276505bcf,60830,Swill (v),,,English → Sindhi,حرص مان پيئڻ,english,English → Sindhi,swill v,حرص مان پيئڻ,,SindhiLanguage.org,https://sindhilanguage.org/,Amar Fayaz Buriro (امر فياض ٻرڙو),Swill (v),Swill (v),HEADWORD_WITH_LABEL,HEADWORD_WITH_LABEL
slx_f7da2e03128a30a6,60831,Swim (v),,,English → Sindhi,ترڻ، مٿو ڦرڻ,english,English → Sindhi,swim v,ترڻ مٿو ڦرڻ,,SindhiLanguage.org,https://sindhilanguage.org/,Amar Fayaz Buriro (امر فياض ٻرڙو),Swim (v),Swim (v),HEADWORD_WITH_LABEL,HEADWORD_WITH_LABEL
slx_fe64cab2e967cced,60837,Swing (v),,,English → Sindhi,لڏڻ، لهرڻ، لوڏڻ، جهولڻ (پينگهه، لوڏو),english,English → Sindhi,swing v,لڏڻ لهرڻ لوڏڻ جهولڻ پينگهه لوڏو,,SindhiLanguage.org,https://sindhilanguage.org/,Amar Fayaz Buriro (امر فياض ٻرڙو),Swing (v),Swing (v),HEADWORD_WITH_LABEL,HEADWORD_WITH_LABEL
slx_ed0dc0ff8041df02,60840,Switch (v & n),,,English → Sindhi,ڇڙيءَ سان مارڻ، ڦيرڻ، کسي وٺڻ، (ڇهو، ڇڙي بجلي جو بٽڻ),english,English → Sindhi,switch v n,ڇڙيء سان مارڻ ڦيرڻ کسي وٺڻ ڇهو ڇڙي بجلي جو بٽڻ,,SindhiLanguage.org,https://sindhilanguage.org/,Amar Fayaz Buriro (امر فياض ٻرڙو),Switch (v & n),Switch (v & n),HEADWORD_WITH_LABEL,HEADWORD_WITH_LABEL
slx_e26ad92227c4b867,60843,Swoon (v & n),,,English → Sindhi,غش ٿي وڃڻ، ڏندڻجڻ، بيهوش ٿيڻ (غشي، بيهوشي),english,English → Sindhi,swoon v n,غش ٿي وڃڻ ڏندڻجڻ بيهوش ٿيڻ غشي بيهوشي,,SindhiLanguage.org,https://sindhilanguage.org/,Amar Fayaz Buriro (امر فياض ٻرڙو),Swoon (v & n),Swoon (v & n),HEADWORD_WITH_LABEL,HEADWORD_WITH_LABEL
slx_9c18cd5b843fd231,60844,Swoop (v & n),,,English → Sindhi,لامارو ڏيڻ، جهٽ هڻڻ، (لامارو، جهپ، جهٽ),english,English → Sindhi,swoop v n,لامارو ڏيڻ جهٽ هڻڻ لامارو جهپ جهٽ,,SindhiLanguage.org,https://sindhilanguage.org/,Amar Fayaz Buriro (امر فياض ٻرڙو),Swoop (v & n),Swoop (v & n),HEADWORD_WITH_LABEL,HEADWORD_WITH_LABEL
slx_bcd7d0c76bb6eddb,60846,Sword (p.t swear),,,English → Sindhi,قسم کنيو,english,English → Sindhi,sword p t swear,قسم کنيو,,SindhiLanguage.org,https://sindhilanguage.org/,Amar Fayaz Buriro (امر فياض ٻرڙو),Sword (p.t swear),Sword (p.t swear),HEADWORD_WITH_LABEL,HEADWORD_WITH_LABEL
slx_7381f99cee9f9208,60861,Symbolize (v),,,English → Sindhi,علامتن سان ظاهر ڪرڻ,english,English → Sindhi,symbolize v,علامتن سان ظاهر ڪرڻ,,SindhiLanguage.org,https://sindhilanguage.org/,Amar Fayaz Buriro (امر فياض ٻرڙو),Symbolize (v),Symbolize (v),HEADWORD_WITH_LABEL,HEADWORD_WITH_LABEL
slx_b723caf7926ffb7c,60906,(Feat of tabernacle),,,English → Sindhi,يهودين جو هڪ مذهبي ميلو,english,English → Sindhi,feat of tabernacle,يهودين جو هڪ مذهبي ميلو,,SindhiLanguage.org,https://sindhilanguage.org/,Amar Fayaz Buriro (امر فياض ٻرڙو),(Feat of tabernacle),(Feat of tabernacle),PARENTHETICAL,PARENTHETICAL
slx_b6087a3a24160992,60911,(Lay on the table),,,English → Sindhi,ڪنهن ڳالهه کي گهڻي وقت لاءِ مهمل ڪرڻ,english,English → Sindhi,lay on the table,ڪنهن ڳالهه کي گهڻي وقت لاء مهمل ڪرڻ,,SindhiLanguage.org,https://sindhilanguage.org/,Amar Fayaz Buriro (امر فياض ٻرڙو),(Lay on the table),(Lay on the table),PARENTHETICAL,PARENTHETICAL
slx_6d56bcc0873f07e2,60912,(Turn the tables),,,English → Sindhi,حالتن کي ڦيرائي وڃڻ، حالتون الٽيون ٿيڻ,english,English → Sindhi,turn the tables,حالتن کي ڦيرائي وڃڻ حالتون الٽيون ٿيڻ,,SindhiLanguage.org,https://sindhilanguage.org/,Amar Fayaz Buriro (امر فياض ٻرڙو),(Turn the tables),(Turn the tables),PARENTHETICAL,PARENTHETICAL
slx_448dc7c6c34a4009,60924,Tack (n & v),,,English → Sindhi,ميخ، ڪيل، وڏي مٿي سان ڪوڪو (ميخ هڻڻ),english,English → Sindhi,tack n v,ميخ ڪيل وڏي مٿي سان ڪوڪو ميخ هڻڻ,,SindhiLanguage.org,https://sindhilanguage.org/,Amar Fayaz Buriro (امر فياض ٻرڙو),Tack (n & v),Tack (n & v),HEADWORD_WITH_LABEL,HEADWORD_WITH_LABEL
slx_fc5f4ec1eec557ad,60926,Tackle (v & n),,,English → Sindhi,جهلڻ، پڪڙڻ، رسي لڳائڻ، (رسي، جهاز جون رسيون),english,English → Sindhi,tackle v n,جهلڻ پڪڙڻ رسي لڳائڻ رسي جهاز جون رسيون,,SindhiLanguage.org,https://sindhilanguage.org/,Amar Fayaz Buriro (امر فياض ٻرڙو),Tackle (v & n),Tackle (v & n),HEADWORD_WITH_LABEL,HEADWORD_WITH_LABEL
slx_d6ecb2f1c8fa73a6,60940,Taigle (v),,,English → Sindhi,اٽڪ وجهڻ، منجهائڻ,english,English → Sindhi,taigle v,اٽڪ وجهڻ منجهائڻ,,SindhiLanguage.org,https://sindhilanguage.org/,Amar Fayaz Buriro (امر فياض ٻرڙو),Taigle (v),Taigle (v),HEADWORD_WITH_LABEL,HEADWORD_WITH_LABEL
slx_c471f397a61faf1b,60943,(Pull salt on the tail of),,,English → Sindhi,ڦاسائڻ,english,English → Sindhi,pull salt on the tail of,ڦاسائڻ,,SindhiLanguage.org,https://sindhilanguage.org/,Amar Fayaz Buriro (امر فياض ٻرڙو),(Pull salt on the tail of),(Pull salt on the tail of),PARENTHETICAL,PARENTHETICAL
slx_3799a6a384129ed8,60944,(Turn tail),,,English → Sindhi,پڇ پائي ڀڄڻ,english,English → Sindhi,turn tail,پڇ پائي ڀڄڻ,,SindhiLanguage.org,https://sindhilanguage.org/,Amar Fayaz Buriro (امر فياض ٻرڙو),(Turn tail),(Turn tail),PARENTHETICAL,PARENTHETICAL
slx_12610f94a1cb18b9,60945,(With the tail between the legs),,,English → Sindhi,گدڙپائيءَ نموني,english,English → Sindhi,with the tail between the legs,گدڙپائيء نموني,,SindhiLanguage.org,https://sindhilanguage.org/,Amar Fayaz Buriro (امر فياض ٻرڙو),(With the tail between the legs),(With the tail between the legs),PARENTHETICAL,PARENTHETICAL
slx_b05c9b37b5c45352,60952,Take (v),,,English → Sindhi,وٺڻ، وٺي وڃڻ، برداشت ڪرڻ، هٿ ڪرڻ، کائڻ,english,English → Sindhi,take v,وٺڻ وٺي وڃڻ برداشت ڪرڻ هٿ ڪرڻ کائڻ,,SindhiLanguage.org,https://sindhilanguage.org/,Amar Fayaz Buriro (امر فياض ٻرڙو),Take (v),Take (v),HEADWORD_WITH_LABEL,HEADWORD_WITH_LABEL
slx_1354121a248d7a61,60953,(Take in),,,English → Sindhi,دوکو، ٺڳي,english,English → Sindhi,take in,دوکو ٺڳي,,SindhiLanguage.org,https://sindhilanguage.org/,Amar Fayaz Buriro (امر فياض ٻرڙو),(Take in),(Take in),PARENTHETICAL,PARENTHETICAL
slx_c747689b411f5af6,60954,(Take after),,,English → Sindhi,پيروي ڪرڻ، جهڙو ٿيڻ,english,English → Sindhi,take after,پيروي ڪرڻ جهڙو ٿيڻ,,SindhiLanguage.org,https://sindhilanguage.org/,Amar Fayaz Buriro (امر فياض ٻرڙو),(Take after),(Take after),PARENTHETICAL,PARENTHETICAL
slx_669f2d16fd0653b1,60955,(Take air),,,English → Sindhi,ظاهر ٿيڻ,english,English → Sindhi,take air,ظاهر ٿيڻ,,SindhiLanguage.org,https://sindhilanguage.org/,Amar Fayaz Buriro (امر فياض ٻرڙو),(Take air),(Take air),PARENTHETICAL,PARENTHETICAL
slx_68742830bef8c4b0,60956,(Take car),,,English → Sindhi,خبردار,english,English → Sindhi,take car,خبردار,,SindhiLanguage.org,https://sindhilanguage.org/,Amar Fayaz Buriro (امر فياض ٻرڙو),(Take car),(Take car),PARENTHETICAL,PARENTHETICAL
slx_a0e4d8e6312166e5,60957,(Take down),,,English → Sindhi,هيٺ لاهڻ، لکڻ,english,English → Sindhi,take down,هيٺ لاهڻ لکڻ,,SindhiLanguage.org,https://sindhilanguage.org/,Amar Fayaz Buriro (امر فياض ٻرڙو),(Take down),(Take down),PARENTHETICAL,PARENTHETICAL
slx_82fe89da44b6ab18,60958,(Take head),,,English → Sindhi,خبردار ٿيڻ,english,English → Sindhi,take head,خبردار ٿيڻ,,SindhiLanguage.org,https://sindhilanguage.org/,Amar Fayaz Buriro (امر فياض ٻرڙو),(Take head),(Take head),PARENTHETICAL,PARENTHETICAL
slx_d8266b45da0f7703,60959,(Take to heart),,,English → Sindhi,دل ۾ ڪرڻ، محسوس ڪرڻ,english,English → Sindhi,take to heart,دل ڪرڻ محسوس ڪرڻ,,SindhiLanguage.org,https://sindhilanguage.org/,Amar Fayaz Buriro (امر فياض ٻرڙو),(Take to heart),(Take to heart),PARENTHETICAL,PARENTHETICAL
slx_a070f2a48788e39a,60960,(Take up arms),,,English → Sindhi,جنگ ڪرڻ، وڙهڻ، لڙڻ,english,English → Sindhi,take up arms,جنگ ڪرڻ وڙهڻ لڙڻ,,SindhiLanguage.org,https://sindhilanguage.org/,Amar Fayaz Buriro (امر فياض ٻرڙو),(Take up arms),(Take up arms),PARENTHETICAL,PARENTHETICAL
slx_8d37c431aac570f6,60961,(Take upon),,,English → Sindhi,(پاڻ تي) هموار ڪرڻ,english,English → Sindhi,take upon,پاڻ تي هموار ڪرڻ,,SindhiLanguage.org,https://sindhilanguage.org/,Amar Fayaz Buriro (امر فياض ٻرڙو),(Take upon),(Take upon),PARENTHETICAL,PARENTHETICAL
slx_1645aa00e1a5a362,60962,(Take with),,,English → Sindhi,مهربان ٿيڻ، خوش ٿيڻ,english,English → Sindhi,take with,مهربان ٿيڻ خوش ٿيڻ,,SindhiLanguage.org,https://sindhilanguage.org/,Amar Fayaz Buriro (امر فياض ٻرڙو),(Take with),(Take with),PARENTHETICAL,PARENTHETICAL
slx_8d05b4fc95cbf635,60965,(Tell tales out of school),,,English → Sindhi,مخفي ڳالهيون کولڻ يا ظاهر ڪرڻ,english,English → Sindhi,tell tales out of school,مخفي ڳالهيون کولڻ يا ظاهر ڪرڻ,,SindhiLanguage.org,https://sindhilanguage.org/,Amar Fayaz Buriro (امر فياض ٻرڙو),(Tell tales out of school),(Tell tales out of school),PARENTHETICAL,PARENTHETICAL
slx_c02478820106ff8b,60969,Talion (law of retaliation),,,English → Sindhi,قانون، انتظام,english,English → Sindhi,talion law of retaliation,قانون انتظام,,SindhiLanguage.org,https://sindhilanguage.org/,Amar Fayaz Buriro (امر فياض ٻرڙو),Talion (law of retaliation),Talion (law of retaliation),HEADWORD_WITH_LABEL,HEADWORD_WITH_LABEL
slx_1d5fb184cb6e4f64,60971,Talk (v),,,English → Sindhi,ڳالهه ٻولهه ڪرڻ، گفتگو ڪرڻ (ڳالهه ٻولهه، بات چيت، گفتگو),english,English → Sindhi,talk v,ڳالهه ٻولهه ڪرڻ گفتگو ڪرڻ ڳالهه ٻولهه بات چيت گفتگو,,SindhiLanguage.org,https://sindhilanguage.org/,Amar Fayaz Buriro (امر فياض ٻرڙو),Talk (v),Talk (v),HEADWORD_WITH_LABEL,HEADWORD_WITH_LABEL
slx_51767746995f849e,60974,Talk up (v),,,English → Sindhi,وڏي آواز ڳالهائڻ، لٻاڙ هڻڻ,english,English → Sindhi,talk up v,وڏي آواز ڳالهائڻ لٻاڙ هڻڻ,,SindhiLanguage.org,https://sindhilanguage.org/,Amar Fayaz Buriro (امر فياض ٻرڙو),Talk up (v),Talk up (v),HEADWORD_WITH_LABEL,HEADWORD_WITH_LABEL
slx_e585cad1bd3bb735,60978,Tally (v & n),,,English → Sindhi,ملي اچڻ، موافق هئڻ (نقل، ميل چٽڪي),english,English → Sindhi,tally v n,ملي اچڻ موافق هئڻ نقل ميل چٽڪي,,SindhiLanguage.org,https://sindhilanguage.org/,Amar Fayaz Buriro (امر فياض ٻرڙو),Tally (v & n),Tally (v & n),HEADWORD_WITH_LABEL,HEADWORD_WITH_LABEL
slx_346312f8d78198ae,60990,Tamper (v),,,English → Sindhi,ڇيڙڻ، هٿ چراند ڪرڻ، دست اندازي ڪرڻ,english,English → Sindhi,tamper v,ڇيڙڻ هٿ چراند ڪرڻ دست اندازي ڪرڻ,,SindhiLanguage.org,https://sindhilanguage.org/,Amar Fayaz Buriro (امر فياض ٻرڙو),Tamper (v),Tamper (v),HEADWORD_WITH_LABEL,HEADWORD_WITH_LABEL
slx_2f9c05b5f7a952b2,60996,Tangle (v),,,English → Sindhi,الجهن، مونجهارو، الجهائڻ، منجهائڻ,english,English → Sindhi,tangle v,الجهن مونجهارو الجهائڻ منجهائڻ,,SindhiLanguage.org,https://sindhilanguage.org/,Amar Fayaz Buriro (امر فياض ٻرڙو),Tangle (v),Tangle (v),HEADWORD_WITH_LABEL,HEADWORD_WITH_LABEL
slx_893aae08e4779cf1,61001,Tap (v & n),,,English → Sindhi,کڙڪائڻ، کٽ کٽائڻ (نل، ٽڪٽڪ، کڙڪو),english,English → Sindhi,tap v n,کڙڪائڻ کٽ کٽائڻ نل ٽڪٽڪ کڙڪو,,SindhiLanguage.org,https://sindhilanguage.org/,Amar Fayaz Buriro (امر فياض ٻرڙو),Tap (v & n),Tap (v & n),HEADWORD_WITH_LABEL,HEADWORD_WITH_LABEL
slx_154f1c62ce9de4c8,61012,Tarnish (v),,,English → Sindhi,بي رونق ڪرڻ، جهڪو ڪرڻ، رنگ مٽائڻ,english,English → Sindhi,tarnish v,بي رونق ڪرڻ جهڪو ڪرڻ رنگ مٽائڻ,,SindhiLanguage.org,https://sindhilanguage.org/,Amar Fayaz Buriro (امر فياض ٻرڙو),Tarnish (v),Tarnish (v),HEADWORD_WITH_LABEL,HEADWORD_WITH_LABEL
slx_7c328c9e499ce979,61014,Tarry (v),,,English → Sindhi,ترسڻ، دير ڪرڻ، توفق ڪرڻ، التوا ڪرڻ,english,English → Sindhi,tarry v,ترسڻ دير ڪرڻ توفق ڪرڻ التوا ڪرڻ,,SindhiLanguage.org,https://sindhilanguage.org/,Amar Fayaz Buriro (امر فياض ٻرڙو),Tarry (v),Tarry (v),HEADWORD_WITH_LABEL,HEADWORD_WITH_LABEL
slx_2a3a667554f49166,61027,Taught (p.t of teach),,,English → Sindhi,پاڙهيو، سيکاريو,english,English → Sindhi,taught p t of teach,پاڙهيو سيکاريو,,SindhiLanguage.org,https://sindhilanguage.org/,Amar Fayaz Buriro (امر فياض ٻرڙو),Taught (p.t of teach),Taught (p.t of teach),HEADWORD_WITH_LABEL,HEADWORD_WITH_LABEL
slx_adadc62eee917d91,61028,Taunt (v & n),,,English → Sindhi,طعنو ڏيڻ، ملامت ڪرڻ، (طعنو، ملامت),english,English → Sindhi,taunt v n,طعنو ڏيڻ ملامت ڪرڻ طعنو ملامت,,SindhiLanguage.org,https://sindhilanguage.org/,Amar Fayaz Buriro (امر فياض ٻرڙو),Taunt (v & n),Taunt (v & n),HEADWORD_WITH_LABEL,HEADWORD_WITH_LABEL
slx_c842ddfac3e68957,61040,Teach (v),,,English → Sindhi,تعليم ڏيڻ، سمجهائڻ، سيکارڻ,english,English → Sindhi,teach v,تعليم ڏيڻ سمجهائڻ سيکارڻ,,SindhiLanguage.org,https://sindhilanguage.org/,Amar Fayaz Buriro (امر فياض ٻرڙو),Teach (v),Teach (v),HEADWORD_WITH_LABEL,HEADWORD_WITH_LABEL
slx_0a591f6c3ab9f866,61047,Tease (v),,,English → Sindhi,چيڙائڻ، دق ڪرڻ، تنگ ڪرڻ,english,English → Sindhi,tease v,چيڙائڻ دق ڪرڻ تنگ ڪرڻ,,SindhiLanguage.org,https://sindhilanguage.org/,Amar Fayaz Buriro (امر فياض ٻرڙو),Tease (v),Tease (v),HEADWORD_WITH_LABEL,HEADWORD_WITH_LABEL
slx_6ab17fb9bd187166,61053,Teem (v),,,English → Sindhi,پيدا ڪرڻ، ڄڻڻ، حامله ڪرڻ، ثمردار ڪرڻ,english,English → Sindhi,teem v,پيدا ڪرڻ ڄڻڻ حامله ڪرڻ ثمردار ڪرڻ,,SindhiLanguage.org,https://sindhilanguage.org/,Amar Fayaz Buriro (امر فياض ٻرڙو),Teem (v),Teem (v),HEADWORD_WITH_LABEL,HEADWORD_WITH_LABEL
slx_519458484cbb373f,61056,Teeth (pl of tooth),,,English → Sindhi,ڏند,english,English → Sindhi,teeth pl of tooth,ڏند,,SindhiLanguage.org,https://sindhilanguage.org/,Amar Fayaz Buriro (امر فياض ٻرڙو),Teeth (pl of tooth),Teeth (pl of tooth),HEADWORD_WITH_LABEL,HEADWORD_WITH_LABEL
slx_4897fdb6baadef59,61066,Tell (v),,,English → Sindhi,بيان ڪرڻ، ٻڌائڻ، اطلاع ڏيڻ,english,English → Sindhi,tell v,بيان ڪرڻ ٻڌائڻ اطلاع ڏيڻ,,SindhiLanguage.org,https://sindhilanguage.org/,Amar Fayaz Buriro (امر فياض ٻرڙو),Tell (v),Tell (v),HEADWORD_WITH_LABEL,HEADWORD_WITH_LABEL
slx_7f1da7a7cfe53b31,61080,Temporize (v),,,English → Sindhi,زماني سازي ڪرڻ، دنيا سازي ڪرڻ,english,English → Sindhi,temporize v,زماني سازي ڪرڻ دنيا سازي ڪرڻ,,SindhiLanguage.org,https://sindhilanguage.org/,Amar Fayaz Buriro (امر فياض ٻرڙو),Temporize (v),Temporize (v),HEADWORD_WITH_LABEL,HEADWORD_WITH_LABEL
slx_7ed1a778f6c10d89,61081,Tempt (v),,,English → Sindhi,ترغيب، ڏيڻ، برغلائڻ، لالچائڻ,english,English → Sindhi,tempt v,ترغيب ڏيڻ برغلائڻ لالچائڻ,,SindhiLanguage.org,https://sindhilanguage.org/,Amar Fayaz Buriro (امر فياض ٻرڙو),Tempt (v),Tempt (v),HEADWORD_WITH_LABEL,HEADWORD_WITH_LABEL
slx_463616935a25d953,61090,Tend (v),,,English → Sindhi,خبرگير ڪرڻ، سنڀالڻ، مائل هجڻ، جهڪڻ,english,English → Sindhi,tend v,خبرگير ڪرڻ سنڀالڻ مائل هجڻ جهڪڻ,,SindhiLanguage.org,https://sindhilanguage.org/,Amar Fayaz Buriro (امر فياض ٻرڙو),Tend (v),Tend (v),HEADWORD_WITH_LABEL,HEADWORD_WITH_LABEL
slx_4f49327aa0256bf3,61092,Tender (v),,,English → Sindhi,ڏيڻ، اچڻ، پيش ڪرڻ (v) نازڪ، ڪمزور، نرم,english,English → Sindhi,tender v,ڏيڻ اچڻ پيش ڪرڻ v نازڪ ڪمزور نرم,,SindhiLanguage.org,https://sindhilanguage.org/,Amar Fayaz Buriro (امر فياض ٻرڙو),Tender (v),Tender (v),HEADWORD_WITH_LABEL,HEADWORD_WITH_LABEL
slx_0e93f59d8d49c0d2,61109,Tepefy (v),,,English → Sindhi,ننهن سوسڙو ڪرڻ، نيم گرم ڪرڻ,english,English → Sindhi,tepefy v,ننهن سوسڙو ڪرڻ نيم گرم ڪرڻ,,SindhiLanguage.org,https://sindhilanguage.org/,Amar Fayaz Buriro (امر فياض ٻرڙو),Tepefy (v),Tepefy (v),HEADWORD_WITH_LABEL,HEADWORD_WITH_LABEL
slx_269f207ae780d52e,61111,Terebrate (v),,,English → Sindhi,سوراخ ڪرڻ,english,English → Sindhi,terebrate v,سوراخ ڪرڻ,,SindhiLanguage.org,https://sindhilanguage.org/,Amar Fayaz Buriro (امر فياض ٻرڙو),Terebrate (v),Terebrate (v),HEADWORD_WITH_LABEL,HEADWORD_WITH_LABEL
slx_d23b268bdfee5ec4,61116,Terminate (v),,,English → Sindhi,حد تائين پهچائڻ، ختم ڪرڻ,english,English → Sindhi,terminate v,حد تائين پهچائڻ ختم ڪرڻ,,SindhiLanguage.org,https://sindhilanguage.org/,Amar Fayaz Buriro (امر فياض ٻرڙو),Terminate (v),Terminate (v),HEADWORD_WITH_LABEL,HEADWORD_WITH_LABEL
slx_ef745e4f24c94d1a,61127,Terrify (v),,,English → Sindhi,خوف ڏيارڻ، ڊيڄارڻ، ڏڪائڻ,english,English → Sindhi,terrify v,خوف ڏيارڻ ڊيڄارڻ ڏڪائڻ,,SindhiLanguage.org,https://sindhilanguage.org/,Amar Fayaz Buriro (امر فياض ٻرڙو),Terrify (v),Terrify (v),HEADWORD_WITH_LABEL,HEADWORD_WITH_LABEL
slx_b047cd9fe6305138,61138,Testify (v),,,English → Sindhi,گواهي ڏيڻ، ظاهر ڪرڻ، شاهدي ڏيڻ,english,English → Sindhi,testify v,گواهي ڏيڻ ظاهر ڪرڻ شاهدي ڏيڻ,,SindhiLanguage.org,https://sindhilanguage.org/,Amar Fayaz Buriro (امر فياض ٻرڙو),Testify (v),Testify (v),HEADWORD_WITH_LABEL,HEADWORD_WITH_LABEL
slx_6faf7f98b4f8f232,61148,Thank (v),,,English → Sindhi,شڪرگذاري ڪرڻ,english,English → Sindhi,thank v,شڪرگذاري ڪرڻ,,SindhiLanguage.org,https://sindhilanguage.org/,Amar Fayaz Buriro (امر فياض ٻرڙو),Thank (v),Thank (v),HEADWORD_WITH_LABEL,HEADWORD_WITH_LABEL
slx_e6a2e6c27a1c0729,61153,Thaw (v),,,English → Sindhi,ڳرڻ، پگهرڻ، رجڻ، پاڻي ٿيڻ,english,English → Sindhi,thaw v,ڳرڻ پگهرڻ رجڻ پاڻي ٿيڻ,,SindhiLanguage.org,https://sindhilanguage.org/,Amar Fayaz Buriro (امر فياض ٻرڙو),Thaw (v),Thaw (v),HEADWORD_WITH_LABEL,HEADWORD_WITH_LABEL
slx_2250ffa39fbb138e,61184,Theorise (v),,,English → Sindhi,قياس ڪرڻ، اصول قائم ڪرڻ,english,English → Sindhi,theorise v,قياس ڪرڻ اصول قائم ڪرڻ,,SindhiLanguage.org,https://sindhilanguage.org/,Amar Fayaz Buriro (امر فياض ٻرڙو),Theorise (v),Theorise (v),HEADWORD_WITH_LABEL,HEADWORD_WITH_LABEL
slx_e39787403b7f086e,61202,Thicken (v),,,English → Sindhi,ٿلهو ڪرڻ، گهاٽو ڪرڻ,english,English → Sindhi,thicken v,ٿلهو ڪرڻ گهاٽو ڪرڻ,,SindhiLanguage.org,https://sindhilanguage.org/,Amar Fayaz Buriro (امر فياض ٻرڙو),Thicken (v),Thicken (v),HEADWORD_WITH_LABEL,HEADWORD_WITH_LABEL
slx_b8eeeef27c388dc3,61207,Thieves (p.t of thief),,,English → Sindhi,چور (جمع),english,English → Sindhi,thieves p t of thief,چور جمع,,SindhiLanguage.org,https://sindhilanguage.org/,Amar Fayaz Buriro (امر فياض ٻرڙو),Thieves (p.t of thief),Thieves (p.t of thief),HEADWORD_WITH_LABEL,HEADWORD_WITH_LABEL
slx_1314b05a8ed2acf9,61214,Think (v),,,English → Sindhi,خيال ڪرڻ، غور ڪرڻ، سوچڻ,english,English → Sindhi,think v,خيال ڪرڻ غور ڪرڻ سوچڻ,,SindhiLanguage.org,https://sindhilanguage.org/,Amar Fayaz Buriro (امر فياض ٻرڙو),Think (v),Think (v),HEADWORD_WITH_LABEL,HEADWORD_WITH_LABEL
slx_487706beb00606fd,61237,Thought (p.t. of think),,,English → Sindhi,خيال ڪيو,english,English → Sindhi,thought p t of think,خيال ڪيو,,SindhiLanguage.org,https://sindhilanguage.org/,Amar Fayaz Buriro (امر فياض ٻرڙو),Thought (p.t. of think),Thought (p.t. of think),HEADWORD_WITH_LABEL,HEADWORD_WITH_LABEL
slx_06b0c7c213e3314d,61238,Thought (n),,,English → Sindhi,خيال، سوچ، ويچار,english,English → Sindhi,thought n,خيال سوچ ويچار,,SindhiLanguage.org,https://sindhilanguage.org/,Amar Fayaz Buriro (امر فياض ٻرڙو),Thought (n),Thought (n),HEADWORD_WITH_LABEL,HEADWORD_WITH_LABEL
slx_8f0e80cdfc7d419e,61241,(One in a thousand),,,English → Sindhi,ناياب، تمام گهٽ ملندڙ,english,English → Sindhi,one in a thousand,ناياب تمام گهٽ ملندڙ,,SindhiLanguage.org,https://sindhilanguage.org/,Amar Fayaz Buriro (امر فياض ٻرڙو),(One in a thousand),(One in a thousand),PARENTHETICAL,PARENTHETICAL
slx_c59dbf129b46a838,61244,Thrap (v),,,English → Sindhi,جڪڙڻ، چوڌاري ٻڌڻ,english,English → Sindhi,thrap v,جڪڙڻ چوڌاري ٻڌڻ,,SindhiLanguage.org,https://sindhilanguage.org/,Amar Fayaz Buriro (امر فياض ٻرڙو),Thrap (v),Thrap (v),HEADWORD_WITH_LABEL,HEADWORD_WITH_LABEL
slx_1204946d0fb2d661,61251,Threat (v),,,English → Sindhi,ڌمڪائڻ، دڙڪو ڏيڻ,english,English → Sindhi,threat v,ڌمڪائڻ دڙڪو ڏيڻ,,SindhiLanguage.org,https://sindhilanguage.org/,Amar Fayaz Buriro (امر فياض ٻرڙو),Threat (v),Threat (v),HEADWORD_WITH_LABEL,HEADWORD_WITH_LABEL
slx_6e43d1ba458eaefe,61252,Threaten (v),,,English → Sindhi,ٽي,english,English → Sindhi,threaten v,ٽي,,SindhiLanguage.org,https://sindhilanguage.org/,Amar Fayaz Buriro (امر فياض ٻرڙو),Threaten (v),Threaten (v),HEADWORD_WITH_LABEL,HEADWORD_WITH_LABEL
slx_6ca480427a3ff5ce,61260,Threw (p.t of throw),,,English → Sindhi,اُڇليو، ڦٽو ڪيو,english,English → Sindhi,threw p t of throw,اڇليو ڦٽو ڪيو,,SindhiLanguage.org,https://sindhilanguage.org/,Amar Fayaz Buriro (امر فياض ٻرڙو),Threw (p.t of throw),Threw (p.t of throw),HEADWORD_WITH_LABEL,HEADWORD_WITH_LABEL
slx_205b7b87b6bfe4b9,61267,Thrive (v),,,English → Sindhi,خوشحال ٿيڻ، سرسبز ٿيڻ، وڌڻ ۽ ويجهڻ,english,English → Sindhi,thrive v,خوشحال ٿيڻ سرسبز ٿيڻ وڌڻ ويجهڻ,,SindhiLanguage.org,https://sindhilanguage.org/,Amar Fayaz Buriro (امر فياض ٻرڙو),Thrive (v),Thrive (v),HEADWORD_WITH_LABEL,HEADWORD_WITH_LABEL
slx_cb6507495c978e55,61270,Throb (v),,,English → Sindhi,ڦڙڪڻ، ڌڙڪڻ، ڌڪ ڌڪ ڪرڻ، دهڪو، ڌڪ ڌڪ,english,English → Sindhi,throb v,ڦڙڪڻ ڌڙڪڻ ڌڪ ڌڪ ڪرڻ دهڪو ڌڪ ڌڪ,,SindhiLanguage.org,https://sindhilanguage.org/,Amar Fayaz Buriro (امر فياض ٻرڙو),Throb (v),Throb (v),HEADWORD_WITH_LABEL,HEADWORD_WITH_LABEL
slx_e86a8617126f8fca,61274,Throttle (v & n),,,English → Sindhi,گلو گهٽڻ، گهوگهو ڏيڻ، (گهو گهو، گهٽو),english,English → Sindhi,throttle v n,گلو گهٽڻ گهوگهو ڏيڻ گهو گهو گهٽو,,SindhiLanguage.org,https://sindhilanguage.org/,Amar Fayaz Buriro (امر فياض ٻرڙو),Throttle (v & n),Throttle (v & n),HEADWORD_WITH_LABEL,HEADWORD_WITH_LABEL
slx_495e83d2e630a29d,61279,Thrust (v),,,English → Sindhi,ٽنبڻ، وجهڻ، اڇلڻ,english,English → Sindhi,thrust v,ٽنبڻ وجهڻ اڇلڻ,,SindhiLanguage.org,https://sindhilanguage.org/,Amar Fayaz Buriro (امر فياض ٻرڙو),Thrust (v),Thrust (v),HEADWORD_WITH_LABEL,HEADWORD_WITH_LABEL
slx_f55f5472d0542071,61282,Thump (v & n),,,English → Sindhi,ٿڦڙ هڻڻ، ڌڪ هڻڻ (ٿڦڙ، ڌڪاءُ),english,English → Sindhi,thump v n,ٿڦڙ هڻڻ ڌڪ هڻڻ ٿڦڙ ڌڪاء,,SindhiLanguage.org,https://sindhilanguage.org/,Amar Fayaz Buriro (امر فياض ٻرڙو),Thump (v & n),Thump (v & n),HEADWORD_WITH_LABEL,HEADWORD_WITH_LABEL
slx_583e9e9781fc3fec,61283,Thunder (v & n),,,English → Sindhi,گجگوڙ ڪرڻ، گجڻ (گاج، گجگوڙ),english,English → Sindhi,thunder v n,گجگوڙ ڪرڻ گجڻ گاج گجگوڙ,,SindhiLanguage.org,https://sindhilanguage.org/,Amar Fayaz Buriro (امر فياض ٻرڙو),Thunder (v & n),Thunder (v & n),HEADWORD_WITH_LABEL,HEADWORD_WITH_LABEL
slx_e859ddcd249495ed,61288,Thwart (v),,,English → Sindhi,مخالف هجڻ، روڪڻ، مزاحمت ڪرڻ، آڏو اچڻ,english,English → Sindhi,thwart v,مخالف هجڻ روڪڻ مزاحمت ڪرڻ آڏو اچڻ,,SindhiLanguage.org,https://sindhilanguage.org/,Amar Fayaz Buriro (امر فياض ٻرڙو),Thwart (v),Thwart (v),HEADWORD_WITH_LABEL,HEADWORD_WITH_LABEL
slx_8635cced85d5bfea,61301,Tie (v),,,English → Sindhi,ٻڌڻ، ڳنڍڻ (ٻنڌ، ڳنڍ، گره، بند، عقد),english,English → Sindhi,tie v,ٻڌڻ ڳنڍڻ ٻنڌ ڳنڍ گره بند عقد,,SindhiLanguage.org,https://sindhilanguage.org/,Amar Fayaz Buriro (امر فياض ٻرڙو),Tie (v),Tie (v),HEADWORD_WITH_LABEL,HEADWORD_WITH_LABEL
slx_1958dfe13004dff0,61309,Tighten (v),,,English → Sindhi,تنگ ڪرڻ، جڪڙڻ، سوڙهو ڪرڻ، سوگهو ڪرڻ,english,English → Sindhi,tighten v,تنگ ڪرڻ جڪڙڻ سوڙهو ڪرڻ سوگهو ڪرڻ,,SindhiLanguage.org,https://sindhilanguage.org/,Amar Fayaz Buriro (امر فياض ٻرڙو),Tighten (v),Tighten (v),HEADWORD_WITH_LABEL,HEADWORD_WITH_LABEL
slx_8438a4e2f73cbc81,61314,Till (v),,,English → Sindhi,تائين، جيستائين، رپين رکڻ لاءِ پيتي، کيڙڻ,english,English → Sindhi,till v,تائين جيستائين رپين رکڻ لاء پيتي کيڙڻ,,SindhiLanguage.org,https://sindhilanguage.org/,Amar Fayaz Buriro (امر فياض ٻرڙو),Till (v),Till (v),HEADWORD_WITH_LABEL,HEADWORD_WITH_LABEL
slx_2b1f8f8cb8928356,61339,Tingle (v),,,English → Sindhi,لڱ ڪانڊارجڻ,english,English → Sindhi,tingle v,لڱ ڪانڊارجڻ,,SindhiLanguage.org,https://sindhilanguage.org/,Amar Fayaz Buriro (امر فياض ٻرڙو),Tingle (v),Tingle (v),HEADWORD_WITH_LABEL,HEADWORD_WITH_LABEL
slx_79394923d16d39b0,61341,Tinkle (v),,,English → Sindhi,ڇم ڇم ڪرڻ,english,English → Sindhi,tinkle v,ڇم ڇم ڪرڻ,,SindhiLanguage.org,https://sindhilanguage.org/,Amar Fayaz Buriro (امر فياض ٻرڙو),Tinkle (v),Tinkle (v),HEADWORD_WITH_LABEL,HEADWORD_WITH_LABEL
slx_957786185755e826,61357,Tire (v),,,English → Sindhi,ٿڪائڻ، تنگ ڪرڻ، ڪڪ ڪرڻ,english,English → Sindhi,tire v,ٿڪائڻ تنگ ڪرڻ ڪڪ ڪرڻ,,SindhiLanguage.org,https://sindhilanguage.org/,Amar Fayaz Buriro (امر فياض ٻرڙو),Tire (v),Tire (v),HEADWORD_WITH_LABEL,HEADWORD_WITH_LABEL
slx_6e747ba29d4781f6,61365,Titillate (v),,,English → Sindhi,گد گدائڻ,english,English → Sindhi,titillate v,گد گدائڻ,,SindhiLanguage.org,https://sindhilanguage.org/,Amar Fayaz Buriro (امر فياض ٻرڙو),Titillate (v),Titillate (v),HEADWORD_WITH_LABEL,HEADWORD_WITH_LABEL
slx_43ec44f188db2080,61369,Titter (v),,,English → Sindhi,کلڻ، ٽهڪ ڏيڻ,english,English → Sindhi,titter v,کلڻ ٽهڪ ڏيڻ,,SindhiLanguage.org,https://sindhilanguage.org/,Amar Fayaz Buriro (امر فياض ٻرڙو),Titter (v),Titter (v),HEADWORD_WITH_LABEL,HEADWORD_WITH_LABEL
slx_f015a773e8e97be4,61375,Toast (v),,,English → Sindhi,سيڪڻ، خوب گرم ڪرڻ، ڪنهن جي سلامتيءَ جو جام پيئڻ,english,English → Sindhi,toast v,سيڪڻ خوب گرم ڪرڻ ڪنهن جي سلامتيء جو جام پيئڻ,,SindhiLanguage.org,https://sindhilanguage.org/,Amar Fayaz Buriro (امر فياض ٻرڙو),Toast (v),Toast (v),HEADWORD_WITH_LABEL,HEADWORD_WITH_LABEL
slx_bc1df2d11d6c805e,61376,Toast (n),,,English → Sindhi,ٽوسٽ، سيڪيل ڊبل روٽي، صحت جام,english,English → Sindhi,toast n,ٽوسٽ سيڪيل ڊبل روٽي صحت جام,,SindhiLanguage.org,https://sindhilanguage.org/,Amar Fayaz Buriro (امر فياض ٻرڙو),Toast (n),Toast (n),HEADWORD_WITH_LABEL,HEADWORD_WITH_LABEL
slx_0b6f65051c8e16c3,61387,Toil (v),,,English → Sindhi,محنت ڪرڻ، مشقت ڪرڻ، ڪشالو ڪرڻ,english,English → Sindhi,toil v,محنت ڪرڻ مشقت ڪرڻ ڪشالو ڪرڻ,,SindhiLanguage.org,https://sindhilanguage.org/,Amar Fayaz Buriro (امر فياض ٻرڙو),Toil (v),Toil (v),HEADWORD_WITH_LABEL,HEADWORD_WITH_LABEL
slx_d9e70918826a9590,61388,Toil (n),,,English → Sindhi,محنت، مشقت، ڪشالو,english,English → Sindhi,toil n,محنت مشقت ڪشالو,,SindhiLanguage.org,https://sindhilanguage.org/,Amar Fayaz Buriro (امر فياض ٻرڙو),Toil (n),Toil (n),HEADWORD_WITH_LABEL,HEADWORD_WITH_LABEL
slx_c6a710d1f159ea2e,61392,Tolerate (v),,,English → Sindhi,برداشت ڪرڻ، تحمل ڪرڻ,english,English → Sindhi,tolerate v,برداشت ڪرڻ تحمل ڪرڻ,,SindhiLanguage.org,https://sindhilanguage.org/,Amar Fayaz Buriro (امر فياض ٻرڙو),Tolerate (v),Tolerate (v),HEADWORD_WITH_LABEL,HEADWORD_WITH_LABEL
slx_1f6a6e183bfdaf12,61422,Tore (p.t of tear),,,English → Sindhi,ڦاڙيو,english,English → Sindhi,tore p t of tear,ڦاڙيو,,SindhiLanguage.org,https://sindhilanguage.org/,Amar Fayaz Buriro (امر فياض ٻرڙو),Tore (p.t of tear),Tore (p.t of tear),HEADWORD_WITH_LABEL,HEADWORD_WITH_LABEL
slx_bbc4c34ee185d1d9,61423,Torment (v),,,English → Sindhi,اذيت ڏيڻ، تڪليف ڏيڻ، پيڙڻ (عذاب تڪليف),english,English → Sindhi,torment v,اذيت ڏيڻ تڪليف ڏيڻ پيڙڻ عذاب تڪليف,,SindhiLanguage.org,https://sindhilanguage.org/,Amar Fayaz Buriro (امر فياض ٻرڙو),Torment (v),Torment (v),HEADWORD_WITH_LABEL,HEADWORD_WITH_LABEL
slx_33dccecd61765065,61437,Toss (v),,,English → Sindhi,اڇلڻ، ڊانواڊول ڪرڻ,english,English → Sindhi,toss v,اڇلڻ ڊانواڊول ڪرڻ,,SindhiLanguage.org,https://sindhilanguage.org/,Amar Fayaz Buriro (امر فياض ٻرڙو),Toss (v),Toss (v),HEADWORD_WITH_LABEL,HEADWORD_WITH_LABEL
slx_77cdf585b1f0e199,61440,Totter (v),,,English → Sindhi,لغزش ڪرڻ، جُهرڻ، ڌڏڻ,english,English → Sindhi,totter v,لغزش ڪرڻ جهرڻ ڌڏڻ,,SindhiLanguage.org,https://sindhilanguage.org/,Amar Fayaz Buriro (امر فياض ٻرڙو),Totter (v),Totter (v),HEADWORD_WITH_LABEL,HEADWORD_WITH_LABEL
slx_9586f213d4c8b15d,61441,Touch (v & n),,,English → Sindhi,ڇهڻ، هٿ لائڻ، اثر ڪرڻ (ٿورو اثر، ڇهڻي، ذرو),english,English → Sindhi,touch v n,ڇهڻ هٿ لائڻ اثر ڪرڻ ٿورو اثر ڇهڻي ذرو,,SindhiLanguage.org,https://sindhilanguage.org/,Amar Fayaz Buriro (امر فياض ٻرڙو),Touch (v & n),Touch (v & n),HEADWORD_WITH_LABEL,HEADWORD_WITH_LABEL
slx_007a6ceb22b54434,61445,Toughen (v),,,English → Sindhi,سخت ڪرڻ، چيڙهالو ڪرڻ,english,English → Sindhi,toughen v,سخت ڪرڻ چيڙهالو ڪرڻ,,SindhiLanguage.org,https://sindhilanguage.org/,Amar Fayaz Buriro (امر فياض ٻرڙو),Toughen (v),Toughen (v),HEADWORD_WITH_LABEL,HEADWORD_WITH_LABEL
slx_7241291209f027eb,61450,Tow (v),,,English → Sindhi,رسيءَ سان (پاڻيءَ ۾) ڇڪڻ,english,English → Sindhi,tow v,رسيء سان پاڻيء ڇڪڻ,,SindhiLanguage.org,https://sindhilanguage.org/,Amar Fayaz Buriro (امر فياض ٻرڙو),Tow (v),Tow (v),HEADWORD_WITH_LABEL,HEADWORD_WITH_LABEL
slx_ce564deb75707a51,61462,Trace (v),,,English → Sindhi,سڳ ڪڍڻ، کوج (ڪمائڻ، سڳ، کوج),english,English → Sindhi,trace v,سڳ ڪڍڻ کوج ڪمائڻ سڳ کوج,,SindhiLanguage.org,https://sindhilanguage.org/,Amar Fayaz Buriro (امر فياض ٻرڙو),Trace (v),Trace (v),HEADWORD_WITH_LABEL,HEADWORD_WITH_LABEL
slx_830577374a3af4db,61466,(Make tracks),,,English → Sindhi,جلدي ۾ هليو وڃڻ,english,English → Sindhi,make tracks,جلدي هليو وڃڻ,,SindhiLanguage.org,https://sindhilanguage.org/,Amar Fayaz Buriro (امر فياض ٻرڙو),(Make tracks),(Make tracks),PARENTHETICAL,PARENTHETICAL
slx_50170c3b136ab96c,61467,(Make tracks for),,,English → Sindhi,ڪنهن جي پٺيان وڃڻ,english,English → Sindhi,make tracks for,ڪنهن جي پٺيان وڃڻ,,SindhiLanguage.org,https://sindhilanguage.org/,Amar Fayaz Buriro (امر فياض ٻرڙو),(Make tracks for),(Make tracks for),PARENTHETICAL,PARENTHETICAL
slx_9935855705cb2504,61477,Traduce (v),,,English → Sindhi,الزام ڏيڻ، بدنام ڪرڻ، تهمت لڳائڻ,english,English → Sindhi,traduce v,الزام ڏيڻ بدنام ڪرڻ تهمت لڳائڻ,,SindhiLanguage.org,https://sindhilanguage.org/,Amar Fayaz Buriro (امر فياض ٻرڙو),Traduce (v),Traduce (v),HEADWORD_WITH_LABEL,HEADWORD_WITH_LABEL
slx_5db3fef982e165b5,61485,Trail (v),,,English → Sindhi,گهلجڻ، ڇڪڻ، اڳواڻي ڪرڻ,english,English → Sindhi,trail v,گهلجڻ ڇڪڻ اڳواڻي ڪرڻ,,SindhiLanguage.org,https://sindhilanguage.org/,Amar Fayaz Buriro (امر فياض ٻرڙو),Trail (v),Trail (v),HEADWORD_WITH_LABEL,HEADWORD_WITH_LABEL
slx_8c63d46c911268fc,61486,Train (v),,,English → Sindhi,ترغيب ڏيڻ، سيکارڻ، سڌارڻ، ريل ۾ مسافري ڪرڻ,english,English → Sindhi,train v,ترغيب ڏيڻ سيکارڻ سڌارڻ ريل مسافري ڪرڻ,,SindhiLanguage.org,https://sindhilanguage.org/,Amar Fayaz Buriro (امر فياض ٻرڙو),Train (v),Train (v),HEADWORD_WITH_LABEL,HEADWORD_WITH_LABEL
slx_0524c77901debfa6,61487,Train (n),,,English → Sindhi,ريل گاڏي، پٺيان ايندڙ، مصاحب,english,English → Sindhi,train n,ريل گاڏي پٺيان ايندڙ مصاحب,,SindhiLanguage.org,https://sindhilanguage.org/,Amar Fayaz Buriro (امر فياض ٻرڙو),Train (n),Train (n),HEADWORD_WITH_LABEL,HEADWORD_WITH_LABEL
slx_e7afc609a6984129,61492,Traitress ( fem),,,English → Sindhi,دغاباز عورت، ملڪ دشمن عورت,english,English → Sindhi,traitress fem,دغاباز عورت ملڪ دشمن عورت,,SindhiLanguage.org,https://sindhilanguage.org/,Amar Fayaz Buriro (امر فياض ٻرڙو),Traitress ( fem),Traitress (fem),HEADWORD_WITH_LABEL,HEADWORD_WITH_LABEL
slx_2124767a2d601e90,61497,Trample (v),,,English → Sindhi,ڪچلڻ، لتاڙڻ,english,English → Sindhi,trample v,ڪچلڻ لتاڙڻ,,SindhiLanguage.org,https://sindhilanguage.org/,Amar Fayaz Buriro (امر فياض ٻرڙو),Trample (v),Trample (v),HEADWORD_WITH_LABEL,HEADWORD_WITH_LABEL
slx_0bd8f76b7a0961f9,61506,Transcribe (v),,,English → Sindhi,اتارڻ، نقل ڪرڻ,english,English → Sindhi,transcribe v,اتارڻ نقل ڪرڻ,,SindhiLanguage.org,https://sindhilanguage.org/,Amar Fayaz Buriro (امر فياض ٻرڙو),Transcribe (v),Transcribe (v),HEADWORD_WITH_LABEL,HEADWORD_WITH_LABEL
slx_65f28afc8d4660c6,61513,Transform (v),,,English → Sindhi,شڪل بدلائڻ، صورت مٽائڻ,english,English → Sindhi,transform v,شڪل بدلائڻ صورت مٽائڻ,,SindhiLanguage.org,https://sindhilanguage.org/,Amar Fayaz Buriro (امر فياض ٻرڙو),Transform (v),Transform (v),HEADWORD_WITH_LABEL,HEADWORD_WITH_LABEL
slx_0890343898e5cb6c,61514,Transfuse (v),,,English → Sindhi,هڪ جو ٻي ۾ وجهڻ، اوتڻ,english,English → Sindhi,transfuse v,هڪ جو ٻي وجهڻ اوتڻ,,SindhiLanguage.org,https://sindhilanguage.org/,Amar Fayaz Buriro (امر فياض ٻرڙو),Transfuse (v),Transfuse (v),HEADWORD_WITH_LABEL,HEADWORD_WITH_LABEL
slx_4330aa361f8fd99e,61515,Transgress (v),,,English → Sindhi,حد ٽپڻ، ٽورڻ، گناهه ڪرڻ، خطا ڪرڻ,english,English → Sindhi,transgress v,حد ٽپڻ ٽورڻ گناهه ڪرڻ خطا ڪرڻ,,SindhiLanguage.org,https://sindhilanguage.org/,Amar Fayaz Buriro (امر فياض ٻرڙو),Transgress (v),Transgress (v),HEADWORD_WITH_LABEL,HEADWORD_WITH_LABEL
slx_39d86243e0a91a1a,61526,Transmigrate (v),,,English → Sindhi,چولو بدلڻ، ٻيو جنم وٺڻ,english,English → Sindhi,transmigrate v,چولو بدلڻ ٻيو جنم وٺڻ,,SindhiLanguage.org,https://sindhilanguage.org/,Amar Fayaz Buriro (امر فياض ٻرڙو),Transmigrate (v),Transmigrate (v),HEADWORD_WITH_LABEL,HEADWORD_WITH_LABEL
slx_8e823e6e341ea257,61529,Transmit (v),,,English → Sindhi,روانو ڪرڻ، موڪلڻ,english,English → Sindhi,transmit v,روانو ڪرڻ موڪلڻ,,SindhiLanguage.org,https://sindhilanguage.org/,Amar Fayaz Buriro (امر فياض ٻرڙو),Transmit (v),Transmit (v),HEADWORD_WITH_LABEL,HEADWORD_WITH_LABEL
slx_fdd2f2ebc6b77b76,61531,Transmute (v),,,English → Sindhi,بدلڻ، جنس بدلڻ,english,English → Sindhi,transmute v,بدلڻ جنس بدلڻ,,SindhiLanguage.org,https://sindhilanguage.org/,Amar Fayaz Buriro (امر فياض ٻرڙو),Transmute (v),Transmute (v),HEADWORD_WITH_LABEL,HEADWORD_WITH_LABEL
slx_b8580214310311fa,61534,Transpire (v),,,English → Sindhi,معلوم ٿيڻ، کلي پوڻ,english,English → Sindhi,transpire v,معلوم ٿيڻ کلي پوڻ,,SindhiLanguage.org,https://sindhilanguage.org/,Amar Fayaz Buriro (امر فياض ٻرڙو),Transpire (v),Transpire (v),HEADWORD_WITH_LABEL,HEADWORD_WITH_LABEL
slx_0dcf5c72d66d46ad,61543,Trap (v & n),,,English → Sindhi,دام ۾ پڪڙڻ (دام، ڦندو، سرڪڻي، ڦاهي),english,English → Sindhi,trap v n,دام پڪڙڻ دام ڦندو سرڪڻي ڦاهي,,SindhiLanguage.org,https://sindhilanguage.org/,Amar Fayaz Buriro (امر فياض ٻرڙو),Trap (v & n),Trap (v & n),HEADWORD_WITH_LABEL,HEADWORD_WITH_LABEL
slx_fbc22c6cf220f17b,61548,Travail (v),,,English → Sindhi,محنت ڪرڻ، ڳهڻ، ويم جا سور کائڻ,english,English → Sindhi,travail v,محنت ڪرڻ ڳهڻ ويم جا سور کائڻ,,SindhiLanguage.org,https://sindhilanguage.org/,Amar Fayaz Buriro (امر فياض ٻرڙو),Travail (v),Travail (v),HEADWORD_WITH_LABEL,HEADWORD_WITH_LABEL
slx_e9103d001ea403da,61549,Travel (v),,,English → Sindhi,هلڻ، مسافري ڪرڻ، سفر ڪرڻ (سفر، مسافري),english,English → Sindhi,travel v,هلڻ مسافري ڪرڻ سفر ڪرڻ سفر مسافري,,SindhiLanguage.org,https://sindhilanguage.org/,Amar Fayaz Buriro (امر فياض ٻرڙو),Travel (v),Travel (v),HEADWORD_WITH_LABEL,HEADWORD_WITH_LABEL
slx_4c5a0c459d639179,61564,Treat (v & n),,,English → Sindhi,سلوڪ ڪرڻ، استعمال ڪرڻ (دعوت، مهماني),english,English → Sindhi,treat v n,سلوڪ ڪرڻ استعمال ڪرڻ دعوت مهماني,,SindhiLanguage.org,https://sindhilanguage.org/,Amar Fayaz Buriro (امر فياض ٻرڙو),Treat (v & n),Treat (v & n),HEADWORD_WITH_LABEL,HEADWORD_WITH_LABEL
slx_32974ddb9bf2bba1,61573,Tremble (v),,,English → Sindhi,ڏڪڻ، لرزڻ، ڪنبڻ، ٿڙڪڻ (ڏڪڻي),english,English → Sindhi,tremble v,ڏڪڻ لرزڻ ڪنبڻ ٿڙڪڻ ڏڪڻي,,SindhiLanguage.org,https://sindhilanguage.org/,Amar Fayaz Buriro (امر فياض ٻرڙو),Tremble (v),Tremble (v),HEADWORD_WITH_LABEL,HEADWORD_WITH_LABEL
slx_053f197440322398,61578,Trespass (v),,,English → Sindhi,بي جا مداخلت ڪرڻ، دست اندازي ڪرڻ (بي جا مداخلت),english,English → Sindhi,trespass v,بي جا مداخلت ڪرڻ دست اندازي ڪرڻ بي جا مداخلت,,SindhiLanguage.org,https://sindhilanguage.org/,Amar Fayaz Buriro (امر فياض ٻرڙو),Trespass (v),Trespass (v),HEADWORD_WITH_LABEL,HEADWORD_WITH_LABEL
slx_ce42b07c26954188,61600,Trickle (v),,,English → Sindhi,آهستي وهڻ، ٽمڻ، واهي ۾ آهستي وهڻ,english,English → Sindhi,trickle v,آهستي وهڻ ٽمڻ واهي آهستي وهڻ,,SindhiLanguage.org,https://sindhilanguage.org/,Amar Fayaz Buriro (امر فياض ٻرڙو),Trickle (v),Trickle (v),HEADWORD_WITH_LABEL,HEADWORD_WITH_LABEL
slx_e6dcaa723a34a769,61634,Trisect (v),,,English → Sindhi,ٽن هڪ جهڙن حصن ۾ ورهائڻ,english,English → Sindhi,trisect v,ٽن هڪ جهڙن حصن ورهائڻ,,SindhiLanguage.org,https://sindhilanguage.org/,Amar Fayaz Buriro (امر فياض ٻرڙو),Trisect (v),Trisect (v),HEADWORD_WITH_LABEL,HEADWORD_WITH_LABEL
slx_9504e20f62d810e3,61636,Triturate (v),,,English → Sindhi,چٻاڙي سنهو ڪرڻ، باريڪ ڪرڻ، پيهڻ، سفوف بنائڻ,english,English → Sindhi,triturate v,چٻاڙي سنهو ڪرڻ باريڪ ڪرڻ پيهڻ سفوف بنائڻ,,SindhiLanguage.org,https://sindhilanguage.org/,Amar Fayaz Buriro (امر فياض ٻرڙو),Triturate (v),Triturate (v),HEADWORD_WITH_LABEL,HEADWORD_WITH_LABEL
slx_bfcbeb4c09d5506a,61649,Trot (v),,,English → Sindhi,ڊگائڻ، ٽپ ٽپ ڪري هلڻ,english,English → Sindhi,trot v,ڊگائڻ ٽپ ٽپ ڪري هلڻ,,SindhiLanguage.org,https://sindhilanguage.org/,Amar Fayaz Buriro (امر فياض ٻرڙو),Trot (v),Trot (v),HEADWORD_WITH_LABEL,HEADWORD_WITH_LABEL
slx_fd660b105d937dbe,61651,Trouble (v),,,English → Sindhi,تڪليف ڏيڻ، هلاک ڪرڻ، ستائڻ (تڪليف، ايذاءُ، ڏک),english,English → Sindhi,trouble v,تڪليف ڏيڻ هلاک ڪرڻ ستائڻ تڪليف ايذاء ڏک,,SindhiLanguage.org,https://sindhilanguage.org/,Amar Fayaz Buriro (امر فياض ٻرڙو),Trouble (v),Trouble (v),HEADWORD_WITH_LABEL,HEADWORD_WITH_LABEL
slx_4edb0c2f6626bbc4,61655,Trounce (v),,,English → Sindhi,گهڻو مارڻ، سخت سزا ڏيڻ,english,English → Sindhi,trounce v,گهڻو مارڻ سخت سزا ڏيڻ,,SindhiLanguage.org,https://sindhilanguage.org/,Amar Fayaz Buriro (امر فياض ٻرڙو),Trounce (v),Trounce (v),HEADWORD_WITH_LABEL,HEADWORD_WITH_LABEL
slx_9f0f8c609e3ba261,61658,Trow (v),,,English → Sindhi,سوچڻ، ويچارڻ، خيال ڪرڻ، قياس ڪرڻ، اعتبار ڪرڻ، وهڻ,english,English → Sindhi,trow v,سوچڻ ويچارڻ خيال ڪرڻ قياس ڪرڻ اعتبار ڪرڻ وهڻ,,SindhiLanguage.org,https://sindhilanguage.org/,Amar Fayaz Buriro (امر فياض ٻرڙو),Trow (v),Trow (v),HEADWORD_WITH_LABEL,HEADWORD_WITH_LABEL
slx_d23cd9b70f12149d,61664,Trudge (v),,,English → Sindhi,پيرن پيادو سفر ڪرڻ,english,English → Sindhi,trudge v,پيرن پيادو سفر ڪرڻ,,SindhiLanguage.org,https://sindhilanguage.org/,Amar Fayaz Buriro (امر فياض ٻرڙو),Trudge (v),Trudge (v),HEADWORD_WITH_LABEL,HEADWORD_WITH_LABEL
slx_94ff6bdbd11d2635,61670,Trumpet (n & v),,,English → Sindhi,توتاري، شهنائي (n) پڙهو ڏيڻ (v),english,English → Sindhi,trumpet n v,توتاري شهنائي n پڙهو ڏيڻ v,,SindhiLanguage.org,https://sindhilanguage.org/,Amar Fayaz Buriro (امر فياض ٻرڙو),Trumpet (n & v),Trumpet (n & v),HEADWORD_WITH_LABEL,HEADWORD_WITH_LABEL
slx_3a5b00cd0cb2c2bb,61672,Truncate (v),,,English → Sindhi,ڪاٽڻ، وڍڻ، ڇانگڻ، قلم ڪرڻ,english,English → Sindhi,truncate v,ڪاٽڻ وڍڻ ڇانگڻ قلم ڪرڻ,,SindhiLanguage.org,https://sindhilanguage.org/,Amar Fayaz Buriro (امر فياض ٻرڙو),Truncate (v),Truncate (v),HEADWORD_WITH_LABEL,HEADWORD_WITH_LABEL
slx_5fa3c27005fda027,61678,Trust (v),,,English → Sindhi,يقين ڪرڻ، ڀروسو ڪرڻ، ايمان رکڻ، اعتبار ڪرڻ,english,English → Sindhi,trust v,يقين ڪرڻ ڀروسو ڪرڻ ايمان رکڻ اعتبار ڪرڻ,,SindhiLanguage.org,https://sindhilanguage.org/,Amar Fayaz Buriro (امر فياض ٻرڙو),Trust (v),Trust (v),HEADWORD_WITH_LABEL,HEADWORD_WITH_LABEL
slx_6f3db961eb54c4f5,61679,Trust (v),,,English → Sindhi,اعتماد، ڀروسو، اعتبار، يقين ويساهه,english,English → Sindhi,trust v,اعتماد ڀروسو اعتبار يقين ويساهه,,SindhiLanguage.org,https://sindhilanguage.org/,Amar Fayaz Buriro (امر فياض ٻرڙو),Trust (v),Trust (v),HEADWORD_WITH_LABEL,HEADWORD_WITH_LABEL
slx_e87c923e4f118514,61685,Try (v),,,English → Sindhi,ڪوشش ڪرڻ، آزمائڻ، پرکڻ، امتحان وٺڻ، مقدمو هلائڻ,english,English → Sindhi,try v,ڪوشش ڪرڻ آزمائڻ پرکڻ امتحان وٺڻ مقدمو هلائڻ,,SindhiLanguage.org,https://sindhilanguage.org/,Amar Fayaz Buriro (امر فياض ٻرڙو),Try (v),Try (v),HEADWORD_WITH_LABEL,HEADWORD_WITH_LABEL
slx_deb01a34169cb8ed,61698,Tuck (v),,,English → Sindhi,دٻائڻ، لپٽڻ,english,English → Sindhi,tuck v,دٻائڻ لپٽڻ,,SindhiLanguage.org,https://sindhilanguage.org/,Amar Fayaz Buriro (امر فياض ٻرڙو),Tuck (v),Tuck (v),HEADWORD_WITH_LABEL,HEADWORD_WITH_LABEL
slx_cade442d17249e58,61741,Turn (v),,,English → Sindhi,گهمائڻ، ڦيرائڻ، بدلڻ، موڙڻ، ابتو ڪرڻ,english,English → Sindhi,turn v,گهمائڻ ڦيرائڻ بدلڻ موڙڻ ابتو ڪرڻ,,SindhiLanguage.org,https://sindhilanguage.org/,Amar Fayaz Buriro (امر فياض ٻرڙو),Turn (v),Turn (v),HEADWORD_WITH_LABEL,HEADWORD_WITH_LABEL
slx_0e4bd3af2b0b20fb,61742,Turn (n),,,English → Sindhi,تبديلي، موڙ، وارو,english,English → Sindhi,turn n,تبديلي موڙ وارو,,SindhiLanguage.org,https://sindhilanguage.org/,Amar Fayaz Buriro (امر فياض ٻرڙو),Turn (n),Turn (n),HEADWORD_WITH_LABEL,HEADWORD_WITH_LABEL
slx_ceda2250c485fe04,61770,Tweak (v),,,English → Sindhi,چونڊڙي پائڻ,english,English → Sindhi,tweak v,چونڊڙي پائڻ,,SindhiLanguage.org,https://sindhilanguage.org/,Amar Fayaz Buriro (امر فياض ٻرڙو),Tweak (v),Tweak (v),HEADWORD_WITH_LABEL,HEADWORD_WITH_LABEL
slx_b462140e977df8fb,61781,Twiddle (v),,,English → Sindhi,اجايو وقت وڃائڻ، راند ڪرڻ,english,English → Sindhi,twiddle v,اجايو وقت وڃائڻ راند ڪرڻ,,SindhiLanguage.org,https://sindhilanguage.org/,Amar Fayaz Buriro (امر فياض ٻرڙو),Twiddle (v),Twiddle (v),HEADWORD_WITH_LABEL,HEADWORD_WITH_LABEL
slx_a2c9a82db5103e96,61782,Twig (n),,,English → Sindhi,وڻ جي ننڍي ڏاري يا شاخ,english,English → Sindhi,twig n,وڻ جي ننڍي ڏاري يا شاخ,,SindhiLanguage.org,https://sindhilanguage.org/,Amar Fayaz Buriro (امر فياض ٻرڙو),Twig (n),Twig (n),HEADWORD_WITH_LABEL,HEADWORD_WITH_LABEL
slx_faf2f5aa22043828,61783,Twig (v),,,English → Sindhi,باريڪبينيءَ سان جاچڻ، سمجهڻ,english,English → Sindhi,twig v,باريڪبينيء سان جاچڻ سمجهڻ,,SindhiLanguage.org,https://sindhilanguage.org/,Amar Fayaz Buriro (امر فياض ٻرڙو),Twig (v),Twig (v),HEADWORD_WITH_LABEL,HEADWORD_WITH_LABEL
slx_491e8f4752b6ae4c,61793,Twinkle (v & n),,,English → Sindhi,ٽمڪڻ، جگمگائڻ، اک ڇنڀڻ (چمڪو، اک ڇنڀ),english,English → Sindhi,twinkle v n,ٽمڪڻ جگمگائڻ اک ڇنڀڻ چمڪو اک ڇنڀ,,SindhiLanguage.org,https://sindhilanguage.org/,Amar Fayaz Buriro (امر فياض ٻرڙو),Twinkle (v & n),Twinkle (v & n),HEADWORD_WITH_LABEL,HEADWORD_WITH_LABEL
slx_46ebf6b58c4caff8,61798,Twirl (v & n),,,English → Sindhi,ڦيرڻ، چڪر ڏيڻ، (ڦيرو، گهمراٽي),english,English → Sindhi,twirl v n,ڦيرڻ چڪر ڏيڻ ڦيرو گهمراٽي,,SindhiLanguage.org,https://sindhilanguage.org/,Amar Fayaz Buriro (امر فياض ٻرڙو),Twirl (v & n),Twirl (v & n),HEADWORD_WITH_LABEL,HEADWORD_WITH_LABEL
slx_ea12c5db00bab48a,61800,Twist (v & n),,,English → Sindhi,موڙڻ، وٽڻ، معنيٰ ڦيرائڻ، (وٽ، پيچ، ڦيرو),english,English → Sindhi,twist v n,موڙڻ وٽڻ معني ڦيرائڻ وٽ پيچ ڦيرو,,SindhiLanguage.org,https://sindhilanguage.org/,Amar Fayaz Buriro (امر فياض ٻرڙو),Twist (v & n),Twist (v & n),HEADWORD_WITH_LABEL,HEADWORD_WITH_LABEL
slx_9d16d22c6b61128e,61803,Twit (v),,,English → Sindhi,ملامت ڪرڻ، مهڻو ڏيڻ، قصور ياد ڏيارڻ,english,English → Sindhi,twit v,ملامت ڪرڻ مهڻو ڏيڻ قصور ياد ڏيارڻ,,SindhiLanguage.org,https://sindhilanguage.org/,Amar Fayaz Buriro (امر فياض ٻرڙو),Twit (v),Twit (v),HEADWORD_WITH_LABEL,HEADWORD_WITH_LABEL
slx_8ce8b3d1f01985d1,61805,Twitch (v),,,English → Sindhi,اوچتو ڇٻي ڏيڻ، کسڻ، ڇنڻ,english,English → Sindhi,twitch v,اوچتو ڇٻي ڏيڻ کسڻ ڇنڻ,,SindhiLanguage.org,https://sindhilanguage.org/,Amar Fayaz Buriro (امر فياض ٻرڙو),Twitch (v),Twitch (v),HEADWORD_WITH_LABEL,HEADWORD_WITH_LABEL
slx_d62aa3706607b5b7,61808,Twizzle (v),,,English → Sindhi,ويڙهڻ يا ڦيرڻ,english,English → Sindhi,twizzle v,ويڙهڻ يا ڦيرڻ,,SindhiLanguage.org,https://sindhilanguage.org/,Amar Fayaz Buriro (امر فياض ٻرڙو),Twizzle (v),Twizzle (v),HEADWORD_WITH_LABEL,HEADWORD_WITH_LABEL
slx_8fd516c89e17cee8,61830,Tyrannise (v),,,English → Sindhi,ستم ڪرڻ، ظلم ڪرڻ، آزارڻ,english,English → Sindhi,tyrannise v,ستم ڪرڻ ظلم ڪرڻ آزارڻ,,SindhiLanguage.org,https://sindhilanguage.org/,Amar Fayaz Buriro (امر فياض ٻرڙو),Tyrannise (v),Tyrannise (v),HEADWORD_WITH_LABEL,HEADWORD_WITH_LABEL
slx_7047d67741c1c53a,61846,Ulcerate (v),,,English → Sindhi,ناسور ٿيڻ، ڦٽ ٿيڻ، روڳ گڏ ٿيڻ,english,English → Sindhi,ulcerate v,ناسور ٿيڻ ڦٽ ٿيڻ روڳ گڏ ٿيڻ,,SindhiLanguage.org,https://sindhilanguage.org/,Amar Fayaz Buriro (امر فياض ٻرڙو),Ulcerate (v),Ulcerate (v),HEADWORD_WITH_LABEL,HEADWORD_WITH_LABEL
slx_0c48f01e2c116818,61858,Ululate (v),,,English → Sindhi,گدڙ وانگر اونائڻ,english,English → Sindhi,ululate v,گدڙ وانگر اونائڻ,,SindhiLanguage.org,https://sindhilanguage.org/,Amar Fayaz Buriro (امر فياض ٻرڙو),Ululate (v),Ululate (v),HEADWORD_WITH_LABEL,HEADWORD_WITH_LABEL
slx_716157f8b017bd95,61897,Unbar (v),,,English → Sindhi,کولڻ، تاڙي لاهڻ,english,English → Sindhi,unbar v,کولڻ تاڙي لاهڻ,,SindhiLanguage.org,https://sindhilanguage.org/,Amar Fayaz Buriro (امر فياض ٻرڙو),Unbar (v),Unbar (v),HEADWORD_WITH_LABEL,HEADWORD_WITH_LABEL
slx_c336014813be41b5,61907,Unbosom (v),,,English → Sindhi,ڀيد کولڻ، راز ٻڌائڻ، ڀانڊو ڦوڙڻ,english,English → Sindhi,unbosom v,ڀيد کولڻ راز ٻڌائڻ ڀانڊو ڦوڙڻ,,SindhiLanguage.org,https://sindhilanguage.org/,Amar Fayaz Buriro (امر فياض ٻرڙو),Unbosom (v),Unbosom (v),HEADWORD_WITH_LABEL,HEADWORD_WITH_LABEL
slx_87923052e06bc4ff,61910,Unburden (v),,,English → Sindhi,بار لاهڻ، هلڪو ڪرڻ، دل جو حال اورڻ,english,English → Sindhi,unburden v,بار لاهڻ هلڪو ڪرڻ دل جو حال اورڻ,,SindhiLanguage.org,https://sindhilanguage.org/,Amar Fayaz Buriro (امر فياض ٻرڙو),Unburden (v),Unburden (v),HEADWORD_WITH_LABEL,HEADWORD_WITH_LABEL
slx_f4c43e25b33625db,61913,Uncase (v),,,English → Sindhi,کولڻ، کوکي يا پيتيءَ مان ڪڍڻ,english,English → Sindhi,uncase v,کولڻ کوکي يا پيتيء مان ڪڍڻ,,SindhiLanguage.org,https://sindhilanguage.org/,Amar Fayaz Buriro (امر فياض ٻرڙو),Uncase (v),Uncase (v),HEADWORD_WITH_LABEL,HEADWORD_WITH_LABEL
slx_b53e9f6202bf5f68,61932,Unclose (v),,,English → Sindhi,ظاهر ڪرڻ، کولڻ,english,English → Sindhi,unclose v,ظاهر ڪرڻ کولڻ,,SindhiLanguage.org,https://sindhilanguage.org/,Amar Fayaz Buriro (امر فياض ٻرڙو),Unclose (v),Unclose (v),HEADWORD_WITH_LABEL,HEADWORD_WITH_LABEL
slx_c1359e02d9d7b56c,61948,Uncouple (v),,,English → Sindhi,کولڻ، ڍرو ڪرڻ,english,English → Sindhi,uncouple v,کولڻ ڍرو ڪرڻ,,SindhiLanguage.org,https://sindhilanguage.org/,Amar Fayaz Buriro (امر فياض ٻرڙو),Uncouple (v),Uncouple (v),HEADWORD_WITH_LABEL,HEADWORD_WITH_LABEL
slx_41e2c0f999956e7f,61951,Uncover (v),,,English → Sindhi,کولڻ، ظاهر ڪرڻ، اگهاڙو ڪرڻ,english,English → Sindhi,uncover v,کولڻ ظاهر ڪرڻ اگهاڙو ڪرڻ,,SindhiLanguage.org,https://sindhilanguage.org/,Amar Fayaz Buriro (امر فياض ٻرڙو),Uncover (v),Uncover (v),HEADWORD_WITH_LABEL,HEADWORD_WITH_LABEL
slx_2f1c72d483683c5e,61958,Undeceive (v),,,English → Sindhi,غلط فهمي دور ڪرڻ، ڌوڪو سمجهڻ,english,English → Sindhi,undeceive v,غلط فهمي دور ڪرڻ ڌوڪو سمجهڻ,,SindhiLanguage.org,https://sindhilanguage.org/,Amar Fayaz Buriro (امر فياض ٻرڙو),Undeceive (v),Undeceive (v),HEADWORD_WITH_LABEL,HEADWORD_WITH_LABEL
slx_0165cf54c51daab5,61965,Underbid (v),,,English → Sindhi,نيلام ۾ گهٽ واڪ ڏيڻ,english,English → Sindhi,underbid v,نيلام گهٽ واڪ ڏيڻ,,SindhiLanguage.org,https://sindhilanguage.org/,Amar Fayaz Buriro (امر فياض ٻرڙو),Underbid (v),Underbid (v),HEADWORD_WITH_LABEL,HEADWORD_WITH_LABEL
slx_9e9a88417e779620,61969,Under estimate (v),,,English → Sindhi,تخمينو گهٽ لڳائڻ,english,English → Sindhi,under estimate v,تخمينو گهٽ لڳائڻ,,SindhiLanguage.org,https://sindhilanguage.org/,Amar Fayaz Buriro (امر فياض ٻرڙو),Under estimate (v),Under estimate (v),HEADWORD_WITH_LABEL,HEADWORD_WITH_LABEL
slx_c48073cc9020ed9b,61970,Under feed (v),,,English → Sindhi,گهٽ کارائڻ,english,English → Sindhi,under feed v,گهٽ کارائڻ,,SindhiLanguage.org,https://sindhilanguage.org/,Amar Fayaz Buriro (امر فياض ٻرڙو),Under feed (v),Under feed (v),HEADWORD_WITH_LABEL,HEADWORD_WITH_LABEL
slx_392465458d2df542,61971,Undergo (v),,,English → Sindhi,سهڻ، ڀوڳڻ، برداشت ڪرڻ,english,English → Sindhi,undergo v,سهڻ ڀوڳڻ برداشت ڪرڻ,,SindhiLanguage.org,https://sindhilanguage.org/,Amar Fayaz Buriro (امر فياض ٻرڙو),Undergo (v),Undergo (v),HEADWORD_WITH_LABEL,HEADWORD_WITH_LABEL
slx_927596942712d330,61976,Underline (v),,,English → Sindhi,لفظن جي هيٺان ليڪ ڏيڻ,english,English → Sindhi,underline v,لفظن جي هيٺان ليڪ ڏيڻ,,SindhiLanguage.org,https://sindhilanguage.org/,Amar Fayaz Buriro (امر فياض ٻرڙو),Underline (v),Underline (v),HEADWORD_WITH_LABEL,HEADWORD_WITH_LABEL
slx_a7f6d9a9540ff0bf,61978,Undermine (v),,,English → Sindhi,سرنگهه هڻڻ، برباد ڪرڻ، نقصان رسائڻ,english,English → Sindhi,undermine v,سرنگهه هڻڻ برباد ڪرڻ نقصان رسائڻ,,SindhiLanguage.org,https://sindhilanguage.org/,Amar Fayaz Buriro (امر فياض ٻرڙو),Undermine (v),Undermine (v),HEADWORD_WITH_LABEL,HEADWORD_WITH_LABEL
slx_3644129c61f9d08a,61982,Under rate (v),,,English → Sindhi,گهٽ ملهه رکڻ، قدر نه ڪرڻ,english,English → Sindhi,under rate v,گهٽ ملهه رکڻ قدر نه ڪرڻ,,SindhiLanguage.org,https://sindhilanguage.org/,Amar Fayaz Buriro (امر فياض ٻرڙو),Under rate (v),Under rate (v),HEADWORD_WITH_LABEL,HEADWORD_WITH_LABEL
slx_52295e27920a99c9,61984,Understand (v),,,English → Sindhi,سمجهڻ، پروڙڻ، ڄاڻڻ,english,English → Sindhi,understand v,سمجهڻ پروڙڻ ڄاڻڻ,,SindhiLanguage.org,https://sindhilanguage.org/,Amar Fayaz Buriro (امر فياض ٻرڙو),Understand (v),Understand (v),HEADWORD_WITH_LABEL,HEADWORD_WITH_LABEL
slx_91cfaad5bacf3357,61986,Understate (v),,,English → Sindhi,گهٽ ٻڌائڻ,english,English → Sindhi,understate v,گهٽ ٻڌائڻ,,SindhiLanguage.org,https://sindhilanguage.org/,Amar Fayaz Buriro (امر فياض ٻرڙو),Understate (v),Understate (v),HEADWORD_WITH_LABEL,HEADWORD_WITH_LABEL
slx_65d96c25e0dbbf9b,61987,Undertake (v),,,English → Sindhi,پنهنجي ذمي کڻڻ، هٿ ڳنڍڻ، انجام ڪرڻ,english,English → Sindhi,undertake v,پنهنجي ذمي کڻڻ هٿ ڳنڍڻ انجام ڪرڻ,,SindhiLanguage.org,https://sindhilanguage.org/,Amar Fayaz Buriro (امر فياض ٻرڙو),Undertake (v),Undertake (v),HEADWORD_WITH_LABEL,HEADWORD_WITH_LABEL
slx_09b50747d105dfab,61994,Underwrite (v),,,English → Sindhi,هيٺان لکڻ، ويمو ڀرڻ,english,English → Sindhi,underwrite v,هيٺان لکڻ ويمو ڀرڻ,,SindhiLanguage.org,https://sindhilanguage.org/,Amar Fayaz Buriro (امر فياض ٻرڙو),Underwrite (v),Underwrite (v),HEADWORD_WITH_LABEL,HEADWORD_WITH_LABEL
slx_42be43847c217575,62007,Undo (v),,,English → Sindhi,رد ڪرڻ، کولڻ، ڇوڙڻ، ڊاهڻ,english,English → Sindhi,undo v,رد ڪرڻ کولڻ ڇوڙڻ ڊاهڻ,,SindhiLanguage.org,https://sindhilanguage.org/,Amar Fayaz Buriro (امر فياض ٻرڙو),Undo (v),Undo (v),HEADWORD_WITH_LABEL,HEADWORD_WITH_LABEL
slx_a0188c0ea61658f4,62013,Undress (v),,,English → Sindhi,ڪپڙا لاهڻ، اگهاڙو ڪرڻ، پٽي ڇوڙڻ,english,English → Sindhi,undress v,ڪپڙا لاهڻ اگهاڙو ڪرڻ پٽي ڇوڙڻ,,SindhiLanguage.org,https://sindhilanguage.org/,Amar Fayaz Buriro (امر فياض ٻرڙو),Undress (v),Undress (v),HEADWORD_WITH_LABEL,HEADWORD_WITH_LABEL
slx_d185226024f99ed4,62015,Undulate (v),,,English → Sindhi,هيٺ مٿي يا اڳيان پويان ٿيڻ، ڇولين وانگر لهرائڻ,english,English → Sindhi,undulate v,هيٺ مٿي يا اڳيان پويان ٿيڻ ڇولين وانگر لهرائڻ,,SindhiLanguage.org,https://sindhilanguage.org/,Amar Fayaz Buriro (امر فياض ٻرڙو),Undulate (v),Undulate (v),HEADWORD_WITH_LABEL,HEADWORD_WITH_LABEL
slx_0eed1dd17af50c7c,62019,Unearth (v),,,English → Sindhi,زمين مان اکيڙڻ، کوٽڻ، کولڻ، پڌرو ڪرڻ,english,English → Sindhi,unearth v,زمين مان اکيڙڻ کوٽڻ کولڻ پڌرو ڪرڻ,,SindhiLanguage.org,https://sindhilanguage.org/,Amar Fayaz Buriro (امر فياض ٻرڙو),Unearth (v),Unearth (v),HEADWORD_WITH_LABEL,HEADWORD_WITH_LABEL
slx_c3c0cde4d7afb26e,62040,Unfasten (v),,,English → Sindhi,کولڻ، ڇوڙڻ، ڍرو ڪرڻ,english,English → Sindhi,unfasten v,کولڻ ڇوڙڻ ڍرو ڪرڻ,,SindhiLanguage.org,https://sindhilanguage.org/,Amar Fayaz Buriro (امر فياض ٻرڙو),Unfasten (v),Unfasten (v),HEADWORD_WITH_LABEL,HEADWORD_WITH_LABEL
slx_750369fe0352583a,62044,Unfetter (v),,,English → Sindhi,کولڻ، ٻيڙيون لاهڻ، آزاد ڪرڻ,english,English → Sindhi,unfetter v,کولڻ ٻيڙيون لاهڻ آزاد ڪرڻ,,SindhiLanguage.org,https://sindhilanguage.org/,Amar Fayaz Buriro (امر فياض ٻرڙو),Unfetter (v),Unfetter (v),HEADWORD_WITH_LABEL,HEADWORD_WITH_LABEL
slx_1d25c629e4a26ad3,62050,Unfold (v),,,English → Sindhi,کولڻ، ڇوڙڻ، بيان ڪرڻ، پڌرو ڪرڻ,english,English → Sindhi,unfold v,کولڻ ڇوڙڻ بيان ڪرڻ پڌرو ڪرڻ,,SindhiLanguage.org,https://sindhilanguage.org/,Amar Fayaz Buriro (امر فياض ٻرڙو),Unfold (v),Unfold (v),HEADWORD_WITH_LABEL,HEADWORD_WITH_LABEL
slx_e6de1df0f0995b68,62057,Unfurl (v),,,English → Sindhi,کولڻ، پکيڙڻ، ڇوڙڻ,english,English → Sindhi,unfurl v,کولڻ پکيڙڻ ڇوڙڻ,,SindhiLanguage.org,https://sindhilanguage.org/,Amar Fayaz Buriro (امر فياض ٻرڙو),Unfurl (v),Unfurl (v),HEADWORD_WITH_LABEL,HEADWORD_WITH_LABEL
slx_f7a34a6d91c1093b,62073,Unhinge (v),,,English → Sindhi,پريشان ڪرڻ، حوصلا خطا ڪرڻ، ڍرو ڪرڻ,english,English → Sindhi,unhinge v,پريشان ڪرڻ حوصلا خطا ڪرڻ ڍرو ڪرڻ,,SindhiLanguage.org,https://sindhilanguage.org/,Amar Fayaz Buriro (امر فياض ٻرڙو),Unhinge (v),Unhinge (v),HEADWORD_WITH_LABEL,HEADWORD_WITH_LABEL
slx_dce4ed2adc3d1404,62075,Unhorse (v),,,English → Sindhi,گهوڙي تان ڪيرائڻ,english,English → Sindhi,unhorse v,گهوڙي تان ڪيرائڻ,,SindhiLanguage.org,https://sindhilanguage.org/,Amar Fayaz Buriro (امر فياض ٻرڙو),Unhorse (v),Unhorse (v),HEADWORD_WITH_LABEL,HEADWORD_WITH_LABEL
slx_13206b6ee129860a,62082,Unify (v),,,English → Sindhi,ملائي هڪ ڪرڻ,english,English → Sindhi,unify v,ملائي هڪ ڪرڻ,,SindhiLanguage.org,https://sindhilanguage.org/,Amar Fayaz Buriro (امر فياض ٻرڙو),Unify (v),Unify (v),HEADWORD_WITH_LABEL,HEADWORD_WITH_LABEL
slx_dc98c1f232bd1610,62106,Unite (v),,,English → Sindhi,ملائڻ، گڏڻ، ڳنڍڻ، هڪ ٿيڻ,english,English → Sindhi,unite v,ملائڻ گڏڻ ڳنڍڻ هڪ ٿيڻ,,SindhiLanguage.org,https://sindhilanguage.org/,Amar Fayaz Buriro (امر فياض ٻرڙو),Unite (v),Unite (v),HEADWORD_WITH_LABEL,HEADWORD_WITH_LABEL
slx_71714af57d00a58e,62129,Unlearn (v),,,English → Sindhi,وسارڻ، ياد ڪيل وساري ڇڏڻ,english,English → Sindhi,unlearn v,وسارڻ ياد ڪيل وساري ڇڏڻ,,SindhiLanguage.org,https://sindhilanguage.org/,Amar Fayaz Buriro (امر فياض ٻرڙو),Unlearn (v),Unlearn (v),HEADWORD_WITH_LABEL,HEADWORD_WITH_LABEL
slx_b150b655ccf44b62,62137,Unlink (v),,,English → Sindhi,ڪڙي ڪڙي جدا ڪرڻ، کولڻ، جدا ڪرڻ,english,English → Sindhi,unlink v,ڪڙي ڪڙي جدا ڪرڻ کولڻ جدا ڪرڻ,,SindhiLanguage.org,https://sindhilanguage.org/,Amar Fayaz Buriro (امر فياض ٻرڙو),Unlink (v),Unlink (v),HEADWORD_WITH_LABEL,HEADWORD_WITH_LABEL
slx_4df19aaafe014c80,62138,Unload (v),,,English → Sindhi,بار لاهڻ، هلڪو ڪرڻ,english,English → Sindhi,unload v,بار لاهڻ هلڪو ڪرڻ,,SindhiLanguage.org,https://sindhilanguage.org/,Amar Fayaz Buriro (امر فياض ٻرڙو),Unload (v),Unload (v),HEADWORD_WITH_LABEL,HEADWORD_WITH_LABEL
slx_109a7195cb30b037,62139,Unlock (v),,,English → Sindhi,تالو لاهڻ، کولڻ,english,English → Sindhi,unlock v,تالو لاهڻ کولڻ,,SindhiLanguage.org,https://sindhilanguage.org/,Amar Fayaz Buriro (امر فياض ٻرڙو),Unlock (v),Unlock (v),HEADWORD_WITH_LABEL,HEADWORD_WITH_LABEL
slx_3d478a79b452df56,62141,Unmake (v),,,English → Sindhi,مٽائڻ، ڊاهڻ، ڦٽائڻ,english,English → Sindhi,unmake v,مٽائڻ ڊاهڻ ڦٽائڻ,,SindhiLanguage.org,https://sindhilanguage.org/,Amar Fayaz Buriro (امر فياض ٻرڙو),Unmake (v),Unmake (v),HEADWORD_WITH_LABEL,HEADWORD_WITH_LABEL
slx_f96fa3212df0343e,62142,Unman (v),,,English → Sindhi,نامرد ڪرڻ، بي همٿ ڪرڻ,english,English → Sindhi,unman v,نامرد ڪرڻ بي همٿ ڪرڻ,,SindhiLanguage.org,https://sindhilanguage.org/,Amar Fayaz Buriro (امر فياض ٻرڙو),Unman (v),Unman (v),HEADWORD_WITH_LABEL,HEADWORD_WITH_LABEL
slx_6f1b5d40ccdecafe,62147,Unmask (v),,,English → Sindhi,وکا پڌرا ڪرڻ، قلعي کولڻ، ظاهر ڪرڻ,english,English → Sindhi,unmask v,وکا پڌرا ڪرڻ قلعي کولڻ ظاهر ڪرڻ,,SindhiLanguage.org,https://sindhilanguage.org/,Amar Fayaz Buriro (امر فياض ٻرڙو),Unmask (v),Unmask (v),HEADWORD_WITH_LABEL,HEADWORD_WITH_LABEL
slx_bacd9fbc0058680e,62178,Unpack (v),,,English → Sindhi,هڙ ڇوڙڻ، کولڻ، ڪڍڻ، لاهڻ,english,English → Sindhi,unpack v,هڙ ڇوڙڻ کولڻ ڪڍڻ لاهڻ,,SindhiLanguage.org,https://sindhilanguage.org/,Amar Fayaz Buriro (امر فياض ٻرڙو),Unpack (v),Unpack (v),HEADWORD_WITH_LABEL,HEADWORD_WITH_LABEL
slx_ed673d79647bc65e,62206,Wheedle (v),,,English → Sindhi,خوشامد ڪرڻ، چاپلوسي ڪرڻ، ڦسلائڻ، برغلائڻ,english,English → Sindhi,wheedle v,خوشامد ڪرڻ چاپلوسي ڪرڻ ڦسلائڻ برغلائڻ,,SindhiLanguage.org,https://sindhilanguage.org/,Amar Fayaz Buriro (امر فياض ٻرڙو),Wheedle (v),Wheedle (v),HEADWORD_WITH_LABEL,HEADWORD_WITH_LABEL
slx_60a475f8e49164e9,62208,(Potter’s wheel),,,English → Sindhi,مٽيءَ جي ٿانون ٺاهڻ جو چڪ,english,English → Sindhi,potter s wheel,مٽيء جي ٿانون ٺاهڻ جو چڪ,,SindhiLanguage.org,https://sindhilanguage.org/,Amar Fayaz Buriro (امر فياض ٻرڙو),(Potter’s wheel),(Potter’s wheel),PARENTHETICAL,PARENTHETICAL
slx_0a20fdc7fafe798f,62209,(Spinning wheel),,,English → Sindhi,ائٽ، چرخو,english,English → Sindhi,spinning wheel,ائٽ چرخو,,SindhiLanguage.org,https://sindhilanguage.org/,Amar Fayaz Buriro (امر فياض ٻرڙو),(Spinning wheel),(Spinning wheel),PARENTHETICAL,PARENTHETICAL
slx_fef1a5e3987d50a7,62212,Wheeze (v),,,English → Sindhi,آوازن سان ساهه کڻڻ، سهڪڻ,english,English → Sindhi,wheeze v,آوازن سان ساهه کڻڻ سهڪڻ,,SindhiLanguage.org,https://sindhilanguage.org/,Amar Fayaz Buriro (امر فياض ٻرڙو),Wheeze (v),Wheeze (v),HEADWORD_WITH_LABEL,HEADWORD_WITH_LABEL
slx_7a6ecb5e78fb23fa,62217,(Since when),,,English → Sindhi,ڪڏهن کان، ڪهڙي وقت کان,english,English → Sindhi,since when,ڪڏهن کان ڪهڙي وقت کان,,SindhiLanguage.org,https://sindhilanguage.org/,Amar Fayaz Buriro (امر فياض ٻرڙو),(Since when),(Since when),PARENTHETICAL,PARENTHETICAL
slx_05e3ed9d058bcb9e,62241,Whiffle (v),,,English → Sindhi,ڦوڪ ڏيئي وسائڻ، هوا سان اڏائڻ، منتشر ڪرڻ,english,English → Sindhi,whiffle v,ڦوڪ ڏيئي وسائڻ هوا سان اڏائڻ منتشر ڪرڻ,,SindhiLanguage.org,https://sindhilanguage.org/,Amar Fayaz Buriro (امر فياض ٻرڙو),Whiffle (v),Whiffle (v),HEADWORD_WITH_LABEL,HEADWORD_WITH_LABEL
slx_2315ee9e6cf27172,62244,(For a while),,,English → Sindhi,ٿوري تائين، ٿوري عرصي لاءِ,english,English → Sindhi,for a while,ٿوري تائين ٿوري عرصي لاء,,SindhiLanguage.org,https://sindhilanguage.org/,Amar Fayaz Buriro (امر فياض ٻرڙو),(For a while),(For a while),PARENTHETICAL,PARENTHETICAL
slx_917a5974104a124b,62247,While away (v),,,English → Sindhi,(مزي سان) وقت گذارڻ، آرام سان گذارڻ,english,English → Sindhi,while away v,مزي سان وقت گذارڻ آرام سان گذارڻ,,SindhiLanguage.org,https://sindhilanguage.org/,Amar Fayaz Buriro (امر فياض ٻرڙو),While away (v),While away (v),HEADWORD_WITH_LABEL,HEADWORD_WITH_LABEL
slx_fa485c90d2e9efe6,62250,Whimpher (v),,,English → Sindhi,ٻارن جيان روئڻ، ڪنجهڻ,english,English → Sindhi,whimpher v,ٻارن جيان روئڻ ڪنجهڻ,,SindhiLanguage.org,https://sindhilanguage.org/,Amar Fayaz Buriro (امر فياض ٻرڙو),Whimpher (v),Whimpher (v),HEADWORD_WITH_LABEL,HEADWORD_WITH_LABEL
slx_f5843988c2059e6d,62252,Whine (v),,,English → Sindhi,ڌيمي آواز سان روئڻ، ميڪڻ، جهيڻي آواز ۾ روئڻ,english,English → Sindhi,whine v,ڌيمي آواز سان روئڻ ميڪڻ جهيڻي آواز روئڻ,,SindhiLanguage.org,https://sindhilanguage.org/,Amar Fayaz Buriro (امر فياض ٻرڙو),Whine (v),Whine (v),HEADWORD_WITH_LABEL,HEADWORD_WITH_LABEL
slx_d82d5d7b3900fdd0,62256,Whip off (v),,,English → Sindhi,جهٽ هڻي کڻڻ,english,English → Sindhi,whip off v,جهٽ هڻي کڻڻ,,SindhiLanguage.org,https://sindhilanguage.org/,Amar Fayaz Buriro (امر فياض ٻرڙو),Whip off (v),Whip off (v),HEADWORD_WITH_LABEL,HEADWORD_WITH_LABEL
slx_f9cbb24f31482f8d,62257,Whip out (v),,,English → Sindhi,(پستول، تلوار وغيره) جهٽ ڪڍڻ,english,English → Sindhi,whip out v,پستول تلوار وغيره جهٽ ڪڍڻ,,SindhiLanguage.org,https://sindhilanguage.org/,Amar Fayaz Buriro (امر فياض ٻرڙو),Whip out (v),Whip out (v),HEADWORD_WITH_LABEL,HEADWORD_WITH_LABEL
slx_6a725de7471a306b,62259,Whir (v),,,English → Sindhi,ڀرڙاٽ ڪرڻ، رون رون ڪرڻ، ڀرڙائڻ,english,English → Sindhi,whir v,ڀرڙاٽ ڪرڻ رون رون ڪرڻ ڀرڙائڻ,,SindhiLanguage.org,https://sindhilanguage.org/,Amar Fayaz Buriro (امر فياض ٻرڙو),Whir (v),Whir (v),HEADWORD_WITH_LABEL,HEADWORD_WITH_LABEL
slx_397f342fbbfe8ecd,62260,Whirl (v),,,English → Sindhi,گهمڻ، گهمائڻ، ڦيرائڻ، ڀانئٽي,english,English → Sindhi,whirl v,گهمڻ گهمائڻ ڦيرائڻ ڀانئٽي,,SindhiLanguage.org,https://sindhilanguage.org/,Amar Fayaz Buriro (امر فياض ٻرڙو),Whirl (v),Whirl (v),HEADWORD_WITH_LABEL,HEADWORD_WITH_LABEL
slx_ba7178c5e5c696f5,62269,Whistle (v),,,English → Sindhi,سيٽي وڄائڻ، ڪوڪاٽ ڪرڻ,english,English → Sindhi,whistle v,سيٽي وڄائڻ ڪوڪاٽ ڪرڻ,,SindhiLanguage.org,https://sindhilanguage.org/,Amar Fayaz Buriro (امر فياض ٻرڙو),Whistle (v),Whistle (v),HEADWORD_WITH_LABEL,HEADWORD_WITH_LABEL
slx_970f98bfadab1c30,62281,Whiten (v),,,English → Sindhi,سفيد ڪرڻ، بگو ڪرڻ، اڇا ڪڍڻ,english,English → Sindhi,whiten v,سفيد ڪرڻ بگو ڪرڻ اڇا ڪڍڻ,,SindhiLanguage.org,https://sindhilanguage.org/,Amar Fayaz Buriro (امر فياض ٻرڙو),Whiten (v),Whiten (v),HEADWORD_WITH_LABEL,HEADWORD_WITH_LABEL
slx_63fdc99cd436d11b,62282,Whitten with age (v),,,English → Sindhi,اڇا (وار) ڪڍڻ، پريا ڪڍڻ، پريا اچڻ,english,English → Sindhi,whitten with age v,اڇا وار ڪڍڻ پريا ڪڍڻ پريا اچڻ,,SindhiLanguage.org,https://sindhilanguage.org/,Amar Fayaz Buriro (امر فياض ٻرڙو),Whitten with age (v),Whitten with age (v),HEADWORD_WITH_LABEL,HEADWORD_WITH_LABEL
slx_45bbdf238d961675,62283,White wash (v),,,English → Sindhi,لئي مٽي ڪرڻ، اڇي پوچي ڏيڻ,english,English → Sindhi,white wash v,لئي مٽي ڪرڻ اڇي پوچي ڏيڻ,,SindhiLanguage.org,https://sindhilanguage.org/,Amar Fayaz Buriro (امر فياض ٻرڙو),White wash (v),White wash (v),HEADWORD_WITH_LABEL,HEADWORD_WITH_LABEL
slx_a09568ba3624e49c,62290,Unravel (v),,,English → Sindhi,کولڻ، اکيلڻ، سمجهائڻ,english,English → Sindhi,unravel v,کولڻ اکيلڻ سمجهائڻ,,SindhiLanguage.org,https://sindhilanguage.org/,Amar Fayaz Buriro (امر فياض ٻرڙو),Unravel (v),Unravel (v),HEADWORD_WITH_LABEL,HEADWORD_WITH_LABEL
slx_82532f095a989a40,62306,Unrobe (v),,,English → Sindhi,لباس لاهڻ،ا گهاڙو ڪرڻ,english,English → Sindhi,unrobe v,لباس لاهڻ ا گهاڙو ڪرڻ,,SindhiLanguage.org,https://sindhilanguage.org/,Amar Fayaz Buriro (امر فياض ٻرڙو),Unrobe (v),Unrobe (v),HEADWORD_WITH_LABEL,HEADWORD_WITH_LABEL
slx_9ca87da0d7c12a5b,62307,Unroll (v),,,English → Sindhi,اکيلڻ، کولڻ، رجسٽر مان نالو ڪڍڻ,english,English → Sindhi,unroll v,اکيلڻ کولڻ رجسٽر مان نالو ڪڍڻ,,SindhiLanguage.org,https://sindhilanguage.org/,Amar Fayaz Buriro (امر فياض ٻرڙو),Unroll (v),Unroll (v),HEADWORD_WITH_LABEL,HEADWORD_WITH_LABEL
slx_ab14b0adf1a58e95,62314,Unsay (v),,,English → Sindhi,انڪار ڪرڻ، ڦري وڃڻ,english,English → Sindhi,unsay v,انڪار ڪرڻ ڦري وڃڻ,,SindhiLanguage.org,https://sindhilanguage.org/,Amar Fayaz Buriro (امر فياض ٻرڙو),Unsay (v),Unsay (v),HEADWORD_WITH_LABEL,HEADWORD_WITH_LABEL
slx_8ce91169fa2db260,62320,Unseat (v),,,English → Sindhi,ڪرسي يا عهدي تان لاهڻ,english,English → Sindhi,unseat v,ڪرسي يا عهدي تان لاهڻ,,SindhiLanguage.org,https://sindhilanguage.org/,Amar Fayaz Buriro (امر فياض ٻرڙو),Unseat (v),Unseat (v),HEADWORD_WITH_LABEL,HEADWORD_WITH_LABEL
slx_b8547ae0e784637a,62325,Unshackle (v),,,English → Sindhi,ٻيڙيون کولڻ، آزاد ڪرڻ,english,English → Sindhi,unshackle v,ٻيڙيون کولڻ آزاد ڪرڻ,,SindhiLanguage.org,https://sindhilanguage.org/,Amar Fayaz Buriro (امر فياض ٻرڙو),Unshackle (v),Unshackle (v),HEADWORD_WITH_LABEL,HEADWORD_WITH_LABEL
slx_5bc4ab4cad61cec2,62328,Unsheathe (v),,,English → Sindhi,مياڻ مان ترار ڪڍڻ,english,English → Sindhi,unsheathe v,مياڻ مان ترار ڪڍڻ,,SindhiLanguage.org,https://sindhilanguage.org/,Amar Fayaz Buriro (امر فياض ٻرڙو),Unsheathe (v),Unsheathe (v),HEADWORD_WITH_LABEL,HEADWORD_WITH_LABEL
slx_5f5bf2bfefb07012,62341,Unstring (v),,,English → Sindhi,اڳٺ يا هڙ ڇوڙڻ، ڌاڳو ڪڍڻ، ڍرو ڪرڻ,english,English → Sindhi,unstring v,اڳٺ يا هڙ ڇوڙڻ ڌاڳو ڪڍڻ ڍرو ڪرڻ,,SindhiLanguage.org,https://sindhilanguage.org/,Amar Fayaz Buriro (امر فياض ٻرڙو),Unstring (v),Unstring (v),HEADWORD_WITH_LABEL,HEADWORD_WITH_LABEL
slx_dc21359d614e0e43,62352,Untie (v),,,English → Sindhi,کولڻ، ڇوڙڻ، آزاد ڪرڻ,english,English → Sindhi,untie v,کولڻ ڇوڙڻ آزاد ڪرڻ,,SindhiLanguage.org,https://sindhilanguage.org/,Amar Fayaz Buriro (امر فياض ٻرڙو),Untie (v),Untie (v),HEADWORD_WITH_LABEL,HEADWORD_WITH_LABEL
slx_0bc71a99be2105b1,62363,Untune (v),,,English → Sindhi,بي تالو يا بي سرو ڪرڻ,english,English → Sindhi,untune v,بي تالو يا بي سرو ڪرڻ,,SindhiLanguage.org,https://sindhilanguage.org/,Amar Fayaz Buriro (امر فياض ٻرڙو),Untune (v),Untune (v),HEADWORD_WITH_LABEL,HEADWORD_WITH_LABEL
slx_34de94ebe1b907dd,62364,(To leave no stone unturned),,,English → Sindhi,سڀ هيلا يا وس هلائڻ,english,English → Sindhi,to leave no stone unturned,سڀ هيلا يا وس هلائڻ,,SindhiLanguage.org,https://sindhilanguage.org/,Amar Fayaz Buriro (امر فياض ٻرڙو),(To leave no stone unturned),(To leave no stone unturned),PARENTHETICAL,PARENTHETICAL
slx_e5cbaba2cee4e4f1,62366,Unveil (v),,,English → Sindhi,برقعو لاهڻ، کولڻ، ظاهر ڪرڻ,english,English → Sindhi,unveil v,برقعو لاهڻ کولڻ ظاهر ڪرڻ,,SindhiLanguage.org,https://sindhilanguage.org/,Amar Fayaz Buriro (امر فياض ٻرڙو),Unveil (v),Unveil (v),HEADWORD_WITH_LABEL,HEADWORD_WITH_LABEL
slx_d7048d02739bae99,62385,Unyoke (v),,,English → Sindhi,غلاميءَ مان آزاد ڪرڻ، جدا ڪرڻ,english,English → Sindhi,unyoke v,غلاميء مان آزاد ڪرڻ جدا ڪرڻ,,SindhiLanguage.org,https://sindhilanguage.org/,Amar Fayaz Buriro (امر فياض ٻرڙو),Unyoke (v),Unyoke (v),HEADWORD_WITH_LABEL,HEADWORD_WITH_LABEL
slx_d599c04cd68d354e,62391,Upbraid (v),,,English → Sindhi,تهمت مڙهڻ، ڏوراپو ڏيڻ، ڇنڊ ڪڍڻ، ڌڪارڻ,english,English → Sindhi,upbraid v,تهمت مڙهڻ ڏوراپو ڏيڻ ڇنڊ ڪڍڻ ڌڪارڻ,,SindhiLanguage.org,https://sindhilanguage.org/,Amar Fayaz Buriro (امر فياض ٻرڙو),Upbraid (v),Upbraid (v),HEADWORD_WITH_LABEL,HEADWORD_WITH_LABEL
slx_9a06e0b105755ecb,62397,Uphold (v),,,English → Sindhi,سنڀالڻ، کڻڻ، جهلڻ، مدد ڪرڻ، جاري رکڻ,english,English → Sindhi,uphold v,سنڀالڻ کڻڻ جهلڻ مدد ڪرڻ جاري رکڻ,,SindhiLanguage.org,https://sindhilanguage.org/,Amar Fayaz Buriro (امر فياض ٻرڙو),Uphold (v),Uphold (v),HEADWORD_WITH_LABEL,HEADWORD_WITH_LABEL
slx_07ca7e2d2028fe74,62401,Uplift (v),,,English → Sindhi,مٿي ڪرڻ، کڻڻ، سڌارو,english,English → Sindhi,uplift v,مٿي ڪرڻ کڻڻ سڌارو,,SindhiLanguage.org,https://sindhilanguage.org/,Amar Fayaz Buriro (امر فياض ٻرڙو),Uplift (v),Uplift (v),HEADWORD_WITH_LABEL,HEADWORD_WITH_LABEL
slx_554f89709c3b716b,62408,Uprise (v),,,English → Sindhi,اُڀرڻ، اُٿڻ,english,English → Sindhi,uprise v,اڀرڻ اٿڻ,,SindhiLanguage.org,https://sindhilanguage.org/,Amar Fayaz Buriro (امر فياض ٻرڙو),Uprise (v),Uprise (v),HEADWORD_WITH_LABEL,HEADWORD_WITH_LABEL
slx_dcaecd7e9c38684b,62412,Uproot (v),,,English → Sindhi,پاڙون پٽڻ، بنياد ڊاهڻ,english,English → Sindhi,uproot v,پاڙون پٽڻ بنياد ڊاهڻ,,SindhiLanguage.org,https://sindhilanguage.org/,Amar Fayaz Buriro (امر فياض ٻرڙو),Uproot (v),Uproot (v),HEADWORD_WITH_LABEL,HEADWORD_WITH_LABEL
slx_9fa53d062601b431,62413,Upset (v),,,English → Sindhi,انڌو ڪرڻ، ڊاهڻ، هيٺ مٿي ڪرڻ,english,English → Sindhi,upset v,انڌو ڪرڻ ڊاهڻ هيٺ مٿي ڪرڻ,,SindhiLanguage.org,https://sindhilanguage.org/,Amar Fayaz Buriro (امر فياض ٻرڙو),Upset (v),Upset (v),HEADWORD_WITH_LABEL,HEADWORD_WITH_LABEL
slx_aa54fd5b727a63ef,62428,Urge (v),,,English → Sindhi,لاچار ڪرڻ، زور رکڻ، ليلائڻ، تاڪيد ڪرڻ,english,English → Sindhi,urge v,لاچار ڪرڻ زور رکڻ ليلائڻ تاڪيد ڪرڻ,,SindhiLanguage.org,https://sindhilanguage.org/,Amar Fayaz Buriro (امر فياض ٻرڙو),Urge (v),Urge (v),HEADWORD_WITH_LABEL,HEADWORD_WITH_LABEL
slx_c3f0f75e52aecbd4,62440,(Family usage),,,English → Sindhi,خانداني رسم يا رواج,english,English → Sindhi,family usage,خانداني رسم يا رواج,,SindhiLanguage.org,https://sindhilanguage.org/,Amar Fayaz Buriro (امر فياض ٻرڙو),(Family usage),(Family usage),PARENTHETICAL,PARENTHETICAL
slx_d00c7f1dd76b304d,62443,(To come into use),,,English → Sindhi,ڪم ۾ آڻڻ، واپرائڻ,english,English → Sindhi,to come into use,ڪم آڻڻ واپرائڻ,,SindhiLanguage.org,https://sindhilanguage.org/,Amar Fayaz Buriro (امر فياض ٻرڙو),(To come into use),(To come into use),PARENTHETICAL,PARENTHETICAL
slx_aba5309b305b4537,62444,(In use),,,English → Sindhi,استعمال ۾، رواج ۾، مروج,english,English → Sindhi,in use,استعمال رواج مروج,,SindhiLanguage.org,https://sindhilanguage.org/,Amar Fayaz Buriro (امر فياض ٻرڙو),(In use),(In use),PARENTHETICAL,PARENTHETICAL
slx_49bef267af170504,62445,(To make use of),,,English → Sindhi,ڪم آڻڻ، ڪتب آڻڻ,english,English → Sindhi,to make use of,ڪم آڻڻ ڪتب آڻڻ,,SindhiLanguage.org,https://sindhilanguage.org/,Amar Fayaz Buriro (امر فياض ٻرڙو),(To make use of),(To make use of),PARENTHETICAL,PARENTHETICAL
slx_8db799ae3c47d581,62446,(Of no use),,,English → Sindhi,نڪمو، ردي,english,English → Sindhi,of no use,نڪمو ردي,,SindhiLanguage.org,https://sindhilanguage.org/,Amar Fayaz Buriro (امر فياض ٻرڙو),(Of no use),(Of no use),PARENTHETICAL,PARENTHETICAL
slx_75e91d1e8263895c,62447,(Of use),,,English → Sindhi,ڪمائتو,english,English → Sindhi,of use,ڪمائتو,,SindhiLanguage.org,https://sindhilanguage.org/,Amar Fayaz Buriro (امر فياض ٻرڙو),(Of use),(Of use),PARENTHETICAL,PARENTHETICAL
slx_86d3f5378d8b7015,62448,(Out of use),,,English → Sindhi,رواج کان خارج,english,English → Sindhi,out of use,رواج کان خارج,,SindhiLanguage.org,https://sindhilanguage.org/,Amar Fayaz Buriro (امر فياض ٻرڙو),(Out of use),(Out of use),PARENTHETICAL,PARENTHETICAL
slx_84f8fb70e9d7cc9a,62449,Use (v),,,English → Sindhi,ڪم آڻڻ، واپرائڻ، سلوڪ ڪرڻ، خرچ ڪرڻ عادت ڪرڻ,english,English → Sindhi,use v,ڪم آڻڻ واپرائڻ سلوڪ ڪرڻ خرچ ڪرڻ عادت ڪرڻ,,SindhiLanguage.org,https://sindhilanguage.org/,Amar Fayaz Buriro (امر فياض ٻرڙو),Use (v),Use (v),HEADWORD_WITH_LABEL,HEADWORD_WITH_LABEL
slx_912724ad3e28cf1a,62450,(To use up),,,English → Sindhi,واپرائي ڇڏڻ، کائي کپائي ڇڏڻ,english,English → Sindhi,to use up,واپرائي ڇڏڻ کائي کپائي ڇڏڻ,,SindhiLanguage.org,https://sindhilanguage.org/,Amar Fayaz Buriro (امر فياض ٻرڙو),(To use up),(To use up),PARENTHETICAL,PARENTHETICAL
slx_85377f2bb72314dc,62465,Usurp (v),,,English → Sindhi,زبردستيءَ سان وٺڻ، دٻائڻ، غصب ڪري,english,English → Sindhi,usurp v,زبردستيء سان وٺڻ دٻائڻ غصب ڪري,,SindhiLanguage.org,https://sindhilanguage.org/,Amar Fayaz Buriro (امر فياض ٻرڙو),Usurp (v),Usurp (v),HEADWORD_WITH_LABEL,HEADWORD_WITH_LABEL
slx_3af3cefc65f963c3,62475,(To do one’s utmost),,,English → Sindhi,حتي المقدور ڪوشش ڪرڻ، وسون نه گهٽائڻ,english,English → Sindhi,to do one s utmost,حتي المقدور ڪوشش ڪرڻ وسون نه گهٽائڻ,,SindhiLanguage.org,https://sindhilanguage.org/,Amar Fayaz Buriro (امر فياض ٻرڙو),(To do one’s utmost),(To do one’s utmost),PARENTHETICAL,PARENTHETICAL
slx_b0412c7878e603ee,62491,Vacate (v),,,English → Sindhi,خالي ڪرڻ، ڇڏي وڃڻ,english,English → Sindhi,vacate v,خالي ڪرڻ ڇڏي وڃڻ,,SindhiLanguage.org,https://sindhilanguage.org/,Amar Fayaz Buriro (امر فياض ٻرڙو),Vacate (v),Vacate (v),HEADWORD_WITH_LABEL,HEADWORD_WITH_LABEL
slx_169e9d2f966dcd8d,62494,Vaccinate (v),,,English → Sindhi,ٽڪا لڳائڻ,english,English → Sindhi,vaccinate v,ٽڪا لڳائڻ,,SindhiLanguage.org,https://sindhilanguage.org/,Amar Fayaz Buriro (امر فياض ٻرڙو),Vaccinate (v),Vaccinate (v),HEADWORD_WITH_LABEL,HEADWORD_WITH_LABEL
slx_f1b0e6b1ab38830e,62503,Vacuate (v),,,English → Sindhi,خالي ڪرڻ,english,English → Sindhi,vacuate v,خالي ڪرڻ,,SindhiLanguage.org,https://sindhilanguage.org/,Amar Fayaz Buriro (امر فياض ٻرڙو),Vacuate (v),Vacuate (v),HEADWORD_WITH_LABEL,HEADWORD_WITH_LABEL
slx_578e4cd2a1f0e867,62511,Vagaboundise (v),,,English → Sindhi,آواره گرد وانگر رلڻ,english,English → Sindhi,vagaboundise v,آواره گرد وانگر رلڻ,,SindhiLanguage.org,https://sindhilanguage.org/,Amar Fayaz Buriro (امر فياض ٻرڙو),Vagaboundise (v),Vagaboundise (v),HEADWORD_WITH_LABEL,HEADWORD_WITH_LABEL
slx_58cc62f4d973e322,62546,Vanish (v),,,English → Sindhi,نظر کان غائب ٿي وڃڻ، گم ٿي وڃڻ,english,English → Sindhi,vanish v,نظر کان غائب ٿي وڃڻ گم ٿي وڃڻ,,SindhiLanguage.org,https://sindhilanguage.org/,Amar Fayaz Buriro (امر فياض ٻرڙو),Vanish (v),Vanish (v),HEADWORD_WITH_LABEL,HEADWORD_WITH_LABEL
slx_56f17c8cdb3c4655,62548,Vanquish (v),,,English → Sindhi,جيتڻ، فتح پائڻ، زير ڪرڻ، غالب پوڻ,english,English → Sindhi,vanquish v,جيتڻ فتح پائڻ زير ڪرڻ غالب پوڻ,,SindhiLanguage.org,https://sindhilanguage.org/,Amar Fayaz Buriro (امر فياض ٻرڙو),Vanquish (v),Vanquish (v),HEADWORD_WITH_LABEL,HEADWORD_WITH_LABEL
slx_a1491e22a5405312,62552,Vaporize (v),,,English → Sindhi,ٻاڦ ڪرڻ,english,English → Sindhi,vaporize v,ٻاڦ ڪرڻ,,SindhiLanguage.org,https://sindhilanguage.org/,Amar Fayaz Buriro (امر فياض ٻرڙو),Vaporize (v),Vaporize (v),HEADWORD_WITH_LABEL,HEADWORD_WITH_LABEL
slx_fa95c558af283acd,62571,Vary (v),,,English → Sindhi,تبديل ڪرڻ، اختلاف ڪرڻ، بدلائڻ سدلائڻ,english,English → Sindhi,vary v,تبديل ڪرڻ اختلاف ڪرڻ بدلائڻ سدلائڻ,,SindhiLanguage.org,https://sindhilanguage.org/,Amar Fayaz Buriro (امر فياض ٻرڙو),Vary (v),Vary (v),HEADWORD_WITH_LABEL,HEADWORD_WITH_LABEL
slx_73e670ba77a2c3e8,62593,Vegetate (v),,,English → Sindhi,اڀرڻ، ڄمڻ، بي مقصد حياتيءَ جا ڏينهن گذارڻ,english,English → Sindhi,vegetate v,اڀرڻ ڄمڻ بي مقصد حياتيء جا ڏينهن گذارڻ,,SindhiLanguage.org,https://sindhilanguage.org/,Amar Fayaz Buriro (امر فياض ٻرڙو),Vegetate (v),Vegetate (v),HEADWORD_WITH_LABEL,HEADWORD_WITH_LABEL
slx_759e5a0308ff7a0e,62602,Vehiculate (v),,,English → Sindhi,گاڏيءَ ۾ سواري ڪرڻ,english,English → Sindhi,vehiculate v,گاڏيء سواري ڪرڻ,,SindhiLanguage.org,https://sindhilanguage.org/,Amar Fayaz Buriro (امر فياض ٻرڙو),Vehiculate (v),Vehiculate (v),HEADWORD_WITH_LABEL,HEADWORD_WITH_LABEL
slx_5201336d0c3ce50e,62607,(Take the veil),,,English → Sindhi,راهبه ٿيڻ,english,English → Sindhi,take the veil,راهبه ٿيڻ,,SindhiLanguage.org,https://sindhilanguage.org/,Amar Fayaz Buriro (امر فياض ٻرڙو),(Take the veil),(Take the veil),PARENTHETICAL,PARENTHETICAL
slx_c54894dffc74e0d0,62623,Vend (v),,,English → Sindhi,وڪڻڻ، فروخت ڪرڻ,english,English → Sindhi,vend v,وڪڻڻ فروخت ڪرڻ,,SindhiLanguage.org,https://sindhilanguage.org/,Amar Fayaz Buriro (امر فياض ٻرڙو),Vend (v),Vend (v),HEADWORD_WITH_LABEL,HEADWORD_WITH_LABEL
slx_7400d9c312b24492,62641,Vent (n & v),,,English → Sindhi,سوراخ، هوا وغيره ٻاهر ڪڍڻ جو رستو، چمني جو منهن ٻاهر ڪڍڻ,english,English → Sindhi,vent n v,سوراخ هوا وغيره ٻاهر ڪڍڻ جو رستو چمني جو منهن ٻاهر ڪڍڻ,,SindhiLanguage.org,https://sindhilanguage.org/,Amar Fayaz Buriro (امر فياض ٻرڙو),Vent (n & v),Vent (n & v),HEADWORD_WITH_LABEL,HEADWORD_WITH_LABEL
slx_1591fad44d45a98b,62650,Venture (n),,,English → Sindhi,قسمت آزمائي، خطرو، جوکي جو ڪم,english,English → Sindhi,venture n,قسمت آزمائي خطرو جوکي جو ڪم,,SindhiLanguage.org,https://sindhilanguage.org/,Amar Fayaz Buriro (امر فياض ٻرڙو),Venture (n),Venture (n),HEADWORD_WITH_LABEL,HEADWORD_WITH_LABEL
slx_9e750ebec47c0e9d,62651,Venture (v),,,English → Sindhi,همٿ ڪرڻ، دليري ڪرڻ، قسمت آزمائي,english,English → Sindhi,venture v,همٿ ڪرڻ دليري ڪرڻ قسمت آزمائي,,SindhiLanguage.org,https://sindhilanguage.org/,Amar Fayaz Buriro (امر فياض ٻرڙو),Venture (v),Venture (v),HEADWORD_WITH_LABEL,HEADWORD_WITH_LABEL
slx_fa105798b532564e,62673,Verify (v),,,English → Sindhi,تصديق ڪرڻ، چڪاس ڪرڻ، ثابت ڪرڻ,english,English → Sindhi,verify v,تصديق ڪرڻ چڪاس ڪرڻ ثابت ڪرڻ,,SindhiLanguage.org,https://sindhilanguage.org/,Amar Fayaz Buriro (امر فياض ٻرڙو),Verify (v),Verify (v),HEADWORD_WITH_LABEL,HEADWORD_WITH_LABEL
slx_b4f4ef2ecd731742,62696,Versify (v),,,English → Sindhi,نظم ۾ بيان ڪرڻ، شعر ۾ ادا ڪرڻ,english,English → Sindhi,versify v,نظم بيان ڪرڻ شعر ادا ڪرڻ,,SindhiLanguage.org,https://sindhilanguage.org/,Amar Fayaz Buriro (امر فياض ٻرڙو),Versify (v),Versify (v),HEADWORD_WITH_LABEL,HEADWORD_WITH_LABEL
slx_26b1c1079709bd60,62717,Vesicate (v),,,English → Sindhi,ڦوڪڻو يا ڦوڦينڊو نڪرڻ,english,English → Sindhi,vesicate v,ڦوڪڻو يا ڦوڦينڊو نڪرڻ,,SindhiLanguage.org,https://sindhilanguage.org/,Amar Fayaz Buriro (امر فياض ٻرڙو),Vesicate (v),Vesicate (v),HEADWORD_WITH_LABEL,HEADWORD_WITH_LABEL
slx_5c64b7b0cb01e19a,62734,Vex (v),,,English → Sindhi,دق ڪرڻ، کپائڻ، چيڙائڻ، پريشان ڪرڻ,english,English → Sindhi,vex v,دق ڪرڻ کپائڻ چيڙائڻ پريشان ڪرڻ,,SindhiLanguage.org,https://sindhilanguage.org/,Amar Fayaz Buriro (امر فياض ٻرڙو),Vex (v),Vex (v),HEADWORD_WITH_LABEL,HEADWORD_WITH_LABEL
slx_07bbbec966851222,62764,Vie (v),,,English → Sindhi,ڪلهو هڻڻ، برابري ڪرڻ,english,English → Sindhi,vie v,ڪلهو هڻڻ برابري ڪرڻ,,SindhiLanguage.org,https://sindhilanguage.org/,Amar Fayaz Buriro (امر فياض ٻرڙو),Vie (v),Vie (v),HEADWORD_WITH_LABEL,HEADWORD_WITH_LABEL
slx_8a77eafa28552337,62765,View (v & n),,,English → Sindhi,جاچڻ، غور ڪرڻ، ملاحظه ڪرڻ (نگاه، نظارو),english,English → Sindhi,view v n,جاچڻ غور ڪرڻ ملاحظه ڪرڻ نگاه نظارو,,SindhiLanguage.org,https://sindhilanguage.org/,Amar Fayaz Buriro (امر فياض ٻرڙو),View (v & n),View (v & n),HEADWORD_WITH_LABEL,HEADWORD_WITH_LABEL
slx_3df27c377a212ca1,62773,Vilify (v),,,English → Sindhi,ذليل ڪرڻ، بي عزت ڪرڻ، بدنام ڪرڻ,english,English → Sindhi,vilify v,ذليل ڪرڻ بي عزت ڪرڻ بدنام ڪرڻ,,SindhiLanguage.org,https://sindhilanguage.org/,Amar Fayaz Buriro (امر فياض ٻرڙو),Vilify (v),Vilify (v),HEADWORD_WITH_LABEL,HEADWORD_WITH_LABEL
slx_281332250cdaf13e,62782,Vindicate (v),,,English → Sindhi,ثابت ڪرڻ، سچو ثابت ڪرڻ، قائم رهڻ، حمايت ڪرڻ,english,English → Sindhi,vindicate v,ثابت ڪرڻ سچو ثابت ڪرڻ قائم رهڻ حمايت ڪرڻ,,SindhiLanguage.org,https://sindhilanguage.org/,Amar Fayaz Buriro (امر فياض ٻرڙو),Vindicate (v),Vindicate (v),HEADWORD_WITH_LABEL,HEADWORD_WITH_LABEL
slx_598539d7cb3054e5,62801,(Do violence to),,,English → Sindhi,زخمي ڪرڻ، ايذاءُ پهچائڻ,english,English → Sindhi,do violence to,زخمي ڪرڻ ايذاء پهچائڻ,,SindhiLanguage.org,https://sindhilanguage.org/,Amar Fayaz Buriro (امر فياض ٻرڙو),(Do violence to),(Do violence to),PARENTHETICAL,PARENTHETICAL
slx_a486e3af68099032,62837,Visit (v & n),,,English → Sindhi,ملاقات ڪرڻ، معائنو ڪرڻ (ملاقات، گڏجاڻي، معائنو),english,English → Sindhi,visit v n,ملاقات ڪرڻ معائنو ڪرڻ ملاقات گڏجاڻي معائنو,,SindhiLanguage.org,https://sindhilanguage.org/,Amar Fayaz Buriro (امر فياض ٻرڙو),Visit (v & n),Visit (v & n),HEADWORD_WITH_LABEL,HEADWORD_WITH_LABEL
slx_32c961db7b74f08d,62848,Vitiate (v),,,English → Sindhi,کارڻ، بگاڙڻ، ناقص ڪرڻ، خراب ڪرڻ,english,English → Sindhi,vitiate v,کارڻ بگاڙڻ ناقص ڪرڻ خراب ڪرڻ,,SindhiLanguage.org,https://sindhilanguage.org/,Amar Fayaz Buriro (امر فياض ٻرڙو),Vitiate (v),Vitiate (v),HEADWORD_WITH_LABEL,HEADWORD_WITH_LABEL
slx_85a3b6f63f01c6e7,62850,Vitrify (v),,,English → Sindhi,شيشا ٺاهڻ، ڪانچ ٺاهڻ,english,English → Sindhi,vitrify v,شيشا ٺاهڻ ڪانچ ٺاهڻ,,SindhiLanguage.org,https://sindhilanguage.org/,Amar Fayaz Buriro (امر فياض ٻرڙو),Vitrify (v),Vitrify (v),HEADWORD_WITH_LABEL,HEADWORD_WITH_LABEL
slx_52df82c06ac1a265,62853,Vituperate (v),,,English → Sindhi,ملاقات ڪرڻ، طعنه ڏيڻ، بدنام ڪرڻ، گاريون ڏيڻ,english,English → Sindhi,vituperate v,ملاقات ڪرڻ طعنه ڏيڻ بدنام ڪرڻ گاريون ڏيڻ,,SindhiLanguage.org,https://sindhilanguage.org/,Amar Fayaz Buriro (امر فياض ٻرڙو),Vituperate (v),Vituperate (v),HEADWORD_WITH_LABEL,HEADWORD_WITH_LABEL
slx_eaf3776e7c1a93cc,62864,Vivify (v),,,English → Sindhi,چٽو ڪرڻ، عيان ڪرڻ، زنده ڪرڻ,english,English → Sindhi,vivify v,چٽو ڪرڻ عيان ڪرڻ زنده ڪرڻ,,SindhiLanguage.org,https://sindhilanguage.org/,Amar Fayaz Buriro (امر فياض ٻرڙو),Vivify (v),Vivify (v),HEADWORD_WITH_LABEL,HEADWORD_WITH_LABEL
slx_ad95a8f5bc3e2dba,62879,Vociferate (v),,,English → Sindhi,رڙيون ڪرڻ، شور مچائڻ، واڪا ڪرڻ,english,English → Sindhi,vociferate v,رڙيون ڪرڻ شور مچائڻ واڪا ڪرڻ,,SindhiLanguage.org,https://sindhilanguage.org/,Amar Fayaz Buriro (امر فياض ٻرڙو),Vociferate (v),Vociferate (v),HEADWORD_WITH_LABEL,HEADWORD_WITH_LABEL
slx_6d4f894e24f29cd2,62912,Volve (v),,,English → Sindhi,ڦيرائڻ، خيال ڪرڻ,english,English → Sindhi,volve v,ڦيرائڻ خيال ڪرڻ,,SindhiLanguage.org,https://sindhilanguage.org/,Amar Fayaz Buriro (امر فياض ٻرڙو),Volve (v),Volve (v),HEADWORD_WITH_LABEL,HEADWORD_WITH_LABEL
slx_a91afa0b0b7dcb77,62914,Vomit (v),,,English → Sindhi,قي ڪرڻ، اُلٽي ڪرڻ، ڪڍي ڇڏڻ,english,English → Sindhi,vomit v,قي ڪرڻ الٽي ڪرڻ ڪڍي ڇڏڻ,,SindhiLanguage.org,https://sindhilanguage.org/,Amar Fayaz Buriro (امر فياض ٻرڙو),Vomit (v),Vomit (v),HEADWORD_WITH_LABEL,HEADWORD_WITH_LABEL
slx_bfc61fc8f5d9575c,62927,Vouch (v),,,English → Sindhi,شاهديءَ لاءِ سڏڻ، تصديق ڪرڻ، شاهدي ڏيڻ,english,English → Sindhi,vouch v,شاهديء لاء سڏڻ تصديق ڪرڻ شاهدي ڏيڻ,,SindhiLanguage.org,https://sindhilanguage.org/,Amar Fayaz Buriro (امر فياض ٻرڙو),Vouch (v),Vouch (v),HEADWORD_WITH_LABEL,HEADWORD_WITH_LABEL
slx_5e4e04c99c5478a4,62942,Vulgarise (v),,,English → Sindhi,عام ڪرڻ، ڄٽڪو بنائڻ,english,English → Sindhi,vulgarise v,عام ڪرڻ ڄٽڪو بنائڻ,,SindhiLanguage.org,https://sindhilanguage.org/,Amar Fayaz Buriro (امر فياض ٻرڙو),Vulgarise (v),Vulgarise (v),HEADWORD_WITH_LABEL,HEADWORD_WITH_LABEL
slx_684c0c68d215645e,62956,Vying (pr.p of ire),,,English → Sindhi,مقابلو يا برابري ڪرڻ,english,English → Sindhi,vying pr p of ire,مقابلو يا برابري ڪرڻ,,SindhiLanguage.org,https://sindhilanguage.org/,Amar Fayaz Buriro (امر فياض ٻرڙو),Vying (pr.p of ire),Vying (pr.p of ire),HEADWORD_WITH_LABEL,HEADWORD_WITH_LABEL
slx_051b5a5cbc0496d3,62958,Wabble (v),,,English → Sindhi,جهولڻ، لڏڻ لمڻ، جهولندو هلڻ، ٿڙڪڻ,english,English → Sindhi,wabble v,جهولڻ لڏڻ لمڻ جهولندو هلڻ ٿڙڪڻ,,SindhiLanguage.org,https://sindhilanguage.org/,Amar Fayaz Buriro (امر فياض ٻرڙو),Wabble (v),Wabble (v),HEADWORD_WITH_LABEL,HEADWORD_WITH_LABEL
slx_15050b60e39667bf,62961,Waddle (v),,,English → Sindhi,جهولندو جهومندو هلڻ، جهولڻ,english,English → Sindhi,waddle v,جهولندو جهومندو هلڻ جهولڻ,,SindhiLanguage.org,https://sindhilanguage.org/,Amar Fayaz Buriro (امر فياض ٻرڙو),Waddle (v),Waddle (v),HEADWORD_WITH_LABEL,HEADWORD_WITH_LABEL
slx_25458aed759c1061,62962,Wade (v),,,English → Sindhi,پاڻيءَ مان جهاڳڻ، تڪليف سان گذرڻ,english,English → Sindhi,wade v,پاڻيء مان جهاڳڻ تڪليف سان گذرڻ,,SindhiLanguage.org,https://sindhilanguage.org/,Amar Fayaz Buriro (امر فياض ٻرڙو),Wade (v),Wade (v),HEADWORD_WITH_LABEL,HEADWORD_WITH_LABEL
slx_004614772dbab617,62964,Waft (v),,,English → Sindhi,وهائي وڃڻ، ترڻ، اشارو ڪرڻ,english,English → Sindhi,waft v,وهائي وڃڻ ترڻ اشارو ڪرڻ,,SindhiLanguage.org,https://sindhilanguage.org/,Amar Fayaz Buriro (امر فياض ٻرڙو),Waft (v),Waft (v),HEADWORD_WITH_LABEL,HEADWORD_WITH_LABEL
slx_52ac799d74d34ca0,62968,Wage (v),,,English → Sindhi,روز، پورهيو، اختيار ڪرڻ، داءُ لڳائڻ,english,English → Sindhi,wage v,روز پورهيو اختيار ڪرڻ داء لڳائڻ,,SindhiLanguage.org,https://sindhilanguage.org/,Amar Fayaz Buriro (امر فياض ٻرڙو),Wage (v),Wage (v),HEADWORD_WITH_LABEL,HEADWORD_WITH_LABEL
slx_ceebfb05a7c8de52,62969,(To wage war),,,English → Sindhi,جنگ ڪرڻ، وڙهڻ,english,English → Sindhi,to wage war,جنگ ڪرڻ وڙهڻ,,SindhiLanguage.org,https://sindhilanguage.org/,Amar Fayaz Buriro (امر فياض ٻرڙو),(To wage war),(To wage war),PARENTHETICAL,PARENTHETICAL
slx_290a5be5bf4a291b,62970,Wager (v),,,English → Sindhi,بازي، داءُ، شرط، داءُ ٻڌڻ، شرط رکڻ,english,English → Sindhi,wager v,بازي داء شرط داء ٻڌڻ شرط رکڻ,,SindhiLanguage.org,https://sindhilanguage.org/,Amar Fayaz Buriro (امر فياض ٻرڙو),Wager (v),Wager (v),HEADWORD_WITH_LABEL,HEADWORD_WITH_LABEL
slx_e98ff1f40ea442f2,62974,Waggle (v),,,English → Sindhi,لوڏڻ، لڏڻ، جهولڻ,english,English → Sindhi,waggle v,لوڏڻ لڏڻ جهولڻ,,SindhiLanguage.org,https://sindhilanguage.org/,Amar Fayaz Buriro (امر فياض ٻرڙو),Waggle (v),Waggle (v),HEADWORD_WITH_LABEL,HEADWORD_WITH_LABEL
slx_69587937490c221f,62977,Wail (v),,,English → Sindhi,روئڻ پٽڻ، ماتم ڪرڻ، پار ڪڍڻ,english,English → Sindhi,wail v,روئڻ پٽڻ ماتم ڪرڻ پار ڪڍڻ,,SindhiLanguage.org,https://sindhilanguage.org/,Amar Fayaz Buriro (امر فياض ٻرڙو),Wail (v),Wail (v),HEADWORD_WITH_LABEL,HEADWORD_WITH_LABEL
slx_db93c3d491208451,62983,Wait (v),,,English → Sindhi,ترسڻ، انتظار ڪرڻ، نوڪري ڪرڻ,english,English → Sindhi,wait v,ترسڻ انتظار ڪرڻ نوڪري ڪرڻ,,SindhiLanguage.org,https://sindhilanguage.org/,Amar Fayaz Buriro (امر فياض ٻرڙو),Wait (v),Wait (v),HEADWORD_WITH_LABEL,HEADWORD_WITH_LABEL
slx_72464e8b12be0aab,62984,(To wait on or upon),,,English → Sindhi,خدمت ۾ حاضر رهڻ، ملڻ، ملاقات ڪرڻ,english,English → Sindhi,to wait on or upon,خدمت حاضر رهڻ ملڻ ملاقات ڪرڻ,,SindhiLanguage.org,https://sindhilanguage.org/,Amar Fayaz Buriro (امر فياض ٻرڙو),(To wait on or upon),(To wait on or upon),PARENTHETICAL,PARENTHETICAL
slx_01432ad008c2d413,62985,(To lie in wait),,,English → Sindhi,ڇپ ماري وهڻ، لڪي وهڻ,english,English → Sindhi,to lie in wait,ڇپ ماري وهڻ لڪي وهڻ,,SindhiLanguage.org,https://sindhilanguage.org/,Amar Fayaz Buriro (امر فياض ٻرڙو),(To lie in wait),(To lie in wait),PARENTHETICAL,PARENTHETICAL
slx_1cc22ace36b27a14,62986,(To wait upon one’s memory),,,English → Sindhi,ياد ڪرڻ جي ڪوشش ڪرڻ,english,English → Sindhi,to wait upon one s memory,ياد ڪرڻ جي ڪوشش ڪرڻ,,SindhiLanguage.org,https://sindhilanguage.org/,Amar Fayaz Buriro (امر فياض ٻرڙو),(To wait upon one’s memory),(To wait upon one’s memory),PARENTHETICAL,PARENTHETICAL
slx_d873c262e5dc50f6,62990,Waive (v),,,English → Sindhi,دست بردار ٿيڻ، ڇڏڻ، هٿ کڻڻ,english,English → Sindhi,waive v,دست بردار ٿيڻ ڇڏڻ هٿ کڻڻ,,SindhiLanguage.org,https://sindhilanguage.org/,Amar Fayaz Buriro (امر فياض ٻرڙو),Waive (v),Waive (v),HEADWORD_WITH_LABEL,HEADWORD_WITH_LABEL
slx_5dc6eb791d1441e8,62991,Wake (v),,,English → Sindhi,جاڳڻ، جاڳائڻ، اُٿڻ، اوجاڳو، حرڪت ۾ آڻڻ,english,English → Sindhi,wake v,جاڳڻ جاڳائڻ اٿڻ اوجاڳو حرڪت آڻڻ,,SindhiLanguage.org,https://sindhilanguage.org/,Amar Fayaz Buriro (امر فياض ٻرڙو),Wake (v),Wake (v),HEADWORD_WITH_LABEL,HEADWORD_WITH_LABEL
slx_39093d16423df364,62994,Waken (v),,,English → Sindhi,جاڳائڻ، حرڪت ۾ آڻڻ,english,English → Sindhi,waken v,جاڳائڻ حرڪت آڻڻ,,SindhiLanguage.org,https://sindhilanguage.org/,Amar Fayaz Buriro (امر فياض ٻرڙو),Waken (v),Waken (v),HEADWORD_WITH_LABEL,HEADWORD_WITH_LABEL
slx_1bbeebf32cf6fa4d,62996,Walk (v),,,English → Sindhi,هلڻ، گهمڻ، گهمائڻ، هوا خوري ڪرڻ,english,English → Sindhi,walk v,هلڻ گهمڻ گهمائڻ هوا خوري ڪرڻ,,SindhiLanguage.org,https://sindhilanguage.org/,Amar Fayaz Buriro (امر فياض ٻرڙو),Walk (v),Walk (v),HEADWORD_WITH_LABEL,HEADWORD_WITH_LABEL
slx_9b3381b83fa45399,63000,(To go to the wall),,,English → Sindhi,هارائڻ، ناڪامياب ٿيڻ,english,English → Sindhi,to go to the wall,هارائڻ ناڪامياب ٿيڻ,,SindhiLanguage.org,https://sindhilanguage.org/,Amar Fayaz Buriro (امر فياض ٻرڙو),(To go to the wall),(To go to the wall),PARENTHETICAL,PARENTHETICAL
slx_7b37649261ed4ed8,63001,(To hang by the wall),,,English → Sindhi,ڪنهن ڪم نه اچڻ، بيڪار پيو هجڻ,english,English → Sindhi,to hang by the wall,ڪنهن ڪم نه اچڻ بيڪار پيو هجڻ,,SindhiLanguage.org,https://sindhilanguage.org/,Amar Fayaz Buriro (امر فياض ٻرڙو),(To hang by the wall),(To hang by the wall),PARENTHETICAL,PARENTHETICAL
slx_b4e863bad4dea419,63004,Wallop (v),,,English → Sindhi,چهبڪ هڻڻ، سٽڻ، ڪٽڻ، ٽهڪڻ,english,English → Sindhi,wallop v,چهبڪ هڻڻ سٽڻ ڪٽڻ ٽهڪڻ,,SindhiLanguage.org,https://sindhilanguage.org/,Amar Fayaz Buriro (امر فياض ٻرڙو),Wallop (v),Wallop (v),HEADWORD_WITH_LABEL,HEADWORD_WITH_LABEL
slx_9d7b9baa74487a76,63005,Wallow (v),,,English → Sindhi,ليٿڙيون پائڻ، ليٿڙڻ,english,English → Sindhi,wallow v,ليٿڙيون پائڻ ليٿڙڻ,,SindhiLanguage.org,https://sindhilanguage.org/,Amar Fayaz Buriro (امر فياض ٻرڙو),Wallow (v),Wallow (v),HEADWORD_WITH_LABEL,HEADWORD_WITH_LABEL
slx_a2f03dd230454c43,63008,Wamble (v),,,English → Sindhi,دل ڪچي ٿيڻ,english,English → Sindhi,wamble v,دل ڪچي ٿيڻ,,SindhiLanguage.org,https://sindhilanguage.org/,Amar Fayaz Buriro (امر فياض ٻرڙو),Wamble (v),Wamble (v),HEADWORD_WITH_LABEL,HEADWORD_WITH_LABEL
slx_2cc864e32daf5f3e,63011,Wander (v),,,English → Sindhi,رلڻ، ڦرڻ، ڀٽڪڻ، گمراه ٿيڻ,english,English → Sindhi,wander v,رلڻ ڦرڻ ڀٽڪڻ گمراه ٿيڻ,,SindhiLanguage.org,https://sindhilanguage.org/,Amar Fayaz Buriro (امر فياض ٻرڙو),Wander (v),Wander (v),HEADWORD_WITH_LABEL,HEADWORD_WITH_LABEL
slx_65948957ad3158da,63013,Wane (v),,,English → Sindhi,لهڻ، گهٽجڻ، گهٽتائي، زوال,english,English → Sindhi,wane v,لهڻ گهٽجڻ گهٽتائي زوال,,SindhiLanguage.org,https://sindhilanguage.org/,Amar Fayaz Buriro (امر فياض ٻرڙو),Wane (v),Wane (v),HEADWORD_WITH_LABEL,HEADWORD_WITH_LABEL
slx_acbb8f940bbf199f,63015,Want (v),,,English → Sindhi,گهرڻ، خواهش ڪرڻ، نه هئڻ، چاهڻ,english,English → Sindhi,want v,گهرڻ خواهش ڪرڻ نه هئڻ چاهڻ,,SindhiLanguage.org,https://sindhilanguage.org/,Amar Fayaz Buriro (امر فياض ٻرڙو),Want (v),Want (v),HEADWORD_WITH_LABEL,HEADWORD_WITH_LABEL
slx_43e15337b708c336,63016,(For want of),,,English → Sindhi,جي نه هئڻ سبب,english,English → Sindhi,for want of,جي نه هئڻ سبب,,SindhiLanguage.org,https://sindhilanguage.org/,Amar Fayaz Buriro (امر فياض ٻرڙو),(For want of),(For want of),PARENTHETICAL,PARENTHETICAL
slx_0ddc7a05fba812b6,63023,Warble (v),,,English → Sindhi,ڳائڻ، تنوارڻ، ٻولڻ، لات، تنوار,english,English → Sindhi,warble v,ڳائڻ تنوارڻ ٻولڻ لات تنوار,,SindhiLanguage.org,https://sindhilanguage.org/,Amar Fayaz Buriro (امر فياض ٻرڙو),Warble (v),Warble (v),HEADWORD_WITH_LABEL,HEADWORD_WITH_LABEL
slx_4aef68d2fd5dd1b2,63025,Ward (v),,,English → Sindhi,نظرداري ڪرڻ، حفاظت ڪرڻ,english,English → Sindhi,ward v,نظرداري ڪرڻ حفاظت ڪرڻ,,SindhiLanguage.org,https://sindhilanguage.org/,Amar Fayaz Buriro (امر فياض ٻرڙو),Ward (v),Ward (v),HEADWORD_WITH_LABEL,HEADWORD_WITH_LABEL
slx_95d5fe2577f33cd7,63026,(To ward off),,,English → Sindhi,روڪڻ، ٽارڻ، دفعي ڪرڻ,english,English → Sindhi,to ward off,روڪڻ ٽارڻ دفعي ڪرڻ,,SindhiLanguage.org,https://sindhilanguage.org/,Amar Fayaz Buriro (امر فياض ٻرڙو),(To ward off),(To ward off),PARENTHETICAL,PARENTHETICAL
slx_0b09b854c4fa6887,63038,Warm (v),,,English → Sindhi,گرم ڪرڻ، سيڪڻ، تپائڻ,english,English → Sindhi,warm v,گرم ڪرڻ سيڪڻ تپائڻ,,SindhiLanguage.org,https://sindhilanguage.org/,Amar Fayaz Buriro (امر فياض ٻرڙو),Warm (v),Warm (v),HEADWORD_WITH_LABEL,HEADWORD_WITH_LABEL
slx_7838f9a74c52550e,63041,Warn (v),,,English → Sindhi,آگاهه ڪرڻ، تاڪيد ڪرڻ، خبردار ڪرڻ,english,English → Sindhi,warn v,آگاهه ڪرڻ تاڪيد ڪرڻ خبردار ڪرڻ,,SindhiLanguage.org,https://sindhilanguage.org/,Amar Fayaz Buriro (امر فياض ٻرڙو),Warn (v),Warn (v),HEADWORD_WITH_LABEL,HEADWORD_WITH_LABEL
slx_f39e6dc080840672,63045,Warrant (v),,,English → Sindhi,ضامن پوڻ، پڪ ڏيڻ، اختيار ڏيڻ، قائم رکڻ,english,English → Sindhi,warrant v,ضامن پوڻ پڪ ڏيڻ اختيار ڏيڻ قائم رکڻ,,SindhiLanguage.org,https://sindhilanguage.org/,Amar Fayaz Buriro (امر فياض ٻرڙو),Warrant (v),Warrant (v),HEADWORD_WITH_LABEL,HEADWORD_WITH_LABEL
slx_06841cf444d5c552,63046,(Search warrant),,,English → Sindhi,تلاشيءَ جو حڪم نامو,english,English → Sindhi,search warrant,تلاشيء جو حڪم نامو,,SindhiLanguage.org,https://sindhilanguage.org/,Amar Fayaz Buriro (امر فياض ٻرڙو),(Search warrant),(Search warrant),PARENTHETICAL,PARENTHETICAL
slx_56088689a149e863,63052,Was (p.t of be),,,English → Sindhi,هو,english,English → Sindhi,was p t of be,هو,,SindhiLanguage.org,https://sindhilanguage.org/,Amar Fayaz Buriro (امر فياض ٻرڙو),Was (p.t of be),Was (p.t of be),HEADWORD_WITH_LABEL,HEADWORD_WITH_LABEL
slx_c4aea3375311d5c7,63054,Wash (v),,,English → Sindhi,ڌوئڻ، وهنجڻ، رنگ ڏيڻ، قلعي ڪرڻ,english,English → Sindhi,wash v,ڌوئڻ وهنجڻ رنگ ڏيڻ قلعي ڪرڻ,,SindhiLanguage.org,https://sindhilanguage.org/,Amar Fayaz Buriro (امر فياض ٻرڙو),Wash (v),Wash (v),HEADWORD_WITH_LABEL,HEADWORD_WITH_LABEL
slx_3e1c4f513cdcdc8c,63061,Waste (v),,,English → Sindhi,غيرآباد ڪرڻ، فضول خرچي ڪرڻ، اجايو وڃائڻ,english,English → Sindhi,waste v,غيرآباد ڪرڻ فضول خرچي ڪرڻ اجايو وڃائڻ,,SindhiLanguage.org,https://sindhilanguage.org/,Amar Fayaz Buriro (امر فياض ٻرڙو),Waste (v),Waste (v),HEADWORD_WITH_LABEL,HEADWORD_WITH_LABEL
slx_cbefbe0d259a7984,63089,Wave (v),,,English → Sindhi,لوڏڻ، گهمائڻ، ڦڙڪڻ، اشارو ڪرڻ,english,English → Sindhi,wave v,لوڏڻ گهمائڻ ڦڙڪڻ اشارو ڪرڻ,,SindhiLanguage.org,https://sindhilanguage.org/,Amar Fayaz Buriro (امر فياض ٻرڙو),Wave (v),Wave (v),HEADWORD_WITH_LABEL,HEADWORD_WITH_LABEL
slx_ab36e39b24051839,63090,Waver (v),,,English → Sindhi,همت هارڻ، لڏڻ، لاهڻ,english,English → Sindhi,waver v,همت هارڻ لڏڻ لاهڻ,,SindhiLanguage.org,https://sindhilanguage.org/,Amar Fayaz Buriro (امر فياض ٻرڙو),Waver (v),Waver (v),HEADWORD_WITH_LABEL,HEADWORD_WITH_LABEL
slx_67b23e589dbd74ec,63093,Wax (v),,,English → Sindhi,وڌڻ، گهڻو ڪرڻ، ٿيڻ، ميڻ لائڻ,english,English → Sindhi,wax v,وڌڻ گهڻو ڪرڻ ٿيڻ ميڻ لائڻ,,SindhiLanguage.org,https://sindhilanguage.org/,Amar Fayaz Buriro (امر فياض ٻرڙو),Wax (v),Wax (v),HEADWORD_WITH_LABEL,HEADWORD_WITH_LABEL
slx_71f6949ccb45abd7,63099,(To be in the family way),,,English → Sindhi,پيٽ سان ٿيڻ، حامله ٿيڻ,english,English → Sindhi,to be in the family way,پيٽ سان ٿيڻ حامله ٿيڻ,,SindhiLanguage.org,https://sindhilanguage.org/,Amar Fayaz Buriro (امر فياض ٻرڙو),(To be in the family way),(To be in the family way),PARENTHETICAL,PARENTHETICAL
slx_e16ec75199bca8e4,63100,(By the way),,,English → Sindhi,مسافريءَ ۾، ڳالهه ٻولهه ڪندي، بروقت,english,English → Sindhi,by the way,مسافريء ڳالهه ٻولهه ڪندي بروقت,,SindhiLanguage.org,https://sindhilanguage.org/,Amar Fayaz Buriro (امر فياض ٻرڙو),(By the way),(By the way),PARENTHETICAL,PARENTHETICAL
slx_54c2cd564f8b9693,63101,(By way of),,,English → Sindhi,بطور، به عيوض، بجاءِ,english,English → Sindhi,by way of,بطور به عيوض بجاء,,SindhiLanguage.org,https://sindhilanguage.org/,Amar Fayaz Buriro (امر فياض ٻرڙو),(By way of),(By way of),PARENTHETICAL,PARENTHETICAL
slx_0b05cf0def407e91,63102,Give way (v),,,English → Sindhi,ٽٽي پوڻ، ڪري پوڻ، رستو ڏيڻ، اطاعت قبول ڪرڻ,english,English → Sindhi,give way v,ٽٽي پوڻ ڪري پوڻ رستو ڏيڻ اطاعت قبول ڪرڻ,,SindhiLanguage.org,https://sindhilanguage.org/,Amar Fayaz Buriro (امر فياض ٻرڙو),Give way (v),Give way (v),HEADWORD_WITH_LABEL,HEADWORD_WITH_LABEL
slx_991e2fac16ab4bce,63103,(In the way of),,,English → Sindhi,طرح، طور، نموني,english,English → Sindhi,in the way of,طرح طور نموني,,SindhiLanguage.org,https://sindhilanguage.org/,Amar Fayaz Buriro (امر فياض ٻرڙو),(In the way of),(In the way of),PARENTHETICAL,PARENTHETICAL
slx_7aefa1e220d88fc6,63104,(To make way),,,English → Sindhi,پري ٿيڻ، راهه ڏيڻ، رستو ڇڏڻ,english,English → Sindhi,to make way,پري ٿيڻ راهه ڏيڻ رستو ڇڏڻ,,SindhiLanguage.org,https://sindhilanguage.org/,Amar Fayaz Buriro (امر فياض ٻرڙو),(To make way),(To make way),PARENTHETICAL,PARENTHETICAL
slx_5a8c4c4b892c657b,63105,(To make one’s way),,,English → Sindhi,ترقي ڪرڻ، اڳتي وڌڻ,english,English → Sindhi,to make one s way,ترقي ڪرڻ اڳتي وڌڻ,,SindhiLanguage.org,https://sindhilanguage.org/,Amar Fayaz Buriro (امر فياض ٻرڙو),(To make one’s way),(To make one’s way),PARENTHETICAL,PARENTHETICAL
slx_e8d9fd88f61216bd,63106,(Out of the way),,,English → Sindhi,بيراهه، اوجهڙ، نرالو,english,English → Sindhi,out of the way,بيراهه اوجهڙ نرالو,,SindhiLanguage.org,https://sindhilanguage.org/,Amar Fayaz Buriro (امر فياض ٻرڙو),(Out of the way),(Out of the way),PARENTHETICAL,PARENTHETICAL
slx_77246e69bde559a8,63108,Waylay (v),,,English → Sindhi,واٽ جهلي بيهڻ، رستو روڪڻ، ڇپ هڻي ويهڻ,english,English → Sindhi,waylay v,واٽ جهلي بيهڻ رستو روڪڻ ڇپ هڻي ويهڻ,,SindhiLanguage.org,https://sindhilanguage.org/,Amar Fayaz Buriro (امر فياض ٻرڙو),Waylay (v),Waylay (v),HEADWORD_WITH_LABEL,HEADWORD_WITH_LABEL
slx_8ec7fbfe9a3af835,63111,We (pl. of I),,,English → Sindhi,اسين، اسان,english,English → Sindhi,we pl of i,اسين اسان,,SindhiLanguage.org,https://sindhilanguage.org/,Amar Fayaz Buriro (امر فياض ٻرڙو),We (pl. of I),We (pl. of I),HEADWORD_WITH_LABEL,HEADWORD_WITH_LABEL
slx_1641d4f641d62475,63113,Weaken (v),,,English → Sindhi,ڪمزور ڪرڻ، هيڻو ڪرڻ، زور گهٽائڻ,english,English → Sindhi,weaken v,ڪمزور ڪرڻ هيڻو ڪرڻ زور گهٽائڻ,,SindhiLanguage.org,https://sindhilanguage.org/,Amar Fayaz Buriro (امر فياض ٻرڙو),Weaken (v),Weaken (v),HEADWORD_WITH_LABEL,HEADWORD_WITH_LABEL
slx_8457d1ffef4138b2,63123,Wean (v),,,English → Sindhi,ٿڃ ڇڏائڻ، (عادت) ڇڏائڻ، جدا ڪرڻ,english,English → Sindhi,wean v,ٿڃ ڇڏائڻ عادت ڇڏائڻ جدا ڪرڻ,,SindhiLanguage.org,https://sindhilanguage.org/,Amar Fayaz Buriro (امر فياض ٻرڙو),Wean (v),Wean (v),HEADWORD_WITH_LABEL,HEADWORD_WITH_LABEL
slx_21db7519d94238fc,63126,Wear (v),,,English → Sindhi,پائڻ، پهرڻ، ظاهر ڪرڻ، گسڻ، ٿڪجڻ، گاٺ,english,English → Sindhi,wear v,پائڻ پهرڻ ظاهر ڪرڻ گسڻ ٿڪجڻ گاٺ,,SindhiLanguage.org,https://sindhilanguage.org/,Amar Fayaz Buriro (امر فياض ٻرڙو),Wear (v),Wear (v),HEADWORD_WITH_LABEL,HEADWORD_WITH_LABEL
slx_633278050f4154d8,63127,(To wear away),,,English → Sindhi,آهستي آهستي، ختم ٿيڻ، گسجڻ، ڊاهڻ,english,English → Sindhi,to wear away,آهستي آهستي ختم ٿيڻ گسجڻ ڊاهڻ,,SindhiLanguage.org,https://sindhilanguage.org/,Amar Fayaz Buriro (امر فياض ٻرڙو),(To wear away),(To wear away),PARENTHETICAL,PARENTHETICAL
slx_e09e5d84abbade9c,63128,(To wear beard),,,English → Sindhi,ڏاڙهي رکائڻ,english,English → Sindhi,to wear beard,ڏاڙهي رکائڻ,,SindhiLanguage.org,https://sindhilanguage.org/,Amar Fayaz Buriro (امر فياض ٻرڙو),(To wear beard),(To wear beard),PARENTHETICAL,PARENTHETICAL
slx_3dc3649c931f16e9,63129,(To wear off),,,English → Sindhi,گهٽ ٿيڻ، گهٽجڻ,english,English → Sindhi,to wear off,گهٽ ٿيڻ گهٽجڻ,,SindhiLanguage.org,https://sindhilanguage.org/,Amar Fayaz Buriro (امر فياض ٻرڙو),(To wear off),(To wear off),PARENTHETICAL,PARENTHETICAL
slx_fba61229c014bf04,63130,(To wear sword),,,English → Sindhi,ترار ٻڌڻ,english,English → Sindhi,to wear sword,ترار ٻڌڻ,,SindhiLanguage.org,https://sindhilanguage.org/,Amar Fayaz Buriro (امر فياض ٻرڙو),(To wear sword),(To wear sword),PARENTHETICAL,PARENTHETICAL
slx_2e8505d901b5dd72,63131,(Wear and tear),,,English → Sindhi,گاٺ پيٺ، گاس پيس، نقصان,english,English → Sindhi,wear and tear,گاٺ پيٺ گاس پيس نقصان,,SindhiLanguage.org,https://sindhilanguage.org/,Amar Fayaz Buriro (امر فياض ٻرڙو),(Wear and tear),(Wear and tear),PARENTHETICAL,PARENTHETICAL
slx_eaf49b26247d93c9,63136,Weary (v),,,English → Sindhi,ٿڪائڻ، بيزار ڪرڻ، ورچائڻ,english,English → Sindhi,weary v,ٿڪائڻ بيزار ڪرڻ ورچائڻ,,SindhiLanguage.org,https://sindhilanguage.org/,Amar Fayaz Buriro (امر فياض ٻرڙو),Weary (v),Weary (v),HEADWORD_WITH_LABEL,HEADWORD_WITH_LABEL
slx_3493aee5af139744,63140,(April weather),,,English → Sindhi,ڦرندڙ موسم، ڪڏهن گرمي ڪڏهن سردي، ڪڏهن خوشي ڪڏهن غم,english,English → Sindhi,april weather,ڦرندڙ موسم ڪڏهن گرمي ڪڏهن سردي ڪڏهن خوشي ڪڏهن غم,,SindhiLanguage.org,https://sindhilanguage.org/,Amar Fayaz Buriro (امر فياض ٻرڙو),(April weather),(April weather),PARENTHETICAL,PARENTHETICAL
slx_8ed1f841009d41b6,63143,(Have one’s weather eye open to),,,English → Sindhi,خبردار رهڻ، هوشيار رهڻ,english,English → Sindhi,have one s weather eye open to,خبردار رهڻ هوشيار رهڻ,,SindhiLanguage.org,https://sindhilanguage.org/,Amar Fayaz Buriro (امر فياض ٻرڙو),(Have one’s weather eye open to),(Have one’s weather eye open to),PARENTHETICAL,PARENTHETICAL
slx_fc62b3b96a1e7ba3,63144,Weather (v),,,English → Sindhi,هوا ڏيڻ، هوا ۾ رکڻ، طوفان سهڻ، مصيبتون جهلڻ,english,English → Sindhi,weather v,هوا ڏيڻ هوا رکڻ طوفان سهڻ مصيبتون جهلڻ,,SindhiLanguage.org,https://sindhilanguage.org/,Amar Fayaz Buriro (امر فياض ٻرڙو),Weather (v),Weather (v),HEADWORD_WITH_LABEL,HEADWORD_WITH_LABEL
slx_945685fdd5370341,63145,Weave (v),,,English → Sindhi,اُڻڻ، ترتيب ڏيڻ، گهڙڻ، تيار ڪرڻ,english,English → Sindhi,weave v,اڻڻ ترتيب ڏيڻ گهڙڻ تيار ڪرڻ,,SindhiLanguage.org,https://sindhilanguage.org/,Amar Fayaz Buriro (امر فياض ٻرڙو),Weave (v),Weave (v),HEADWORD_WITH_LABEL,HEADWORD_WITH_LABEL
slx_f269fcbc6f639df2,63149,Wed (v),,,English → Sindhi,شادي ڪرڻ، نڪاح وجهڻ، پرڻجڻ,english,English → Sindhi,wed v,شادي ڪرڻ نڪاح وجهڻ پرڻجڻ,,SindhiLanguage.org,https://sindhilanguage.org/,Amar Fayaz Buriro (امر فياض ٻرڙو),Wed (v),Wed (v),HEADWORD_WITH_LABEL,HEADWORD_WITH_LABEL
slx_d21297ed52c1258e,63159,Weed (v),,,English → Sindhi,ڪک چونڊڻ، سوئي صاف ڪرڻ، رءَ ڍڪڻ,english,English → Sindhi,weed v,ڪک چونڊڻ سوئي صاف ڪرڻ رء ڍڪڻ,,SindhiLanguage.org,https://sindhilanguage.org/,Amar Fayaz Buriro (امر فياض ٻرڙو),Weed (v),Weed (v),HEADWORD_WITH_LABEL,HEADWORD_WITH_LABEL
slx_35942433c9195889,63164,Ween (v),,,English → Sindhi,سوچڻ، خيال ڪرڻ، ڄاڻڻ,english,English → Sindhi,ween v,سوچڻ خيال ڪرڻ ڄاڻڻ,,SindhiLanguage.org,https://sindhilanguage.org/,Amar Fayaz Buriro (امر فياض ٻرڙو),Ween (v),Ween (v),HEADWORD_WITH_LABEL,HEADWORD_WITH_LABEL
slx_ca42ae8e39a31793,63165,Weep (v),,,English → Sindhi,روئڻ، غم ڪرڻ، افسوس ڪرڻ، شڪايت ڪرڻ,english,English → Sindhi,weep v,روئڻ غم ڪرڻ افسوس ڪرڻ شڪايت ڪرڻ,,SindhiLanguage.org,https://sindhilanguage.org/,Amar Fayaz Buriro (امر فياض ٻرڙو),Weep (v),Weep (v),HEADWORD_WITH_LABEL,HEADWORD_WITH_LABEL
slx_128b716f64ed4d54,63168,Weigh (v),,,English → Sindhi,تورڻ، غور ڪرڻ، اندازو ڪرڻ، مقابلو ڪرڻ,english,English → Sindhi,weigh v,تورڻ غور ڪرڻ اندازو ڪرڻ مقابلو ڪرڻ,,SindhiLanguage.org,https://sindhilanguage.org/,Amar Fayaz Buriro (امر فياض ٻرڙو),Weigh (v),Weigh (v),HEADWORD_WITH_LABEL,HEADWORD_WITH_LABEL
slx_7c3f5efeedff4ddd,63170,(To Weigh upon),,,English → Sindhi,دل تي بار ٿي بيهڻ,english,English → Sindhi,to weigh upon,دل تي بار ٿي بيهڻ,,SindhiLanguage.org,https://sindhilanguage.org/,Amar Fayaz Buriro (امر فياض ٻرڙو),(To Weigh upon),(To Weigh upon),PARENTHETICAL,PARENTHETICAL
slx_d5f95a65ad8db5ec,63175,Welcome (v),,,English → Sindhi,آڌرڀاءُ، تعظيم، مرحبا,english,English → Sindhi,welcome v,آڌرڀاء تعظيم مرحبا,,SindhiLanguage.org,https://sindhilanguage.org/,Amar Fayaz Buriro (امر فياض ٻرڙو),Welcome (v),Welcome (v),HEADWORD_WITH_LABEL,HEADWORD_WITH_LABEL
slx_3f54295beebb8592,63176,Welcome (v),,,English → Sindhi,آڌرڀاءُ ڪرڻ، کيڪارڻ، مرحبا چوڻ,english,English → Sindhi,welcome v,آڌرڀاء ڪرڻ کيڪارڻ مرحبا چوڻ,,SindhiLanguage.org,https://sindhilanguage.org/,Amar Fayaz Buriro (امر فياض ٻرڙو),Welcome (v),Welcome (v),HEADWORD_WITH_LABEL,HEADWORD_WITH_LABEL
slx_00213790d0527244,63177,Weld (v),,,English → Sindhi,ملائي هڪ ڪرڻ، وڻ جنهن مان پيلو رنگ نڪري,english,English → Sindhi,weld v,ملائي هڪ ڪرڻ وڻ جنهن مان پيلو رنگ نڪري,,SindhiLanguage.org,https://sindhilanguage.org/,Amar Fayaz Buriro (امر فياض ٻرڙو),Weld (v),Weld (v),HEADWORD_WITH_LABEL,HEADWORD_WITH_LABEL
slx_cebbf65c208a4f90,63201,Welter (v),,,English → Sindhi,ليٿڙيون پائڻ، ليٿڙڻ,english,English → Sindhi,welter v,ليٿڙيون پائڻ ليٿڙڻ,,SindhiLanguage.org,https://sindhilanguage.org/,Amar Fayaz Buriro (امر فياض ٻرڙو),Welter (v),Welter (v),HEADWORD_WITH_LABEL,HEADWORD_WITH_LABEL
slx_49cc26bc2b8c62a5,63204,Wend (v),,,English → Sindhi,وڃڻ، هلڻ، گذرڻ، قدم کڻڻ، وڌڻ,english,English → Sindhi,wend v,وڃڻ هلڻ گذرڻ قدم کڻڻ وڌڻ,,SindhiLanguage.org,https://sindhilanguage.org/,Amar Fayaz Buriro (امر فياض ٻرڙو),Wend (v),Wend (v),HEADWORD_WITH_LABEL,HEADWORD_WITH_LABEL
slx_140b1e8e9ad81cf3,63205,Went (p.t of go),,,English → Sindhi,ويو,english,English → Sindhi,went p t of go,ويو,,SindhiLanguage.org,https://sindhilanguage.org/,Amar Fayaz Buriro (امر فياض ٻرڙو),Went (p.t of go),Went (p.t of go),HEADWORD_WITH_LABEL,HEADWORD_WITH_LABEL
slx_4f410b5a99286f57,63206,Wept (p.t of weep),,,English → Sindhi,رنو,english,English → Sindhi,wept p t of weep,رنو,,SindhiLanguage.org,https://sindhilanguage.org/,Amar Fayaz Buriro (امر فياض ٻرڙو),Wept (p.t of weep),Wept (p.t of weep),HEADWORD_WITH_LABEL,HEADWORD_WITH_LABEL
slx_d08620466e8e4890,63216,Whack (v),,,English → Sindhi,مارڻ، ڌڪ هڻڻ، پاڻ ۾ حصا ڪرڻ,english,English → Sindhi,whack v,مارڻ ڌڪ هڻڻ پاڻ حصا ڪرڻ,,SindhiLanguage.org,https://sindhilanguage.org/,Amar Fayaz Buriro (امر فياض ٻرڙو),Whack (v),Whack (v),HEADWORD_WITH_LABEL,HEADWORD_WITH_LABEL
slx_05154546e1935ad8,63225,Whittle (v),,,English → Sindhi,ڪاٽڻ، ڇلڻ، ڪپڻ، ڇري، ڪات,english,English → Sindhi,whittle v,ڪاٽڻ ڇلڻ ڪپڻ ڇري ڪات,,SindhiLanguage.org,https://sindhilanguage.org/,Amar Fayaz Buriro (امر فياض ٻرڙو),Whittle (v),Whittle (v),HEADWORD_WITH_LABEL,HEADWORD_WITH_LABEL
slx_3a4502e6717886a3,63228,Whiz (v),,,English → Sindhi,سوساٽ ڪرڻ، تير وانگر هوا ۾ آواز ڪرڻ، ڀون ڀون ڪرڻ,english,English → Sindhi,whiz v,سوساٽ ڪرڻ تير وانگر هوا آواز ڪرڻ ڀون ڀون ڪرڻ,,SindhiLanguage.org,https://sindhilanguage.org/,Amar Fayaz Buriro (امر فياض ٻرڙو),Whiz (v),Whiz (v),HEADWORD_WITH_LABEL,HEADWORD_WITH_LABEL
slx_50d1201312296c92,63239,Whop (v),,,English → Sindhi,ڪٽڻ، سٽڻ,english,English → Sindhi,whop v,ڪٽڻ سٽڻ,,SindhiLanguage.org,https://sindhilanguage.org/,Amar Fayaz Buriro (امر فياض ٻرڙو),Whop (v),Whop (v),HEADWORD_WITH_LABEL,HEADWORD_WITH_LABEL
slx_64751af367a44ff0,63253,Widen (v),,,English → Sindhi,وسيع ڪرڻ، ويڪرو ڪرڻ، ڦهلائڻ,english,English → Sindhi,widen v,وسيع ڪرڻ ويڪرو ڪرڻ ڦهلائڻ,,SindhiLanguage.org,https://sindhilanguage.org/,Amar Fayaz Buriro (امر فياض ٻرڙو),Widen (v),Widen (v),HEADWORD_WITH_LABEL,HEADWORD_WITH_LABEL
slx_e175af9e259c4940,63258,Widen (v),,,English → Sindhi,ڪشادو ڪرڻ، ويڪرو ڪرڻ، چوڙو ڪرڻ، زياده ڪرڻ,english,English → Sindhi,widen v,ڪشادو ڪرڻ ويڪرو ڪرڻ چوڙو ڪرڻ زياده ڪرڻ,,SindhiLanguage.org,https://sindhilanguage.org/,Amar Fayaz Buriro (امر فياض ٻرڙو),Widen (v),Widen (v),HEADWORD_WITH_LABEL,HEADWORD_WITH_LABEL
slx_72a80b68b9ddfa5f,63264,Wield (v),,,English → Sindhi,انتظام ڪرڻ، ڳن ڏيڻ، ڪم ۾ آڻڻ، ڦيرائڻ,english,English → Sindhi,wield v,انتظام ڪرڻ ڳن ڏيڻ ڪم آڻڻ ڦيرائڻ,,SindhiLanguage.org,https://sindhilanguage.org/,Amar Fayaz Buriro (امر فياض ٻرڙو),Wield (v),Wield (v),HEADWORD_WITH_LABEL,HEADWORD_WITH_LABEL
slx_62ba2010fa7a924f,63272,(To snow ones wild oats),,,English → Sindhi,اوباشي پن ۾ رهڻ، رهزنن جي زندگي گذارڻ,english,English → Sindhi,to snow ones wild oats,اوباشي پن رهڻ رهزنن جي زندگي گذارڻ,,SindhiLanguage.org,https://sindhilanguage.org/,Amar Fayaz Buriro (امر فياض ٻرڙو),(To snow ones wild oats),(To snow ones wild oats),PARENTHETICAL,PARENTHETICAL
slx_d28979867b6a3968,63273,(To spread like wild fire),,,English → Sindhi,جلدي ڦهلجي وڃڻ,english,English → Sindhi,to spread like wild fire,جلدي ڦهلجي وڃڻ,,SindhiLanguage.org,https://sindhilanguage.org/,Amar Fayaz Buriro (امر فياض ٻرڙو),(To spread like wild fire),(To spread like wild fire),PARENTHETICAL,PARENTHETICAL
slx_a0e09abab24250b1,63287,(Nothing is impossible to a willing mind),,,English → Sindhi,شوق جي سامهون ڪابه شيءِ ناممڪن نه آهي,english,English → Sindhi,nothing is impossible to a willing mind,شوق جي سامهون ڪابه شيء ناممڪن نه آهي,,SindhiLanguage.org,https://sindhilanguage.org/,Amar Fayaz Buriro (امر فياض ٻرڙو),(Nothing is impossible to a willing mind),(Nothing is impossible to a willing mind),PARENTHETICAL,PARENTHETICAL
slx_40dabaf19be9300d,63288,(At will),,,English → Sindhi,مرضيءَ تي، جڏهن به وڻي تڏهن، خوشيءَ تي,english,English → Sindhi,at will,مرضيء تي جڏهن به وڻي تڏهن خوشيء تي,,SindhiLanguage.org,https://sindhilanguage.org/,Amar Fayaz Buriro (امر فياض ٻرڙو),(At will),(At will),PARENTHETICAL,PARENTHETICAL
slx_a960b2f3890b521e,63289,(Divine will),,,English → Sindhi,رب جي مرضي، مولا جي خواهش,english,English → Sindhi,divine will,رب جي مرضي مولا جي خواهش,,SindhiLanguage.org,https://sindhilanguage.org/,Amar Fayaz Buriro (امر فياض ٻرڙو),(Divine will),(Divine will),PARENTHETICAL,PARENTHETICAL
slx_98dbcb2b45e1adaf,63290,(Good will),,,English → Sindhi,پڳڙي، مٺائي، خيرخواهي,english,English → Sindhi,good will,پڳڙي مٺائي خيرخواهي,,SindhiLanguage.org,https://sindhilanguage.org/,Amar Fayaz Buriro (امر فياض ٻرڙو),(Good will),(Good will),PARENTHETICAL,PARENTHETICAL
slx_845127de80f3df0e,63291,(Ill will),,,English → Sindhi,دشمني، بدخواهي,english,English → Sindhi,ill will,دشمني بدخواهي,,SindhiLanguage.org,https://sindhilanguage.org/,Amar Fayaz Buriro (امر فياض ٻرڙو),(Ill will),(Ill will),PARENTHETICAL,PARENTHETICAL
slx_3fd6cd01a95b1138,63292,Will (v),,,English → Sindhi,خواهش ڪرڻ، وصيت ڪرڻ، فرمان ٿيڻ,english,English → Sindhi,will v,خواهش ڪرڻ وصيت ڪرڻ فرمان ٿيڻ,,SindhiLanguage.org,https://sindhilanguage.org/,Amar Fayaz Buriro (امر فياض ٻرڙو),Will (v),Will (v),HEADWORD_WITH_LABEL,HEADWORD_WITH_LABEL
slx_4d4c2400fa70b800,63293,(Of one’s free will),,,English → Sindhi,پنهنجي مرضيءَ سان,english,English → Sindhi,of one s free will,پنهنجي مرضيء سان,,SindhiLanguage.org,https://sindhilanguage.org/,Amar Fayaz Buriro (امر فياض ٻرڙو),(Of one’s free will),(Of one’s free will),PARENTHETICAL,PARENTHETICAL
slx_aabeec87a1b2ae26,63294,(To have one’s will),,,English → Sindhi,پنهنجي خواهش مطابق هلڻ,english,English → Sindhi,to have one s will,پنهنجي خواهش مطابق هلڻ,,SindhiLanguage.org,https://sindhilanguage.org/,Amar Fayaz Buriro (امر فياض ٻرڙو),(To have one’s will),(To have one’s will),PARENTHETICAL,PARENTHETICAL
slx_938ddb4c7c4912e4,63295,(God willing),,,English → Sindhi,الله سائين گهريو آهي ته، انشاءَ الله تعاليٰ,english,English → Sindhi,god willing,الله سائين گهريو آهي ته انشاء الله تعالي,,SindhiLanguage.org,https://sindhilanguage.org/,Amar Fayaz Buriro (امر فياض ٻرڙو),(God willing),(God willing),PARENTHETICAL,PARENTHETICAL
slx_d43fae26f4adadda,63303,Winover (v),,,English → Sindhi,اپنائڻ، دل وٺڻ، مڃائڻ، حاصل ڪرڻ,english,English → Sindhi,winover v,اپنائڻ دل وٺڻ مڃائڻ حاصل ڪرڻ,,SindhiLanguage.org,https://sindhilanguage.org/,Amar Fayaz Buriro (امر فياض ٻرڙو),Winover (v),Winover (v),HEADWORD_WITH_LABEL,HEADWORD_WITH_LABEL
slx_dc6198a3ce01bfdb,63304,Wince (v),,,English → Sindhi,ڇرڪڻ، هٽڻ، اِٽون هڻڻ,english,English → Sindhi,wince v,ڇرڪڻ هٽڻ اٽون هڻڻ,,SindhiLanguage.org,https://sindhilanguage.org/,Amar Fayaz Buriro (امر فياض ٻرڙو),Wince (v),Wince (v),HEADWORD_WITH_LABEL,HEADWORD_WITH_LABEL
slx_2326e5514d186e41,63308,Wind (v),,,English → Sindhi,ويڙهڻ، موڙڻ، وارڻ، ڪنجي ڏيڻ,english,English → Sindhi,wind v,ويڙهڻ موڙڻ وارڻ ڪنجي ڏيڻ,,SindhiLanguage.org,https://sindhilanguage.org/,Amar Fayaz Buriro (امر فياض ٻرڙو),Wind (v),Wind (v),HEADWORD_WITH_LABEL,HEADWORD_WITH_LABEL
slx_31f39ce12cbde12e,63309,(To take wind out one’s sails),,,English → Sindhi,لٽ درياءَ جي ڪاٽڻ، رءُ ڪٽڻ,english,English → Sindhi,to take wind out one s sails,لٽ درياء جي ڪاٽڻ رء ڪٽڻ,,SindhiLanguage.org,https://sindhilanguage.org/,Amar Fayaz Buriro (امر فياض ٻرڙو),(To take wind out one’s sails),(To take wind out one’s sails),PARENTHETICAL,PARENTHETICAL
slx_8c56ba408f441bbf,63310,(How the wind blows),,,English → Sindhi,ڪهڙو حال آهي؟ فضا ڪهڙي آهي؟,english,English → Sindhi,how the wind blows,ڪهڙو حال آهي فضا ڪهڙي آهي,,SindhiLanguage.org,https://sindhilanguage.org/,Amar Fayaz Buriro (امر فياض ٻرڙو),(How the wind blows),(How the wind blows),PARENTHETICAL,PARENTHETICAL
slx_dd7e8b89431415d0,63311,(In the wind’s eye In the teeth of the wind),,,English → Sindhi,بلڪل هوا جي سامهون,english,English → Sindhi,in the wind s eye in the teeth of the wind,بلڪل هوا جي سامهون,,SindhiLanguage.org,https://sindhilanguage.org/,Amar Fayaz Buriro (امر فياض ٻرڙو),(In the wind’s eye In the teeth of the wind),(In the wind’s eye In the teeth of the wind),PARENTHETICAL,PARENTHETICAL
slx_7ffa191161138ed9,63312,(To get (take) wind),,,English → Sindhi,ظاهر ٿي وڃڻ، کلي وڃڻ، مشهور ٿيڻ,english,English → Sindhi,to get take wind,ظاهر ٿي وڃڻ کلي وڃڻ مشهور ٿيڻ,,SindhiLanguage.org,https://sindhilanguage.org/,Amar Fayaz Buriro (امر فياض ٻرڙو),(To get (take) wind),(To get (take) wind),PARENTHETICAL,PARENTHETICAL
slx_9ee0557248bcf505,63313,(Some thing in the wind),,,English → Sindhi,دال ۾ ڪارو,english,English → Sindhi,some thing in the wind,دال ڪارو,,SindhiLanguage.org,https://sindhilanguage.org/,Amar Fayaz Buriro (امر فياض ٻرڙو),(Some thing in the wind),(Some thing in the wind),PARENTHETICAL,PARENTHETICAL
slx_57d3923ab345095a,63314,(Break wind to),,,English → Sindhi,هوا ڏيڻ,english,English → Sindhi,break wind to,هوا ڏيڻ,,SindhiLanguage.org,https://sindhilanguage.org/,Amar Fayaz Buriro (امر فياض ٻرڙو),(Break wind to),(Break wind to),PARENTHETICAL,PARENTHETICAL
slx_9b03b577a71f1bb1,63315,(What wind blew you hither),,,English → Sindhi,اڄ ڪيئن نڪري پئين؟,english,English → Sindhi,what wind blew you hither,اڄ ڪيئن نڪري پئين,,SindhiLanguage.org,https://sindhilanguage.org/,Amar Fayaz Buriro (امر فياض ٻرڙو),(What wind blew you hither),(What wind blew you hither),PARENTHETICAL,PARENTHETICAL
slx_49ab39e719f6ddaf,63316,(To wind off),,,English → Sindhi,کلڻ، لاهڻ,english,English → Sindhi,to wind off,کلڻ لاهڻ,,SindhiLanguage.org,https://sindhilanguage.org/,Amar Fayaz Buriro (امر فياض ٻرڙو),(To wind off),(To wind off),PARENTHETICAL,PARENTHETICAL
slx_ca2dd47debc3b97e,63317,(To wind up),,,English → Sindhi,خاتمو آڻڻ، دڪان سميٽڻ، طي ڪرڻ,english,English → Sindhi,to wind up,خاتمو آڻڻ دڪان سميٽڻ طي ڪرڻ,,SindhiLanguage.org,https://sindhilanguage.org/,Amar Fayaz Buriro (امر فياض ٻرڙو),(To wind up),(To wind up),PARENTHETICAL,PARENTHETICAL
slx_24485f8ed58f6ccd,63334,(When wine is in wit in out),,,English → Sindhi,شراب اندر ته عقل ٻاهر,english,English → Sindhi,when wine is in wit in out,شراب اندر ته عقل ٻاهر,,SindhiLanguage.org,https://sindhilanguage.org/,Amar Fayaz Buriro (امر فياض ٻرڙو),(When wine is in wit in out),(When wine is in wit in out),PARENTHETICAL,PARENTHETICAL
slx_67cc5c9d4d6a9ab6,63337,(On the wing),,,English → Sindhi,شتابڪار، اڏامندي، پرواز ڪندي,english,English → Sindhi,on the wing,شتابڪار اڏامندي پرواز ڪندي,,SindhiLanguage.org,https://sindhilanguage.org/,Amar Fayaz Buriro (امر فياض ٻرڙو),(On the wing),(On the wing),PARENTHETICAL,PARENTHETICAL
slx_6a7cd65620ea106d,63338,(Take wing to),,,English → Sindhi,اڏامڻ، پرواز ڪرڻ,english,English → Sindhi,take wing to,اڏامڻ پرواز ڪرڻ,,SindhiLanguage.org,https://sindhilanguage.org/,Amar Fayaz Buriro (امر فياض ٻرڙو),(Take wing to),(Take wing to),PARENTHETICAL,PARENTHETICAL
slx_689728f51284a014,63339,(Upon the winds of the wind),,,English → Sindhi,بي حد تيز رفتاريءَ سان,english,English → Sindhi,upon the winds of the wind,بي حد تيز رفتاريء سان,,SindhiLanguage.org,https://sindhilanguage.org/,Amar Fayaz Buriro (امر فياض ٻرڙو),(Upon the winds of the wind),(Upon the winds of the wind),PARENTHETICAL,PARENTHETICAL
slx_9c6f83320b940b51,63342,Wink (v),,,English → Sindhi,اک بند ڪرڻ، اک ڀڃڻ، اک جو اشارو ڪرڻ، اک ڇنڀ,english,English → Sindhi,wink v,اک بند ڪرڻ اک ڀڃڻ اک جو اشارو ڪرڻ اک ڇنڀ,,SindhiLanguage.org,https://sindhilanguage.org/,Amar Fayaz Buriro (امر فياض ٻرڙو),Wink (v),Wink (v),HEADWORD_WITH_LABEL,HEADWORD_WITH_LABEL
slx_f2c25da5c03d4d10,63345,Winnow (v),,,English → Sindhi,وائرڻ، ڦوڪڻ، ڇٽڻ، ڳالهه صفا ڪرڻ,english,English → Sindhi,winnow v,وائرڻ ڦوڪڻ ڇٽڻ ڳالهه صفا ڪرڻ,,SindhiLanguage.org,https://sindhilanguage.org/,Amar Fayaz Buriro (امر فياض ٻرڙو),Winnow (v),Winnow (v),HEADWORD_WITH_LABEL,HEADWORD_WITH_LABEL
slx_1015e10b07c8a2bb,63350,Wipe (v),,,English → Sindhi,صاف ڪرڻ، اگهڻ، مٽائي ڇڏڻ,english,English → Sindhi,wipe v,صاف ڪرڻ اگهڻ مٽائي ڇڏڻ,,SindhiLanguage.org,https://sindhilanguage.org/,Amar Fayaz Buriro (امر فياض ٻرڙو),Wipe (v),Wipe (v),HEADWORD_WITH_LABEL,HEADWORD_WITH_LABEL
slx_4ed380d2eefaf29d,63351,Wipe out (v),,,English → Sindhi,برباد ڪرڻ، اٿيڙڻ، ميساري ڇڏيڻ,english,English → Sindhi,wipe out v,برباد ڪرڻ اٿيڙڻ ميساري ڇڏيڻ,,SindhiLanguage.org,https://sindhilanguage.org/,Amar Fayaz Buriro (امر فياض ٻرڙو),Wipe out (v),Wipe out (v),HEADWORD_WITH_LABEL,HEADWORD_WITH_LABEL
slx_7579705a75b0aa7c,63353,Wire draw (v),,,English → Sindhi,تار ڇڪڻ,english,English → Sindhi,wire draw v,تار ڇڪڻ,,SindhiLanguage.org,https://sindhilanguage.org/,Amar Fayaz Buriro (امر فياض ٻرڙو),Wire draw (v),Wire draw (v),HEADWORD_WITH_LABEL,HEADWORD_WITH_LABEL
slx_4ab8b527c831fa70,63357,(To bind with wire to send by telegraph),,,English → Sindhi,تار سان ٻڌڻ، تار موڪلڻ,english,English → Sindhi,to bind with wire to send by telegraph,تار سان ٻڌڻ تار موڪلڻ,,SindhiLanguage.org,https://sindhilanguage.org/,Amar Fayaz Buriro (امر فياض ٻرڙو),(To bind with wire to send by telegraph),(To bind with wire to send by telegraph),PARENTHETICAL,PARENTHETICAL
slx_b7f0754ad89e2be8,63360,(To cut ones wisdom tooth),,,English → Sindhi,بالغ ٿيڻ، سامائجڻ,english,English → Sindhi,to cut ones wisdom tooth,بالغ ٿيڻ سامائجڻ,,SindhiLanguage.org,https://sindhilanguage.org/,Amar Fayaz Buriro (امر فياض ٻرڙو),(To cut ones wisdom tooth),(To cut ones wisdom tooth),PARENTHETICAL,PARENTHETICAL
slx_9e3fde3d3a09e0ae,63371,(At one’s wit’s end),,,English → Sindhi,منجهي پوڻ، ڪياڙي کنهڻ,english,English → Sindhi,at one s wit s end,منجهي پوڻ ڪياڙي کنهڻ,,SindhiLanguage.org,https://sindhilanguage.org/,Amar Fayaz Buriro (امر فياض ٻرڙو),(At one’s wit’s end),(At one’s wit’s end),PARENTHETICAL,PARENTHETICAL
slx_1d32d7b8df9649eb,63378,Withdraw (v),,,English → Sindhi,واپس ٿيڻ يا وٺڻ، واپس ڪڍڻ، موٽائي وٺڻ هٽائڻ يا هٽڻ,english,English → Sindhi,withdraw v,واپس ٿيڻ يا وٺڻ واپس ڪڍڻ موٽائي وٺڻ هٽائڻ يا هٽڻ,,SindhiLanguage.org,https://sindhilanguage.org/,Amar Fayaz Buriro (امر فياض ٻرڙو),Withdraw (v),Withdraw (v),HEADWORD_WITH_LABEL,HEADWORD_WITH_LABEL
slx_59f0b3b6cb663b8c,63382,Wither (v),,,English → Sindhi,خشڪ ٿيڻ، ڪومائجڻ، مرجهائڻ,english,English → Sindhi,wither v,خشڪ ٿيڻ ڪومائجڻ مرجهائڻ,,SindhiLanguage.org,https://sindhilanguage.org/,Amar Fayaz Buriro (امر فياض ٻرڙو),Wither (v),Wither (v),HEADWORD_WITH_LABEL,HEADWORD_WITH_LABEL
slx_8ab06175f6b09d33,63384,With hold (v),,,English → Sindhi,روڪڻ، باز رکڻ، دٻائي رکڻ,english,English → Sindhi,with hold v,روڪڻ باز رکڻ دٻائي رکڻ,,SindhiLanguage.org,https://sindhilanguage.org/,Amar Fayaz Buriro (امر فياض ٻرڙو),With hold (v),With hold (v),HEADWORD_WITH_LABEL,HEADWORD_WITH_LABEL
slx_c9c38e3239f79653,63387,With stand (v),,,English → Sindhi,مخالفت ڪرڻ، مقابلو ڪرڻ، روڪڻ، منهن ڏيڻ,english,English → Sindhi,with stand v,مخالفت ڪرڻ مقابلو ڪرڻ روڪڻ منهن ڏيڻ,,SindhiLanguage.org,https://sindhilanguage.org/,Amar Fayaz Buriro (امر فياض ٻرڙو),With stand (v),With stand (v),HEADWORD_WITH_LABEL,HEADWORD_WITH_LABEL
slx_e38a0c2fbb236091,63395,Witness (v),,,English → Sindhi,شاهدي ڏيڻ يا وجهڻ، ڏسڻ، قسم کڻڻ,english,English → Sindhi,witness v,شاهدي ڏيڻ يا وجهڻ ڏسڻ قسم کڻڻ,,SindhiLanguage.org,https://sindhilanguage.org/,Amar Fayaz Buriro (امر فياض ٻرڙو),Witness (v),Witness (v),HEADWORD_WITH_LABEL,HEADWORD_WITH_LABEL
slx_f868339892aa7624,63397,(Quick witted),,,English → Sindhi,تيز فهم، ذهين,english,English → Sindhi,quick witted,تيز فهم ذهين,,SindhiLanguage.org,https://sindhilanguage.org/,Amar Fayaz Buriro (امر فياض ٻرڙو),(Quick witted),(Quick witted),PARENTHETICAL,PARENTHETICAL
slx_7ed2ee3b4cd90113,63409,Womanise (v),,,English → Sindhi,رنڊيبازي، زنانو بنائڻ,english,English → Sindhi,womanise v,رنڊيبازي زنانو بنائڻ,,SindhiLanguage.org,https://sindhilanguage.org/,Amar Fayaz Buriro (امر فياض ٻرڙو),Womanise (v),Womanise (v),HEADWORD_WITH_LABEL,HEADWORD_WITH_LABEL
slx_ed84f66ba35cfd26,63413,Won (pt. of win),,,English → Sindhi,کٽيو، جيتيو، فتح ڪيو,english,English → Sindhi,won pt of win,کٽيو جيتيو فتح ڪيو,,SindhiLanguage.org,https://sindhilanguage.org/,Amar Fayaz Buriro (امر فياض ٻرڙو),Won (pt. of win),Won (pt. of win),HEADWORD_WITH_LABEL,HEADWORD_WITH_LABEL
slx_ce788eb9b69264a6,63416,Wonder (v),,,English → Sindhi,عجب کائڻ، تعجب ڪرڻ,english,English → Sindhi,wonder v,عجب کائڻ تعجب ڪرڻ,,SindhiLanguage.org,https://sindhilanguage.org/,Amar Fayaz Buriro (امر فياض ٻرڙو),Wonder (v),Wonder (v),HEADWORD_WITH_LABEL,HEADWORD_WITH_LABEL
slx_9b521c1ced74b4fc,63417,(I wonder if),,,English → Sindhi,مان نٿون ڀانيان ته، مان معلوم ڪرڻ گهران ٿو ته,english,English → Sindhi,i wonder if,مان نٿون ڀانيان ته مان معلوم ڪرڻ گهران ٿو ته,,SindhiLanguage.org,https://sindhilanguage.org/,Amar Fayaz Buriro (امر فياض ٻرڙو),(I wonder if),(I wonder if),PARENTHETICAL,PARENTHETICAL
slx_50445a846ed8b1a6,63418,(To work wonders),,,English → Sindhi,عجب جو ڪم ڪري ڏيکارڻ، ڪمال ڪرڻ,english,English → Sindhi,to work wonders,عجب جو ڪم ڪري ڏيکارڻ ڪمال ڪرڻ,,SindhiLanguage.org,https://sindhilanguage.org/,Amar Fayaz Buriro (امر فياض ٻرڙو),(To work wonders),(To work wonders),PARENTHETICAL,PARENTHETICAL
slx_b3c5c6868e4f621f,63419,(Nine days wonder),,,English → Sindhi,چار دن ڪي چاندني ڦر انڌيري رات، چئن ڏينهن جو چٽڪو,english,English → Sindhi,nine days wonder,چار دن ڪي چاندني ڦر انڌيري رات چئن ڏينهن جو چٽڪو,,SindhiLanguage.org,https://sindhilanguage.org/,Amar Fayaz Buriro (امر فياض ٻرڙو),(Nine days wonder),(Nine days wonder),PARENTHETICAL,PARENTHETICAL
slx_52e3ce71cd5b049a,63427,Won’t (will not),,,English → Sindhi,نه ڪندو (زمان مستقبل),english,English → Sindhi,won t will not,نه ڪندو زمان مستقبل,,SindhiLanguage.org,https://sindhilanguage.org/,Amar Fayaz Buriro (امر فياض ٻرڙو),Won’t (will not),Won’t (will not),HEADWORD_WITH_LABEL,HEADWORD_WITH_LABEL
slx_4ba4e9aa51e5d695,63429,Woo (v),,,English → Sindhi,شاديءَ جي لاءِ چوڻ، محبت ڪرڻ، ريجهائڻ,english,English → Sindhi,woo v,شاديء جي لاء چوڻ محبت ڪرڻ ريجهائڻ,,SindhiLanguage.org,https://sindhilanguage.org/,Amar Fayaz Buriro (امر فياض ٻرڙو),Woo (v),Woo (v),HEADWORD_WITH_LABEL,HEADWORD_WITH_LABEL
slx_5088f77fa2b85d1f,63453,(Come to words to),,,English → Sindhi,واتين پوڻ,english,English → Sindhi,come to words to,واتين پوڻ,,SindhiLanguage.org,https://sindhilanguage.org/,Amar Fayaz Buriro (امر فياض ٻرڙو),(Come to words to),(Come to words to),PARENTHETICAL,PARENTHETICAL
slx_a7229e43c7665a1c,63454,(In a word),,,English → Sindhi,قصور ڪوتاه، مطلب ته,english,English → Sindhi,in a word,قصور ڪوتاه مطلب ته,,SindhiLanguage.org,https://sindhilanguage.org/,Amar Fayaz Buriro (امر فياض ٻرڙو),(In a word),(In a word),PARENTHETICAL,PARENTHETICAL
slx_d89358cb6efbed46,63455,(My word of mouth),,,English → Sindhi,وات واڻي,english,English → Sindhi,my word of mouth,وات واڻي,,SindhiLanguage.org,https://sindhilanguage.org/,Amar Fayaz Buriro (امر فياض ٻرڙو),(My word of mouth),(My word of mouth),PARENTHETICAL,PARENTHETICAL
slx_c3cc7a49378d5ce2,63456,(Upon my word),,,English → Sindhi,مون تي اعتبار ڪر,english,English → Sindhi,upon my word,مون تي اعتبار ڪر,,SindhiLanguage.org,https://sindhilanguage.org/,Amar Fayaz Buriro (امر فياض ٻرڙو),(Upon my word),(Upon my word),PARENTHETICAL,PARENTHETICAL
slx_3a73d22b85f6ee6a,63460,(A word with you),,,English → Sindhi,ڳالهه ته ٻڌ جو,english,English → Sindhi,a word with you,ڳالهه ته ٻڌ جو,,SindhiLanguage.org,https://sindhilanguage.org/,Amar Fayaz Buriro (امر فياض ٻرڙو),(A word with you),(A word with you),PARENTHETICAL,PARENTHETICAL
slx_23407cc5c3f4b394,63461,Wore (p.t of wear),,,English → Sindhi,پاتو، پهريو، اوڍيو,english,English → Sindhi,wore p t of wear,پاتو پهريو اوڍيو,,SindhiLanguage.org,https://sindhilanguage.org/,Amar Fayaz Buriro (امر فياض ٻرڙو),Wore (p.t of wear),Wore (p.t of wear),HEADWORD_WITH_LABEL,HEADWORD_WITH_LABEL
slx_6ecde45448b306b4,63463,Work (v),,,English → Sindhi,اثر ڪرڻ، ڪم ڪرڻ,english,English → Sindhi,work v,اثر ڪرڻ ڪم ڪرڻ,,SindhiLanguage.org,https://sindhilanguage.org/,Amar Fayaz Buriro (امر فياض ٻرڙو),Work (v),Work (v),HEADWORD_WITH_LABEL,HEADWORD_WITH_LABEL
slx_4dcaad93a904d185,63491,Worry (v),,,English → Sindhi,تنگ ڪرڻ، ستائڻ، دق ڪرڻ، تڪليف، ڳڻتي,english,English → Sindhi,worry v,تنگ ڪرڻ ستائڻ دق ڪرڻ تڪليف ڳڻتي,,SindhiLanguage.org,https://sindhilanguage.org/,Amar Fayaz Buriro (امر فياض ٻرڙو),Worry (v),Worry (v),HEADWORD_WITH_LABEL,HEADWORD_WITH_LABEL
slx_7e11ef80f9df2d15,63494,Worsen (v),,,English → Sindhi,بلڪل بگڙڻ، بدتر ٿيڻ، خراب ڪرڻ,english,English → Sindhi,worsen v,بلڪل بگڙڻ بدتر ٿيڻ خراب ڪرڻ,,SindhiLanguage.org,https://sindhilanguage.org/,Amar Fayaz Buriro (امر فياض ٻرڙو),Worsen (v),Worsen (v),HEADWORD_WITH_LABEL,HEADWORD_WITH_LABEL
slx_d60cd18fd918f0e2,63496,Worship (v),,,English → Sindhi,عبادت ڪرڻ، بندگي ڪرڻ، عزت ڪرڻ,english,English → Sindhi,worship v,عبادت ڪرڻ بندگي ڪرڻ عزت ڪرڻ,,SindhiLanguage.org,https://sindhilanguage.org/,Amar Fayaz Buriro (امر فياض ٻرڙو),Worship (v),Worship (v),HEADWORD_WITH_LABEL,HEADWORD_WITH_LABEL
slx_9100de7fb22e5078,63506,Be worth (v),,,English → Sindhi,قيمت لهڻ، قيمت ڪٿڻ,english,English → Sindhi,be worth v,قيمت لهڻ قيمت ڪٿڻ,,SindhiLanguage.org,https://sindhilanguage.org/,Amar Fayaz Buriro (امر فياض ٻرڙو),Be worth (v),Be worth (v),HEADWORD_WITH_LABEL,HEADWORD_WITH_LABEL
slx_acfc3fd919b6f981,63519,Wound (v),,,English → Sindhi,ڦٽي وجهڻ، زخم رسائڻ، ڏکوئڻ,english,English → Sindhi,wound v,ڦٽي وجهڻ زخم رسائڻ ڏکوئڻ,,SindhiLanguage.org,https://sindhilanguage.org/,Amar Fayaz Buriro (امر فياض ٻرڙو),Wound (v),Wound (v),HEADWORD_WITH_LABEL,HEADWORD_WITH_LABEL
slx_304a5301d7c77ee6,63521,Wound (p.t of wind),,,English → Sindhi,ختم ڪيو، وڙهيو، لڙيو، چاٻي ڏني,english,English → Sindhi,wound p t of wind,ختم ڪيو وڙهيو لڙيو چاٻي ڏني,,SindhiLanguage.org,https://sindhilanguage.org/,Amar Fayaz Buriro (امر فياض ٻرڙو),Wound (p.t of wind),Wound (p.t of wind),HEADWORD_WITH_LABEL,HEADWORD_WITH_LABEL
slx_a4477e1014a810f9,63522,Wove (p.t of weave),,,English → Sindhi,اُڻيو,english,English → Sindhi,wove p t of weave,اڻيو,,SindhiLanguage.org,https://sindhilanguage.org/,Amar Fayaz Buriro (امر فياض ٻرڙو),Wove (p.t of weave),Wove (p.t of weave),HEADWORD_WITH_LABEL,HEADWORD_WITH_LABEL
slx_ee5ebbf9eec03470,63527,Wrap (v),,,English → Sindhi,ويڙهڻ، گهيرو ڪرڻ، لڪائڻ، گلوبند، مفلر، شال، لبادو,english,English → Sindhi,wrap v,ويڙهڻ گهيرو ڪرڻ لڪائڻ گلوبند مفلر شال لبادو,,SindhiLanguage.org,https://sindhilanguage.org/,Amar Fayaz Buriro (امر فياض ٻرڙو),Wrap (v),Wrap (v),HEADWORD_WITH_LABEL,HEADWORD_WITH_LABEL
slx_43b573d5a1088ad2,63528,Wrap up (v),,,English → Sindhi,گرم ڪپڙا ويڙهڻ، لپيٽڻ,english,English → Sindhi,wrap up v,گرم ڪپڙا ويڙهڻ لپيٽڻ,,SindhiLanguage.org,https://sindhilanguage.org/,Amar Fayaz Buriro (امر فياض ٻرڙو),Wrap up (v),Wrap up (v),HEADWORD_WITH_LABEL,HEADWORD_WITH_LABEL
slx_4f5488b496564f86,63533,Wreak (v),,,English → Sindhi,ڪنهن کان بدلو وٺڻ، انتقام وٺڻ، ڪنهن تي ڪاوڙ ٺارڻ,english,English → Sindhi,wreak v,ڪنهن کان بدلو وٺڻ انتقام وٺڻ ڪنهن تي ڪاوڙ ٺارڻ,,SindhiLanguage.org,https://sindhilanguage.org/,Amar Fayaz Buriro (امر فياض ٻرڙو),Wreak (v),Wreak (v),HEADWORD_WITH_LABEL,HEADWORD_WITH_LABEL
slx_e2f4fc052e988a64,63534,Wreak vengeance (v),,,English → Sindhi,بدلو وٺڻ، انتقام وٺڻ,english,English → Sindhi,wreak vengeance v,بدلو وٺڻ انتقام وٺڻ,,SindhiLanguage.org,https://sindhilanguage.org/,Amar Fayaz Buriro (امر فياض ٻرڙو),Wreak vengeance (v),Wreak vengeance (v),HEADWORD_WITH_LABEL,HEADWORD_WITH_LABEL
slx_33bacd0f98ee94b5,63536,Wreathe (v),,,English → Sindhi,هارپوئڻ، ويڙهجڻ، گلي ۾ يا چيلهه ۾ هٿ وجهڻ,english,English → Sindhi,wreathe v,هارپوئڻ ويڙهجڻ گلي يا چيلهه هٿ وجهڻ,,SindhiLanguage.org,https://sindhilanguage.org/,Amar Fayaz Buriro (امر فياض ٻرڙو),Wreathe (v),Wreathe (v),HEADWORD_WITH_LABEL,HEADWORD_WITH_LABEL
slx_f2d2226b163e5993,63538,Wreck (v),,,English → Sindhi,شڪسته جهاز، ڀڳل جهاز، کنڊر، تباهه ڪرڻ,english,English → Sindhi,wreck v,شڪسته جهاز ڀڳل جهاز کنڊر تباهه ڪرڻ,,SindhiLanguage.org,https://sindhilanguage.org/,Amar Fayaz Buriro (امر فياض ٻرڙو),Wreck (v),Wreck (v),HEADWORD_WITH_LABEL,HEADWORD_WITH_LABEL
slx_cd918b0154b6584f,63542,Wrench (v),,,English → Sindhi,جدائي جو صدمو، پيچ ڪش، مروڙڻ,english,English → Sindhi,wrench v,جدائي جو صدمو پيچ ڪش مروڙڻ,,SindhiLanguage.org,https://sindhilanguage.org/,Amar Fayaz Buriro (امر فياض ٻرڙو),Wrench (v),Wrench (v),HEADWORD_WITH_LABEL,HEADWORD_WITH_LABEL
slx_6fef6c93ce94f308,63543,Wrest (v),,,English → Sindhi,مروڙڻ، ٽوڙڻ، معنيٰ ڦيرڻ، ڦرڻ,english,English → Sindhi,wrest v,مروڙڻ ٽوڙڻ معني ڦيرڻ ڦرڻ,,SindhiLanguage.org,https://sindhilanguage.org/,Amar Fayaz Buriro (امر فياض ٻرڙو),Wrest (v),Wrest (v),HEADWORD_WITH_LABEL,HEADWORD_WITH_LABEL
slx_40def80d42269f75,63544,Wrestle (v),,,English → Sindhi,ڪشتي وڙهڻ، ملهه، ملهه وڙهڻ، دماغ لڳائڻ,english,English → Sindhi,wrestle v,ڪشتي وڙهڻ ملهه ملهه وڙهڻ دماغ لڳائڻ,,SindhiLanguage.org,https://sindhilanguage.org/,Amar Fayaz Buriro (امر فياض ٻرڙو),Wrestle (v),Wrestle (v),HEADWORD_WITH_LABEL,HEADWORD_WITH_LABEL
slx_d8c0a0b99a3637e2,63549,Wrick (v) (Rick),,,English → Sindhi,جهٽڪو، مروٽو ڏيڻ، موچ اچڻ، مڙي پوڻ,english,English → Sindhi,wrick v rick,جهٽڪو مروٽو ڏيڻ موچ اچڻ مڙي پوڻ,,SindhiLanguage.org,https://sindhilanguage.org/,Amar Fayaz Buriro (امر فياض ٻرڙو),Wrick (v) (Rick),Wrick (v) (Rick),HEADWORD_WITH_LABEL,HEADWORD_WITH_LABEL
slx_bb41cf08df16b3a2,63550,Wriggle (v),,,English → Sindhi,ڪينئين وانگر چرڻ، ڄاڻي واڻي ٽال مٽول ڪرڻ,english,English → Sindhi,wriggle v,ڪينئين وانگر چرڻ ڄاڻي واڻي ٽال مٽول ڪرڻ,,SindhiLanguage.org,https://sindhilanguage.org/,Amar Fayaz Buriro (امر فياض ٻرڙو),Wriggle (v),Wriggle (v),HEADWORD_WITH_LABEL,HEADWORD_WITH_LABEL
slx_7bc91fc1312574c9,63552,Wring (v),,,English → Sindhi,نچوڙڻ، مروڙڻ، سخت ايذا ڏيڻ، عبادت، لاهڻ، ڦرڻ، وٽ ڏيڻ,english,English → Sindhi,wring v,نچوڙڻ مروڙڻ سخت ايذا ڏيڻ عبادت لاهڻ ڦرڻ وٽ ڏيڻ,,SindhiLanguage.org,https://sindhilanguage.org/,Amar Fayaz Buriro (امر فياض ٻرڙو),Wring (v),Wring (v),HEADWORD_WITH_LABEL,HEADWORD_WITH_LABEL
slx_3a36879277e4be9b,63553,Wring out (v),,,English → Sindhi,نپوڙڻ، نچوڙڻ، نچوئي ڪڍڻ,english,English → Sindhi,wring out v,نپوڙڻ نچوڙڻ نچوئي ڪڍڻ,,SindhiLanguage.org,https://sindhilanguage.org/,Amar Fayaz Buriro (امر فياض ٻرڙو),Wring out (v),Wring out (v),HEADWORD_WITH_LABEL,HEADWORD_WITH_LABEL
slx_7b54e714237306ca,63559,Write (v),,,English → Sindhi,لکڻ، تصنيف ڪرڻ، اندراج ڪرڻ,english,English → Sindhi,write v,لکڻ تصنيف ڪرڻ اندراج ڪرڻ,,SindhiLanguage.org,https://sindhilanguage.org/,Amar Fayaz Buriro (امر فياض ٻرڙو),Write (v),Write (v),HEADWORD_WITH_LABEL,HEADWORD_WITH_LABEL
slx_7ff90d3987480268,63560,Write down (v),,,English → Sindhi,لکي وٺڻ، اکر اٽڪائڻ، ڪنهن جا نقص لکڻ,english,English → Sindhi,write down v,لکي وٺڻ اکر اٽڪائڻ ڪنهن جا نقص لکڻ,,SindhiLanguage.org,https://sindhilanguage.org/,Amar Fayaz Buriro (امر فياض ٻرڙو),Write down (v),Write down (v),HEADWORD_WITH_LABEL,HEADWORD_WITH_LABEL
slx_f4c14ed9c3a0401c,63561,Write off (v),,,English → Sindhi,اکر واري ڇڏڻ، رقم کي ٻڙي ڏيڻ، قلم زد ڪرڻ,english,English → Sindhi,write off v,اکر واري ڇڏڻ رقم کي ٻڙي ڏيڻ قلم زد ڪرڻ,,SindhiLanguage.org,https://sindhilanguage.org/,Amar Fayaz Buriro (امر فياض ٻرڙو),Write off (v),Write off (v),HEADWORD_WITH_LABEL,HEADWORD_WITH_LABEL
slx_ceea19ab5ab9aca2,63562,Write out (v),,,English → Sindhi,پورو لکي ڇڏڻ، سڀ ڪجهه لکي ڇڏڻ، اتاري وٺڻ,english,English → Sindhi,write out v,پورو لکي ڇڏڻ سڀ ڪجهه لکي ڇڏڻ اتاري وٺڻ,,SindhiLanguage.org,https://sindhilanguage.org/,Amar Fayaz Buriro (امر فياض ٻرڙو),Write out (v),Write out (v),HEADWORD_WITH_LABEL,HEADWORD_WITH_LABEL
slx_82a98d9e8cf07649,63565,(Fine writer),,,English → Sindhi,خوش نويس، سهڻا اکر لکندڙ,english,English → Sindhi,fine writer,خوش نويس سهڻا اکر لکندڙ,,SindhiLanguage.org,https://sindhilanguage.org/,Amar Fayaz Buriro (امر فياض ٻرڙو),(Fine writer),(Fine writer),PARENTHETICAL,PARENTHETICAL
slx_b5644fa73424fbfa,63566,(Writer’s cramp or palsy),,,English → Sindhi,رعشو جو گهڻي لکڻ ڪري آڱرن ۾ پيدا ٿيندو آهي,english,English → Sindhi,writer s cramp or palsy,رعشو جو گهڻي لکڻ ڪري آڱرن پيدا ٿيندو آهي,,SindhiLanguage.org,https://sindhilanguage.org/,Amar Fayaz Buriro (امر فياض ٻرڙو),(Writer’s cramp or palsy),(Writer’s cramp or palsy),PARENTHETICAL,PARENTHETICAL
slx_25aea83c5e50547f,63567,Writhe (v),,,English → Sindhi,سخت ايذا ٿيڻ، پنهنجي بدن کي مروٽڻ، لڇڻ، ڦٿڪڻ,english,English → Sindhi,writhe v,سخت ايذا ٿيڻ پنهنجي بدن کي مروٽڻ لڇڻ ڦٿڪڻ,,SindhiLanguage.org,https://sindhilanguage.org/,Amar Fayaz Buriro (امر فياض ٻرڙو),Writhe (v),Writhe (v),HEADWORD_WITH_LABEL,HEADWORD_WITH_LABEL
slx_84a91cb0df6eacbb,63569,(Contracted writing),,,English → Sindhi,پيچي اکر,english,English → Sindhi,contracted writing,پيچي اکر,,SindhiLanguage.org,https://sindhilanguage.org/,Amar Fayaz Buriro (امر فياض ٻرڙو),(Contracted writing),(Contracted writing),PARENTHETICAL,PARENTHETICAL
slx_998ecb2598d5e41e,63572,(The writing on the wall),,,English → Sindhi,وعيد غيبي,english,English → Sindhi,the writing on the wall,وعيد غيبي,,SindhiLanguage.org,https://sindhilanguage.org/,Amar Fayaz Buriro (امر فياض ٻرڙو),(The writing on the wall),(The writing on the wall),PARENTHETICAL,PARENTHETICAL
slx_a8d7a4ea41d8aa58,63577,(Do wrong),,,English → Sindhi,جرم ڪرڻ، ڏوهه ڪرڻ، گناهه ڪرڻ، غلطي ڪرڻ,english,English → Sindhi,do wrong,جرم ڪرڻ ڏوهه ڪرڻ گناهه ڪرڻ غلطي ڪرڻ,,SindhiLanguage.org,https://sindhilanguage.org/,Amar Fayaz Buriro (امر فياض ٻرڙو),(Do wrong),(Do wrong),PARENTHETICAL,PARENTHETICAL
slx_548d334e3855bc66,63578,(Go wrong),,,English → Sindhi,بدراه ٿيڻ (خاص ڪري عورت جو),english,English → Sindhi,go wrong,بدراه ٿيڻ خاص ڪري عورت جو,,SindhiLanguage.org,https://sindhilanguage.org/,Amar Fayaz Buriro (امر فياض ٻرڙو),(Go wrong),(Go wrong),PARENTHETICAL,PARENTHETICAL
slx_2880583e7b2caa89,63579,(Hold of the wrong end of the stick),,,English → Sindhi,هن اونڌي ڳالهه سمجهي آهي,english,English → Sindhi,hold of the wrong end of the stick,هن اونڌي ڳالهه سمجهي آهي,,SindhiLanguage.org,https://sindhilanguage.org/,Amar Fayaz Buriro (امر فياض ٻرڙو),(Hold of the wrong end of the stick),(Hold of the wrong end of the stick),PARENTHETICAL,PARENTHETICAL
slx_e748c1dfbb6d3e5c,63580,(On the wrong side of 40),,,English → Sindhi,چاليهن کان وڌيڪ عمر جو,english,English → Sindhi,on the wrong side of 40,چاليهن کان وڌيڪ عمر جو,,SindhiLanguage.org,https://sindhilanguage.org/,Amar Fayaz Buriro (امر فياض ٻرڙو),(On the wrong side of 40),(On the wrong side of 40),PARENTHETICAL,PARENTHETICAL
slx_850a489e0f6d67d1,63581,(What is wrong with this),,,English → Sindhi,هن ۾ ڪهڙي خرابي آهي,english,English → Sindhi,what is wrong with this,هن ڪهڙي خرابي آهي,,SindhiLanguage.org,https://sindhilanguage.org/,Amar Fayaz Buriro (امر فياض ٻرڙو),(What is wrong with this),(What is wrong with this),PARENTHETICAL,PARENTHETICAL
slx_b8a709f7063e8d72,63582,(Wrong side out),,,English → Sindhi,اونڌو، اُبتو، اُلٽو,english,English → Sindhi,wrong side out,اونڌو ابتو الٽو,,SindhiLanguage.org,https://sindhilanguage.org/,Amar Fayaz Buriro (امر فياض ٻرڙو),(Wrong side out),(Wrong side out),PARENTHETICAL,PARENTHETICAL
slx_96896c3b54e58777,63583,(You do me wrong),,,English → Sindhi,مون تي بي جا الزام ٿو لڳائين,english,English → Sindhi,you do me wrong,مون تي بي جا الزام ٿو لڳائين,,SindhiLanguage.org,https://sindhilanguage.org/,Amar Fayaz Buriro (امر فياض ٻرڙو),(You do me wrong),(You do me wrong),PARENTHETICAL,PARENTHETICAL
slx_6ade4495808ae74b,63587,Wrote (p.t of write),,,English → Sindhi,لکيو، قلم بند ڪيو,english,English → Sindhi,wrote p t of write,لکيو قلم بند ڪيو,,SindhiLanguage.org,https://sindhilanguage.org/,Amar Fayaz Buriro (امر فياض ٻرڙو),Wrote (p.t of write),Wrote (p.t of write),HEADWORD_WITH_LABEL,HEADWORD_WITH_LABEL
slx_3ad2ba84be75b8c3,63589,Wrought (p.t of work),,,English → Sindhi,ٺهيل، بڻيل، ٺاهيل، ڪشيدو، جوش ۾ آيل,english,English → Sindhi,wrought p t of work,ٺهيل بڻيل ٺاهيل ڪشيدو جوش آيل,,SindhiLanguage.org,https://sindhilanguage.org/,Amar Fayaz Buriro (امر فياض ٻرڙو),Wrought (p.t of work),Wrought (p.t of work),HEADWORD_WITH_LABEL,HEADWORD_WITH_LABEL
slx_d7170104f27b4581,63592,(To make a wry face),,,English → Sindhi,برو منهن ڪرڻ,english,English → Sindhi,to make a wry face,برو منهن ڪرڻ,,SindhiLanguage.org,https://sindhilanguage.org/,Amar Fayaz Buriro (امر فياض ٻرڙو),(To make a wry face),(To make a wry face),PARENTHETICAL,PARENTHETICAL
slx_308fd7da63a36bcc,63617,Xen (o),,,English → Sindhi,Xenos جي ترڪيبي شڪل، ڌاريو,english,English → Sindhi,xen o,xenos جي ترڪيبي شڪل ڌاريو,,SindhiLanguage.org,https://sindhilanguage.org/,Amar Fayaz Buriro (امر فياض ٻرڙو),Xen (o),Xen (o),HEADWORD_WITH_LABEL,HEADWORD_WITH_LABEL
slx_5e6116b294f16072,63668,(Brick yard),,,English → Sindhi,سرن جي بٺي جو حاطو,english,English → Sindhi,brick yard,سرن جي بٺي جو حاطو,,SindhiLanguage.org,https://sindhilanguage.org/,Amar Fayaz Buriro (امر فياض ٻرڙو),(Brick yard),(Brick yard),PARENTHETICAL,PARENTHETICAL
slx_b27fdb65d4461105,63669,(Railway yard),,,English → Sindhi,ريلوي گاڏين جي بيهڻ جي جاءِ,english,English → Sindhi,railway yard,ريلوي گاڏين جي بيهڻ جي جاء,,SindhiLanguage.org,https://sindhilanguage.org/,Amar Fayaz Buriro (امر فياض ٻرڙو),(Railway yard),(Railway yard),PARENTHETICAL,PARENTHETICAL
slx_715b8677ce5af42b,63680,Yaw (v),,,English → Sindhi,ڀٽڪڻ، جهاز جو سڌي رستي کان ڦري هلڻ، رستو ڦيرائڻ,english,English → Sindhi,yaw v,ڀٽڪڻ جهاز جو سڌي رستي کان ڦري هلڻ رستو ڦيرائڻ,,SindhiLanguage.org,https://sindhilanguage.org/,Amar Fayaz Buriro (امر فياض ٻرڙو),Yaw (v),Yaw (v),HEADWORD_WITH_LABEL,HEADWORD_WITH_LABEL
slx_b883d9ed979746ae,63681,Yawn (v),,,English → Sindhi,اوٻاسي ڏيڻ، وات ڦاڙڻ، منهن، گهارو,english,English → Sindhi,yawn v,اوٻاسي ڏيڻ وات ڦاڙڻ منهن گهارو,,SindhiLanguage.org,https://sindhilanguage.org/,Amar Fayaz Buriro (امر فياض ٻرڙو),Yawn (v),Yawn (v),HEADWORD_WITH_LABEL,HEADWORD_WITH_LABEL
slx_8a92e89311edd04c,63684,Yelept (Iklept),,,English → Sindhi,سڏائي ٿو، جو ان نالي سان سڏبو هجي,english,English → Sindhi,yelept iklept,سڏائي ٿو جو ان نالي سان سڏبو هجي,,SindhiLanguage.org,https://sindhilanguage.org/,Amar Fayaz Buriro (امر فياض ٻرڙو),Yelept (Iklept),Yelept (Iklept),HEADWORD_WITH_LABEL,HEADWORD_WITH_LABEL
slx_35049f4a3c8d4fd5,63688,Yean (v),,,English → Sindhi,رڍ يا ٻڪري جو ويامڻ، رڍ يا ٻڪريءَ جو ڦر ڏيڻ,english,English → Sindhi,yean v,رڍ يا ٻڪري جو ويامڻ رڍ يا ٻڪريء جو ڦر ڏيڻ,,SindhiLanguage.org,https://sindhilanguage.org/,Amar Fayaz Buriro (امر فياض ٻرڙو),Yean (v),Yean (v),HEADWORD_WITH_LABEL,HEADWORD_WITH_LABEL
slx_45a01d6a5537fb06,63693,(This year),,,English → Sindhi,هيل، هن سال، امسال,english,English → Sindhi,this year,هيل هن سال امسال,,SindhiLanguage.org,https://sindhilanguage.org/,Amar Fayaz Buriro (امر فياض ٻرڙو),(This year),(This year),PARENTHETICAL,PARENTHETICAL
slx_0d80e96dbe6d6ebe,63697,(Of this year),,,English → Sindhi,هيلوڪي، هن سال وارو,english,English → Sindhi,of this year,هيلوڪي هن سال وارو,,SindhiLanguage.org,https://sindhilanguage.org/,Amar Fayaz Buriro (امر فياض ٻرڙو),(Of this year),(Of this year),PARENTHETICAL,PARENTHETICAL
slx_414c69e73eec7114,63699,(A year & a day),,,English → Sindhi,هڪ سال هڪ ڏينهن جي قانوني مدت,english,English → Sindhi,a year a day,هڪ سال هڪ ڏينهن جي قانوني مدت,,SindhiLanguage.org,https://sindhilanguage.org/,Amar Fayaz Buriro (امر فياض ٻرڙو),(A year & a day),(A year & a day),PARENTHETICAL,PARENTHETICAL
slx_96cbae2635816781,63700,(Fiscal year),,,English → Sindhi,مالي سال، حسابي سال,english,English → Sindhi,fiscal year,مالي سال حسابي سال,,SindhiLanguage.org,https://sindhilanguage.org/,Amar Fayaz Buriro (امر فياض ٻرڙو),(Fiscal year),(Fiscal year),PARENTHETICAL,PARENTHETICAL
slx_3474d9aa2d88299d,63701,"(From year, to year year by year)",,,English → Sindhi,هرسال، سال بسال,english,English → Sindhi,from year to year year by year,هرسال سال بسال,,SindhiLanguage.org,https://sindhilanguage.org/,Amar Fayaz Buriro (امر فياض ٻرڙو),"(From year, to year year by year)","(From year, to year year by year)",PARENTHETICAL,PARENTHETICAL
slx_fd91b030355ee5cc,63703,(Lunar year),,,English → Sindhi,قمري سال، ٻارهن قمري مهينن جو سال، چنڊ جو سال,english,English → Sindhi,lunar year,قمري سال ٻارهن قمري مهينن جو سال چنڊ جو سال,,SindhiLanguage.org,https://sindhilanguage.org/,Amar Fayaz Buriro (امر فياض ٻرڙو),(Lunar year),(Lunar year),PARENTHETICAL,PARENTHETICAL
slx_ff94f5243ff82137,63704,(Of tender years),,,English → Sindhi,ننڍي عمر جو، ڪم سن,english,English → Sindhi,of tender years,ننڍي عمر جو ڪم سن,,SindhiLanguage.org,https://sindhilanguage.org/,Amar Fayaz Buriro (امر فياض ٻرڙو),(Of tender years),(Of tender years),PARENTHETICAL,PARENTHETICAL
slx_1a2b1cab40cb48fb,63705,(The school year),,,English → Sindhi,تعليمي سال,english,English → Sindhi,the school year,تعليمي سال,,SindhiLanguage.org,https://sindhilanguage.org/,Amar Fayaz Buriro (امر فياض ٻرڙو),(The school year),(The school year),PARENTHETICAL,PARENTHETICAL
slx_8f783efe515e01b4,63709,Yearn (v),,,English → Sindhi,شوق سان چاهڻ، بي حد شوق ٿيڻ,english,English → Sindhi,yearn v,شوق سان چاهڻ بي حد شوق ٿيڻ,,SindhiLanguage.org,https://sindhilanguage.org/,Amar Fayaz Buriro (امر فياض ٻرڙو),Yearn (v),Yearn (v),HEADWORD_WITH_LABEL,HEADWORD_WITH_LABEL
slx_77118a387b27aaea,63720,(The yellow peril),,,English → Sindhi,اهو ڊپ ته هڪ ڏينهن پيلي رنگ واريون قومون دنيا تي ڇانئجي وينديون,english,English → Sindhi,the yellow peril,اهو ڊپ ته هڪ ڏينهن پيلي رنگ واريون قومون دنيا تي ڇانئجي وينديون,,SindhiLanguage.org,https://sindhilanguage.org/,Amar Fayaz Buriro (امر فياض ٻرڙو),(The yellow peril),(The yellow peril),PARENTHETICAL,PARENTHETICAL
slx_416c60bf6625f827,63721,(The yellow press),,,English → Sindhi,ڊپ جهڙيون خبرون شايع ڪندڙ اخبار,english,English → Sindhi,the yellow press,ڊپ جهڙيون خبرون شايع ڪندڙ اخبار,,SindhiLanguage.org,https://sindhilanguage.org/,Amar Fayaz Buriro (امر فياض ٻرڙو),(The yellow press),(The yellow press),PARENTHETICAL,PARENTHETICAL
slx_1b9b745ac7d8fd64,63729,Yelp (v),,,English → Sindhi,ڀونڪڻ، ڪتي وانگر ڀونڪڻ يا رڙيون ڪرڻ,english,English → Sindhi,yelp v,ڀونڪڻ ڪتي وانگر ڀونڪڻ يا رڙيون ڪرڻ,,SindhiLanguage.org,https://sindhilanguage.org/,Amar Fayaz Buriro (امر فياض ٻرڙو),Yelp (v),Yelp (v),HEADWORD_WITH_LABEL,HEADWORD_WITH_LABEL
slx_e6acc3fa34ad6bca,63736,(Say yes to),,,English → Sindhi,هام ڀرڻ، مڃڻ، راضي ٿيڻ,english,English → Sindhi,say yes to,هام ڀرڻ مڃڻ راضي ٿيڻ,,SindhiLanguage.org,https://sindhilanguage.org/,Amar Fayaz Buriro (امر فياض ٻرڙو),(Say yes to),(Say yes to),PARENTHETICAL,PARENTHETICAL
slx_95a4408665f75bd7,63740,(Of yesterday),,,English → Sindhi,ڪالهوڪي ڏينهن، ڪالهوڪو,english,English → Sindhi,of yesterday,ڪالهوڪي ڏينهن ڪالهوڪو,,SindhiLanguage.org,https://sindhilanguage.org/,Amar Fayaz Buriro (امر فياض ٻرڙو),(Of yesterday),(Of yesterday),PARENTHETICAL,PARENTHETICAL
slx_8f08e05f2ae66cbf,63741,(The day before yesterday),,,English → Sindhi,ٽيون ڏينهن,english,English → Sindhi,the day before yesterday,ٽيون ڏينهن,,SindhiLanguage.org,https://sindhilanguage.org/,Amar Fayaz Buriro (امر فياض ٻرڙو),(The day before yesterday),(The day before yesterday),PARENTHETICAL,PARENTHETICAL
slx_fba1501bf9f320b9,63746,Yield (v),,,English → Sindhi,مهيا ڪرڻ، پيدا ڪرڻ، ڪڍڻ، حاصل ڪرڻ,english,English → Sindhi,yield v,مهيا ڪرڻ پيدا ڪرڻ ڪڍڻ حاصل ڪرڻ,,SindhiLanguage.org,https://sindhilanguage.org/,Amar Fayaz Buriro (امر فياض ٻرڙو),Yield (v),Yield (v),HEADWORD_WITH_LABEL,HEADWORD_WITH_LABEL
slx_555fd23a50d6fdc2,63758,Yoek (yok) yolk,,,English → Sindhi,آني جي پيلاڻ يا زردي,english,English → Sindhi,yoek yok yolk,آني جي پيلاڻ يا زردي,,SindhiLanguage.org,https://sindhilanguage.org/,Amar Fayaz Buriro (امر فياض ٻرڙو),Yoek (yok) yolk,Yoek (yok) yolk,HEADWORD_WITH_LABEL,HEADWORD_WITH_LABEL
slx_9bdb506b9dd44fb0,63763,(Of yore),,,English → Sindhi,پراڻي وقت جو، اڳئين وقت جو,english,English → Sindhi,of yore,پراڻي وقت جو اڳئين وقت جو,,SindhiLanguage.org,https://sindhilanguage.org/,Amar Fayaz Buriro (امر فياض ٻرڙو),(Of yore),(Of yore),PARENTHETICAL,PARENTHETICAL
slx_6b61b47dfe87fa61,63767,(Come Yorkshire over on Put yorkshire on),,,English → Sindhi,ٺڳڻ، دوکو ڏيڻ,english,English → Sindhi,come yorkshire over on put yorkshire on,ٺڳڻ دوکو ڏيڻ,,SindhiLanguage.org,https://sindhilanguage.org/,Amar Fayaz Buriro (امر فياض ٻرڙو),(Come Yorkshire over on Put yorkshire on),(Come Yorkshire over on Put yorkshire on),PARENTHETICAL,PARENTHETICAL
slx_2942c11d8317802e,63770,(Get you gone),,,English → Sindhi,چڱو هل هل! ڀڄ! هليو وڃ!,english,English → Sindhi,get you gone,چڱو هل هل ڀڄ هليو وڃ,,SindhiLanguage.org,https://sindhilanguage.org/,Amar Fayaz Buriro (امر فياض ٻرڙو),(Get you gone),(Get you gone),PARENTHETICAL,PARENTHETICAL
slx_2a5a31e6cacef64a,63774,(A young man in a hurry),,,English → Sindhi,جوان ۽ پرجوش شخص,english,English → Sindhi,a young man in a hurry,جوان پرجوش شخص,,SindhiLanguage.org,https://sindhilanguage.org/,Amar Fayaz Buriro (امر فياض ٻرڙو),(A young man in a hurry),(A young man in a hurry),PARENTHETICAL,PARENTHETICAL
slx_1ed77aaa5afc1889,63775,(My Youngman),,,English → Sindhi,منهنجو عاشق، منهنجو منڱيندو,english,English → Sindhi,my youngman,منهنجو عاشق منهنجو منڱيندو,,SindhiLanguage.org,https://sindhilanguage.org/,Amar Fayaz Buriro (امر فياض ٻرڙو),(My Youngman),(My Youngman),PARENTHETICAL,PARENTHETICAL
slx_504217c2d6de5808,63777,(The night is yet young),,,English → Sindhi,اڃا گهڻي رات ڪانه گذري آهي,english,English → Sindhi,the night is yet young,اڃا گهڻي رات ڪانه گذري آهي,,SindhiLanguage.org,https://sindhilanguage.org/,Amar Fayaz Buriro (امر فياض ٻرڙو),(The night is yet young),(The night is yet young),PARENTHETICAL,PARENTHETICAL
slx_300e786026959a06,63785,(With young),,,English → Sindhi,حمل سان، پيٽ سان، ڦريل,english,English → Sindhi,with young,حمل سان پيٽ سان ڦريل,,SindhiLanguage.org,https://sindhilanguage.org/,Amar Fayaz Buriro (امر فياض ٻرڙو),(With young),(With young),PARENTHETICAL,PARENTHETICAL
slx_d87098895f6bb082,63790,(It is yours if you will accept it),,,English → Sindhi,اگر قبول ڪيو ته هي شيءِ اوهان جي ئي آهي,english,English → Sindhi,it is yours if you will accept it,اگر قبول ڪيو ته هي شيء اوهان جي ئي آهي,,SindhiLanguage.org,https://sindhilanguage.org/,Amar Fayaz Buriro (امر فياض ٻرڙو),(It is yours if you will accept it),(It is yours if you will accept it),PARENTHETICAL,PARENTHETICAL
slx_1d6c0faf9f7ecabd,63795,(Be yourself ),,,English → Sindhi,پنهنجو پاڻ کي سنڀال، ڪجهه هوش ۾ اچ,english,English → Sindhi,be yourself,پنهنجو پاڻ کي سنڀال ڪجهه هوش اچ,,SindhiLanguage.org,https://sindhilanguage.org/,Amar Fayaz Buriro (امر فياض ٻرڙو),(Be yourself ),(Be yourself),PARENTHETICAL,PARENTHETICAL
slx_8c69af339622407c,63796,(By yourself ),,,English → Sindhi,اڪيلو، تن تنها، هيڪلو,english,English → Sindhi,by yourself,اڪيلو تن تنها هيڪلو,,SindhiLanguage.org,https://sindhilanguage.org/,Amar Fayaz Buriro (امر فياض ٻرڙو),(By yourself ),(By yourself),PARENTHETICAL,PARENTHETICAL
slx_7ba0a2a0dd6b324b,63797,(How’s yourself ),,,English → Sindhi,اوهين ڪيئن آهيو، اوهان جو مزاج شريف ڪيئن آهي,english,English → Sindhi,how s yourself,اوهين ڪيئن آهيو اوهان جو مزاج شريف ڪيئن آهي,,SindhiLanguage.org,https://sindhilanguage.org/,Amar Fayaz Buriro (امر فياض ٻرڙو),(How’s yourself ),(How’s yourself),PARENTHETICAL,PARENTHETICAL
slx_5b04d8378de8dbc6,63798,(You are not quite your self tonight),,,English → Sindhi,اڄ اوهان جي طبيعت ڪجهه ناساز معلوم ٿئي ٿي,english,English → Sindhi,you are not quite your self tonight,اڄ اوهان جي طبيعت ڪجهه ناساز معلوم ٿئي ٿي,,SindhiLanguage.org,https://sindhilanguage.org/,Amar Fayaz Buriro (امر فياض ٻرڙو),(You are not quite your self tonight),(You are not quite your self tonight),PARENTHETICAL,PARENTHETICAL
slx_c5f6f5b82143099a,63862,Zither (n),,,English → Sindhi,هڪ ڇهه تارو بريط يا ستار,english,English → Sindhi,zither n,هڪ ڇهه تارو بريط يا ستار,,SindhiLanguage.org,https://sindhilanguage.org/,Amar Fayaz Buriro (امر فياض ٻرڙو),Zither (n),Zither (n),HEADWORD_WITH_LABEL,HEADWORD_WITH_LABEL
slx_2c1c79cf5a2dfb7f,63889,Zoom in (v),,,English → Sindhi,ڪيميرا ۾ ويجهو ڏيکارڻ، فوڪس ڪرڻ,english,English → Sindhi,zoom in v,ڪيميرا ويجهو ڏيکارڻ فوڪس ڪرڻ,,SindhiLanguage.org,https://sindhilanguage.org/,Amar Fayaz Buriro (امر فياض ٻرڙو),Zoom in (v),Zoom in (v),HEADWORD_WITH_LABEL,HEADWORD_WITH_LABEL
