score,english,sindhi,english_definition,final_decision,final_reason,quality_decision,quality_reason
8,agreeing,متفق راءِ,Agreeing in opinion.,ACCEPT,Definition directly matches the English headword.,KEEP,No major rule-based quality problems detected.
8,albert,چَوْڪَسُ,"Albert, watchful.",ACCEPT,Definition directly matches the English headword.,KEEP,No major rule-based quality problems detected.
8,amusing,کلائيندڙ,"Amusing, funny.",ACCEPT,Definition directly matches the English headword.,KEEP,No major rule-based quality problems detected.
8,ancestors,وڎا,"Ancestors, patriarchs.",ACCEPT,Definition directly matches the English headword.,KEEP,No major rule-based quality problems detected.
8,annoyed,تالان,"Annoyed, worried; plundered.",ACCEPT,Definition directly matches the English headword.,KEEP,No major rule-based quality problems detected.
8,annoyed,عاجُزُ,"Annoyed, tormented, vexed.",ACCEPT,Definition directly matches the English headword.,KEEP,No major rule-based quality problems detected.
8,arranged,مَرْبوُطُ,"Arranged, grammatical.",ACCEPT,Definition directly matches the English headword.,KEEP,No major rule-based quality problems detected.
8,arranging,سُڌارَ,"Arranging, regulation. Improvement.",ACCEPT,Definition directly matches the English headword.,KEEP,No major rule-based quality problems detected.
8,asking,پُڇَ,"Asking, questioning. پُڇَ ڳَڇَ، پُڇاڳاڇا",ACCEPT,Definition directly matches the English headword.,KEEP,No major rule-based quality problems detected.
8,beating,تاڙنا,"Beating, corporal punishment.",ACCEPT,Definition directly matches the English headword.,KEEP,No major rule-based quality problems detected.
8,beating,مارڪٽ,"Beating, fighting, scuffle.",ACCEPT,Definition directly matches the English headword.,KEEP,No major rule-based quality problems detected.
8,belonging,جانِبُ,Belonging to life.,ACCEPT,Definition directly matches the English headword.,KEEP,No major rule-based quality problems detected.
8,bending,لَچِڪَدارُ,"Bending, elastic.",ACCEPT,Definition directly matches the English headword.,KEEP,No major rule-based quality problems detected.
8,birds,چڙيِ چاندنيِ,Birds in general.,ACCEPT,Definition directly matches the English headword.,KEEP,No major rule-based quality problems detected.
8,boiled,جوشيِ,Boiled. Strong.,ACCEPT,Candidate retained after final rule-based refinement.,KEEP,No major rule-based quality problems detected.
8,burnt,سڙيل,Burnt; envious.,ACCEPT,Candidate retained after final rule-based refinement.,KEEP,No major rule-based quality problems detected.
8,capped,ڪَڇوراڙيِ,Capped elbow.,ACCEPT,Definition directly matches the English headword.,KEEP,No major rule-based quality problems detected.
8,changed,مُبَدِّلِ,"Changed, altered.",ACCEPT,Definition directly matches the English headword.,KEEP,No major rule-based quality problems detected.
8,collected,سَنچِتِ,Collected. A code.,ACCEPT,Candidate retained after final rule-based refinement.,KEEP,No major rule-based quality problems detected.
8,coming,وارُ,"Coming, approaching.",ACCEPT,Definition directly matches the English headword.,KEEP,No major rule-based quality problems detected.
8,compelled,مَجْبۇرُ,"Compelled, forced. constrained,",ACCEPT,Definition directly matches the English headword.,KEEP,No major rule-based quality problems detected.
8,conducting,پِرْواهَڪُ,Conducting. A conductor.,ACCEPT,Candidate retained after final rule-based refinement.,KEEP,No major rule-based quality problems detected.
8,consultation,مَشْوَرَتِ,"Consultation, counsel.",ACCEPT,Definition directly matches the English headword.,KEEP,No major rule-based quality problems detected.
8,containing,ٽِمَٹو,Containing three maunds.,ACCEPT,Definition directly matches the English headword.,KEEP,No major rule-based quality problems detected.
8,containing,سيرڪُ,Containing a seer.,ACCEPT,Definition directly matches the English headword.,KEEP,No major rule-based quality problems detected.
8,continent,پَرَهيزيِ,Continent; temperate.,ACCEPT,Candidate retained after final rule-based refinement.,KEEP,No major rule-based quality problems detected.
8,continuously,ساندَهِ,Continuously alike.,ACCEPT,Definition directly matches the English headword.,KEEP,No major rule-based quality problems detected.
8,cooked,ڀاتِ,Cooked rice.,ACCEPT,Definition directly matches the English headword.,KEEP,No major rule-based quality problems detected.
8,cooked,ڏَڌِڙيِ,Cooked pea pods.,ACCEPT,Definition directly matches the English headword.,KEEP,No major rule-based quality problems detected.
8,cooked,سيئل,Cooked by steam.,ACCEPT,Definition directly matches the English headword.,KEEP,No major rule-based quality problems detected.
8,corr,تَتُ,corr of,ACCEPT,Definition directly matches the English headword.,KEEP,No major rule-based quality problems detected.
8,corr,سَوَ,corr of,ACCEPT,Definition directly matches the English headword.,KEEP,No major rule-based quality problems detected.
8,corrupted,ونٺِيَلُ,"Corrupted, lost, abandoned.",ACCEPT,Definition directly matches the English headword.,KEEP,No major rule-based quality problems detected.
8,countless,اڻ ڳِڻَتُ,"Countless, innumerable, incalculable.",ACCEPT,Definition directly matches the English headword.,KEEP,No major rule-based quality problems detected.
8,cries,وِلاڙَ,Cries of complaint.,ACCEPT,Definition directly matches the English headword.,KEEP,No major rule-based quality problems detected.
8,crimson,قرمزيِ,"Crimson, scarlet.",ACCEPT,Definition directly matches the English headword.,KEEP,No major rule-based quality problems detected.
8,crooked,ڏنگوکڙو,"Crooked, zigzag.",ACCEPT,Definition directly matches the English headword.,KEEP,No major rule-based quality problems detected.
8,cross,تُرْش رِۇءِ,"Cross, surly.",ACCEPT,Definition directly matches the English headword.,KEEP,No major rule-based quality problems detected.
8,crossing,اوڪَرُ,Crossing (a river).,ACCEPT,Definition directly matches the English headword.,KEEP,No major rule-based quality problems detected.
8,cruel,ڌوڌيِ,"Cruel, tyrannical.",ACCEPT,Definition directly matches the English headword.,KEEP,No major rule-based quality problems detected.
8,crying,بُڪاءُ,"Crying, weeping, lamenting.",ACCEPT,Definition directly matches the English headword.,KEEP,No major rule-based quality problems detected.
8,crying,روڄُ,"Crying, weeping.",ACCEPT,Definition directly matches the English headword.,KEEP,No major rule-based quality problems detected.
8,crying,وَلاڙَ,"Crying, weeping.",ACCEPT,Definition directly matches the English headword.,KEEP,No major rule-based quality problems detected.
8,curious,سۇنجهڻو,"Curious, prying, inquisitive.",ACCEPT,Definition directly matches the English headword.,KEEP,No major rule-based quality problems detected.
8,curse,سِراپُ,"Curse, imprecation; dread.",ACCEPT,Definition directly matches the English headword.,KEEP,No major rule-based quality problems detected.
8,curse,لَعْنَتَ,"Curse, imprecation.",ACCEPT,Definition directly matches the English headword.,KEEP,No major rule-based quality problems detected.
8,cursed,مَلعۇنُ,"Cursed, accursed, execrated.",ACCEPT,Definition directly matches the English headword.,KEEP,No major rule-based quality problems detected.
8,decay,زَوِاليَتَ,"Decay, ruin, decline.",ACCEPT,Definition directly matches the English headword.,KEEP,No major rule-based quality problems detected.
8,delivered,ويايل,Delivered (a woman).,ACCEPT,Definition directly matches the English headword.,KEEP,No major rule-based quality problems detected.
8,denying,نابِرُ,"Denying, opposing, adverse.",ACCEPT,Definition directly matches the English headword.,KEEP,No major rule-based quality problems detected.
8,denying,ناڪارَ,"Denying, refusal, objection.",ACCEPT,Definition directly matches the English headword.,KEEP,No major rule-based quality problems detected.
8,destroyed,چپڙاس,"Destroyed, waste, extinct.",ACCEPT,Definition directly matches the English headword.,KEEP,No major rule-based quality problems detected.
8,destroyed,چوڙ,"Destroyed, ruined, waste.",ACCEPT,Definition directly matches the English headword.,KEEP,No major rule-based quality problems detected.
8,destroyed,وِناسُ,"Destroyed, exterminated. Destruction.",ACCEPT,Definition directly matches the English headword.,KEEP,No major rule-based quality problems detected.
8,dragging,جَهڙڪو,"Dragging, pushing.",ACCEPT,Definition directly matches the English headword.,KEEP,No major rule-based quality problems detected.
8,dried,ڪَڙنَگُ,"Dried up, emaciated.",ACCEPT,Definition directly matches the English headword.,KEEP,No major rule-based quality problems detected.
8,dried,گوهيِ,Dried cowdung.,ACCEPT,Definition directly matches the English headword.,KEEP,No major rule-based quality problems detected.
8,drunken,مَخموُرُ,"Drunken, intoxicated.",ACCEPT,Definition directly matches the English headword.,KEEP,No major rule-based quality problems detected.
8,eaten,سريل,Eaten by insects.,ACCEPT,Definition directly matches the English headword.,KEEP,No major rule-based quality problems detected.
8,everywhere,حاضران حضور,"Everywhere present, omnipresent.",ACCEPT,Definition directly matches the English headword.,KEEP,No major rule-based quality problems detected.
8,exactly,نِکَنڊآڌيِ راتِ,Exactly midnight.,ACCEPT,Definition directly matches the English headword.,KEEP,No major rule-based quality problems detected.
8,exactly,هۇبَہ هۇ,"Exactly, precisely.",ACCEPT,Definition directly matches the English headword.,KEEP,No major rule-based quality problems detected.
8,extremely,مهاگرم,Extremely heaty.,ACCEPT,Definition directly matches the English headword.,KEEP,No major rule-based quality problems detected.
8,faded,وساڻل,Faded (color).,ACCEPT,Definition directly matches the English headword.,KEEP,No major rule-based quality problems detected.
8,fallen,پَتِتُ,"Fallen, abandoned, sinful.",ACCEPT,Definition directly matches the English headword.,KEEP,No major rule-based quality problems detected.
8,favor,اَنگِرَهُ,"Favor, kin dness.",ACCEPT,Definition directly matches the English headword.,KEEP,No major rule-based quality problems detected.
8,favored,مَمْنۇنُ,"Favored; thankful, grateful.",ACCEPT,Candidate retained after final rule-based refinement.,KEEP,No major rule-based quality problems detected.
8,feeling,حِسِ,"Feeling, sense.",ACCEPT,Definition directly matches the English headword.,KEEP,No major rule-based quality problems detected.
8,feminine,اِستريِ لنگ,Feminine gender.,ACCEPT,Definition directly matches the English headword.,KEEP,No major rule-based quality problems detected.
8,feminine,مُؤَنِّثُ,Feminine (gender). مونجهِہ، مونجهُہ، مونجهَہ,ACCEPT,Definition directly matches the English headword.,KEEP,No major rule-based quality problems detected.
8,filings,ٽُڪَ,Filings of engravings.,ACCEPT,Definition directly matches the English headword.,KEEP,No major rule-based quality problems detected.
8,filled,سَجَڪو,"Filled, palled; wealthy.",ACCEPT,Definition directly matches the English headword.,KEEP,No major rule-based quality problems detected.
8,fragments,ٽُڪِراٺو,"Fragments, pieces.",ACCEPT,Definition directly matches the English headword.,KEEP,No major rule-based quality problems detected.
8,fried,تَلۇڻو,Fried in ghee,ACCEPT,Definition directly matches the English headword.,KEEP,No major rule-based quality problems detected.
8,giving,ڏي وٺ,Giving and taking.,ACCEPT,Definition directly matches the English headword.,KEEP,No major rule-based quality problems detected.
8,habits,ڀيتِ,"Habits, ways.",ACCEPT,Definition directly matches the English headword.,KEEP,No major rule-based quality problems detected.
8,having,بِبِرُ,Having large dugs.,ACCEPT,Definition directly matches the English headword.,KEEP,No major rule-based quality problems detected.
8,having,ڀائِتو,Having a brother.,ACCEPT,Definition directly matches the English headword.,KEEP,No major rule-based quality problems detected.
8,having,جُواريِ,having sweet stalks.,ACCEPT,Definition directly matches the English headword.,KEEP,No major rule-based quality problems detected.
8,having,پَنِرُ,Having leaves; leafy.,ACCEPT,Definition directly matches the English headword.,KEEP,No major rule-based quality problems detected.
8,having,ڌيئيتو,Having a daughter.,ACCEPT,Definition directly matches the English headword.,KEEP,No major rule-based quality problems detected.
8,having,وسعت وار,Having means; solvent.,ACCEPT,Definition directly matches the English headword.,KEEP,No major rule-based quality problems detected.
8,having,سَهيِ سَنبَهيِ,Having got ready.,ACCEPT,Definition directly matches the English headword.,KEEP,No major rule-based quality problems detected.
8,honor,اَجيِ,"Honor, welcome.",ACCEPT,Definition directly matches the English headword.,KEEP,No major rule-based quality problems detected.
8,honor,ڀَرَمُ,"Honor, good name.",ACCEPT,Definition directly matches the English headword.,KEEP,No major rule-based quality problems detected.
8,honor,مُهُتُ,"Honor, respect. Victory.",ACCEPT,Definition directly matches the English headword.,KEEP,No major rule-based quality problems detected.
8,incidents,سَوانَحِ,"Incidents, events.",ACCEPT,Definition directly matches the English headword.,KEEP,No major rule-based quality problems detected.
8,inevitably,اَوَسِ,"Inevitably, certainly.",ACCEPT,Definition directly matches the English headword.,KEEP,No major rule-based quality problems detected.
8,jerusalem,ولايتيِ ٻٻر,Jerusalem tree.,ACCEPT,Definition directly matches the English headword.,KEEP,No major rule-based quality problems detected.
8,joined,ماهِلُ,"Joined, mixed, mingled.",ACCEPT,Definition directly matches the English headword.,KEEP,No major rule-based quality problems detected.
8,jumping,ڀِنڀَ,"Jumping, frisking.",ACCEPT,Definition directly matches the English headword.,KEEP,No major rule-based quality problems detected.
8,jumping,ٽِپَ وَٺَڻُ,Jumping about.,ACCEPT,Definition directly matches the English headword.,KEEP,No major rule-based quality problems detected.
8,jumping,ٽَپِڪونَچِڪو,Jumping and frisking.,ACCEPT,Definition directly matches the English headword.,KEEP,No major rule-based quality problems detected.
8,kept,ٻِيجيِ,Kept for seed.,ACCEPT,Definition directly matches the English headword.,KEEP,No major rule-based quality problems detected.
8,kept,تاڪانئون,Kept in a,ACCEPT,Definition directly matches the English headword.,KEEP,No major rule-based quality problems detected.
8,kindness,اَحسان,"Kindness, obligation.",ACCEPT,Definition directly matches the English headword.,KEEP,No major rule-based quality problems detected.
8,kindness,ايڇِپو,"Kindness, favour.",ACCEPT,Definition directly matches the English headword.,KEEP,No major rule-based quality problems detected.
8,kindness,تاريِ,"Kindness. Support, reliance.",ACCEPT,Candidate retained after final rule-based refinement.,KEEP,No major rule-based quality problems detected.
8,kindness,عِنايَتَ,"Kindness, favour.",ACCEPT,Definition directly matches the English headword.,KEEP,No major rule-based quality problems detected.
8,kindness,ڪِرْپا,"Kindness, favour.",ACCEPT,Definition directly matches the English headword.,KEEP,No major rule-based quality problems detected.
8,kindness,ڪَرَمُ,"Kindness, favour.",ACCEPT,Definition directly matches the English headword.,KEEP,No major rule-based quality problems detected.
8,kindness,لُطْفُ,"Kindness, favour.",ACCEPT,Definition directly matches the English headword.,KEEP,No major rule-based quality problems detected.
8,kindness,مِهِرَ,"Kindness, mercy, compassion.",ACCEPT,Definition directly matches the English headword.,KEEP,No major rule-based quality problems detected.
8,kindness,ڎَتُ,"Kindness, favor.",ACCEPT,Definition directly matches the English headword.,KEEP,No major rule-based quality problems detected.
8,labor,پورِهيو,"Labor, work; wages.",ACCEPT,Definition directly matches the English headword.,KEEP,No major rule-based quality problems detected.
8,lands,زمينات,Lands collectively.,ACCEPT,Definition directly matches the English headword.,KEEP,No major rule-based quality problems detected.
8,laughing,کل کاٻاريِ کلاسريِ,"Laughing, ridicule, joke.",ACCEPT,Definition directly matches the English headword.,KEEP,No major rule-based quality problems detected.
8,laughing,کلڻو,"Laughing, merry, jocular.",ACCEPT,Definition directly matches the English headword.,KEEP,No major rule-based quality problems detected.
8,leaning,اَهليل,"Leaning, lop-sided.",ACCEPT,Definition directly matches the English headword.,KEEP,No major rule-based quality problems detected.
8,looking,نِرْکَہ,Looking closely.,ACCEPT,Definition directly matches the English headword.,KEEP,No major rule-based quality problems detected.
8,loved,قُرْبِوَندُ,"Loved, respected.",ACCEPT,Definition directly matches the English headword.,KEEP,No major rule-based quality problems detected.
8,marvel,عَباسيِ,Marvel of Peru.,ACCEPT,Definition directly matches the English headword.,KEEP,No major rule-based quality problems detected.
8,marvel,عباسيِ,Marvel of Peru,ACCEPT,Definition directly matches the English headword.,KEEP,No major rule-based quality problems detected.
8,melted,گُدازُ,"Melted, dissolved.",ACCEPT,Definition directly matches the English headword.,KEEP,No major rule-based quality problems detected.
8,ministers,اَدکان دولت,Ministers of state.,ACCEPT,Definition directly matches the English headword.,KEEP,No major rule-based quality problems detected.
8,null,رَدِ۽باطلُ,Null and void.,ACCEPT,Definition directly matches the English headword.,KEEP,No major rule-based quality problems detected.
8,null,رد۽باطل,Null & void.,ACCEPT,Definition directly matches the English headword.,KEEP,No major rule-based quality problems detected.
8,offended,ڏمريل,"Offended, angry.",ACCEPT,Definition directly matches the English headword.,KEEP,No major rule-based quality problems detected.
8,offended,رُسَڻُ,"Offended, huffed.",ACCEPT,Definition directly matches the English headword.,KEEP,No major rule-based quality problems detected.
8,offerings,اُپاسِنا,"Offerings, sacrifice; worship.",ACCEPT,Definition directly matches the English headword.,KEEP,No major rule-based quality problems detected.
8,overweight,اُٽل,Overweight; preponderance.,ACCEPT,Candidate retained after final rule-based refinement.,KEEP,No major rule-based quality problems detected.
8,owing,آڪُڙَڪري,Owing to.,ACCEPT,Definition directly matches the English headword.,KEEP,No major rule-based quality problems detected.
8,pillars,ستۇن بنديِ,"Pillars, a colonnade.",ACCEPT,Definition directly matches the English headword.,KEEP,No major rule-based quality problems detected.
8,pleased,سُرْحالُ,"Pleased, happy.",ACCEPT,Definition directly matches the English headword.,KEEP,No major rule-based quality problems detected.
8,portland,ڪاروچڻ,Portland cement.,ACCEPT,Definition directly matches the English headword.,KEEP,No major rule-based quality problems detected.
8,possessed,سَمانگَرُ,Possessed of.,ACCEPT,Definition directly matches the English headword.,KEEP,No major rule-based quality problems detected.
8,praise,اُسِتتِ,"Praise, divine praise.",ACCEPT,Definition directly matches the English headword.,KEEP,No major rule-based quality problems detected.
8,praise,تَعَريفَ,"Praise, laudation.",ACCEPT,Definition directly matches the English headword.,KEEP,No major rule-based quality problems detected.
8,praise,ثَنا,"Praise, laudation.",ACCEPT,Definition directly matches the English headword.,KEEP,No major rule-based quality problems detected.
8,praise,حَمْدُ,"Praise, thanksgiving.",ACCEPT,Definition directly matches the English headword.,KEEP,No major rule-based quality problems detected.
8,praise,صِفَتَ,Praise; quality.,ACCEPT,Candidate retained after final rule-based refinement.,KEEP,No major rule-based quality problems detected.
8,praise,مَدَحَ,"Praise, laudation.",ACCEPT,Definition directly matches the English headword.,KEEP,No major rule-based quality problems detected.
8,praise,مَهِما,"Praise, laudation, glory. مِهْمانُ، مَهْمانُ",ACCEPT,Definition directly matches the English headword.,KEEP,No major rule-based quality problems detected.
8,praise,نِعَتَ,Praise (of Mahomed).,ACCEPT,Definition directly matches the English headword.,KEEP,No major rule-based quality problems detected.
8,praise,واکاڻَ,"Praise, eulogy.",ACCEPT,Definition directly matches the English headword.,KEEP,No major rule-based quality problems detected.
8,preaching,ڪَٿا,"Preaching, interpreting Scriptures.",ACCEPT,Definition directly matches the English headword.,KEEP,No major rule-based quality problems detected.
8,pres,ڏيِ,pres. p,ACCEPT,Candidate retained after final rule-based refinement.,KEEP,No major rule-based quality problems detected.
8,pres,ڏيِندو,pres. p of,ACCEPT,Candidate retained after final rule-based refinement.,KEEP,No major rule-based quality problems detected.
8,producing,ڇٻراٺو,Producing much,ACCEPT,Definition directly matches the English headword.,KEEP,No major rule-based quality problems detected.
8,psalms,زَبۇرَ,Psalms of David.,ACCEPT,Definition directly matches the English headword.,KEEP,No major rule-based quality problems detected.
8,pulled,ڇِڪْيَلُ,Pulled; defendant.,ACCEPT,Candidate retained after final rule-based refinement.,KEEP,No major rule-based quality problems detected.
8,relating,پَيْماشيِ,Relating to measuring.,ACCEPT,Definition directly matches the English headword.,KEEP,No major rule-based quality problems detected.
8,repairing,مَرْمَتَ,"Repairing, mending.",ACCEPT,Definition directly matches the English headword.,KEEP,No major rule-based quality problems detected.
8,residing,مُقِيمُ,"Residing, stationed.",ACCEPT,Definition directly matches the English headword.,KEEP,No major rule-based quality problems detected.
8,respects,نِئازَ,"Respects, regards.",ACCEPT,Definition directly matches the English headword.,KEEP,No major rule-based quality problems detected.
8,rewards,اِنعام اِڪرامَ,Rewards and dignities.,ACCEPT,Definition directly matches the English headword.,KEEP,No major rule-based quality problems detected.
8,roasted,ڪَبابُ,"Roasted meat, roast.",ACCEPT,Definition directly matches the English headword.,KEEP,No major rule-based quality problems detected.
8,roots,اَصليت,"Roots, elements, fundamentals.",ACCEPT,Definition directly matches the English headword.,KEEP,No major rule-based quality problems detected.
8,savings,پَسِمانِد,"Savings; remnants, dregs.",ACCEPT,Candidate retained after final rule-based refinement.,KEEP,No major rule-based quality problems detected.
8,scattered,ڇُڙْوِکِڙِ,"Scattered, dispersed.",ACCEPT,Definition directly matches the English headword.,KEEP,No major rule-based quality problems detected.
8,scattered,هاريل,"Scattered, spilled.",ACCEPT,Definition directly matches the English headword.,KEEP,No major rule-based quality problems detected.
8,scented,باسارو,Scented; stinking.,ACCEPT,Candidate retained after final rule-based refinement.,KEEP,No major rule-based quality problems detected.
8,scented,جَوْرُ,Scented oleander.,ACCEPT,Definition directly matches the English headword.,KEEP,No major rule-based quality problems detected.
8,seeker,گهوريندڙ,"Seeker, searcher.",ACCEPT,Definition directly matches the English headword.,KEEP,No major rule-based quality problems detected.
8,separately,ٻِنِ ڀِنِ,"Separately, severally.",ACCEPT,Definition directly matches the English headword.,KEEP,No major rule-based quality problems detected.
8,separately,جُدو,"Separately, by itself.",ACCEPT,Definition directly matches the English headword.,KEEP,No major rule-based quality problems detected.
8,serenity,سانتيڪائيِ,"Serenity, stillness, quietness.",ACCEPT,Definition directly matches the English headword.,KEEP,No major rule-based quality problems detected.
8,settings,جَڙِتِ,Settings in ornaments. جَڙَڻيِ،جَڙْتِ،جَڙَتِ,ACCEPT,Definition directly matches the English headword.,KEEP,No major rule-based quality problems detected.
8,shaking,جُهٻَ,"Shaking, churning.",ACCEPT,Definition directly matches the English headword.,KEEP,No major rule-based quality problems detected.
8,shaking,لَڙْلَڙِ,"Shaking; chattering, prattle.",ACCEPT,Candidate retained after final rule-based refinement.,KEEP,No major rule-based quality problems detected.
8,shaving,حَجامَتَ,"Shaving, tonsure.",ACCEPT,Definition directly matches the English headword.,KEEP,No major rule-based quality problems detected.
8,shaving,سَنوارتَ,"Shaving, tonsure.",ACCEPT,Definition directly matches the English headword.,KEEP,No major rule-based quality problems detected.
8,smaller,اَصْغَرُ,Smaller (a war).,ACCEPT,Definition directly matches the English headword.,KEEP,No major rule-based quality problems detected.
8,smiling,مرڪڻو,Smiling; a smiler.,ACCEPT,Candidate retained after final rule-based refinement.,KEEP,No major rule-based quality problems detected.
8,sometimes,مَوادي,"Sometimes, occasionally.",ACCEPT,Definition directly matches the English headword.,KEEP,No major rule-based quality problems detected.
8,somewhat,ٻاَهِرِتيِ,Somewhat outward.,ACCEPT,Definition directly matches the English headword.,KEEP,No major rule-based quality problems detected.
8,somewhat,ڌوْنرَسَرُ,Somewhat grey (hair).,ACCEPT,Definition directly matches the English headword.,KEEP,No major rule-based quality problems detected.
8,somewhat,سرسيڙُ,Somewhat more.,ACCEPT,Definition directly matches the English headword.,KEEP,No major rule-based quality problems detected.
8,somewhat,سَوْکيرِڙو,Somewhat easy.,ACCEPT,Definition directly matches the English headword.,KEEP,No major rule-based quality problems detected.
8,somewhat,سويرڙو,Somewhat earlier.,ACCEPT,Definition directly matches the English headword.,KEEP,No major rule-based quality problems detected.
8,somewhat,لاٺائيِ,Somewhat smaller.,ACCEPT,Definition directly matches the English headword.,KEEP,No major rule-based quality problems detected.
8,somewhat,ميريرڙو,Somewhat dirty.,ACCEPT,Definition directly matches the English headword.,KEEP,No major rule-based quality problems detected.
8,somewhat,نيريرڙو,Somewhat blue.,ACCEPT,Definition directly matches the English headword.,KEEP,No major rule-based quality problems detected.
8,somewhat,وَڌيرِڙو,Somewhat large.,ACCEPT,Definition directly matches the English headword.,KEEP,No major rule-based quality problems detected.
8,spare,فالِٽۇ,"Spare, surplus, overplus.",ACCEPT,Definition directly matches the English headword.,KEEP,No major rule-based quality problems detected.
8,speaking,گَوْن گَوْن,Speaking indistinctly.,ACCEPT,Definition directly matches the English headword.,KEEP,No major rule-based quality problems detected.
8,spinach,پالَڪَ,Spinach (a potherb).,ACCEPT,Definition directly matches the English headword.,KEEP,No major rule-based quality problems detected.
8,spying,جاسۇسيِ,"Spying out, espionage.",ACCEPT,Definition directly matches the English headword.,KEEP,No major rule-based quality problems detected.
8,stairs,ڏاڪَڻِ,Stairs; a ladder.,ACCEPT,Candidate retained after final rule-based refinement.,KEEP,No major rule-based quality problems detected.
8,starting,ڇرڪڻيِ,"Starting, shying.",ACCEPT,Definition directly matches the English headword.,KEEP,No major rule-based quality problems detected.
8,stray,لوٿِڪو,"Stray, wandering about.",ACCEPT,Definition directly matches the English headword.,KEEP,No major rule-based quality problems detected.
8,strengthening,مُقَوّي,"Strengthening, tonic.",ACCEPT,Definition directly matches the English headword.,KEEP,No major rule-based quality problems detected.
8,subjected,مادُ,"Subjected, brought under.",ACCEPT,Definition directly matches the English headword.,KEEP,No major rule-based quality problems detected.
8,suffering,دکيِ,"Suffering, unhappy.",ACCEPT,Definition directly matches the English headword.,KEEP,No major rule-based quality problems detected.
8,suffering,کيدُ,"Suffering, misery. Deceit.",ACCEPT,Definition directly matches the English headword.,KEEP,No major rule-based quality problems detected.
8,surroundings,ڇَڪَ,"Surroundings, vicinity.",ACCEPT,Definition directly matches the English headword.,KEEP,No major rule-based quality problems detected.
8,suspended,مُعَطَّلُ,"Suspended, in abeyance.",ACCEPT,Definition directly matches the English headword.,KEEP,No major rule-based quality problems detected.
8,sweat,پَگَهرُ,"Sweat, perspiration.",ACCEPT,Definition directly matches the English headword.,KEEP,No major rule-based quality problems detected.
8,taking,ليتيِ,"Taking, receiving.",ACCEPT,Definition directly matches the English headword.,KEEP,No major rule-based quality problems detected.
8,termination,پاراپو,"Termination, end, limit.",ACCEPT,Definition directly matches the English headword.,KEEP,No major rule-based quality problems detected.
8,terrific,ڀيتُ,"Terrific, fearful.",ACCEPT,Definition directly matches the English headword.,KEEP,No major rule-based quality problems detected.
8,thanksgiving,شڪرگذاريِ,Thanksgiving; gratitude.,ACCEPT,Candidate retained after final rule-based refinement.,KEEP,No major rule-based quality problems detected.
8,thinking,ويِچارُ,"Thinking, consideration, thought.",ACCEPT,Definition directly matches the English headword.,KEEP,No major rule-based quality problems detected.
8,thoughtful,ويچاروان,"Thoughtful, prudent.",ACCEPT,Definition directly matches the English headword.,KEEP,No major rule-based quality problems detected.
8,threat,دَڙْڪو,"Threat, menace, intimidation.",ACCEPT,Definition directly matches the English headword.,KEEP,No major rule-based quality problems detected.
8,threatening,دٻاءُ,"Threatening, menacing, bullying.",ACCEPT,Definition directly matches the English headword.,KEEP,No major rule-based quality problems detected.
8,throwing,اَفِگِنَديِ,"Throwing, casting.",ACCEPT,Definition directly matches the English headword.,KEEP,No major rule-based quality problems detected.
8,timeless,اَڪالُ,"Timeless, eternal. God.",ACCEPT,Definition directly matches the English headword.,KEEP,No major rule-based quality problems detected.
8,touching,دلگير,"Touching, pathetic.",ACCEPT,Definition directly matches the English headword.,KEEP,No major rule-based quality problems detected.
8,towards,مَڻي,"Towards, near to.",ACCEPT,Definition directly matches the English headword.,KEEP,No major rule-based quality problems detected.
8,towards,پاندِ,"Towards, at, near.",ACCEPT,Definition directly matches the English headword.,KEEP,No major rule-based quality problems detected.
8,trailing,ڀَِنِگرو,Trailing eclipta.,ACCEPT,Definition directly matches the English headword.,KEEP,No major rule-based quality problems detected.
8,travelling,راه خرچ,Travelling expenses.,ACCEPT,Definition directly matches the English headword.,KEEP,No major rule-based quality problems detected.
8,travelling,مسافرت,"Travelling, journey, march.",ACCEPT,Definition directly matches the English headword.,KEEP,No major rule-based quality problems detected.
8,travelling,ڀۇڻِ,"Travelling, wandering. Knowledge.",ACCEPT,Definition directly matches the English headword.,KEEP,No major rule-based quality problems detected.
8,tricks,ڦِڪَلُ,"Tricks, artifice, stratagem.",ACCEPT,Definition directly matches the English headword.,KEEP,No major rule-based quality problems detected.
8,tricks,چاڳُ,"Tricks, coquetry.",ACCEPT,Definition directly matches the English headword.,KEEP,No major rule-based quality problems detected.
8,unacceptable,ناپسند,"Unacceptable, rejected.",ACCEPT,Definition directly matches the English headword.,KEEP,No major rule-based quality problems detected.
8,understood,لُپْٽُ,"Understood, not expressed.",ACCEPT,Definition directly matches the English headword.,KEEP,No major rule-based quality problems detected.
8,upto,مُنهان مُنهِن,Upto the brim.,ACCEPT,Definition directly matches the English headword.,KEEP,No major rule-based quality problems detected.
8,urging,هُشِ,Urging on.,ACCEPT,Definition directly matches the English headword.,KEEP,No major rule-based quality problems detected.
8,villages,دِهاتِ,"Villages, country.",ACCEPT,Definition directly matches the English headword.,KEEP,No major rule-based quality problems detected.
8,visiting,بيمارپُرسيِ,Visiting the sick.,ACCEPT,Definition directly matches the English headword.,KEEP,No major rule-based quality problems detected.
8,vomiting,اُلِٽڻ,"Vomiting, vomit.",ACCEPT,Definition directly matches the English headword.,KEEP,No major rule-based quality problems detected.
8,vomiting,اوڪارو,"Vomiting, retching.",ACCEPT,Definition directly matches the English headword.,KEEP,No major rule-based quality problems detected.
8,vomiting,قَئي,"Vomiting, puking.",ACCEPT,Definition directly matches the English headword.,KEEP,No major rule-based quality problems detected.
8,waking,جاڳَرْتِ,"Waking, watching, vigilance.",ACCEPT,Definition directly matches the English headword.,KEEP,No major rule-based quality problems detected.
8,washing,ڌئڻيِ,"Washing, a wash.",ACCEPT,Definition directly matches the English headword.,KEEP,No major rule-based quality problems detected.
8,washing,ڪيسيِ سنان,Washing the head.,ACCEPT,Definition directly matches the English headword.,KEEP,No major rule-based quality problems detected.
8,ways,ڀَتِ,"Ways, manner, habit.",ACCEPT,Definition directly matches the English headword.,KEEP,No major rule-based quality problems detected.
8,wearing,چُڙِڻيِ,"Wearing, wear.",ACCEPT,Definition directly matches the English headword.,KEEP,No major rule-based quality problems detected.
8,weaving,اُڻاَوتَ,"Weaving, texture.",ACCEPT,Definition directly matches the English headword.,KEEP,No major rule-based quality problems detected.
8,weaving,اوڄَ,"Weaving, texture.",ACCEPT,Definition directly matches the English headword.,KEEP,No major rule-based quality problems detected.
8,welcome,آدرستڪار,"Welcome, honor.",ACCEPT,Definition directly matches the English headword.,KEEP,No major rule-based quality problems detected.
8,went,اُڌاڻو,Went away. inf,ACCEPT,Definition directly matches the English headword.,KEEP,No major rule-based quality problems detected.
8,worry,پَڪَڙَپَڇاڙَ,Worry. arrest.,ACCEPT,Candidate retained after final rule-based refinement.,KEEP,No major rule-based quality problems detected.
8,worry,کاسارو,"Worry, botheration.",ACCEPT,Definition directly matches the English headword.,KEEP,No major rule-based quality problems detected.
7,acts,ڪِرْتُ,"Acts, actions. Made, written, composed.",ACCEPT,Definition directly matches the English headword.,KEEP,No major rule-based quality problems detected.
7,agreeing,وَڻَتِ,"Agreeing, love, affection, concord.",ACCEPT,Definition directly matches the English headword.,KEEP,No major rule-based quality problems detected.
7,anything,بِشَئي,Anything perceptible to the senses; subject.,ACCEPT,Definition directly matches the English headword.,KEEP,No major rule-based quality problems detected.
7,apparently,ظاهراً,Apparently; as far as appearances go.,ACCEPT,Candidate retained after final rule-based refinement.,KEEP,No major rule-based quality problems detected.
7,arab,تازيِ,Arab (horse). A swift horse.,ACCEPT,Definition directly matches the English headword.,KEEP,No major rule-based quality problems detected.
7,arranging,سَنوارُ,"Arranging, regulation. Improvement; cheapness.",ACCEPT,Definition directly matches the English headword.,KEEP,No major rule-based quality problems detected.
7,begun,شُرۇعُ,"Begun, commenced. Beginning, commencement.",ACCEPT,Definition directly matches the English headword.,KEEP,No major rule-based quality problems detected.
7,believing,مُوَحِّدُ,"Believing in one God, a unitarian.",ACCEPT,Definition directly matches the English headword.,KEEP,No major rule-based quality problems detected.
7,belonging,حبِيباڻو,Belonging to a beloved one.,ACCEPT,Definition directly matches the English headword.,KEEP,No major rule-based quality problems detected.
7,belonging,لَڪَڙْيارو,Belonging to a mountain pass.,ACCEPT,Definition directly matches the English headword.,KEEP,No major rule-based quality problems detected.
7,belonging,مَعْدَنيِ,"Belonging to a mine, mineral.",ACCEPT,Definition directly matches the English headword.,KEEP,No major rule-based quality problems detected.
7,billing,چُماچاٽيِ,"Billing and cooing, caressings.",ACCEPT,Definition directly matches the English headword.,KEEP,No major rule-based quality problems detected.
7,birds,پَکَڻُ,Birds; the feathered tribe.,ACCEPT,Candidate retained after final rule-based refinement.,KEEP,No major rule-based quality problems detected.
7,boiled,ڀَتُ,"Boiled rice (among Mahomedans). Porridge, gruel.",ACCEPT,Definition directly matches the English headword.,KEEP,No major rule-based quality problems detected.
7,bothered,هَلاڪُ,"Bothered, annoyed, wearied, trouble, vexed.",ACCEPT,Definition directly matches the English headword.,KEEP,No major rule-based quality problems detected.
7,cards,بَدُ,Cards other than trump.,ACCEPT,Definition directly matches the English headword.,KEEP,No major rule-based quality problems detected.
7,ceased,مَوْقۇفُ,"Ceased, deferred, postponed, abolished; dismissed.",ACCEPT,Definition directly matches the English headword.,KEEP,No major rule-based quality problems detected.
7,chopped,ڪُلْفَتَ,Chopped meat made up in balls.,ACCEPT,Definition directly matches the English headword.,KEEP,No major rule-based quality problems detected.
7,chosen,مُصْطَفَيٰ,Chosen. A name of Mahomed.,ACCEPT,Candidate retained after final rule-based refinement.,KEEP,No major rule-based quality problems detected.
7,coming,اَچ وچ,"Coming and going, communication, frequenting.",ACCEPT,Definition directly matches the English headword.,KEEP,No major rule-based quality problems detected.
7,coming,آواگَمَنُ گَوَنُ,Coming and going; transmigration.,ACCEPT,Definition directly matches the English headword.,KEEP,No major rule-based quality problems detected.
7,complaining,هَوْن هَوْن,Complaining from being dissatisfied.,ACCEPT,Definition directly matches the English headword.,KEEP,No major rule-based quality problems detected.
7,consciousness,لَکَہ,"Consciousness, knowledge, information. A mark.",ACCEPT,Definition directly matches the English headword.,KEEP,No major rule-based quality problems detected.
7,containing,تيِليو,"Containing oil, oil-coloured.",ACCEPT,Definition directly matches the English headword.,KEEP,No major rule-based quality problems detected.
7,cooked,اَماپَڪيِ,Cooked by mother; readymade.,ACCEPT,Definition directly matches the English headword.,KEEP,No major rule-based quality problems detected.
7,cooked,رَسوئيِ,"Cooked food, victuals, a dinner.",ACCEPT,Definition directly matches the English headword.,KEEP,No major rule-based quality problems detected.
7,coupled,ٻِثو,"Coupled, joined, paired, double.",ACCEPT,Definition directly matches the English headword.,KEEP,No major rule-based quality problems detected.
7,coupled,سلهاڙيل,Coupled. Confined (to bed).,ACCEPT,Candidate retained after final rule-based refinement.,KEEP,No major rule-based quality problems detected.
7,courage,سَتِيا,"Courage, spirit, energy, resolution. Honesty.",ACCEPT,Definition directly matches the English headword.,KEEP,No major rule-based quality problems detected.
7,crooked,اَڙﭔنگ,"Crooked in disposition; perverse, forward.",ACCEPT,Definition directly matches the English headword.,KEEP,No major rule-based quality problems detected.
7,crooked,تِرْڇو,"Crooked, awry; turned out (as toes).",ACCEPT,Definition directly matches the English headword.,KEEP,No major rule-based quality problems detected.
7,crooked,ڦِڏو,"Crooked; club-footed, deformed. ڦِڏْڪو،ڦِڏائيِ Crookedness.",ACCEPT,Candidate retained after final rule-based refinement.,KEEP,No major rule-based quality problems detected.
7,crooked,ريِجَهڻُ,"Crooked, mischievous. abs. n",ACCEPT,Definition directly matches the English headword.,KEEP,No major rule-based quality problems detected.
7,crying,اوراڄو,"Crying, weeping. Calamity, evil, ill fate.",ACCEPT,Definition directly matches the English headword.,KEEP,No major rule-based quality problems detected.
7,crying,راڙ,"Crying, roaring, constant crying.",ACCEPT,Definition directly matches the English headword.,KEEP,No major rule-based quality problems detected.
7,crying,زاريِ,"Crying, weeping, lamentation. Supplication, entreaty.",ACCEPT,Definition directly matches the English headword.,KEEP,No major rule-based quality problems detected.
7,curry,تِيوَڻُ,"Curry of various kinds, seasoning, relish.",ACCEPT,Definition directly matches the English headword.,KEEP,No major rule-based quality problems detected.
7,dashed,چَڪْناچۇرُ,"Dashed to pieces, bruised.",ACCEPT,Definition directly matches the English headword.,KEEP,No major rule-based quality problems detected.
7,declining,لاڙۇ,Declining (as the sun).,ACCEPT,Definition directly matches the English headword.,KEEP,No major rule-based quality problems detected.
7,destroyed,ناسُ,"Destroyed, extinct. Destruction, ruin.",ACCEPT,Definition directly matches the English headword.,KEEP,No major rule-based quality problems detected.
7,doing,اُٿامار,"Doing things offhand, dabbling.",ACCEPT,Definition directly matches the English headword.,KEEP,No major rule-based quality problems detected.
7,dried,سوڪَڙِ,"Dried up, parched (a crop).",ACCEPT,Definition directly matches the English headword.,KEEP,No major rule-based quality problems detected.
7,dried,سُڪَلُ سَڙِيَلُ,"Dried up, withered; weazen.",ACCEPT,Definition directly matches the English headword.,KEEP,No major rule-based quality problems detected.
7,eaten,ڏُٿُ,eaten on fast days.,ACCEPT,Definition directly matches the English headword.,KEEP,No major rule-based quality problems detected.
7,entering,دَخَلُ,"Entering on; interference, meddling.",ACCEPT,Definition directly matches the English headword.,KEEP,No major rule-based quality problems detected.
7,exactly,ساڳي,"Exactly, the very same.",ACCEPT,Definition directly matches the English headword.,KEEP,No major rule-based quality problems detected.
7,falling,گيارس,falling on the 11th of,ACCEPT,Definition directly matches the English headword.,KEEP,No major rule-based quality problems detected.
7,filled,ٽِمٽارُ,"Filled to the top, brimful.",ACCEPT,Definition directly matches the English headword.,KEEP,No major rule-based quality problems detected.
7,filled,چوٽانچوٽِ,"Filled, full to the brim.",ACCEPT,Definition directly matches the English headword.,KEEP,No major rule-based quality problems detected.
7,filthy,ڪِنو,"Filthy, bad, stinking, putrid.",ACCEPT,Definition directly matches the English headword.,KEEP,No major rule-based quality problems detected.
7,freed,سَنڪَرُ,"Freed, released. A name of Siva",ACCEPT,Definition directly matches the English headword.,KEEP,No major rule-based quality problems detected.
7,giving,ڏئڻ وٺڻ,Giving and taking debts and credits.,ACCEPT,Definition directly matches the English headword.,KEEP,No major rule-based quality problems detected.
7,giving,ڪڃادان,Giving the bride in marriage.,ACCEPT,Definition directly matches the English headword.,KEEP,No major rule-based quality problems detected.
7,giving,ليتيِ ڏيتيِ,"Giving and taking, traffic, dealings.",ACCEPT,Definition directly matches the English headword.,KEEP,No major rule-based quality problems detected.
7,glazing,ڪاشيِ,"Glazing put on earthenware, glaze.",ACCEPT,Definition directly matches the English headword.,KEEP,No major rule-based quality problems detected.
7,having,اَکِرُ,Having eyes or spots.,ACCEPT,Definition directly matches the English headword.,KEEP,No major rule-based quality problems detected.
7,having,آنيارو,Having roe (as the palla fish.),ACCEPT,Definition directly matches the English headword.,KEEP,No major rule-based quality problems detected.
7,having,ٻِلاثو,Having two flames; shining two ways.,ACCEPT,Definition directly matches the English headword.,KEEP,No major rule-based quality problems detected.
7,having,ٻِهُڃاڻُ,Having much knowledge; wise.,ACCEPT,Definition directly matches the English headword.,KEEP,No major rule-based quality problems detected.
7,having,ڀيِديِ,Having knowledge of one's secrets.,ACCEPT,Definition directly matches the English headword.,KEEP,No major rule-based quality problems detected.
7,having,پَنجَڻِ,"Having five teats (a cow, &c.)",ACCEPT,Definition directly matches the English headword.,KEEP,No major rule-based quality problems detected.
7,having,پَهَلۇدارُ,"Having facets, or sides.",ACCEPT,Definition directly matches the English headword.,KEEP,No major rule-based quality problems detected.
7,having,چَتُرَڀُڄُ,Having four arms (said of Vishnu).,ACCEPT,Definition directly matches the English headword.,KEEP,No major rule-based quality problems detected.
7,having,ڌيڻيوارو,"Having such; hence, in easy circumstances.",ACCEPT,Definition directly matches the English headword.,KEEP,No major rule-based quality problems detected.
7,having,ڏهسو,Having 1000 threads in the woof (cloth).,ACCEPT,Definition directly matches the English headword.,KEEP,No major rule-based quality problems detected.
7,having,ڪَجْلو,Having the eyelids so painted.,ACCEPT,Definition directly matches the English headword.,KEEP,No major rule-based quality problems detected.
7,having,ڪَمَرَبَسْتو,Having the waist girded up.,ACCEPT,Definition directly matches the English headword.,KEEP,No major rule-based quality problems detected.
7,having,کِلَ مُکو,"Having a smiling face, affable, merry.",ACCEPT,Definition directly matches the English headword.,KEEP,No major rule-based quality problems detected.
7,having,گل مُنهون,Having a ruddy face.,ACCEPT,Definition directly matches the English headword.,KEEP,No major rule-based quality problems detected.
7,having,ڳڀوراڙو,Having a large family of children.,ACCEPT,Definition directly matches the English headword.,KEEP,No major rule-based quality problems detected.
7,having,گهڻ ٻجو,"Having many seeds, seedy.",ACCEPT,Definition directly matches the English headword.,KEEP,No major rule-based quality problems detected.
7,having,لاڳدار,Having a connection or interest.,ACCEPT,Definition directly matches the English headword.,KEEP,No major rule-based quality problems detected.
7,having,مٿي ميريِ,Having the menses (a woman).,ACCEPT,Definition directly matches the English headword.,KEEP,No major rule-based quality problems detected.
7,having,مُرْسيتيِ,Having a husband (a woman) married.,ACCEPT,Definition directly matches the English headword.,KEEP,No major rule-based quality problems detected.
7,having,وڎخرچو,Having many expenses; expensive.,ACCEPT,Definition directly matches the English headword.,KEEP,No major rule-based quality problems detected.
7,having,ساءُ,Having the taste of poison.,ACCEPT,Definition directly matches the English headword.,KEEP,No major rule-based quality problems detected.
7,having,هَٻو,Having the wings clipped.,ACCEPT,Definition directly matches the English headword.,KEEP,No major rule-based quality problems detected.
7,having,هجائتو,Having the influence of friendship.,ACCEPT,Definition directly matches the English headword.,KEEP,No major rule-based quality problems detected.
7,having,هَنگايو,Having an inclination to stool.,ACCEPT,Definition directly matches the English headword.,KEEP,No major rule-based quality problems detected.
7,heard,هَفَوائيِ,Heard by report. Report.,ACCEPT,Definition directly matches the English headword.,KEEP,No major rule-based quality problems detected.
7,hundreds,سَوين,"Hundreds, hundreds of, in hundreds.",ACCEPT,Definition directly matches the English headword.,KEEP,No major rule-based quality problems detected.
7,hunting,آهيڙو,"Hunting, pursuing or killing game.",ACCEPT,Definition directly matches the English headword.,KEEP,No major rule-based quality problems detected.
7,hunting,شِڪارُ,"Hunting, chase, shooting, prey, game.",ACCEPT,Definition directly matches the English headword.,KEEP,No major rule-based quality problems detected.
7,insects,سُرو,Insects destructive to grain.,ACCEPT,Definition directly matches the English headword.,KEEP,No major rule-based quality problems detected.
7,joined,شامِلُ,"Joined, connected; associated; concerned; attached, appended.",ACCEPT,Definition directly matches the English headword.,KEEP,No major rule-based quality problems detected.
7,judging,ڏٻرو آچارُ,Judging at the lowest estimation.,ACCEPT,Definition directly matches the English headword.,KEEP,No major rule-based quality problems detected.
7,killing,مارو,"Killing; dying, mortality; massacre. Killer.",ACCEPT,Candidate retained after final rule-based refinement.,KEEP,No major rule-based quality problems detected.
7,kindness,پاڄارو,Kindness; a kind act.,ACCEPT,Candidate retained after final rule-based refinement.,KEEP,No major rule-based quality problems detected.
7,kindness,نَوازَ,"Kindness, showing kindness or liberality.",ACCEPT,Definition directly matches the English headword.,KEEP,No major rule-based quality problems detected.
7,kinds,تِڎيِ,Kinds of cricket or cockroach.,ACCEPT,Definition directly matches the English headword.,KEEP,No major rule-based quality problems detected.
7,knowing,ڍُٽو,"Knowing, sharp, clever (a thief).",ACCEPT,Definition directly matches the English headword.,KEEP,No major rule-based quality problems detected.
7,laughing,کِلَ,"Laughing, a laugh, derision.",ACCEPT,Definition directly matches the English headword.,KEEP,No major rule-based quality problems detected.
7,laughing,کلڻائيِ,"Laughing and playing; merriment, risibility.",ACCEPT,Definition directly matches the English headword.,KEEP,No major rule-based quality problems detected.
7,leaves,پَٽَهَہ,Leaves of a cotton-pod.,ACCEPT,Definition directly matches the English headword.,KEEP,No major rule-based quality problems detected.
7,lined,سۇسيِ,Lined or striped cloth.,ACCEPT,Definition directly matches the English headword.,KEEP,No major rule-based quality problems detected.
7,loving,ڀَڳِتيِ,"Loving devotion, ardent worship.",ACCEPT,Definition directly matches the English headword.,KEEP,No major rule-based quality problems detected.
7,ninth,نائون,Ninth. The figure nine.,ACCEPT,Candidate retained after final rule-based refinement.,KEEP,No major rule-based quality problems detected.
7,observing,اُهاڙُ,Observing of traces; ( mil ) reconnoissance.,ACCEPT,Definition directly matches the English headword.,KEEP,No major rule-based quality problems detected.
7,obtained,ڳاڙُئون,Obtained by oozing or dripping.,ACCEPT,Definition directly matches the English headword.,KEEP,No major rule-based quality problems detected.
7,ordered,مامۇرُ,"Ordered. Usage. Work, business.",ACCEPT,Candidate retained after final rule-based refinement.,KEEP,No major rule-based quality problems detected.
7,peel,ڇِلُ,"Peel, skin, rind, shell, filings, shavings.",ACCEPT,Definition directly matches the English headword.,KEEP,No major rule-based quality problems detected.
7,pertaining,سڌاڻو,Pertaining to a holy man. Miraculous.,ACCEPT,Definition directly matches the English headword.,KEEP,No major rule-based quality problems detected.
7,playing,گَنجِفو,"Playing cards, a pack of cards.",ACCEPT,Definition directly matches the English headword.,KEEP,No major rule-based quality problems detected.
7,pluto,ڌرم راءِ,Pluto (of the Hindus),ACCEPT,Definition directly matches the English headword.,KEEP,No major rule-based quality problems detected.
7,prayers,فاتَحَ,Prayers for the dead.,ACCEPT,Definition directly matches the English headword.,KEEP,No major rule-based quality problems detected.
7,preparing,سانباهي,"Preparing for a journey, &c., preparation.",ACCEPT,Definition directly matches the English headword.,KEEP,No major rule-based quality problems detected.
7,providing,پالِنا,"Providing, or caring for, bringing up.",ACCEPT,Definition directly matches the English headword.,KEEP,No major rule-based quality problems detected.
7,putting,نَٽاءُ,"Putting off, evading, shirking.",ACCEPT,Definition directly matches the English headword.,KEEP,No major rule-based quality problems detected.
7,quietly,گَهس ڦُسِ ۾,"Quietly, in hugger mugger.",ACCEPT,Definition directly matches the English headword.,KEEP,No major rule-based quality problems detected.
7,rebound,لَمُ,Rebound of a ball. ( Up. S ).,ACCEPT,Definition directly matches the English headword.,KEEP,No major rule-based quality problems detected.
7,respected,بَرْکہُ,"Respected; honored, having influence.",ACCEPT,Candidate retained after final rule-based refinement.,KEEP,No major rule-based quality problems detected.
7,respected,عَزِيزُ,Respected; dear. A relation.,ACCEPT,Candidate retained after final rule-based refinement.,KEEP,No major rule-based quality problems detected.
7,scattered,ڪَڻوڪَڻو,"Scattered, dispersed, in divers directions.",ACCEPT,Definition directly matches the English headword.,KEEP,No major rule-based quality problems detected.
7,scattered,وائِوِڪِرِ,"Scattered, wandering; helpless and harmless.",ACCEPT,Definition directly matches the English headword.,KEEP,No major rule-based quality problems detected.
7,scorpio,عَقْرَبُ,Scorpio — a sign of the zodiac.,ACCEPT,Definition directly matches the English headword.,KEEP,No major rule-based quality problems detected.
7,secretly,لِڪَ ڇِپَ ۾,"Secretly, on the sly.",ACCEPT,Definition directly matches the English headword.,KEEP,No major rule-based quality problems detected.
7,seeds,ڪِرْياڻو,Seeds other than cereals.,ACCEPT,Definition directly matches the English headword.,KEEP,No major rule-based quality problems detected.
7,separately,پاڻوواڻيِ,"Separately respectively, at one.",ACCEPT,Definition directly matches the English headword.,KEEP,No major rule-based quality problems detected.
7,signs,ڍوءُ,"Signs of rain, bad weather.",ACCEPT,Definition directly matches the English headword.,KEEP,No major rule-based quality problems detected.
7,somewhat,اَلبت,"Somewhat; certainly, of course.",ACCEPT,Candidate retained after final rule-based refinement.,KEEP,No major rule-based quality problems detected.
7,somewhat,ٿُلهيڙو,Somewhat thick or corpulent; thickish,ACCEPT,Definition directly matches the English headword.,KEEP,No major rule-based quality problems detected.
7,somewhat,ڊگهيرڙو,"Somewhat long or larger, tallish.",ACCEPT,Definition directly matches the English headword.,KEEP,No major rule-based quality problems detected.
7,somewhat,ڳوڙهيرڙو,Somewhat thick or dense.,ACCEPT,Definition directly matches the English headword.,KEEP,No major rule-based quality problems detected.
7,somewhat,وَڎيرڙو,"Somewhat large, biggish, too large.",ACCEPT,Definition directly matches the English headword.,KEEP,No major rule-based quality problems detected.
7,somewhat,هيٺتي,Somewhat low or lower.,ACCEPT,Definition directly matches the English headword.,KEEP,No major rule-based quality problems detected.
7,speaking,پَرَپَچارَ,Speaking ill of others.,ACCEPT,Definition directly matches the English headword.,KEEP,No major rule-based quality problems detected.
7,spreading,پَکيڙَ,"Spreading out; expansion, extent, area.",ACCEPT,Definition directly matches the English headword.,KEEP,No major rule-based quality problems detected.
7,spying,چارالَ,"Spying, scoutineg, secret inquiry. چارِپو،چارَپَ،چاراپو",ACCEPT,Definition directly matches the English headword.,KEEP,No major rule-based quality problems detected.
7,sticking,لِڳْلِڳِ,"Sticking, stickiness. Glutinous, sticky.",ACCEPT,Definition directly matches the English headword.,KEEP,No major rule-based quality problems detected.
7,stocks,اِشڪَنْجو,Stocks for torture. Bookbinder's press.,ACCEPT,Definition directly matches the English headword.,KEEP,No major rule-based quality problems detected.
7,stopping,ٿَمُ,"Stopping, ceasing. A lair.",ACCEPT,Definition directly matches the English headword.,KEEP,No major rule-based quality problems detected.
7,stored,سَٿُ,"Stored, hoarded. Pressed down.",ACCEPT,Definition directly matches the English headword.,KEEP,No major rule-based quality problems detected.
7,struck,ڪانارِيو,Struck by an arrow.,ACCEPT,Definition directly matches the English headword.,KEEP,No major rule-based quality problems detected.
7,swallowing,ڳيِتَ,"Swallowing, a swallow, a gulp.",ACCEPT,Definition directly matches the English headword.,KEEP,No major rule-based quality problems detected.
7,sweeping,چوتيِ,Sweeping clean (as by a thief).,ACCEPT,Definition directly matches the English headword.,KEEP,No major rule-based quality problems detected.
7,tested,مُجَرِّبُ,"Tested, proved, tried, expert.",ACCEPT,Definition directly matches the English headword.,KEEP,No major rule-based quality problems detected.
7,thoughtful,قياسيِ,"Thoughtful, considerate; kind; theoretical; hypothetical.",ACCEPT,Definition directly matches the English headword.,KEEP,No major rule-based quality problems detected.
7,thousands,هزارون,"Thousands of, or by thousands.",ACCEPT,Definition directly matches the English headword.,KEEP,No major rule-based quality problems detected.
7,throwing,نيزي بازيِ,"Throwing the lance, tilting.",ACCEPT,Definition directly matches the English headword.,KEEP,No major rule-based quality problems detected.
7,thrown,برامديِ,Thrown up by the river.,ACCEPT,Definition directly matches the English headword.,KEEP,No major rule-based quality problems detected.
7,thunder,گوڙِ,"Thunder, a peal, a rumbling noise.",ACCEPT,Definition directly matches the English headword.,KEEP,No major rule-based quality problems detected.
7,till,(تائين),"Till, until, up to.",ACCEPT,Definition directly matches the English headword.,KEEP,No major rule-based quality problems detected.
7,till,توڙِبن,"Till, up to; as far as.",ACCEPT,Definition directly matches the English headword.,KEEP,No major rule-based quality problems detected.
7,totally,صفن صفا,"Totally void, empty, cleared out.",ACCEPT,Definition directly matches the English headword.,KEEP,No major rule-based quality problems detected.
7,towards,ڏانهون,"Towards, in the direction of.",ACCEPT,Definition directly matches the English headword.,KEEP,No major rule-based quality problems detected.
7,travelling,ڀَتُ,Travelling or additional allowance; rations.,ACCEPT,Definition directly matches the English headword.,KEEP,No major rule-based quality problems detected.
7,turkish,تُرْڪيِ,Turkish. The Turkish language.,ACCEPT,Candidate retained after final rule-based refinement.,KEEP,No major rule-based quality problems detected.
7,turn,ڀيِرو,"Turn, time; a revolution, turn.",ACCEPT,Definition directly matches the English headword.,KEEP,No major rule-based quality problems detected.
7,turned,اوٿِلوُ,Turned over (as a neck-tie).,ACCEPT,Definition directly matches the English headword.,KEEP,No major rule-based quality problems detected.
7,turned,مُتَوَجَهُ,"Turned towards, attentive, favourable.",ACCEPT,Definition directly matches the English headword.,KEEP,No major rule-based quality problems detected.
7,twist,وراڪو,"Twist, turn, twisting, wind, winding.",ACCEPT,Definition directly matches the English headword.,KEEP,No major rule-based quality problems detected.
7,vegetables,بَرٿو,Vegetables boiled and then bruised.,ACCEPT,Definition directly matches the English headword.,KEEP,No major rule-based quality problems detected.
7,vegetables,بَڪُر,"Vegetables and fruit, greens.",ACCEPT,Definition directly matches the English headword.,KEEP,No major rule-based quality problems detected.
7,vegetables,سائي ڀاڄيِ,"Vegetables, leaves, greens, pot-herbs.",ACCEPT,Definition directly matches the English headword.,KEEP,No major rule-based quality problems detected.
7,vegetables,ڪَچِريِ,Vegetables sliced and dried.,ACCEPT,Definition directly matches the English headword.,KEEP,No major rule-based quality problems detected.
7,vomiting,رت جيِ اُلٽيِ,"Vomiting of blood, hæmatemesis.",ACCEPT,Definition directly matches the English headword.,KEEP,No major rule-based quality problems detected.
7,washing,پَنجِسَنانيِ,"Washing the hands, feet and head.",ACCEPT,Definition directly matches the English headword.,KEEP,No major rule-based quality problems detected.
7,weaving,ميل ڪرائڻ,weaving To close or cover cloth.,ACCEPT,Definition directly matches the English headword.,KEEP,No major rule-based quality problems detected.
7,weighing,ڌَڙُ,"Weighing, measuring (grain and merchandize).",ACCEPT,Definition directly matches the English headword.,KEEP,No major rule-based quality problems detected.
7,welcome,ڀَليِن آيئَن,Welcome! You are welcome.,ACCEPT,Candidate retained after final rule-based refinement.,KEEP,No major rule-based quality problems detected.
7,women,مَسْتۇرِاتِ,"Women, respectable ( i. e veiled) women.",ACCEPT,Definition directly matches the English headword.,KEEP,No major rule-based quality problems detected.
7,worked,مقيس,worked or woven into it.,ACCEPT,Definition directly matches the English headword.,KEEP,No major rule-based quality problems detected.
7,worried,آتو,"Worried, weary; eagerly anxious.",ACCEPT,Definition directly matches the English headword.,KEEP,No major rule-based quality problems detected.
7,wreck,ڪونچ جاٽڪرا,"Wreck, the ruins of a ship.",ACCEPT,Definition directly matches the English headword.,KEEP,No major rule-based quality problems detected.
6,acts,فَعْلُ,"Acts, deeds. Fornication, adultery. ( gram ) A verb.",ACCEPT,Definition directly matches the English headword.,KEEP,No major rule-based quality problems detected.
6,anything,طافُ,"Anything dividing a plain from a mountain, a border.",ACCEPT,Definition directly matches the English headword.,KEEP,No major rule-based quality problems detected.
6,anything,عيد,anything laid by against the evil day.,ACCEPT,Definition directly matches the English headword.,KEEP,No major rule-based quality problems detected.
6,arrived,راسۇ,"Arrived at excellence, or a state of perfection.",ACCEPT,Definition directly matches the English headword.,KEEP,No major rule-based quality problems detected.
6,beating,پِٽِڪو,Beating the head or breast from grief.,ACCEPT,Definition directly matches the English headword.,KEEP,No major rule-based quality problems detected.
6,beating,ڦَهَ ڦَهَ,"Beating, striking; the sound of a slap or blow (in quick succession), a shower (of abuse); a thud.",ACCEPT,Definition directly matches the English headword.,KEEP,No major rule-based quality problems detected.
6,belonging,مُلْکيِ,"Belonging to one's country, indigenous; national; political. Revenue.",ACCEPT,Definition directly matches the English headword.,KEEP,No major rule-based quality problems detected.
6,chopped,ڪُتِرِ,Chopped straw or grass; the chopping such into small pieces.,ACCEPT,Definition directly matches the English headword.,KEEP,No major rule-based quality problems detected.
6,clouds,غُبارُ,Clouds of dust; mist; weight on the mind.,ACCEPT,Definition directly matches the English headword.,KEEP,No major rule-based quality problems detected.
6,containing,لَوْنگيِ,"Containing cloves, having the taste of cloves.",ACCEPT,Definition directly matches the English headword.,KEEP,No major rule-based quality problems detected.
6,crooked,ڏنگو,"Crooked, bent, awry, uneven, oblique; naughty, full of opposition or crooked ways.",ACCEPT,Definition directly matches the English headword.,KEEP,No major rule-based quality problems detected.
6,crooked,ڪَجُ,"Crooked, curved; cross, perverse. ( survey ) A corner.",ACCEPT,Definition directly matches the English headword.,KEEP,No major rule-based quality problems detected.
6,crowded,ڳَهَٽُ,"Crowded together, collected in a crowd. A throng, crowd.",ACCEPT,Definition directly matches the English headword.,KEEP,No major rule-based quality problems detected.
6,crying,رنگهَہ,"Crying, complaining, fretting (of a child from sickness).",ACCEPT,Definition directly matches the English headword.,KEEP,No major rule-based quality problems detected.
6,cuts,اُٽي,Cuts (with friends).,ACCEPT,Definition directly matches the English headword.,KEEP,No major rule-based quality problems detected.
6,dancing,راسَ ڌاريِ,Dancing boys who act the parts of Krishna and the gopis,ACCEPT,Definition directly matches the English headword.,KEEP,No major rule-based quality problems detected.
6,dates,ڪَتَلَ,Dates brought from abroad packed up in a lump.,ACCEPT,Definition directly matches the English headword.,KEEP,No major rule-based quality problems detected.
6,debts,پيٺِ,"Debts, liabilities. An offering given to a superior.",ACCEPT,Definition directly matches the English headword.,KEEP,No major rule-based quality problems detected.
6,depending,ٺينگيمَڙْديِ,"Depending on one's self, self-reliance; independence, smartness.",ACCEPT,Definition directly matches the English headword.,KEEP,No major rule-based quality problems detected.
6,dried,ڇَهُ,Dried leaves and stalks falling to the ground.,ACCEPT,Definition directly matches the English headword.,KEEP,No major rule-based quality problems detected.
6,fallen,سَڙُه,Fallen and stretched out (said of a sluggard).,ACCEPT,Definition directly matches the English headword.,KEEP,No major rule-based quality problems detected.
6,fallen,نازِلُ,"Fallen on one (as a misfortune), descending.",ACCEPT,Definition directly matches the English headword.,KEEP,No major rule-based quality problems detected.
6,filthy,خِلْْطُ,Filthy humours secreted in the bowels; one of the four humours of the human body.,ACCEPT,Definition directly matches the English headword.,KEEP,No major rule-based quality problems detected.
6,folds,لانگَ,Folds of dhoti passed between the thighs; a cloth worn between the legs; the girding one's self in this way.,ACCEPT,Definition directly matches the English headword.,KEEP,No major rule-based quality problems detected.
6,formed,ڇيلِوون,"Formed of pared or peeled wood, devoid of skin or peel; shaped or squared (timber). Scaly (a fish).",ACCEPT,Definition directly matches the English headword.,KEEP,No major rule-based quality problems detected.
6,forming,جوڙُ,"Forming, junction; addition, total, sum. A match, fit, fellow. A crowd or body of faqirs. a Suitable, fit. Well, in good health.",ACCEPT,Definition directly matches the English headword.,KEEP,No major rule-based quality problems detected.
6,gains,ٻِيگهيِ,"Gains coming in from two quarters, a capital opportunity.",ACCEPT,Definition directly matches the English headword.,KEEP,No major rule-based quality problems detected.
6,grains,آڻُ,"Grains of tares, &c. found in rice. اُڻَپَ، اُڻَتِ، اُڻاتِ، اُڻاتَ",ACCEPT,Definition directly matches the English headword.,KEEP,No major rule-based quality problems detected.
6,having,ڀُچُ,"Having long straggling hair; barbarous, or barbarous-looking, uncouth Long tangled hair.",ACCEPT,Definition directly matches the English headword.,KEEP,No major rule-based quality problems detected.
6,having,پَنجِڪَلْياڻُ,Having four white feet and a white mark on the forehead (a horse).,ACCEPT,Definition directly matches the English headword.,KEEP,No major rule-based quality problems detected.
6,having,ڌڻڪو,"Having an owner. Straight, exactly, in the spot.",ACCEPT,Definition directly matches the English headword.,KEEP,No major rule-based quality problems detected.
6,having,ڏَنوَڏارُ,Having a tendency to tear wearing apparel.,ACCEPT,Definition directly matches the English headword.,KEEP,No major rule-based quality problems detected.
6,having,رۇماچِتُ,"Having the hair of the body erect; hence, delighted, enraptured.",ACCEPT,Definition directly matches the English headword.,KEEP,No major rule-based quality problems detected.
6,having,ستارپيشانيِ,Having a star in the forehead (a blemish in a horse); said also of an ill-fated person.,ACCEPT,Definition directly matches the English headword.,KEEP,No major rule-based quality problems detected.
6,having,سُچَرُ,Having a constantly good appe tite; voracious.,ACCEPT,Definition directly matches the English headword.,KEEP,No major rule-based quality problems detected.
6,having,سُساڏو,"Having a large quantity of pepper, salt and spice; spicy, piquant.",ACCEPT,Definition directly matches the English headword.,KEEP,No major rule-based quality problems detected.
6,having,گريارو,"Having knots or sections (as sugar-cane, &c.), jointed.",ACCEPT,Definition directly matches the English headword.,KEEP,No major rule-based quality problems detected.
6,having,مائيدار,"Having substance, or body; substantial, possessing thickness.",ACCEPT,Definition directly matches the English headword.,KEEP,No major rule-based quality problems detected.
6,held,سَماجِڪُ,"Held in common, belonging to a society.",ACCEPT,Definition directly matches the English headword.,KEEP,No major rule-based quality problems detected.
6,influenced,ڪانيارو,"Influenced by another; dependant, indebted, under obligation. Timid.",ACCEPT,Definition directly matches the English headword.,KEEP,No major rule-based quality problems detected.
6,kissing,قدم بوسي,Kissing the feet of a superior; respectful salutation.,ACCEPT,Definition directly matches the English headword.,KEEP,No major rule-based quality problems detected.
6,looking,جهاتيِ,"Looking through a hole or round a corner secretly, peeping.",ACCEPT,Definition directly matches the English headword.,KEEP,No major rule-based quality problems detected.
6,looking,ديِکَہ,"Looking intensely; excessive strain on eyes; photophobia, or in tolerance of light.",ACCEPT,Definition directly matches the English headword.,KEEP,No major rule-based quality problems detected.
6,looking,ڏِتِ,"Looking earnestly; making much use of or straining the eyes. Habit, custom. ڏُتِڙْجَڻُ ، ڏُتِرْجَڻُ",ACCEPT,Definition directly matches the English headword.,KEEP,No major rule-based quality problems detected.
6,looking,سۇنجَهہ,"Looking about, spying here and there, inquistiveness.",ACCEPT,Definition directly matches the English headword.,KEEP,No major rule-based quality problems detected.
6,looking,نِهارَ,"Looking at, looking for, viewing, staring, watching.",ACCEPT,Definition directly matches the English headword.,KEEP,No major rule-based quality problems detected.
6,obtaining,جۇڻيِ,Obtaining and giving information as regards criminals.,ACCEPT,Definition directly matches the English headword.,KEEP,No major rule-based quality problems detected.
6,ornaments,مَڻِيو,"Ornaments for the person trinkets, jewels. A bead.",ACCEPT,Definition directly matches the English headword.,KEEP,No major rule-based quality problems detected.
6,performing,نارائِنَ ٻَلي,Performing an extra funeral ceremony for a person who has died of an accidental death.,ACCEPT,Definition directly matches the English headword.,KEEP,No major rule-based quality problems detected.
6,pertaining,چاهی,Pertaining to a well; cultivated on well-water.,ACCEPT,Definition directly matches the English headword.,KEEP,No major rule-based quality problems detected.
6,pieces,جوٽا,Pieces of thread for attaching those of the warp to the warp rod.,ACCEPT,Definition directly matches the English headword.,KEEP,No major rule-based quality problems detected.
6,popped,ڦُلو,"Popped corn. Leucoma, albugo. Lamp black, the snuff of a candle.",ACCEPT,Definition directly matches the English headword.,KEEP,No major rule-based quality problems detected.
6,possessed,مالدار,Possessed of property or cattle; wealthy. A cattle proprietor.,ACCEPT,Definition directly matches the English headword.,KEEP,No major rule-based quality problems detected.
6,putting,تَعَمِيلَ,"Putting in force or practice, execution (of a decree), service (of a notice).",ACCEPT,Definition directly matches the English headword.,KEEP,No major rule-based quality problems detected.
6,putting,ڪَرَڌَرَ,"Putting things to right, manner of arranging things.",ACCEPT,Definition directly matches the English headword.,KEEP,No major rule-based quality problems detected.
6,relating,نوابيِ,"Relating to a nawab. a Deputyship, a governorship. A kind of thin silk cloth.",ACCEPT,Definition directly matches the English headword.,KEEP,No major rule-based quality problems detected.
6,removing,آنچَڪ,Removing the check (in chess) by bringing forward another piece.,ACCEPT,Definition directly matches the English headword.,KEEP,No major rule-based quality problems detected.
6,removing,لاڎَڻِ,"Removing from one place to another; the goods, chattels so removed.",ACCEPT,Definition directly matches the English headword.,KEEP,No major rule-based quality problems detected.
6,ropes,پيرَڻ,Ropes tied round the feet by thieves.,ACCEPT,Definition directly matches the English headword.,KEEP,No major rule-based quality problems detected.
6,showing,ڏيکارو,"Showing, seeing, sight, appearance, deportment; a manifestation.",ACCEPT,Definition directly matches the English headword.,KEEP,No major rule-based quality problems detected.
6,something,لهڻو,"Something to be received, a due, credit.",ACCEPT,Definition directly matches the English headword.,KEEP,No major rule-based quality problems detected.
6,something,سَرِباريِ,Something extra added to the load agreed upon.,ACCEPT,Definition directly matches the English headword.,KEEP,No major rule-based quality problems detected.
6,somewhat,اورتانهون,"Somewhat nearer, a little on this side.",ACCEPT,Definition directly matches the English headword.,KEEP,No major rule-based quality problems detected.
6,somewhat,ڦِلهائيِ,"Somewhat flaccid or of soft or loose body; weak, feeble of mind.",ACCEPT,Definition directly matches the English headword.,KEEP,No major rule-based quality problems detected.
6,somewhat,ڪُڇُ,"Somewhat, aught, something, anything, ever so little, whatever.",ACCEPT,Definition directly matches the English headword.,KEEP,No major rule-based quality problems detected.
6,spots,ٻُرْٻُرِ,"Spots or pimples on the skin; a rash, efflorescence. A quantity of lice or grubs.",ACCEPT,Definition directly matches the English headword.,KEEP,No major rule-based quality problems detected.
6,staring,گهۇرَ,"Staring fiercely, looking dark and angry. Remembrance.",ACCEPT,Definition directly matches the English headword.,KEEP,No major rule-based quality problems detected.
6,staring,هِڪَ ٽِڪَ,"Staring, looking fixedly. Fixed (as a paper kite); firm, constant (in one's word).",ACCEPT,Definition directly matches the English headword.,KEEP,No major rule-based quality problems detected.
6,strings,لارَ,Strings drawn out from any glutinous substance (as honey hanging down from the comb); money coming in as a fee or allowance from different directions. The tongue or clapper (of a bell).,ACCEPT,Definition directly matches the English headword.,KEEP,No major rule-based quality problems detected.
6,sweeping,ميڙسيڙ,"Sweeping up together, the act of sweeping; sweepings.",ACCEPT,Definition directly matches the English headword.,KEEP,No major rule-based quality problems detected.
6,swinging,لوڏو,"Swinging, shaking; a shock; convulsion; jolting, a swing, oscillation, vibration.",ACCEPT,Definition directly matches the English headword.,KEEP,No major rule-based quality problems detected.
6,taking,کَڻَتِ,"Taking up goods in account, tick, debt.",ACCEPT,Definition directly matches the English headword.,KEEP,No major rule-based quality problems detected.
6,things,گَنڊُگوڙ,"Things tossed about or tangled together, trash, dirt, rubbish; a tangle, perplexity, disorder.",ACCEPT,Definition directly matches the English headword.,KEEP,No major rule-based quality problems detected.
6,throwing,ٻَريِ ٺَريِ,Throwing the ashes into the river immediately the corpse is burnt.,ACCEPT,Definition directly matches the English headword.,KEEP,No major rule-based quality problems detected.
6,trees,وَڻراهِ,"Trees, a bush or tree in general; the vegetable kingdom. An avenue of trees.",ACCEPT,Definition directly matches the English headword.,KEEP,No major rule-based quality problems detected.
6,troubled,دِقُ,"Troubled, annoyed. The fulness and pain from surfeit and indigestion.",ACCEPT,Definition directly matches the English headword.,KEEP,No major rule-based quality problems detected.
6,turned,هيٺَمُهون,"Turned on the face or upside down, inclined to one side.",ACCEPT,Definition directly matches the English headword.,KEEP,No major rule-based quality problems detected.
6,twist,پيچُ,"Twist, turn, revolution, coil. Gripes. Perplexity, difficulty, a fix, maze. A screw. Circumvention, cheating; equivoque; tactics.",ACCEPT,Definition directly matches the English headword.,KEEP,No major rule-based quality problems detected.
6,tying,ڏنديِ,Tying a thread on the teeth of a comb for the purpose of getting out the lice from the hair.,ACCEPT,Definition directly matches the English headword.,KEEP,No major rule-based quality problems detected.
6,verified,ساڀيان,"Verified confirmed, true, correct. In truth or reality, in earnest.",ACCEPT,Definition directly matches the English headword.,KEEP,No major rule-based quality problems detected.
6,viewing,نِظارو,"Viewing, prospect; an open view; a scenery; splendour, beauty.",ACCEPT,Definition directly matches the English headword.,KEEP,No major rule-based quality problems detected.
6,wandering,ڏورَ,"Wandering about in search of any thing, quest.",ACCEPT,Definition directly matches the English headword.,KEEP,No major rule-based quality problems detected.
6,wrestling,ملاکڙو,Wrestling or sport of wrestling; a place for wrestling.,ACCEPT,Definition directly matches the English headword.,KEEP,No major rule-based quality problems detected.
5,charmed,اَڪَنُ ڇَڪَنُ,"Charmed, fascinated, mad with love.",ACCEPT,Definition directly matches the English headword.,KEEP,No major rule-based quality problems detected.
5,cooked,واڱڻ,"cooked with channa meal, &c.",ACCEPT,Definition directly matches the English headword.,KEEP,No major rule-based quality problems detected.
5,delivered,اَمَهَڙو,Delivered with difficulty (a young one).,ACCEPT,Definition directly matches the English headword.,KEEP,No major rule-based quality problems detected.
5,favor,ٿَڌوٿورو,Favor done with a purpose.,ACCEPT,Definition directly matches the English headword.,KEEP,No major rule-based quality problems detected.
5,filled,طامع,"Filled with avidity or desire, covetous.",ACCEPT,Definition directly matches the English headword.,KEEP,No major rule-based quality problems detected.
5,filled,مَڳُہ,"Filled with pride, wine, &c., wanton.",ACCEPT,Definition directly matches the English headword.,KEEP,No major rule-based quality problems detected.
5,plated,ملمعيِ,Plated with gold or silver.,ACCEPT,Definition directly matches the English headword.,KEEP,No major rule-based quality problems detected.
4,addressed,سيڻُ,so addressed.,ACCEPT,Candidate retained after final rule-based refinement.,KEEP,No major rule-based quality problems detected.
4,afghan,پَٺاڻُ,"An Afghan, Pathan.",ACCEPT,Candidate retained after final rule-based refinement.,KEEP,No major rule-based quality problems detected.
4,agreeing,قائِلُ,"Acquiescing, agreeing, convinced.",ACCEPT,Candidate retained after final rule-based refinement.,KEEP,No major rule-based quality problems detected.
4,agreeing,مُتَفِقُ,"United, agreeing, unanimous.",ACCEPT,Candidate retained after final rule-based refinement.,KEEP,No major rule-based quality problems detected.
4,agreeing,هامَ,"Assent, agreeing.",ACCEPT,Candidate retained after final rule-based refinement.,KEEP,No major rule-based quality problems detected.
4,altered,مُبَدِّلِ,"Changed, altered.",ACCEPT,Candidate retained after final rule-based refinement.,KEEP,No major rule-based quality problems detected.
4,american,عشق پيچُ,The American Jasmine.,ACCEPT,Candidate retained after final rule-based refinement.,KEEP,No major rule-based quality problems detected.
4,analyze,تَفْرِيقَ ڪَرَڻُ,To analyze.,ACCEPT,Candidate retained after final rule-based refinement.,KEEP,No major rule-based quality problems detected.
4,ancestors,اَباواَجْدا,"Forefathers, ancestors.",ACCEPT,Candidate retained after final rule-based refinement.,KEEP,No major rule-based quality problems detected.
4,andrew,جعفرزٽليِ,Merry Andrew.,ACCEPT,Candidate retained after final rule-based refinement.,KEEP,No major rule-based quality problems detected.
4,angles,متبدل ڪنڊوُن,Alternate angles.,ACCEPT,Candidate retained after final rule-based refinement.,KEEP,No major rule-based quality problems detected.
4,annoying,کِيدِرو,"Troublesome, annoying.",ACCEPT,Candidate retained after final rule-based refinement.,KEEP,No major rule-based quality problems detected.
4,anything,ڪَنچَنُ,Gold. Anything delicate.,ACCEPT,Candidate retained after final rule-based refinement.,KEEP,No major rule-based quality problems detected.
4,approaching,وارُ,"Coming, approaching.",ACCEPT,Candidate retained after final rule-based refinement.,KEEP,No major rule-based quality problems detected.
4,arab,عِراقيِ,An Arab horse.,ACCEPT,Candidate retained after final rule-based refinement.,KEEP,No major rule-based quality problems detected.
4,arguing,ردبدل ردقد,"Disputing, arguing.",ACCEPT,Candidate retained after final rule-based refinement.,KEEP,No major rule-based quality problems detected.
4,arguing,وادُ,"Disputing, arguing.",ACCEPT,Candidate retained after final rule-based refinement.,KEEP,No major rule-based quality problems detected.
4,aries,ميشُ,The sign Aries,ACCEPT,Candidate retained after final rule-based refinement.,KEEP,No major rule-based quality problems detected.
4,aries,ميکُہ,The sign Aries,ACCEPT,Candidate retained after final rule-based refinement.,KEEP,No major rule-based quality problems detected.
4,arranging,ٺاهَ,"Inventing, arranging, assorting.",ACCEPT,Candidate retained after final rule-based refinement.,KEEP,No major rule-based quality problems detected.
4,arrive,وارَدُٿئَڻُ,To arrive.,ACCEPT,Candidate retained after final rule-based refinement.,KEEP,No major rule-based quality problems detected.
4,arrived,رَسِيدو,"Arrived; matured, ripe. Having communion with (God).",ACCEPT,Candidate retained after final rule-based refinement.,KEEP,No major rule-based quality problems detected.
4,asking,کيڪارَ,"Asking after one's welfare; the ceremony of salutation or inquiry at the meeting of friends, greeting.",ACCEPT,Definition directly matches the English headword.,KEEP,No major rule-based quality problems detected.
4,atoms,ڀورِ,"Crumbs, atoms, powder.",ACCEPT,Candidate retained after final rule-based refinement.,KEEP,No major rule-based quality problems detected.
4,atoms,چۇرو,"Powder, filings, atoms.",ACCEPT,Candidate retained after final rule-based refinement.,KEEP,No major rule-based quality problems detected.
4,attacking,ڇِڙْٻَ,"Attacking with a sharp voice, snapping at one; a rebuff.",ACCEPT,Definition directly matches the English headword.,KEEP,No major rule-based quality problems detected.
4,bark,بهۇڙ,A bark.,ACCEPT,Candidate retained after final rule-based refinement.,KEEP,No major rule-based quality problems detected.
4,bark,ڀَونڪَڻُ,To bark.,ACCEPT,Candidate retained after final rule-based refinement.,KEEP,No major rule-based quality problems detected.
4,bark,ڀَونڪَ,A bark.,ACCEPT,Candidate retained after final rule-based refinement.,KEEP,No major rule-based quality problems detected.
4,beating,ٻُِلهَہ,"Punishment, beating; scolding.",ACCEPT,Candidate retained after final rule-based refinement.,KEEP,No major rule-based quality problems detected.
4,beck,ڪنجڪ لڳہ,Under beck & call.,ACCEPT,Candidate retained after final rule-based refinement.,KEEP,No major rule-based quality problems detected.
4,believed,پَتِجَڻُ,To be believed. پَتِوَنتُ،پَتِ وارو,ACCEPT,Candidate retained after final rule-based refinement.,KEEP,No major rule-based quality problems detected.
4,billiard,ڪَتيِ,( Billiard ) Canon.,ACCEPT,Candidate retained after final rule-based refinement.,KEEP,No major rule-based quality problems detected.
4,blamed,حرف اَچڻ,To be blamed.,ACCEPT,Candidate retained after final rule-based refinement.,KEEP,No major rule-based quality problems detected.
4,blamed,نِنِتو,"Censured, reproved, blamed.",ACCEPT,Candidate retained after final rule-based refinement.,KEEP,No major rule-based quality problems detected.
4,blessings,صَلْواتَ,"Prayer, benedictions, blessings.",ACCEPT,Candidate retained after final rule-based refinement.,KEEP,No major rule-based quality problems detected.
4,bodies,اِجرام,n. pl Bodies.,ACCEPT,Candidate retained after final rule-based refinement.,KEEP,No major rule-based quality problems detected.
4,bodies,اِجرام سما,Heavenly bodies.,ACCEPT,Candidate retained after final rule-based refinement.,KEEP,No major rule-based quality problems detected.
4,boiled,دِمَ,n. pl Boiled,ACCEPT,Candidate retained after final rule-based refinement.,KEEP,No major rule-based quality problems detected.
4,boiled,قَلِيو,Boiled flesh or meat dressed with anything.,ACCEPT,Definition directly matches the English headword.,KEEP,No major rule-based quality problems detected.
4,boiled,ڪيهَرُ,Grain boiled dry.,ACCEPT,Candidate retained after final rule-based refinement.,KEEP,No major rule-based quality problems detected.
4,bricks,پَٿيرَڻُ,To mould (bricks).,ACCEPT,Candidate retained after final rule-based refinement.,KEEP,No major rule-based quality problems detected.
4,brutal,حَيْنوانيِ,"Animal, brutal.",ACCEPT,Candidate retained after final rule-based refinement.,KEEP,No major rule-based quality problems detected.
4,bullying,دٻاءُ,"Threatening, menacing, bullying.",ACCEPT,Candidate retained after final rule-based refinement.,KEEP,No major rule-based quality problems detected.
4,causing,واتَوارو,Emetic causing vomiting.,ACCEPT,Candidate retained after final rule-based refinement.,KEEP,No major rule-based quality problems detected.
4,ceremonies,پَتِرَڪَْرمُ,Funeral ceremonies.,ACCEPT,Candidate retained after final rule-based refinement.,KEEP,No major rule-based quality problems detected.
4,changed,تَغَيُّرُٿِيَڻُ,To be changed.,ACCEPT,Candidate retained after final rule-based refinement.,KEEP,No major rule-based quality problems detected.
4,checked,پَلِجَڻُ,To be checked.,ACCEPT,Candidate retained after final rule-based refinement.,KEEP,No major rule-based quality problems detected.
4,cheers,جئيِ جئيِ ڪارِ,"Rejoicings, cheers, exultation.",ACCEPT,Candidate retained after final rule-based refinement.,KEEP,No major rule-based quality problems detected.
4,chips,ڀَوانيِ,Thin chips.,ACCEPT,Candidate retained after final rule-based refinement.,KEEP,No major rule-based quality problems detected.
4,chopped,ڏاڪَرِ,Chopped straw with which cattle are fed.,ACCEPT,Definition directly matches the English headword.,KEEP,No major rule-based quality problems detected.
4,chosen,بَرگُزيِدو,"Elect, chosen.",ACCEPT,Candidate retained after final rule-based refinement.,KEEP,No major rule-based quality problems detected.
4,chosen,پَسَندِ,"Approved, chosen.",ACCEPT,Candidate retained after final rule-based refinement.,KEEP,No major rule-based quality problems detected.
4,chosen,ڪَسِ,"Approved, chosen.",ACCEPT,Candidate retained after final rule-based refinement.,KEEP,No major rule-based quality problems detected.
4,chosen,ناپئد,"Rare, chosen, unequalled.",ACCEPT,Candidate retained after final rule-based refinement.,KEEP,No major rule-based quality problems detected.
4,cleaned,ٻِِثَٻُهيِ,Ill cleaned grain.,ACCEPT,Candidate retained after final rule-based refinement.,KEEP,No major rule-based quality problems detected.
4,collected,اُڳڙڻ,To be collected.,ACCEPT,Candidate retained after final rule-based refinement.,KEEP,No major rule-based quality problems detected.
4,collected,ڪَٺو,"Together, collected.",ACCEPT,Candidate retained after final rule-based refinement.,KEEP,No major rule-based quality problems detected.
4,collectively,زمينات,Lands collectively.,ACCEPT,Candidate retained after final rule-based refinement.,KEEP,No major rule-based quality problems detected.
4,collectively,ساه پتاه,"Jewellry, jewels collectively.",ACCEPT,Candidate retained after final rule-based refinement.,KEEP,No major rule-based quality problems detected.
4,collectively,سِپاهُ,"Soldiery, soldiers collectively.",ACCEPT,Candidate retained after final rule-based refinement.,KEEP,No major rule-based quality problems detected.
4,color,وساڻل,Faded (color).,ACCEPT,Candidate retained after final rule-based refinement.,KEEP,No major rule-based quality problems detected.
4,colored,ميندئَيِ رَتَڙيِ,Henna colored.,ACCEPT,Candidate retained after final rule-based refinement.,KEEP,No major rule-based quality problems detected.
4,colors,چِٽَ چِٽَ,Variegation of colors.,ACCEPT,Candidate retained after final rule-based refinement.,KEEP,No major rule-based quality problems detected.
4,coming,ايِندَڙِ,While coming.,ACCEPT,Candidate retained after final rule-based refinement.,KEEP,No major rule-based quality problems detected.
4,commissioned,سَنَديِ,"Covenanted, commissioned, accredited.",ACCEPT,Candidate retained after final rule-based refinement.,KEEP,No major rule-based quality problems detected.
4,comp,آميزِ,(in comp ) Mixed.,ACCEPT,Candidate retained after final rule-based refinement.,KEEP,No major rule-based quality problems detected.
4,comp,چَؤ,(In comp ) Four.,ACCEPT,Candidate retained after final rule-based refinement.,KEEP,No major rule-based quality problems detected.
4,comp,سُوَّ,(In comp ) Self.,ACCEPT,Candidate retained after final rule-based refinement.,KEEP,No major rule-based quality problems detected.
4,comp,عَلي,(In comp ) On.,ACCEPT,Candidate retained after final rule-based refinement.,KEEP,No major rule-based quality problems detected.
4,comp,گۇنُ,(In comp ) Colour.,ACCEPT,Candidate retained after final rule-based refinement.,KEEP,No major rule-based quality problems detected.
4,comp,نِويِسُ,(In comp ) Writer.,ACCEPT,Candidate retained after final rule-based refinement.,KEEP,No major rule-based quality problems detected.
4,comp,ياوَرُ,(In comp ) Keeping.,ACCEPT,Candidate retained after final rule-based refinement.,KEEP,No major rule-based quality problems detected.
4,competence,سَرَڻُ,"Means, competence.",ACCEPT,Candidate retained after final rule-based refinement.,KEEP,No major rule-based quality problems detected.
4,consequences,آڳوپيڇوڳڻڻ,To weigh consequences.,ACCEPT,Candidate retained after final rule-based refinement.,KEEP,No major rule-based quality problems detected.
4,considerable,ڳَچَجيتِرو,A considerable quantity.,ACCEPT,Candidate retained after final rule-based refinement.,KEEP,No major rule-based quality problems detected.
4,considering,ڳَڻَتورَ,"Calculating, considering.",ACCEPT,Candidate retained after final rule-based refinement.,KEEP,No major rule-based quality problems detected.
4,constrained,مَجْبۇرُ,"Compelled, forced. constrained,",ACCEPT,Candidate retained after final rule-based refinement.,KEEP,No major rule-based quality problems detected.
4,continent,کَنڊُ,A continent.,ACCEPT,Candidate retained after final rule-based refinement.,KEEP,No major rule-based quality problems detected.
4,continually,ٻارهوئيِ,"Always, ever, continually.",ACCEPT,Candidate retained after final rule-based refinement.,KEEP,No major rule-based quality problems detected.
4,continually,هَرَهَرَ,"Constantly, continually, repeatedly.",ACCEPT,Candidate retained after final rule-based refinement.,KEEP,No major rule-based quality problems detected.
4,continually,هَميشَهَ,"Always, ever, continually.",ACCEPT,Candidate retained after final rule-based refinement.,KEEP,No major rule-based quality problems detected.
4,continuous,ماضيِ مدامي,Past continuous tense.,ACCEPT,Candidate retained after final rule-based refinement.,KEEP,No major rule-based quality problems detected.
4,contracted,ڪرۇنڊڙو,"Contracted, or with body drawn up into a small space.",ACCEPT,Definition directly matches the English headword.,KEEP,No major rule-based quality problems detected.
4,converse,واڪَڻُ,"To talk, converse.",ACCEPT,Candidate retained after final rule-based refinement.,KEEP,No major rule-based quality problems detected.
4,copier,اُتاريندڙ,A copier.,ACCEPT,Candidate retained after final rule-based refinement.,KEEP,No major rule-based quality problems detected.
4,coral,پارِجاتِ,The coral free.,ACCEPT,Candidate retained after final rule-based refinement.,KEEP,No major rule-based quality problems detected.
4,cords,سيجِبَندُ,Cords with which the sheet is fastened to the legs of a bed.,ACCEPT,Definition directly matches the English headword.,KEEP,No major rule-based quality problems detected.
4,cork,ٻۇچُ,A cork.,ACCEPT,Candidate retained after final rule-based refinement.,KEEP,No major rule-based quality problems detected.
4,corn,اُتيهﮡ,To hull (corn).,ACCEPT,Candidate retained after final rule-based refinement.,KEEP,No major rule-based quality problems detected.
4,corn,ڪَنڊِ,Threshing corn.,ACCEPT,Candidate retained after final rule-based refinement.,KEEP,No major rule-based quality problems detected.
4,corn,مَڪائِڻِ,"Indian corn, maize.",ACCEPT,Candidate retained after final rule-based refinement.,KEEP,No major rule-based quality problems detected.
4,corpse,لاشَ,A corpse.,ACCEPT,Candidate retained after final rule-based refinement.,KEEP,No major rule-based quality problems detected.
4,corpse,مَيَتُ,A corpse.,ACCEPT,Candidate retained after final rule-based refinement.,KEEP,No major rule-based quality problems detected.
4,corrupted,نِبْتَرِ,"Lost, abandoned, corrupted.",ACCEPT,Candidate retained after final rule-based refinement.,KEEP,No major rule-based quality problems detected.
4,corrupted,نبيرڻ,"Spoiled, corrupted, abandoned.",ACCEPT,Candidate retained after final rule-based refinement.,KEEP,No major rule-based quality problems detected.
4,cosmos,ڀۇن وديا,"Creation, the cosmos.",ACCEPT,Candidate retained after final rule-based refinement.,KEEP,No major rule-based quality problems detected.
4,costly,مَهَنگو,"Dear, costly.",ACCEPT,Candidate retained after final rule-based refinement.,KEEP,No major rule-based quality problems detected.
4,cottage,ڪُٽيِ,A cottage.,ACCEPT,Candidate retained after final rule-based refinement.,KEEP,No major rule-based quality problems detected.
4,cottage,نِجُهرو,"A hut, cottage.",ACCEPT,Candidate retained after final rule-based refinement.,KEEP,No major rule-based quality problems detected.
4,cottage,ڇَڄو,"A cottage, house.",ACCEPT,Candidate retained after final rule-based refinement.,KEEP,No major rule-based quality problems detected.
4,cough,کِرْْکِٽيِ,Whooping cough.,ACCEPT,Candidate retained after final rule-based refinement.,KEEP,No major rule-based quality problems detected.
4,cough,کُرْٽو,Whooping cough.,ACCEPT,Candidate retained after final rule-based refinement.,KEEP,No major rule-based quality problems detected.
4,cough,کنگهڻ,To cough.,ACCEPT,Candidate retained after final rule-based refinement.,KEEP,No major rule-based quality problems detected.
4,cough,گَٻَهْريِ جيِ کَنگهِہ,Whooping cough.,ACCEPT,Candidate retained after final rule-based refinement.,KEEP,No major rule-based quality problems detected.
4,cough,وڎيِ کنگهہ,Whooping cough.,ACCEPT,Candidate retained after final rule-based refinement.,KEEP,No major rule-based quality problems detected.
4,counted,ڳاڻ ڳڻيو,"Allocated, designated, counted.",ACCEPT,Candidate retained after final rule-based refinement.,KEEP,No major rule-based quality problems detected.
4,coupled,ٻِيجَڙِ,"In couples, coupled.",ACCEPT,Candidate retained after final rule-based refinement.,KEEP,No major rule-based quality problems detected.
4,couples,ٻِيجَڙِ,"In couples, coupled.",ACCEPT,Candidate retained after final rule-based refinement.,KEEP,No major rule-based quality problems detected.
4,courage,جُراَتَ,"Bravery, courage.",ACCEPT,Candidate retained after final rule-based refinement.,KEEP,No major rule-based quality problems detected.
4,courage,ڌوتيِ ڇوڙڻ,To lose courage.,ACCEPT,Candidate retained after final rule-based refinement.,KEEP,No major rule-based quality problems detected.
4,courage,ڍڍرڍراٿيڻ,To lose courage.,ACCEPT,Candidate retained after final rule-based refinement.,KEEP,No major rule-based quality problems detected.
4,courtyard,اَيْوانُ,A courtyard.,ACCEPT,Candidate retained after final rule-based refinement.,KEEP,No major rule-based quality problems detected.
4,courtyard,صَحَنُ,A courtyard.,ACCEPT,Candidate retained after final rule-based refinement.,KEEP,No major rule-based quality problems detected.
4,crab,سِيانتو,The river crab.,ACCEPT,Candidate retained after final rule-based refinement.,KEEP,No major rule-based quality problems detected.
4,crawl,ريِڙهيِ پائِڻُ,To crawl.,ACCEPT,Candidate retained after final rule-based refinement.,KEEP,No major rule-based quality problems detected.
4,created,سُپِجَڻُ,To be created.,ACCEPT,Candidate retained after final rule-based refinement.,KEEP,No major rule-based quality problems detected.
4,creator,اُپائٹهار,The Creator.,ACCEPT,Candidate retained after final rule-based refinement.,KEEP,No major rule-based quality problems detected.
4,creator,خالِقُ,The Creator.,ACCEPT,Candidate retained after final rule-based refinement.,KEEP,No major rule-based quality problems detected.
4,creator,سِرْجَڻَهارُ,The Creator.,ACCEPT,Candidate retained after final rule-based refinement.,KEEP,No major rule-based quality problems detected.
4,creator,ڪرتار,The Creator.,ACCEPT,Candidate retained after final rule-based refinement.,KEEP,No major rule-based quality problems detected.
4,creator,ڪَلتْارُ,"The Creator, God.",ACCEPT,Candidate retained after final rule-based refinement.,KEEP,No major rule-based quality problems detected.
4,creature,ويڇاڙُ,A useless creature.,ACCEPT,Candidate retained after final rule-based refinement.,KEEP,No major rule-based quality problems detected.
4,crooked,آڏَِترﮁو,"Uneven, crooked.",ACCEPT,Candidate retained after final rule-based refinement.,KEEP,No major rule-based quality problems detected.
4,crooked,آڏوٽيڏو,"Awry, crooked.",ACCEPT,Candidate retained after final rule-based refinement.,KEEP,No major rule-based quality problems detected.
4,crooked,ٽوُرو,"Bent, crooked.",ACCEPT,Candidate retained after final rule-based refinement.,KEEP,No major rule-based quality problems detected.
4,cross,ڇِڙٻيل,"Snappish, cross.",ACCEPT,Candidate retained after final rule-based refinement.,KEEP,No major rule-based quality problems detected.
4,cross,سَنڪۇ,( survey ) Cross staff.,ACCEPT,Candidate retained after final rule-based refinement.,KEEP,No major rule-based quality problems detected.
4,cross,صَليبُ,"A cross, crucifix.",ACCEPT,Candidate retained after final rule-based refinement.,KEEP,No major rule-based quality problems detected.
4,cross,اُڪِرَڻُ,To cross.,ACCEPT,Candidate retained after final rule-based refinement.,KEEP,No major rule-based quality problems detected.
4,crow,اَلُ,A young crow.,ACCEPT,Candidate retained after final rule-based refinement.,KEEP,No major rule-based quality problems detected.
4,crow,غَرابُ,A crow.,ACCEPT,Candidate retained after final rule-based refinement.,KEEP,No major rule-based quality problems detected.
4,crow,ڪانويليِ,A female crow.,ACCEPT,Candidate retained after final rule-based refinement.,KEEP,No major rule-based quality problems detected.
4,crow,ڪانِرو,A young crow.,ACCEPT,Candidate retained after final rule-based refinement.,KEEP,No major rule-based quality problems detected.
4,crying,رودَنُ,"Weeping, crying.",ACCEPT,Candidate retained after final rule-based refinement.,KEEP,No major rule-based quality problems detected.
4,crying,رئڻائيِ,"Weeping, crying.",ACCEPT,Candidate retained after final rule-based refinement.,KEEP,No major rule-based quality problems detected.
4,crying,اُٻِڪارَ,"Sighing, crying.",ACCEPT,Candidate retained after final rule-based refinement.,KEEP,No major rule-based quality problems detected.
4,cucumber,پَٽَتﯘريِ,A wild cucumber.,ACCEPT,Candidate retained after final rule-based refinement.,KEEP,No major rule-based quality problems detected.
4,cucumber,چِڀِڙُ,The pubescent cucumber.,ACCEPT,Candidate retained after final rule-based refinement.,KEEP,No major rule-based quality problems detected.
4,cucumber,وَنگو,The common cucumber.,ACCEPT,Candidate retained after final rule-based refinement.,KEEP,No major rule-based quality problems detected.
4,cuff,بُجو,"A cuff, slap.",ACCEPT,Candidate retained after final rule-based refinement.,KEEP,No major rule-based quality problems detected.
4,cuff,ٿًپَڙُ,"A cuff, thump.",ACCEPT,Candidate retained after final rule-based refinement.,KEEP,No major rule-based quality problems detected.
4,cuff,چَپاٽَ,"A slap, cuff.",ACCEPT,Candidate retained after final rule-based refinement.,KEEP,No major rule-based quality problems detected.
4,cups,پيِتَلُ,"Drunk, in cups.",ACCEPT,Candidate retained after final rule-based refinement.,KEEP,No major rule-based quality problems detected.
4,cured,تازوتَوانو,"Refreshed, cured, renovated.",ACCEPT,Candidate retained after final rule-based refinement.,KEEP,No major rule-based quality problems detected.
4,curl,ڪُنڍِڙو,"A curl, tress.",ACCEPT,Candidate retained after final rule-based refinement.,KEEP,No major rule-based quality problems detected.
4,curry,اَڳرو پوڻ,To curry favor.,ACCEPT,Candidate retained after final rule-based refinement.,KEEP,No major rule-based quality problems detected.
4,curse,بِنْبالُ,Pest; calamity; curse.,ACCEPT,Candidate retained after final rule-based refinement.,KEEP,No major rule-based quality problems detected.
4,curse,پاراتو,"A curse, anathema.",ACCEPT,Candidate retained after final rule-based refinement.,KEEP,No major rule-based quality problems detected.
4,curse,پِٽَ,Cursing; a curse.,ACCEPT,Candidate retained after final rule-based refinement.,KEEP,No major rule-based quality problems detected.
4,curse,ڪانيِ هڻڻ,To curse.,ACCEPT,Candidate retained after final rule-based refinement.,KEEP,No major rule-based quality problems detected.
4,curse,نِپُٽو,Sonless (a curse). نِپُنْسَڪُ، نِپَنْسَڪُ,ACCEPT,Candidate retained after final rule-based refinement.,KEEP,No major rule-based quality problems detected.
4,curtain,درپردو,A door curtain.,ACCEPT,Candidate retained after final rule-based refinement.,KEEP,No major rule-based quality problems detected.
4,curtain,مڇرداني,A mosquito curtain.,ACCEPT,Candidate retained after final rule-based refinement.,KEEP,No major rule-based quality problems detected.
4,curtain,مَهاری,A mosquito curtain.,ACCEPT,Candidate retained after final rule-based refinement.,KEEP,No major rule-based quality problems detected.
4,curved,مُدَوَرُ,"Arched, curved, circular.",ACCEPT,Candidate retained after final rule-based refinement.,KEEP,No major rule-based quality problems detected.
4,david,زَبۇرَ,Psalms of David.,ACCEPT,Candidate retained after final rule-based refinement.,KEEP,No major rule-based quality problems detected.
4,dealings,ڏيتيِ ليتيِ,"Buying & selling, dealings.",ACCEPT,Candidate retained after final rule-based refinement.,KEEP,No major rule-based quality problems detected.
4,dealings,لَڙهُ وَچُڙُ,"Business, dealings; intimacy.",ACCEPT,Candidate retained after final rule-based refinement.,KEEP,No major rule-based quality problems detected.
4,degrees,درجيِ بدرجيِ,By degrees.,ACCEPT,Candidate retained after final rule-based refinement.,KEEP,No major rule-based quality problems detected.
4,designated,ڳاڻ ڳڻيو,"Allocated, designated, counted.",ACCEPT,Candidate retained after final rule-based refinement.,KEEP,No major rule-based quality problems detected.
4,destroyed,بَرِباد,"Ruined, destroyed, lost.",ACCEPT,Candidate retained after final rule-based refinement.,KEEP,No major rule-based quality problems detected.
4,destroyed,ڀَثِڻِ,"Ruined, destroyed.",ACCEPT,Candidate retained after final rule-based refinement.,KEEP,No major rule-based quality problems detected.
4,destroyed,ڪُٽُ,"Gelt, castrated; destroyed.",ACCEPT,Candidate retained after final rule-based refinement.,KEEP,No major rule-based quality problems detected.
4,disappeared,رَفَعَ,"Finished. Removed, disappeared.",ACCEPT,Candidate retained after final rule-based refinement.,KEEP,No major rule-based quality problems detected.
4,dishes,اُگهيِ اُٿڻ,Empty out (dishes).,ACCEPT,Candidate retained after final rule-based refinement.,KEEP,No major rule-based quality problems detected.
4,does,ڪَرَڻُ,What one does.,ACCEPT,Candidate retained after final rule-based refinement.,KEEP,No major rule-based quality problems detected.
4,dogs,ڪُتَنِ هابِ,Fit for dogs.,ACCEPT,Candidate retained after final rule-based refinement.,KEEP,No major rule-based quality problems detected.
4,doing,بدڪاريِ,Evil doing.,ACCEPT,Candidate retained after final rule-based refinement.,KEEP,No major rule-based quality problems detected.
4,doing,رَهَڙَ,"Doing anything hastily or with negligent precipitation. Scrawling, scratching, a scratch. A beaten path.",ACCEPT,Definition directly matches the English headword.,KEEP,No major rule-based quality problems detected.
4,dolphin,دُلْفيِنُ,A dolphin.,ACCEPT,Candidate retained after final rule-based refinement.,KEEP,No major rule-based quality problems detected.
4,doors,بَجَرَڪَپاٽَ,Adamantine doors.,ACCEPT,Candidate retained after final rule-based refinement.,KEEP,No major rule-based quality problems detected.
4,drawers,اَڳَٺُ,Tape for drawers.,ACCEPT,Candidate retained after final rule-based refinement.,KEEP,No major rule-based quality problems detected.
4,dried,سڪو,"Dry, dried.",ACCEPT,Candidate retained after final rule-based refinement.,KEEP,No major rule-based quality problems detected.
4,dried,کارِڪَ,A dried date.,ACCEPT,Candidate retained after final rule-based refinement.,KEEP,No major rule-based quality problems detected.
4,dried,ڳنڍربصر,A dried onion.,ACCEPT,Candidate retained after final rule-based refinement.,KEEP,No major rule-based quality problems detected.
4,drinking,ڏوگهِرُ,One constantly drinking.,ACCEPT,Candidate retained after final rule-based refinement.,KEEP,No major rule-based quality problems detected.
4,earlier,سويرڙو,Somewhat earlier.,ACCEPT,Candidate retained after final rule-based refinement.,KEEP,No major rule-based quality problems detected.
4,engaged,مَشْغوُلُ,"Employed, busy, engaged",ACCEPT,Candidate retained after final rule-based refinement.,KEEP,No major rule-based quality problems detected.
4,events,سَوانَحِ,"Incidents, events.",ACCEPT,Candidate retained after final rule-based refinement.,KEEP,No major rule-based quality problems detected.
4,exchanged,مٽجڻ,To be exchanged.,ACCEPT,Candidate retained after final rule-based refinement.,KEEP,No major rule-based quality problems detected.
4,extractor,صورت وَندُ,"Handsome, beautiful. extractor.",ACCEPT,Candidate retained after final rule-based refinement.,KEEP,No major rule-based quality problems detected.
4,extremely,نِهايَتُ,"Exceedingly, extremely.",ACCEPT,Candidate retained after final rule-based refinement.,KEEP,No major rule-based quality problems detected.
4,fairly,حَقِ,"Deservedly, fairly, justly.",ACCEPT,Candidate retained after final rule-based refinement.,KEEP,No major rule-based quality problems detected.
4,favor,اُپڪار,"Benevolence, favor.",ACCEPT,Candidate retained after final rule-based refinement.,KEEP,No major rule-based quality problems detected.
4,favor,اَڳرو پوڻ,To curry favor.,ACCEPT,Candidate retained after final rule-based refinement.,KEEP,No major rule-based quality problems detected.
4,favor,تَوَجَهَ,"Attention; condescension, favor.",ACCEPT,Candidate retained after final rule-based refinement.,KEEP,No major rule-based quality problems detected.
4,favor,ياوَريِ,"Assistance, favor.",ACCEPT,Candidate retained after final rule-based refinement.,KEEP,No major rule-based quality problems detected.
4,favor,ڎَتُ,"Kindness, favor.",ACCEPT,Candidate retained after final rule-based refinement.,KEEP,No major rule-based quality problems detected.
4,feeling,بيِ حس,Without feeling.,ACCEPT,Candidate retained after final rule-based refinement.,KEEP,No major rule-based quality problems detected.
4,feminine,ٻيِ,The feminine of,ACCEPT,Candidate retained after final rule-based refinement.,KEEP,No major rule-based quality problems detected.
4,feminine,ساڌٹيِ,The feminine of,ACCEPT,Candidate retained after final rule-based refinement.,KEEP,No major rule-based quality problems detected.
4,feminine,مسخرياٹيِ,The feminine of,ACCEPT,Candidate retained after final rule-based refinement.,KEEP,No major rule-based quality problems detected.
4,filings,ٻۇرو,"Sawdust, filings, powder.",ACCEPT,Candidate retained after final rule-based refinement.,KEEP,No major rule-based quality problems detected.
4,filings,چۇرو,"Powder, filings, atoms.",ACCEPT,Candidate retained after final rule-based refinement.,KEEP,No major rule-based quality problems detected.
4,filled,ٽِپائيِ,"Sated, filled. Satiety.",ACCEPT,Candidate retained after final rule-based refinement.,KEEP,No major rule-based quality problems detected.
4,filled,مَيو,"Filled out; full (as with wealth, fatness, pride, &c.) A camel.",ACCEPT,Definition directly matches the English headword.,KEEP,No major rule-based quality problems detected.
4,filthy,اَڌوتو,"Unwashed, impure, filthy.",ACCEPT,Candidate retained after final rule-based refinement.,KEEP,No major rule-based quality problems detected.
4,filthy,گۇنٺُ,"Dirty, filthy.",ACCEPT,Candidate retained after final rule-based refinement.,KEEP,No major rule-based quality problems detected.
4,filthy,مَلِينُ,"Dirty, filthy.",ACCEPT,Candidate retained after final rule-based refinement.,KEEP,No major rule-based quality problems detected.
4,filthy,ميرو,"Dirty, filthy, foul.",ACCEPT,Candidate retained after final rule-based refinement.,KEEP,No major rule-based quality problems detected.
4,filthy,نِڌۇ,"Exceedingly dirty, filthy.",ACCEPT,Candidate retained after final rule-based refinement.,KEEP,No major rule-based quality problems detected.
4,filthy,نِڪَ,Very dirty; filthy.,ACCEPT,Candidate retained after final rule-based refinement.,KEEP,No major rule-based quality problems detected.
4,finder,يابَندَهَ,"A finder, recipient.",ACCEPT,Candidate retained after final rule-based refinement.,KEEP,No major rule-based quality problems detected.
4,firefly,کَرْکَٽُ,A firefly.,ACCEPT,Candidate retained after final rule-based refinement.,KEEP,No major rule-based quality problems detected.
4,flavored,جَسَ ڀَريو,Decent. Flavored.,ACCEPT,Candidate retained after final rule-based refinement.,KEEP,No major rule-based quality problems detected.
4,flooded,زيرآب,"Under water, flooded.",ACCEPT,Candidate retained after final rule-based refinement.,KEEP,No major rule-based quality problems detected.
4,forgiveness,بخشائڻ,To ask forgiveness.,ACCEPT,Candidate retained after final rule-based refinement.,KEEP,No major rule-based quality problems detected.
4,forgiveness,عَفْوَ,"Pardon, forgiveness.",ACCEPT,Candidate retained after final rule-based refinement.,KEEP,No major rule-based quality problems detected.
4,forgotten,وِسِرَڻُ,To be forgotten.,ACCEPT,Candidate retained after final rule-based refinement.,KEEP,No major rule-based quality problems detected.
4,forming,جوڙِڻي,"Making, forming.",ACCEPT,Candidate retained after final rule-based refinement.,KEEP,No major rule-based quality problems detected.
4,fowler,مارُ,A fowler.,ACCEPT,Candidate retained after final rule-based refinement.,KEEP,No major rule-based quality problems detected.
4,frequently,دفعيِ دفعيِ,"Constantly, frequently.",ACCEPT,Candidate retained after final rule-based refinement.,KEEP,No major rule-based quality problems detected.
4,fulfill,بجاءِآڻڻ,"To execute, fulfill.",ACCEPT,Candidate retained after final rule-based refinement.,KEEP,No major rule-based quality problems detected.
4,fulfilled,مَنْظوُرُ,"Sanctioned, fulfilled.",ACCEPT,Candidate retained after final rule-based refinement.,KEEP,No major rule-based quality problems detected.
4,fundamentals,اَصليت,"Roots, elements, fundamentals.",ACCEPT,Candidate retained after final rule-based refinement.,KEEP,No major rule-based quality problems detected.
4,georgian,گَرْجيِ,A Georgian.,ACCEPT,Candidate retained after final rule-based refinement.,KEEP,No major rule-based quality problems detected.
4,getting,نيباهُ,"Living, getting on.",ACCEPT,Candidate retained after final rule-based refinement.,KEEP,No major rule-based quality problems detected.
4,gives,حُڪُميِ,Who gives orders.,ACCEPT,Candidate retained after final rule-based refinement.,KEEP,No major rule-based quality problems detected.
4,giving,اِمْدادُ,"A gift, giving.",ACCEPT,Candidate retained after final rule-based refinement.,KEEP,No major rule-based quality problems detected.
4,giving,کيريتو,"Milch, giving milk.",ACCEPT,Candidate retained after final rule-based refinement.,KEEP,No major rule-based quality problems detected.
4,grains,ڏُٿُ,Wild grains.,ACCEPT,Candidate retained after final rule-based refinement.,KEEP,No major rule-based quality problems detected.
4,grandfather,پَرَنانو,A grandfather (maternal).,ACCEPT,Candidate retained after final rule-based refinement.,KEEP,No major rule-based quality problems detected.
4,grandfather,ڏاڏو,A paternal grandfather.,ACCEPT,Candidate retained after final rule-based refinement.,KEEP,No major rule-based quality problems detected.
4,grandmother,ڏاڏيِ,A paternal grandmother.,ACCEPT,Candidate retained after final rule-based refinement.,KEEP,No major rule-based quality problems detected.
4,grapes,پَٽَپيرﯘن,"Foxes' grapes, nightshade.",ACCEPT,Candidate retained after final rule-based refinement.,KEEP,No major rule-based quality problems detected.
4,grapes,جهنگ جيِ ڊاکہ,(Wild grapes) Physalisminima,ACCEPT,Candidate retained after final rule-based refinement.,KEEP,No major rule-based quality problems detected.
4,guessing,ڌڪيِ باريِ,Scuffling. Guessing.,ACCEPT,Candidate retained after final rule-based refinement.,KEEP,No major rule-based quality problems detected.
4,habits,رَهَتِ,"Manners, habits.",ACCEPT,Candidate retained after final rule-based refinement.,KEEP,No major rule-based quality problems detected.
4,having,اَختياريِ وارو,One having authority.,ACCEPT,Candidate retained after final rule-based refinement.,KEEP,No major rule-based quality problems detected.
4,having,اَڌڪاريِ,One having authority.,ACCEPT,Candidate retained after final rule-based refinement.,KEEP,No major rule-based quality problems detected.
4,having,اولاديِ,& One having children.,ACCEPT,Candidate retained after final rule-based refinement.,KEEP,No major rule-based quality problems detected.
4,having,پَهُچَوارو,"Powerful, having authority.",ACCEPT,Candidate retained after final rule-based refinement.,KEEP,No major rule-based quality problems detected.
4,having,چَنِبرُ,Having claws; that which snatches with the claws.,ACCEPT,Definition directly matches the English headword.,KEEP,No major rule-based quality problems detected.
4,having,ڏاٺر,"Tusked, having tusks.",ACCEPT,Candidate retained after final rule-based refinement.,KEEP,No major rule-based quality problems detected.
4,having,ڏندر,"Having teeth, one with large teeth; serrated. toothed.",ACCEPT,Definition directly matches the English headword.,KEEP,No major rule-based quality problems detected.
4,having,ريکِيارو,(One) having such.,ACCEPT,Candidate retained after final rule-based refinement.,KEEP,No major rule-based quality problems detected.
4,having,سَرَندُ,One having means.,ACCEPT,Candidate retained after final rule-based refinement.,KEEP,No major rule-based quality problems detected.
4,having,نسبتي,"Relative, having reference.",ACCEPT,Candidate retained after final rule-based refinement.,KEEP,No major rule-based quality problems detected.
4,headed,ڪج فهم,Wrong. headed.,ACCEPT,Candidate retained after final rule-based refinement.,KEEP,No major rule-based quality problems detected.
4,heavens,اُﭛ,"The heavens, sky.",ACCEPT,Candidate retained after final rule-based refinement.,KEEP,No major rule-based quality problems detected.
4,heavens,آسمانُ,"The sky, heavens.",ACCEPT,Candidate retained after final rule-based refinement.,KEEP,No major rule-based quality problems detected.
4,heavens,اَنْبَرُ,The heavens.,ACCEPT,Candidate retained after final rule-based refinement.,KEEP,No major rule-based quality problems detected.
4,heavens,رامُ رامُ,inter Good heavens !,ACCEPT,Candidate retained after final rule-based refinement.,KEEP,No major rule-based quality problems detected.
4,hindu,تِرْمۇرتيِ,The Hindu Triad.,ACCEPT,Candidate retained after final rule-based refinement.,KEEP,No major rule-based quality problems detected.
4,hindu,ڪتيِ,(Hindu fast days).,ACCEPT,Candidate retained after final rule-based refinement.,KEEP,No major rule-based quality problems detected.
4,hindu,پاٺِشالا,A school (Hindu).,ACCEPT,Candidate retained after final rule-based refinement.,KEEP,No major rule-based quality problems detected.
4,hindu,راءِ,A Hindu title.,ACCEPT,Candidate retained after final rule-based refinement.,KEEP,No major rule-based quality problems detected.
4,hindu,سوچيِ,A Hindu shoemaker.,ACCEPT,Candidate retained after final rule-based refinement.,KEEP,No major rule-based quality problems detected.
4,hindu,مَساڻ,A Hindu crematory.,ACCEPT,Candidate retained after final rule-based refinement.,KEEP,No major rule-based quality problems detected.
4,hindu,واجهو,A Hindu schoolmaster.,ACCEPT,Candidate retained after final rule-based refinement.,KEEP,No major rule-based quality problems detected.
4,hindu,واڻِياڻيِ,A female Hindu.,ACCEPT,Candidate retained after final rule-based refinement.,KEEP,No major rule-based quality problems detected.
4,hindu,هٽواڻيو,A Hindu shopkeeper.,ACCEPT,Candidate retained after final rule-based refinement.,KEEP,No major rule-based quality problems detected.
4,hindu,هندڪو,Of a Hindu.,ACCEPT,Candidate retained after final rule-based refinement.,KEEP,No major rule-based quality problems detected.
4,hindu,هِندُئاڻيِ,A female Hindu.,ACCEPT,Candidate retained after final rule-based refinement.,KEEP,No major rule-based quality problems detected.
4,hindu,شاسِتْرُ,The Hindu scriptures.,ACCEPT,Candidate retained after final rule-based refinement.,KEEP,No major rule-based quality problems detected.
4,holes,ٽُنگِرُ,Full of holes.,ACCEPT,Candidate retained after final rule-based refinement.,KEEP,No major rule-based quality problems detected.
4,honestly,سپتيو,"Honest, Honourably, honestly.",ACCEPT,Candidate retained after final rule-based refinement.,KEEP,No major rule-based quality problems detected.
4,honor,آدرستڪار,"Welcome, honor.",ACCEPT,Candidate retained after final rule-based refinement.,KEEP,No major rule-based quality problems detected.
4,honor,بنده نوازَ,Your honor!,ACCEPT,Candidate retained after final rule-based refinement.,KEEP,No major rule-based quality problems detected.
4,honor,پَتِلاڄَ,"Fair name, honor.",ACCEPT,Candidate retained after final rule-based refinement.,KEEP,No major rule-based quality problems detected.
4,honor,جَنابُ,Your Honor.,ACCEPT,Candidate retained after final rule-based refinement.,KEEP,No major rule-based quality problems detected.
4,horns,واٽُوان,Curled (horns).,ACCEPT,Candidate retained after final rule-based refinement.,KEEP,No major rule-based quality problems detected.
4,householder,گِرْهَسْتُ,"A householder, layman.",ACCEPT,Candidate retained after final rule-based refinement.,KEEP,No major rule-based quality problems detected.
4,householder,گهرائيِ,A householder.,ACCEPT,Candidate retained after final rule-based refinement.,KEEP,No major rule-based quality problems detected.
4,ideas,مَنوراجُ,"Fancies, foolish ideas.",ACCEPT,Candidate retained after final rule-based refinement.,KEEP,No major rule-based quality problems detected.
4,informed,آگاهُ,Acquainted informed of.,ACCEPT,Candidate retained after final rule-based refinement.,KEEP,No major rule-based quality problems detected.
4,insects,سريل,Eaten by insects.,ACCEPT,Candidate retained after final rule-based refinement.,KEEP,No major rule-based quality problems detected.
4,instruct,تاڪيد ڪَرَڻُ,"To enjoin, instruct.",ACCEPT,Candidate retained after final rule-based refinement.,KEEP,No major rule-based quality problems detected.
4,intend,اِرادو کرﮡ,"To resolve, intend.",ACCEPT,Candidate retained after final rule-based refinement.,KEEP,No major rule-based quality problems detected.
4,interests,حَقُ حقُۇقُ,Rights and interests.,ACCEPT,Candidate retained after final rule-based refinement.,KEEP,No major rule-based quality problems detected.
4,interpreting,ڪَٿا,"Preaching, interpreting Scriptures.",ACCEPT,Candidate retained after final rule-based refinement.,KEEP,No major rule-based quality problems detected.
4,joke,کل کاٻاريِ کلاسريِ,"Laughing, ridicule, joke.",ACCEPT,Candidate retained after final rule-based refinement.,KEEP,No major rule-based quality problems detected.
4,jump,ٺينگُ,"A leap, jump.",ACCEPT,Candidate retained after final rule-based refinement.,KEEP,No major rule-based quality problems detected.
4,jump,خيزُ,"A leap, jump.",ACCEPT,Candidate retained after final rule-based refinement.,KEEP,No major rule-based quality problems detected.
4,jump,ڪۇدَڻُ,To jump.,ACCEPT,Candidate retained after final rule-based refinement.,KEEP,No major rule-based quality problems detected.
4,keystone,چاٻئيِ جوپٿر,The keystone.,ACCEPT,Candidate retained after final rule-based refinement.,KEEP,No major rule-based quality problems detected.
4,kindness,ڀَلاڻيِ,Goodness; kindness; advantage.,ACCEPT,Candidate retained after final rule-based refinement.,KEEP,No major rule-based quality problems detected.
4,kindness,شَفَقَتَ,"Condolence, kindness.",ACCEPT,Candidate retained after final rule-based refinement.,KEEP,No major rule-based quality problems detected.
4,kindness,ڪارۇن,A kindness.,ACCEPT,Candidate retained after final rule-based refinement.,KEEP,No major rule-based quality problems detected.
4,kindness,مهرباني,"Friendliness, kindness, favour.",ACCEPT,Candidate retained after final rule-based refinement.,KEEP,No major rule-based quality problems detected.
4,kindness,مَيا,"Pity, compassion, kindness.",ACCEPT,Candidate retained after final rule-based refinement.,KEEP,No major rule-based quality problems detected.
4,kindness,هِتُ,"Love, friendship, kindness.",ACCEPT,Candidate retained after final rule-based refinement.,KEEP,No major rule-based quality problems detected.
4,kinds,قسمين قسمين,Of various kinds.,ACCEPT,Candidate retained after final rule-based refinement.,KEEP,No major rule-based quality problems detected.
4,kings,شاهنشاه,King of kings.,ACCEPT,Candidate retained after final rule-based refinement.,KEEP,No major rule-based quality problems detected.
4,kissing,چُم چُم,Constant kissing.,ACCEPT,Candidate retained after final rule-based refinement.,KEEP,No major rule-based quality problems detected.
4,knees,دۇزانو,The two knees.,ACCEPT,Candidate retained after final rule-based refinement.,KEEP,No major rule-based quality problems detected.
4,knowing,پَڪوازُ,"Clever, shrewd; knowing.",ACCEPT,Candidate retained after final rule-based refinement.,KEEP,No major rule-based quality problems detected.
4,knows,ڄاڻي ڄاڻَڻَهارُ,God knows.,ACCEPT,Candidate retained after final rule-based refinement.,KEEP,No major rule-based quality problems detected.
4,later,پانهيرو,A little later.,ACCEPT,Candidate retained after final rule-based refinement.,KEEP,No major rule-based quality problems detected.
4,leadership,هِدايَتَ,"Guidance, leadership.",ACCEPT,Candidate retained after final rule-based refinement.,KEEP,No major rule-based quality problems detected.
4,leaves,پَليِ,The leaves of,ACCEPT,Candidate retained after final rule-based refinement.,KEEP,No major rule-based quality problems detected.
4,leaves,پَنِرُ,Having leaves; leafy.,ACCEPT,Candidate retained after final rule-based refinement.,KEEP,No major rule-based quality problems detected.
4,leaves,ڦِس,The leaves of,ACCEPT,Candidate retained after final rule-based refinement.,KEEP,No major rule-based quality problems detected.
4,leaves,سون مَڪائيِ,"Senna leaves, cassia.",ACCEPT,Candidate retained after final rule-based refinement.,KEEP,No major rule-based quality problems detected.
4,lessons,سَبَقَ,Object lessons.,ACCEPT,Candidate retained after final rule-based refinement.,KEEP,No major rule-based quality problems detected.
4,lies,اَستﭔولڻ,To tell lies.,ACCEPT,Candidate retained after final rule-based refinement.,KEEP,No major rule-based quality problems detected.
4,lies,ڌوڌو,"Fraud, cheating, lies.",ACCEPT,Candidate retained after final rule-based refinement.,KEEP,No major rule-based quality problems detected.
4,liquids,ماڻي,Measure for liquids.,ACCEPT,Candidate retained after final rule-based refinement.,KEEP,No major rule-based quality problems detected.
4,listener,سامَعَ,"A hearer, listener.",ACCEPT,Candidate retained after final rule-based refinement.,KEEP,No major rule-based quality problems detected.
4,looking,پوچارَ,"Care, looking after.",ACCEPT,Candidate retained after final rule-based refinement.,KEEP,No major rule-based quality problems detected.
4,looking,دَرْپَنُ,A looking glass.,ACCEPT,Candidate retained after final rule-based refinement.,KEEP,No major rule-based quality problems detected.
4,losing,هارجيت,Winning and losing.,ACCEPT,Candidate retained after final rule-based refinement.,KEEP,No major rule-based quality problems detected.
4,lots,پکُووجَهڻُ,To cast lots.,ACCEPT,Candidate retained after final rule-based refinement.,KEEP,No major rule-based quality problems detected.
4,loving,پِريميِ,"Affectionate, loving; devout.",ACCEPT,Candidate retained after final rule-based refinement.,KEEP,No major rule-based quality problems detected.
4,lush,رسائتو,"Juicy, sappy, lush.",ACCEPT,Candidate retained after final rule-based refinement.,KEEP,No major rule-based quality problems detected.
4,mach,چَڪرِيۇن,( mach ) Gearing.,ACCEPT,Candidate retained after final rule-based refinement.,KEEP,No major rule-based quality problems detected.
4,marry,لائۇن لهڻ,To marry.,ACCEPT,Candidate retained after final rule-based refinement.,KEEP,No major rule-based quality problems detected.
4,marry,وَرَڻُ,To marry.,ACCEPT,Candidate retained after final rule-based refinement.,KEEP,No major rule-based quality problems detected.
4,medicines,پُنجَ,( ) Heaps (of medicines).,ACCEPT,Candidate retained after final rule-based refinement.,KEEP,No major rule-based quality problems detected.
4,melt,آٽﮡ,To melt.,ACCEPT,Candidate retained after final rule-based refinement.,KEEP,No major rule-based quality problems detected.
4,melt,پَگهِْرجَڻَ,To melt.,ACCEPT,Candidate retained after final rule-based refinement.,KEEP,No major rule-based quality problems detected.
4,mention,ڳائووائو,"Talk, mention.",ACCEPT,Candidate retained after final rule-based refinement.,KEEP,No major rule-based quality problems detected.
4,metals,رَچُ,Granulation (of metals.),ACCEPT,Candidate retained after final rule-based refinement.,KEEP,No major rule-based quality problems detected.
4,miles,ڳاهۇ,A kos (2 miles.),ACCEPT,Candidate retained after final rule-based refinement.,KEEP,No major rule-based quality problems detected.
4,millions,اَربِ,A thousand millions.,ACCEPT,Candidate retained after final rule-based refinement.,KEEP,No major rule-based quality problems detected.
4,millions,ڪِروڙ,Ten millions.,ACCEPT,Candidate retained after final rule-based refinement.,KEEP,No major rule-based quality problems detected.
4,moderately,هالورو,Waving. moderately.,ACCEPT,Candidate retained after final rule-based refinement.,KEEP,No major rule-based quality problems detected.
4,moses,مۇسيٰ,The Prophet Moses.,ACCEPT,Candidate retained after final rule-based refinement.,KEEP,No major rule-based quality problems detected.
4,necessarily,جائيِ,"Positively, necessarily.",ACCEPT,Candidate retained after final rule-based refinement.,KEEP,No major rule-based quality problems detected.
4,neighbours,اوڙو پاڙو,"Neighbourhood, vicinity; neighbours.",ACCEPT,Candidate retained after final rule-based refinement.,KEEP,No major rule-based quality problems detected.
4,noah,نۇحُ,The patriarch Noah.,ACCEPT,Candidate retained after final rule-based refinement.,KEEP,No major rule-based quality problems detected.
4,notes,ٽِپُ,To take notes.,ACCEPT,Candidate retained after final rule-based refinement.,KEEP,No major rule-based quality problems detected.
4,obtained,پِراپَتِ,"Acquired, obtained.",ACCEPT,Candidate retained after final rule-based refinement.,KEEP,No major rule-based quality problems detected.
4,obtained,حاصل ٿئڻ,To be obtained.,ACCEPT,Candidate retained after final rule-based refinement.,KEEP,No major rule-based quality problems detected.
4,offended,وِڎۇڻو,"Angry, offended.",ACCEPT,Candidate retained after final rule-based refinement.,KEEP,No major rule-based quality problems detected.
4,oneself,ڦاسيِ کائِڻُ,To hang oneself.,ACCEPT,Candidate retained after final rule-based refinement.,KEEP,No major rule-based quality problems detected.
4,oneself,لڱہ موڙڻ,To stretch oneself.,ACCEPT,Candidate retained after final rule-based refinement.,KEEP,No major rule-based quality problems detected.
4,oneself,مزاڪرڻ,To enjoy. oneself.,ACCEPT,Candidate retained after final rule-based refinement.,KEEP,No major rule-based quality problems detected.
4,opposed,وِرُڌِ,"Contrary, opposed, against.",ACCEPT,Candidate retained after final rule-based refinement.,KEEP,No major rule-based quality problems detected.
4,opposing,نابِرُ,"Denying, opposing, adverse.",ACCEPT,Candidate retained after final rule-based refinement.,KEEP,No major rule-based quality problems detected.
4,ornaments,جَڙِتِ,Settings in ornaments. جَڙَڻيِ،جَڙْتِ،جَڙَتِ,ACCEPT,Candidate retained after final rule-based refinement.,KEEP,No major rule-based quality problems detected.
4,overwhelmed,آلۇدو,"Bedaubed; defiled, overwhelmed.",ACCEPT,Candidate retained after final rule-based refinement.,KEEP,No major rule-based quality problems detected.
4,pant,سَهَڪَڻُ,"To pant, wheeze.",ACCEPT,Candidate retained after final rule-based refinement.,KEEP,No major rule-based quality problems detected.
4,pant,هُڦِجَڻُ,To pant.,ACCEPT,Candidate retained after final rule-based refinement.,KEEP,No major rule-based quality problems detected.
4,pearls,پوتِ,"Small pearls, beads.",ACCEPT,Candidate retained after final rule-based refinement.,KEEP,No major rule-based quality problems detected.
4,pearls,موتِيُنِ جيِ جهانئيِ,Seed pearls.,ACCEPT,Candidate retained after final rule-based refinement.,KEEP,No major rule-based quality problems detected.
4,pearls,ڪِلَ,Glimmer (of pearls).,ACCEPT,Candidate retained after final rule-based refinement.,KEEP,No major rule-based quality problems detected.
4,perceived,مَحْسۇسُ,"Perceptible, perceived, felt.",ACCEPT,Candidate retained after final rule-based refinement.,KEEP,No major rule-based quality problems detected.
4,perform,اَداڪرڻ,"To perform, discharge.",ACCEPT,Candidate retained after final rule-based refinement.,KEEP,No major rule-based quality problems detected.
4,perform,نِئَتُڻُ,"To do, perform.",ACCEPT,Candidate retained after final rule-based refinement.,KEEP,No major rule-based quality problems detected.
4,perform,وضۇسارڻ,To perform ablutions.,ACCEPT,Candidate retained after final rule-based refinement.,KEEP,No major rule-based quality problems detected.
4,peru,عَباسيِ,Marvel of Peru.,ACCEPT,Candidate retained after final rule-based refinement.,KEEP,No major rule-based quality problems detected.
4,peru,عباسيِ,Marvel of Peru,ACCEPT,Candidate retained after final rule-based refinement.,KEEP,No major rule-based quality problems detected.
4,physiol,آڪُڙَ,( physiol ) Sympathy.,ACCEPT,Candidate retained after final rule-based refinement.,KEEP,No major rule-based quality problems detected.
4,pieces,تَهَباردُن,n. pl Pieces.,ACCEPT,Candidate retained after final rule-based refinement.,KEEP,No major rule-based quality problems detected.
4,pieces,ٽُڪِراٺو,"Fragments, pieces.",ACCEPT,Candidate retained after final rule-based refinement.,KEEP,No major rule-based quality problems detected.
4,pieces,اُڌاڻَڻُ,"Halves, two pieces.",ACCEPT,Candidate retained after final rule-based refinement.,KEEP,No major rule-based quality problems detected.
4,pinnacle,اَڻيِ,A pinnacle; selfishness.,ACCEPT,Candidate retained after final rule-based refinement.,KEEP,No major rule-based quality problems detected.
4,playing,چِڌو,A playing marble.,ACCEPT,Candidate retained after final rule-based refinement.,KEEP,No major rule-based quality problems detected.
4,pleased,خُرَمُ,"Happy, merry, pleased.",ACCEPT,Candidate retained after final rule-based refinement.,KEEP,No major rule-based quality problems detected.
4,pleased,خۇشنۇد,"Happy, pleased, merry.",ACCEPT,Candidate retained after final rule-based refinement.,KEEP,No major rule-based quality problems detected.
4,pleased,شادِ,"Joyful, happy, pleased.",ACCEPT,Candidate retained after final rule-based refinement.,KEEP,No major rule-based quality problems detected.
4,pleased,مَحَظۇظُ,"Happy, joyful, pleased.",ACCEPT,Candidate retained after final rule-based refinement.,KEEP,No major rule-based quality problems detected.
4,possess,ماڻَڻُ,To enjoy; possess.,ACCEPT,Candidate retained after final rule-based refinement.,KEEP,No major rule-based quality problems detected.
4,possessed,ڀۇتارِيَلُ,One possessed.,ACCEPT,Candidate retained after final rule-based refinement.,KEEP,No major rule-based quality problems detected.
4,praise,ساراهَ,"Applause, praise, applauding.",ACCEPT,Candidate retained after final rule-based refinement.,KEEP,No major rule-based quality problems detected.
4,praise,سوڀَ,Victory. Praise.,ACCEPT,Candidate retained after final rule-based refinement.,KEEP,No major rule-based quality problems detected.
4,praise,واکائَڻس,"To praise, applaud.",ACCEPT,Candidate retained after final rule-based refinement.,KEEP,No major rule-based quality problems detected.
4,pressed,ڇيڙو,A pressed labourer.,ACCEPT,Candidate retained after final rule-based refinement.,KEEP,No major rule-based quality problems detected.
4,prices,نِراڙُ,of prices current.,ACCEPT,Candidate retained after final rule-based refinement.,KEEP,No major rule-based quality problems detected.
4,promises,اَنجاميِ ڪۇڙو,One breaking promises.,ACCEPT,Candidate retained after final rule-based refinement.,KEEP,No major rule-based quality problems detected.
4,published,شايَعَ,"Divulged, issued, published.",ACCEPT,Candidate retained after final rule-based refinement.,KEEP,No major rule-based quality problems detected.
4,punish,ڪَڍَڻُ,To punish severely.,ACCEPT,Candidate retained after final rule-based refinement.,KEEP,No major rule-based quality problems detected.
4,punish,جوڙَپُڄائِڻُ,"To punish, chastise.",ACCEPT,Candidate retained after final rule-based refinement.,KEEP,No major rule-based quality problems detected.
4,punjab,پَنجابيِ,Of the Punjab.,ACCEPT,Candidate retained after final rule-based refinement.,KEEP,No major rule-based quality problems detected.
4,push,ٿيلهو,A push.,ACCEPT,Candidate retained after final rule-based refinement.,KEEP,No major rule-based quality problems detected.
4,push,پِيلَڪَ,A push.,ACCEPT,Candidate retained after final rule-based refinement.,KEEP,No major rule-based quality problems detected.
4,questioning,پُڇَ,"Asking, questioning. پُڇَ ڳَڇَ، پُڇاڳاڇا",ACCEPT,Candidate retained after final rule-based refinement.,KEEP,No major rule-based quality problems detected.
4,quicker,وَڌَنديِ وِکَہ,A quicker pace.,ACCEPT,Candidate retained after final rule-based refinement.,KEEP,No major rule-based quality problems detected.
4,quietly,هَرين هَرين,"Slowly, quietly.",ACCEPT,Candidate retained after final rule-based refinement.,KEEP,No major rule-based quality problems detected.
4,realise,ٻِيث پَوَڻُ,"To realise, understand.",ACCEPT,Candidate retained after final rule-based refinement.,KEEP,No major rule-based quality problems detected.
4,rebound,اُوسِڙو,A rebound.,ACCEPT,Candidate retained after final rule-based refinement.,KEEP,No major rule-based quality problems detected.
4,rebound,ٿيڙُکائِڻُ,To rebound.,ACCEPT,Candidate retained after final rule-based refinement.,KEEP,No major rule-based quality problems detected.
4,recognise,سڃاتو,"To recognise, identify.",ACCEPT,Candidate retained after final rule-based refinement.,KEEP,No major rule-based quality problems detected.
4,recognised,سُڃاپَڻُ,To be recognised.,ACCEPT,Candidate retained after final rule-based refinement.,KEEP,No major rule-based quality problems detected.
4,recognizing,سُڃاڻَ,"Acquaintance, recognizing.",ACCEPT,Candidate retained after final rule-based refinement.,KEEP,No major rule-based quality problems detected.
4,regards,نِئازَ,"Respects, regards.",ACCEPT,Candidate retained after final rule-based refinement.,KEEP,No major rule-based quality problems detected.
4,rely,ڀَرِڏِيَڻُ,"To rely, depend.",ACCEPT,Candidate retained after final rule-based refinement.,KEEP,No major rule-based quality problems detected.
4,renovated,تازوتَوانو,"Refreshed, cured, renovated.",ACCEPT,Candidate retained after final rule-based refinement.,KEEP,No major rule-based quality problems detected.
4,repairing,جوڙَجَڪَ,"Arrangement. Repair, repairing.",ACCEPT,Candidate retained after final rule-based refinement.,KEEP,No major rule-based quality problems detected.
4,repairing,مَرامَتَ,"Mending, repairing.",ACCEPT,Candidate retained after final rule-based refinement.,KEEP,No major rule-based quality problems detected.
4,repealed,مَنْسۇخُ,Cancelled repealed.,ACCEPT,Candidate retained after final rule-based refinement.,KEEP,No major rule-based quality problems detected.
4,residing,واسيِ,"or Resident, residing.",ACCEPT,Candidate retained after final rule-based refinement.,KEEP,No major rule-based quality problems detected.
4,respected,قُرْبِوَندُ,"Loved, respected.",ACCEPT,Candidate retained after final rule-based refinement.,KEEP,No major rule-based quality problems detected.
4,respected,والِدَهِ,"Mother, respected mother.",ACCEPT,Candidate retained after final rule-based refinement.,KEEP,No major rule-based quality problems detected.
4,resting,آسري جيِ جاءِ,A resting place. !,ACCEPT,Candidate retained after final rule-based refinement.,KEEP,No major rule-based quality problems detected.
4,resting,مڙه مقام,A resting place.,ACCEPT,Candidate retained after final rule-based refinement.,KEEP,No major rule-based quality problems detected.
4,returning,اوٽ موٽ,Going and returning.,ACCEPT,Candidate retained after final rule-based refinement.,KEEP,No major rule-based quality problems detected.
4,ribs,پاسِريِ,The ribs.,ACCEPT,Candidate retained after final rule-based refinement.,KEEP,No major rule-based quality problems detected.
4,riddle,پِروليِ,"A riddle, enigma.",ACCEPT,Candidate retained after final rule-based refinement.,KEEP,No major rule-based quality problems detected.
4,riddle,ڏِٺَپِروليِ,"A riddle, enigma",ACCEPT,Candidate retained after final rule-based refinement.,KEEP,No major rule-based quality problems detected.
4,riddle,ڳجهارت,A riddle enigma.,ACCEPT,Candidate retained after final rule-based refinement.,KEEP,No major rule-based quality problems detected.
4,rings,واگهۇ,ear rings.,ACCEPT,Candidate retained after final rule-based refinement.,KEEP,No major rule-based quality problems detected.
4,rinse,آڇلائڻ,To rinse.,ACCEPT,Candidate retained after final rule-based refinement.,KEEP,No major rule-based quality problems detected.
4,roast,ڪَبابُ,"Roasted meat, roast.",ACCEPT,Candidate retained after final rule-based refinement.,KEEP,No major rule-based quality problems detected.
4,roots,پِنڊَئون,From the roots.,ACCEPT,Candidate retained after final rule-based refinement.,KEEP,No major rule-based quality problems detected.
4,rumble,گُڙْڪَڻُ,"To rumble, purr.",ACCEPT,Candidate retained after final rule-based refinement.,KEEP,No major rule-based quality problems detected.
4,safely,سلامت,"or Safe, safely.",ACCEPT,Candidate retained after final rule-based refinement.,KEEP,No major rule-based quality problems detected.
4,scriptures,ڪَٿا,"Preaching, interpreting Scriptures.",ACCEPT,Candidate retained after final rule-based refinement.,KEEP,No major rule-based quality problems detected.
4,scriptures,شاسِتْرُ,The Hindu scriptures.,ACCEPT,Candidate retained after final rule-based refinement.,KEEP,No major rule-based quality problems detected.
4,secretly,چُپُ چُپاتِ,"Silently, secretly.",ACCEPT,Candidate retained after final rule-based refinement.,KEEP,No major rule-based quality problems detected.
4,secretly,ڳجهائتو,"or Secret, secretly.",ACCEPT,Candidate retained after final rule-based refinement.,KEEP,No major rule-based quality problems detected.
4,secretly,منجهائتو,"or Secret, secretly.",ACCEPT,Candidate retained after final rule-based refinement.,KEEP,No major rule-based quality problems detected.
4,secretly,چورئيَ,"Stealthily, secretly.",ACCEPT,Candidate retained after final rule-based refinement.,KEEP,No major rule-based quality problems detected.
4,seeds,بي داغائيِ,"Seedless, without seeds.",ACCEPT,Candidate retained after final rule-based refinement.,KEEP,No major rule-based quality problems detected.
4,seeds,ڪارازيريِ,Common carraway seeds.,ACCEPT,Candidate retained after final rule-based refinement.,KEEP,No major rule-based quality problems detected.
4,seeds,ڪارِيجِيريِ,Common carraway seeds.,ACCEPT,Candidate retained after final rule-based refinement.,KEEP,No major rule-based quality problems detected.
4,seeds,کَسْکَسِ,Poppy seeds.,ACCEPT,Candidate retained after final rule-based refinement.,KEEP,No major rule-based quality problems detected.
4,seeds,کَراڙو,Paddy seeds.,ACCEPT,Candidate retained after final rule-based refinement.,KEEP,No major rule-based quality problems detected.
4,seeker,گهورو,"A seeker, searcher.",ACCEPT,Candidate retained after final rule-based refinement.,KEEP,No major rule-based quality problems detected.
4,seeker,نهارو,"A searcher, seeker.",ACCEPT,Candidate retained after final rule-based refinement.,KEEP,No major rule-based quality problems detected.
4,seth,سيٺياڻيِ,Of a seth,ACCEPT,Candidate retained after final rule-based refinement.,KEEP,No major rule-based quality problems detected.
4,severely,ڪَڍَڻُ,To punish severely.,ACCEPT,Candidate retained after final rule-based refinement.,KEEP,No major rule-based quality problems detected.
4,severely,گُڎُڀَڃَڻُ,To beat severely.,ACCEPT,Candidate retained after final rule-based refinement.,KEEP,No major rule-based quality problems detected.
4,shaking,ڌانڌولُ,A shaking.,ACCEPT,Candidate retained after final rule-based refinement.,KEEP,No major rule-based quality problems detected.
4,shaking,ڌوڏَ,"A jolt, shaking.",ACCEPT,Candidate retained after final rule-based refinement.,KEEP,No major rule-based quality problems detected.
4,sharply,تَمَڪَ سان,"Curtly, sharply, harshly.",ACCEPT,Candidate retained after final rule-based refinement.,KEEP,No major rule-based quality problems detected.
4,shave,ڪۇڙَڻُ,To shave.,ACCEPT,Candidate retained after final rule-based refinement.,KEEP,No major rule-based quality problems detected.
4,shaving,سُوارٿيِ,"Adornment, beautifying. Shaving.",ACCEPT,Candidate retained after final rule-based refinement.,KEEP,No major rule-based quality problems detected.
4,shaving,سيرَپَ,"Hair-cutting, shaving.",ACCEPT,Candidate retained after final rule-based refinement.,KEEP,No major rule-based quality problems detected.
4,shed,گئۇشالا,A cow shed.,ACCEPT,Candidate retained after final rule-based refinement.,KEEP,No major rule-based quality problems detected.
4,shed,ڳاڙڻ,To shed tears.,ACCEPT,Candidate retained after final rule-based refinement.,KEEP,No major rule-based quality problems detected.
4,shed,ڳوڙهاڳاڙڻ,To shed tears.,ACCEPT,Candidate retained after final rule-based refinement.,KEEP,No major rule-based quality problems detected.
4,shed,هنجۇن هارڻ,To shed tears.,ACCEPT,Candidate retained after final rule-based refinement.,KEEP,No major rule-based quality problems detected.
4,sheets,ڪَٺورو,( naut ) Stern sheets.,ACCEPT,Candidate retained after final rule-based refinement.,KEEP,No major rule-based quality problems detected.
4,shelving,لاڙئون,"Sloping, slanting, shelving.",ACCEPT,Candidate retained after final rule-based refinement.,KEEP,No major rule-based quality problems detected.
4,shoots,ٻۇنگَرُ,Top shoots of,ACCEPT,Candidate retained after final rule-based refinement.,KEEP,No major rule-based quality problems detected.
4,shoulders,ڪَلَهنئِان,From the shoulders.,ACCEPT,Candidate retained after final rule-based refinement.,KEEP,No major rule-based quality problems detected.
4,shout,ٻاڪارَ,"To shout, bawl.",ACCEPT,Candidate retained after final rule-based refinement.,KEEP,No major rule-based quality problems detected.
4,shout,سَڏُ,"Call, calling, shout.",ACCEPT,Candidate retained after final rule-based refinement.,KEEP,No major rule-based quality problems detected.
4,shout,نَعْرو,"A cry, shout.",ACCEPT,Candidate retained after final rule-based refinement.,KEEP,No major rule-based quality problems detected.
4,shout,هوڪارو,A shout.,ACCEPT,Candidate retained after final rule-based refinement.,KEEP,No major rule-based quality problems detected.
4,sides,ٻِپارو,From both sides.,ACCEPT,Candidate retained after final rule-based refinement.,KEEP,No major rule-based quality problems detected.
4,sigh,ٿڌوساه ڪڻڻ,To sigh.,ACCEPT,Candidate retained after final rule-based refinement.,KEEP,No major rule-based quality problems detected.
4,sigh,شۇڪارڻ,To sigh.,ACCEPT,Candidate retained after final rule-based refinement.,KEEP,No major rule-based quality problems detected.
4,sigh,شۇڪارو,A sigh.,ACCEPT,Candidate retained after final rule-based refinement.,KEEP,No major rule-based quality problems detected.
4,signs,ميڇ ڏئڻ,To make signs.,ACCEPT,Candidate retained after final rule-based refinement.,KEEP,No major rule-based quality problems detected.
4,slap,بُجو,"A cuff, slap.",ACCEPT,Candidate retained after final rule-based refinement.,KEEP,No major rule-based quality problems detected.
4,slap,تَماچو,A slap.,ACCEPT,Candidate retained after final rule-based refinement.,KEEP,No major rule-based quality problems detected.
4,slap,چَپاٽَ,"A slap, cuff.",ACCEPT,Candidate retained after final rule-based refinement.,KEEP,No major rule-based quality problems detected.
4,slap,چَماٽَ,A slap.,ACCEPT,Candidate retained after final rule-based refinement.,KEEP,No major rule-based quality problems detected.
4,smaller,ڪمَتر,"Less, lesser, smaller.",ACCEPT,Candidate retained after final rule-based refinement.,KEEP,No major rule-based quality problems detected.
4,smaller,لاٺائيِ,Somewhat smaller.,ACCEPT,Candidate retained after final rule-based refinement.,KEEP,No major rule-based quality problems detected.
4,smile,پاٻوهَ,A smile.,ACCEPT,Candidate retained after final rule-based refinement.,KEEP,No major rule-based quality problems detected.
4,smile,پاٻوهَڻُ,To smile.,ACCEPT,Candidate retained after final rule-based refinement.,KEEP,No major rule-based quality problems detected.
4,smile,مُشْڪَڻُ,To smile.,ACCEPT,Candidate retained after final rule-based refinement.,KEEP,No major rule-based quality problems detected.
4,smoked,دۇنهاٽڻ,To be smoked.,ACCEPT,Candidate retained after final rule-based refinement.,KEEP,No major rule-based quality problems detected.
4,smoker,چَنڊۇليِ,A smoker of,ACCEPT,Candidate retained after final rule-based refinement.,KEEP,No major rule-based quality problems detected.
4,snap,ٽُٽَڻُ,"To break, snap.",ACCEPT,Candidate retained after final rule-based refinement.,KEEP,No major rule-based quality problems detected.
4,snatch,جهٽَڻُ,"To snatch, pluck.",ACCEPT,Candidate retained after final rule-based refinement.,KEEP,No major rule-based quality problems detected.
4,sold,اَگهائجڻ,To be sold.,ACCEPT,Candidate retained after final rule-based refinement.,KEEP,No major rule-based quality problems detected.
4,sold,وڪجڻ,To be sold.,ACCEPT,Candidate retained after final rule-based refinement.,KEEP,No major rule-based quality problems detected.
4,soldiers,سِپاهُ,"Soldiery, soldiers collectively.",ACCEPT,Candidate retained after final rule-based refinement.,KEEP,No major rule-based quality problems detected.
4,somewhat,جيڪيِسو,"Some little, somewhat.",ACCEPT,Candidate retained after final rule-based refinement.,KEEP,No major rule-based quality problems detected.
4,somewhere,ڪاٿي,Where? Somewhere.,ACCEPT,Candidate retained after final rule-based refinement.,KEEP,No major rule-based quality problems detected.
4,somewhere,ڪاڏي,Where? Somewhere.,ACCEPT,Candidate retained after final rule-based refinement.,KEEP,No major rule-based quality problems detected.
4,somewhere,ڪيڎَهِين,Where? Somewhere.,ACCEPT,Candidate retained after final rule-based refinement.,KEEP,No major rule-based quality problems detected.
4,sorts,ناناپِرْڪارَجا,Of various sorts.,ACCEPT,Candidate retained after final rule-based refinement.,KEEP,No major rule-based quality problems detected.
4,sorts,ناناپرڪارجو,Of various sorts.,ACCEPT,Candidate retained after final rule-based refinement.,KEEP,No major rule-based quality problems detected.
4,souls,جنم جنم,Transmigration of souls.,ACCEPT,Candidate retained after final rule-based refinement.,KEEP,No major rule-based quality problems detected.
4,speak,ﮘا لها ئڻ نٿواُڪليِ,Cannot speak.,ACCEPT,Candidate retained after final rule-based refinement.,KEEP,No major rule-based quality problems detected.
4,speak,آلائڻ,To speak.,ACCEPT,Candidate retained after final rule-based refinement.,KEEP,No major rule-based quality problems detected.
4,spirited,هِنئين ڎاڍو,"Courageous, spirited.",ACCEPT,Candidate retained after final rule-based refinement.,KEEP,No major rule-based quality problems detected.
4,spirits,غيب عالم,Evil spirits.,ACCEPT,Candidate retained after final rule-based refinement.,KEEP,No major rule-based quality problems detected.
4,spirits,مَدُرا,"Wine, spirits.",ACCEPT,Candidate retained after final rule-based refinement.,KEEP,No major rule-based quality problems detected.
4,spirits,مُندُ,"Wine, spirits.",ACCEPT,Candidate retained after final rule-based refinement.,KEEP,No major rule-based quality problems detected.
4,stairs,چَرْڻيِ,"A ladder, stairs.",ACCEPT,Candidate retained after final rule-based refinement.,KEEP,No major rule-based quality problems detected.
4,stars,ثَوابِتَ,The fixed stars.,ACCEPT,Candidate retained after final rule-based refinement.,KEEP,No major rule-based quality problems detected.
4,stay,تالِيو,( naut ) A stay.,ACCEPT,Candidate retained after final rule-based refinement.,KEEP,No major rule-based quality problems detected.
4,steal,چورائِڻُ,To steal.,ACCEPT,Candidate retained after final rule-based refinement.,KEEP,No major rule-based quality problems detected.
4,stew,دَمَڻُ,To stew.,ACCEPT,Candidate retained after final rule-based refinement.,KEEP,No major rule-based quality problems detected.
4,stores,ذَخيِرو,"Provisions, stores, treasure.",ACCEPT,Candidate retained after final rule-based refinement.,KEEP,No major rule-based quality problems detected.
4,stories,پَڙْٻاٽَ,"Boasting, lying stories.",ACCEPT,Candidate retained after final rule-based refinement.,KEEP,No major rule-based quality problems detected.
4,stories,لَپوڙَ,Boasting; braggart stories.,ACCEPT,Candidate retained after final rule-based refinement.,KEEP,No major rule-based quality problems detected.
4,stray,اُلِهيڙُ,A stray animal.,ACCEPT,Candidate retained after final rule-based refinement.,KEEP,No major rule-based quality problems detected.
4,strengthening,خوراڪيِ,"Strengthening (medicine, &c.); eatable. One who feeds and dresses well.",ACCEPT,Definition directly matches the English headword.,KEEP,No major rule-based quality problems detected.
4,strengthening,قوتی,"Strong, strengthening.",ACCEPT,Candidate retained after final rule-based refinement.,KEEP,No major rule-based quality problems detected.
4,stroll,گهمڻ ڦرڻ گهتڻ,To stroll about.,ACCEPT,Candidate retained after final rule-based refinement.,KEEP,No major rule-based quality problems detected.
4,submit,آڻ مڃڻ,To submit.,ACCEPT,Candidate retained after final rule-based refinement.,KEEP,No major rule-based quality problems detected.
4,submit,تات مَڃَڻَ,To submit.,ACCEPT,Candidate retained after final rule-based refinement.,KEEP,No major rule-based quality problems detected.
4,suburbs,پَسِگِرْدائيِ,"Environs, suburbs, vicinity.",ACCEPT,Candidate retained after final rule-based refinement.,KEEP,No major rule-based quality problems detected.
4,suburbs,گِرْدِنَواحيِ,"Neighbourhood, suburbs.",ACCEPT,Candidate retained after final rule-based refinement.,KEEP,No major rule-based quality problems detected.
4,suck,چَڳِڙَڻُ,To suck.,ACCEPT,Candidate retained after final rule-based refinement.,KEEP,No major rule-based quality problems detected.
4,sucked,ڌاپجڻَ,To be sucked.,ACCEPT,Candidate retained after final rule-based refinement.,KEEP,No major rule-based quality problems detected.
4,sucking,ٻَٺُ,A sucking pig.,ACCEPT,Candidate retained after final rule-based refinement.,KEEP,No major rule-based quality problems detected.
4,suffer,ٽولاڪاکائِڻ,To suffer hardships.,ACCEPT,Candidate retained after final rule-based refinement.,KEEP,No major rule-based quality problems detected.
4,suffer,چماٽ لڳڻ,To suffer loss.,ACCEPT,Candidate retained after final rule-based refinement.,KEEP,No major rule-based quality problems detected.
4,suffer,ڇيئو پائڻ,To suffer loss.,ACCEPT,Candidate retained after final rule-based refinement.,KEEP,No major rule-based quality problems detected.
4,suffer,دُڪَہ ڏسڻ,To suffer.,ACCEPT,Candidate retained after final rule-based refinement.,KEEP,No major rule-based quality problems detected.
4,suffer,مَرائِڻُ,To suffer sodomy.,ACCEPT,Candidate retained after final rule-based refinement.,KEEP,No major rule-based quality problems detected.
4,suffering,اندوهُ,"Pain, sorrow, suffering.",ACCEPT,Candidate retained after final rule-based refinement.,KEEP,No major rule-based quality problems detected.
4,suffering,ڏوسُ,"Sin, fault; suffering.",ACCEPT,Candidate retained after final rule-based refinement.,KEEP,No major rule-based quality problems detected.
4,suffering,ڪڇر,One so suffering.,ACCEPT,Candidate retained after final rule-based refinement.,KEEP,No major rule-based quality problems detected.
4,sung,راڳِٹي,sung in the 3rd watch before evening.,ACCEPT,Definition directly matches the English headword.,KEEP,No major rule-based quality problems detected.
4,suspect,شڪڻ,To fancy; suspect.,ACCEPT,Candidate retained after final rule-based refinement.,KEEP,No major rule-based quality problems detected.
4,suspend,لٽْڪائِڻُ,"To hang, suspend.",ACCEPT,Candidate retained after final rule-based refinement.,KEEP,No major rule-based quality problems detected.
4,swallowing,ڳِتَ,A swallow; swallowing.,ACCEPT,Candidate retained after final rule-based refinement.,KEEP,No major rule-based quality problems detected.
4,sweep,ٻُهارَڻُ,To sweep.,ACCEPT,Candidate retained after final rule-based refinement.,KEEP,No major rule-based quality problems detected.
4,sweep,جهاڙۇڏئڻ,To sweep.,ACCEPT,Candidate retained after final rule-based refinement.,KEEP,No major rule-based quality problems detected.
4,sweetheart,راوَلُ,A sweetheart.,ACCEPT,Candidate retained after final rule-based refinement.,KEEP,No major rule-based quality problems detected.
4,sweetheart,ساجَنُ,"A lover, sweetheart.",ACCEPT,Candidate retained after final rule-based refinement.,KEEP,No major rule-based quality problems detected.
4,sweetheart,سُپِريِ,"A lover, sweetheart.",ACCEPT,Candidate retained after final rule-based refinement.,KEEP,No major rule-based quality problems detected.
4,sweetheart,ڌِيِرُ,"A comforter, sweetheart.",ACCEPT,Candidate retained after final rule-based refinement.,KEEP,No major rule-based quality problems detected.
4,swell,آماسِجَڻُ,To swell.,ACCEPT,Candidate retained after final rule-based refinement.,KEEP,No major rule-based quality problems detected.
4,swell,ٿوٿِرَڻُ,To swell.,ACCEPT,Candidate retained after final rule-based refinement.,KEEP,No major rule-based quality problems detected.
4,swell,ڦُنڊائِڻُ,To swell. ڦُنڊَڻُ، ڦُنڊِجَڻُ,ACCEPT,Candidate retained after final rule-based refinement.,KEEP,No major rule-based quality problems detected.
4,swim,اڻتارۇ,Unable to swim.,ACCEPT,Candidate retained after final rule-based refinement.,KEEP,No major rule-based quality problems detected.
4,switch,ڪانٽومٽائڻ,To switch.,ACCEPT,Candidate retained after final rule-based refinement.,KEEP,No major rule-based quality problems detected.
4,tack,گوسُ اُٿارَڻُ,( naut ) To tack.,ACCEPT,Candidate retained after final rule-based refinement.,KEEP,No major rule-based quality problems detected.
4,take,ٿَڪُ ڀَحيَڻُ لاهِڻُ,To take rest.,ACCEPT,Candidate retained after final rule-based refinement.,KEEP,No major rule-based quality problems detected.
4,take,ٽِپُ,To take notes.,ACCEPT,Candidate retained after final rule-based refinement.,KEEP,No major rule-based quality problems detected.
4,take,دامن وٺڻ,To take refuge.,ACCEPT,Candidate retained after final rule-based refinement.,KEEP,No major rule-based quality problems detected.
4,take,ناس ڏئڻ,To take snuff.,ACCEPT,Candidate retained after final rule-based refinement.,KEEP,No major rule-based quality problems detected.
4,take,ويرُوَٺَڻُ,To take revenge.,ACCEPT,Candidate retained after final rule-based refinement.,KEEP,No major rule-based quality problems detected.
4,taking,ڏي وٺ,Giving and taking.,ACCEPT,Candidate retained after final rule-based refinement.,KEEP,No major rule-based quality problems detected.
4,tales,ٽِٻَ پَڙَهُڻ,To tell tales.,ACCEPT,Candidate retained after final rule-based refinement.,KEEP,No major rule-based quality problems detected.
4,teach,سِکائِڻُ,To teach.,ACCEPT,Candidate retained after final rule-based refinement.,KEEP,No major rule-based quality problems detected.
4,tears,آب ديدد,"In tears, tearful.",ACCEPT,Candidate retained after final rule-based refinement.,KEEP,No major rule-based quality problems detected.
4,tears,رُئَڻَهارِڪو,"Tearful, in tears.",ACCEPT,Candidate retained after final rule-based refinement.,KEEP,No major rule-based quality problems detected.
4,tears,ڳاڙڻ,To shed tears.,ACCEPT,Candidate retained after final rule-based refinement.,KEEP,No major rule-based quality problems detected.
4,tears,ڳوڙهاڳاڙڻ,To shed tears.,ACCEPT,Candidate retained after final rule-based refinement.,KEEP,No major rule-based quality problems detected.
4,tears,هنجۇن هارڻ,To shed tears.,ACCEPT,Candidate retained after final rule-based refinement.,KEEP,No major rule-based quality problems detected.
4,tease,ڪرڻ,To tease.,ACCEPT,Candidate retained after final rule-based refinement.,KEEP,No major rule-based quality problems detected.
4,tell,اُتﮡ,"To say, tell.",ACCEPT,Candidate retained after final rule-based refinement.,KEEP,No major rule-based quality problems detected.
4,tell,اَستﭔولڻ,To tell lies.,ACCEPT,Candidate retained after final rule-based refinement.,KEEP,No major rule-based quality problems detected.
4,tell,ٽِٻَ پَڙَهُڻ,To tell tales.,ACCEPT,Candidate retained after final rule-based refinement.,KEEP,No major rule-based quality problems detected.
4,termination,تَماميِ,"The end, termination.",ACCEPT,Candidate retained after final rule-based refinement.,KEEP,No major rule-based quality problems detected.
4,termination,توڙُ,"End, conclusion, termination.",ACCEPT,Candidate retained after final rule-based refinement.,KEEP,No major rule-based quality problems detected.
4,terribly,مَڌَمَچَڻُ,To stink terribly.,ACCEPT,Candidate retained after final rule-based refinement.,KEEP,No major rule-based quality problems detected.
4,thanksgiving,حَمْدُ,"Praise, thanksgiving.",ACCEPT,Candidate retained after final rule-based refinement.,KEEP,No major rule-based quality problems detected.
4,think,خيال ڪرڻ,To think.,ACCEPT,Candidate retained after final rule-based refinement.,KEEP,No major rule-based quality problems detected.
4,thoughtful,خياليِ,"Imaginary, fanciful; thoughtful.",ACCEPT,Candidate retained after final rule-based refinement.,KEEP,No major rule-based quality problems detected.
4,threat,ڌمڪيِ,A threat.,ACCEPT,Candidate retained after final rule-based refinement.,KEEP,No major rule-based quality problems detected.
4,threaten,ڀَڙْڪَڻِ,"To threaten, intimidate.",ACCEPT,Candidate retained after final rule-based refinement.,KEEP,No major rule-based quality problems detected.
4,threaten,دئيِ ڪرڻ,"To frighten, threaten.",ACCEPT,Candidate retained after final rule-based refinement.,KEEP,No major rule-based quality problems detected.
4,threatening,ڍِنگُمَٽَرُ,A threatening expression.,ACCEPT,Candidate retained after final rule-based refinement.,KEEP,No major rule-based quality problems detected.
4,throttle,گهٽوڎيڻ,"To strangle, throttle.",ACCEPT,Candidate retained after final rule-based refinement.,KEEP,No major rule-based quality problems detected.
4,throttle,ڎئڻ,To throttle.,ACCEPT,Candidate retained after final rule-based refinement.,KEEP,No major rule-based quality problems detected.
4,tightly,ڏاڍِيان,"Tightly, firmly; with force, violently; loudly, with intensity.",ACCEPT,Definition directly matches the English headword.,KEEP,No major rule-based quality problems detected.
4,tightly,سوگهوجَهَلڻُ,To catch tightly.,ACCEPT,Candidate retained after final rule-based refinement.,KEEP,No major rule-based quality problems detected.
4,till,هيسِين,"Till this time, still, till now; or with توڻي ، توئيِن ، توڙِين ، تائيِن",ACCEPT,Definition directly matches the English headword.,KEEP,No major rule-based quality problems detected.
4,times,صدبار,Hundred times.,ACCEPT,Candidate retained after final rule-based refinement.,KEEP,No major rule-based quality problems detected.
4,times,وقتي,At times; perchance.,ACCEPT,Candidate retained after final rule-based refinement.,KEEP,No major rule-based quality problems detected.
4,tire,ٿَڪائِڻُ,"To tire, fatigue.",ACCEPT,Candidate retained after final rule-based refinement.,KEEP,No major rule-based quality problems detected.
4,touching,دَرْدَاَنگيزِ,"Painful; pathetic, touching.",ACCEPT,Candidate retained after final rule-based refinement.,KEEP,No major rule-based quality problems detected.
4,trace,پيروکَڻَڻُ,To trace footsteps. پيڻاڍئيِ، پيريواڍيِ، پيريِ، پيراڍۇ,ACCEPT,Candidate retained after final rule-based refinement.,KEEP,No major rule-based quality problems detected.
4,tracker,پَڳيِ,A tracker.,ACCEPT,Candidate retained after final rule-based refinement.,KEEP,No major rule-based quality problems detected.
4,tracker,پيريِ,A tracker. پيراگۇن، پيرانگو,ACCEPT,Candidate retained after final rule-based refinement.,KEEP,No major rule-based quality problems detected.
4,tracker,پيڻاڍِيو,A tracker.,ACCEPT,Candidate retained after final rule-based refinement.,KEEP,No major rule-based quality problems detected.
4,train,آگ گاڎيِ,A railway train.,ACCEPT,Candidate retained after final rule-based refinement.,KEEP,No major rule-based quality problems detected.
4,train,ريلَ,A railway train.,ACCEPT,Candidate retained after final rule-based refinement.,KEEP,No major rule-based quality problems detected.
4,trap,ڦِڙْڪَ,"Snare, trap.",ACCEPT,Candidate retained after final rule-based refinement.,KEEP,No major rule-based quality problems detected.
4,trap,ڪُؤامارُ,A rat trap.,ACCEPT,Candidate retained after final rule-based refinement.,KEEP,No major rule-based quality problems detected.
4,travelling,سَفَرُ,"Journey, travelling, march.",ACCEPT,Candidate retained after final rule-based refinement.,KEEP,No major rule-based quality problems detected.
4,travelling,گَشْتُ,"Circuit. travelling, tour.",ACCEPT,Candidate retained after final rule-based refinement.,KEEP,No major rule-based quality problems detected.
4,troops,ڪُمَڪُ,"Auxiliary troops, reinforcement.",ACCEPT,Candidate retained after final rule-based refinement.,KEEP,No major rule-based quality problems detected.
4,troubled,وِياڪُلُ,"Confounded, troubled.",ACCEPT,Candidate retained after final rule-based refinement.,KEEP,No major rule-based quality problems detected.
4,trumpet,صۇر,A trumpet.,ACCEPT,Candidate retained after final rule-based refinement.,KEEP,No major rule-based quality problems detected.
4,turn,چرخ مارڻ,To turn round.,ACCEPT,Candidate retained after final rule-based refinement.,KEEP,No major rule-based quality problems detected.
4,turn,لِڱو,"Time, turn, occasion.",ACCEPT,Candidate retained after final rule-based refinement.,KEEP,No major rule-based quality problems detected.
4,turn,لَهْڪارِجَڻُ,To turn pale.,ACCEPT,Candidate retained after final rule-based refinement.,KEEP,No major rule-based quality problems detected.
4,uncovered,نَنگو,"Naked, uncovered.",ACCEPT,Candidate retained after final rule-based refinement.,KEEP,No major rule-based quality problems detected.
4,undergo,جوڳُ پَچائِڻُ,To undergo hardships.,ACCEPT,Candidate retained after final rule-based refinement.,KEEP,No major rule-based quality problems detected.
4,undergo,ڪروٽ کائڻ,To undergo hardships.,ACCEPT,Candidate retained after final rule-based refinement.,KEEP,No major rule-based quality problems detected.
4,understand,ٻِيث پَوَڻُ,"To realise, understand.",ACCEPT,Candidate retained after final rule-based refinement.,KEEP,No major rule-based quality problems detected.
4,understand,سُرْجَهڻُ,"To understand, comprehend",ACCEPT,Candidate retained after final rule-based refinement.,KEEP,No major rule-based quality problems detected.
4,understand,اُجَهڻُ,"To understand, as",ACCEPT,Candidate retained after final rule-based refinement.,KEEP,No major rule-based quality problems detected.
4,upset,ليٽائڻ,"To upset, overturn.",ACCEPT,Candidate retained after final rule-based refinement.,KEEP,No major rule-based quality problems detected.
4,venetian,سِيتاراميِ,A Venetian coin.,ACCEPT,Candidate retained after final rule-based refinement.,KEEP,No major rule-based quality problems detected.
4,verified,مُحَقَقُ,"Authenticated, verified; positive.",ACCEPT,Candidate retained after final rule-based refinement.,KEEP,No major rule-based quality problems detected.
4,verses,بَيْتِ بازيِ ڪرڻ,To cap (verses).,ACCEPT,Candidate retained after final rule-based refinement.,KEEP,No major rule-based quality problems detected.
4,vicinity,اوڙو پاڙو,"Neighbourhood, vicinity; neighbours.",ACCEPT,Candidate retained after final rule-based refinement.,KEEP,No major rule-based quality problems detected.
4,vicinity,پَسِگِرْدائيِ,"Environs, suburbs, vicinity.",ACCEPT,Candidate retained after final rule-based refinement.,KEEP,No major rule-based quality problems detected.
4,vicinity,ڇَڪَ,"Surroundings, vicinity.",ACCEPT,Candidate retained after final rule-based refinement.,KEEP,No major rule-based quality problems detected.
4,vicinity,ويجهائيِ,"Nearness, proximity, vicinity.",ACCEPT,Candidate retained after final rule-based refinement.,KEEP,No major rule-based quality problems detected.
4,visit,روُئَتَ,"Appearance, sight, visit.",ACCEPT,Candidate retained after final rule-based refinement.,KEEP,No major rule-based quality problems detected.
4,visit,مُلاقاتَ,"Meeting, interview, visit.",ACCEPT,Candidate retained after final rule-based refinement.,KEEP,No major rule-based quality problems detected.
4,visiting,زيارَتَ,"A pilgrimage, visiting.",ACCEPT,Candidate retained after final rule-based refinement.,KEEP,No major rule-based quality problems detected.
4,vomiting,واتَوارو,Emetic causing vomiting.,ACCEPT,Candidate retained after final rule-based refinement.,KEEP,No major rule-based quality problems detected.
4,votes,غلبي,Majority of votes.,ACCEPT,Candidate retained after final rule-based refinement.,KEEP,No major rule-based quality problems detected.
4,wait,تَرْسَڻُ,To wait.,ACCEPT,Candidate retained after final rule-based refinement.,KEEP,No major rule-based quality problems detected.
4,wait,جۇهَ,Lying in wait.,ACCEPT,Candidate retained after final rule-based refinement.,KEEP,No major rule-based quality problems detected.
4,wait,سيِڙَڻُ,"To delay, wait.",ACCEPT,Candidate retained after final rule-based refinement.,KEEP,No major rule-based quality problems detected.
4,walk,کُڙيِ کَڻَڻُ,To walk astf.,ACCEPT,Candidate retained after final rule-based refinement.,KEEP,No major rule-based quality problems detected.
4,walking,پَنڌُ,"Distance; journeying, walking.",ACCEPT,Candidate retained after final rule-based refinement.,KEEP,No major rule-based quality problems detected.
4,walking,پيرين پَنڌِ,On foot; walking.,ACCEPT,Candidate retained after final rule-based refinement.,KEEP,No major rule-based quality problems detected.
4,wander,ڀَوڻو,"To wander, roam.",ACCEPT,Candidate retained after final rule-based refinement.,KEEP,No major rule-based quality problems detected.
4,wander,پَنجاڪَڇَڻُ,To wander aimlessly.,ACCEPT,Candidate retained after final rule-based refinement.,KEEP,No major rule-based quality problems detected.
4,wander,چڪرَکائڻ,To wander about.,ACCEPT,Candidate retained after final rule-based refinement.,KEEP,No major rule-based quality problems detected.
4,wander,ڇِرَڻُ,"To wander, roam.",ACCEPT,Candidate retained after final rule-based refinement.,KEEP,No major rule-based quality problems detected.
4,wandering,ڀنوارُ,One wandering about.,ACCEPT,Candidate retained after final rule-based refinement.,KEEP,No major rule-based quality problems detected.
4,wandering,ڦيرِيدارُ,A wandering mendicant.,ACCEPT,Candidate retained after final rule-based refinement.,KEEP,No major rule-based quality problems detected.
4,wandering,لوٿِڪو,"Stray, wandering about.",ACCEPT,Candidate retained after final rule-based refinement.,KEEP,No major rule-based quality problems detected.
4,wandering,ڀۇڻِ,"Travelling, wandering. Knowledge.",ACCEPT,Candidate retained after final rule-based refinement.,KEEP,No major rule-based quality problems detected.
4,washed,ڌوئِجَڻُ,To be washed.,ACCEPT,Candidate retained after final rule-based refinement.,KEEP,No major rule-based quality problems detected.
4,washed,ڌئارڻ,To get washed.,ACCEPT,Candidate retained after final rule-based refinement.,KEEP,No major rule-based quality problems detected.
4,ways,ڀيتِ,"Habits, ways.",ACCEPT,Candidate retained after final rule-based refinement.,KEEP,No major rule-based quality problems detected.
4,ways,رَوَشِ,"Behaviour, conduct, ways.",ACCEPT,Candidate retained after final rule-based refinement.,KEEP,No major rule-based quality problems detected.
4,ways,ڪُچالَ,"Misconduct, evil ways.",ACCEPT,Candidate retained after final rule-based refinement.,KEEP,No major rule-based quality problems detected.
4,weaving,اُڻاڻيِ,Cost of weaving.,ACCEPT,Candidate retained after final rule-based refinement.,KEEP,No major rule-based quality problems detected.
4,weaving,باسِڪارِيۇن,( weaving ) Lease-rods.,ACCEPT,Candidate retained after final rule-based refinement.,KEEP,No major rule-based quality problems detected.
4,weigh,آڳوپيڇوڳڻڻ,To weigh consequences.,ACCEPT,Candidate retained after final rule-based refinement.,KEEP,No major rule-based quality problems detected.
4,weigh,تورَڻُ,To weigh.,ACCEPT,Candidate retained after final rule-based refinement.,KEEP,No major rule-based quality problems detected.
4,weigh,ٽَلَڻُ,To weigh.,ACCEPT,Candidate retained after final rule-based refinement.,KEEP,No major rule-based quality problems detected.
4,weigh,جوکَڻُ,To weigh.,ACCEPT,Candidate retained after final rule-based refinement.,KEEP,No major rule-based quality problems detected.
4,welcome,اَجيِ,"Honor, welcome.",ACCEPT,Candidate retained after final rule-based refinement.,KEEP,No major rule-based quality problems detected.
4,welcome,مَرَحْبا,inter Hail! welcome!,ACCEPT,Candidate retained after final rule-based refinement.,KEEP,No major rule-based quality problems detected.
4,welcome,مَرَحْباڪَرَڻُ,To welcome.,ACCEPT,Candidate retained after final rule-based refinement.,KEEP,No major rule-based quality problems detected.
4,welcome,نِچُ آيَئِن,You are welcome.,ACCEPT,Candidate retained after final rule-based refinement.,KEEP,No major rule-based quality problems detected.
4,welcome,نچ چوڻ,To welcome.,ACCEPT,Candidate retained after final rule-based refinement.,KEEP,No major rule-based quality problems detected.
4,welcome,هانمُشْڪا,"Greeting, welcome.",ACCEPT,Candidate retained after final rule-based refinement.,KEEP,No major rule-based quality problems detected.
4,whistle,سيِٽَ,"Whistling, whistle",ACCEPT,Candidate retained after final rule-based refinement.,KEEP,No major rule-based quality problems detected.
4,whistle,سيٽ ؤڄائِڻُ,To whistle.,ACCEPT,Candidate retained after final rule-based refinement.,KEEP,No major rule-based quality problems detected.
4,whistle,سيِنڌَ,"A whistle, whistling.",ACCEPT,Candidate retained after final rule-based refinement.,KEEP,No major rule-based quality problems detected.
4,whistle,سيِنڌارَڻُ,To whistle.,ACCEPT,Candidate retained after final rule-based refinement.,KEEP,No major rule-based quality problems detected.
4,whistler,سِيِٽُر,A whistler.,ACCEPT,Candidate retained after final rule-based refinement.,KEEP,No major rule-based quality problems detected.
4,whistler,سينڌائيِ,A whistler.,ACCEPT,Candidate retained after final rule-based refinement.,KEEP,No major rule-based quality problems detected.
4,willingness,خۇشدليِ,"Pleasure, satisfaction, willingness.",ACCEPT,Candidate retained after final rule-based refinement.,KEEP,No major rule-based quality problems detected.
4,wink,اَکہ ڀﭸڻ,To wink.,ACCEPT,Candidate retained after final rule-based refinement.,KEEP,No major rule-based quality problems detected.
4,wink,ٽَپَڻُ,To wink.,ACCEPT,Candidate retained after final rule-based refinement.,KEEP,No major rule-based quality problems detected.
4,wink,جِهمائِڻُ,To wink (eyes).,ACCEPT,Candidate retained after final rule-based refinement.,KEEP,No major rule-based quality problems detected.
4,wipe,اُگَهڻُ,To wipe.,ACCEPT,Candidate retained after final rule-based refinement.,KEEP,No major rule-based quality problems detected.
4,wisely,سَنڌُ ڪمائِڻ,To act wisely.,ACCEPT,Candidate retained after final rule-based refinement.,KEEP,No major rule-based quality problems detected.
4,words,تُڪانتَ,Rhyme of words.,ACCEPT,Candidate retained after final rule-based refinement.,KEEP,No major rule-based quality problems detected.
4,words,حيص بيص ڪَرڻَ,To bandy words.,ACCEPT,Candidate retained after final rule-based refinement.,KEEP,No major rule-based quality problems detected.
4,words,ڪِٺس,"Indecent words, scurrility.",ACCEPT,Candidate retained after final rule-based refinement.,KEEP,No major rule-based quality problems detected.
4,worlds,دارينِ,The two worlds.,ACCEPT,Candidate retained after final rule-based refinement.,KEEP,No major rule-based quality problems detected.
4,worried,تالان,"Annoyed, worried; plundered.",ACCEPT,Candidate retained after final rule-based refinement.,KEEP,No major rule-based quality problems detected.
4,worry,ريڙائڻ,"To worry, harass..",ACCEPT,Candidate retained after final rule-based refinement.,KEEP,No major rule-based quality problems detected.
4,years,سالَها,For years.,ACCEPT,Candidate retained after final rule-based refinement.,KEEP,No major rule-based quality problems detected.
4,years,وِسانگَ ويساندَرَ,Many many years.,ACCEPT,Candidate retained after final rule-based refinement.,KEEP,No major rule-based quality problems detected.
