lexical_id,entry_id,word,word_with_airab_or_variant,part_of_speech,domain,definition,language_direction,source_dictionary,normalized_word,normalized_definition,extra,publisher,publisher_url,prepared_by,english_original,english_normalized,headword_class,lookup_headword,collision_class,collision_group_size
slx_478787749ecdbc87,42381,Account (n),,,English → Sindhi,احوال، آمد ۽ خرچ جو حساب، ليکو,english,English → Sindhi,account n,احوال آمد خرچ جو حساب ليکو,,SindhiLanguage.org,https://sindhilanguage.org/,Amar Fayaz Buriro (امر فياض ٻرڙو),Account (n),Account (n),HEADWORD_WITH_LABEL,account,HEADWORD_VARIANT_SAME_SINDHI,2
slx_ac1e5e1bdfb41565,42382,Account (v),,,English → Sindhi,شمار ڪرڻ، ليکڻ، کنڌو,english,English → Sindhi,account v,شمار ڪرڻ ليکڻ کنڌو,,SindhiLanguage.org,https://sindhilanguage.org/,Amar Fayaz Buriro (امر فياض ٻرڙو),Account (v),Account (v),HEADWORD_WITH_LABEL,account,HEADWORD_VARIANT_SAME_SINDHI,2
slx_52688426c884e54f,42524,Address (n),,,English → Sindhi,سرنامو، خط تي پتو، تقرير,english,English → Sindhi,address n,سرنامو خط تي پتو تقرير,,SindhiLanguage.org,https://sindhilanguage.org/,Amar Fayaz Buriro (امر فياض ٻرڙو),Address (n),Address (n),HEADWORD_WITH_LABEL,address,HEADWORD_VARIANT_SAME_SINDHI,2
slx_4d443ea52b4a8cbb,42525,Address (v),,,English → Sindhi,تقرير ڪرڻ، وعظ ڪرڻ,english,English → Sindhi,address v,تقرير ڪرڻ وعظ ڪرڻ,,SindhiLanguage.org,https://sindhilanguage.org/,Amar Fayaz Buriro (امر فياض ٻرڙو),Address (v),Address (v),HEADWORD_WITH_LABEL,address,HEADWORD_VARIANT_SAME_SINDHI,2
slx_5723af7e9a94818a,42696,Aerometer,,,English → Sindhi,هوا يا گيس ماپڻ جو اوزار,english,English → Sindhi,aerometer,هوا يا گيس ماپڻ جو اوزار,,SindhiLanguage.org,https://sindhilanguage.org/,Amar Fayaz Buriro (امر فياض ٻرڙو),Aerometer,Aerometer,ORDINARY_HEADWORD,aerometer,SAME_SOURCE_HEADWORD_MULTIPLE_ROWS,2
slx_1c09d59995a4b3cd,43443,Aerometer,,,English → Sindhi,پاڻيءَ جي گهاٽائي لهندڙ اوزار,english,English → Sindhi,aerometer,پاڻيء جي گهاٽائي لهندڙ اوزار,,SindhiLanguage.org,https://sindhilanguage.org/,Amar Fayaz Buriro (امر فياض ٻرڙو),Aerometer,Aerometer,ORDINARY_HEADWORD,aerometer,SAME_SOURCE_HEADWORD_MULTIPLE_ROWS,2
slx_7830fd4cf473ac62,42743,Affright (n),,,English → Sindhi,دهشت، خوف، ڌمڪي,english,English → Sindhi,affright n,دهشت خوف ڌمڪي,,SindhiLanguage.org,https://sindhilanguage.org/,Amar Fayaz Buriro (امر فياض ٻرڙو),Affright (n),Affright (n),HEADWORD_WITH_LABEL,affright,HEADWORD_VARIANT_SAME_SINDHI,2
slx_a1fb3e8781e7d753,42744,Affright (v),,,English → Sindhi,ڊيڄارڻ، ڌمڪائڻ، خوف ڏيارڻ,english,English → Sindhi,affright v,ڊيڄارڻ ڌمڪائڻ خوف ڏيارڻ,,SindhiLanguage.org,https://sindhilanguage.org/,Amar Fayaz Buriro (امر فياض ٻرڙو),Affright (v),Affright (v),HEADWORD_WITH_LABEL,affright,HEADWORD_VARIANT_SAME_SINDHI,2
slx_4f9fc0a469b93a35,42780,Aggrace (n),,,English → Sindhi,مهرباني,english,English → Sindhi,aggrace n,مهرباني,,SindhiLanguage.org,https://sindhilanguage.org/,Amar Fayaz Buriro (امر فياض ٻرڙو),Aggrace (n),Aggrace (n),HEADWORD_WITH_LABEL,aggrace,HEADWORD_VARIANT_SAME_SINDHI,2
slx_45a17fb69ef7b57a,42781,Aggrace,,,English → Sindhi,ڀلائي ڪرڻ، مهرباني ڪرڻ,english,English → Sindhi,aggrace,ڀلائي ڪرڻ مهرباني ڪرڻ,,SindhiLanguage.org,https://sindhilanguage.org/,Amar Fayaz Buriro (امر فياض ٻرڙو),Aggrace,Aggrace,ORDINARY_HEADWORD,aggrace,HEADWORD_VARIANT_SAME_SINDHI,2
slx_be0c5410a3e1523a,42829,Aid (n),,,English → Sindhi,سهائتا، مدد، سهارو، ٽيڪ، ساٿ,english,English → Sindhi,aid n,سهائتا مدد سهارو ٽيڪ ساٿ,,SindhiLanguage.org,https://sindhilanguage.org/,Amar Fayaz Buriro (امر فياض ٻرڙو),Aid (n),Aid (n),HEADWORD_WITH_LABEL,aid,HEADWORD_VARIANT_SAME_SINDHI,2
slx_5acc4f2f75f90f7b,42830,Aid (v),,,English → Sindhi,مدد ڪرڻ، سهائتا ڪرڻ، ساٿ ڏيڻ,english,English → Sindhi,aid v,مدد ڪرڻ سهائتا ڪرڻ ساٿ ڏيڻ,,SindhiLanguage.org,https://sindhilanguage.org/,Amar Fayaz Buriro (امر فياض ٻرڙو),Aid (v),Aid (v),HEADWORD_WITH_LABEL,aid,HEADWORD_VARIANT_SAME_SINDHI,2
slx_232a0166f0449fff,42834,Aim (v),,,English → Sindhi,نشانو وٺڻ، چست وٺڻ، مراد رکڻ، ارادو ڪرڻ,english,English → Sindhi,aim v,نشانو وٺڻ چست وٺڻ مراد رکڻ ارادو ڪرڻ,,SindhiLanguage.org,https://sindhilanguage.org/,Amar Fayaz Buriro (امر فياض ٻرڙو),Aim (v),Aim (v),HEADWORD_WITH_LABEL,aim,HEADWORD_VARIANT_SAME_SINDHI,2
slx_be07c6a289ad098d,42835,Aim (n),,,English → Sindhi,نصب العين، نشانو، ارادو، مراد، مقصد، مدعا,english,English → Sindhi,aim n,نصب العين نشانو ارادو مراد مقصد مدعا,,SindhiLanguage.org,https://sindhilanguage.org/,Amar Fayaz Buriro (امر فياض ٻرڙو),Aim (n),Aim (n),HEADWORD_WITH_LABEL,aim,HEADWORD_VARIANT_SAME_SINDHI,2
slx_6f7c5a0913a36833,42837,Air (n),,,English → Sindhi,هوا، هوا جو هلڪو جهوٽو، شڪل، هير، شهرت,english,English → Sindhi,air n,هوا هوا جو هلڪو جهوٽو شڪل هير شهرت,,SindhiLanguage.org,https://sindhilanguage.org/,Amar Fayaz Buriro (امر فياض ٻرڙو),Air (n),Air (n),HEADWORD_WITH_LABEL,air,HEADWORD_VARIANT_SAME_SINDHI,2
slx_5fdaf1af32ae4681,42838,Air (v),,,English → Sindhi,هوا کائڻ، وائکو ڪرڻ، سڪائڻ، هوا ڏيڻ,english,English → Sindhi,air v,هوا کائڻ وائکو ڪرڻ سڪائڻ هوا ڏيڻ,,SindhiLanguage.org,https://sindhilanguage.org/,Amar Fayaz Buriro (امر فياض ٻرڙو),Air (v),Air (v),HEADWORD_WITH_LABEL,air,HEADWORD_VARIANT_SAME_SINDHI,2
slx_6cf2e40e83a25a28,42857,Alarm (n),,,English → Sindhi,خطري يا آفت جي خبر؛ چتاءُ، هراس,english,English → Sindhi,alarm n,خطري يا آفت جي خبر چتاء هراس,,SindhiLanguage.org,https://sindhilanguage.org/,Amar Fayaz Buriro (امر فياض ٻرڙو),Alarm (n),Alarm (n),HEADWORD_WITH_LABEL,alarm,HEADWORD_VARIANT_SAME_SINDHI,2
slx_246a7202299f5ae0,42858,Alarm (v),,,English → Sindhi,خبردار ڪرڻ، چتاءُ ڏيڻ,english,English → Sindhi,alarm v,خبردار ڪرڻ چتاء ڏيڻ,,SindhiLanguage.org,https://sindhilanguage.org/,Amar Fayaz Buriro (امر فياض ٻرڙو),Alarm (v),Alarm (v),HEADWORD_WITH_LABEL,alarm,HEADWORD_VARIANT_SAME_SINDHI,2
slx_d0bd5dba572ed4d6,43115,Anchor,,,English → Sindhi,لنگر، آسرو، ڀروسو,english,English → Sindhi,anchor,لنگر آسرو ڀروسو,,SindhiLanguage.org,https://sindhilanguage.org/,Amar Fayaz Buriro (امر فياض ٻرڙو),Anchor,Anchor,ORDINARY_HEADWORD,anchor,SAME_SOURCE_HEADWORD_MULTIPLE_ROWS,2
slx_2462da641b21ab7b,43116,Anchor,,,English → Sindhi,لنگر هڻڻ، بيهڻ (لنگر هڻي),english,English → Sindhi,anchor,لنگر هڻڻ بيهڻ لنگر هڻي,,SindhiLanguage.org,https://sindhilanguage.org/,Amar Fayaz Buriro (امر فياض ٻرڙو),Anchor,Anchor,ORDINARY_HEADWORD,anchor,SAME_SOURCE_HEADWORD_MULTIPLE_ROWS,2
slx_8abdb0e7bc0a7735,43135,Angle (n),,,English → Sindhi,ڪنڊ، ڪنڍي (مڇي ڦاسائڻ جي),english,English → Sindhi,angle n,ڪنڊ ڪنڍي مڇي ڦاسائڻ جي,,SindhiLanguage.org,https://sindhilanguage.org/,Amar Fayaz Buriro (امر فياض ٻرڙو),Angle (n),Angle (n),HEADWORD_WITH_LABEL,angle,HEADWORD_VARIANT_SAME_SINDHI,2
slx_813927c4fa600bfe,43136,Angle (v),,,English → Sindhi,ڪنڍيءَ سان مڇي ڦاسائڻ، ڄار پکيڙڻ,english,English → Sindhi,angle v,ڪنڍيء سان مڇي ڦاسائڻ ڄار پکيڙڻ,,SindhiLanguage.org,https://sindhilanguage.org/,Amar Fayaz Buriro (امر فياض ٻرڙو),Angle (v),Angle (v),HEADWORD_WITH_LABEL,angle,HEADWORD_VARIANT_SAME_SINDHI,2
slx_e9c56189bdab3320,43156,Animate (n),,,English → Sindhi,جانور، ساهه وارو، زنده,english,English → Sindhi,animate n,جانور ساهه وارو زنده,,SindhiLanguage.org,https://sindhilanguage.org/,Amar Fayaz Buriro (امر فياض ٻرڙو),Animate (n),Animate (n),HEADWORD_WITH_LABEL,animate,HEADWORD_VARIANT_SAME_SINDHI,2
slx_ad708ec54e41a206,43157,Animate (v),,,English → Sindhi,زنده ڪرڻ، همٿائڻ، سرهو ڪرڻ,english,English → Sindhi,animate v,زنده ڪرڻ همٿائڻ سرهو ڪرڻ,,SindhiLanguage.org,https://sindhilanguage.org/,Amar Fayaz Buriro (امر فياض ٻرڙو),Animate (v),Animate (v),HEADWORD_WITH_LABEL,animate,HEADWORD_VARIANT_SAME_SINDHI,2
slx_34db8f1fd18d399e,43214,Answer (n),,,English → Sindhi,جواب، ورندي، اُتر، حل,english,English → Sindhi,answer n,جواب ورندي اتر حل,,SindhiLanguage.org,https://sindhilanguage.org/,Amar Fayaz Buriro (امر فياض ٻرڙو),Answer (n),Answer (n),HEADWORD_WITH_LABEL,answer,HEADWORD_VARIANT_SAME_SINDHI,2
slx_6ce5a385bb8433bc,43215,Answer (v),,,English → Sindhi,جواب، ڏيڻ، ورندي ڏيڻ، حل ڳولڻ,english,English → Sindhi,answer v,جواب ڏيڻ ورندي ڏيڻ حل ڳولڻ,,SindhiLanguage.org,https://sindhilanguage.org/,Amar Fayaz Buriro (امر فياض ٻرڙو),Answer (v),Answer (v),HEADWORD_WITH_LABEL,answer,HEADWORD_VARIANT_SAME_SINDHI,2
slx_830b800814abe4cf,43276,Ape (n),,,English → Sindhi,باندر,english,English → Sindhi,ape n,باندر,,SindhiLanguage.org,https://sindhilanguage.org/,Amar Fayaz Buriro (امر فياض ٻرڙو),Ape (n),Ape (n),HEADWORD_WITH_LABEL,ape,HEADWORD_VARIANT_SAME_SINDHI,2
slx_f2cd3f8ce90a292a,43277,Ape (v),,,English → Sindhi,نقل ڪرڻ، ريس ڪرڻ، چٻرا ڪڍائڻ,english,English → Sindhi,ape v,نقل ڪرڻ ريس ڪرڻ چٻرا ڪڍائڻ,,SindhiLanguage.org,https://sindhilanguage.org/,Amar Fayaz Buriro (امر فياض ٻرڙو),Ape (v),Ape (v),HEADWORD_WITH_LABEL,ape,HEADWORD_VARIANT_SAME_SINDHI,2
slx_1d43c032fbeddb05,43313,Appeal (n),,,English → Sindhi,اپيل، عرض، فرياد,english,English → Sindhi,appeal n,اپيل عرض فرياد,,SindhiLanguage.org,https://sindhilanguage.org/,Amar Fayaz Buriro (امر فياض ٻرڙو),Appeal (n),Appeal (n),HEADWORD_WITH_LABEL,appeal,HEADWORD_VARIANT_SAME_SINDHI,2
slx_387a6bbd90361f27,43314,Appeal (v),,,English → Sindhi,اپيل ڪرڻ، عرض ڪرڻ، فرياد ڪرڻ، دل سان لڳڻ,english,English → Sindhi,appeal v,اپيل ڪرڻ عرض ڪرڻ فرياد ڪرڻ دل سان لڳڻ,,SindhiLanguage.org,https://sindhilanguage.org/,Amar Fayaz Buriro (امر فياض ٻرڙو),Appeal (v),Appeal (v),HEADWORD_WITH_LABEL,appeal,HEADWORD_VARIANT_SAME_SINDHI,2
slx_4f418ba261f809b0,43366,Approach (v),,,English → Sindhi,ويجهو اچڻ، عرض ڪرڻ,english,English → Sindhi,approach v,ويجهو اچڻ عرض ڪرڻ,,SindhiLanguage.org,https://sindhilanguage.org/,Amar Fayaz Buriro (امر فياض ٻرڙو),Approach (v),Approach (v),HEADWORD_WITH_LABEL,approach,HEADWORD_VARIANT_SAME_SINDHI,2
slx_a87603ab19db6c89,43367,Approach (n),,,English → Sindhi,رسائي، پهچ، لنگهه,english,English → Sindhi,approach n,رسائي پهچ لنگهه,,SindhiLanguage.org,https://sindhilanguage.org/,Amar Fayaz Buriro (امر فياض ٻرڙو),Approach (n),Approach (n),HEADWORD_WITH_LABEL,approach,HEADWORD_VARIANT_SAME_SINDHI,2
slx_aeffe90f96aed509,43537,As well as,,,English → Sindhi,پڻ، خواه، توڙي,english,English → Sindhi,as well as,پڻ خواه توڙي,,SindhiLanguage.org,https://sindhilanguage.org/,Amar Fayaz Buriro (امر فياض ٻرڙو),As well as,As well as,ORDINARY_HEADWORD,as well as,SAME_SOURCE_HEADWORD_MULTIPLE_ROWS,2
slx_13b9b71477f90717,63182,As well as,,,English → Sindhi,پڻ، توڙي، ۽,english,English → Sindhi,as well as,پڻ توڙي,,SindhiLanguage.org,https://sindhilanguage.org/,Amar Fayaz Buriro (امر فياض ٻرڙو),As well as,As well as,ORDINARY_HEADWORD,as well as,SAME_SOURCE_HEADWORD_MULTIPLE_ROWS,2
slx_bf0c94e067dc7093,43571,Bolt (n),,,English → Sindhi,تير، بجلي، وڄ، در جي تاڙي يا ڪڙو,english,English → Sindhi,bolt n,تير بجلي وڄ در جي تاڙي يا ڪڙو,,SindhiLanguage.org,https://sindhilanguage.org/,Amar Fayaz Buriro (امر فياض ٻرڙو),Bolt (n),Bolt (n),HEADWORD_WITH_LABEL,bolt,HEADWORD_VARIANT_SAME_SINDHI,2
slx_b288c7b578b28b56,43572,Bolt (v),,,English → Sindhi,اُٿي ڀڄڻ، تاڙي يا ڪڙو پائڻ,english,English → Sindhi,bolt v,اٿي ڀڄڻ تاڙي يا ڪڙو پائڻ,,SindhiLanguage.org,https://sindhilanguage.org/,Amar Fayaz Buriro (امر فياض ٻرڙو),Bolt (v),Bolt (v),HEADWORD_WITH_LABEL,bolt,HEADWORD_VARIANT_SAME_SINDHI,2
slx_db55c69d4bfdf254,43616,Bore (n),,,English → Sindhi,سوراخ، ڪڪ ڪندڙ، دق ڪندڙ، بندوق جي نالي,english,English → Sindhi,bore n,سوراخ ڪڪ ڪندڙ دق ڪندڙ بندوق جي نالي,,SindhiLanguage.org,https://sindhilanguage.org/,Amar Fayaz Buriro (امر فياض ٻرڙو),Bore (n),Bore (n),HEADWORD_WITH_LABEL,bore,HEADWORD_VARIANT_SAME_SINDHI,2
slx_c184da64e14e3e26,43617,Bore (v),,,English → Sindhi,سوراخ ڪرڻ، تنگ ڪرڻ، دق ڪرڻ,english,English → Sindhi,bore v,سوراخ ڪرڻ تنگ ڪرڻ دق ڪرڻ,,SindhiLanguage.org,https://sindhilanguage.org/,Amar Fayaz Buriro (امر فياض ٻرڙو),Bore (v),Bore (v),HEADWORD_WITH_LABEL,bore,HEADWORD_VARIANT_SAME_SINDHI,2
slx_4681101f0f00aacc,43941,Back (n),,,English → Sindhi,پُٺ، پُٺا، پُشت,english,English → Sindhi,back n,پٺ پٺا پشت,,SindhiLanguage.org,https://sindhilanguage.org/,Amar Fayaz Buriro (امر فياض ٻرڙو),Back (n),Back (n),HEADWORD_WITH_LABEL,back,HEADWORD_VARIANT_SAME_SINDHI,2
slx_41b13ae828663edf,43942,Back (v),,,English → Sindhi,پوئتي هٽڻ، مدد ڪرڻ، پٺ ڀرائي ڪرڻ,english,English → Sindhi,back v,پوئتي هٽڻ مدد ڪرڻ پٺ ڀرائي ڪرڻ,,SindhiLanguage.org,https://sindhilanguage.org/,Amar Fayaz Buriro (امر فياض ٻرڙو),Back (v),Back (v),HEADWORD_WITH_LABEL,back,HEADWORD_VARIANT_SAME_SINDHI,2
slx_1942433fe6639be4,43969,Bail (n),,,English → Sindhi,بالٽي، ڏول,english,English → Sindhi,bail n,بالٽي ڏول,,SindhiLanguage.org,https://sindhilanguage.org/,Amar Fayaz Buriro (امر فياض ٻرڙو),Bail (n),Bail (n),HEADWORD_WITH_LABEL,bail,HEADWORD_VARIANT_SAME_SINDHI,2
slx_bb4b017f79ff200d,43970,Bail (v),,,English → Sindhi,ضمانت، ضمانت تي آزاد ڪرڻ,english,English → Sindhi,bail v,ضمانت ضمانت تي آزاد ڪرڻ,,SindhiLanguage.org,https://sindhilanguage.org/,Amar Fayaz Buriro (امر فياض ٻرڙو),Bail (v),Bail (v),HEADWORD_WITH_LABEL,bail,HEADWORD_VARIANT_SAME_SINDHI,2
slx_3117ec60b0f80f03,43978,Balance (n),,,English → Sindhi,توازن، تور، بقايا ، تارازي، برابري,english,English → Sindhi,balance n,توازن تور بقايا تارازي برابري,,SindhiLanguage.org,https://sindhilanguage.org/,Amar Fayaz Buriro (امر فياض ٻرڙو),Balance (n),Balance (n),HEADWORD_WITH_LABEL,balance,HEADWORD_VARIANT_SAME_SINDHI,2
slx_8cfd65e88dd73b54,43979,Balance (v),,,English → Sindhi,تورڻ، هموزن ڪرڻ، برابر ڪرڻ,english,English → Sindhi,balance v,تورڻ هموزن ڪرڻ برابر ڪرڻ,,SindhiLanguage.org,https://sindhilanguage.org/,Amar Fayaz Buriro (امر فياض ٻرڙو),Balance (v),Balance (v),HEADWORD_WITH_LABEL,balance,HEADWORD_VARIANT_SAME_SINDHI,2
slx_a71d14feb31f70bf,43985,Balk (n),,,English → Sindhi,ٺوڪر، رنڊڪ، نااميدي,english,English → Sindhi,balk n,ٺوڪر رنڊڪ نااميدي,,SindhiLanguage.org,https://sindhilanguage.org/,Amar Fayaz Buriro (امر فياض ٻرڙو),Balk (n),Balk (n),HEADWORD_WITH_LABEL,balk,HEADWORD_VARIANT_SAME_SINDHI,2
slx_889fe54542f6e36c,43986,Balk (v),,,English → Sindhi,ٺوڪر هڻڻ، رنڊائڻ,english,English → Sindhi,balk v,ٺوڪر هڻڻ رنڊائڻ,,SindhiLanguage.org,https://sindhilanguage.org/,Amar Fayaz Buriro (امر فياض ٻرڙو),Balk (v),Balk (v),HEADWORD_WITH_LABEL,balk,HEADWORD_VARIANT_SAME_SINDHI,2
slx_7c439c30f94eeaee,44013,Bang (n),,,English → Sindhi,ٺڪاءُ، ڀڙڪو، بندوق جو آواز، ٺؤنشو,english,English → Sindhi,bang n,ٺڪاء ڀڙڪو بندوق جو آواز ٺؤنشو,,SindhiLanguage.org,https://sindhilanguage.org/,Amar Fayaz Buriro (امر فياض ٻرڙو),Bang (n),Bang (n),HEADWORD_WITH_LABEL,bang,HEADWORD_VARIANT_SAME_SINDHI,2
slx_e3ff8f7b932fe10c,44014,Bang (v),,,English → Sindhi,ٺوڪڻ، زور سان بند ڪرڻ,english,English → Sindhi,bang v,ٺوڪڻ زور سان بند ڪرڻ,,SindhiLanguage.org,https://sindhilanguage.org/,Amar Fayaz Buriro (امر فياض ٻرڙو),Bang (v),Bang (v),HEADWORD_WITH_LABEL,bang,HEADWORD_VARIANT_SAME_SINDHI,2
slx_8c6ee212722e30da,44049,Bark (n),,,English → Sindhi,ڀؤنڪ (ڪتي جي)، ڇوڏو، ننڍو جهاز,english,English → Sindhi,bark n,ڀؤنڪ ڪتي جي ڇوڏو ننڍو جهاز,,SindhiLanguage.org,https://sindhilanguage.org/,Amar Fayaz Buriro (امر فياض ٻرڙو),Bark (n),Bark (n),HEADWORD_WITH_LABEL,bark,HEADWORD_VARIANT_SAME_SINDHI,2
slx_dfcc642018bfd9c4,44050,Bark (v),,,English → Sindhi,ڀؤنڪڻ، ڇوڏو لاهڻ,english,English → Sindhi,bark v,ڀؤنڪڻ ڇوڏو لاهڻ,,SindhiLanguage.org,https://sindhilanguage.org/,Amar Fayaz Buriro (امر فياض ٻرڙو),Bark (v),Bark (v),HEADWORD_WITH_LABEL,bark,HEADWORD_VARIANT_SAME_SINDHI,2
slx_0bb1bc2bb916e0a6,44069,Base (n),,,English → Sindhi,ترو، بنياد، پايو,english,English → Sindhi,base n,ترو بنياد پايو,,SindhiLanguage.org,https://sindhilanguage.org/,Amar Fayaz Buriro (امر فياض ٻرڙو),Base (n),Base (n),HEADWORD_WITH_LABEL,base,HEADWORD_VARIANT_SAME_SINDHI,2
slx_5ace628a8b13e254,44070,Base (adj),,,English → Sindhi,گهٽ، ڪم، ڪمينو، نڪمو، کوٽو، نيچ,english,English → Sindhi,base adj,گهٽ ڪم ڪمينو نڪمو کوٽو نيچ,,SindhiLanguage.org,https://sindhilanguage.org/,Amar Fayaz Buriro (امر فياض ٻرڙو),Base (adj),Base (adj),HEADWORD_WITH_LABEL,base,HEADWORD_VARIANT_SAME_SINDHI,2
slx_14d5e27bf305b614,44119,Beam (n),,,English → Sindhi,شهتير، تير، ساهميءَ جو ڏنڊو، ترورو، شعاع,english,English → Sindhi,beam n,شهتير تير ساهميء جو ڏنڊو ترورو شعاع,,SindhiLanguage.org,https://sindhilanguage.org/,Amar Fayaz Buriro (امر فياض ٻرڙو),Beam (n),Beam (n),HEADWORD_WITH_LABEL,beam,HEADWORD_VARIANT_SAME_SINDHI,2
slx_6804338586186a59,44120,Beam (v),,,English → Sindhi,چمڪڻ، ٽمڪڻ، ٻهڪڻ,english,English → Sindhi,beam v,چمڪڻ ٽمڪڻ ٻهڪڻ,,SindhiLanguage.org,https://sindhilanguage.org/,Amar Fayaz Buriro (امر فياض ٻرڙو),Beam (v),Beam (v),HEADWORD_WITH_LABEL,beam,HEADWORD_VARIANT_SAME_SINDHI,2
slx_0b1c33cc9506b72c,44124,Bear (n),,,English → Sindhi,رڇ,english,English → Sindhi,bear n,رڇ,,SindhiLanguage.org,https://sindhilanguage.org/,Amar Fayaz Buriro (امر فياض ٻرڙو),Bear (n),Bear (n),HEADWORD_WITH_LABEL,bear,HEADWORD_VARIANT_SAME_SINDHI,2
slx_6afadee2c511c012,44125,Bear (v),,,English → Sindhi,سهڻ، برداشت ڪرڻ، کڻڻ، جهلڻ، ڄڻڻ، ادا ڪرڻ,english,English → Sindhi,bear v,سهڻ برداشت ڪرڻ کڻڻ جهلڻ ڄڻڻ ادا ڪرڻ,,SindhiLanguage.org,https://sindhilanguage.org/,Amar Fayaz Buriro (امر فياض ٻرڙو),Bear (v),Bear (v),HEADWORD_WITH_LABEL,bear,HEADWORD_VARIANT_SAME_SINDHI,2
slx_da77df1b5f717bcb,44218,Bell (n),,,English → Sindhi,گهنڊ، گهنڊڻي، گهنگهرو,english,English → Sindhi,bell n,گهنڊ گهنڊڻي گهنگهرو,,SindhiLanguage.org,https://sindhilanguage.org/,Amar Fayaz Buriro (امر فياض ٻرڙو),Bell (n),Bell (n),HEADWORD_WITH_LABEL,bell,HEADWORD_VARIANT_SAME_SINDHI,2
slx_999639dcf060964f,44219,Bell (v),,,English → Sindhi,گهنڊ وڄائڻ، گلي ۾ گهنڊڻي ٻڌڻ,english,English → Sindhi,bell v,گهنڊ وڄائڻ گلي گهنڊڻي ٻڌڻ,,SindhiLanguage.org,https://sindhilanguage.org/,Amar Fayaz Buriro (امر فياض ٻرڙو),Bell (v),Bell (v),HEADWORD_WITH_LABEL,bell,HEADWORD_VARIANT_SAME_SINDHI,2
slx_e8f0ad124fe308b5,44442,Bleak,,,English → Sindhi,سنسان، ويران، سڃو، سرد,english,English → Sindhi,bleak,سنسان ويران سڃو سرد,,SindhiLanguage.org,https://sindhilanguage.org/,Amar Fayaz Buriro (امر فياض ٻرڙو),Bleak,Bleak,ORDINARY_HEADWORD,bleak,SAME_SOURCE_HEADWORD_MULTIPLE_ROWS,2
slx_d868e44a551e1e38,44443,Bleak,,,English → Sindhi,هڪ قسم جي نديءَ جي ننڍي اڇي مڇي,english,English → Sindhi,bleak,هڪ قسم جي نديء جي ننڍي اڇي مڇي,,SindhiLanguage.org,https://sindhilanguage.org/,Amar Fayaz Buriro (امر فياض ٻرڙو),Bleak,Bleak,ORDINARY_HEADWORD,bleak,SAME_SOURCE_HEADWORD_MULTIPLE_ROWS,2
slx_f9ba482d3d30dfa4,44475,Block (n),,,English → Sindhi,ٽڪر، اڙ، روڪ، بند، رنڊڪ، ڇاپ، ڪارب، گهرن جي قطار,english,English → Sindhi,block n,ٽڪر اڙ روڪ بند رنڊڪ ڇاپ ڪارب گهرن جي قطار,,SindhiLanguage.org,https://sindhilanguage.org/,Amar Fayaz Buriro (امر فياض ٻرڙو),Block (n),Block (n),HEADWORD_WITH_LABEL,block,HEADWORD_VARIANT_SAME_SINDHI,2
slx_f4002a3796101a3c,44476,Block (v),,,English → Sindhi,رنڊائڻ، روڪڻ، بند ڪرڻ,english,English → Sindhi,block v,رنڊائڻ روڪڻ بند ڪرڻ,,SindhiLanguage.org,https://sindhilanguage.org/,Amar Fayaz Buriro (امر فياض ٻرڙو),Block (v),Block (v),HEADWORD_WITH_LABEL,block,HEADWORD_VARIANT_SAME_SINDHI,2
slx_9e496ec1ccbc9ddb,44496,Blow (n),,,English → Sindhi,ٺونشو، مڪ، صدمو، هوا جو جهوٽو، ڦوڪ,english,English → Sindhi,blow n,ٺونشو مڪ صدمو هوا جو جهوٽو ڦوڪ,,SindhiLanguage.org,https://sindhilanguage.org/,Amar Fayaz Buriro (امر فياض ٻرڙو),Blow (n),Blow (n),HEADWORD_WITH_LABEL,blow,HEADWORD_VARIANT_SAME_SINDHI,2
slx_ee6b8c7063d262c0,44497,Blow (v),,,English → Sindhi,هوا ڏيڻ، ڦوڪ ڏيڻ,english,English → Sindhi,blow v,هوا ڏيڻ ڦوڪ ڏيڻ,,SindhiLanguage.org,https://sindhilanguage.org/,Amar Fayaz Buriro (امر فياض ٻرڙو),Blow (v),Blow (v),HEADWORD_WITH_LABEL,blow,HEADWORD_VARIANT_SAME_SINDHI,2
slx_78df48a72d98f63a,44505,Blunder (n),,,English → Sindhi,وڏي خطا، غلطي، چوڪ,english,English → Sindhi,blunder n,وڏي خطا غلطي چوڪ,,SindhiLanguage.org,https://sindhilanguage.org/,Amar Fayaz Buriro (امر فياض ٻرڙو),Blunder (n),Blunder (n),HEADWORD_WITH_LABEL,blunder,HEADWORD_VARIANT_SAME_SINDHI,2
slx_cfee9ca42adb758d,44506,Blunder (v),,,English → Sindhi,خطا ڪرڻ، وڏي چوڪ ڪرڻ، انڌو ٿي هلڻ,english,English → Sindhi,blunder v,خطا ڪرڻ وڏي چوڪ ڪرڻ انڌو ٿي هلڻ,,SindhiLanguage.org,https://sindhilanguage.org/,Amar Fayaz Buriro (امر فياض ٻرڙو),Blunder (v),Blunder (v),HEADWORD_WITH_LABEL,blunder,HEADWORD_VARIANT_SAME_SINDHI,2
slx_9e2b1d4964c128dc,44513,Blur (n),,,English → Sindhi,داغ، ٽڪو يا نشان,english,English → Sindhi,blur n,داغ ٽڪو يا نشان,,SindhiLanguage.org,https://sindhilanguage.org/,Amar Fayaz Buriro (امر فياض ٻرڙو),Blur (n),Blur (n),HEADWORD_WITH_LABEL,blur,HEADWORD_VARIANT_SAME_SINDHI,2
slx_438e7de1505ddf7f,44514,Blur (v),,,English → Sindhi,داغ هڻڻ يا ڪرڻ، بگاڙڻ، جهڪو ڪرڻ,english,English → Sindhi,blur v,داغ هڻڻ يا ڪرڻ بگاڙڻ جهڪو ڪرڻ,,SindhiLanguage.org,https://sindhilanguage.org/,Amar Fayaz Buriro (امر فياض ٻرڙو),Blur (v),Blur (v),HEADWORD_WITH_LABEL,blur,HEADWORD_VARIANT_SAME_SINDHI,2
slx_5d3df8a893b81ab1,44516,Blush (n),,,English → Sindhi,لالائي، لڄ، شرمساري,english,English → Sindhi,blush n,لالائي لڄ شرمساري,,SindhiLanguage.org,https://sindhilanguage.org/,Amar Fayaz Buriro (امر فياض ٻرڙو),Blush (n),Blush (n),HEADWORD_WITH_LABEL,blush,HEADWORD_VARIANT_SAME_SINDHI,2
slx_a4dafcec5f22a5eb,44517,Blush (v),,,English → Sindhi,شرمسار ٿيڻ، لڄي ٿيڻ,english,English → Sindhi,blush v,شرمسار ٿيڻ لڄي ٿيڻ,,SindhiLanguage.org,https://sindhilanguage.org/,Amar Fayaz Buriro (امر فياض ٻرڙو),Blush (v),Blush (v),HEADWORD_WITH_LABEL,blush,HEADWORD_VARIANT_SAME_SINDHI,2
slx_bb855fd3e7fda45f,44523,Board (n),,,English → Sindhi,کاڌو، اجلاس، جماعت، جهاز جو تختو، تختو، ميز، خوراڪ,english,English → Sindhi,board n,کاڌو اجلاس جماعت جهاز جو تختو تختو ميز خوراڪ,,SindhiLanguage.org,https://sindhilanguage.org/,Amar Fayaz Buriro (امر فياض ٻرڙو),Board (n),Board (n),HEADWORD_WITH_LABEL,board,HEADWORD_VARIANT_SAME_SINDHI,2
slx_b1fb6e7f8108d4c7,44524,Board (v),,,English → Sindhi,جهاز تي زوريءَ چڙهڻ، تختو لڳائڻ,english,English → Sindhi,board v,جهاز تي زوريء چڙهڻ تختو لڳائڻ,,SindhiLanguage.org,https://sindhilanguage.org/,Amar Fayaz Buriro (امر فياض ٻرڙو),Board (v),Board (v),HEADWORD_WITH_LABEL,board,HEADWORD_VARIANT_SAME_SINDHI,2
slx_c9b5e446fbb74ace,44566,Bow (n),,,English → Sindhi,ڪمان، کنوڻ، ڪورنش,english,English → Sindhi,bow n,ڪمان کنوڻ ڪورنش,,SindhiLanguage.org,https://sindhilanguage.org/,Amar Fayaz Buriro (امر فياض ٻرڙو),Bow (n),Bow (n),HEADWORD_WITH_LABEL,bow,HEADWORD_VARIANT_SAME_SINDHI,2
slx_e1abd0133eba43d4,44567,Bow (v),,,English → Sindhi,جهڪڻ، مطيع ڪرڻ، زير ڪرڻ، نمڻ، سر جهڪائي، سلام ڪرڻ,english,English → Sindhi,bow v,جهڪڻ مطيع ڪرڻ زير ڪرڻ نمڻ سر جهڪائي سلام ڪرڻ,,SindhiLanguage.org,https://sindhilanguage.org/,Amar Fayaz Buriro (امر فياض ٻرڙو),Bow (v),Bow (v),HEADWORD_WITH_LABEL,bow,HEADWORD_VARIANT_SAME_SINDHI,2
slx_864d3007f8ea827b,44574,Box,,,English → Sindhi,صندوق، دٻو، پيتي، گاڏي هڪليندڙ جي گادي,english,English → Sindhi,box,صندوق دٻو پيتي گاڏي هڪليندڙ جي گادي,,SindhiLanguage.org,https://sindhilanguage.org/,Amar Fayaz Buriro (امر فياض ٻرڙو),Box,Box,ORDINARY_HEADWORD,box,SAME_SOURCE_HEADWORD_MULTIPLE_ROWS,2
slx_8f322afca68c5015,44575,Box,,,English → Sindhi,ٺؤنشو، مڪ,english,English → Sindhi,box,ٺؤنشو مڪ,,SindhiLanguage.org,https://sindhilanguage.org/,Amar Fayaz Buriro (امر فياض ٻرڙو),Box,Box,ORDINARY_HEADWORD,box,SAME_SOURCE_HEADWORD_MULTIPLE_ROWS,2
slx_1b818c6064231626,44593,Brake,,,English → Sindhi,ٿورو يا سنهو جهنگ,english,English → Sindhi,brake,ٿورو يا سنهو جهنگ,,SindhiLanguage.org,https://sindhilanguage.org/,Amar Fayaz Buriro (امر فياض ٻرڙو),Brake,Brake,ORDINARY_HEADWORD,brake,SAME_SOURCE_HEADWORD_MULTIPLE_ROWS,2
slx_c1471451a18f6702,44594,Brake,,,English → Sindhi,بريڪ، چال روڪيندڙ اوزار، اُن صاف ڪرڻ جو اوازار,english,English → Sindhi,brake,بريڪ چال روڪيندڙ اوزار ان صاف ڪرڻ جو اوازار,,SindhiLanguage.org,https://sindhilanguage.org/,Amar Fayaz Buriro (امر فياض ٻرڙو),Brake,Brake,ORDINARY_HEADWORD,brake,SAME_SOURCE_HEADWORD_MULTIPLE_ROWS,2
slx_511eec17065ef732,44614,Bravo,,,English → Sindhi,شاباس! واه واه!,english,English → Sindhi,bravo,شاباس واه واه,,SindhiLanguage.org,https://sindhilanguage.org/,Amar Fayaz Buriro (امر فياض ٻرڙو),Bravo,Bravo,ORDINARY_HEADWORD,bravo,SAME_SOURCE_HEADWORD_MULTIPLE_ROWS,2
slx_e43f3491d5e665d0,44615,Bravo,,,English → Sindhi,لڪل قاتل (لبيل قاتل),english,English → Sindhi,bravo,لڪل قاتل لبيل قاتل,,SindhiLanguage.org,https://sindhilanguage.org/,Amar Fayaz Buriro (امر فياض ٻرڙو),Bravo,Bravo,ORDINARY_HEADWORD,bravo,SAME_SOURCE_HEADWORD_MULTIPLE_ROWS,2
slx_0224655386651e90,44628,Break (v),,,English → Sindhi,ٽڪرائڻ، خلاف ورزي ڪرڻ، ڏيوالو ڪڍڻ، ڀڃڻ، ٽوڙڻ,english,English → Sindhi,break v,ٽڪرائڻ خلاف ورزي ڪرڻ ڏيوالو ڪڍڻ ڀڃڻ ٽوڙڻ,,SindhiLanguage.org,https://sindhilanguage.org/,Amar Fayaz Buriro (امر فياض ٻرڙو),Break (v),Break (v),HEADWORD_WITH_LABEL,break,HEADWORD_VARIANT_SAME_SINDHI,2
slx_632c0b64d1545574,44629,Break (n),,,English → Sindhi,خالي جاءِ، ڦوٽ، ناغو، ڦاٽ,english,English → Sindhi,break n,خالي جاء ڦوٽ ناغو ڦاٽ,,SindhiLanguage.org,https://sindhilanguage.org/,Amar Fayaz Buriro (امر فياض ٻرڙو),Break (n),Break (n),HEADWORD_WITH_LABEL,break,HEADWORD_VARIANT_SAME_SINDHI,2
slx_2e9ee225cfe05e19,44640,Breed (n),,,English → Sindhi,نسل، ذات، قسم,english,English → Sindhi,breed n,نسل ذات قسم,,SindhiLanguage.org,https://sindhilanguage.org/,Amar Fayaz Buriro (امر فياض ٻرڙو),Breed (n),Breed (n),HEADWORD_WITH_LABEL,breed,HEADWORD_VARIANT_SAME_SINDHI,2
slx_d09a102e14592937,44641,Breed (v),,,English → Sindhi,پالڻ، نپائڻ، پرورش ڪرڻ، پيدا ڪرڻ، ڄڻڻ,english,English → Sindhi,breed v,پالڻ نپائڻ پرورش ڪرڻ پيدا ڪرڻ ڄڻڻ,,SindhiLanguage.org,https://sindhilanguage.org/,Amar Fayaz Buriro (امر فياض ٻرڙو),Breed (v),Breed (v),HEADWORD_WITH_LABEL,breed,HEADWORD_VARIANT_SAME_SINDHI,2
slx_7ee372ccf9d6b06f,44653,Bribe (n),,,English → Sindhi,رشوت، لب,english,English → Sindhi,bribe n,رشوت لب,,SindhiLanguage.org,https://sindhilanguage.org/,Amar Fayaz Buriro (امر فياض ٻرڙو),Bribe (n),Bribe (n),HEADWORD_WITH_LABEL,bribe,HEADWORD_VARIANT_SAME_SINDHI,2
slx_8c2f2645652b5550,44654,Bribe (v),,,English → Sindhi,رشوت ڏيڻ، لبڻ,english,English → Sindhi,bribe v,رشوت ڏيڻ لبڻ,,SindhiLanguage.org,https://sindhilanguage.org/,Amar Fayaz Buriro (امر فياض ٻرڙو),Bribe (v),Bribe (v),HEADWORD_WITH_LABEL,bribe,HEADWORD_VARIANT_SAME_SINDHI,2
slx_d8ef6c7e0ec1183d,44691,Bristle (v),,,English → Sindhi,ڪاوڙجڻ، وار کڙا ڪرڻ، ڪانڊارجڻ,english,English → Sindhi,bristle v,ڪاوڙجڻ وار کڙا ڪرڻ ڪانڊارجڻ,,SindhiLanguage.org,https://sindhilanguage.org/,Amar Fayaz Buriro (امر فياض ٻرڙو),Bristle (v),Bristle (v),HEADWORD_WITH_LABEL,bristle,HEADWORD_VARIANT_SAME_SINDHI,2
slx_124c90d77fd141a2,44692,Bristle (n),,,English → Sindhi,سوئر جا وار، کڙا وار,english,English → Sindhi,bristle n,سوئر جا وار کڙا وار,,SindhiLanguage.org,https://sindhilanguage.org/,Amar Fayaz Buriro (امر فياض ٻرڙو),Bristle (n),Bristle (n),HEADWORD_WITH_LABEL,bristle,HEADWORD_VARIANT_SAME_SINDHI,2
slx_831ca90631d77fe8,44704,Broil (n),,,English → Sindhi,جهڳڙو، دنگو، ڀڳل گوشت,english,English → Sindhi,broil n,جهڳڙو دنگو ڀڳل گوشت,,SindhiLanguage.org,https://sindhilanguage.org/,Amar Fayaz Buriro (امر فياض ٻرڙو),Broil (n),Broil (n),HEADWORD_WITH_LABEL,broil,HEADWORD_VARIANT_SAME_SINDHI,2
slx_5b02de1a1ba72084,44705,Broil (v),,,English → Sindhi,پچڻ، پچائڻ، سڙڻ,english,English → Sindhi,broil v,پچڻ پچائڻ سڙڻ,,SindhiLanguage.org,https://sindhilanguage.org/,Amar Fayaz Buriro (امر فياض ٻرڙو),Broil (v),Broil (v),HEADWORD_WITH_LABEL,broil,HEADWORD_VARIANT_SAME_SINDHI,2
slx_21d4a08cd5298d8e,44717,Brook,,,English → Sindhi,واهي، ننڍي ندي، نالي، نهر,english,English → Sindhi,brook,واهي ننڍي ندي نالي نهر,,SindhiLanguage.org,https://sindhilanguage.org/,Amar Fayaz Buriro (امر فياض ٻرڙو),Brook,Brook,ORDINARY_HEADWORD,brook,SAME_SOURCE_HEADWORD_MULTIPLE_ROWS,2
slx_816cd48698d71999,44718,Brook,,,English → Sindhi,برداشت ڪرڻ، سهڻ,english,English → Sindhi,brook,برداشت ڪرڻ سهڻ,,SindhiLanguage.org,https://sindhilanguage.org/,Amar Fayaz Buriro (امر فياض ٻرڙو),Brook,Brook,ORDINARY_HEADWORD,brook,SAME_SOURCE_HEADWORD_MULTIPLE_ROWS,2
slx_546a9cd3398f3e74,44742,Brush (n),,,English → Sindhi,برش، (وارن جو) قلم، ٻُهاري,english,English → Sindhi,brush n,برش وارن جو قلم ٻهاري,,SindhiLanguage.org,https://sindhilanguage.org/,Amar Fayaz Buriro (امر فياض ٻرڙو),Brush (n),Brush (n),HEADWORD_WITH_LABEL,brush,HEADWORD_VARIANT_SAME_SINDHI,2
slx_f77b60e963adf9e9,44743,Brush (v),,,English → Sindhi,ٻهاري ڏيڻ، صاف ڪرڻ، چمڪائڻ,english,English → Sindhi,brush v,ٻهاري ڏيڻ صاف ڪرڻ چمڪائڻ,,SindhiLanguage.org,https://sindhilanguage.org/,Amar Fayaz Buriro (امر فياض ٻرڙو),Brush (v),Brush (v),HEADWORD_WITH_LABEL,brush,HEADWORD_VARIANT_SAME_SINDHI,2
slx_1c647ba307606016,44851,Bustle (n),,,English → Sindhi,گوڙ، هل، لڙ,english,English → Sindhi,bustle n,گوڙ هل لڙ,,SindhiLanguage.org,https://sindhilanguage.org/,Amar Fayaz Buriro (امر فياض ٻرڙو),Bustle (n),Bustle (n),HEADWORD_WITH_LABEL,bustle,HEADWORD_VARIANT_SAME_SINDHI,2
slx_c73538aae6d72c32,44852,Bustle (v),,,English → Sindhi,گوڙ ڪرڻ، هل ڪرڻ,english,English → Sindhi,bustle v,گوڙ ڪرڻ هل ڪرڻ,,SindhiLanguage.org,https://sindhilanguage.org/,Amar Fayaz Buriro (امر فياض ٻرڙو),Bustle (v),Bustle (v),HEADWORD_WITH_LABEL,bustle,HEADWORD_VARIANT_SAME_SINDHI,2
slx_3a987b317e3a3e52,44977,Can,,,English → Sindhi,دٻي، دٻو، ٽڀو,english,English → Sindhi,can,دٻي دٻو ٽڀو,,SindhiLanguage.org,https://sindhilanguage.org/,Amar Fayaz Buriro (امر فياض ٻرڙو),Can,Can,ORDINARY_HEADWORD,can,SAME_SOURCE_HEADWORD_MULTIPLE_ROWS,2
slx_601ddb6cbc9081da,44978,Can,,,English → Sindhi,سُگهڻ، لائق، هجڻ، طاقت رکڻ,english,English → Sindhi,can,سگهڻ لائق هجڻ طاقت رکڻ,,SindhiLanguage.org,https://sindhilanguage.org/,Amar Fayaz Buriro (امر فياض ٻرڙو),Can,Can,ORDINARY_HEADWORD,can,SAME_SOURCE_HEADWORD_MULTIPLE_ROWS,2
slx_f673ab24ea20452a,45040,Capital,,,English → Sindhi,تخت گاهه، گاديءَ جو هنڌ,english,English → Sindhi,capital,تخت گاهه گاديء جو هنڌ,,SindhiLanguage.org,https://sindhilanguage.org/,Amar Fayaz Buriro (امر فياض ٻرڙو),Capital,Capital,ORDINARY_HEADWORD,capital,SAME_SOURCE_HEADWORD_MULTIPLE_ROWS,2
slx_842ce8dd16a3475f,45041,Capital,,,English → Sindhi,مارڻ جي لائق، مکيه، وڏو، سنگين، عمدو,english,English → Sindhi,capital,مارڻ جي لائق مکيه وڏو سنگين عمدو,,SindhiLanguage.org,https://sindhilanguage.org/,Amar Fayaz Buriro (امر فياض ٻرڙو),Capital,Capital,ORDINARY_HEADWORD,capital,SAME_SOURCE_HEADWORD_MULTIPLE_ROWS,2
slx_b3e14b29eea3696b,45109,Carousol,,,English → Sindhi,مي نوشي، شراب نوشيءَ جي محفل,english,English → Sindhi,carousol,مي نوشي شراب نوشيء جي محفل,,SindhiLanguage.org,https://sindhilanguage.org/,Amar Fayaz Buriro (امر فياض ٻرڙو),Carousol,Carousol,ORDINARY_HEADWORD,carousol,SAME_SOURCE_HEADWORD_MULTIPLE_ROWS,2
slx_a092cb54f5d214ae,45110,Carousol,,,English → Sindhi,گهڻو شراب پيئڻ، نشئي ٿيڻ,english,English → Sindhi,carousol,گهڻو شراب پيئڻ نشئي ٿيڻ,,SindhiLanguage.org,https://sindhilanguage.org/,Amar Fayaz Buriro (امر فياض ٻرڙو),Carousol,Carousol,ORDINARY_HEADWORD,carousol,SAME_SOURCE_HEADWORD_MULTIPLE_ROWS,2
slx_f1be7aa357405c79,45133,Case,,,English → Sindhi,مياڻ، پيٽي، غلاف، ڍڪ، پوش، ٽائيپ رکڻ جو خانو,english,English → Sindhi,case,مياڻ پيٽي غلاف ڍڪ پوش ٽائيپ رکڻ جو خانو,,SindhiLanguage.org,https://sindhilanguage.org/,Amar Fayaz Buriro (امر فياض ٻرڙو),Case,Case,ORDINARY_HEADWORD,case,SAME_SOURCE_HEADWORD_MULTIPLE_ROWS,2
slx_fb5b08e3c4fff889,45134,Case,,,English → Sindhi,ماجرا، مقدمو، حالت، گذارش، بيمار,english,English → Sindhi,case,ماجرا مقدمو حالت گذارش بيمار,,SindhiLanguage.org,https://sindhilanguage.org/,Amar Fayaz Buriro (امر فياض ٻرڙو),Case,Case,ORDINARY_HEADWORD,case,SAME_SOURCE_HEADWORD_MULTIPLE_ROWS,2
slx_8186d200218cb695,45137,Cash,,,English → Sindhi,زر، نقدي، پيسا، روڪڙ,english,English → Sindhi,cash,زر نقدي پيسا روڪڙ,,SindhiLanguage.org,https://sindhilanguage.org/,Amar Fayaz Buriro (امر فياض ٻرڙو),Cash,Cash,ORDINARY_HEADWORD,cash,HEADWORD_VARIANT_SAME_SINDHI,2
slx_af231c9bc853aa18,45138,Cash (v),,,English → Sindhi,پيسن ۾ تبديل ڪرڻ، چيڪ بدلائڻ,english,English → Sindhi,cash v,پيسن تبديل ڪرڻ چيڪ بدلائڻ,,SindhiLanguage.org,https://sindhilanguage.org/,Amar Fayaz Buriro (امر فياض ٻرڙو),Cash (v),Cash (v),HEADWORD_WITH_LABEL,cash,HEADWORD_VARIANT_SAME_SINDHI,2
slx_0edc2416e9ef9a5c,45239,Cement (n),,,English → Sindhi,ڪارو چن يا گچ، سيمينٽ,english,English → Sindhi,cement n,ڪارو چن يا گچ سيمينٽ,,SindhiLanguage.org,https://sindhilanguage.org/,Amar Fayaz Buriro (امر فياض ٻرڙو),Cement (n),Cement (n),HEADWORD_WITH_LABEL,cement,HEADWORD_VARIANT_SAME_SINDHI,2
slx_86aa128d74e2f694,45240,Cement (v),,,English → Sindhi,پيوند ڪرڻ، چنبڙائڻ، ڳنڍڻ (سيمنيٽ سان),english,English → Sindhi,cement v,پيوند ڪرڻ چنبڙائڻ ڳنڍڻ سيمنيٽ سان,,SindhiLanguage.org,https://sindhilanguage.org/,Amar Fayaz Buriro (امر فياض ٻرڙو),Cement (v),Cement (v),HEADWORD_WITH_LABEL,cement,HEADWORD_VARIANT_SAME_SINDHI,2
slx_ff5235fdc9fb3292,45249,Censure,,,English → Sindhi,ملامت، الزام,english,English → Sindhi,censure,ملامت الزام,,SindhiLanguage.org,https://sindhilanguage.org/,Amar Fayaz Buriro (امر فياض ٻرڙو),Censure,Censure,ORDINARY_HEADWORD,censure,HEADWORD_VARIANT_SAME_SINDHI,2
slx_216aa1114a732673,45250,Censure (v),,,English → Sindhi,ملامت ڪرڻ، الزام لڳائڻ، دٻ ڪڍڻ,english,English → Sindhi,censure v,ملامت ڪرڻ الزام لڳائڻ دٻ ڪڍڻ,,SindhiLanguage.org,https://sindhilanguage.org/,Amar Fayaz Buriro (امر فياض ٻرڙو),Censure (v),Censure (v),HEADWORD_WITH_LABEL,censure,HEADWORD_VARIANT_SAME_SINDHI,2
slx_4b569431779a757b,45344,Charge,,,English → Sindhi,سپردگي، حوالو، ذميواري، قيمت، حملو,english,English → Sindhi,charge,سپردگي حوالو ذميواري قيمت حملو,,SindhiLanguage.org,https://sindhilanguage.org/,Amar Fayaz Buriro (امر فياض ٻرڙو),Charge,Charge,ORDINARY_HEADWORD,charge,HEADWORD_VARIANT_SAME_SINDHI,2
slx_9306e75bd40b71f6,45345,Charge (v),,,English → Sindhi,حوالي ڪرڻ، سپرد ڪرڻ، قيمت وٺڻ، حملو ڪرڻ,english,English → Sindhi,charge v,حوالي ڪرڻ سپرد ڪرڻ قيمت وٺڻ حملو ڪرڻ,,SindhiLanguage.org,https://sindhilanguage.org/,Amar Fayaz Buriro (امر فياض ٻرڙو),Charge (v),Charge (v),HEADWORD_WITH_LABEL,charge,HEADWORD_VARIANT_SAME_SINDHI,2
slx_6a24ca6a9a3233ae,45385,Cheer,,,English → Sindhi,مزاج، خوشي، موج، واه واه، ضيافت,english,English → Sindhi,cheer,مزاج خوشي موج واه واه ضيافت,,SindhiLanguage.org,https://sindhilanguage.org/,Amar Fayaz Buriro (امر فياض ٻرڙو),Cheer,Cheer,ORDINARY_HEADWORD,cheer,HEADWORD_VARIANT_SAME_SINDHI,2
slx_57e2ed132a9dae50,45386,Cheer (v),,,English → Sindhi,حوصلو وڌائڻ، دلاسو ڏيڻ، واه واه ڪرڻ، همتائڻ,english,English → Sindhi,cheer v,حوصلو وڌائڻ دلاسو ڏيڻ واه واه ڪرڻ همتائڻ,,SindhiLanguage.org,https://sindhilanguage.org/,Amar Fayaz Buriro (امر فياض ٻرڙو),Cheer (v),Cheer (v),HEADWORD_WITH_LABEL,cheer,HEADWORD_VARIANT_SAME_SINDHI,2
slx_150a5accaecefe87,45558,Claim (n),,,English → Sindhi,حق، دعويٰ، گُهر يا مطالبو,english,English → Sindhi,claim n,حق دعوي گهر يا مطالبو,,SindhiLanguage.org,https://sindhilanguage.org/,Amar Fayaz Buriro (امر فياض ٻرڙو),Claim (n),Claim (n),HEADWORD_WITH_LABEL,claim,HEADWORD_VARIANT_SAME_SINDHI,2
slx_2f45eafa8cf0d363,45559,Claim (v),,,English → Sindhi,حق گهرڻ، دعويٰ ڪرڻ,english,English → Sindhi,claim v,حق گهرڻ دعوي ڪرڻ,,SindhiLanguage.org,https://sindhilanguage.org/,Amar Fayaz Buriro (امر فياض ٻرڙو),Claim (v),Claim (v),HEADWORD_WITH_LABEL,claim,HEADWORD_VARIANT_SAME_SINDHI,2
slx_957c16c896f8c714,45575,Clap (n),,,English → Sindhi,تاڙي، ڪڙڪو، کڙڪو,english,English → Sindhi,clap n,تاڙي ڪڙڪو کڙڪو,,SindhiLanguage.org,https://sindhilanguage.org/,Amar Fayaz Buriro (امر فياض ٻرڙو),Clap (n),Clap (n),HEADWORD_WITH_LABEL,clap,HEADWORD_VARIANT_SAME_SINDHI,2
slx_015c4a98c1f7690c,45576,Clap (v),,,English → Sindhi,ٿڦڙ هڻڻ، تاڙي وڄائڻ، واه واه ڪرڻ,english,English → Sindhi,clap v,ٿڦڙ هڻڻ تاڙي وڄائڻ واه واه ڪرڻ,,SindhiLanguage.org,https://sindhilanguage.org/,Amar Fayaz Buriro (امر فياض ٻرڙو),Clap (v),Clap (v),HEADWORD_WITH_LABEL,clap,HEADWORD_VARIANT_SAME_SINDHI,2
slx_3874f738075ac103,45591,Clatter (n),,,English → Sindhi,کڙ کڙاهٽ، ٽاپ ٽاپ، بڪ بڪ,english,English → Sindhi,clatter n,کڙ کڙاهٽ ٽاپ ٽاپ بڪ بڪ,,SindhiLanguage.org,https://sindhilanguage.org/,Amar Fayaz Buriro (امر فياض ٻرڙو),Clatter (n),Clatter (n),HEADWORD_WITH_LABEL,clatter,HEADWORD_VARIANT_SAME_SINDHI,2
slx_0094848f76791a24,45592,Clatter (v),,,English → Sindhi,کڙ کڙاهٽ ڪرڻ، ٽاپ ٽاپ ڪرڻ، بڪ بڪ ڪرڻ,english,English → Sindhi,clatter v,کڙ کڙاهٽ ڪرڻ ٽاپ ٽاپ ڪرڻ بڪ بڪ ڪرڻ,,SindhiLanguage.org,https://sindhilanguage.org/,Amar Fayaz Buriro (امر فياض ٻرڙو),Clatter (v),Clatter (v),HEADWORD_WITH_LABEL,clatter,HEADWORD_VARIANT_SAME_SINDHI,2
slx_c804f914f8959419,45600,Clean (n),,,English → Sindhi,اُجلو، خالص، صاف، پاڪ، بي عيب، پوتر، بلڪل,english,English → Sindhi,clean n,اجلو خالص صاف پاڪ بي عيب پوتر بلڪل,,SindhiLanguage.org,https://sindhilanguage.org/,Amar Fayaz Buriro (امر فياض ٻرڙو),Clean (n),Clean (n),HEADWORD_WITH_LABEL,clean,HEADWORD_VARIANT_SAME_SINDHI,2
slx_36a13ce7a8a81570,45601,Clean (v),,,English → Sindhi,صاف ڪرڻ,english,English → Sindhi,clean v,صاف ڪرڻ,,SindhiLanguage.org,https://sindhilanguage.org/,Amar Fayaz Buriro (امر فياض ٻرڙو),Clean (v),Clean (v),HEADWORD_WITH_LABEL,clean,HEADWORD_VARIANT_SAME_SINDHI,2
slx_a5e6d4a09ea41a93,45606,Clear (v),,,English → Sindhi,خالي ڪرڻ، صاف ڪرڻ، آزاد ڪرڻ، چمڪائڻ، فائدو حاصل ڪرڻ,english,English → Sindhi,clear v,خالي ڪرڻ صاف ڪرڻ آزاد ڪرڻ چمڪائڻ فائدو حاصل ڪرڻ,,SindhiLanguage.org,https://sindhilanguage.org/,Amar Fayaz Buriro (امر فياض ٻرڙو),Clear (v),Clear (v),HEADWORD_WITH_LABEL,clear,HEADWORD_VARIANT_SAME_SINDHI,2
slx_fe86f9984730b972,45607,Clear (Adj),,,English → Sindhi,صاف، خالي، ظاهر، صافي، بلڪل، شفاف,english,English → Sindhi,clear adj,صاف خالي ظاهر صافي بلڪل شفاف,,SindhiLanguage.org,https://sindhilanguage.org/,Amar Fayaz Buriro (امر فياض ٻرڙو),Clear (Adj),Clear (Adj),HEADWORD_WITH_LABEL,clear,HEADWORD_VARIANT_SAME_SINDHI,2
slx_206b0ccccb02a276,45693,Co,,,English → Sindhi,جماعت، ٽولي,english,English → Sindhi,co,جماعت ٽولي,,SindhiLanguage.org,https://sindhilanguage.org/,Amar Fayaz Buriro (امر فياض ٻرڙو),Co,Co,ORDINARY_HEADWORD,co,SAME_SOURCE_HEADWORD_MULTIPLE_ROWS,2
slx_e2b5df082e3586dc,45694,Co,,,English → Sindhi,ساٿ، گڏ,english,English → Sindhi,co,ساٿ گڏ,,SindhiLanguage.org,https://sindhilanguage.org/,Amar Fayaz Buriro (امر فياض ٻرڙو),Co,Co,ORDINARY_HEADWORD,co,SAME_SOURCE_HEADWORD_MULTIPLE_ROWS,2
slx_2fb7ffdcaff9b34f,45771,Coil (n),,,English → Sindhi,پيچ، ڌاڳي جو گولو يا ڍيري، جنجال,english,English → Sindhi,coil n,پيچ ڌاڳي جو گولو يا ڍيري جنجال,,SindhiLanguage.org,https://sindhilanguage.org/,Amar Fayaz Buriro (امر فياض ٻرڙو),Coil (n),Coil (n),HEADWORD_WITH_LABEL,coil,HEADWORD_VARIANT_SAME_SINDHI,2
slx_6335c2a6e0470436,45772,Coil (v),,,English → Sindhi,ويڙهڻ، لپيٽڻ,english,English → Sindhi,coil v,ويڙهڻ لپيٽڻ,,SindhiLanguage.org,https://sindhilanguage.org/,Amar Fayaz Buriro (امر فياض ٻرڙو),Coil (v),Coil (v),HEADWORD_WITH_LABEL,coil,HEADWORD_VARIANT_SAME_SINDHI,2
slx_3fc9f9df93c4ceaf,45773,Coin (n),,,English → Sindhi,سڪو، ضرب، زر، رپيا,english,English → Sindhi,coin n,سڪو ضرب زر رپيا,,SindhiLanguage.org,https://sindhilanguage.org/,Amar Fayaz Buriro (امر فياض ٻرڙو),Coin (n),Coin (n),HEADWORD_WITH_LABEL,coin,HEADWORD_VARIANT_SAME_SINDHI,2
slx_36658a92b6abce19,45774,Coin (v),,,English → Sindhi,سڪو يا نوٽ ڇاپڻ، کوجنا ڪرڻ,english,English → Sindhi,coin v,سڪو يا نوٽ ڇاپڻ کوجنا ڪرڻ,,SindhiLanguage.org,https://sindhilanguage.org/,Amar Fayaz Buriro (امر فياض ٻرڙو),Coin (v),Coin (v),HEADWORD_WITH_LABEL,coin,HEADWORD_VARIANT_SAME_SINDHI,2
slx_d46fd533759bf9c2,46106,Confident,,,English → Sindhi,رازدار، حال ڀائي، اعتبار جوڳو,english,English → Sindhi,confident,رازدار حال ڀائي اعتبار جوڳو,,SindhiLanguage.org,https://sindhilanguage.org/,Amar Fayaz Buriro (امر فياض ٻرڙو),Confident,Confident,ORDINARY_HEADWORD,confident,SAME_SOURCE_HEADWORD_MULTIPLE_ROWS,2
slx_a57650625b00768a,46109,Confident,,,English → Sindhi,دلير، پوري اعتبار رکڻ وارو,english,English → Sindhi,confident,دلير پوري اعتبار رکڻ وارو,,SindhiLanguage.org,https://sindhilanguage.org/,Amar Fayaz Buriro (امر فياض ٻرڙو),Confident,Confident,ORDINARY_HEADWORD,confident,SAME_SOURCE_HEADWORD_MULTIPLE_ROWS,2
slx_099becddc8a82fe4,46176,Conjunctive,,,English → Sindhi,جڙيل، وصلي,english,English → Sindhi,conjunctive,جڙيل وصلي,,SindhiLanguage.org,https://sindhilanguage.org/,Amar Fayaz Buriro (امر فياض ٻرڙو),Conjunctive,Conjunctive,ORDINARY_HEADWORD,conjunctive,SAME_SOURCE_HEADWORD_MULTIPLE_ROWS,2
slx_9e2a3eccc7591d7d,56016,Conjunctive,,,English → Sindhi,ماضي معطوفي,english,English → Sindhi,conjunctive,ماضي معطوفي,,SindhiLanguage.org,https://sindhilanguage.org/,Amar Fayaz Buriro (امر فياض ٻرڙو),Conjunctive,Conjunctive,ORDINARY_HEADWORD,conjunctive,SAME_SOURCE_HEADWORD_MULTIPLE_ROWS,2
slx_0ee926e6b615ce82,46336,Double,,,English → Sindhi,رياڪاري، مڪاري,english,English → Sindhi,double,رياڪاري مڪاري,,SindhiLanguage.org,https://sindhilanguage.org/,Amar Fayaz Buriro (امر فياض ٻرڙو),Double,Double,ORDINARY_HEADWORD,double,SAME_SOURCE_HEADWORD_MULTIPLE_ROWS,2
slx_8f5a5b3c7803b5ba,47315,Double,,,English → Sindhi,ٻيڻو، ٻٽو، ٻيڻ، ٻيڻو ڪرڻ,english,English → Sindhi,double,ٻيڻو ٻٽو ٻيڻ ٻيڻو ڪرڻ,,SindhiLanguage.org,https://sindhilanguage.org/,Amar Fayaz Buriro (امر فياض ٻرڙو),Double,Double,ORDINARY_HEADWORD,double,SAME_SOURCE_HEADWORD_MULTIPLE_ROWS,2
slx_effec2006d6e907a,46411,Decline (v),,,English → Sindhi,انڪار ڪرڻ، باز رکڻ، پرهيز ڪرڻ، جهڪڻ,english,English → Sindhi,decline v,انڪار ڪرڻ باز رکڻ پرهيز ڪرڻ جهڪڻ,,SindhiLanguage.org,https://sindhilanguage.org/,Amar Fayaz Buriro (امر فياض ٻرڙو),Decline (v),Decline (v),HEADWORD_WITH_LABEL,decline,HEADWORD_VARIANT_SAME_SINDHI,2
slx_3a607cea2dcab5c4,46412,Decline (n),,,English → Sindhi,زوال، پؤڻائي، موڙي، موٽ، سلهه,english,English → Sindhi,decline n,زوال پؤڻائي موڙي موٽ سلهه,,SindhiLanguage.org,https://sindhilanguage.org/,Amar Fayaz Buriro (امر فياض ٻرڙو),Decline (n),Decline (n),HEADWORD_WITH_LABEL,decline,HEADWORD_VARIANT_SAME_SINDHI,2
slx_496d1d6ccd0d00e3,46564,Deluge (n),,,English → Sindhi,حضرت نوح جي وقت ۾ ٿيل طوفان ۽ ٻوڏ,english,English → Sindhi,deluge n,حضرت نوح جي وقت ٿيل طوفان ٻوڏ,,SindhiLanguage.org,https://sindhilanguage.org/,Amar Fayaz Buriro (امر فياض ٻرڙو),Deluge (n),Deluge (n),HEADWORD_WITH_LABEL,deluge,HEADWORD_VARIANT_SAME_SINDHI,2
slx_5c2e69ea6b5e180b,46565,Deluge (v),,,English → Sindhi,غوطا ڏيڻ، ٻوڙڻ، غرق ڪرڻ,english,English → Sindhi,deluge v,غوطا ڏيڻ ٻوڙڻ غرق ڪرڻ,,SindhiLanguage.org,https://sindhilanguage.org/,Amar Fayaz Buriro (امر فياض ٻرڙو),Deluge (v),Deluge (v),HEADWORD_WITH_LABEL,deluge,HEADWORD_VARIANT_SAME_SINDHI,2
slx_529b393acac4afdb,46571,Demand (v),,,English → Sindhi,پڇڻ، گهرڻ، طلب ڪرڻ، دعويٰ ڪرڻ,english,English → Sindhi,demand v,پڇڻ گهرڻ طلب ڪرڻ دعوي ڪرڻ,,SindhiLanguage.org,https://sindhilanguage.org/,Amar Fayaz Buriro (امر فياض ٻرڙو),Demand (v),Demand (v),HEADWORD_WITH_LABEL,demand,HEADWORD_VARIANT_SAME_SINDHI,2
slx_fad50378fe2bd279,46572,Demand (n),,,English → Sindhi,گهر، گهرج، طلب، ڇڪ,english,English → Sindhi,demand n,گهر گهرج طلب ڇڪ,,SindhiLanguage.org,https://sindhilanguage.org/,Amar Fayaz Buriro (امر فياض ٻرڙو),Demand (n),Demand (n),HEADWORD_WITH_LABEL,demand,HEADWORD_VARIANT_SAME_SINDHI,2
slx_29a551ebb6a394d6,46721,Despair (n),,,English → Sindhi,نااميدي، نراسائي,english,English → Sindhi,despair n,نااميدي نراسائي,,SindhiLanguage.org,https://sindhilanguage.org/,Amar Fayaz Buriro (امر فياض ٻرڙو),Despair (n),Despair (n),HEADWORD_WITH_LABEL,despair,HEADWORD_VARIANT_SAME_SINDHI,2
slx_0f295f53ccba15d2,46722,Despair (v),,,English → Sindhi,نااميد ٿيڻ، نراس ٿيڻ,english,English → Sindhi,despair v,نااميد ٿيڻ نراس ٿيڻ,,SindhiLanguage.org,https://sindhilanguage.org/,Amar Fayaz Buriro (امر فياض ٻرڙو),Despair (v),Despair (v),HEADWORD_WITH_LABEL,despair,HEADWORD_VARIANT_SAME_SINDHI,2
slx_0b5843472d436a4b,46787,Develop (v),,,English → Sindhi,کولڻ، آشڪار ڪرڻ، ظاهر ڪرڻ,english,English → Sindhi,develop v,کولڻ آشڪار ڪرڻ ظاهر ڪرڻ,,SindhiLanguage.org,https://sindhilanguage.org/,Amar Fayaz Buriro (امر فياض ٻرڙو),Develop (v),Develop (v),HEADWORD_WITH_LABEL,develop,HEADWORD_VARIANT_SAME_SINDHI,2
slx_6512fd748d495856,46788,Develop,,,English → Sindhi,آهستي آهستي ڏيکائي ڏيڻ، بهار ٿيڻ، ظاهر ٿيڻ,english,English → Sindhi,develop,آهستي آهستي ڏيکائي ڏيڻ بهار ٿيڻ ظاهر ٿيڻ,,SindhiLanguage.org,https://sindhilanguage.org/,Amar Fayaz Buriro (امر فياض ٻرڙو),Develop,Develop,ORDINARY_HEADWORD,develop,HEADWORD_VARIANT_SAME_SINDHI,2
slx_c1787ec47fc83eff,46923,Direct,,,English → Sindhi,سڌو، صاف، کليل، سنئون,english,English → Sindhi,direct,سڌو صاف کليل سنئون,,SindhiLanguage.org,https://sindhilanguage.org/,Amar Fayaz Buriro (امر فياض ٻرڙو),Direct,Direct,ORDINARY_HEADWORD,direct,HEADWORD_VARIANT_SAME_SINDHI,2
slx_0c5c71216d9eb36d,46924,Direct (v),,,English → Sindhi,فرمان ڪرڻ، سڌي رستي تي هلائڻ، هدايت ڏيڻ,english,English → Sindhi,direct v,فرمان ڪرڻ سڌي رستي تي هلائڻ هدايت ڏيڻ,,SindhiLanguage.org,https://sindhilanguage.org/,Amar Fayaz Buriro (امر فياض ٻرڙو),Direct (v),Direct (v),HEADWORD_WITH_LABEL,direct,HEADWORD_VARIANT_SAME_SINDHI,2
slx_79e347d1115beb7b,46980,Discipline,,,English → Sindhi,ادب، ترتيب قاعدو، ضابطو، انتظام,english,English → Sindhi,discipline,ادب ترتيب قاعدو ضابطو انتظام,,SindhiLanguage.org,https://sindhilanguage.org/,Amar Fayaz Buriro (امر فياض ٻرڙو),Discipline,Discipline,ORDINARY_HEADWORD,discipline,HEADWORD_VARIANT_SAME_SINDHI,2
slx_bf4ccda04a77a72c,46981,Discipline (v),,,English → Sindhi,سيکارڻ، ضابطي ۾ رکڻ، قواعد ڪرائڻ,english,English → Sindhi,discipline v,سيکارڻ ضابطي رکڻ قواعد ڪرائڻ,,SindhiLanguage.org,https://sindhilanguage.org/,Amar Fayaz Buriro (امر فياض ٻرڙو),Discipline (v),Discipline (v),HEADWORD_WITH_LABEL,discipline,HEADWORD_VARIANT_SAME_SINDHI,2
slx_fc7871baf036db52,47053,Dishonour,,,English → Sindhi,بد مزاجي، چڙڻو، چڙڻي طبيعت,english,English → Sindhi,dishonour,بد مزاجي چڙڻو چڙڻي طبيعت,,SindhiLanguage.org,https://sindhilanguage.org/,Amar Fayaz Buriro (امر فياض ٻرڙو),Dishonour,Dishonour,ORDINARY_HEADWORD,dishonour,SAME_SOURCE_HEADWORD_MULTIPLE_ROWS,2
slx_c53515c16a06a117,47054,Dishonour,,,English → Sindhi,بي حرمت ڪرڻ، بي آبرو ڪرڻ,english,English → Sindhi,dishonour,بي حرمت ڪرڻ بي آبرو ڪرڻ,,SindhiLanguage.org,https://sindhilanguage.org/,Amar Fayaz Buriro (امر فياض ٻرڙو),Dishonour,Dishonour,ORDINARY_HEADWORD,dishonour,SAME_SOURCE_HEADWORD_MULTIPLE_ROWS,2
slx_c060592dfc48b2cd,47478,Hand,,,English → Sindhi,هٿ، گهڙيال يا واچ جو ڪانٽو، دستڪاري مزور، طرف، قبضو,english,English → Sindhi,hand,هٿ گهڙيال يا واچ جو ڪانٽو دستڪاري مزور طرف قبضو,,SindhiLanguage.org,https://sindhilanguage.org/,Amar Fayaz Buriro (امر فياض ٻرڙو),Hand,Hand,ORDINARY_HEADWORD,hand,SAME_SOURCE_HEADWORD_MULTIPLE_ROWS,3
slx_6df45047c9d12e94,47485,Hand,,,English → Sindhi,ڏيڻ، حوالي ڪرڻ، سونپڻ، اڳواڻي ڪرڻ,english,English → Sindhi,hand,ڏيڻ حوالي ڪرڻ سونپڻ اڳواڻي ڪرڻ,,SindhiLanguage.org,https://sindhilanguage.org/,Amar Fayaz Buriro (امر فياض ٻرڙو),Hand,Hand,ORDINARY_HEADWORD,hand,SAME_SOURCE_HEADWORD_MULTIPLE_ROWS,3
slx_d2481dd7b1e01fca,47486,Hand,,,English → Sindhi,دستڪار، جلدي هٿ هلائيندڙ، واجبي، آرام جهڙو,english,English → Sindhi,hand,دستڪار جلدي هٿ هلائيندڙ واجبي آرام جهڙو,,SindhiLanguage.org,https://sindhilanguage.org/,Amar Fayaz Buriro (امر فياض ٻرڙو),Hand,Hand,ORDINARY_HEADWORD,hand,SAME_SOURCE_HEADWORD_MULTIPLE_ROWS,3
slx_cf71026a3240b3ac,47528,Hardly,,,English → Sindhi,جريت سان، سختيءَ سان,english,English → Sindhi,hardly,جريت سان سختيء سان,,SindhiLanguage.org,https://sindhilanguage.org/,Amar Fayaz Buriro (امر فياض ٻرڙو),Hardly,Hardly,ORDINARY_HEADWORD,hardly,SAME_SOURCE_HEADWORD_MULTIPLE_ROWS,2
slx_1442a7b67a1af077,47530,Hardly,,,English → Sindhi,مس مس، مصيبت، مشڪل سان,english,English → Sindhi,hardly,مس مس مصيبت مشڪل سان,,SindhiLanguage.org,https://sindhilanguage.org/,Amar Fayaz Buriro (امر فياض ٻرڙو),Hardly,Hardly,ORDINARY_HEADWORD,hardly,SAME_SOURCE_HEADWORD_MULTIPLE_ROWS,2
slx_497a07ef87a9d37f,47600,Hazel,,,English → Sindhi,خندق، (ٻوٽو),english,English → Sindhi,hazel,خندق ٻوٽو,,SindhiLanguage.org,https://sindhilanguage.org/,Amar Fayaz Buriro (امر فياض ٻرڙو),Hazel,Hazel,ORDINARY_HEADWORD,hazel,SAME_SOURCE_HEADWORD_MULTIPLE_ROWS,2
slx_3ea12e34f2ea6b28,47601,Hazel,,,English → Sindhi,ڀوري رنگ جو,english,English → Sindhi,hazel,ڀوري رنگ جو,,SindhiLanguage.org,https://sindhilanguage.org/,Amar Fayaz Buriro (امر فياض ٻرڙو),Hazel,Hazel,ORDINARY_HEADWORD,hazel,SAME_SOURCE_HEADWORD_MULTIPLE_ROWS,2
slx_ed19165d931ee47f,47605,Head,,,English → Sindhi,مٿو، سسي، سمجهه، سردار، مکي، باب,english,English → Sindhi,head,مٿو سسي سمجهه سردار مکي باب,,SindhiLanguage.org,https://sindhilanguage.org/,Amar Fayaz Buriro (امر فياض ٻرڙو),Head,Head,ORDINARY_HEADWORD,head,SAME_SOURCE_HEADWORD_MULTIPLE_ROWS,2
slx_284899c26bcae3e0,47606,Head,,,English → Sindhi,اعليٰ، سامهون ٿيڻ، پهريون هئڻ، مٿي,english,English → Sindhi,head,اعلي سامهون ٿيڻ پهريون هئڻ مٿي,,SindhiLanguage.org,https://sindhilanguage.org/,Amar Fayaz Buriro (امر فياض ٻرڙو),Head,Head,ORDINARY_HEADWORD,head,SAME_SOURCE_HEADWORD_MULTIPLE_ROWS,2
slx_90cab14ddaf15598,47622,Health,,,English → Sindhi,تندرستي، صحت، چڱڀلائي، سلامتي,english,English → Sindhi,health,تندرستي صحت چڱڀلائي سلامتي,,SindhiLanguage.org,https://sindhilanguage.org/,Amar Fayaz Buriro (امر فياض ٻرڙو),Health,Health,ORDINARY_HEADWORD,health,SAME_SOURCE_HEADWORD_MULTIPLE_ROWS,2
slx_ffabfdc8e88d6cea,47640,Health,,,English → Sindhi,پوٺو، وڻ جنهن مان ٻهاري ٺهندي آهي,english,English → Sindhi,health,پوٺو وڻ جنهن مان ٻهاري ٺهندي آهي,,SindhiLanguage.org,https://sindhilanguage.org/,Amar Fayaz Buriro (امر فياض ٻرڙو),Health,Health,ORDINARY_HEADWORD,health,SAME_SOURCE_HEADWORD_MULTIPLE_ROWS,2
slx_57ceb481e57bf3a2,47645,Heavenly,,,English → Sindhi,روحاني، آڪاسي، بهشتي,english,English → Sindhi,heavenly,روحاني آڪاسي بهشتي,,SindhiLanguage.org,https://sindhilanguage.org/,Amar Fayaz Buriro (امر فياض ٻرڙو),Heavenly,Heavenly,ORDINARY_HEADWORD,heavenly,SAME_SOURCE_HEADWORD_MULTIPLE_ROWS,2
slx_1c9828c76dca10b7,47647,Heavenly,,,English → Sindhi,بدبختيءَ سان، مصيبت سان، اداسيءَ سان، سرد آه,english,English → Sindhi,heavenly,بدبختيء سان مصيبت سان اداسيء سان سرد آه,,SindhiLanguage.org,https://sindhilanguage.org/,Amar Fayaz Buriro (امر فياض ٻرڙو),Heavenly,Heavenly,ORDINARY_HEADWORD,heavenly,SAME_SOURCE_HEADWORD_MULTIPLE_ROWS,2
slx_48e13ce037ed17e4,47711,Drill,,,English → Sindhi,سوراخ ڪرڻ، قواعد سيکارڻ، ٻج پوکڻ,english,English → Sindhi,drill,سوراخ ڪرڻ قواعد سيکارڻ ٻج پوکڻ,,SindhiLanguage.org,https://sindhilanguage.org/,Amar Fayaz Buriro (امر فياض ٻرڙو),Drill,Drill,ORDINARY_HEADWORD,drill,SAME_SOURCE_HEADWORD_MULTIPLE_ROWS,2
slx_cd902f267519d002,47712,Drill,,,English → Sindhi,برمو، فوجي قواعد,english,English → Sindhi,drill,برمو فوجي قواعد,,SindhiLanguage.org,https://sindhilanguage.org/,Amar Fayaz Buriro (امر فياض ٻرڙو),Drill,Drill,ORDINARY_HEADWORD,drill,SAME_SOURCE_HEADWORD_MULTIPLE_ROWS,2
slx_aab96bd0d0d4a4c3,47715,Drive (v),,,English → Sindhi,هلائڻ، ڪاهڻ، هڪلڻ، ڌڪڻ، سوار ٿيڻ,english,English → Sindhi,drive v,هلائڻ ڪاهڻ هڪلڻ ڌڪڻ سوار ٿيڻ,,SindhiLanguage.org,https://sindhilanguage.org/,Amar Fayaz Buriro (امر فياض ٻرڙو),Drive (v),Drive (v),HEADWORD_WITH_LABEL,drive,HEADWORD_VARIANT_SAME_SINDHI,2
slx_662e9cb5d701bbb1,47716,Drive (n),,,English → Sindhi,گاڏيءَ جي سواري,english,English → Sindhi,drive n,گاڏيء جي سواري,,SindhiLanguage.org,https://sindhilanguage.org/,Amar Fayaz Buriro (امر فياض ٻرڙو),Drive (n),Drive (n),HEADWORD_WITH_LABEL,drive,HEADWORD_VARIANT_SAME_SINDHI,2
slx_5c6ff6259e1b727e,47726,Drop (n),,,English → Sindhi,ڦڙو، قطرو، بوند,english,English → Sindhi,drop n,ڦڙو قطرو بوند,,SindhiLanguage.org,https://sindhilanguage.org/,Amar Fayaz Buriro (امر فياض ٻرڙو),Drop (n),Drop (n),HEADWORD_WITH_LABEL,drop,HEADWORD_VARIANT_SAME_SINDHI,2
slx_958ca70d506e3155,47727,Drop (v),,,English → Sindhi,ڦڙو وهائڻ، ڇڏي ڏيڻ، ڪيرائڻ، موقوف ڪرڻ,english,English → Sindhi,drop v,ڦڙو وهائڻ ڇڏي ڏيڻ ڪيرائڻ موقوف ڪرڻ,,SindhiLanguage.org,https://sindhilanguage.org/,Amar Fayaz Buriro (امر فياض ٻرڙو),Drop (v),Drop (v),HEADWORD_WITH_LABEL,drop,HEADWORD_VARIANT_SAME_SINDHI,2
slx_9142d360d8dd00c3,47838,Earnest,,,English → Sindhi,سرگرم، سچو، اُتساهي، پڪو، پختو,english,English → Sindhi,earnest,سرگرم سچو اتساهي پڪو پختو,,SindhiLanguage.org,https://sindhilanguage.org/,Amar Fayaz Buriro (امر فياض ٻرڙو),Earnest,Earnest,ORDINARY_HEADWORD,earnest,HEADWORD_VARIANT_SAME_SINDHI,2
slx_fffbcd00d9778ce7,47839,Earnest (n),,,English → Sindhi,بيانو، سوٿي، اڳواٽ ڏنل رقم,english,English → Sindhi,earnest n,بيانو سوٿي اڳواٽ ڏنل رقم,,SindhiLanguage.org,https://sindhilanguage.org/,Amar Fayaz Buriro (امر فياض ٻرڙو),Earnest (n),Earnest (n),HEADWORD_WITH_LABEL,earnest,HEADWORD_VARIANT_SAME_SINDHI,2
slx_c840cfab982133e8,47909,Education,,,English → Sindhi,تعليم، تربيت، سکيا,english,English → Sindhi,education,تعليم تربيت سکيا,,SindhiLanguage.org,https://sindhilanguage.org/,Amar Fayaz Buriro (امر فياض ٻرڙو),Education,Education,ORDINARY_HEADWORD,education,SAME_SOURCE_HEADWORD_MULTIPLE_ROWS,2
slx_8b8da5e70c2dcb27,47913,Education,,,English → Sindhi,ڪڍڻ، ڇڪي ڪڍڻ جو ڪم,english,English → Sindhi,education,ڪڍڻ ڇڪي ڪڍڻ جو ڪم,,SindhiLanguage.org,https://sindhilanguage.org/,Amar Fayaz Buriro (امر فياض ٻرڙو),Education,Education,ORDINARY_HEADWORD,education,SAME_SOURCE_HEADWORD_MULTIPLE_ROWS,2
slx_338745b3901bc021,47973,Eke,,,English → Sindhi,وڌائڻ، ڊيگهه ڏيڻ,english,English → Sindhi,eke,وڌائڻ ڊيگهه ڏيڻ,,SindhiLanguage.org,https://sindhilanguage.org/,Amar Fayaz Buriro (امر فياض ٻرڙو),Eke,Eke,ORDINARY_HEADWORD,eke,SAME_SOURCE_HEADWORD_MULTIPLE_ROWS,2
slx_9d6929610cf2050c,47974,Eke,,,English → Sindhi,پڻ، اهڙيءَ طرح,english,English → Sindhi,eke,پڻ اهڙيء طرح,,SindhiLanguage.org,https://sindhilanguage.org/,Amar Fayaz Buriro (امر فياض ٻرڙو),Eke,Eke,ORDINARY_HEADWORD,eke,SAME_SOURCE_HEADWORD_MULTIPLE_ROWS,2
slx_fc8a05fc0d9279f1,48772,Fall,,,English → Sindhi,ڪرڻ، پست ٿيڻ، گهٽڻ، گرفتار ٿيڻ، هٿ اچڻ,english,English → Sindhi,fall,ڪرڻ پست ٿيڻ گهٽڻ گرفتار ٿيڻ هٿ اچڻ,,SindhiLanguage.org,https://sindhilanguage.org/,Amar Fayaz Buriro (امر فياض ٻرڙو),Fall,Fall,ORDINARY_HEADWORD,fall,HEADWORD_VARIANT_SAME_SINDHI,2
slx_3502502e4326606c,48773,Fall (N),,,English → Sindhi,تنزل، ڌڪو، آبشار، خزان، زوال، شڪست,english,English → Sindhi,fall n,تنزل ڌڪو آبشار خزان زوال شڪست,,SindhiLanguage.org,https://sindhilanguage.org/,Amar Fayaz Buriro (امر فياض ٻرڙو),Fall (N),Fall (N),HEADWORD_WITH_LABEL,fall,HEADWORD_VARIANT_SAME_SINDHI,2
slx_86d05e6455ec3c4d,48867,Feal,,,English → Sindhi,وفادار، نمڪ حلال,english,English → Sindhi,feal,وفادار نمڪ حلال,,SindhiLanguage.org,https://sindhilanguage.org/,Amar Fayaz Buriro (امر فياض ٻرڙو),Feal,Feal,ORDINARY_HEADWORD,feal,SAME_SOURCE_HEADWORD_MULTIPLE_ROWS,2
slx_93228eb7443d0fb8,48868,Feal,,,English → Sindhi,لڪائڻ,english,English → Sindhi,feal,لڪائڻ,,SindhiLanguage.org,https://sindhilanguage.org/,Amar Fayaz Buriro (امر فياض ٻرڙو),Feal,Feal,ORDINARY_HEADWORD,feal,SAME_SOURCE_HEADWORD_MULTIPLE_ROWS,2
slx_60fd3ee1c7b2d8d3,48906,Fell,,,English → Sindhi,گنجي ٽڪري,english,English → Sindhi,fell,گنجي ٽڪري,,SindhiLanguage.org,https://sindhilanguage.org/,Amar Fayaz Buriro (امر فياض ٻرڙو),Fell,Fell,ORDINARY_HEADWORD,fell,SAME_SOURCE_HEADWORD_MULTIPLE_ROWS,2
slx_89c3a86c77d800db,48908,Fell,,,English → Sindhi,کل، چمڙو، ڪاوڙ، غم (ظالم، خوني، خوفناڪ),english,English → Sindhi,fell,کل چمڙو ڪاوڙ غم ظالم خوني خوفناڪ,,SindhiLanguage.org,https://sindhilanguage.org/,Amar Fayaz Buriro (امر فياض ٻرڙو),Fell,Fell,ORDINARY_HEADWORD,fell,SAME_SOURCE_HEADWORD_MULTIPLE_ROWS,2
slx_1db6d7df2bfc2b79,49015,Flexible,,,English → Sindhi,نرم، لچڪيدار، مڙندڙ,english,English → Sindhi,flexible,نرم لچڪيدار مڙندڙ,,SindhiLanguage.org,https://sindhilanguage.org/,Amar Fayaz Buriro (امر فياض ٻرڙو),Flexible,Flexible,ORDINARY_HEADWORD,flexible,SAME_SOURCE_HEADWORD_MULTIPLE_ROWS,2
slx_c9d6c15b8eed3633,49074,Flexible,,,English → Sindhi,پگهرندڙ,english,English → Sindhi,flexible,پگهرندڙ,,SindhiLanguage.org,https://sindhilanguage.org/,Amar Fayaz Buriro (امر فياض ٻرڙو),Flexible,Flexible,ORDINARY_HEADWORD,flexible,SAME_SOURCE_HEADWORD_MULTIPLE_ROWS,2
slx_31c99a42b5ba6d0b,49218,Forward,,,English → Sindhi,ڀرسان، اڳيون، پيش، دلير، بي حجاب (موڪلڻ، زور وٺائڻ),english,English → Sindhi,forward,ڀرسان اڳيون پيش دلير بي حجاب موڪلڻ زور وٺائڻ,,SindhiLanguage.org,https://sindhilanguage.org/,Amar Fayaz Buriro (امر فياض ٻرڙو),Forward,Forward,ORDINARY_HEADWORD,forward,SAME_SOURCE_HEADWORD_MULTIPLE_ROWS,2
slx_84ef775d39a7e4b4,49332,Forward,,,English → Sindhi,سرڪش، ضدي، ڏنگو، نجس,english,English → Sindhi,forward,سرڪش ضدي ڏنگو نجس,,SindhiLanguage.org,https://sindhilanguage.org/,Amar Fayaz Buriro (امر فياض ٻرڙو),Forward,Forward,ORDINARY_HEADWORD,forward,SAME_SOURCE_HEADWORD_MULTIPLE_ROWS,2
slx_782bdf106d986063,49263,Frenzy,,,English → Sindhi,سخت، زور وارو، جوش ۾ ڀريل,english,English → Sindhi,frenzy,سخت زور وارو جوش ڀريل,,SindhiLanguage.org,https://sindhilanguage.org/,Amar Fayaz Buriro (امر فياض ٻرڙو),Frenzy,Frenzy,ORDINARY_HEADWORD,frenzy,SAME_SOURCE_HEADWORD_MULTIPLE_ROWS,2
slx_547f813edaafe8c6,49286,Frenzy,,,English → Sindhi,جنون، ديوانگي,english,English → Sindhi,frenzy,جنون ديوانگي,,SindhiLanguage.org,https://sindhilanguage.org/,Amar Fayaz Buriro (امر فياض ٻرڙو),Frenzy,Frenzy,ORDINARY_HEADWORD,frenzy,SAME_SOURCE_HEADWORD_MULTIPLE_ROWS,2
slx_46ec8d5389a8285b,49535,Gas,,,English → Sindhi,هوا جهڙي پٽڙي شيءِ، بخار,english,English → Sindhi,gas,هوا جهڙي پٽڙي شيء بخار,,SindhiLanguage.org,https://sindhilanguage.org/,Amar Fayaz Buriro (امر فياض ٻرڙو),Gas,Gas,ORDINARY_HEADWORD,gas,HEADWORD_VARIANT_SAME_SINDHI,2
slx_091c4eb0589c3287,49536,Gas (v),,,English → Sindhi,گئس پهچائڻ، دشمن تي زهري بخار اڇلائڻ,english,English → Sindhi,gas v,گئس پهچائڻ دشمن تي زهري بخار اڇلائڻ,,SindhiLanguage.org,https://sindhilanguage.org/,Amar Fayaz Buriro (امر فياض ٻرڙو),Gas (v),Gas (v),HEADWORD_WITH_LABEL,gas,HEADWORD_VARIANT_SAME_SINDHI,2
slx_5694cfda5612a753,49738,(Give the lie to),,,English → Sindhi,ڪوڙ ثابت ڪرڻ,english,English → Sindhi,give the lie to,ڪوڙ ثابت ڪرڻ,,SindhiLanguage.org,https://sindhilanguage.org/,Amar Fayaz Buriro (امر فياض ٻرڙو),(Give the lie to),(Give the lie to),PARENTHETICAL,(give the lie to),SAME_SOURCE_HEADWORD_MULTIPLE_ROWS,2
slx_889adc00a1640dba,52910,(Give the lie to),,,English → Sindhi,ڪوڙ جي تهمت هڻڻ,english,English → Sindhi,give the lie to,ڪوڙ جي تهمت هڻڻ,,SindhiLanguage.org,https://sindhilanguage.org/,Amar Fayaz Buriro (امر فياض ٻرڙو),(Give the lie to),(Give the lie to),PARENTHETICAL,(give the lie to),SAME_SOURCE_HEADWORD_MULTIPLE_ROWS,2
slx_bb4a543dde603d78,49819,Glue,,,English → Sindhi,سرس,english,English → Sindhi,glue,سرس,,SindhiLanguage.org,https://sindhilanguage.org/,Amar Fayaz Buriro (امر فياض ٻرڙو),Glue,Glue,ORDINARY_HEADWORD,glue,SAME_SOURCE_HEADWORD_MULTIPLE_ROWS,2
slx_e311e12992d1fd2d,49820,Glue,,,English → Sindhi,لڳلڳيدار,english,English → Sindhi,glue,لڳلڳيدار,,SindhiLanguage.org,https://sindhilanguage.org/,Amar Fayaz Buriro (امر فياض ٻرڙو),Glue,Glue,ORDINARY_HEADWORD,glue,SAME_SOURCE_HEADWORD_MULTIPLE_ROWS,2
slx_e9fdec476a2439d6,49843,Go between,,,English → Sindhi,وچ ۾ پوڻ,english,English → Sindhi,go between,وچ پوڻ,,SindhiLanguage.org,https://sindhilanguage.org/,Amar Fayaz Buriro (امر فياض ٻرڙو),Go between,Go between,ORDINARY_HEADWORD,go between,SAME_SOURCE_HEADWORD_MULTIPLE_ROWS,2
slx_823aaf62fe823abb,49844,Go between,,,English → Sindhi,وچ وارو، دلال، ڌوتو,english,English → Sindhi,go between,وچ وارو دلال ڌوتو,,SindhiLanguage.org,https://sindhilanguage.org/,Amar Fayaz Buriro (امر فياض ٻرڙو),Go between,Go between,ORDINARY_HEADWORD,go between,SAME_SOURCE_HEADWORD_MULTIPLE_ROWS,2
slx_2f62f89558c64986,49857,Good,,,English → Sindhi,چوڪَ ڏيڻ، زور سان هلائڻ، ڪنڍو,english,English → Sindhi,good,چوڪ ڏيڻ زور سان هلائڻ ڪنڍو,,SindhiLanguage.org,https://sindhilanguage.org/,Amar Fayaz Buriro (امر فياض ٻرڙو),Good,Good,ORDINARY_HEADWORD,good,SAME_SOURCE_HEADWORD_MULTIPLE_ROWS,2
slx_63ce97111847b84c,49901,Good,,,English → Sindhi,چڱو، ٺيڪ، لائق، نيڪ، سچو، هوشيار، مهربان,english,English → Sindhi,good,چڱو ٺيڪ لائق نيڪ سچو هوشيار مهربان,,SindhiLanguage.org,https://sindhilanguage.org/,Amar Fayaz Buriro (امر فياض ٻرڙو),Good,Good,ORDINARY_HEADWORD,good,SAME_SOURCE_HEADWORD_MULTIPLE_ROWS,2
slx_f6659ed4a9ab0f09,49994,Rent free grant,,,English → Sindhi,جاگير، معافي,english,English → Sindhi,rent free grant,جاگير معافي,,SindhiLanguage.org,https://sindhilanguage.org/,Amar Fayaz Buriro (امر فياض ٻرڙو),Rent free grant,Rent free grant,ORDINARY_HEADWORD,rent free grant,SAME_SOURCE_HEADWORD_MULTIPLE_ROWS,2
slx_96c272196fddcde1,58446,Rent free grant,,,English → Sindhi,معافي جاگير,english,English → Sindhi,rent free grant,معافي جاگير,,SindhiLanguage.org,https://sindhilanguage.org/,Amar Fayaz Buriro (امر فياض ٻرڙو),Rent free grant,Rent free grant,ORDINARY_HEADWORD,rent free grant,SAME_SOURCE_HEADWORD_MULTIPLE_ROWS,2
slx_78f7dc5535e7b33c,50124,(To lose ground),,,English → Sindhi,پٺتي، هٽڻ، گهٽجڻ، هار کائڻ,english,English → Sindhi,to lose ground,پٺتي هٽڻ گهٽجڻ هار کائڻ,,SindhiLanguage.org,https://sindhilanguage.org/,Amar Fayaz Buriro (امر فياض ٻرڙو),(To lose ground),(To lose ground),PARENTHETICAL,(to lose ground),SAME_SOURCE_HEADWORD_MULTIPLE_ROWS,2
slx_b68bb3604b6e3303,53133,(To lose ground),,,English → Sindhi,پسائيڻ، هارائڻ,english,English → Sindhi,to lose ground,پسائيڻ هارائڻ,,SindhiLanguage.org,https://sindhilanguage.org/,Amar Fayaz Buriro (امر فياض ٻرڙو),(To lose ground),(To lose ground),PARENTHETICAL,(to lose ground),SAME_SOURCE_HEADWORD_MULTIPLE_ROWS,2
slx_508e0fe72c3822e4,50189,(To plead guilty),,,English → Sindhi,جرم قبول ڪرڻ,english,English → Sindhi,to plead guilty,جرم قبول ڪرڻ,,SindhiLanguage.org,https://sindhilanguage.org/,Amar Fayaz Buriro (امر فياض ٻرڙو),(To plead guilty),(To plead guilty),PARENTHETICAL,(to plead guilty),SAME_SOURCE_HEADWORD_MULTIPLE_ROWS,2
slx_f69f25b6ca7f7b73,56400,(To plead guilty),,,English → Sindhi,ڏوهه قبول ڪرڻ,english,English → Sindhi,to plead guilty,ڏوهه قبول ڪرڻ,,SindhiLanguage.org,https://sindhilanguage.org/,Amar Fayaz Buriro (امر فياض ٻرڙو),(To plead guilty),(To plead guilty),PARENTHETICAL,(to plead guilty),SAME_SOURCE_HEADWORD_MULTIPLE_ROWS,2
slx_65a480390180ec03,50288,Halt,,,English → Sindhi,ترسڻ، آستان بنائڻ، لنگر هڻڻ، منزل ڪرڻ,english,English → Sindhi,halt,ترسڻ آستان بنائڻ لنگر هڻڻ منزل ڪرڻ,,SindhiLanguage.org,https://sindhilanguage.org/,Amar Fayaz Buriro (امر فياض ٻرڙو),Halt,Halt,ORDINARY_HEADWORD,halt,SAME_SOURCE_HEADWORD_MULTIPLE_ROWS,2
slx_4579c63173a6a0f1,50289,Halt,,,English → Sindhi,مقام، منزل، قيام، لنگر,english,English → Sindhi,halt,مقام منزل قيام لنگر,,SindhiLanguage.org,https://sindhilanguage.org/,Amar Fayaz Buriro (امر فياض ٻرڙو),Halt,Halt,ORDINARY_HEADWORD,halt,SAME_SOURCE_HEADWORD_MULTIPLE_ROWS,2
slx_b28919d46e5e96ba,50442,High,,,English → Sindhi,مٿي، وڏو، مغرور، تڪبر وارو، اعليٰ، تڪليف وارو,english,English → Sindhi,high,مٿي وڏو مغرور تڪبر وارو اعلي تڪليف وارو,,SindhiLanguage.org,https://sindhilanguage.org/,Amar Fayaz Buriro (امر فياض ٻرڙو),High,High,ORDINARY_HEADWORD,high,SAME_SOURCE_HEADWORD_MULTIPLE_ROWS,2
slx_f8437c488b814305,50447,High,,,English → Sindhi,اوچو، اتاهون، زور سان,english,English → Sindhi,high,اوچو اتاهون زور سان,,SindhiLanguage.org,https://sindhilanguage.org/,Amar Fayaz Buriro (امر فياض ٻرڙو),High,High,ORDINARY_HEADWORD,high,SAME_SOURCE_HEADWORD_MULTIPLE_ROWS,2
slx_de12a84f16522545,50466,Hind,,,English → Sindhi,هرڻي,english,English → Sindhi,hind,هرڻي,,SindhiLanguage.org,https://sindhilanguage.org/,Amar Fayaz Buriro (امر فياض ٻرڙو),Hind,Hind,ORDINARY_HEADWORD,hind,SAME_SOURCE_HEADWORD_MULTIPLE_ROWS,2
slx_bed73dee6de1675c,50467,Hind,,,English → Sindhi,پٺيون، پويون,english,English → Sindhi,hind,پٺيون پويون,,SindhiLanguage.org,https://sindhilanguage.org/,Amar Fayaz Buriro (امر فياض ٻرڙو),Hind,Hind,ORDINARY_HEADWORD,hind,SAME_SOURCE_HEADWORD_MULTIPLE_ROWS,2
slx_ab324d7acb6e9ea8,50485,Hit,,,English → Sindhi,هڻڻ، مارڻ، ڌڪ هڻڻ,english,English → Sindhi,hit,هڻڻ مارڻ ڌڪ هڻڻ,,SindhiLanguage.org,https://sindhilanguage.org/,Amar Fayaz Buriro (امر فياض ٻرڙو),Hit,Hit,ORDINARY_HEADWORD,hit,SAME_SOURCE_HEADWORD_MULTIPLE_ROWS,2
slx_f501e2d4a764d471,50486,Hit,,,English → Sindhi,ڌڪ، مار، اوچتو، اوچتو پور,english,English → Sindhi,hit,ڌڪ مار اوچتو اوچتو پور,,SindhiLanguage.org,https://sindhilanguage.org/,Amar Fayaz Buriro (امر فياض ٻرڙو),Hit,Hit,ORDINARY_HEADWORD,hit,SAME_SOURCE_HEADWORD_MULTIPLE_ROWS,2
slx_7b75929ecb2784f3,50494,Hoard,,,English → Sindhi,انبار، خزانو، پونجي,english,English → Sindhi,hoard,انبار خزانو پونجي,,SindhiLanguage.org,https://sindhilanguage.org/,Amar Fayaz Buriro (امر فياض ٻرڙو),Hoard,Hoard,ORDINARY_HEADWORD,hoard,SAME_SOURCE_HEADWORD_MULTIPLE_ROWS,2
slx_637b2270ddacd966,50495,Hoard,,,English → Sindhi,جمع ڪرڻ، گڏ ڪرڻ,english,English → Sindhi,hoard,جمع ڪرڻ گڏ ڪرڻ,,SindhiLanguage.org,https://sindhilanguage.org/,Amar Fayaz Buriro (امر فياض ٻرڙو),Hoard,Hoard,ORDINARY_HEADWORD,hoard,SAME_SOURCE_HEADWORD_MULTIPLE_ROWS,2
slx_8e20351934911c3b,50519,Hold,,,English → Sindhi,قبضو، وس، اختيار، قلعو، لڪ جهلڻ، روڪڻ، قبضي ۾ رکڻ,english,English → Sindhi,hold,قبضو وس اختيار قلعو لڪ جهلڻ روڪڻ قبضي رکڻ,,SindhiLanguage.org,https://sindhilanguage.org/,Amar Fayaz Buriro (امر فياض ٻرڙو),Hold,Hold,ORDINARY_HEADWORD,hold,SAME_SOURCE_HEADWORD_MULTIPLE_ROWS,2
slx_0fc2832694f57a3f,50520,Hold,,,English → Sindhi,پختو رهڻ، باز رهڻ,english,English → Sindhi,hold,پختو رهڻ باز رهڻ,,SindhiLanguage.org,https://sindhilanguage.org/,Amar Fayaz Buriro (امر فياض ٻرڙو),Hold,Hold,ORDINARY_HEADWORD,hold,SAME_SOURCE_HEADWORD_MULTIPLE_ROWS,2
slx_cfc12a682e7d4c0e,50538,Home,,,English → Sindhi,گهر، وطن,english,English → Sindhi,home,گهر وطن,,SindhiLanguage.org,https://sindhilanguage.org/,Amar Fayaz Buriro (امر فياض ٻرڙو),Home,Home,ORDINARY_HEADWORD,home,SAME_SOURCE_HEADWORD_MULTIPLE_ROWS,2
slx_02bfaf59a5bc2cab,50542,Home,,,English → Sindhi,ديسي، وطني، ويجهو، سخت,english,English → Sindhi,home,ديسي وطني ويجهو سخت,,SindhiLanguage.org,https://sindhilanguage.org/,Amar Fayaz Buriro (امر فياض ٻرڙو),Home,Home,ORDINARY_HEADWORD,home,SAME_SOURCE_HEADWORD_MULTIPLE_ROWS,2
slx_09cb5e649c253a98,50583,Hope,,,English → Sindhi,اميد، آسرو,english,English → Sindhi,hope,اميد آسرو,,SindhiLanguage.org,https://sindhilanguage.org/,Amar Fayaz Buriro (امر فياض ٻرڙو),Hope,Hope,ORDINARY_HEADWORD,hope,SAME_SOURCE_HEADWORD_MULTIPLE_ROWS,2
slx_11b0274df68435b9,50584,Hope,,,English → Sindhi,اميد، آسرو رکڻ,english,English → Sindhi,hope,اميد آسرو رکڻ,,SindhiLanguage.org,https://sindhilanguage.org/,Amar Fayaz Buriro (امر فياض ٻرڙو),Hope,Hope,ORDINARY_HEADWORD,hope,SAME_SOURCE_HEADWORD_MULTIPLE_ROWS,2
slx_254d7622f61a11d7,50677,Humble,,,English → Sindhi,حليم، نماڻو، غريب، مسڪين,english,English → Sindhi,humble,حليم نماڻو غريب مسڪين,,SindhiLanguage.org,https://sindhilanguage.org/,Amar Fayaz Buriro (امر فياض ٻرڙو),Humble,Humble,ORDINARY_HEADWORD,humble,SAME_SOURCE_HEADWORD_MULTIPLE_ROWS,2
slx_19aca6bc65d2793a,50678,Humble,,,English → Sindhi,هٺ ڀڃڻ، هيٺ ڪرڻ، نرم دل ڪرڻ,english,English → Sindhi,humble,هٺ ڀڃڻ هيٺ ڪرڻ نرم دل ڪرڻ,,SindhiLanguage.org,https://sindhilanguage.org/,Amar Fayaz Buriro (امر فياض ٻرڙو),Humble,Humble,ORDINARY_HEADWORD,humble,SAME_SOURCE_HEADWORD_MULTIPLE_ROWS,2
slx_50b58ef4ad0e2e1e,50692,Humour,,,English → Sindhi,چرچو، طبع، خيال,english,English → Sindhi,humour,چرچو طبع خيال,,SindhiLanguage.org,https://sindhilanguage.org/,Amar Fayaz Buriro (امر فياض ٻرڙو),Humour,Humour,ORDINARY_HEADWORD,humour,SAME_SOURCE_HEADWORD_MULTIPLE_ROWS,2
slx_283da2db98b90e4d,50693,Humour,,,English → Sindhi,دل وٺڻ، خوش ڪرڻ، مهرباني ڪرڻ,english,English → Sindhi,humour,دل وٺڻ خوش ڪرڻ مهرباني ڪرڻ,,SindhiLanguage.org,https://sindhilanguage.org/,Amar Fayaz Buriro (امر فياض ٻرڙو),Humour,Humour,ORDINARY_HEADWORD,humour,SAME_SOURCE_HEADWORD_MULTIPLE_ROWS,2
slx_8ce7a72803e3c008,50704,Hunt,,,English → Sindhi,شڪار ڪرڻ، ڳولا ڪرڻ، پيڇو ڪرڻ,english,English → Sindhi,hunt,شڪار ڪرڻ ڳولا ڪرڻ پيڇو ڪرڻ,,SindhiLanguage.org,https://sindhilanguage.org/,Amar Fayaz Buriro (امر فياض ٻرڙو),Hunt,Hunt,ORDINARY_HEADWORD,hunt,SAME_SOURCE_HEADWORD_MULTIPLE_ROWS,2
slx_58a5806c94f38657,50705,Hunt,,,English → Sindhi,شڪارين جو ٽولو، شڪار، تلاش,english,English → Sindhi,hunt,شڪارين جو ٽولو شڪار تلاش,,SindhiLanguage.org,https://sindhilanguage.org/,Amar Fayaz Buriro (امر فياض ٻرڙو),Hunt,Hunt,ORDINARY_HEADWORD,hunt,SAME_SOURCE_HEADWORD_MULTIPLE_ROWS,2
slx_16cafc04b76bde46,50772,I,,,English → Sindhi,انگريزي الفابيٽ جو نائون اکر,english,English → Sindhi,i,انگريزي الفابيٽ جو نائون اکر,,SindhiLanguage.org,https://sindhilanguage.org/,Amar Fayaz Buriro (امر فياض ٻرڙو),I,I,ORDINARY_HEADWORD,i,SAME_SOURCE_HEADWORD_MULTIPLE_ROWS,2
slx_b63d4b47ac9f4715,50773,I,,,English → Sindhi,مان، آءٌ,english,English → Sindhi,i,مان آء,,SindhiLanguage.org,https://sindhilanguage.org/,Amar Fayaz Buriro (امر فياض ٻرڙو),I,I,ORDINARY_HEADWORD,i,SAME_SOURCE_HEADWORD_MULTIPLE_ROWS,2
slx_2b8d128c2ad8955b,51101,Imprudence,,,English → Sindhi,بي عقلي، بدتميزي، ناعاقبت انديشي,english,English → Sindhi,imprudence,بي عقلي بدتميزي ناعاقبت انديشي,,SindhiLanguage.org,https://sindhilanguage.org/,Amar Fayaz Buriro (امر فياض ٻرڙو),Imprudence,Imprudence,ORDINARY_HEADWORD,imprudence,SAME_SOURCE_HEADWORD_MULTIPLE_ROWS,2
slx_6e5405c2da725a13,51103,Imprudence,,,English → Sindhi,بي حيائي، بي شرمي، بي ادبي,english,English → Sindhi,imprudence,بي حيائي بي شرمي بي ادبي,,SindhiLanguage.org,https://sindhilanguage.org/,Amar Fayaz Buriro (امر فياض ٻرڙو),Imprudence,Imprudence,ORDINARY_HEADWORD,imprudence,SAME_SOURCE_HEADWORD_MULTIPLE_ROWS,2
slx_e0a4796419c4059d,51771,Muse,,,English → Sindhi,راڳ جي نون، ديون مان هڪ سرسوتي,english,English → Sindhi,muse,راڳ جي نون ديون مان هڪ سرسوتي,,SindhiLanguage.org,https://sindhilanguage.org/,Amar Fayaz Buriro (امر فياض ٻرڙو),Muse,Muse,ORDINARY_HEADWORD,muse,HEADWORD_VARIANT_SAME_SINDHI,2
slx_153175c6dff66c09,51772,Muse (v),,,English → Sindhi,خيال ڪرڻ، غور ڪرڻ، سوچڻ,english,English → Sindhi,muse v,خيال ڪرڻ غور ڪرڻ سوچڻ,,SindhiLanguage.org,https://sindhilanguage.org/,Amar Fayaz Buriro (امر فياض ٻرڙو),Muse (v),Muse (v),HEADWORD_WITH_LABEL,muse,HEADWORD_VARIANT_SAME_SINDHI,2
slx_ca2aac098b435008,51793,Must,,,English → Sindhi,تازو انگوري شراب,english,English → Sindhi,must,تازو انگوري شراب,,SindhiLanguage.org,https://sindhilanguage.org/,Amar Fayaz Buriro (امر فياض ٻرڙو),Must,Must,ORDINARY_HEADWORD,must,SAME_SOURCE_HEADWORD_MULTIPLE_ROWS,2
slx_f14284b462e7f776,51794,Must,,,English → Sindhi,کپي، ضرور هوندو، لازمي,english,English → Sindhi,must,کپي ضرور هوندو لازمي,,SindhiLanguage.org,https://sindhilanguage.org/,Amar Fayaz Buriro (امر فياض ٻرڙو),Must,Must,ORDINARY_HEADWORD,must,SAME_SOURCE_HEADWORD_MULTIPLE_ROWS,2
slx_355aa1010ed4d26e,51846,Nag (n),,,English → Sindhi,ٽٽو گهوڙو,english,English → Sindhi,nag n,ٽٽو گهوڙو,,SindhiLanguage.org,https://sindhilanguage.org/,Amar Fayaz Buriro (امر فياض ٻرڙو),Nag (n),Nag (n),HEADWORD_WITH_LABEL,nag,HEADWORD_VARIANT_SAME_SINDHI,2
slx_bd3ff1cbb07ab0a9,51847,Nag (v),,,English → Sindhi,ونڌونڌ ڪرڻ، هروقت عيبگيري ڪرڻ يا جهڳڙو ڪرڻ,english,English → Sindhi,nag v,ونڌونڌ ڪرڻ هروقت عيبگيري ڪرڻ يا جهڳڙو ڪرڻ,,SindhiLanguage.org,https://sindhilanguage.org/,Amar Fayaz Buriro (امر فياض ٻرڙو),Nag (v),Nag (v),HEADWORD_WITH_LABEL,nag,HEADWORD_VARIANT_SAME_SINDHI,2
slx_2dacc7c44bc8757d,51852,Nave,,,English → Sindhi,سادو سودو، ٻالو ڀولو، اڻڄاڻ,english,English → Sindhi,nave,سادو سودو ٻالو ڀولو اڻڄاڻ,,SindhiLanguage.org,https://sindhilanguage.org/,Amar Fayaz Buriro (امر فياض ٻرڙو),Nave,Nave,ORDINARY_HEADWORD,nave,SAME_SOURCE_HEADWORD_MULTIPLE_ROWS,3
slx_ef2372e6d982bce3,54468,Nave,,,English → Sindhi,گرجا يا ديول جو مکيه يا وچون حصو,english,English → Sindhi,nave,گرجا يا ديول جو مکيه يا وچون حصو,,SindhiLanguage.org,https://sindhilanguage.org/,Amar Fayaz Buriro (امر فياض ٻرڙو),Nave,Nave,ORDINARY_HEADWORD,nave,SAME_SOURCE_HEADWORD_MULTIPLE_ROWS,3
slx_f244e824b04ac196,54469,Nave,,,English → Sindhi,گاڏيءَ جي ڦيٿي جو وچون حصو جنهن مان سرائي لنگهندي آهي,english,English → Sindhi,nave,گاڏيء جي ڦيٿي جو وچون حصو جنهن مان سرائي لنگهندي آهي,,SindhiLanguage.org,https://sindhilanguage.org/,Amar Fayaz Buriro (امر فياض ٻرڙو),Nave,Nave,ORDINARY_HEADWORD,nave,SAME_SOURCE_HEADWORD_MULTIPLE_ROWS,3
slx_593f70da3248dcbc,51861,Nap,,,English → Sindhi,ٿوري وقت لاءِ ننڊ، جهوٽو، ڍونڪو، (جهوٽو اچڻ),english,English → Sindhi,nap,ٿوري وقت لاء ننڊ جهوٽو ڍونڪو جهوٽو اچڻ,,SindhiLanguage.org,https://sindhilanguage.org/,Amar Fayaz Buriro (امر فياض ٻرڙو),Nap,Nap,ORDINARY_HEADWORD,nap,SAME_SOURCE_HEADWORD_MULTIPLE_ROWS,2
slx_fbbbfdb0ad20e6ac,51862,Nap,,,English → Sindhi,ٻُر، ڪپڙي جي مٿان سنهي ٻُر,english,English → Sindhi,nap,ٻر ڪپڙي جي مٿان سنهي ٻر,,SindhiLanguage.org,https://sindhilanguage.org/,Amar Fayaz Buriro (امر فياض ٻرڙو),Nap,Nap,ORDINARY_HEADWORD,nap,SAME_SOURCE_HEADWORD_MULTIPLE_ROWS,2
slx_9cf6e941a2508249,52049,Intimate,,,English → Sindhi,جاني، گهرو، گهاٽو، دلي,english,English → Sindhi,intimate,جاني گهرو گهاٽو دلي,,SindhiLanguage.org,https://sindhilanguage.org/,Amar Fayaz Buriro (امر فياض ٻرڙو),Intimate,Intimate,ORDINARY_HEADWORD,intimate,HEADWORD_VARIANT_SAME_SINDHI,2
slx_870bff3d5f7e4c12,52051,Intimate (v),,,English → Sindhi,چتاءُ ڏيڻ، اطلاح ڏيڻ، ڪن کڻائڻ,english,English → Sindhi,intimate v,چتاء ڏيڻ اطلاح ڏيڻ ڪن کڻائڻ,,SindhiLanguage.org,https://sindhilanguage.org/,Amar Fayaz Buriro (امر فياض ٻرڙو),Intimate (v),Intimate (v),HEADWORD_WITH_LABEL,intimate,HEADWORD_VARIANT_SAME_SINDHI,2
slx_9dfe21e1bba19ddc,52403,Judge,,,English → Sindhi,فيصلو ڪندڙ قاضي، جج، مصنف,english,English → Sindhi,judge,فيصلو ڪندڙ قاضي جج مصنف,,SindhiLanguage.org,https://sindhilanguage.org/,Amar Fayaz Buriro (امر فياض ٻرڙو),Judge,Judge,ORDINARY_HEADWORD,judge,HEADWORD_VARIANT_SAME_SINDHI,2
slx_48bb7581a1e134cc,52405,Judge (v),,,English → Sindhi,انصاف ڪرڻ، حساب لڳائڻ، سمجهڻ، راءِ ڏيڻ,english,English → Sindhi,judge v,انصاف ڪرڻ حساب لڳائڻ سمجهڻ راء ڏيڻ,,SindhiLanguage.org,https://sindhilanguage.org/,Amar Fayaz Buriro (امر فياض ٻرڙو),Judge (v),Judge (v),HEADWORD_WITH_LABEL,judge,HEADWORD_VARIANT_SAME_SINDHI,2
slx_fd69b82a992d9136,52417,Jug,,,English → Sindhi,مٽ، دلو، وڏو پيالو، ڪوزو,english,English → Sindhi,jug,مٽ دلو وڏو پيالو ڪوزو,,SindhiLanguage.org,https://sindhilanguage.org/,Amar Fayaz Buriro (امر فياض ٻرڙو),Jug,Jug,ORDINARY_HEADWORD,jug,HEADWORD_VARIANT_SAME_SINDHI,2
slx_4bbdbf7ecb087529,52418,Jug (v),,,English → Sindhi,قيد ڪرڻ، جيل ۾ وجهڻ,english,English → Sindhi,jug v,قيد ڪرڻ جيل وجهڻ,,SindhiLanguage.org,https://sindhilanguage.org/,Amar Fayaz Buriro (امر فياض ٻرڙو),Jug (v),Jug (v),HEADWORD_WITH_LABEL,jug,HEADWORD_VARIANT_SAME_SINDHI,2
slx_949834054d28038d,52537,Kind,,,English → Sindhi,قسم، جنس,english,English → Sindhi,kind,قسم جنس,,SindhiLanguage.org,https://sindhilanguage.org/,Amar Fayaz Buriro (امر فياض ٻرڙو),Kind,Kind,ORDINARY_HEADWORD,kind,SAME_SOURCE_HEADWORD_MULTIPLE_ROWS,2
slx_ee08238cafb2c46b,52538,Kind,,,English → Sindhi,مهربان، رحمدل,english,English → Sindhi,kind,مهربان رحمدل,,SindhiLanguage.org,https://sindhilanguage.org/,Amar Fayaz Buriro (امر فياض ٻرڙو),Kind,Kind,ORDINARY_HEADWORD,kind,SAME_SOURCE_HEADWORD_MULTIPLE_ROWS,2
slx_b70941f8f0364518,52587,Knoll,,,English → Sindhi,ننڍي ٽڪري، ٽڪريءَ جي چوٽي,english,English → Sindhi,knoll,ننڍي ٽڪري ٽڪريء جي چوٽي,,SindhiLanguage.org,https://sindhilanguage.org/,Amar Fayaz Buriro (امر فياض ٻرڙو),Knoll,Knoll,ORDINARY_HEADWORD,knoll,SAME_SOURCE_HEADWORD_MULTIPLE_ROWS,2
slx_a6d7dbc2a88576ab,52588,Knoll,,,English → Sindhi,گهنڊ وڄائڻ,english,English → Sindhi,knoll,گهنڊ وڄائڻ,,SindhiLanguage.org,https://sindhilanguage.org/,Amar Fayaz Buriro (امر فياض ٻرڙو),Knoll,Knoll,ORDINARY_HEADWORD,knoll,SAME_SOURCE_HEADWORD_MULTIPLE_ROWS,2
slx_aadd41617f1445b7,52616,Labour (n),,,English → Sindhi,پورهيو، محنت، مشقت، ويم جا سور,english,English → Sindhi,labour n,پورهيو محنت مشقت ويم جا سور,,SindhiLanguage.org,https://sindhilanguage.org/,Amar Fayaz Buriro (امر فياض ٻرڙو),Labour (n),Labour (n),HEADWORD_WITH_LABEL,labour,HEADWORD_VARIANT_SAME_SINDHI,2
slx_3a3ca20a75c38b62,52617,Labour (v),,,English → Sindhi,مزوري ڪرڻ، مشقت ڪرڻ، محنت ڪرڻ,english,English → Sindhi,labour v,مزوري ڪرڻ مشقت ڪرڻ محنت ڪرڻ,,SindhiLanguage.org,https://sindhilanguage.org/,Amar Fayaz Buriro (امر فياض ٻرڙو),Labour (v),Labour (v),HEADWORD_WITH_LABEL,labour,HEADWORD_VARIANT_SAME_SINDHI,2
slx_19b5a69fe3111abf,52620,Lac,,,English → Sindhi,لک، هڪ سو هزار,english,English → Sindhi,lac,لک هڪ سو هزار,,SindhiLanguage.org,https://sindhilanguage.org/,Amar Fayaz Buriro (امر فياض ٻرڙو),Lac,Lac,ORDINARY_HEADWORD,lac,SAME_SOURCE_HEADWORD_MULTIPLE_ROWS,2
slx_14248fb6fded863b,52621,Lac,,,English → Sindhi,لاک، رنگڻ جي لاک,english,English → Sindhi,lac,لاک رنگڻ جي لاک,,SindhiLanguage.org,https://sindhilanguage.org/,Amar Fayaz Buriro (امر فياض ٻرڙو),Lac,Lac,ORDINARY_HEADWORD,lac,SAME_SOURCE_HEADWORD_MULTIPLE_ROWS,2
slx_cc78a4272694f666,52642,Lag (adj),,,English → Sindhi,سست، پٺي رهندڙ (جيڪو پنڌ ۾ پٺتي رهجي وڃي),english,English → Sindhi,lag adj,سست پٺي رهندڙ جيڪو پنڌ پٺتي رهجي وڃي,,SindhiLanguage.org,https://sindhilanguage.org/,Amar Fayaz Buriro (امر فياض ٻرڙو),Lag (adj),Lag (adj),HEADWORD_WITH_LABEL,lag,HEADWORD_VARIANT_SAME_SINDHI,2
slx_4334bed3e1f8266d,52643,Lag,,,English → Sindhi,آهستي هلڻ، پٺتي پوڻ,english,English → Sindhi,lag,آهستي هلڻ پٺتي پوڻ,,SindhiLanguage.org,https://sindhilanguage.org/,Amar Fayaz Buriro (امر فياض ٻرڙو),Lag,Lag,ORDINARY_HEADWORD,lag,HEADWORD_VARIANT_SAME_SINDHI,2
slx_eb9136fa47d0286b,52650,Lake,,,English → Sindhi,لاک جو رنگ,english,English → Sindhi,lake,لاک جو رنگ,,SindhiLanguage.org,https://sindhilanguage.org/,Amar Fayaz Buriro (امر فياض ٻرڙو),Lake,Lake,ORDINARY_HEADWORD,lake,SAME_SOURCE_HEADWORD_MULTIPLE_ROWS,2
slx_b0b5755e22dddb8c,52651,Lake,,,English → Sindhi,ڍنڍ,english,English → Sindhi,lake,ڍنڍ,,SindhiLanguage.org,https://sindhilanguage.org/,Amar Fayaz Buriro (امر فياض ٻرڙو),Lake,Lake,ORDINARY_HEADWORD,lake,SAME_SOURCE_HEADWORD_MULTIPLE_ROWS,2
slx_62e86dd6ea66aaa6,52664,Lance (n),,,English → Sindhi,نيزو، ڀالو، بڙڇي,english,English → Sindhi,lance n,نيزو ڀالو بڙڇي,,SindhiLanguage.org,https://sindhilanguage.org/,Amar Fayaz Buriro (امر فياض ٻرڙو),Lance (n),Lance (n),HEADWORD_WITH_LABEL,lance,HEADWORD_VARIANT_SAME_SINDHI,2
slx_1fb7b2c6b4a42326,52665,Lance (v),,,English → Sindhi,نيزو هڻڻ، نشتر لڳائڻ,english,English → Sindhi,lance v,نيزو هڻڻ نشتر لڳائڻ,,SindhiLanguage.org,https://sindhilanguage.org/,Amar Fayaz Buriro (امر فياض ٻرڙو),Lance (v),Lance (v),HEADWORD_WITH_LABEL,lance,HEADWORD_VARIANT_SAME_SINDHI,2
slx_216a6a67ff76552b,52685,Lap,,,English → Sindhi,هنج، دامن، گود، پلو,english,English → Sindhi,lap,هنج دامن گود پلو,,SindhiLanguage.org,https://sindhilanguage.org/,Amar Fayaz Buriro (امر فياض ٻرڙو),Lap,Lap,ORDINARY_HEADWORD,lap,SAME_SOURCE_HEADWORD_MULTIPLE_ROWS,2
slx_ce21d4a6789d4898,52686,Lap,,,English → Sindhi,لپٽڻ، ويڙهڻ، هنج کڻڻ,english,English → Sindhi,lap,لپٽڻ ويڙهڻ هنج کڻڻ,,SindhiLanguage.org,https://sindhilanguage.org/,Amar Fayaz Buriro (امر فياض ٻرڙو),Lap,Lap,ORDINARY_HEADWORD,lap,SAME_SOURCE_HEADWORD_MULTIPLE_ROWS,2
slx_5a8c858c474ec2a3,52688,Lapse (n),,,English → Sindhi,چوڪه، ڀل، بگڙڻ، خطا,english,English → Sindhi,lapse n,چوڪه ڀل بگڙڻ خطا,,SindhiLanguage.org,https://sindhilanguage.org/,Amar Fayaz Buriro (امر فياض ٻرڙو),Lapse (n),Lapse (n),HEADWORD_WITH_LABEL,lapse,HEADWORD_VARIANT_SAME_SINDHI,2
slx_31040ee9746957cb,52689,Lapse (v),,,English → Sindhi,چوڪه ڪرڻ، گذري وڃڻ، هٽي وڃڻ,english,English → Sindhi,lapse v,چوڪه ڪرڻ گذري وڃڻ هٽي وڃڻ,,SindhiLanguage.org,https://sindhilanguage.org/,Amar Fayaz Buriro (امر فياض ٻرڙو),Lapse (v),Lapse (v),HEADWORD_WITH_LABEL,lapse,HEADWORD_VARIANT_SAME_SINDHI,2
slx_8d4087f675181631,52706,Last (adj),,,English → Sindhi,آخري، پويون، گذريل، پڇاڙيءَ جو,english,English → Sindhi,last adj,آخري پويون گذريل پڇاڙيء جو,,SindhiLanguage.org,https://sindhilanguage.org/,Amar Fayaz Buriro (امر فياض ٻرڙو),Last (adj),Last (adj),HEADWORD_WITH_LABEL,last,HEADWORD_VARIANT_SAME_SINDHI,3
slx_a636168098412b27,52707,Last (n),,,English → Sindhi,جتيءَ جي ڪاٽ جو قالب,english,English → Sindhi,last n,جتيء جي ڪاٽ جو قالب,,SindhiLanguage.org,https://sindhilanguage.org/,Amar Fayaz Buriro (امر فياض ٻرڙو),Last (n),Last (n),HEADWORD_WITH_LABEL,last,HEADWORD_VARIANT_SAME_SINDHI,3
slx_c0036c6e6f919c4d,52708,Last (v),,,English → Sindhi,هلڻ، جٽاءُ ڪرڻ,english,English → Sindhi,last v,هلڻ جٽاء ڪرڻ,,SindhiLanguage.org,https://sindhilanguage.org/,Amar Fayaz Buriro (امر فياض ٻرڙو),Last (v),Last (v),HEADWORD_WITH_LABEL,last,HEADWORD_VARIANT_SAME_SINDHI,3
slx_bbf4a613f89504f9,52737,Launch (n),,,English → Sindhi,ننڍو آگبوٽ,english,English → Sindhi,launch n,ننڍو آگبوٽ,,SindhiLanguage.org,https://sindhilanguage.org/,Amar Fayaz Buriro (امر فياض ٻرڙو),Launch (n),Launch (n),HEADWORD_WITH_LABEL,launch,HEADWORD_VARIANT_SAME_SINDHI,2
slx_93892ae48196fa49,52738,Launch (v),,,English → Sindhi,اُڇلڻ، هلائڻ، شروع ڪرڻ، پاڻيءَ ۾ هلائڻ,english,English → Sindhi,launch v,اڇلڻ هلائڻ شروع ڪرڻ پاڻيء هلائڻ,,SindhiLanguage.org,https://sindhilanguage.org/,Amar Fayaz Buriro (امر فياض ٻرڙو),Launch (v),Launch (v),HEADWORD_WITH_LABEL,launch,HEADWORD_VARIANT_SAME_SINDHI,2
slx_c8c3c428ebe96aa5,52773,Lead,,,English → Sindhi,شيهو (ڌاتو),english,English → Sindhi,lead,شيهو ڌاتو,,SindhiLanguage.org,https://sindhilanguage.org/,Amar Fayaz Buriro (امر فياض ٻرڙو),Lead,Lead,ORDINARY_HEADWORD,lead,SAME_SOURCE_HEADWORD_MULTIPLE_ROWS,2
slx_da934c91a5257929,52774,Lead,,,English → Sindhi,اڳواڻي ڪرڻ، رهنمائي ڪرڻ، هلائڻ، وٺي هلڻ,english,English → Sindhi,lead,اڳواڻي ڪرڻ رهنمائي ڪرڻ هلائڻ وٺي هلڻ,,SindhiLanguage.org,https://sindhilanguage.org/,Amar Fayaz Buriro (امر فياض ٻرڙو),Lead,Lead,ORDINARY_HEADWORD,lead,SAME_SOURCE_HEADWORD_MULTIPLE_ROWS,2
slx_ee444d7d9ebce179,52899,License (n),,,English → Sindhi,اجازت نامو، پروانو، مجاز، اختياري، آزادي، زيادتي، بد پرهيزي,english,English → Sindhi,license n,اجازت نامو پروانو مجاز اختياري آزادي زيادتي بد پرهيزي,,SindhiLanguage.org,https://sindhilanguage.org/,Amar Fayaz Buriro (امر فياض ٻرڙو),License (n),License (n),HEADWORD_WITH_LABEL,license,HEADWORD_VARIANT_SAME_SINDHI,2
slx_8ad2036b07745a64,52900,License (v),,,English → Sindhi,اجازت ڏيڻ، اختياري يا پروانو ڏيڻ,english,English → Sindhi,license v,اجازت ڏيڻ اختياري يا پروانو ڏيڻ,,SindhiLanguage.org,https://sindhilanguage.org/,Amar Fayaz Buriro (امر فياض ٻرڙو),License (v),License (v),HEADWORD_WITH_LABEL,license,HEADWORD_VARIANT_SAME_SINDHI,2
slx_b0be6fa0135b7487,52908,Lie,,,English → Sindhi,ڪوڙ ڳالهائڻ، دروغو گوئي ڪرڻ( ڪوڙ),english,English → Sindhi,lie,ڪوڙ ڳالهائڻ دروغو گوئي ڪرڻ ڪوڙ,,SindhiLanguage.org,https://sindhilanguage.org/,Amar Fayaz Buriro (امر فياض ٻرڙو),Lie,Lie,ORDINARY_HEADWORD,lie,SAME_SOURCE_HEADWORD_MULTIPLE_ROWS,2
slx_2763063bde28de14,52912,Lie,,,English → Sindhi,ليٽڻ، نوڙڻ، سمهڻ,english,English → Sindhi,lie,ليٽڻ نوڙڻ سمهڻ,,SindhiLanguage.org,https://sindhilanguage.org/,Amar Fayaz Buriro (امر فياض ٻرڙو),Lie,Lie,ORDINARY_HEADWORD,lie,SAME_SOURCE_HEADWORD_MULTIPLE_ROWS,2
slx_00383d28771ae55e,52927,Light (n),,,English → Sindhi,روشني، سوجهرو، نور، بتي، هلڪو علم,english,English → Sindhi,light n,روشني سوجهرو نور بتي هلڪو علم,,SindhiLanguage.org,https://sindhilanguage.org/,Amar Fayaz Buriro (امر فياض ٻرڙو),Light (n),Light (n),HEADWORD_WITH_LABEL,light,HEADWORD_VARIANT_SAME_SINDHI,2
slx_e3f770a7e460610a,52928,Light (v),,,English → Sindhi,ٻارڻ، روشن ڪرڻ، سوجهرو ڪرڻ,english,English → Sindhi,light v,ٻارڻ روشن ڪرڻ سوجهرو ڪرڻ,,SindhiLanguage.org,https://sindhilanguage.org/,Amar Fayaz Buriro (امر فياض ٻرڙو),Light (v),Light (v),HEADWORD_WITH_LABEL,light,HEADWORD_VARIANT_SAME_SINDHI,2
slx_2c30bdf44c8335c3,52930,(To make light of),,,English → Sindhi,ناچيز سمجهڻ، خسيس ڄاڻڻ,english,English → Sindhi,to make light of,ناچيز سمجهڻ خسيس ڄاڻڻ,,SindhiLanguage.org,https://sindhilanguage.org/,Amar Fayaz Buriro (امر فياض ٻرڙو),(To make light of),(To make light of),PARENTHETICAL,(to make light of),SAME_SOURCE_HEADWORD_MULTIPLE_ROWS,2
slx_bfd4c58b421d61a9,53316,(To make light of),,,English → Sindhi,گهٽ سمجهڻ,english,English → Sindhi,to make light of,گهٽ سمجهڻ,,SindhiLanguage.org,https://sindhilanguage.org/,Amar Fayaz Buriro (امر فياض ٻرڙو),(To make light of),(To make light of),PARENTHETICAL,(to make light of),SAME_SOURCE_HEADWORD_MULTIPLE_ROWS,2
slx_ee5e0e0283ee2b29,52944,Like,,,English → Sindhi,مثل، برابر، مطابق، وانگر، جهڙو، جئن، ساڳيو، جنسي,english,English → Sindhi,like,مثل برابر مطابق وانگر جهڙو جئن ساڳيو جنسي,,SindhiLanguage.org,https://sindhilanguage.org/,Amar Fayaz Buriro (امر فياض ٻرڙو),Like,Like,ORDINARY_HEADWORD,like,SAME_SOURCE_HEADWORD_MULTIPLE_ROWS,2
slx_4c873b0b5f42cf6c,52945,Like,,,English → Sindhi,پسند ڪرڻ، چاهڻ، وڻڻ,english,English → Sindhi,like,پسند ڪرڻ چاهڻ وڻڻ,,SindhiLanguage.org,https://sindhilanguage.org/,Amar Fayaz Buriro (امر فياض ٻرڙو),Like,Like,ORDINARY_HEADWORD,like,SAME_SOURCE_HEADWORD_MULTIPLE_ROWS,2
slx_a20c71e079272790,52963,Limit (n),,,English → Sindhi,حد، سرحد، انداز، قيد,english,English → Sindhi,limit n,حد سرحد انداز قيد,,SindhiLanguage.org,https://sindhilanguage.org/,Amar Fayaz Buriro (امر فياض ٻرڙو),Limit (n),Limit (n),HEADWORD_WITH_LABEL,limit,HEADWORD_VARIANT_SAME_SINDHI,2
slx_1adca195610f87ae,52964,Limit (v),,,English → Sindhi,محدود ڪرڻ، روڪڻ,english,English → Sindhi,limit v,محدود ڪرڻ روڪڻ,,SindhiLanguage.org,https://sindhilanguage.org/,Amar Fayaz Buriro (امر فياض ٻرڙو),Limit (v),Limit (v),HEADWORD_WITH_LABEL,limit,HEADWORD_VARIANT_SAME_SINDHI,2
slx_5f5ef23f8be2192d,53110,Loop,,,English → Sindhi,ڦندو، ڦاسي، خال، ڦوٽ,english,English → Sindhi,loop,ڦندو ڦاسي خال ڦوٽ,,SindhiLanguage.org,https://sindhilanguage.org/,Amar Fayaz Buriro (امر فياض ٻرڙو),Loop,Loop,ORDINARY_HEADWORD,loop,SAME_SOURCE_HEADWORD_MULTIPLE_ROWS,2
slx_99f6bc21b50ffcab,53117,Loop,,,English → Sindhi,ڇانگڻ، قلم ڪرڻ، ڪترڻ,english,English → Sindhi,loop,ڇانگڻ قلم ڪرڻ ڪترڻ,,SindhiLanguage.org,https://sindhilanguage.org/,Amar Fayaz Buriro (امر فياض ٻرڙو),Loop,Loop,ORDINARY_HEADWORD,loop,SAME_SOURCE_HEADWORD_MULTIPLE_ROWS,2
slx_1625489d897c4b5b,53306,Make (n),,,English → Sindhi,جوڙ، بناوت، ڪاريگري,english,English → Sindhi,make n,جوڙ بناوت ڪاريگري,,SindhiLanguage.org,https://sindhilanguage.org/,Amar Fayaz Buriro (امر فياض ٻرڙو),Make (n),Make (n),HEADWORD_WITH_LABEL,make,HEADWORD_VARIANT_SAME_SINDHI,2
slx_8c56f7f51be843a4,53307,Make (v),,,English → Sindhi,ٺاهڻ، ڪرائڻ، جوڙڻ، ٺهڻ، ٿيڻ,english,English → Sindhi,make v,ٺاهڻ ڪرائڻ جوڙڻ ٺهڻ ٿيڻ,,SindhiLanguage.org,https://sindhilanguage.org/,Amar Fayaz Buriro (امر فياض ٻرڙو),Make (v),Make (v),HEADWORD_WITH_LABEL,make,HEADWORD_VARIANT_SAME_SINDHI,2
slx_33d97772178a16f5,53401,Manifest (v),,,English → Sindhi,ظاهر ڪرڻ، ڏيکارڻ,english,English → Sindhi,manifest v,ظاهر ڪرڻ ڏيکارڻ,,SindhiLanguage.org,https://sindhilanguage.org/,Amar Fayaz Buriro (امر فياض ٻرڙو),Manifest (v),Manifest (v),HEADWORD_WITH_LABEL,manifest,HEADWORD_VARIANT_SAME_SINDHI,2
slx_fdd19c0b27cd03ab,53402,Manifest (n),,,English → Sindhi,جهاز جي مال جو ٻيجڪ,english,English → Sindhi,manifest n,جهاز جي مال جو ٻيجڪ,,SindhiLanguage.org,https://sindhilanguage.org/,Amar Fayaz Buriro (امر فياض ٻرڙو),Manifest (n),Manifest (n),HEADWORD_WITH_LABEL,manifest,HEADWORD_VARIANT_SAME_SINDHI,2
slx_c046f5d098b2c445,53422,Manoeuvre,,,English → Sindhi,چال، رمز، حڪمت عملي، جهازن جو قواعد,english,English → Sindhi,manoeuvre,چال رمز حڪمت عملي جهازن جو قواعد,,SindhiLanguage.org,https://sindhilanguage.org/,Amar Fayaz Buriro (امر فياض ٻرڙو),Manoeuvre,Manoeuvre,ORDINARY_HEADWORD,manoeuvre,HEADWORD_VARIANT_SAME_SINDHI,2
slx_528d5dca052c3429,53423,Manoeuvre (v),,,English → Sindhi,جڳهه بدلڻ (جهاز، سپاهه جي) تجويز سان هلائڻ,english,English → Sindhi,manoeuvre v,جڳهه بدلڻ جهاز سپاهه جي تجويز سان هلائڻ,,SindhiLanguage.org,https://sindhilanguage.org/,Amar Fayaz Buriro (امر فياض ٻرڙو),Manoeuvre (v),Manoeuvre (v),HEADWORD_WITH_LABEL,manoeuvre,HEADWORD_VARIANT_SAME_SINDHI,2
slx_be8075014a4ff5f7,53455,March (v),,,English → Sindhi,وڌڻ، ڪوچ ڪرڻ، روانو ڪرڻ,english,English → Sindhi,march v,وڌڻ ڪوچ ڪرڻ روانو ڪرڻ,,SindhiLanguage.org,https://sindhilanguage.org/,Amar Fayaz Buriro (امر فياض ٻرڙو),March (v),March (v),HEADWORD_WITH_LABEL,march,HEADWORD_VARIANT_SAME_SINDHI,2
slx_3b9c26730df3632c,53456,March,,,English → Sindhi,مارچ، انگريزي سال جو ٽيون مهينو,english,English → Sindhi,march,مارچ انگريزي سال جو ٽيون مهينو,,SindhiLanguage.org,https://sindhilanguage.org/,Amar Fayaz Buriro (امر فياض ٻرڙو),March,March,ORDINARY_HEADWORD,march,HEADWORD_VARIANT_SAME_SINDHI,2
slx_8e26fe85205be827,53531,Master,,,English → Sindhi,ڌڻي، مالڪ، استاد، ماستر، ڀڙ,english,English → Sindhi,master,ڌڻي مالڪ استاد ماستر ڀڙ,,SindhiLanguage.org,https://sindhilanguage.org/,Amar Fayaz Buriro (امر فياض ٻرڙو),Master,Master,ORDINARY_HEADWORD,master,HEADWORD_VARIANT_SAME_SINDHI,2
slx_f5a8a90b46d26465,53533,Master (v),,,English → Sindhi,ماهر ٿيڻ، چڱيءَ طرح سکڻ,english,English → Sindhi,master v,ماهر ٿيڻ چڱيء طرح سکڻ,,SindhiLanguage.org,https://sindhilanguage.org/,Amar Fayaz Buriro (امر فياض ٻرڙو),Master (v),Master (v),HEADWORD_WITH_LABEL,master,HEADWORD_VARIANT_SAME_SINDHI,2
slx_16355e7bdf5ba18b,53542,Mat,,,English → Sindhi,تڏو,english,English → Sindhi,mat,تڏو,,SindhiLanguage.org,https://sindhilanguage.org/,Amar Fayaz Buriro (امر فياض ٻرڙو),Mat,Mat,ORDINARY_HEADWORD,mat,SAME_SOURCE_HEADWORD_MULTIPLE_ROWS,2
slx_74a66142f442a68a,53543,Mat,,,English → Sindhi,جهڪو (رنگ),english,English → Sindhi,mat,جهڪو رنگ,,SindhiLanguage.org,https://sindhilanguage.org/,Amar Fayaz Buriro (امر فياض ٻرڙو),Mat,Mat,ORDINARY_HEADWORD,mat,SAME_SOURCE_HEADWORD_MULTIPLE_ROWS,2
slx_92de6fc70a685e3d,53624,Mean,,,English → Sindhi,ڪمينو، ذليل، نيچ، وچولو، وچ,english,English → Sindhi,mean,ڪمينو ذليل نيچ وچولو وچ,,SindhiLanguage.org,https://sindhilanguage.org/,Amar Fayaz Buriro (امر فياض ٻرڙو),Mean,Mean,ORDINARY_HEADWORD,mean,HEADWORD_VARIANT_SAME_SINDHI,2
slx_c485a199e4b73ef0,53625,Mean (v),,,English → Sindhi,ارادو ڪرڻ، چاهڻ، معنيٰ هئڻ,english,English → Sindhi,mean v,ارادو ڪرڻ چاهڻ معني هئڻ,,SindhiLanguage.org,https://sindhilanguage.org/,Amar Fayaz Buriro (امر فياض ٻرڙو),Mean (v),Mean (v),HEADWORD_WITH_LABEL,mean,HEADWORD_VARIANT_SAME_SINDHI,2
slx_71dced1a4925e17e,53640,Measure,,,English → Sindhi,ماپ، ڪڇ، وزن، پيمانو، ڪاڇو,english,English → Sindhi,measure,ماپ ڪڇ وزن پيمانو ڪاڇو,,SindhiLanguage.org,https://sindhilanguage.org/,Amar Fayaz Buriro (امر فياض ٻرڙو),Measure,Measure,ORDINARY_HEADWORD,measure,HEADWORD_VARIANT_SAME_SINDHI,2
slx_a3e395bfac9ac6ed,53642,Measure (v),,,English → Sindhi,ماپڻ، ڪڇڻ، ڪاڇو وٺڻ,english,English → Sindhi,measure v,ماپڻ ڪڇڻ ڪاڇو وٺڻ,,SindhiLanguage.org,https://sindhilanguage.org/,Amar Fayaz Buriro (امر فياض ٻرڙو),Measure (v),Measure (v),HEADWORD_WITH_LABEL,measure,HEADWORD_VARIANT_SAME_SINDHI,2
slx_b4d4df01bf6baeec,53688,Meet,,,English → Sindhi,مناسب، لائق، واجب,english,English → Sindhi,meet,مناسب لائق واجب,,SindhiLanguage.org,https://sindhilanguage.org/,Amar Fayaz Buriro (امر فياض ٻرڙو),Meet,Meet,ORDINARY_HEADWORD,meet,HEADWORD_VARIANT_SAME_SINDHI,2
slx_ebdd13bee56606ae,53689,Meet (v),,,English → Sindhi,ملڻ، گڏجڻ، گڏ ٿيڻ، سامهون ٿيڻ,english,English → Sindhi,meet v,ملڻ گڏجڻ گڏ ٿيڻ سامهون ٿيڻ,,SindhiLanguage.org,https://sindhilanguage.org/,Amar Fayaz Buriro (امر فياض ٻرڙو),Meet (v),Meet (v),HEADWORD_WITH_LABEL,meet,HEADWORD_VARIANT_SAME_SINDHI,2
slx_772ef15119682eca,53728,Mendacity,,,English → Sindhi,ڪوڙ، دغا، ڪپت، فريب,english,English → Sindhi,mendacity,ڪوڙ دغا ڪپت فريب,,SindhiLanguage.org,https://sindhilanguage.org/,Amar Fayaz Buriro (امر فياض ٻرڙو),Mendacity,Mendacity,ORDINARY_HEADWORD,mendacity,SAME_SOURCE_HEADWORD_MULTIPLE_ROWS,2
slx_f0a1a3474c958822,53730,Mendacity,,,English → Sindhi,فقيري، گدائي، گهٽ,english,English → Sindhi,mendacity,فقيري گدائي گهٽ,,SindhiLanguage.org,https://sindhilanguage.org/,Amar Fayaz Buriro (امر فياض ٻرڙو),Mendacity,Mendacity,ORDINARY_HEADWORD,mendacity,SAME_SOURCE_HEADWORD_MULTIPLE_ROWS,2
slx_91b0c89bd88b393c,53827,Mew (v),,,English → Sindhi,ميائو ميائو ڪرڻ,english,English → Sindhi,mew v,ميائو ميائو ڪرڻ,,SindhiLanguage.org,https://sindhilanguage.org/,Amar Fayaz Buriro (امر فياض ٻرڙو),Mew (v),Mew (v),HEADWORD_WITH_LABEL,mew,HEADWORD_VARIANT_SAME_SINDHI,2
slx_c3be2f03afd37425,53828,Mew,,,English → Sindhi,هڪ سامونڊي پکي، پڃرو,english,English → Sindhi,mew,هڪ سامونڊي پکي پڃرو,,SindhiLanguage.org,https://sindhilanguage.org/,Amar Fayaz Buriro (امر فياض ٻرڙو),Mew,Mew,ORDINARY_HEADWORD,mew,HEADWORD_VARIANT_SAME_SINDHI,2
slx_2af31d8039387076,53912,Mind (v),,,English → Sindhi,خبردار ٿيڻ، پرواه ڪرڻ، خيال رکڻ,english,English → Sindhi,mind v,خبردار ٿيڻ پرواه ڪرڻ خيال رکڻ,,SindhiLanguage.org,https://sindhilanguage.org/,Amar Fayaz Buriro (امر فياض ٻرڙو),Mind (v),Mind (v),HEADWORD_WITH_LABEL,mind,HEADWORD_VARIANT_SAME_SINDHI,2
slx_69042e03e26bf6b4,53915,Mind,,,English → Sindhi,مرضي، خيال، ڌيان، من، دل,english,English → Sindhi,mind,مرضي خيال ڌيان من دل,,SindhiLanguage.org,https://sindhilanguage.org/,Amar Fayaz Buriro (امر فياض ٻرڙو),Mind,Mind,ORDINARY_HEADWORD,mind,HEADWORD_VARIANT_SAME_SINDHI,2
slx_a286e637706cedda,53953,Minute,,,English → Sindhi,منٽ، پل، ساعت,english,English → Sindhi,minute,منٽ پل ساعت,,SindhiLanguage.org,https://sindhilanguage.org/,Amar Fayaz Buriro (امر فياض ٻرڙو),Minute,Minute,ORDINARY_HEADWORD,minute,SAME_SOURCE_HEADWORD_MULTIPLE_ROWS,2
slx_4a78cfdd184745af,53957,Minute,,,English → Sindhi,ذرو، باريڪ، ننڍو، مفصل,english,English → Sindhi,minute,ذرو باريڪ ننڍو مفصل,,SindhiLanguage.org,https://sindhilanguage.org/,Amar Fayaz Buriro (امر فياض ٻرڙو),Minute,Minute,ORDINARY_HEADWORD,minute,SAME_SOURCE_HEADWORD_MULTIPLE_ROWS,2
slx_c325d3b89234b033,54010,Misconstrue,,,English → Sindhi,غلط فهمي ڪرڻ، غلط معنيٰ لڳائڻ,english,English → Sindhi,misconstrue,غلط فهمي ڪرڻ غلط معني لڳائڻ,,SindhiLanguage.org,https://sindhilanguage.org/,Amar Fayaz Buriro (امر فياض ٻرڙو),Misconstrue,Misconstrue,ORDINARY_HEADWORD,misconstrue,HEADWORD_VARIANT_SAME_SINDHI,2
slx_466b1105b174e02c,54011,Misconstrue (v),,,English → Sindhi,اُبتو سمجهڻ، غلط معنيٰ ڪڍڻ,english,English → Sindhi,misconstrue v,ابتو سمجهڻ غلط معني ڪڍڻ,,SindhiLanguage.org,https://sindhilanguage.org/,Amar Fayaz Buriro (امر فياض ٻرڙو),Misconstrue (v),Misconstrue (v),HEADWORD_WITH_LABEL,misconstrue,HEADWORD_VARIANT_SAME_SINDHI,2
slx_5d8f667ba4a91890,54069,Miss,,,English → Sindhi,ڪئناري ڇوڪري، ڀل، ويسر,english,English → Sindhi,miss,ڪئناري ڇوڪري ڀل ويسر,,SindhiLanguage.org,https://sindhilanguage.org/,Amar Fayaz Buriro (امر فياض ٻرڙو),Miss,Miss,ORDINARY_HEADWORD,miss,HEADWORD_VARIANT_SAME_SINDHI,2
slx_e639cbad4e0c8f04,54070,Miss (v),,,English → Sindhi,گسڻ، هٿان وڃڻ، ياد ڪرڻ,english,English → Sindhi,miss v,گسڻ هٿان وڃڻ ياد ڪرڻ,,SindhiLanguage.org,https://sindhilanguage.org/,Amar Fayaz Buriro (امر فياض ٻرڙو),Miss (v),Miss (v),HEADWORD_WITH_LABEL,miss,HEADWORD_VARIANT_SAME_SINDHI,2
slx_82f6d8790e66fdbc,54137,Model,,,English → Sindhi,نمونو، شڪل، نقشو، قالب,english,English → Sindhi,model,نمونو شڪل نقشو قالب,,SindhiLanguage.org,https://sindhilanguage.org/,Amar Fayaz Buriro (امر فياض ٻرڙو),Model,Model,ORDINARY_HEADWORD,model,HEADWORD_VARIANT_SAME_SINDHI,2
slx_04d2f17ca2be97df,54138,Model (v),,,English → Sindhi,گهڙڻ، نموني تي ٺاهڻ، نقشو ٺاهڻ,english,English → Sindhi,model v,گهڙڻ نموني تي ٺاهڻ نقشو ٺاهڻ,,SindhiLanguage.org,https://sindhilanguage.org/,Amar Fayaz Buriro (امر فياض ٻرڙو),Model (v),Model (v),HEADWORD_WITH_LABEL,model,HEADWORD_VARIANT_SAME_SINDHI,2
slx_2f4d384247fe61ae,54139,Moderate,,,English → Sindhi,پورو پنو، واجبي، اعتدال,english,English → Sindhi,moderate,پورو پنو واجبي اعتدال,,SindhiLanguage.org,https://sindhilanguage.org/,Amar Fayaz Buriro (امر فياض ٻرڙو),Moderate,Moderate,ORDINARY_HEADWORD,moderate,HEADWORD_VARIANT_SAME_SINDHI,2
slx_f48a059fc58deb6c,54140,Moderate (v),,,English → Sindhi,پورو پنو ڪرڻ، گهٽائڻ، هلڪو ڪرڻ,english,English → Sindhi,moderate v,پورو پنو ڪرڻ گهٽائڻ هلڪو ڪرڻ,,SindhiLanguage.org,https://sindhilanguage.org/,Amar Fayaz Buriro (امر فياض ٻرڙو),Moderate (v),Moderate (v),HEADWORD_WITH_LABEL,moderate,HEADWORD_VARIANT_SAME_SINDHI,2
slx_5194bcb21157a3f8,54166,Mole,,,English → Sindhi,تر، آسو، خال، بندر,english,English → Sindhi,mole,تر آسو خال بندر,,SindhiLanguage.org,https://sindhilanguage.org/,Amar Fayaz Buriro (امر فياض ٻرڙو),Mole,Mole,ORDINARY_HEADWORD,mole,SAME_SOURCE_HEADWORD_MULTIPLE_ROWS,2
slx_b55a5b3d6acaac9d,54169,Mole,,,English → Sindhi,انڌو ڪوئو,english,English → Sindhi,mole,انڌو ڪوئو,,SindhiLanguage.org,https://sindhilanguage.org/,Amar Fayaz Buriro (امر فياض ٻرڙو),Mole,Mole,ORDINARY_HEADWORD,mole,SAME_SOURCE_HEADWORD_MULTIPLE_ROWS,2
slx_9278414fcb9502b5,54198,Paper money,,,English → Sindhi,نوٽ، هنڊي,english,English → Sindhi,paper money,نوٽ هنڊي,,SindhiLanguage.org,https://sindhilanguage.org/,Amar Fayaz Buriro (امر فياض ٻرڙو),Paper money,Paper money,ORDINARY_HEADWORD,paper money,SAME_SOURCE_HEADWORD_MULTIPLE_ROWS,2
slx_026b9dfd8711e6ed,55920,Paper money,,,English → Sindhi,نوٽ,english,English → Sindhi,paper money,نوٽ,,SindhiLanguage.org,https://sindhilanguage.org/,Amar Fayaz Buriro (امر فياض ٻرڙو),Paper money,Paper money,ORDINARY_HEADWORD,paper money,SAME_SOURCE_HEADWORD_MULTIPLE_ROWS,2
slx_ecf028b565443566,54254,Moor,,,English → Sindhi,حبشي، آفريڪا جو شيدي,english,English → Sindhi,moor,حبشي آفريڪا جو شيدي,,SindhiLanguage.org,https://sindhilanguage.org/,Amar Fayaz Buriro (امر فياض ٻرڙو),Moor,Moor,ORDINARY_HEADWORD,moor,HEADWORD_VARIANT_SAME_SINDHI,2
slx_0ec2ca0b316bd33c,54255,Moor (v),,,English → Sindhi,مضبوط ٻڌڻ، پڳهه هڻڻ، لنگر هڻڻ,english,English → Sindhi,moor v,مضبوط ٻڌڻ پڳهه هڻڻ لنگر هڻڻ,,SindhiLanguage.org,https://sindhilanguage.org/,Amar Fayaz Buriro (امر فياض ٻرڙو),Moor (v),Moor (v),HEADWORD_WITH_LABEL,moor,HEADWORD_VARIANT_SAME_SINDHI,2
slx_8ec73ab36cb5d052,54323,For the most part,,,English → Sindhi,اڪثر، گهڻو ڪري,english,English → Sindhi,for the most part,اڪثر گهڻو ڪري,,SindhiLanguage.org,https://sindhilanguage.org/,Amar Fayaz Buriro (امر فياض ٻرڙو),For the most part,For the most part,MULTIWORD,for the most part,SAME_SOURCE_HEADWORD_MULTIPLE_ROWS,2
slx_948c0108a053b6d9,56002,For the most part,,,English → Sindhi,اَڪثر ڪري، اَڪثري,english,English → Sindhi,for the most part,اڪثر ڪري اڪثري,,SindhiLanguage.org,https://sindhilanguage.org/,Amar Fayaz Buriro (امر فياض ٻرڙو),For the most part,For the most part,MULTIWORD,for the most part,SAME_SOURCE_HEADWORD_MULTIPLE_ROWS,2
slx_165b794a294171ab,54345,Mould,,,English → Sindhi,نرم مٽي، خاڪ، سينور,english,English → Sindhi,mould,نرم مٽي خاڪ سينور,,SindhiLanguage.org,https://sindhilanguage.org/,Amar Fayaz Buriro (امر فياض ٻرڙو),Mould,Mould,ORDINARY_HEADWORD,mould,SAME_SOURCE_HEADWORD_MULTIPLE_ROWS,2
slx_b6f472d957435e18,54346,Mould,,,English → Sindhi,قالب، سانچو، ڊول، سانچي ۾,english,English → Sindhi,mould,قالب سانچو ڊول سانچي,,SindhiLanguage.org,https://sindhilanguage.org/,Amar Fayaz Buriro (امر فياض ٻرڙو),Mould,Mould,ORDINARY_HEADWORD,mould,SAME_SOURCE_HEADWORD_MULTIPLE_ROWS,2
slx_8e50e7ddd9e7ccd8,54382,Mow (v),,,English → Sindhi,لڻڻ، گاه ڪپڻ، لابارو وجهڻ,english,English → Sindhi,mow v,لڻڻ گاه ڪپڻ لابارو وجهڻ,,SindhiLanguage.org,https://sindhilanguage.org/,Amar Fayaz Buriro (امر فياض ٻرڙو),Mow (v),Mow (v),HEADWORD_WITH_LABEL,mow,HEADWORD_VARIANT_SAME_SINDHI,2
slx_ef92919d4c99ac40,54383,Mow,,,English → Sindhi,اَنبار ان جو، دن، ڍير ان جو,english,English → Sindhi,mow,انبار ان جو دن ڍير ان جو,,SindhiLanguage.org,https://sindhilanguage.org/,Amar Fayaz Buriro (امر فياض ٻرڙو),Mow,Mow,ORDINARY_HEADWORD,mow,HEADWORD_VARIANT_SAME_SINDHI,2
slx_e3ccad6fe82549f5,54478,Navy,,,English → Sindhi,مزدور، جهاز يا واه تي مزدور، کوٽائي لاءِ مشين,english,English → Sindhi,navy,مزدور جهاز يا واه تي مزدور کوٽائي لاء مشين,,SindhiLanguage.org,https://sindhilanguage.org/,Amar Fayaz Buriro (امر فياض ٻرڙو),Navy,Navy,ORDINARY_HEADWORD,navy,SAME_SOURCE_HEADWORD_MULTIPLE_ROWS,2
slx_728400b00ef8a229,54479,Navy,,,English → Sindhi,دريائي جنگي ٻيڙو، بحري لشڪر,english,English → Sindhi,navy,دريائي جنگي ٻيڙو بحري لشڪر,,SindhiLanguage.org,https://sindhilanguage.org/,Amar Fayaz Buriro (امر فياض ٻرڙو),Navy,Navy,ORDINARY_HEADWORD,navy,SAME_SOURCE_HEADWORD_MULTIPLE_ROWS,2
slx_c5ec5bd8b3f86fb0,54491,Neat,,,English → Sindhi,صاف، سٿرو، پاڪ، پاڪيزه، اُجرو,english,English → Sindhi,neat,صاف سٿرو پاڪ پاڪيزه اجرو,,SindhiLanguage.org,https://sindhilanguage.org/,Amar Fayaz Buriro (امر فياض ٻرڙو),Neat,Neat,ORDINARY_HEADWORD,neat,SAME_SOURCE_HEADWORD_MULTIPLE_ROWS,2
slx_ee7de65afd653e63,54492,Neat,,,English → Sindhi,ڳئون، ڍڳو,english,English → Sindhi,neat,ڳئون ڍڳو,,SindhiLanguage.org,https://sindhilanguage.org/,Amar Fayaz Buriro (امر فياض ٻرڙو),Neat,Neat,ORDINARY_HEADWORD,neat,SAME_SOURCE_HEADWORD_MULTIPLE_ROWS,2
slx_1258c951827c6a76,54567,Pattern (v),,,English → Sindhi,ڌڻيءَ جي عبادت ڪرڻ، کڙڪڻ، ٺڙ ٺڙ ڪرڻ,english,English → Sindhi,pattern v,ڌڻيء جي عبادت ڪرڻ کڙڪڻ ٺڙ ٺڙ ڪرڻ,,SindhiLanguage.org,https://sindhilanguage.org/,Amar Fayaz Buriro (امر فياض ٻرڙو),Pattern (v),Pattern (v),HEADWORD_WITH_LABEL,pattern,HEADWORD_VARIANT_SAME_SINDHI,2
slx_e4a8b9eb5692f4ed,54568,Pattern,,,English → Sindhi,نمونو، مثال، نقشو، پتلو,english,English → Sindhi,pattern,نمونو مثال نقشو پتلو,,SindhiLanguage.org,https://sindhilanguage.org/,Amar Fayaz Buriro (امر فياض ٻرڙو),Pattern,Pattern,ORDINARY_HEADWORD,pattern,HEADWORD_VARIANT_SAME_SINDHI,2
slx_9cd8be59f5a060a7,54740,Perfect (n),,,English → Sindhi,بي عيب، پورو، ڪامل، خالص، بي گناهه,english,English → Sindhi,perfect n,بي عيب پورو ڪامل خالص بي گناهه,,SindhiLanguage.org,https://sindhilanguage.org/,Amar Fayaz Buriro (امر فياض ٻرڙو),Perfect (n),Perfect (n),HEADWORD_WITH_LABEL,perfect,HEADWORD_VARIANT_SAME_SINDHI,2
slx_4d5ded863c2f1961,54741,Perfect (v),,,English → Sindhi,پورو ڪرڻ، سڌارڻ، واڌارو ڏيڻ,english,English → Sindhi,perfect v,پورو ڪرڻ سڌارڻ واڌارو ڏيڻ,,SindhiLanguage.org,https://sindhilanguage.org/,Amar Fayaz Buriro (امر فياض ٻرڙو),Perfect (v),Perfect (v),HEADWORD_WITH_LABEL,perfect,HEADWORD_VARIANT_SAME_SINDHI,2
slx_9a27b164a098f74f,54742,Present tense,,,English → Sindhi,زمان ماضي قريب,english,English → Sindhi,present tense,زمان ماضي قريب,,SindhiLanguage.org,https://sindhilanguage.org/,Amar Fayaz Buriro (امر فياض ٻرڙو),Present tense,Present tense,ORDINARY_HEADWORD,present tense,SAME_SOURCE_HEADWORD_MULTIPLE_ROWS,2
slx_1ae60345902b0e6d,56835,Present tense,,,English → Sindhi,زمان حال,english,English → Sindhi,present tense,زمان حال,,SindhiLanguage.org,https://sindhilanguage.org/,Amar Fayaz Buriro (امر فياض ٻرڙو),Present tense,Present tense,ORDINARY_HEADWORD,present tense,SAME_SOURCE_HEADWORD_MULTIPLE_ROWS,2
slx_a5a6edc718e114be,54868,Netting,,,English → Sindhi,ڄاري ٺاهڻ,english,English → Sindhi,netting,ڄاري ٺاهڻ,,SindhiLanguage.org,https://sindhilanguage.org/,Amar Fayaz Buriro (امر فياض ٻرڙو),Netting,Netting,ORDINARY_HEADWORD,netting,SAME_SOURCE_HEADWORD_MULTIPLE_ROWS,2
slx_2321505e658daf99,54871,Netting,,,English → Sindhi,ٻن نوڙن جو ڳنڍڻ,english,English → Sindhi,netting,ٻن نوڙن جو ڳنڍڻ,,SindhiLanguage.org,https://sindhilanguage.org/,Amar Fayaz Buriro (امر فياض ٻرڙو),Netting,Netting,ORDINARY_HEADWORD,netting,SAME_SOURCE_HEADWORD_MULTIPLE_ROWS,2
slx_fdbaf8402a641325,55499,Order (n),,,English → Sindhi,حڪم، ارشاد، فرمائش، ضابطو، قاعدو، طريقو,english,English → Sindhi,order n,حڪم ارشاد فرمائش ضابطو قاعدو طريقو,,SindhiLanguage.org,https://sindhilanguage.org/,Amar Fayaz Buriro (امر فياض ٻرڙو),Order (n),Order (n),HEADWORD_WITH_LABEL,order,HEADWORD_VARIANT_SAME_SINDHI,2
slx_d5f083241f8fa2c8,55500,Order (v),,,English → Sindhi,حڪم ڏيڻ، فرمائڻ، انتظام ڪرڻ، قائم ڪرڻ,english,English → Sindhi,order v,حڪم ڏيڻ فرمائڻ انتظام ڪرڻ قائم ڪرڻ,,SindhiLanguage.org,https://sindhilanguage.org/,Amar Fayaz Buriro (امر فياض ٻرڙو),Order (v),Order (v),HEADWORD_WITH_LABEL,order,HEADWORD_VARIANT_SAME_SINDHI,2
slx_8404e1157eeaecfa,55846,Pale,,,English → Sindhi,پيلو، ڦڪو، جهڪو، منهن لهي وڃڻ,english,English → Sindhi,pale,پيلو ڦڪو جهڪو منهن لهي وڃڻ,,SindhiLanguage.org,https://sindhilanguage.org/,Amar Fayaz Buriro (امر فياض ٻرڙو),Pale,Pale,ORDINARY_HEADWORD,pale,SAME_SOURCE_HEADWORD_MULTIPLE_ROWS,2
slx_2db9863f127ddcb0,55847,Pale,,,English → Sindhi,لوڙهو، حد، علائقو,english,English → Sindhi,pale,لوڙهو حد علائقو,,SindhiLanguage.org,https://sindhilanguage.org/,Amar Fayaz Buriro (امر فياض ٻرڙو),Pale,Pale,ORDINARY_HEADWORD,pale,SAME_SOURCE_HEADWORD_MULTIPLE_ROWS,2
slx_5c1a69ec4d1ad713,56000,Part,,,English → Sindhi,ڀاڱو، حصو، ٽڪر، (ناٽڪ ۾) ويس,english,English → Sindhi,part,ڀاڱو حصو ٽڪر ناٽڪ ويس,,SindhiLanguage.org,https://sindhilanguage.org/,Amar Fayaz Buriro (امر فياض ٻرڙو),Part,Part,ORDINARY_HEADWORD,part,HEADWORD_VARIANT_SAME_SINDHI,2
slx_8ce91954d444d04d,56005,Part (v),,,English → Sindhi,ورهائڻ، ڇڏائڻ، ڌار ڪرڻ، جدا ٿيڻ,english,English → Sindhi,part v,ورهائڻ ڇڏائڻ ڌار ڪرڻ جدا ٿيڻ,,SindhiLanguage.org,https://sindhilanguage.org/,Amar Fayaz Buriro (امر فياض ٻرڙو),Part (v),Part (v),HEADWORD_WITH_LABEL,part,HEADWORD_VARIANT_SAME_SINDHI,2
slx_c7f5bd50f3e11035,56018,Present,,noun,English → Sindhi,اسم حاليه,english,English → Sindhi,present,اسم حاليه,,SindhiLanguage.org,https://sindhilanguage.org/,Amar Fayaz Buriro (امر فياض ٻرڙو),Present,Present,ORDINARY_HEADWORD,present,HEADWORD_VARIANT_SAME_SINDHI,3
slx_335625fbffdfda9e,56834,Present,,,English → Sindhi,حاضر، موجود، حال جو، تحفو، سوکڙي,english,English → Sindhi,present,حاضر موجود حال جو تحفو سوکڙي,,SindhiLanguage.org,https://sindhilanguage.org/,Amar Fayaz Buriro (امر فياض ٻرڙو),Present,Present,ORDINARY_HEADWORD,present,HEADWORD_VARIANT_SAME_SINDHI,3
slx_f945c0857dea00ad,56836,Present (v),,,English → Sindhi,پيش ڪرڻ، حاضر ڪرڻ، نذرانو ڏيڻ، ملاقات ڪرائڻ,english,English → Sindhi,present v,پيش ڪرڻ حاضر ڪرڻ نذرانو ڏيڻ ملاقات ڪرائڻ,,SindhiLanguage.org,https://sindhilanguage.org/,Amar Fayaz Buriro (امر فياض ٻرڙو),Present (v),Present (v),HEADWORD_WITH_LABEL,present,HEADWORD_VARIANT_SAME_SINDHI,3
slx_d24179545b152b0f,56035,Pass,,,English → Sindhi,لنگهه، درو، سند، حالت,english,English → Sindhi,pass,لنگهه درو سند حالت,,SindhiLanguage.org,https://sindhilanguage.org/,Amar Fayaz Buriro (امر فياض ٻرڙو),Pass,Pass,ORDINARY_HEADWORD,pass,HEADWORD_VARIANT_SAME_SINDHI,2
slx_e0a1ba6a4d26effb,56043,Pass (v),,,English → Sindhi,لنگهڻ، پاس ٿيڻ، منظور ڪرڻ، گذارڻ,english,English → Sindhi,pass v,لنگهڻ پاس ٿيڻ منظور ڪرڻ گذارڻ,,SindhiLanguage.org,https://sindhilanguage.org/,Amar Fayaz Buriro (امر فياض ٻرڙو),Pass (v),Pass (v),HEADWORD_WITH_LABEL,pass,HEADWORD_VARIANT_SAME_SINDHI,2
slx_b848cbe9785dbafc,56306,Pitch,,,English → Sindhi,رال، رال لڳائڻ، ڏامر,english,English → Sindhi,pitch,رال رال لڳائڻ ڏامر,,SindhiLanguage.org,https://sindhilanguage.org/,Amar Fayaz Buriro (امر فياض ٻرڙو),Pitch,Pitch,ORDINARY_HEADWORD,pitch,HEADWORD_VARIANT_SAME_SINDHI,2
slx_203cce00b40e2bd6,56310,Pitch (v),,,English → Sindhi,کوڙڻ، ڏامر، ڪرڪيٽ جو ميدان، چوٽ,english,English → Sindhi,pitch v,کوڙڻ ڏامر ڪرڪيٽ جو ميدان چوٽ,,SindhiLanguage.org,https://sindhilanguage.org/,Amar Fayaz Buriro (امر فياض ٻرڙو),Pitch (v),Pitch (v),HEADWORD_WITH_LABEL,pitch,HEADWORD_VARIANT_SAME_SINDHI,2
slx_1ff1569e2bea8e47,56327,Place,,,English → Sindhi,جاءِ، هنڌ، عهدو، مڪان,english,English → Sindhi,place,جاء هنڌ عهدو مڪان,,SindhiLanguage.org,https://sindhilanguage.org/,Amar Fayaz Buriro (امر فياض ٻرڙو),Place,Place,ORDINARY_HEADWORD,place,SAME_SOURCE_HEADWORD_MULTIPLE_ROWS,2
slx_c7cbca9792e0fdeb,56333,Place,,,English → Sindhi,رکڻ,english,English → Sindhi,place,رکڻ,,SindhiLanguage.org,https://sindhilanguage.org/,Amar Fayaz Buriro (امر فياض ٻرڙو),Place,Place,ORDINARY_HEADWORD,place,SAME_SOURCE_HEADWORD_MULTIPLE_ROWS,2
slx_f40bf180e88b3aef,56413,Pledge (v),,,English → Sindhi,گروي رکڻ، انجام ڪرڻ، گروي، ضامن، وعدو,english,English → Sindhi,pledge v,گروي رکڻ انجام ڪرڻ گروي ضامن وعدو,,SindhiLanguage.org,https://sindhilanguage.org/,Amar Fayaz Buriro (امر فياض ٻرڙو),Pledge (v),Pledge (v),HEADWORD_WITH_LABEL,pledge,HEADWORD_VARIANT_SAME_SINDHI,2
slx_ec0750594a9fc39b,56415,Pledge,,,English → Sindhi,گرويدار,english,English → Sindhi,pledge,گرويدار,,SindhiLanguage.org,https://sindhilanguage.org/,Amar Fayaz Buriro (امر فياض ٻرڙو),Pledge,Pledge,ORDINARY_HEADWORD,pledge,HEADWORD_VARIANT_SAME_SINDHI,2
slx_1bce5dab32bd8452,56496,Point,,,English → Sindhi,نوڪ، نقطو، ٻڙي، حد، مطلب، مزو,english,English → Sindhi,point,نوڪ نقطو ٻڙي حد مطلب مزو,,SindhiLanguage.org,https://sindhilanguage.org/,Amar Fayaz Buriro (امر فياض ٻرڙو),Point,Point,ORDINARY_HEADWORD,point,HEADWORD_VARIANT_SAME_SINDHI,2
slx_73e1ed92fede3f60,56504,Point (v),,,English → Sindhi,اِشارو ڪرڻ، ڏيکارڻ، نشان ڪرڻ,english,English → Sindhi,point v,اشارو ڪرڻ ڏيکارڻ نشان ڪرڻ,,SindhiLanguage.org,https://sindhilanguage.org/,Amar Fayaz Buriro (امر فياض ٻرڙو),Point (v),Point (v),HEADWORD_WITH_LABEL,point,HEADWORD_VARIANT_SAME_SINDHI,2
slx_a127e9e36afd2855,56538,Poll,,,English → Sindhi,مٿو، چونڊ جي جاءِ، جتي ووٽ داخل آهن,english,English → Sindhi,poll,مٿو چونڊ جي جاء جتي ووٽ داخل آهن,,SindhiLanguage.org,https://sindhilanguage.org/,Amar Fayaz Buriro (امر فياض ٻرڙو),Poll,Poll,ORDINARY_HEADWORD,poll,HEADWORD_VARIANT_SAME_SINDHI,3
slx_bcdc0be4095b4cd5,56539,Poll (v),,,English → Sindhi,ووٽ وٺڻ، ڏيڻ، ملڻ,english,English → Sindhi,poll v,ووٽ وٺڻ ڏيڻ ملڻ,,SindhiLanguage.org,https://sindhilanguage.org/,Amar Fayaz Buriro (امر فياض ٻرڙو),Poll (v),Poll (v),HEADWORD_WITH_LABEL,poll,HEADWORD_VARIANT_SAME_SINDHI,3
slx_692ba6bfaa4f6cbe,56540,Poll,,,English → Sindhi,طوطو,english,English → Sindhi,poll,طوطو,,SindhiLanguage.org,https://sindhilanguage.org/,Amar Fayaz Buriro (امر فياض ٻرڙو),Poll,Poll,ORDINARY_HEADWORD,poll,HEADWORD_VARIANT_SAME_SINDHI,3
slx_96dc384fb6110ad0,56634,Post,,,English → Sindhi,ٽپال، جڳهه چونڪي، ٿنڀو,english,English → Sindhi,post,ٽپال جڳهه چونڪي ٿنڀو,,SindhiLanguage.org,https://sindhilanguage.org/,Amar Fayaz Buriro (امر فياض ٻرڙو),Post,Post,ORDINARY_HEADWORD,post,HEADWORD_VARIANT_SAME_SINDHI,2
slx_21a9bb2b8489e1ec,56635,Post (v),,,English → Sindhi,(داخلائون) کتائڻ، ٽپال ۾ وجهڻ، کڙو ڪرڻ چنبڙائڻ,english,English → Sindhi,post v,داخلائون کتائڻ ٽپال وجهڻ کڙو ڪرڻ چنبڙائڻ,,SindhiLanguage.org,https://sindhilanguage.org/,Amar Fayaz Buriro (امر فياض ٻرڙو),Post (v),Post (v),HEADWORD_WITH_LABEL,post,HEADWORD_VARIANT_SAME_SINDHI,2
slx_427da70952383f97,56683,Pound,,,English → Sindhi,اڌ سير، 20 شلنگ، سوني مهر، ڍڪ,english,English → Sindhi,pound,اڌ سير 20 شلنگ سوني مهر ڍڪ,,SindhiLanguage.org,https://sindhilanguage.org/,Amar Fayaz Buriro (امر فياض ٻرڙو),Pound,Pound,ORDINARY_HEADWORD,pound,HEADWORD_VARIANT_SAME_SINDHI,2
slx_50fb309a2af0f17a,56684,Pound (v),,,English → Sindhi,ڪٽڻ، گهوٽڻ، ڇٿڻ,english,English → Sindhi,pound v,ڪٽڻ گهوٽڻ ڇٿڻ,,SindhiLanguage.org,https://sindhilanguage.org/,Amar Fayaz Buriro (امر فياض ٻرڙو),Pound (v),Pound (v),HEADWORD_WITH_LABEL,pound,HEADWORD_VARIANT_SAME_SINDHI,2
slx_28b65c8c68d47b61,56718,Pray (v),,,English → Sindhi,عبادت ڪرڻ، عرض ڪرڻ، دعا گهرڻ,english,English → Sindhi,pray v,عبادت ڪرڻ عرض ڪرڻ دعا گهرڻ,,SindhiLanguage.org,https://sindhilanguage.org/,Amar Fayaz Buriro (امر فياض ٻرڙو),Pray (v),Pray (v),HEADWORD_WITH_LABEL,pray,HEADWORD_VARIANT_SAME_SINDHI,2
slx_e310404c236c45f8,56719,Pray,,,English → Sindhi,مهرباني ڪري، ڀلائي ڪري,english,English → Sindhi,pray,مهرباني ڪري ڀلائي ڪري,,SindhiLanguage.org,https://sindhilanguage.org/,Amar Fayaz Buriro (امر فياض ٻرڙو),Pray,Pray,ORDINARY_HEADWORD,pray,HEADWORD_VARIANT_SAME_SINDHI,2
slx_b9d515423f8edb25,56850,Press (v),,,English → Sindhi,دٻڻ، نپوڙڻ، مجبور ڪرڻ، تڪليف ڏيڻ، ڇاپڻ,english,English → Sindhi,press v,دٻڻ نپوڙڻ مجبور ڪرڻ تڪليف ڏيڻ ڇاپڻ,,SindhiLanguage.org,https://sindhilanguage.org/,Amar Fayaz Buriro (امر فياض ٻرڙو),Press (v),Press (v),HEADWORD_WITH_LABEL,press,HEADWORD_VARIANT_SAME_SINDHI,2
slx_bf50ce0e3e57f1b9,56852,Press,,,English → Sindhi,ڇاپخانو، چيچڙو، گپا گيهه ضرورت,english,English → Sindhi,press,ڇاپخانو چيچڙو گپا گيهه ضرورت,,SindhiLanguage.org,https://sindhilanguage.org/,Amar Fayaz Buriro (امر فياض ٻرڙو),Press,Press,ORDINARY_HEADWORD,press,HEADWORD_VARIANT_SAME_SINDHI,2
slx_03c7e42847cbb95a,57034,Project,,,English → Sindhi,تجويز، نقشو، رٿ، منصوبو,english,English → Sindhi,project,تجويز نقشو رٿ منصوبو,,SindhiLanguage.org,https://sindhilanguage.org/,Amar Fayaz Buriro (امر فياض ٻرڙو),Project,Project,ORDINARY_HEADWORD,project,HEADWORD_VARIANT_SAME_SINDHI,2
slx_f8952785ba3ffd14,57035,Project (v),,,English → Sindhi,رٿڻ، سٽڻ، نڪري بيهڻ، اڳياڻ اڇلڻ,english,English → Sindhi,project v,رٿڻ سٽڻ نڪري بيهڻ اڳياڻ اڇلڻ,,SindhiLanguage.org,https://sindhilanguage.org/,Amar Fayaz Buriro (امر فياض ٻرڙو),Project (v),Project (v),HEADWORD_WITH_LABEL,project,HEADWORD_VARIANT_SAME_SINDHI,2
slx_2c4974242abb2c95,57242,Pulse,,,English → Sindhi,دال,english,English → Sindhi,pulse,دال,,SindhiLanguage.org,https://sindhilanguage.org/,Amar Fayaz Buriro (امر فياض ٻرڙو),Pulse,Pulse,ORDINARY_HEADWORD,pulse,SAME_SOURCE_HEADWORD_MULTIPLE_ROWS,2
slx_06784f25674c31d1,57243,Pulse,,,English → Sindhi,نبض، حرڪت، ڌڙڪو,english,English → Sindhi,pulse,نبض حرڪت ڌڙڪو,,SindhiLanguage.org,https://sindhilanguage.org/,Amar Fayaz Buriro (امر فياض ٻرڙو),Pulse,Pulse,ORDINARY_HEADWORD,pulse,SAME_SOURCE_HEADWORD_MULTIPLE_ROWS,2
slx_dd4f52117a52bfed,57370,Quack (n),,,English → Sindhi,دولابي، عطائي نيم حڪيم، نيم طبيب,english,English → Sindhi,quack n,دولابي عطائي نيم حڪيم نيم طبيب,,SindhiLanguage.org,https://sindhilanguage.org/,Amar Fayaz Buriro (امر فياض ٻرڙو),Quack (n),Quack (n),HEADWORD_WITH_LABEL,quack,HEADWORD_VARIANT_SAME_SINDHI,2
slx_1cc556075ffd587d,57371,Quack (v),,,English → Sindhi,بدڪ وانگر آواز ڪرڻ، ٻٽاڪ هڻڻ,english,English → Sindhi,quack v,بدڪ وانگر آواز ڪرڻ ٻٽاڪ هڻڻ,,SindhiLanguage.org,https://sindhilanguage.org/,Amar Fayaz Buriro (امر فياض ٻرڙو),Quack (v),Quack (v),HEADWORD_WITH_LABEL,quack,HEADWORD_VARIANT_SAME_SINDHI,2
slx_581ec03e5a50b4f8,57392,Quail (v),,,English → Sindhi,ڊڄي وڃڻ، ڌمڪجي وڃڻ، ڊيڄارڻ,english,English → Sindhi,quail v,ڊڄي وڃڻ ڌمڪجي وڃڻ ڊيڄارڻ,,SindhiLanguage.org,https://sindhilanguage.org/,Amar Fayaz Buriro (امر فياض ٻرڙو),Quail (v),Quail (v),HEADWORD_WITH_LABEL,quail,HEADWORD_VARIANT_SAME_SINDHI,2
slx_9a52745ee8c5c7c4,57663,Quail (n),,,English → Sindhi,هڪ قسم جو پکي (ٻٽيرو),english,English → Sindhi,quail n,هڪ قسم جو پکي ٻٽيرو,,SindhiLanguage.org,https://sindhilanguage.org/,Amar Fayaz Buriro (امر فياض ٻرڙو),Quail (n),Quail (n),HEADWORD_WITH_LABEL,quail,HEADWORD_VARIANT_SAME_SINDHI,2
slx_4b4191b2b29d0540,57404,Roar,,,English → Sindhi,گوڙ، گجگوڙ، رڙ، گجڪار,english,English → Sindhi,roar,گوڙ گجگوڙ رڙ گجڪار,,SindhiLanguage.org,https://sindhilanguage.org/,Amar Fayaz Buriro (امر فياض ٻرڙو),Roar,Roar,ORDINARY_HEADWORD,roar,HEADWORD_VARIANT_SAME_SINDHI,2
slx_0bd56c95dc881848,57405,Roar (v),,,English → Sindhi,گجگوڙ ڪرڻ، گجڻ، واڪا ڪرڻ,english,English → Sindhi,roar v,گجگوڙ ڪرڻ گجڻ واڪا ڪرڻ,,SindhiLanguage.org,https://sindhilanguage.org/,Amar Fayaz Buriro (امر فياض ٻرڙو),Roar (v),Roar (v),HEADWORD_WITH_LABEL,roar,HEADWORD_VARIANT_SAME_SINDHI,2
slx_80cacfea49cd2402,57415,Rock,,,English → Sindhi,ٽڪري، ڇپ، لوڏڻ، لڏڻ، لولي ڏيڻ، سمهارڻ,english,English → Sindhi,rock,ٽڪري ڇپ لوڏڻ لڏڻ لولي ڏيڻ سمهارڻ,,SindhiLanguage.org,https://sindhilanguage.org/,Amar Fayaz Buriro (امر فياض ٻرڙو),Rock,Rock,ORDINARY_HEADWORD,rock,HEADWORD_VARIANT_SAME_SINDHI,2
slx_3d27414c5def7a71,57445,Rock (v),,,English → Sindhi,دغا ڏيڻ، ويجهو وهڻ,english,English → Sindhi,rock v,دغا ڏيڻ ويجهو وهڻ,,SindhiLanguage.org,https://sindhilanguage.org/,Amar Fayaz Buriro (امر فياض ٻرڙو),Rock (v),Rock (v),HEADWORD_WITH_LABEL,rock,HEADWORD_VARIANT_SAME_SINDHI,2
slx_6da0afb17c55d3e3,57468,Rot,,,English → Sindhi,رجهه، ساڙ، اجائي ڳالهه,english,English → Sindhi,rot,رجهه ساڙ اجائي ڳالهه,,SindhiLanguage.org,https://sindhilanguage.org/,Amar Fayaz Buriro (امر فياض ٻرڙو),Rot,Rot,ORDINARY_HEADWORD,rot,HEADWORD_VARIANT_SAME_SINDHI,2
slx_f967cc754cc10b78,57469,Rot (v),,,English → Sindhi,سڙي وڃڻ، جلي وڃڻ، ڳرڻ، ڪنو ٿيڻ,english,English → Sindhi,rot v,سڙي وڃڻ جلي وڃڻ ڳرڻ ڪنو ٿيڻ,,SindhiLanguage.org,https://sindhilanguage.org/,Amar Fayaz Buriro (امر فياض ٻرڙو),Rot (v),Rot (v),HEADWORD_WITH_LABEL,rot,HEADWORD_VARIANT_SAME_SINDHI,2
slx_9b74be357f1aaf15,57489,Round,,,English → Sindhi,چوگرد، گهمرو، چڪر,english,English → Sindhi,round,چوگرد گهمرو چڪر,,SindhiLanguage.org,https://sindhilanguage.org/,Amar Fayaz Buriro (امر فياض ٻرڙو),Round,Round,ORDINARY_HEADWORD,round,HEADWORD_VARIANT_SAME_SINDHI,2
slx_ebeb9774ed044424,57490,Round (v),,,English → Sindhi,چوڌاري ڦرڻ، چڪر ڏيڻ,english,English → Sindhi,round v,چوڌاري ڦرڻ چڪر ڏيڻ,,SindhiLanguage.org,https://sindhilanguage.org/,Amar Fayaz Buriro (امر فياض ٻرڙو),Round (v),Round (v),HEADWORD_WITH_LABEL,round,HEADWORD_VARIANT_SAME_SINDHI,2
slx_93c95641c46d032a,57497,Rout,,,English → Sindhi,ڀاڄ، هجوم، فوج جي شڪست,english,English → Sindhi,rout,ڀاڄ هجوم فوج جي شڪست,,SindhiLanguage.org,https://sindhilanguage.org/,Amar Fayaz Buriro (امر فياض ٻرڙو),Rout,Rout,ORDINARY_HEADWORD,rout,HEADWORD_VARIANT_SAME_SINDHI,2
slx_02984ec2e8d77dfe,57498,Rout (v),,,English → Sindhi,شڪست ڏيڻ، ڀڄائڻ، اُٿارڻ,english,English → Sindhi,rout v,شڪست ڏيڻ ڀڄائڻ اٿارڻ,,SindhiLanguage.org,https://sindhilanguage.org/,Amar Fayaz Buriro (امر فياض ٻرڙو),Rout (v),Rout (v),HEADWORD_WITH_LABEL,rout,HEADWORD_VARIANT_SAME_SINDHI,2
slx_f60285caed3b8d50,57504,Row (v),,,English → Sindhi,ٻيڙي هلائڻ، قطار ٻڌڻ، ونجهه هلائڻ,english,English → Sindhi,row v,ٻيڙي هلائڻ قطار ٻڌڻ ونجهه هلائڻ,,SindhiLanguage.org,https://sindhilanguage.org/,Amar Fayaz Buriro (امر فياض ٻرڙو),Row (v),Row (v),HEADWORD_WITH_LABEL,row,HEADWORD_VARIANT_SAME_SINDHI,2
slx_f38447e657928c80,57505,Row,,,English → Sindhi,قطار، هل گوڙ، هنگامو,english,English → Sindhi,row,قطار هل گوڙ هنگامو,,SindhiLanguage.org,https://sindhilanguage.org/,Amar Fayaz Buriro (امر فياض ٻرڙو),Row,Row,ORDINARY_HEADWORD,row,HEADWORD_VARIANT_SAME_SINDHI,2
slx_562d39523b13c39c,57519,Ruby,,,English → Sindhi,لعل، ياقوت، ڇاپي جو حرف,english,English → Sindhi,ruby,لعل ياقوت ڇاپي جو حرف,,SindhiLanguage.org,https://sindhilanguage.org/,Amar Fayaz Buriro (امر فياض ٻرڙو),Ruby,Ruby,ORDINARY_HEADWORD,ruby,SAME_SOURCE_HEADWORD_MULTIPLE_ROWS,2
slx_569ca73153f52b73,57520,Ruby,,,English → Sindhi,سرخ، لال,english,English → Sindhi,ruby,سرخ لال,,SindhiLanguage.org,https://sindhilanguage.org/,Amar Fayaz Buriro (امر فياض ٻرڙو),Ruby,Ruby,ORDINARY_HEADWORD,ruby,SAME_SOURCE_HEADWORD_MULTIPLE_ROWS,2
slx_77afdc141c1e18ff,57531,Rue (v),,,English → Sindhi,ڏک ڪرڻ، ڏک ٿيڻ، رئڻ، رنج ڪرڻ,english,English → Sindhi,rue v,ڏک ڪرڻ ڏک ٿيڻ رئڻ رنج ڪرڻ,,SindhiLanguage.org,https://sindhilanguage.org/,Amar Fayaz Buriro (امر فياض ٻرڙو),Rue (v),Rue (v),HEADWORD_WITH_LABEL,rue,HEADWORD_VARIANT_SAME_SINDHI,2
slx_cbf5db6161ac5458,57532,Rue,,,English → Sindhi,ڏک، غم، صدمو، رنج,english,English → Sindhi,rue,ڏک غم صدمو رنج,,SindhiLanguage.org,https://sindhilanguage.org/,Amar Fayaz Buriro (امر فياض ٻرڙو),Rue,Rue,ORDINARY_HEADWORD,rue,HEADWORD_VARIANT_SAME_SINDHI,2
slx_0a0cd53f57b5b271,57541,Ruin,,,English → Sindhi,تباهي، بربادي، ستياناس,english,English → Sindhi,ruin,تباهي بربادي ستياناس,,SindhiLanguage.org,https://sindhilanguage.org/,Amar Fayaz Buriro (امر فياض ٻرڙو),Ruin,Ruin,ORDINARY_HEADWORD,ruin,HEADWORD_VARIANT_SAME_SINDHI,2
slx_0c015c5210eb8f03,57542,Ruin (v),,,English → Sindhi,برباد ڪرڻ، تباهه ڪرڻ، ڦٽائڻ,english,English → Sindhi,ruin v,برباد ڪرڻ تباهه ڪرڻ ڦٽائڻ,,SindhiLanguage.org,https://sindhilanguage.org/,Amar Fayaz Buriro (امر فياض ٻرڙو),Ruin (v),Ruin (v),HEADWORD_WITH_LABEL,ruin,HEADWORD_VARIANT_SAME_SINDHI,2
slx_c9ea2d7b1a6105f4,57545,Rule,,,English → Sindhi,قاعدو، دستور، حڪم، حڪومت,english,English → Sindhi,rule,قاعدو دستور حڪم حڪومت,,SindhiLanguage.org,https://sindhilanguage.org/,Amar Fayaz Buriro (امر فياض ٻرڙو),Rule,Rule,ORDINARY_HEADWORD,rule,HEADWORD_VARIANT_SAME_SINDHI,2
slx_89649ec4bf8b52e1,57547,Rule (v),,,English → Sindhi,حڪومت ڪرڻ، راڄ ڪرڻ، حڪومت هلائڻ,english,English → Sindhi,rule v,حڪومت ڪرڻ راڄ ڪرڻ حڪومت هلائڻ,,SindhiLanguage.org,https://sindhilanguage.org/,Amar Fayaz Buriro (امر فياض ٻرڙو),Rule (v),Rule (v),HEADWORD_WITH_LABEL,rule,HEADWORD_VARIANT_SAME_SINDHI,2
slx_deb69f5f837b573e,57790,Rabbet (n),,,English → Sindhi,کانچو، سوراخ، خال تختي جو,english,English → Sindhi,rabbet n,کانچو سوراخ خال تختي جو,,SindhiLanguage.org,https://sindhilanguage.org/,Amar Fayaz Buriro (امر فياض ٻرڙو),Rabbet (n),Rabbet (n),HEADWORD_WITH_LABEL,rabbet,HEADWORD_VARIANT_SAME_SINDHI,2
slx_67e6f55c74d541d4,57791,Rabbet (v),,,English → Sindhi,کانچو ٺاهڻ، سوراخ ڪرڻ,english,English → Sindhi,rabbet v,کانچو ٺاهڻ سوراخ ڪرڻ,,SindhiLanguage.org,https://sindhilanguage.org/,Amar Fayaz Buriro (امر فياض ٻرڙو),Rabbet (v),Rabbet (v),HEADWORD_WITH_LABEL,rabbet,HEADWORD_VARIANT_SAME_SINDHI,2
slx_bb238f5eb19ca33a,57797,Race,,,English → Sindhi,شرط، ٿيڻ ڊوڙڻ، قوم، خاندان، اصل بنياد,english,English → Sindhi,race,شرط ٿيڻ ڊوڙڻ قوم خاندان اصل بنياد,,SindhiLanguage.org,https://sindhilanguage.org/,Amar Fayaz Buriro (امر فياض ٻرڙو),Race,Race,ORDINARY_HEADWORD,race,HEADWORD_VARIANT_SAME_SINDHI,2
slx_dbf2576d432a1b92,57798,Race (v),,,English → Sindhi,شرط پڄائڻ، ڊوڙائڻ,english,English → Sindhi,race v,شرط پڄائڻ ڊوڙائڻ,,SindhiLanguage.org,https://sindhilanguage.org/,Amar Fayaz Buriro (امر فياض ٻرڙو),Race (v),Race (v),HEADWORD_WITH_LABEL,race,HEADWORD_VARIANT_SAME_SINDHI,2
slx_6b53904c946e9f97,57807,Rack,,,English → Sindhi,آتش دان، سامان رکڻ جو ڪاٺ جو ڪٽهڙو، شين رکڻ جو ننڍڙو تختو,english,English → Sindhi,rack,آتش دان سامان رکڻ جو ڪاٺ جو ڪٽهڙو شين رکڻ جو ننڍڙو تختو,,SindhiLanguage.org,https://sindhilanguage.org/,Amar Fayaz Buriro (امر فياض ٻرڙو),Rack,Rack,ORDINARY_HEADWORD,rack,HEADWORD_VARIANT_SAME_SINDHI,2
slx_d13539d7ded4f93c,57808,Rack (v),,,English → Sindhi,ايذاءُ ڏيڻ، تڪليف ڏيڻ,english,English → Sindhi,rack v,ايذاء ڏيڻ تڪليف ڏيڻ,,SindhiLanguage.org,https://sindhilanguage.org/,Amar Fayaz Buriro (امر فياض ٻرڙو),Rack (v),Rack (v),HEADWORD_WITH_LABEL,rack,HEADWORD_VARIANT_SAME_SINDHI,2
slx_08fc105ee660434b,57811,Racket,,,English → Sindhi,ٽيبل ٽينس يا ٽينس رهڻ جي بئٽ,english,English → Sindhi,racket,ٽيبل ٽينس يا ٽينس رهڻ جي بئٽ,,SindhiLanguage.org,https://sindhilanguage.org/,Amar Fayaz Buriro (امر فياض ٻرڙو),Racket,Racket,ORDINARY_HEADWORD,racket,SAME_SOURCE_HEADWORD_MULTIPLE_ROWS,2
slx_c349733d35fb4fed,57812,Racket,,,English → Sindhi,گوڙ گهمسان، هل، شور، معاملو (منفي),english,English → Sindhi,racket,گوڙ گهمسان هل شور معاملو منفي,,SindhiLanguage.org,https://sindhilanguage.org/,Amar Fayaz Buriro (امر فياض ٻرڙو),Racket,Racket,ORDINARY_HEADWORD,racket,SAME_SOURCE_HEADWORD_MULTIPLE_ROWS,2
slx_6e4779b21f01d4f7,57845,Rail,,,English → Sindhi,ريل، لوهه جو پٽو,english,English → Sindhi,rail,ريل لوهه جو پٽو,,SindhiLanguage.org,https://sindhilanguage.org/,Amar Fayaz Buriro (امر فياض ٻرڙو),Rail,Rail,ORDINARY_HEADWORD,rail,HEADWORD_VARIANT_SAME_SINDHI,3
slx_079c7e20491581af,57846,Rail (v),,,English → Sindhi,ملامت ڪرڻ، گاريون ڏيڻ، ٺٺولي ڪرڻ,english,English → Sindhi,rail v,ملامت ڪرڻ گاريون ڏيڻ ٺٺولي ڪرڻ,,SindhiLanguage.org,https://sindhilanguage.org/,Amar Fayaz Buriro (امر فياض ٻرڙو),Rail (v),Rail (v),HEADWORD_WITH_LABEL,rail,HEADWORD_VARIANT_SAME_SINDHI,3
slx_b15b6573d3c99c03,57847,Rail (v),,,English → Sindhi,وهي وڃڻ، وهڻ,english,English → Sindhi,rail v,وهي وڃڻ وهڻ,,SindhiLanguage.org,https://sindhilanguage.org/,Amar Fayaz Buriro (امر فياض ٻرڙو),Rail (v),Rail (v),HEADWORD_WITH_LABEL,rail,HEADWORD_VARIANT_SAME_SINDHI,3
slx_08474d073dff0f60,57870,Ram,,,English → Sindhi,گهيٽو، حمل، ڀت ڪيرائڻ جي جنگي ڪل,english,English → Sindhi,ram,گهيٽو حمل ڀت ڪيرائڻ جي جنگي ڪل,,SindhiLanguage.org,https://sindhilanguage.org/,Amar Fayaz Buriro (امر فياض ٻرڙو),Ram,Ram,ORDINARY_HEADWORD,ram,HEADWORD_VARIANT_SAME_SINDHI,2
slx_37baee314e00cbe3,57871,Ram (v),,,English → Sindhi,ٽڪرجڻ، ڀرڻ، ڌمڪ هڻڻ,english,English → Sindhi,ram v,ٽڪرجڻ ڀرڻ ڌمڪ هڻڻ,,SindhiLanguage.org,https://sindhilanguage.org/,Amar Fayaz Buriro (امر فياض ٻرڙو),Ram (v),Ram (v),HEADWORD_WITH_LABEL,ram,HEADWORD_VARIANT_SAME_SINDHI,2
slx_4d8b5da65214c70a,57896,Range,,,English → Sindhi,قطار، مفاصلو، حد، پهچ,english,English → Sindhi,range,قطار مفاصلو حد پهچ,,SindhiLanguage.org,https://sindhilanguage.org/,Amar Fayaz Buriro (امر فياض ٻرڙو),Range,Range,ORDINARY_HEADWORD,range,HEADWORD_VARIANT_SAME_SINDHI,2
slx_633d746f5169a635,57897,Range (v),,,English → Sindhi,شمار ڪرڻ، رلڻ، ٺاهي بيهارڻ,english,English → Sindhi,range v,شمار ڪرڻ رلڻ ٺاهي بيهارڻ,,SindhiLanguage.org,https://sindhilanguage.org/,Amar Fayaz Buriro (امر فياض ٻرڙو),Range (v),Range (v),HEADWORD_WITH_LABEL,range,HEADWORD_VARIANT_SAME_SINDHI,2
slx_d201d58f0405015e,57900,Rank,,,English → Sindhi,عهدو، مرتبو، زرخيز,english,English → Sindhi,rank,عهدو مرتبو زرخيز,,SindhiLanguage.org,https://sindhilanguage.org/,Amar Fayaz Buriro (امر فياض ٻرڙو),Rank,Rank,ORDINARY_HEADWORD,rank,HEADWORD_VARIANT_SAME_SINDHI,2
slx_dfb1f81df4316233,57902,Rank (v),,,English → Sindhi,شمار ڪرڻ، قطار ڪرڻ، شمارجڻ,english,English → Sindhi,rank v,شمار ڪرڻ قطار ڪرڻ شمارجڻ,,SindhiLanguage.org,https://sindhilanguage.org/,Amar Fayaz Buriro (امر فياض ٻرڙو),Rank (v),Rank (v),HEADWORD_WITH_LABEL,rank,HEADWORD_VARIANT_SAME_SINDHI,2
slx_892f0d9fb4c76c33,57907,Rap,,,English → Sindhi,ٺڙڪو، ٿڦڙ، ڌڪ,english,English → Sindhi,rap,ٺڙڪو ٿڦڙ ڌڪ,,SindhiLanguage.org,https://sindhilanguage.org/,Amar Fayaz Buriro (امر فياض ٻرڙو),Rap,Rap,ORDINARY_HEADWORD,rap,HEADWORD_VARIANT_SAME_SINDHI,2
slx_dc185ff8c03e0287,57908,Rap (v),,,English → Sindhi,ڦري وٺڻ، زوري وٺڻ، کڙڪائڻ,english,English → Sindhi,rap v,ڦري وٺڻ زوري وٺڻ کڙڪائڻ,,SindhiLanguage.org,https://sindhilanguage.org/,Amar Fayaz Buriro (امر فياض ٻرڙو),Rap (v),Rap (v),HEADWORD_WITH_LABEL,rap,HEADWORD_VARIANT_SAME_SINDHI,2
slx_fb9354de909ba731,57913,Rape,,,English → Sindhi,انگور جي ڏانڊي ۽ کل,english,English → Sindhi,rape,انگور جي ڏانڊي کل,,SindhiLanguage.org,https://sindhilanguage.org/,Amar Fayaz Buriro (امر فياض ٻرڙو),Rape,Rape,ORDINARY_HEADWORD,rape,SAME_SOURCE_HEADWORD_MULTIPLE_ROWS,2
slx_1c1758f846c6dbc8,57914,Rape,,,English → Sindhi,زوريءَ زنا، زنا بالجبر، زوريءَ پڪڙڻ,english,English → Sindhi,rape,زوريء زنا زنا بالجبر زوريء پڪڙڻ,,SindhiLanguage.org,https://sindhilanguage.org/,Amar Fayaz Buriro (امر فياض ٻرڙو),Rape,Rape,ORDINARY_HEADWORD,rape,SAME_SOURCE_HEADWORD_MULTIPLE_ROWS,2
slx_a45160e7b77f594f,57972,Ravage (v),,,English → Sindhi,برباد ڪرڻ، اجاڙڻ، ويران ڪرڻ,english,English → Sindhi,ravage v,برباد ڪرڻ اجاڙڻ ويران ڪرڻ,,SindhiLanguage.org,https://sindhilanguage.org/,Amar Fayaz Buriro (امر فياض ٻرڙو),Ravage (v),Ravage (v),HEADWORD_WITH_LABEL,ravage,HEADWORD_VARIANT_SAME_SINDHI,2
slx_b0af81eb1cd63673,57973,Ravage (n),,,English → Sindhi,بربادي، ويراني، سڃ,english,English → Sindhi,ravage n,بربادي ويراني سڃ,,SindhiLanguage.org,https://sindhilanguage.org/,Amar Fayaz Buriro (امر فياض ٻرڙو),Ravage (n),Ravage (n),HEADWORD_WITH_LABEL,ravage,HEADWORD_VARIANT_SAME_SINDHI,2
slx_5cb3cd1b1e4488c5,57978,Raven,,,English → Sindhi,هڪ قسم جو ڪانءُ، جابلو ڪانءُ,english,English → Sindhi,raven,هڪ قسم جو ڪانء جابلو ڪانء,,SindhiLanguage.org,https://sindhilanguage.org/,Amar Fayaz Buriro (امر فياض ٻرڙو),Raven,Raven,ORDINARY_HEADWORD,raven,HEADWORD_VARIANT_SAME_SINDHI,2
slx_625e3aa27ae980f8,57979,Raven (v),,,English → Sindhi,کائي وڃڻ، شڪار ڪرڻ، زبردستي وٺڻ,english,English → Sindhi,raven v,کائي وڃڻ شڪار ڪرڻ زبردستي وٺڻ,,SindhiLanguage.org,https://sindhilanguage.org/,Amar Fayaz Buriro (امر فياض ٻرڙو),Raven (v),Raven (v),HEADWORD_WITH_LABEL,raven,HEADWORD_VARIANT_SAME_SINDHI,2
slx_bb2350d2dba7833a,57987,Ray,,,English → Sindhi,ڪرڻو، ترورو، روشني ڪڍڻ,english,English → Sindhi,ray,ڪرڻو ترورو روشني ڪڍڻ,,SindhiLanguage.org,https://sindhilanguage.org/,Amar Fayaz Buriro (امر فياض ٻرڙو),Ray,Ray,ORDINARY_HEADWORD,ray,SAME_SOURCE_HEADWORD_MULTIPLE_ROWS,2
slx_0b4c511f3905f300,57988,Ray,,,English → Sindhi,رڍن جو هڪ مرض,english,English → Sindhi,ray,رڍن جو هڪ مرض,,SindhiLanguage.org,https://sindhilanguage.org/,Amar Fayaz Buriro (امر فياض ٻرڙو),Ray,Ray,ORDINARY_HEADWORD,ray,SAME_SOURCE_HEADWORD_MULTIPLE_ROWS,2
slx_95577ca8e16b4da9,58001,Read (v),,,English → Sindhi,پڙهڻ، اڀياس ڪرڻ، سکڻ,english,English → Sindhi,read v,پڙهڻ اڀياس ڪرڻ سکڻ,,SindhiLanguage.org,https://sindhilanguage.org/,Amar Fayaz Buriro (امر فياض ٻرڙو),Read (v),Read (v),HEADWORD_WITH_LABEL,read,HEADWORD_VARIANT_SAME_SINDHI,2
slx_5f165e50e74038ad,58002,Read,,,English → Sindhi,پڙهيل، عالم، ماهر,english,English → Sindhi,read,پڙهيل عالم ماهر,,SindhiLanguage.org,https://sindhilanguage.org/,Amar Fayaz Buriro (امر فياض ٻرڙو),Read,Read,ORDINARY_HEADWORD,read,HEADWORD_VARIANT_SAME_SINDHI,2
slx_0b441ca4cf9d6a85,58033,Rear (v),,,English → Sindhi,پالڻ، نپائڻ، تعليم ڏيڻ,english,English → Sindhi,rear v,پالڻ نپائڻ تعليم ڏيڻ,,SindhiLanguage.org,https://sindhilanguage.org/,Amar Fayaz Buriro (امر فياض ٻرڙو),Rear (v),Rear (v),HEADWORD_WITH_LABEL,rear,HEADWORD_VARIANT_SAME_SINDHI,2
slx_e8f32c871f103300,58034,Rear (n),,,English → Sindhi,پٺيون حصو، پڇاڙي,english,English → Sindhi,rear n,پٺيون حصو پڇاڙي,,SindhiLanguage.org,https://sindhilanguage.org/,Amar Fayaz Buriro (امر فياض ٻرڙو),Rear (n),Rear (n),HEADWORD_WITH_LABEL,rear,HEADWORD_VARIANT_SAME_SINDHI,2
slx_d8d39677f47decc9,58038,Reason,,,English → Sindhi,دليل، سبب، انصاف,english,English → Sindhi,reason,دليل سبب انصاف,,SindhiLanguage.org,https://sindhilanguage.org/,Amar Fayaz Buriro (امر فياض ٻرڙو),Reason,Reason,ORDINARY_HEADWORD,reason,HEADWORD_VARIANT_SAME_SINDHI,2
slx_d7a35718117f70a6,58039,Reason (v),,,English → Sindhi,بحث ڪرڻ، دليل ڏيڻ، مڃائڻ,english,English → Sindhi,reason v,بحث ڪرڻ دليل ڏيڻ مڃائڻ,,SindhiLanguage.org,https://sindhilanguage.org/,Amar Fayaz Buriro (امر فياض ٻرڙو),Reason (v),Reason (v),HEADWORD_WITH_LABEL,reason,HEADWORD_VARIANT_SAME_SINDHI,2
slx_285056a8e4956fd6,58130,Record,,,English → Sindhi,دفتر، تاريخ، داخلا، ڪارگذاري,english,English → Sindhi,record,دفتر تاريخ داخلا ڪارگذاري,,SindhiLanguage.org,https://sindhilanguage.org/,Amar Fayaz Buriro (امر فياض ٻرڙو),Record,Record,ORDINARY_HEADWORD,record,HEADWORD_VARIANT_SAME_SINDHI,2
slx_c455fd5e124c6594,58131,Record (v),,,English → Sindhi,داخل ڪرڻ، لکي رکڻ، دفتر ۾ داخل ڪرڻ,english,English → Sindhi,record v,داخل ڪرڻ لکي رکڻ دفتر داخل ڪرڻ,,SindhiLanguage.org,https://sindhilanguage.org/,Amar Fayaz Buriro (امر فياض ٻرڙو),Record (v),Record (v),HEADWORD_WITH_LABEL,record,HEADWORD_VARIANT_SAME_SINDHI,2
slx_f91909caa52898b7,58201,Reel,,,English → Sindhi,ريل جنهن تي ڌاڳا ويڙهيل هوندا آهن، هڪ قسم جو ناچ,english,English → Sindhi,reel,ريل جنهن تي ڌاڳا ويڙهيل هوندا آهن هڪ قسم جو ناچ,,SindhiLanguage.org,https://sindhilanguage.org/,Amar Fayaz Buriro (امر فياض ٻرڙو),Reel,Reel,ORDINARY_HEADWORD,reel,HEADWORD_VARIANT_SAME_SINDHI,2
slx_4325c6dcd875a607,58202,Reel (v),,,English → Sindhi,گهمائڻ، گهمڻ، ويڙهڻ، اوبڻ، مٿو ڦرڻ,english,English → Sindhi,reel v,گهمائڻ گهمڻ ويڙهڻ اوبڻ مٿو ڦرڻ,,SindhiLanguage.org,https://sindhilanguage.org/,Amar Fayaz Buriro (امر فياض ٻرڙو),Reel (v),Reel (v),HEADWORD_WITH_LABEL,reel,HEADWORD_VARIANT_SAME_SINDHI,2
slx_eb5d6eab12713027,58262,Refuse (v),,,English → Sindhi,انڪار ڪرڻ، جواب ڏيڻ، نه قبولڻ,english,English → Sindhi,refuse v,انڪار ڪرڻ جواب ڏيڻ نه قبولڻ,,SindhiLanguage.org,https://sindhilanguage.org/,Amar Fayaz Buriro (امر فياض ٻرڙو),Refuse (v),Refuse (v),HEADWORD_WITH_LABEL,refuse,HEADWORD_VARIANT_SAME_SINDHI,2
slx_573f7f3afaf3fc1e,58263,Refuse,,,English → Sindhi,ڪچرو، گند، اوبر,english,English → Sindhi,refuse,ڪچرو گند اوبر,,SindhiLanguage.org,https://sindhilanguage.org/,Amar Fayaz Buriro (امر فياض ٻرڙو),Refuse,Refuse,ORDINARY_HEADWORD,refuse,HEADWORD_VARIANT_SAME_SINDHI,2
slx_3935a75d40c4b91f,58273,Regard,,,English → Sindhi,لحاظ، ادب، خيال، عزت,english,English → Sindhi,regard,لحاظ ادب خيال عزت,,SindhiLanguage.org,https://sindhilanguage.org/,Amar Fayaz Buriro (امر فياض ٻرڙو),Regard,Regard,ORDINARY_HEADWORD,regard,HEADWORD_VARIANT_SAME_SINDHI,2
slx_86df6e8d758f7f0d,58274,Regard (v),,,English → Sindhi,ڀانئڻ، سمجهڻ، لحاظ رکڻ، ادب ڪرڻ,english,English → Sindhi,regard v,ڀانئڻ سمجهڻ لحاظ رکڻ ادب ڪرڻ,,SindhiLanguage.org,https://sindhilanguage.org/,Amar Fayaz Buriro (امر فياض ٻرڙو),Regard (v),Regard (v),HEADWORD_WITH_LABEL,regard,HEADWORD_VARIANT_SAME_SINDHI,2
slx_1b938c280ff40b43,58291,Register (v),,,English → Sindhi,داخل ڪرڻ، رجسٽر ڪرڻ,english,English → Sindhi,register v,داخل ڪرڻ رجسٽر ڪرڻ,,SindhiLanguage.org,https://sindhilanguage.org/,Amar Fayaz Buriro (امر فياض ٻرڙو),Register (v),Register (v),HEADWORD_WITH_LABEL,register,HEADWORD_VARIANT_SAME_SINDHI,2
slx_2df8ab8850c21637,58292,Register,,,English → Sindhi,حساب، دفتر، رجسٽر، باجي جي ڪنجي,english,English → Sindhi,register,حساب دفتر رجسٽر باجي جي ڪنجي,,SindhiLanguage.org,https://sindhilanguage.org/,Amar Fayaz Buriro (امر فياض ٻرڙو),Register,Register,ORDINARY_HEADWORD,register,HEADWORD_VARIANT_SAME_SINDHI,2
slx_866c2590b507079b,58317,Reign,,,English → Sindhi,راڄ، بادشاهي، حڪومت جو وقت,english,English → Sindhi,reign,راڄ بادشاهي حڪومت جو وقت,,SindhiLanguage.org,https://sindhilanguage.org/,Amar Fayaz Buriro (امر فياض ٻرڙو),Reign,Reign,ORDINARY_HEADWORD,reign,HEADWORD_VARIANT_SAME_SINDHI,2
slx_66502573caea5d06,58318,Reign (v),,,English → Sindhi,غالب ٿيڻ، حڪومت ڪرڻ,english,English → Sindhi,reign v,غالب ٿيڻ حڪومت ڪرڻ,,SindhiLanguage.org,https://sindhilanguage.org/,Amar Fayaz Buriro (امر فياض ٻرڙو),Reign (v),Reign (v),HEADWORD_WITH_LABEL,reign,HEADWORD_VARIANT_SAME_SINDHI,2
slx_c332680fdb70cab5,58334,Revigorate (v),,,English → Sindhi,وري طاقت ڏيڻ، وري تازو توانو ڪرڻ,english,English → Sindhi,revigorate v,وري طاقت ڏيڻ وري تازو توانو ڪرڻ,,SindhiLanguage.org,https://sindhilanguage.org/,Amar Fayaz Buriro (امر فياض ٻرڙو),Revigorate (v),Revigorate (v),HEADWORD_WITH_LABEL,revigorate,SAME_SOURCE_HEADWORD_MULTIPLE_ROWS,2
slx_e5bd9f2b8097933d,58732,Revigorate (v),,,English → Sindhi,نئين طاقت ڏيڻ، مضبوط ڪرڻ,english,English → Sindhi,revigorate v,نئين طاقت ڏيڻ مضبوط ڪرڻ,,SindhiLanguage.org,https://sindhilanguage.org/,Amar Fayaz Buriro (امر فياض ٻرڙو),Revigorate (v),Revigorate (v),HEADWORD_WITH_LABEL,revigorate,SAME_SOURCE_HEADWORD_MULTIPLE_ROWS,2
slx_c1c1016e5911a598,58360,Relay,,,English → Sindhi,گهوڙن جي ٽپال، رسد، گڏ ٿيل شيءِ,english,English → Sindhi,relay,گهوڙن جي ٽپال رسد گڏ ٿيل شيء,,SindhiLanguage.org,https://sindhilanguage.org/,Amar Fayaz Buriro (امر فياض ٻرڙو),Relay,Relay,ORDINARY_HEADWORD,relay,HEADWORD_VARIANT_SAME_SINDHI,2
slx_1141d939002ed2a0,58361,Relay (v),,,English → Sindhi,وري رکڻ، وري گڏ ڪرڻ,english,English → Sindhi,relay v,وري رکڻ وري گڏ ڪرڻ,,SindhiLanguage.org,https://sindhilanguage.org/,Amar Fayaz Buriro (امر فياض ٻرڙو),Relay (v),Relay (v),HEADWORD_WITH_LABEL,relay,HEADWORD_VARIANT_SAME_SINDHI,2
slx_7b1580107e11c6b3,58444,Rent,,,English → Sindhi,مسواڙ، ڀاڙو، ڪرايو، چير، ڦاڙ,english,English → Sindhi,rent,مسواڙ ڀاڙو ڪرايو چير ڦاڙ,,SindhiLanguage.org,https://sindhilanguage.org/,Amar Fayaz Buriro (امر فياض ٻرڙو),Rent,Rent,ORDINARY_HEADWORD,rent,HEADWORD_VARIANT_SAME_SINDHI,2
slx_42e805b2001c5bf3,58448,Rent (v),,,English → Sindhi,مسواڙ تي ڏيڻ يا وٺڻ، ڀاڙي ڪرڻ,english,English → Sindhi,rent v,مسواڙ تي ڏيڻ يا وٺڻ ڀاڙي ڪرڻ,,SindhiLanguage.org,https://sindhilanguage.org/,Amar Fayaz Buriro (امر فياض ٻرڙو),Rent (v),Rent (v),HEADWORD_WITH_LABEL,rent,HEADWORD_VARIANT_SAME_SINDHI,2
slx_f9a135e9469a8bb1,58456,Repair,,,English → Sindhi,مرمت، درستي، ماڳ، آمد رفت جي جاءِ,english,English → Sindhi,repair,مرمت درستي ماڳ آمد رفت جي جاء,,SindhiLanguage.org,https://sindhilanguage.org/,Amar Fayaz Buriro (امر فياض ٻرڙو),Repair,Repair,ORDINARY_HEADWORD,repair,HEADWORD_VARIANT_SAME_SINDHI,2
slx_9099e0c153958a92,58457,Repair (v),,,English → Sindhi,مرمت ڪرڻ، درست ڪرڻ، ٺاهڻ، وڃڻ,english,English → Sindhi,repair v,مرمت ڪرڻ درست ڪرڻ ٺاهڻ وڃڻ,,SindhiLanguage.org,https://sindhilanguage.org/,Amar Fayaz Buriro (امر فياض ٻرڙو),Repair (v),Repair (v),HEADWORD_WITH_LABEL,repair,HEADWORD_VARIANT_SAME_SINDHI,2
slx_ab77448839ecd24d,58489,Report,,,English → Sindhi,خبر، اطلاع، هل، احوال، پڪار، ڌڪاءُ توب جو,english,English → Sindhi,report,خبر اطلاع هل احوال پڪار ڌڪاء توب جو,,SindhiLanguage.org,https://sindhilanguage.org/,Amar Fayaz Buriro (امر فياض ٻرڙو),Report,Report,ORDINARY_HEADWORD,report,HEADWORD_VARIANT_SAME_SINDHI,2
slx_6bcbcad651a38d1e,58490,Report (v),,,English → Sindhi,خبر ڏيڻ، ٻڌائڻ، هلائڻ، پڪارڻ,english,English → Sindhi,report v,خبر ڏيڻ ٻڌائڻ هلائڻ پڪارڻ,,SindhiLanguage.org,https://sindhilanguage.org/,Amar Fayaz Buriro (امر فياض ٻرڙو),Report (v),Report (v),HEADWORD_WITH_LABEL,report,HEADWORD_VARIANT_SAME_SINDHI,2
slx_5460cd913c173ae0,58588,Resort,,,English → Sindhi,ملاقات، اچ وڃ، اڏو، آکاڙو، اُپاءُ,english,English → Sindhi,resort,ملاقات اچ وڃ اڏو آکاڙو اپاء,,SindhiLanguage.org,https://sindhilanguage.org/,Amar Fayaz Buriro (امر فياض ٻرڙو),Resort,Resort,ORDINARY_HEADWORD,resort,HEADWORD_VARIANT_SAME_SINDHI,2
slx_f8fa5f440f2966a1,58591,Resort (v),,,English → Sindhi,مدد وٺڻ، منهن ڏيڻ، اختيار ڪرڻ,english,English → Sindhi,resort v,مدد وٺڻ منهن ڏيڻ اختيار ڪرڻ,,SindhiLanguage.org,https://sindhilanguage.org/,Amar Fayaz Buriro (امر فياض ٻرڙو),Resort (v),Resort (v),HEADWORD_WITH_LABEL,resort,HEADWORD_VARIANT_SAME_SINDHI,2
slx_906923bba46e8803,58624,Rest,,,English → Sindhi,آرام، اطمينان، امن، باقي,english,English → Sindhi,rest,آرام اطمينان امن باقي,,SindhiLanguage.org,https://sindhilanguage.org/,Amar Fayaz Buriro (امر فياض ٻرڙو),Rest,Rest,ORDINARY_HEADWORD,rest,HEADWORD_VARIANT_SAME_SINDHI,2
slx_71da8dd9486ca95d,58626,Rest (v),,,English → Sindhi,آرام ڪرڻ، رکڻ، اختيار هئڻ، ڀاڙڻ,english,English → Sindhi,rest v,آرام ڪرڻ رکڻ اختيار هئڻ ڀاڙڻ,,SindhiLanguage.org,https://sindhilanguage.org/,Amar Fayaz Buriro (امر فياض ٻرڙو),Rest (v),Rest (v),HEADWORD_WITH_LABEL,rest,HEADWORD_VARIANT_SAME_SINDHI,2
slx_a3d3713a07b2e2b2,58647,Resume (v),,,English → Sindhi,وري وٺڻ، وري شروع ڪرڻ، موٽي ڪم تي چڙهڻ,english,English → Sindhi,resume v,وري وٺڻ وري شروع ڪرڻ موٽي ڪم تي چڙهڻ,,SindhiLanguage.org,https://sindhilanguage.org/,Amar Fayaz Buriro (امر فياض ٻرڙو),Resume (v),Resume (v),HEADWORD_WITH_LABEL,resume,HEADWORD_VARIANT_SAME_SINDHI,2
slx_a8e164e7db174ede,58648,Resume,,,English → Sindhi,خلاصو، اختصار، مختصر بيان,english,English → Sindhi,resume,خلاصو اختصار مختصر بيان,,SindhiLanguage.org,https://sindhilanguage.org/,Amar Fayaz Buriro (امر فياض ٻرڙو),Resume,Resume,ORDINARY_HEADWORD,resume,HEADWORD_VARIANT_SAME_SINDHI,2
slx_3b9c14219958f017,58724,Reverse,,,English → Sindhi,ابتو، الٽو، اونڌو، شڪست,english,English → Sindhi,reverse,ابتو الٽو اونڌو شڪست,,SindhiLanguage.org,https://sindhilanguage.org/,Amar Fayaz Buriro (امر فياض ٻرڙو),Reverse,Reverse,ORDINARY_HEADWORD,reverse,HEADWORD_VARIANT_SAME_SINDHI,2
slx_647bc0f1a8ffb1d1,58725,Reverse (v),,,English → Sindhi,ابتو ڪرڻ، رد ڪرڻ، پٺتي هلائڻ,english,English → Sindhi,reverse v,ابتو ڪرڻ رد ڪرڻ پٺتي هلائڻ,,SindhiLanguage.org,https://sindhilanguage.org/,Amar Fayaz Buriro (امر فياض ٻرڙو),Reverse (v),Reverse (v),HEADWORD_WITH_LABEL,reverse,HEADWORD_VARIANT_SAME_SINDHI,2
slx_742288cbf3e46a13,58729,Review,,,English → Sindhi,نظرثاني، پرک، قواعد,english,English → Sindhi,review,نظرثاني پرک قواعد,,SindhiLanguage.org,https://sindhilanguage.org/,Amar Fayaz Buriro (امر فياض ٻرڙو),Review,Review,ORDINARY_HEADWORD,review,HEADWORD_VARIANT_SAME_SINDHI,2
slx_569a8a1369ba8fa6,58730,Review (v),,,English → Sindhi,وري سوچڻ، نظرثاني ڪرڻ، قواعد وٺڻ، نظر مان ڪڍڻ,english,English → Sindhi,review v,وري سوچڻ نظرثاني ڪرڻ قواعد وٺڻ نظر مان ڪڍڻ,,SindhiLanguage.org,https://sindhilanguage.org/,Amar Fayaz Buriro (امر فياض ٻرڙو),Review (v),Review (v),HEADWORD_WITH_LABEL,review,HEADWORD_VARIANT_SAME_SINDHI,2
slx_9709c89bffaaabe6,58768,Rhyme,,,English → Sindhi,تڪبندي، قافيو ملائڻ,english,English → Sindhi,rhyme,تڪبندي قافيو ملائڻ,,SindhiLanguage.org,https://sindhilanguage.org/,Amar Fayaz Buriro (امر فياض ٻرڙو),Rhyme,Rhyme,ORDINARY_HEADWORD,rhyme,HEADWORD_VARIANT_SAME_SINDHI,2
slx_59983b285fde7bed,58769,Rhyme (v),,,English → Sindhi,چوڻ، شعر، قافيه تي ڪلام چوڻ,english,English → Sindhi,rhyme v,چوڻ شعر قافيه تي ڪلام چوڻ,,SindhiLanguage.org,https://sindhilanguage.org/,Amar Fayaz Buriro (امر فياض ٻرڙو),Rhyme (v),Rhyme (v),HEADWORD_WITH_LABEL,rhyme,HEADWORD_VARIANT_SAME_SINDHI,2
slx_f0eb5100facbce71,58788,Riddle (n),,,English → Sindhi,پرولي، ڳجهارت، معمو,english,English → Sindhi,riddle n,پرولي ڳجهارت معمو,,SindhiLanguage.org,https://sindhilanguage.org/,Amar Fayaz Buriro (امر فياض ٻرڙو),Riddle (n),Riddle (n),HEADWORD_WITH_LABEL,riddle,HEADWORD_VARIANT_SAME_SINDHI,2
slx_86751a72db744dcf,58789,Riddle (v),,,English → Sindhi,ڳجهارت چوڻ، پرولي ڏيڻ، ڇاڻڻ,english,English → Sindhi,riddle v,ڳجهارت چوڻ پرولي ڏيڻ ڇاڻڻ,,SindhiLanguage.org,https://sindhilanguage.org/,Amar Fayaz Buriro (امر فياض ٻرڙو),Riddle (v),Riddle (v),HEADWORD_WITH_LABEL,riddle,HEADWORD_VARIANT_SAME_SINDHI,2
slx_e0e10be4ce2241e6,58795,Ridicule,,,English → Sindhi,مسخري، کل، ٺٺولي,english,English → Sindhi,ridicule,مسخري کل ٺٺولي,,SindhiLanguage.org,https://sindhilanguage.org/,Amar Fayaz Buriro (امر فياض ٻرڙو),Ridicule,Ridicule,ORDINARY_HEADWORD,ridicule,HEADWORD_VARIANT_SAME_SINDHI,2
slx_5f57b4729aa23fa3,58796,Ridicule (v),,,English → Sindhi,مسخري ڪرڻ، کل ڪرڻ، ٺٺولي ڪرڻ,english,English → Sindhi,ridicule v,مسخري ڪرڻ کل ڪرڻ ٺٺولي ڪرڻ,,SindhiLanguage.org,https://sindhilanguage.org/,Amar Fayaz Buriro (امر فياض ٻرڙو),Ridicule (v),Ridicule (v),HEADWORD_WITH_LABEL,ridicule,HEADWORD_VARIANT_SAME_SINDHI,2
slx_8057cd9a1bf212c0,58825,Ring,,,English → Sindhi,مُنڊي، ڪڙو، ٻڌي، گهنٽي،,english,English → Sindhi,ring,منڊي ڪڙو ٻڌي گهنٽي,,SindhiLanguage.org,https://sindhilanguage.org/,Amar Fayaz Buriro (امر فياض ٻرڙو),Ring,Ring,ORDINARY_HEADWORD,ring,HEADWORD_VARIANT_SAME_SINDHI,2
slx_57e588b3a2498ab6,58826,Ring (v),,,English → Sindhi,وڄائڻ، واڄٽ، گهنٽي وڄائڻ,english,English → Sindhi,ring v,وڄائڻ واڄٽ گهنٽي وڄائڻ,,SindhiLanguage.org,https://sindhilanguage.org/,Amar Fayaz Buriro (امر فياض ٻرڙو),Ring (v),Ring (v),HEADWORD_WITH_LABEL,ring,HEADWORD_VARIANT_SAME_SINDHI,2
slx_2ba5d157feb00d68,58846,Rise,,,English → Sindhi,ترقي، واڌارو، چاڙهي، اوج,english,English → Sindhi,rise,ترقي واڌارو چاڙهي اوج,,SindhiLanguage.org,https://sindhilanguage.org/,Amar Fayaz Buriro (امر فياض ٻرڙو),Rise,Rise,ORDINARY_HEADWORD,rise,HEADWORD_VARIANT_SAME_SINDHI,2
slx_e382e22f6bca6e83,58847,Rise (v),,,English → Sindhi,اڀرڻ، وڌڻ، باغي ٿيڻ، چڙهڻ,english,English → Sindhi,rise v,اڀرڻ وڌڻ باغي ٿيڻ چڙهڻ,,SindhiLanguage.org,https://sindhilanguage.org/,Amar Fayaz Buriro (امر فياض ٻرڙو),Rise (v),Rise (v),HEADWORD_WITH_LABEL,rise,HEADWORD_VARIANT_SAME_SINDHI,2
slx_1fe0ba45c7f1265f,58851,Risk (n),,,English → Sindhi,جوکو، خطرو، ڊپ، جوکم,english,English → Sindhi,risk n,جوکو خطرو ڊپ جوکم,,SindhiLanguage.org,https://sindhilanguage.org/,Amar Fayaz Buriro (امر فياض ٻرڙو),Risk (n),Risk (n),HEADWORD_WITH_LABEL,risk,HEADWORD_VARIANT_SAME_SINDHI,2
slx_48de01b8ef38b4c7,58852,Risk (v),,,English → Sindhi,خطري ۾ وڃڻ، ڊپ ٿيڻ,english,English → Sindhi,risk v,خطري وڃڻ ڊپ ٿيڻ,,SindhiLanguage.org,https://sindhilanguage.org/,Amar Fayaz Buriro (امر فياض ٻرڙو),Risk (v),Risk (v),HEADWORD_WITH_LABEL,risk,HEADWORD_VARIANT_SAME_SINDHI,2
slx_52ca56e42acaf41f,58896,Sandal,,,English → Sindhi,چاکڙي، سينڊل,english,English → Sindhi,sandal,چاکڙي سينڊل,,SindhiLanguage.org,https://sindhilanguage.org/,Amar Fayaz Buriro (امر فياض ٻرڙو),Sandal,Sandal,ORDINARY_HEADWORD,sandal,SAME_SOURCE_HEADWORD_MULTIPLE_ROWS,2
slx_3c9eea98fca735d7,58954,Sandal,,,English → Sindhi,نازڪ سلڪ جو ڪپڙو,english,English → Sindhi,sandal,نازڪ سلڪ جو ڪپڙو,,SindhiLanguage.org,https://sindhilanguage.org/,Amar Fayaz Buriro (امر فياض ٻرڙو),Sandal,Sandal,ORDINARY_HEADWORD,sandal,SAME_SOURCE_HEADWORD_MULTIPLE_ROWS,2
slx_8476a57c307a0372,58928,Sell,,,English → Sindhi,تخت، جاءِ,english,English → Sindhi,sell,تخت جاء,,SindhiLanguage.org,https://sindhilanguage.org/,Amar Fayaz Buriro (امر فياض ٻرڙو),Sell,Sell,ORDINARY_HEADWORD,sell,HEADWORD_VARIANT_SAME_SINDHI,2
slx_4be501d55f83a17c,58929,Sell (v),,,English → Sindhi,وڪڻڻ، وڪرو ڪرڻ,english,English → Sindhi,sell v,وڪڻڻ وڪرو ڪرڻ,,SindhiLanguage.org,https://sindhilanguage.org/,Amar Fayaz Buriro (امر فياض ٻرڙو),Sell (v),Sell (v),HEADWORD_WITH_LABEL,sell,HEADWORD_VARIANT_SAME_SINDHI,2
slx_83c6dee5052497c4,59081,Sham (n),,,English → Sindhi,مڪر، بناوت، حيلو، تيتال,english,English → Sindhi,sham n,مڪر بناوت حيلو تيتال,,SindhiLanguage.org,https://sindhilanguage.org/,Amar Fayaz Buriro (امر فياض ٻرڙو),Sham (n),Sham (n),HEADWORD_WITH_LABEL,sham,HEADWORD_VARIANT_SAME_SINDHI,2
slx_1766f27f392a0f7f,59082,Sham (v),,,English → Sindhi,ڌوکو ڏيڻ، تيتال ڪرڻ,english,English → Sindhi,sham v,ڌوکو ڏيڻ تيتال ڪرڻ,,SindhiLanguage.org,https://sindhilanguage.org/,Amar Fayaz Buriro (امر فياض ٻرڙو),Sham (v),Sham (v),HEADWORD_WITH_LABEL,sham,HEADWORD_VARIANT_SAME_SINDHI,2
slx_badaaa6b76c08317,59094,Shape (v),,,English → Sindhi,صورت بنائڻ، ڊول ڏيڻ,english,English → Sindhi,shape v,صورت بنائڻ ڊول ڏيڻ,,SindhiLanguage.org,https://sindhilanguage.org/,Amar Fayaz Buriro (امر فياض ٻرڙو),Shape (v),Shape (v),HEADWORD_WITH_LABEL,shape,HEADWORD_VARIANT_SAME_SINDHI,2
slx_30adb43e7c7227ab,59095,Shape (n),,,English → Sindhi,صورت، شڪل، ڊول,english,English → Sindhi,shape n,صورت شڪل ڊول,,SindhiLanguage.org,https://sindhilanguage.org/,Amar Fayaz Buriro (امر فياض ٻرڙو),Shape (n),Shape (n),HEADWORD_WITH_LABEL,shape,HEADWORD_VARIANT_SAME_SINDHI,2
slx_2d7bf4cb2f015758,59099,Share (n),,,English → Sindhi,حصو، ڀاڱو، پتي,english,English → Sindhi,share n,حصو ڀاڱو پتي,,SindhiLanguage.org,https://sindhilanguage.org/,Amar Fayaz Buriro (امر فياض ٻرڙو),Share (n),Share (n),HEADWORD_WITH_LABEL,share,HEADWORD_VARIANT_SAME_SINDHI,2
slx_db00102b3b51097d,59100,Share (v),,,English → Sindhi,حصو ڪرڻ، ورهائڻ، پتي ڪرڻ,english,English → Sindhi,share v,حصو ڪرڻ ورهائڻ پتي ڪرڻ,,SindhiLanguage.org,https://sindhilanguage.org/,Amar Fayaz Buriro (امر فياض ٻرڙو),Share (v),Share (v),HEADWORD_WITH_LABEL,share,HEADWORD_VARIANT_SAME_SINDHI,2
slx_9a50290e760bbadb,59140,Shelter (n),,,English → Sindhi,پناهه، اَجهو، اَمن، سلامتي، حفاظت، بچاءُ,english,English → Sindhi,shelter n,پناهه اجهو امن سلامتي حفاظت بچاء,,SindhiLanguage.org,https://sindhilanguage.org/,Amar Fayaz Buriro (امر فياض ٻرڙو),Shelter (n),Shelter (n),HEADWORD_WITH_LABEL,shelter,HEADWORD_VARIANT_SAME_SINDHI,2
slx_47e28771466963b8,59141,Shelter (v),,,English → Sindhi,پناهه ڏيڻ، بچائڻ، اجهو ڏيڻ، حفاظت ڪرڻ,english,English → Sindhi,shelter v,پناهه ڏيڻ بچائڻ اجهو ڏيڻ حفاظت ڪرڻ,,SindhiLanguage.org,https://sindhilanguage.org/,Amar Fayaz Buriro (امر فياض ٻرڙو),Shelter (v),Shelter (v),HEADWORD_WITH_LABEL,shelter,HEADWORD_VARIANT_SAME_SINDHI,2
slx_e1bbd862ddb142bd,59402,Scratch (v),,,English → Sindhi,کرڙڻ، کنهڻ، رهڙڻ، رهنڊا پائڻ,english,English → Sindhi,scratch v,کرڙڻ کنهڻ رهڙڻ رهنڊا پائڻ,,SindhiLanguage.org,https://sindhilanguage.org/,Amar Fayaz Buriro (امر فياض ٻرڙو),Scratch (v),Scratch (v),HEADWORD_WITH_LABEL,scratch,HEADWORD_VARIANT_SAME_SINDHI,2
slx_fcc1770381920b1d,59403,Scratch (n),,,English → Sindhi,رهنڊ، خراش، رهڙ,english,English → Sindhi,scratch n,رهنڊ خراش رهڙ,,SindhiLanguage.org,https://sindhilanguage.org/,Amar Fayaz Buriro (امر فياض ٻرڙو),Scratch (n),Scratch (n),HEADWORD_WITH_LABEL,scratch,HEADWORD_VARIANT_SAME_SINDHI,2
slx_91737c60ec84aa1a,59464,Secret,,,English → Sindhi,لڪل، ڳجهو، درپردي، نامعلوم، راز، ڀيد، ڳجهه,english,English → Sindhi,secret,لڪل ڳجهو درپردي نامعلوم راز ڀيد ڳجهه,,SindhiLanguage.org,https://sindhilanguage.org/,Amar Fayaz Buriro (امر فياض ٻرڙو),Secret,Secret,ORDINARY_HEADWORD,secret,SAME_SOURCE_HEADWORD_MULTIPLE_ROWS,2
slx_ae1adda9ea52c3e1,59467,Secret,,,English → Sindhi,لڪائڻ، ڇپائڻ، ڳجهو رکڻ، پوشيده رکڻ,english,English → Sindhi,secret,لڪائڻ ڇپائڻ ڳجهو رکڻ پوشيده رکڻ,,SindhiLanguage.org,https://sindhilanguage.org/,Amar Fayaz Buriro (امر فياض ٻرڙو),Secret,Secret,ORDINARY_HEADWORD,secret,SAME_SOURCE_HEADWORD_MULTIPLE_ROWS,2
slx_3e0ed6f7e0a4af10,59493,See,,,English → Sindhi,پادريءَ جو دائرءِ اختيار,english,English → Sindhi,see,پادريء جو دائرء اختيار,,SindhiLanguage.org,https://sindhilanguage.org/,Amar Fayaz Buriro (امر فياض ٻرڙو),See,See,ORDINARY_HEADWORD,see,HEADWORD_VARIANT_SAME_SINDHI,2
slx_adc6fbde7401bd5e,59494,See (v),,,English → Sindhi,ڏسڻ، نظر ڪرڻ، سهي ڪرڻ، غور ڪرڻ,english,English → Sindhi,see v,ڏسڻ نظر ڪرڻ سهي ڪرڻ غور ڪرڻ,,SindhiLanguage.org,https://sindhilanguage.org/,Amar Fayaz Buriro (امر فياض ٻرڙو),See (v),See (v),HEADWORD_WITH_LABEL,see,HEADWORD_VARIANT_SAME_SINDHI,2
slx_eb2faf92d3ff9ae5,59497,Seed (n),,,English → Sindhi,ٻج، تخم، داڻو، ککڙي، نطفو، نسل,english,English → Sindhi,seed n,ٻج تخم داڻو ککڙي نطفو نسل,,SindhiLanguage.org,https://sindhilanguage.org/,Amar Fayaz Buriro (امر فياض ٻرڙو),Seed (n),Seed (n),HEADWORD_WITH_LABEL,seed,HEADWORD_VARIANT_SAME_SINDHI,2
slx_07ab718c25709eeb,59498,Seed (v),,,English → Sindhi,ٻج ڇٽڻ، تخم ريزي ڪرڻ,english,English → Sindhi,seed v,ٻج ڇٽڻ تخم ريزي ڪرڻ,,SindhiLanguage.org,https://sindhilanguage.org/,Amar Fayaz Buriro (امر فياض ٻرڙو),Seed (v),Seed (v),HEADWORD_WITH_LABEL,seed,HEADWORD_VARIANT_SAME_SINDHI,2
slx_afab3b2e2f8534ee,59653,Skid (n),,,English → Sindhi,جهاز کي بچائڻ لاءِ اَڏ، پشتي بان,english,English → Sindhi,skid n,جهاز کي بچائڻ لاء اڏ پشتي بان,,SindhiLanguage.org,https://sindhilanguage.org/,Amar Fayaz Buriro (امر فياض ٻرڙو),Skid (n),Skid (n),HEADWORD_WITH_LABEL,skid,HEADWORD_VARIANT_SAME_SINDHI,2
slx_efa31fbb46c35292,59654,Skid (v),,,English → Sindhi,ترڪڻ، گسڪي وڃڻ، گاڏيءَ جا ڦيٿا سڙي وڃڻ,english,English → Sindhi,skid v,ترڪڻ گسڪي وڃڻ گاڏيء جا ڦيٿا سڙي وڃڻ,,SindhiLanguage.org,https://sindhilanguage.org/,Amar Fayaz Buriro (امر فياض ٻرڙو),Skid (v),Skid (v),HEADWORD_WITH_LABEL,skid,HEADWORD_VARIANT_SAME_SINDHI,2
slx_8068b5848e709be8,59777,Smack (v),,,English → Sindhi,چمي وٺڻ، مزو وٺڻ، چٽڻ، چٽڪارڻ,english,English → Sindhi,smack v,چمي وٺڻ مزو وٺڻ چٽڻ چٽڪارڻ,,SindhiLanguage.org,https://sindhilanguage.org/,Amar Fayaz Buriro (امر فياض ٻرڙو),Smack (v),Smack (v),HEADWORD_WITH_LABEL,smack,HEADWORD_VARIANT_SAME_SINDHI,2
slx_b204339574502f8b,59778,Smack (n),,,English → Sindhi,چمي، چماٽ، چمي، يا چشڪي جو آواز,english,English → Sindhi,smack n,چمي چماٽ چمي يا چشڪي جو آواز,,SindhiLanguage.org,https://sindhilanguage.org/,Amar Fayaz Buriro (امر فياض ٻرڙو),Smack (n),Smack (n),HEADWORD_WITH_LABEL,smack,HEADWORD_VARIANT_SAME_SINDHI,2
slx_1128ac75d052fc71,59970,Sound (n),,,English → Sindhi,آواز، سالم، صحيح، العقل، پورو، تندرست، درست، آواز,english,English → Sindhi,sound n,آواز سالم صحيح العقل پورو تندرست درست آواز,,SindhiLanguage.org,https://sindhilanguage.org/,Amar Fayaz Buriro (امر فياض ٻرڙو),Sound (n),Sound (n),HEADWORD_WITH_LABEL,sound,HEADWORD_VARIANT_SAME_SINDHI,2
slx_d0098961de1c7f9a,59971,Sound (v),,,English → Sindhi,وڄائڻ، آواز ڪرڻ، گهرائي ماپڻ,english,English → Sindhi,sound v,وڄائڻ آواز ڪرڻ گهرائي ماپڻ,,SindhiLanguage.org,https://sindhilanguage.org/,Amar Fayaz Buriro (امر فياض ٻرڙو),Sound (v),Sound (v),HEADWORD_WITH_LABEL,sound,HEADWORD_VARIANT_SAME_SINDHI,2
slx_98faa7f313e8924c,59983,Sow,,,English → Sindhi,مادي سوئر,english,English → Sindhi,sow,مادي سوئر,,SindhiLanguage.org,https://sindhilanguage.org/,Amar Fayaz Buriro (امر فياض ٻرڙو),Sow,Sow,ORDINARY_HEADWORD,sow,HEADWORD_VARIANT_SAME_SINDHI,2
slx_358d02a13ec7337f,59984,Sow (v),,,English → Sindhi,پوکڻ، ٻج ڇٽڻ,english,English → Sindhi,sow v,پوکڻ ٻج ڇٽڻ,,SindhiLanguage.org,https://sindhilanguage.org/,Amar Fayaz Buriro (امر فياض ٻرڙو),Sow (v),Sow (v),HEADWORD_WITH_LABEL,sow,HEADWORD_VARIANT_SAME_SINDHI,2
slx_2e14064286be78eb,59991,Special,,,English → Sindhi,ڪشادگيءَ بابت,english,English → Sindhi,special,ڪشادگيء بابت,,SindhiLanguage.org,https://sindhilanguage.org/,Amar Fayaz Buriro (امر فياض ٻرڙو),Special,Special,ORDINARY_HEADWORD,special,SAME_SOURCE_HEADWORD_MULTIPLE_ROWS,2
slx_cbb9d1a622360085,60022,Special,,,English → Sindhi,خاص، عجيب، مخصوص,english,English → Sindhi,special,خاص عجيب مخصوص,,SindhiLanguage.org,https://sindhilanguage.org/,Amar Fayaz Buriro (امر فياض ٻرڙو),Special,Special,ORDINARY_HEADWORD,special,SAME_SOURCE_HEADWORD_MULTIPLE_ROWS,2
slx_4f8d5b3cbb272474,60083,Spirit,,,English → Sindhi,روح، جان، دم، زنده دلي، جوش، سرگرمي، همٿ,english,English → Sindhi,spirit,روح جان دم زنده دلي جوش سرگرمي همٿ,,SindhiLanguage.org,https://sindhilanguage.org/,Amar Fayaz Buriro (امر فياض ٻرڙو),Spirit,Spirit,ORDINARY_HEADWORD,spirit,SAME_SOURCE_HEADWORD_MULTIPLE_ROWS,2
slx_f43c37eaf5ab670d,60087,Spirit,,,English → Sindhi,ڦوهارو ڪڍڻ,english,English → Sindhi,spirit,ڦوهارو ڪڍڻ,,SindhiLanguage.org,https://sindhilanguage.org/,Amar Fayaz Buriro (امر فياض ٻرڙو),Spirit,Spirit,ORDINARY_HEADWORD,spirit,SAME_SOURCE_HEADWORD_MULTIPLE_ROWS,2
slx_8f2e160fb62d45a6,60250,State,,,English → Sindhi,حالت، وضع، طور، درجو، فرقو، رتبو، رياست، سرڪار,english,English → Sindhi,state,حالت وضع طور درجو فرقو رتبو رياست سرڪار,,SindhiLanguage.org,https://sindhilanguage.org/,Amar Fayaz Buriro (امر فياض ٻرڙو),State,State,ORDINARY_HEADWORD,state,HEADWORD_VARIANT_SAME_SINDHI,2
slx_8ac69b0c0e6ed7f7,60251,State (v),,,English → Sindhi,ظاهر ڪرڻ، عرض ڪرڻ، بيان ڪرڻ,english,English → Sindhi,state v,ظاهر ڪرڻ عرض ڪرڻ بيان ڪرڻ,,SindhiLanguage.org,https://sindhilanguage.org/,Amar Fayaz Buriro (امر فياض ٻرڙو),State (v),State (v),HEADWORD_WITH_LABEL,state,HEADWORD_VARIANT_SAME_SINDHI,2
slx_acb2e7e03b8dde78,60310,Stick,,,English → Sindhi,مصرع، تڪ، قطار، صف,english,English → Sindhi,stick,مصرع تڪ قطار صف,,SindhiLanguage.org,https://sindhilanguage.org/,Amar Fayaz Buriro (امر فياض ٻرڙو),Stick,Stick,ORDINARY_HEADWORD,stick,HEADWORD_VARIANT_SAME_SINDHI,2
slx_da7c0a8189aea5d6,60311,Stick (v),,,English → Sindhi,چهٽائڻ، چنبڙائڻ، لڳائڻ (لڪڙي، لٺ، لڪڻ ڪاٺي),english,English → Sindhi,stick v,چهٽائڻ چنبڙائڻ لڳائڻ لڪڙي لٺ لڪڻ ڪاٺي,,SindhiLanguage.org,https://sindhilanguage.org/,Amar Fayaz Buriro (امر فياض ٻرڙو),Stick (v),Stick (v),HEADWORD_WITH_LABEL,stick,HEADWORD_VARIANT_SAME_SINDHI,2
slx_1667c8acff8e1989,60322,Still (v),,,English → Sindhi,ماٺ ڪرائڻ، خاموش ڪرائڻ، چپ ڪرڻ، تسلي ڏيڻ,english,English → Sindhi,still v,ماٺ ڪرائڻ خاموش ڪرائڻ چپ ڪرڻ تسلي ڏيڻ,,SindhiLanguage.org,https://sindhilanguage.org/,Amar Fayaz Buriro (امر فياض ٻرڙو),Still (v),Still (v),HEADWORD_WITH_LABEL,still,HEADWORD_VARIANT_SAME_SINDHI,2
slx_729ae868cd6694ea,60323,Still (n),,,English → Sindhi,چپ، خاموش، ماٺ، بي حرڪت، ساڪن، بيٺل,english,English → Sindhi,still n,چپ خاموش ماٺ بي حرڪت ساڪن بيٺل,,SindhiLanguage.org,https://sindhilanguage.org/,Amar Fayaz Buriro (امر فياض ٻرڙو),Still (n),Still (n),HEADWORD_WITH_LABEL,still,HEADWORD_VARIANT_SAME_SINDHI,2
slx_5157c46d56a022d5,60358,Stone,,,English → Sindhi,پٿر، پهڻ، سنگ، جواهر، رتن، پٿري، ستن سيرن جو وزن,english,English → Sindhi,stone,پٿر پهڻ سنگ جواهر رتن پٿري ستن سيرن جو وزن,,SindhiLanguage.org,https://sindhilanguage.org/,Amar Fayaz Buriro (امر فياض ٻرڙو),Stone,Stone,ORDINARY_HEADWORD,stone,SAME_SOURCE_HEADWORD_MULTIPLE_ROWS,2
slx_2000f2a5d80c4296,60375,Stone,,,English → Sindhi,ڪن، تنور، سگري، بٺي,english,English → Sindhi,stone,ڪن تنور سگري بٺي,,SindhiLanguage.org,https://sindhilanguage.org/,Amar Fayaz Buriro (امر فياض ٻرڙو),Stone,Stone,ORDINARY_HEADWORD,stone,SAME_SOURCE_HEADWORD_MULTIPLE_ROWS,2
slx_3f3e20b224b119f4,60426,Strip (v),,,English → Sindhi,اگهاڙو ڪرڻ، ڪپڙا لاهڻ، کل لاهڻ، محروم ڪرڻ,english,English → Sindhi,strip v,اگهاڙو ڪرڻ ڪپڙا لاهڻ کل لاهڻ محروم ڪرڻ,,SindhiLanguage.org,https://sindhilanguage.org/,Amar Fayaz Buriro (امر فياض ٻرڙو),Strip (v),Strip (v),HEADWORD_WITH_LABEL,strip,HEADWORD_VARIANT_SAME_SINDHI,2
slx_8acbbd9445740da0,60427,Strip (n),,,English → Sindhi,چهبڪ، پٽي، ڦيٿ، پٽو,english,English → Sindhi,strip n,چهبڪ پٽي ڦيٿ پٽو,,SindhiLanguage.org,https://sindhilanguage.org/,Amar Fayaz Buriro (امر فياض ٻرڙو),Strip (n),Strip (n),HEADWORD_WITH_LABEL,strip,HEADWORD_VARIANT_SAME_SINDHI,2
slx_05fc4abe1096f279,60481,Subject,,,English → Sindhi,تابع، زيرحڪم، رعيت، مضمون، فاعل,english,English → Sindhi,subject,تابع زيرحڪم رعيت مضمون فاعل,,SindhiLanguage.org,https://sindhilanguage.org/,Amar Fayaz Buriro (امر فياض ٻرڙو),Subject,Subject,ORDINARY_HEADWORD,subject,HEADWORD_VARIANT_SAME_SINDHI,2
slx_55ac78c07eeabb20,60482,Subject (v),,,English → Sindhi,تابع، ڪرڻ، زيرحڪم ڪرڻ، مطيع ڪرڻ، مغلوب ڪرڻ,english,English → Sindhi,subject v,تابع ڪرڻ زيرحڪم ڪرڻ مطيع ڪرڻ مغلوب ڪرڻ,,SindhiLanguage.org,https://sindhilanguage.org/,Amar Fayaz Buriro (امر فياض ٻرڙو),Subject (v),Subject (v),HEADWORD_WITH_LABEL,subject,HEADWORD_VARIANT_SAME_SINDHI,2
slx_308370636906ea0d,60783,Swag,,,English → Sindhi,مال غنيمت، ڦر جو مال,english,English → Sindhi,swag,مال غنيمت ڦر جو مال,,SindhiLanguage.org,https://sindhilanguage.org/,Amar Fayaz Buriro (امر فياض ٻرڙو),Swag,Swag,ORDINARY_HEADWORD,swag,HEADWORD_VARIANT_SAME_SINDHI,2
slx_934e163d614f3ff6,60784,Swag (v),,,English → Sindhi,پنهنجي بار جي ڪري ٻڏڻ,english,English → Sindhi,swag v,پنهنجي بار جي ڪري ٻڏڻ,,SindhiLanguage.org,https://sindhilanguage.org/,Amar Fayaz Buriro (امر فياض ٻرڙو),Swag (v),Swag (v),HEADWORD_WITH_LABEL,swag,HEADWORD_VARIANT_SAME_SINDHI,2
slx_366e55aa9c0d5ee8,60789,Swallow,,,English → Sindhi,ابابيل پکي,english,English → Sindhi,swallow,ابابيل پکي,,SindhiLanguage.org,https://sindhilanguage.org/,Amar Fayaz Buriro (امر فياض ٻرڙو),Swallow,Swallow,ORDINARY_HEADWORD,swallow,SAME_SOURCE_HEADWORD_MULTIPLE_ROWS,2
slx_eb09e6a35a7063b1,60790,Swallow,,,English → Sindhi,ڳڙڪائڻ، جذب ڪرڻ ڳهڻ، اڳرڻ,english,English → Sindhi,swallow,ڳڙڪائڻ جذب ڪرڻ ڳهڻ اڳرڻ,,SindhiLanguage.org,https://sindhilanguage.org/,Amar Fayaz Buriro (امر فياض ٻرڙو),Swallow,Swallow,ORDINARY_HEADWORD,swallow,SAME_SOURCE_HEADWORD_MULTIPLE_ROWS,2
slx_1b0a32037daec9b4,60900,Tabard,,,English → Sindhi,هڪ قسم جو ڪوٽ,english,English → Sindhi,tabard,هڪ قسم جو ڪوٽ,,SindhiLanguage.org,https://sindhilanguage.org/,Amar Fayaz Buriro (امر فياض ٻرڙو),Tabard,Tabard,ORDINARY_HEADWORD,tabard,SAME_SOURCE_HEADWORD_MULTIPLE_ROWS,2
slx_effd083953e1e326,60904,Tabard,,,English → Sindhi,هڪ قسم جو ڪوٽ (جيڪو 15 صديءَ ۾ فوجي پائيندا هئا),english,English → Sindhi,tabard,هڪ قسم جو ڪوٽ جيڪو 15 صديء فوجي پائيندا هئا,,SindhiLanguage.org,https://sindhilanguage.org/,Amar Fayaz Buriro (امر فياض ٻرڙو),Tabard,Tabard,ORDINARY_HEADWORD,tabard,SAME_SOURCE_HEADWORD_MULTIPLE_ROWS,2
slx_f015a773e8e97be4,61375,Toast (v),,,English → Sindhi,سيڪڻ، خوب گرم ڪرڻ، ڪنهن جي سلامتيءَ جو جام پيئڻ,english,English → Sindhi,toast v,سيڪڻ خوب گرم ڪرڻ ڪنهن جي سلامتيء جو جام پيئڻ,,SindhiLanguage.org,https://sindhilanguage.org/,Amar Fayaz Buriro (امر فياض ٻرڙو),Toast (v),Toast (v),HEADWORD_WITH_LABEL,toast,HEADWORD_VARIANT_SAME_SINDHI,2
slx_bc1df2d11d6c805e,61376,Toast (n),,,English → Sindhi,ٽوسٽ، سيڪيل ڊبل روٽي، صحت جام,english,English → Sindhi,toast n,ٽوسٽ سيڪيل ڊبل روٽي صحت جام,,SindhiLanguage.org,https://sindhilanguage.org/,Amar Fayaz Buriro (امر فياض ٻرڙو),Toast (n),Toast (n),HEADWORD_WITH_LABEL,toast,HEADWORD_VARIANT_SAME_SINDHI,2
slx_0b6f65051c8e16c3,61387,Toil (v),,,English → Sindhi,محنت ڪرڻ، مشقت ڪرڻ، ڪشالو ڪرڻ,english,English → Sindhi,toil v,محنت ڪرڻ مشقت ڪرڻ ڪشالو ڪرڻ,,SindhiLanguage.org,https://sindhilanguage.org/,Amar Fayaz Buriro (امر فياض ٻرڙو),Toil (v),Toil (v),HEADWORD_WITH_LABEL,toil,HEADWORD_VARIANT_SAME_SINDHI,2
slx_d9e70918826a9590,61388,Toil (n),,,English → Sindhi,محنت، مشقت، ڪشالو,english,English → Sindhi,toil n,محنت مشقت ڪشالو,,SindhiLanguage.org,https://sindhilanguage.org/,Amar Fayaz Buriro (امر فياض ٻرڙو),Toil (n),Toil (n),HEADWORD_WITH_LABEL,toil,HEADWORD_VARIANT_SAME_SINDHI,2
slx_8c63d46c911268fc,61486,Train (v),,,English → Sindhi,ترغيب ڏيڻ، سيکارڻ، سڌارڻ، ريل ۾ مسافري ڪرڻ,english,English → Sindhi,train v,ترغيب ڏيڻ سيکارڻ سڌارڻ ريل مسافري ڪرڻ,,SindhiLanguage.org,https://sindhilanguage.org/,Amar Fayaz Buriro (امر فياض ٻرڙو),Train (v),Train (v),HEADWORD_WITH_LABEL,train,HEADWORD_VARIANT_SAME_SINDHI,2
slx_0524c77901debfa6,61487,Train (n),,,English → Sindhi,ريل گاڏي، پٺيان ايندڙ، مصاحب,english,English → Sindhi,train n,ريل گاڏي پٺيان ايندڙ مصاحب,,SindhiLanguage.org,https://sindhilanguage.org/,Amar Fayaz Buriro (امر فياض ٻرڙو),Train (n),Train (n),HEADWORD_WITH_LABEL,train,HEADWORD_VARIANT_SAME_SINDHI,2
slx_aa3c5a61bfd29187,61597,Trick,,,English → Sindhi,مڪر، فريب، حرفت، اٽڪل,english,English → Sindhi,trick,مڪر فريب حرفت اٽڪل,,SindhiLanguage.org,https://sindhilanguage.org/,Amar Fayaz Buriro (امر فياض ٻرڙو),Trick,Trick,ORDINARY_HEADWORD,trick,SAME_SOURCE_HEADWORD_MULTIPLE_ROWS,2
slx_f3875ae098310241,61598,Trick,,,English → Sindhi,پهرائڻ، سينگارڻ,english,English → Sindhi,trick,پهرائڻ سينگارڻ,,SindhiLanguage.org,https://sindhilanguage.org/,Amar Fayaz Buriro (امر فياض ٻرڙو),Trick,Trick,ORDINARY_HEADWORD,trick,SAME_SOURCE_HEADWORD_MULTIPLE_ROWS,2
slx_5fa3c27005fda027,61678,Trust (v),,,English → Sindhi,يقين ڪرڻ، ڀروسو ڪرڻ، ايمان رکڻ، اعتبار ڪرڻ,english,English → Sindhi,trust v,يقين ڪرڻ ڀروسو ڪرڻ ايمان رکڻ اعتبار ڪرڻ,,SindhiLanguage.org,https://sindhilanguage.org/,Amar Fayaz Buriro (امر فياض ٻرڙو),Trust (v),Trust (v),HEADWORD_WITH_LABEL,trust,SAME_SOURCE_HEADWORD_MULTIPLE_ROWS,2
slx_6f3db961eb54c4f5,61679,Trust (v),,,English → Sindhi,اعتماد، ڀروسو، اعتبار، يقين ويساهه,english,English → Sindhi,trust v,اعتماد ڀروسو اعتبار يقين ويساهه,,SindhiLanguage.org,https://sindhilanguage.org/,Amar Fayaz Buriro (امر فياض ٻرڙو),Trust (v),Trust (v),HEADWORD_WITH_LABEL,trust,SAME_SOURCE_HEADWORD_MULTIPLE_ROWS,2
slx_cade442d17249e58,61741,Turn (v),,,English → Sindhi,گهمائڻ، ڦيرائڻ، بدلڻ، موڙڻ، ابتو ڪرڻ,english,English → Sindhi,turn v,گهمائڻ ڦيرائڻ بدلڻ موڙڻ ابتو ڪرڻ,,SindhiLanguage.org,https://sindhilanguage.org/,Amar Fayaz Buriro (امر فياض ٻرڙو),Turn (v),Turn (v),HEADWORD_WITH_LABEL,turn,HEADWORD_VARIANT_SAME_SINDHI,2
slx_0e4bd3af2b0b20fb,61742,Turn (n),,,English → Sindhi,تبديلي، موڙ، وارو,english,English → Sindhi,turn n,تبديلي موڙ وارو,,SindhiLanguage.org,https://sindhilanguage.org/,Amar Fayaz Buriro (امر فياض ٻرڙو),Turn (n),Turn (n),HEADWORD_WITH_LABEL,turn,HEADWORD_VARIANT_SAME_SINDHI,2
slx_a2c9a82db5103e96,61782,Twig (n),,,English → Sindhi,وڻ جي ننڍي ڏاري يا شاخ,english,English → Sindhi,twig n,وڻ جي ننڍي ڏاري يا شاخ,,SindhiLanguage.org,https://sindhilanguage.org/,Amar Fayaz Buriro (امر فياض ٻرڙو),Twig (n),Twig (n),HEADWORD_WITH_LABEL,twig,HEADWORD_VARIANT_SAME_SINDHI,2
slx_faf2f5aa22043828,61783,Twig (v),,,English → Sindhi,باريڪبينيءَ سان جاچڻ، سمجهڻ,english,English → Sindhi,twig v,باريڪبينيء سان جاچڻ سمجهڻ,,SindhiLanguage.org,https://sindhilanguage.org/,Amar Fayaz Buriro (امر فياض ٻرڙو),Twig (v),Twig (v),HEADWORD_WITH_LABEL,twig,HEADWORD_VARIANT_SAME_SINDHI,2
slx_265c0527a6c64274,62442,Use,,,English → Sindhi,استعمال، گهرج، فائدو، رسم، دستور,english,English → Sindhi,use,استعمال گهرج فائدو رسم دستور,,SindhiLanguage.org,https://sindhilanguage.org/,Amar Fayaz Buriro (امر فياض ٻرڙو),Use,Use,ORDINARY_HEADWORD,use,HEADWORD_VARIANT_SAME_SINDHI,2
slx_84f8fb70e9d7cc9a,62449,Use (v),,,English → Sindhi,ڪم آڻڻ، واپرائڻ، سلوڪ ڪرڻ، خرچ ڪرڻ عادت ڪرڻ,english,English → Sindhi,use v,ڪم آڻڻ واپرائڻ سلوڪ ڪرڻ خرچ ڪرڻ عادت ڪرڻ,,SindhiLanguage.org,https://sindhilanguage.org/,Amar Fayaz Buriro (امر فياض ٻرڙو),Use (v),Use (v),HEADWORD_WITH_LABEL,use,HEADWORD_VARIANT_SAME_SINDHI,2
slx_8a53e500b07226af,62587,Veer,,,English → Sindhi,رخ ڦيرائڻ، بدلائڻ، موڙڻ، ڦيرائڻ,english,English → Sindhi,veer,رخ ڦيرائڻ بدلائڻ موڙڻ ڦيرائڻ,,SindhiLanguage.org,https://sindhilanguage.org/,Amar Fayaz Buriro (امر فياض ٻرڙو),Veer,Veer,ORDINARY_HEADWORD,veer,SAME_SOURCE_HEADWORD_MULTIPLE_ROWS,2
slx_d6c45504c1bf4bba,62738,Veer,,,English → Sindhi,هلاک ڪندڙ، ستائيندڙ,english,English → Sindhi,veer,هلاک ڪندڙ ستائيندڙ,,SindhiLanguage.org,https://sindhilanguage.org/,Amar Fayaz Buriro (امر فياض ٻرڙو),Veer,Veer,ORDINARY_HEADWORD,veer,SAME_SOURCE_HEADWORD_MULTIPLE_ROWS,2
slx_1591fad44d45a98b,62650,Venture (n),,,English → Sindhi,قسمت آزمائي، خطرو، جوکي جو ڪم,english,English → Sindhi,venture n,قسمت آزمائي خطرو جوکي جو ڪم,,SindhiLanguage.org,https://sindhilanguage.org/,Amar Fayaz Buriro (امر فياض ٻرڙو),Venture (n),Venture (n),HEADWORD_WITH_LABEL,venture,HEADWORD_VARIANT_SAME_SINDHI,2
slx_9e750ebec47c0e9d,62651,Venture (v),,,English → Sindhi,همٿ ڪرڻ، دليري ڪرڻ، قسمت آزمائي,english,English → Sindhi,venture v,همٿ ڪرڻ دليري ڪرڻ قسمت آزمائي,,SindhiLanguage.org,https://sindhilanguage.org/,Amar Fayaz Buriro (امر فياض ٻرڙو),Venture (v),Venture (v),HEADWORD_WITH_LABEL,venture,HEADWORD_VARIANT_SAME_SINDHI,2
slx_f5cbe95e945e84fd,62716,Vesicle,,,English → Sindhi,ڳوٿريءَ بابت,english,English → Sindhi,vesicle,ڳوٿريء بابت,,SindhiLanguage.org,https://sindhilanguage.org/,Amar Fayaz Buriro (امر فياض ٻرڙو),Vesicle,Vesicle,ORDINARY_HEADWORD,vesicle,SAME_SOURCE_HEADWORD_MULTIPLE_ROWS,2
slx_23c4923ce3baca56,62719,Vesicle,,,English → Sindhi,ننڍي ڳوٿري، ڦوڦينڊو، ڦوڪڻو,english,English → Sindhi,vesicle,ننڍي ڳوٿري ڦوڦينڊو ڦوڪڻو,,SindhiLanguage.org,https://sindhilanguage.org/,Amar Fayaz Buriro (امر فياض ٻرڙو),Vesicle,Vesicle,ORDINARY_HEADWORD,vesicle,SAME_SOURCE_HEADWORD_MULTIPLE_ROWS,2
slx_6fc93c836798d730,62748,Vice,,,English → Sindhi,بدڪاري، نقص، گناهه,english,English → Sindhi,vice,بدڪاري نقص گناهه,,SindhiLanguage.org,https://sindhilanguage.org/,Amar Fayaz Buriro (امر فياض ٻرڙو),Vice,Vice,ORDINARY_HEADWORD,vice,SAME_SOURCE_HEADWORD_MULTIPLE_ROWS,2
slx_2799a812fdb3c734,62749,Vice,,,English → Sindhi,قائم مقام، بجاءِ، عيوضي,english,English → Sindhi,vice,قائم مقام بجاء عيوضي,,SindhiLanguage.org,https://sindhilanguage.org/,Amar Fayaz Buriro (امر فياض ٻرڙو),Vice,Vice,ORDINARY_HEADWORD,vice,SAME_SOURCE_HEADWORD_MULTIPLE_ROWS,2
slx_163b42f0428e7d94,63014,Want,,,English → Sindhi,گهرج، ضرورت، اڻ هوند، تنگي، غريبي,english,English → Sindhi,want,گهرج ضرورت اڻ هوند تنگي غريبي,,SindhiLanguage.org,https://sindhilanguage.org/,Amar Fayaz Buriro (امر فياض ٻرڙو),Want,Want,ORDINARY_HEADWORD,want,HEADWORD_VARIANT_SAME_SINDHI,2
slx_acbb8f940bbf199f,63015,Want (v),,,English → Sindhi,گهرڻ، خواهش ڪرڻ، نه هئڻ، چاهڻ,english,English → Sindhi,want v,گهرڻ خواهش ڪرڻ نه هئڻ چاهڻ,,SindhiLanguage.org,https://sindhilanguage.org/,Amar Fayaz Buriro (امر فياض ٻرڙو),Want (v),Want (v),HEADWORD_WITH_LABEL,want,HEADWORD_VARIANT_SAME_SINDHI,2
slx_cdfb1d7be0c74b80,63024,Ward,,,English → Sindhi,سنڀال، سنڀال هيٺ صغير، زير نظر، پنڊال,english,English → Sindhi,ward,سنڀال سنڀال هيٺ صغير زير نظر پنڊال,,SindhiLanguage.org,https://sindhilanguage.org/,Amar Fayaz Buriro (امر فياض ٻرڙو),Ward,Ward,ORDINARY_HEADWORD,ward,HEADWORD_VARIANT_SAME_SINDHI,2
slx_4aef68d2fd5dd1b2,63025,Ward (v),,,English → Sindhi,نظرداري ڪرڻ، حفاظت ڪرڻ,english,English → Sindhi,ward v,نظرداري ڪرڻ حفاظت ڪرڻ,,SindhiLanguage.org,https://sindhilanguage.org/,Amar Fayaz Buriro (امر فياض ٻرڙو),Ward (v),Ward (v),HEADWORD_WITH_LABEL,ward,HEADWORD_VARIANT_SAME_SINDHI,2
slx_3326b294185d3a5e,63037,Warm,,,English → Sindhi,گرم، ڪوسو، تند مزاج,english,English → Sindhi,warm,گرم ڪوسو تند مزاج,,SindhiLanguage.org,https://sindhilanguage.org/,Amar Fayaz Buriro (امر فياض ٻرڙو),Warm,Warm,ORDINARY_HEADWORD,warm,HEADWORD_VARIANT_SAME_SINDHI,2
slx_0b09b854c4fa6887,63038,Warm (v),,,English → Sindhi,گرم ڪرڻ، سيڪڻ، تپائڻ,english,English → Sindhi,warm v,گرم ڪرڻ سيڪڻ تپائڻ,,SindhiLanguage.org,https://sindhilanguage.org/,Amar Fayaz Buriro (امر فياض ٻرڙو),Warm (v),Warm (v),HEADWORD_WITH_LABEL,warm,HEADWORD_VARIANT_SAME_SINDHI,2
slx_c3a8be0155f31901,63044,Warrant,,,English → Sindhi,گرفتاريءَ جو پروانو، حڪم نامو، سند,english,English → Sindhi,warrant,گرفتاريء جو پروانو حڪم نامو سند,,SindhiLanguage.org,https://sindhilanguage.org/,Amar Fayaz Buriro (امر فياض ٻرڙو),Warrant,Warrant,ORDINARY_HEADWORD,warrant,HEADWORD_VARIANT_SAME_SINDHI,2
slx_f39e6dc080840672,63045,Warrant (v),,,English → Sindhi,ضامن پوڻ، پڪ ڏيڻ، اختيار ڏيڻ، قائم رکڻ,english,English → Sindhi,warrant v,ضامن پوڻ پڪ ڏيڻ اختيار ڏيڻ قائم رکڻ,,SindhiLanguage.org,https://sindhilanguage.org/,Amar Fayaz Buriro (امر فياض ٻرڙو),Warrant (v),Warrant (v),HEADWORD_WITH_LABEL,warrant,HEADWORD_VARIANT_SAME_SINDHI,2
slx_7db2c14ecb849395,63053,Wash,,,English → Sindhi,بارو (متل ڳڙ ۽ ٻٻر جي ڇوڏي جنهن مان شراب ٺهي),english,English → Sindhi,wash,بارو متل ڳڙ ٻٻر جي ڇوڏي جنهن مان شراب ٺهي,,SindhiLanguage.org,https://sindhilanguage.org/,Amar Fayaz Buriro (امر فياض ٻرڙو),Wash,Wash,ORDINARY_HEADWORD,wash,HEADWORD_VARIANT_SAME_SINDHI,2
slx_c4aea3375311d5c7,63054,Wash (v),,,English → Sindhi,ڌوئڻ، وهنجڻ، رنگ ڏيڻ، قلعي ڪرڻ,english,English → Sindhi,wash v,ڌوئڻ وهنجڻ رنگ ڏيڻ قلعي ڪرڻ,,SindhiLanguage.org,https://sindhilanguage.org/,Amar Fayaz Buriro (امر فياض ٻرڙو),Wash (v),Wash (v),HEADWORD_WITH_LABEL,wash,HEADWORD_VARIANT_SAME_SINDHI,2
slx_dce231f914e2752b,63060,Waste,,,English → Sindhi,غيرآباد، سڃو، اجايو خرچ,english,English → Sindhi,waste,غيرآباد سڃو اجايو خرچ,,SindhiLanguage.org,https://sindhilanguage.org/,Amar Fayaz Buriro (امر فياض ٻرڙو),Waste,Waste,ORDINARY_HEADWORD,waste,HEADWORD_VARIANT_SAME_SINDHI,2
slx_3e1c4f513cdcdc8c,63061,Waste (v),,,English → Sindhi,غيرآباد ڪرڻ، فضول خرچي ڪرڻ، اجايو وڃائڻ,english,English → Sindhi,waste v,غيرآباد ڪرڻ فضول خرچي ڪرڻ اجايو وڃائڻ,,SindhiLanguage.org,https://sindhilanguage.org/,Amar Fayaz Buriro (امر فياض ٻرڙو),Waste (v),Waste (v),HEADWORD_WITH_LABEL,waste,HEADWORD_VARIANT_SAME_SINDHI,2
slx_a6979e1514030fba,63088,Wave,,,English → Sindhi,ڇولي، لهر، موج، لوڏو,english,English → Sindhi,wave,ڇولي لهر موج لوڏو,,SindhiLanguage.org,https://sindhilanguage.org/,Amar Fayaz Buriro (امر فياض ٻرڙو),Wave,Wave,ORDINARY_HEADWORD,wave,HEADWORD_VARIANT_SAME_SINDHI,2
slx_cbefbe0d259a7984,63089,Wave (v),,,English → Sindhi,لوڏڻ، گهمائڻ، ڦڙڪڻ، اشارو ڪرڻ,english,English → Sindhi,wave v,لوڏڻ گهمائڻ ڦڙڪڻ اشارو ڪرڻ,,SindhiLanguage.org,https://sindhilanguage.org/,Amar Fayaz Buriro (امر فياض ٻرڙو),Wave (v),Wave (v),HEADWORD_WITH_LABEL,wave,HEADWORD_VARIANT_SAME_SINDHI,2
slx_672245cda6dfc10e,63092,Wax,,,English → Sindhi,موم، ميڻ، ڄؤ، مر (ڪن جي),english,English → Sindhi,wax,موم ميڻ ڄؤ مر ڪن جي,,SindhiLanguage.org,https://sindhilanguage.org/,Amar Fayaz Buriro (امر فياض ٻرڙو),Wax,Wax,ORDINARY_HEADWORD,wax,HEADWORD_VARIANT_SAME_SINDHI,2
slx_67b23e589dbd74ec,63093,Wax (v),,,English → Sindhi,وڌڻ، گهڻو ڪرڻ، ٿيڻ، ميڻ لائڻ,english,English → Sindhi,wax v,وڌڻ گهڻو ڪرڻ ٿيڻ ميڻ لائڻ,,SindhiLanguage.org,https://sindhilanguage.org/,Amar Fayaz Buriro (امر فياض ٻرڙو),Wax (v),Wax (v),HEADWORD_WITH_LABEL,wax,HEADWORD_VARIANT_SAME_SINDHI,2
slx_b040d278b4d29f7f,63135,Weary,,,English → Sindhi,ٿڪل، ماندو، بيزار، سست,english,English → Sindhi,weary,ٿڪل ماندو بيزار سست,,SindhiLanguage.org,https://sindhilanguage.org/,Amar Fayaz Buriro (امر فياض ٻرڙو),Weary,Weary,ORDINARY_HEADWORD,weary,HEADWORD_VARIANT_SAME_SINDHI,2
slx_eaf49b26247d93c9,63136,Weary (v),,,English → Sindhi,ٿڪائڻ، بيزار ڪرڻ، ورچائڻ,english,English → Sindhi,weary v,ٿڪائڻ بيزار ڪرڻ ورچائڻ,,SindhiLanguage.org,https://sindhilanguage.org/,Amar Fayaz Buriro (امر فياض ٻرڙو),Weary (v),Weary (v),HEADWORD_WITH_LABEL,weary,HEADWORD_VARIANT_SAME_SINDHI,2
slx_ae6beb8bec594145,63139,Weather,,,English → Sindhi,موسم، مند، هوا، موسمي حالت,english,English → Sindhi,weather,موسم مند هوا موسمي حالت,,SindhiLanguage.org,https://sindhilanguage.org/,Amar Fayaz Buriro (امر فياض ٻرڙو),Weather,Weather,ORDINARY_HEADWORD,weather,HEADWORD_VARIANT_SAME_SINDHI,2
slx_fc62b3b96a1e7ba3,63144,Weather (v),,,English → Sindhi,هوا ڏيڻ، هوا ۾ رکڻ، طوفان سهڻ، مصيبتون جهلڻ,english,English → Sindhi,weather v,هوا ڏيڻ هوا رکڻ طوفان سهڻ مصيبتون جهلڻ,,SindhiLanguage.org,https://sindhilanguage.org/,Amar Fayaz Buriro (امر فياض ٻرڙو),Weather (v),Weather (v),HEADWORD_WITH_LABEL,weather,HEADWORD_VARIANT_SAME_SINDHI,2
slx_88ede032798ca2f3,63157,Weed,,,English → Sindhi,ڪک پن، ڪن ڪچرو، بيڪار شيءِ,english,English → Sindhi,weed,ڪک پن ڪن ڪچرو بيڪار شيء,,SindhiLanguage.org,https://sindhilanguage.org/,Amar Fayaz Buriro (امر فياض ٻرڙو),Weed,Weed,ORDINARY_HEADWORD,weed,HEADWORD_VARIANT_SAME_SINDHI,2
slx_d21297ed52c1258e,63159,Weed (v),,,English → Sindhi,ڪک چونڊڻ، سوئي صاف ڪرڻ، رءَ ڍڪڻ,english,English → Sindhi,weed v,ڪک چونڊڻ سوئي صاف ڪرڻ رء ڍڪڻ,,SindhiLanguage.org,https://sindhilanguage.org/,Amar Fayaz Buriro (امر فياض ٻرڙو),Weed (v),Weed (v),HEADWORD_WITH_LABEL,weed,HEADWORD_VARIANT_SAME_SINDHI,2
slx_d5f95a65ad8db5ec,63175,Welcome (v),,,English → Sindhi,آڌرڀاءُ، تعظيم، مرحبا,english,English → Sindhi,welcome v,آڌرڀاء تعظيم مرحبا,,SindhiLanguage.org,https://sindhilanguage.org/,Amar Fayaz Buriro (امر فياض ٻرڙو),Welcome (v),Welcome (v),HEADWORD_WITH_LABEL,welcome,SAME_SOURCE_HEADWORD_MULTIPLE_ROWS,2
slx_3f54295beebb8592,63176,Welcome (v),,,English → Sindhi,آڌرڀاءُ ڪرڻ، کيڪارڻ، مرحبا چوڻ,english,English → Sindhi,welcome v,آڌرڀاء ڪرڻ کيڪارڻ مرحبا چوڻ,,SindhiLanguage.org,https://sindhilanguage.org/,Amar Fayaz Buriro (امر فياض ٻرڙو),Welcome (v),Welcome (v),HEADWORD_WITH_LABEL,welcome,SAME_SOURCE_HEADWORD_MULTIPLE_ROWS,2
slx_64751af367a44ff0,63253,Widen (v),,,English → Sindhi,وسيع ڪرڻ، ويڪرو ڪرڻ، ڦهلائڻ,english,English → Sindhi,widen v,وسيع ڪرڻ ويڪرو ڪرڻ ڦهلائڻ,,SindhiLanguage.org,https://sindhilanguage.org/,Amar Fayaz Buriro (امر فياض ٻرڙو),Widen (v),Widen (v),HEADWORD_WITH_LABEL,widen,SAME_SOURCE_HEADWORD_MULTIPLE_ROWS,2
slx_e175af9e259c4940,63258,Widen (v),,,English → Sindhi,ڪشادو ڪرڻ، ويڪرو ڪرڻ، چوڙو ڪرڻ، زياده ڪرڻ,english,English → Sindhi,widen v,ڪشادو ڪرڻ ويڪرو ڪرڻ چوڙو ڪرڻ زياده ڪرڻ,,SindhiLanguage.org,https://sindhilanguage.org/,Amar Fayaz Buriro (امر فياض ٻرڙو),Widen (v),Widen (v),HEADWORD_WITH_LABEL,widen,SAME_SOURCE_HEADWORD_MULTIPLE_ROWS,2
slx_79bdc04a202a16be,63271,Wild,,,English → Sindhi,اڻ پاليل، جهنگلي، ناشائستو، شرير، اڻ سڌريل,english,English → Sindhi,wild,اڻ پاليل جهنگلي ناشائستو شرير اڻ سڌريل,,SindhiLanguage.org,https://sindhilanguage.org/,Amar Fayaz Buriro (امر فياض ٻرڙو),Wild,Wild,ORDINARY_HEADWORD,wild,SAME_SOURCE_HEADWORD_MULTIPLE_ROWS,2
slx_a87ea695a6764dff,63274,Wild,,,English → Sindhi,جهنگل، ٻيلو، صحرا,english,English → Sindhi,wild,جهنگل ٻيلو صحرا,,SindhiLanguage.org,https://sindhilanguage.org/,Amar Fayaz Buriro (امر فياض ٻرڙو),Wild,Wild,ORDINARY_HEADWORD,wild,SAME_SOURCE_HEADWORD_MULTIPLE_ROWS,2
slx_369753813d9d439e,63282,Will,,,English → Sindhi,زمان مستقبل جي نشاني,english,English → Sindhi,will,زمان مستقبل جي نشاني,,SindhiLanguage.org,https://sindhilanguage.org/,Amar Fayaz Buriro (امر فياض ٻرڙو),Will,Will,ORDINARY_HEADWORD,will,HEADWORD_VARIANT_SAME_SINDHI,3
slx_ca65764ef0670e28,63283,Will,,,English → Sindhi,مرضي، خواهش، وس، وصيت ڪرڻ، پسند ڪرڻ، وصيت,english,English → Sindhi,will,مرضي خواهش وس وصيت ڪرڻ پسند ڪرڻ وصيت,,SindhiLanguage.org,https://sindhilanguage.org/,Amar Fayaz Buriro (امر فياض ٻرڙو),Will,Will,ORDINARY_HEADWORD,will,HEADWORD_VARIANT_SAME_SINDHI,3
slx_3fd6cd01a95b1138,63292,Will (v),,,English → Sindhi,خواهش ڪرڻ، وصيت ڪرڻ، فرمان ٿيڻ,english,English → Sindhi,will v,خواهش ڪرڻ وصيت ڪرڻ فرمان ٿيڻ,,SindhiLanguage.org,https://sindhilanguage.org/,Amar Fayaz Buriro (امر فياض ٻرڙو),Will (v),Will (v),HEADWORD_WITH_LABEL,will,HEADWORD_VARIANT_SAME_SINDHI,3
slx_bb6ed25b5719948d,63306,Wind,,,English → Sindhi,ريح، بادي، بد هوا، سهڪي ۾ ڀرجڻ,english,English → Sindhi,wind,ريح بادي بد هوا سهڪي ڀرجڻ,,SindhiLanguage.org,https://sindhilanguage.org/,Amar Fayaz Buriro (امر فياض ٻرڙو),Wind,Wind,ORDINARY_HEADWORD,wind,HEADWORD_VARIANT_SAME_SINDHI,2
slx_2326e5514d186e41,63308,Wind (v),,,English → Sindhi,ويڙهڻ، موڙڻ، وارڻ، ڪنجي ڏيڻ,english,English → Sindhi,wind v,ويڙهڻ موڙڻ وارڻ ڪنجي ڏيڻ,,SindhiLanguage.org,https://sindhilanguage.org/,Amar Fayaz Buriro (امر فياض ٻرڙو),Wind (v),Wind (v),HEADWORD_WITH_LABEL,wind,HEADWORD_VARIANT_SAME_SINDHI,2
slx_53d7caaa71d60455,63390,Witness,,,English → Sindhi,گواه، شاهد، شاهدي,english,English → Sindhi,witness,گواه شاهد شاهدي,,SindhiLanguage.org,https://sindhilanguage.org/,Amar Fayaz Buriro (امر فياض ٻرڙو),Witness,Witness,ORDINARY_HEADWORD,witness,HEADWORD_VARIANT_SAME_SINDHI,2
slx_e38a0c2fbb236091,63395,Witness (v),,,English → Sindhi,شاهدي ڏيڻ يا وجهڻ، ڏسڻ، قسم کڻڻ,english,English → Sindhi,witness v,شاهدي ڏيڻ يا وجهڻ ڏسڻ قسم کڻڻ,,SindhiLanguage.org,https://sindhilanguage.org/,Amar Fayaz Buriro (امر فياض ٻرڙو),Witness (v),Witness (v),HEADWORD_WITH_LABEL,witness,HEADWORD_VARIANT_SAME_SINDHI,2
slx_3438663fdb71371b,63414,Wonder,,,English → Sindhi,حيرت، تعجب، معجزه,english,English → Sindhi,wonder,حيرت تعجب معجزه,,SindhiLanguage.org,https://sindhilanguage.org/,Amar Fayaz Buriro (امر فياض ٻرڙو),Wonder,Wonder,ORDINARY_HEADWORD,wonder,HEADWORD_VARIANT_SAME_SINDHI,2
slx_ce788eb9b69264a6,63416,Wonder (v),,,English → Sindhi,عجب کائڻ، تعجب ڪرڻ,english,English → Sindhi,wonder v,عجب کائڻ تعجب ڪرڻ,,SindhiLanguage.org,https://sindhilanguage.org/,Amar Fayaz Buriro (امر فياض ٻرڙو),Wonder (v),Wonder (v),HEADWORD_WITH_LABEL,wonder,HEADWORD_VARIANT_SAME_SINDHI,2
slx_cefeb40ded706848,63462,Work,,,English → Sindhi,ڪم، ڪم ڪرڻ، محنت ڪرڻ، ڪوشش ڪرڻ، هلائڻ، تصنيف,english,English → Sindhi,work,ڪم ڪم ڪرڻ محنت ڪرڻ ڪوشش ڪرڻ هلائڻ تصنيف,,SindhiLanguage.org,https://sindhilanguage.org/,Amar Fayaz Buriro (امر فياض ٻرڙو),Work,Work,ORDINARY_HEADWORD,work,HEADWORD_VARIANT_SAME_SINDHI,2
slx_6ecde45448b306b4,63463,Work (v),,,English → Sindhi,اثر ڪرڻ، ڪم ڪرڻ,english,English → Sindhi,work v,اثر ڪرڻ ڪم ڪرڻ,,SindhiLanguage.org,https://sindhilanguage.org/,Amar Fayaz Buriro (امر فياض ٻرڙو),Work (v),Work (v),HEADWORD_WITH_LABEL,work,HEADWORD_VARIANT_SAME_SINDHI,2
slx_e766dcf2fd731057,63495,Worship,,,English → Sindhi,پرستش، تعظيم، عبادت، پوڄا,english,English → Sindhi,worship,پرستش تعظيم عبادت پوڄا,,SindhiLanguage.org,https://sindhilanguage.org/,Amar Fayaz Buriro (امر فياض ٻرڙو),Worship,Worship,ORDINARY_HEADWORD,worship,HEADWORD_VARIANT_SAME_SINDHI,2
slx_d60cd18fd918f0e2,63496,Worship (v),,,English → Sindhi,عبادت ڪرڻ، بندگي ڪرڻ، عزت ڪرڻ,english,English → Sindhi,worship v,عبادت ڪرڻ بندگي ڪرڻ عزت ڪرڻ,,SindhiLanguage.org,https://sindhilanguage.org/,Amar Fayaz Buriro (امر فياض ٻرڙو),Worship (v),Worship (v),HEADWORD_WITH_LABEL,worship,HEADWORD_VARIANT_SAME_SINDHI,2
slx_c5cadebf062085a1,63518,Wound,,,English → Sindhi,گهاءُ، ڦٽ، زخم,english,English → Sindhi,wound,گهاء ڦٽ زخم,,SindhiLanguage.org,https://sindhilanguage.org/,Amar Fayaz Buriro (امر فياض ٻرڙو),Wound,Wound,ORDINARY_HEADWORD,wound,HEADWORD_VARIANT_SAME_SINDHI,2
slx_acfc3fd919b6f981,63519,Wound (v),,,English → Sindhi,ڦٽي وجهڻ، زخم رسائڻ، ڏکوئڻ,english,English → Sindhi,wound v,ڦٽي وجهڻ زخم رسائڻ ڏکوئڻ,,SindhiLanguage.org,https://sindhilanguage.org/,Amar Fayaz Buriro (امر فياض ٻرڙو),Wound (v),Wound (v),HEADWORD_WITH_LABEL,wound,HEADWORD_VARIANT_SAME_SINDHI,2
slx_e1518dcfa5c9f81d,63594,X,,,English → Sindhi,انگريزي الفابيٽ جو چوويهون اکر,english,English → Sindhi,x,انگريزي الفابيٽ جو چوويهون اکر,,SindhiLanguage.org,https://sindhilanguage.org/,Amar Fayaz Buriro (امر فياض ٻرڙو),X,X,ORDINARY_HEADWORD,x,SAME_SOURCE_HEADWORD_MULTIPLE_ROWS,2
slx_f8db48b1aae9dd71,63595,X,,,English → Sindhi,مقدار، پر اسرارشيءِ، شراب جو طاقت جو نشان,english,English → Sindhi,x,مقدار پر اسرارشيء شراب جو طاقت جو نشان,,SindhiLanguage.org,https://sindhilanguage.org/,Amar Fayaz Buriro (امر فياض ٻرڙو),X,X,ORDINARY_HEADWORD,x,SAME_SOURCE_HEADWORD_MULTIPLE_ROWS,2
slx_aed41beb54f535fe,63611,Xyster,,,English → Sindhi,هڏن کرڙڻ جو اوزار,english,English → Sindhi,xyster,هڏن کرڙڻ جو اوزار,,SindhiLanguage.org,https://sindhilanguage.org/,Amar Fayaz Buriro (امر فياض ٻرڙو),Xyster,Xyster,ORDINARY_HEADWORD,xyster,SAME_SOURCE_HEADWORD_MULTIPLE_ROWS,2
slx_dab5ac87802ed818,63634,Xyster,,,English → Sindhi,هڏي، کرڙڻو، کرچڻي,english,English → Sindhi,xyster,هڏي کرڙڻو کرچڻي,,SindhiLanguage.org,https://sindhilanguage.org/,Amar Fayaz Buriro (امر فياض ٻرڙو),Xyster,Xyster,ORDINARY_HEADWORD,xyster,SAME_SOURCE_HEADWORD_MULTIPLE_ROWS,2
slx_1a681d4466c0cb1d,63654,Yank,,,English → Sindhi,(آمريڪي ٻول چال) جهٽڪو ڏيئي کسڻ، جهٽڪو,english,English → Sindhi,yank,آمريڪي ٻول چال جهٽڪو ڏيئي کسڻ جهٽڪو,,SindhiLanguage.org,https://sindhilanguage.org/,Amar Fayaz Buriro (امر فياض ٻرڙو),Yank,Yank,ORDINARY_HEADWORD,yank,SAME_SOURCE_HEADWORD_MULTIPLE_ROWS,2
slx_998ececceb34fea7,63655,Yank,,,English → Sindhi,Yankee جو اختصار، اميريڪن,english,English → Sindhi,yank,yankee جو اختصار اميريڪن,,SindhiLanguage.org,https://sindhilanguage.org/,Amar Fayaz Buriro (امر فياض ٻرڙو),Yank,Yank,ORDINARY_HEADWORD,yank,SAME_SOURCE_HEADWORD_MULTIPLE_ROWS,2
slx_005128c8399ac610,63666,Yard,,,English → Sindhi,وال، گز,english,English → Sindhi,yard,وال گز,,SindhiLanguage.org,https://sindhilanguage.org/,Amar Fayaz Buriro (امر فياض ٻرڙو),Yard,Yard,ORDINARY_HEADWORD,yard,SAME_SOURCE_HEADWORD_MULTIPLE_ROWS,2
slx_5275e944e8d6a48e,63667,Yard,,,English → Sindhi,صحن، اڱڻ، چونڪ، حاطو، واڙو,english,English → Sindhi,yard,صحن اڱڻ چونڪ حاطو واڙو,,SindhiLanguage.org,https://sindhilanguage.org/,Amar Fayaz Buriro (امر فياض ٻرڙو),Yard,Yard,ORDINARY_HEADWORD,yard,SAME_SOURCE_HEADWORD_MULTIPLE_ROWS,2
slx_d0d301dc0aeb87e2,63879,Zoo,,,English → Sindhi,چڙيا گهر، جانور خانو، جانورن جو باغ,english,English → Sindhi,zoo,چڙيا گهر جانور خانو جانورن جو باغ,,SindhiLanguage.org,https://sindhilanguage.org/,Amar Fayaz Buriro (امر فياض ٻرڙو),Zoo,Zoo,ORDINARY_HEADWORD,zoo,SAME_SOURCE_HEADWORD_MULTIPLE_ROWS,2
slx_f9f9ef7a4ca1bbbc,63880,Zoo,,,English → Sindhi,Zoon جي ترڪيبي شڪل، حيوان,english,English → Sindhi,zoo,zoon جي ترڪيبي شڪل حيوان,,SindhiLanguage.org,https://sindhilanguage.org/,Amar Fayaz Buriro (امر فياض ٻرڙو),Zoo,Zoo,ORDINARY_HEADWORD,zoo,SAME_SOURCE_HEADWORD_MULTIPLE_ROWS,2
