english,sindhi,part_of_speech,definition
a,هڪڙو، ڪو، انگريزي آئيويٽا جو پهريون اکر,,هڪڙو، ڪو، انگريزي آئيويٽا جو پهريون اکر
abandon,تياڳڻ- ترڪ ڪرڻ- هٿ کڻي وڃڻ,,تياڳڻ- ترڪ ڪرڻ- هٿ کڻي وڃڻ
abandoned,ڦٽو ڪيل- تياڳيل- لاوارث- متروڪ,,ڦٽو ڪيل- تياڳيل- لاوارث- متروڪ
abatement,تخفيف- گهٽتائي- ٺاپر,,تخفيف- گهٽتائي- ٺاپر
abbey,گرجا ديول، مڙهي، خانقاه,,گرجا ديول، مڙهي، خانقاه
abbreviation,اختصار- مخخف- خلاصو,,اختصار- مخخف- خلاصو
abc,انگريزي آئيويٽا، حروف تهجي,,انگريزي آئيويٽا، حروف تهجي
abdominal,پيٽ بابت,,پيٽ بابت
abide,قائم رهڻ- پابند رهڻ- انحصار ڪرڻ,,قائم رهڻ- پابند رهڻ- انحصار ڪرڻ
ability,قابليت- اهليت- لياقت,,قابليت- اهليت- لياقت
able,قابل- لائق,,قابل- لائق
abnormal,غير رواجي,,غير رواجي
abnormalities,بي قاعدگيون، غيررواجي حالتون,,بي قاعدگيون، غيررواجي حالتون
aboard,جهاز يا ٻيڙي تي سوار,,جهاز يا ٻيڙي تي سوار
aboriginal,اصلوڪو- قديم,,اصلوڪو- قديم
abortion,ٻار ڪيرائڻ- ڪچو پوڻ,,ٻار ڪيرائڻ- ڪچو پوڻ
about,بابت- اٽڪل- آس پاس,,بابت- اٽڪل- آس پاس
above,مٿي- وڌيڪ,,مٿي- وڌيڪ
abroad,پرديس-پرڏيهه,,پرديس-پرڏيهه
absence,غير حاضري- پر پٺ,,غير حاضري- پر پٺ
absent,غير حاضر,,غير حاضر
absolute,قطعي- ڪامل- بلڪل,,قطعي- ڪامل- بلڪل
absolutely,مڪمل طور، بلڪل، مطلق,,مڪمل طور، بلڪل، مطلق
absorb,جذب ڪرڻ- چهُڻ- ضم ڪرڻ,,جذب ڪرڻ- چهُڻ- ضم ڪرڻ
absorbed,مصروف، مشغول، سوچ ۽ ويچار ۾ ٻڏل,,مصروف، مشغول، سوچ ۽ ويچار ۾ ٻڏل
absorption,جذب- چُهڻ- محويت,,جذب- چُهڻ- محويت
abstract,خلاصو- تت- وچور,,خلاصو- تت- وچور
abstraction,تجريدي- تصور-ويراڳ,,تجريدي- تصور-ويراڳ
absurd,واهيات- عبث- کل جهڙو,,واهيات- عبث- کل جهڙو
abundance,ڪثرت- جهجائي,,ڪثرت- جهجائي
abundant,جام- جهجهو- وافر,,جام- جهجهو- وافر
abuse,ناجائز استعمال- گاريون ڏيڻ- بيجا ڪم آڻڻ,,ناجائز استعمال- گاريون ڏيڻ- بيجا ڪم آڻڻ
abusive,بدزبان، وات جو گندو,,بدزبان، وات جو گندو
aca,ايسوسيشن آف چارٽرڊ اڪائونٽنٽس جو مخفف,,ايسوسيشن آف چارٽرڊ اڪائونٽنٽس جو مخفف
academic,اڪيڊمڪ- علمي- تعليمي,,اڪيڊمڪ- علمي- تعليمي
academy,اڪيڊمي- مڪتب- پاٺ شالا,,اڪيڊمي- مڪتب- پاٺ شالا
accelerate,تکوهلائڻ- رفتار وڌائڻ- جلدي ڪرڻ,,تکوهلائڻ- رفتار وڌائڻ- جلدي ڪرڻ
accelerated,تيز ڪيل- تيز ٿيل,,تيز ڪيل- تيز ٿيل
acceleration,تکائي- تيزي,,تکائي- تيزي
accelerator,تيز ڪرڻ وارو,,تيز ڪرڻ وارو
accent,لهجو/ڳالهائڻ جو انداز/ اُچار ۾ لاهه چاڙهه.,,لهجو/ڳالهائڻ جو انداز/ اُچار ۾ لاهه چاڙهه.
accept,قبول ڪرڻ- مڃڻ,,قبول ڪرڻ- مڃڻ
acceptable,مڃڻ جهڙو- قبوليت جوڳو,,مڃڻ جهڙو- قبوليت جوڳو
acceptance,قبوليت- مڃتا- منظوري- تسليمي,,قبوليت- مڃتا- منظوري- تسليمي
accepted,مڃيل- منظور ٿيل- قبول ڪيل,,مڃيل- منظور ٿيل- قبول ڪيل
access,رسائي- پهچ- لنگهه,,رسائي- پهچ- لنگهه
accessibility,دسترس- پهچ جهڙو هجڻ,,دسترس- پهچ جهڙو هجڻ
accessible,پهچ جي قابل,,پهچ جي قابل
accession,دخل- واڌارو- الحاق,,دخل- واڌارو- الحاق
accessories,لوازمات- معاون- مددگار- شريڪ- ساٿي (2) پرزا.,,لوازمات- معاون- مددگار- شريڪ- ساٿي (2) پرزا.
accessory,مددگار- ضمني- شريڪ,,مددگار- ضمني- شريڪ
accident,حادثو- اتفاق,,حادثو- اتفاق
accidental,حادثاتي اتفاقي,,حادثاتي اتفاقي
accidentally,اتفاقنً- حادثاتي طور تي- اتفاقي طور تي,,اتفاقنً- حادثاتي طور تي- اتفاقي طور تي
acclaim,تحسين ڪرڻ، واه واه ڪرڻ، حوصلو وڌائڻ,,تحسين ڪرڻ، واه واه ڪرڻ، حوصلو وڌائڻ
accommodate,گنجائش ڪڍڻ- جگهه ڏيڻ,,گنجائش ڪڍڻ- جگهه ڏيڻ
accommodation,جڳهه- گنجائش- سهولت-رهائش,,جڳهه- گنجائش- سهولت-رهائش
accompany,ساڻ – گڏ وڃڻ,,ساڻ – گڏ وڃڻ
accompanying,سان لاڳو- متعلقه,,سان لاڳو- متعلقه
accomplish,تڪميل ڪرڻ، پورو ڪرڻ، بجا آڻڻ,,تڪميل ڪرڻ، پورو ڪرڻ، بجا آڻڻ
accomplished,لائق، عالم، ڪامل,,لائق، عالم، ڪامل
accomplishment,قابليت- سگهڙائي- حاصلات,,قابليت- سگهڙائي- حاصلات
accord,مطابق هجڻ- منظور ڪرڻ- ملڻ- ٺاهه- معاهدو,,مطابق هجڻ- منظور ڪرڻ- ملڻ- ٺاهه- معاهدو
accordance,موافقت- مطابق,,موافقت- مطابق
according,مطابق- سازگار- پٽاندڙ,,مطابق- سازگار- پٽاندڙ
accordingly,جي مطابق- نتيجي طور,,جي مطابق- نتيجي طور
account,حساب- ليکو- کنڌو- کاتو,,حساب- ليکو- کنڌو- کاتو
accountability,احتساب- بازپرس- ذميواري,,احتساب- بازپرس- ذميواري
accountable,جوابدار- ذميوار,,جوابدار- ذميوار
accountancy,اڪائونٽينسي- حسابداري,,اڪائونٽينسي- حسابداري
accountant,اڪائونٽنٽ- حسابدار- ليکاري,,اڪائونٽنٽ- حسابدار- ليکاري
accounting,ڳڻپ- حساب ڪتاب,,ڳڻپ- حساب ڪتاب
accounts,حساب- ڏيتي ليتيءَ- کاتا,,حساب- ڏيتي ليتيءَ- کاتا
accreditation,منظوري,,منظوري
accredited,بااختيار-مجاز- اختيار سنَد رکندڙ,,بااختيار-مجاز- اختيار سنَد رکندڙ
accrued,واجب الوصول- مليل,,واجب الوصول- مليل
accumulate,جمع هجڻ- گڏ ڪرڻ,,جمع هجڻ- گڏ ڪرڻ
accumulated,جمع ٿيل- گڏ ٿيل,,جمع ٿيل- گڏ ٿيل
accumulation,جمع ٿيڻ- ميڙي چونڊي,,جمع ٿيڻ- ميڙي چونڊي
accuracy,برابري- مڪملتا- سچائي,,برابري- مڪملتا- سچائي
accurate,درست- پورو- برابر,,درست- پورو- برابر
accused,ملزم- تهمتي- جوابدار,,ملزم- تهمتي- جوابدار
accustomed,هيراڪ، عادتي، عادي، دستور جي موافق,,هيراڪ، عادتي، عادي، دستور جي موافق
ace,يڪو، تاش جو يڪو، نقطو، ذرو,,يڪو، تاش جو يڪو، نقطو، ذرو
acetate,سرڪي جو لوڻ,,سرڪي جو لوڻ
achieve,حاصل ڪرڻ، ڪامياب ٿيڻ,,حاصل ڪرڻ، ڪامياب ٿيڻ
achieved,حاصل ڪيل-ڪامياب ٿيل,,حاصل ڪيل-ڪامياب ٿيل
achievement,ڪارنامو- حاصلات- ڪاميابي- بهادريءَ جو ڪم,,ڪارنامو- حاصلات- ڪاميابي- بهادريءَ جو ڪم
achievements,ڪارناما- حاصلاتون,,ڪارناما- حاصلاتون
acid,تيزاب- کٽو- ترش,,تيزاب- کٽو- ترش
acknowledge,پهچ ڏيڻ- مڃڻ- باسڻ- رسيد ڏيڻ,,پهچ ڏيڻ- مڃڻ- باسڻ- رسيد ڏيڻ
acknowledged,تسليم ٿيل- مڃيل,,تسليم ٿيل- مڃيل
acknowledgement,رسيد پهچ- قبوليت- موٽ- اقرار,,رسيد پهچ- قبوليت- موٽ- اقرار
acme,چوٽي، اوج، انتها، پڄاڻي,,چوٽي، اوج، انتها، پڄاڻي
acne,موهيڙو، ڦرڙي,,موهيڙو، ڦرڙي
acorn,شاهه بلوط جو ڦر يا ٻج,,شاهه بلوط جو ڦر يا ٻج
acoustic,صوتي- آواز وارو,,صوتي- آواز وارو
acoustics,علم صوتيات- سُر وِديا,,علم صوتيات- سُر وِديا
acquire,حاصل ڪرڻ- کٽڻ,,حاصل ڪرڻ- کٽڻ
acquired,حاصل ٿيل- هٿ ڪيل,,حاصل ٿيل- هٿ ڪيل
acquisition,حاصلات- لاڀ,,حاصلات- لاڀ
acre,ايڪڙ- ٻه جريب,,ايڪڙ- ٻه جريب
acreage,ايڪڙي رقبو- علائقو ايڪڙن ۾,,ايڪڙي رقبو- علائقو ايڪڙن ۾
acrobat,بازيگر، قلابازي ڪندڙ,,بازيگر، قلابازي ڪندڙ
acronym,مخفف، شروعاتي اکرن مان ٺھيل لفظ جيئن ”سگا“,,مخفف، شروعاتي اکرن مان ٺھيل لفظ جيئن ”سگا“
across,آرپار- پرينءَ ڀر,,آرپار- پرينءَ ڀر
act,ايڪٽ- قانون- قاعدو- ڪم- عمل,,ايڪٽ- قانون- قاعدو- ڪم- عمل
acting,قائم مقام- ڪچو- عيوضي,,قائم مقام- ڪچو- عيوضي
action,عمل- ڪارروائي- ڪم,,عمل- ڪارروائي- ڪم
activate,تحرڪ ۾ آڻڻ,,تحرڪ ۾ آڻڻ
activated,متحرڪ,,متحرڪ
activation,تحريڪ,,تحريڪ
active,فعال- اثرئتو- ڦڙت- سرگرم- چست,,فعال- اثرئتو- ڦڙت- سرگرم- چست
actively,چستيءَ سان، ڦڙتيءَ سان,,چستيءَ سان، ڦڙتيءَ سان
activities,سرگرميون- مشغوليون,,سرگرميون- مشغوليون
activity,سرگرمي- مشغولي,,سرگرمي- مشغولي
actor,مدعي- اداڪار- نقال,,مدعي- اداڪار- نقال
actress,نقل ڪرڻ واري عورت، اداڪارڻ، ناٽڪڻ,,نقل ڪرڻ واري عورت، اداڪارڻ، ناٽڪڻ
actual,اصل- اصلي- حقيقي- سچوپچو,,اصل- اصلي- حقيقي- سچوپچو
actually,سچائي- حقيقت,,سچائي- حقيقت
actuarial,ويمي جي ڪم بابت,,ويمي جي ڪم بابت
acute,ذهين- تيز- سخت,,ذهين- تيز- سخت
ad,اشتھار، اِشتھار لاءِ استعمال ٿيندڙ انگريزي مخفف,,اشتھار، اِشتھار لاءِ استعمال ٿيندڙ انگريزي مخفف
adam,حضرت آدم، پهريون انسان,,حضرت آدم، پهريون انسان
adapt,وانگي ڪرڻ- ڀيت تي هلڻ- مطابق بنائڻ,,وانگي ڪرڻ- ڀيت تي هلڻ- مطابق بنائڻ
adaptation,نقل- اتاريل نمونو- ميل,,نقل- اتاريل نمونو- ميل
adapted,ورتل- وانگي ڪيل- مطابق بنايل,,ورتل- وانگي ڪيل- مطابق بنايل
adapter,مطابقت ڏيندڙ,,مطابقت ڏيندڙ
adaptive,مطابق بنجڻ جوڳو,,مطابق بنجڻ جوڳو
adaptor,موافقت آڻيندڙ، موافقت رکندڙ,,موافقت آڻيندڙ، موافقت رکندڙ
add,ملائڻ- گڏڻ- وڌائڻ,,ملائڻ- گڏڻ- وڌائڻ
added,واڌ ڪيل- گهڻو- شامل ٿيل,,واڌ ڪيل- گهڻو- شامل ٿيل
addendum,واڌارو- ضميمو,,واڌارو- ضميمو
addict,عادت وجهڻ، هيرڻ,,عادت وجهڻ، هيرڻ
addicted,عادي- هيراڪ- علتي,,عادي- هيراڪ- علتي
addiction,هير- عادت- علت,,هير- عادت- علت
adding,جمع ڪاري، گڏڻ، ملائڻ,,جمع ڪاري، گڏڻ، ملائڻ
addition,واڌ- جوڙ- اضافو,,واڌ- جوڙ- اضافو
additional,اضافي- ٻيو به- واڌو- واڌو جڳهه,,اضافي- ٻيو به- واڌو- واڌو جڳهه
additive,اضافي- وڌائيندڙ- شامل,,اضافي- وڌائيندڙ- شامل
address,پتو- تقرير- سرنامو- عبارت,,پتو- تقرير- سرنامو- عبارت
adequacy,جوڳو هجڻ- مناسبت- موزنيت,,جوڳو هجڻ- مناسبت- موزنيت
adequate,جوڳو- مناسب- موزون,,جوڳو- مناسب- موزون
adequately,ٺيڪ ٺيڪ، پورو,,ٺيڪ ٺيڪ، پورو
adhere,پابند رهڻ- قائم رهڻ,,پابند رهڻ- قائم رهڻ
adherence,پوئلڳي- حمايت- پابندي,,پوئلڳي- حمايت- پابندي
adhesion,لڳاءُ، چهٽاءُ، پيوستگي,,لڳاءُ، چهٽاءُ، پيوستگي
adhesive,چنبڙندڙ - چيڙهالو,,چنبڙندڙ - چيڙهالو
adjacent,ويجهو- لاڳيتو- پاسي وارو,,ويجهو- لاڳيتو- پاسي وارو
adjoining,دنگئي- متصل- لاڳيتو,,دنگئي- متصل- لاڳيتو
adjourned,ملتوي- مهمل ٿيل,,ملتوي- مهمل ٿيل
adjunct,لاڳو- شامل,,لاڳو- شامل
adjust,صاف ڪرڻ- نبيرو ڪرڻ- ملائي بيهارڻ,,صاف ڪرڻ- نبيرو ڪرڻ- ملائي بيهارڻ
adjustable,نبيري جوڳو- نبيري لائق,,نبيري جوڳو- نبيري لائق
adjusted,نبريل- برابر ڪيل,,نبريل- برابر ڪيل
adjusting,نبيري وارا,,نبيري وارا
adjustment,نبيرو- صفائي- سنوار,,نبيرو- صفائي- سنوار
administer,انتظام رکڻ- اهتمام ڪرڻ,,انتظام رکڻ- اهتمام ڪرڻ
administered,انتظام هيٺ,,انتظام هيٺ
administration,انتظام- اهتمام- حڪومت- تنظيم- انتظاميا,,انتظام- اهتمام- حڪومت- تنظيم- انتظاميا
administrative,انتطامي,,انتطامي
administrator,منتظم- انتظام هلائيندڙ,,منتظم- انتظام هلائيندڙ
admiral,ايڊمرل- اميرالبحر,,ايڊمرل- اميرالبحر
admire,حيران ٿيڻ، تعجب کائڻ، ساراهڻ، قدر ڪرڻ,,حيران ٿيڻ، تعجب کائڻ، ساراهڻ، قدر ڪرڻ
admission,داخلا- منظوري- قبوليت,,داخلا- منظوري- قبوليت
admit,داخل ڪرڻ- منظور ڪرڻ- تسليم ڪرڻ,,داخل ڪرڻ- منظور ڪرڻ- تسليم ڪرڻ
admitted,داخل ٿيل- منظور ٿيل- مڃيل- تسليم ٿيل,,داخل ٿيل- منظور ٿيل- مڃيل- تسليم ٿيل
adobe,اُس ۾ سڪل سِر، سڪل سُرن مان ٺهيل گهر,,اُس ۾ سڪل سِر، سڪل سُرن مان ٺهيل گهر
adolescent,سامائل- جوان- نوبالغ,,سامائل- جوان- نوبالغ
adopt,اختيار ڪرڻ- هنج وٺڻ,,اختيار ڪرڻ- هنج وٺڻ
adopted,اختيار ڪيل- هنج ورتل,,اختيار ڪيل- هنج ورتل
adoption,هنج وٺڻ- اختيار ڪرڻ,,هنج وٺڻ- اختيار ڪرڻ
adorable,پرستش، عبادت يا پوڄا جي لائق,,پرستش، عبادت يا پوڄا جي لائق
adult,بالغ- ساماڻيل,,بالغ- ساماڻيل
advance,پيشگي- سُوٿي- تقاوي- اڳواٽ- زر ڏيڻ- پيش قدمي,,پيشگي- سُوٿي- تقاوي- اڳواٽ- زر ڏيڻ- پيش قدمي
advanced,اعليٰ- ترقي يا فته,,اعليٰ- ترقي يا فته
advancement,ترقي- سڌارو- واڌارو- چاڙهو,,ترقي- سڌارو- واڌارو- چاڙهو
advances,بيانو، سُوٿي، تقاوي,,بيانو، سُوٿي، تقاوي
advantage,فائدو- نفعو- سرسي- اُپت- لاڀ,,فائدو- نفعو- سرسي- اُپت- لاڀ
advent,آمد- ظهور اچڻ- شروع ٿيڻ,,آمد- ظهور اچڻ- شروع ٿيڻ
adventure,مهم- جانبازيءَ جو ڪم,,مهم- جانبازيءَ جو ڪم
adverse,مخالفت وارو- برخلاف- ناموافق,,مخالفت وارو- برخلاف- ناموافق
adversely,مخالفت وارو- خلاف- ناڪاري طور تي,,مخالفت وارو- خلاف- ناڪاري طور تي
advert,اشارو ڪرڻ- ڌيان ڏيارڻ- حوالو ڏيڻ,,اشارو ڪرڻ- ڌيان ڏيارڻ- حوالو ڏيڻ
advertise,اشتهار- مشهور- تشهير,,اشتهار- مشهور- تشهير
advertised,مشتهر- مشهور ڪيل,,مشتهر- مشهور ڪيل
advertisement,اشتهار نامو- پڌر نامو- اعلان,,اشتهار نامو- پڌر نامو- اعلان
advertiser,اعلان ڪندڙ، اشتهار ڏيندڙ,,اعلان ڪندڙ، اشتهار ڏيندڙ
advertising,تشھير,,تشھير
advice,اطلاع- هدايت- صلاح- يادداشت,,اطلاع- هدايت- صلاح- يادداشت
advise,اطلاع ڏيڻ- صلاح ڏيڻ,,اطلاع ڏيڻ- صلاح ڏيڻ
advised,خبردار، هوشيار، ديده و دانستھ,,خبردار، هوشيار، ديده و دانستھ
adviser,مشير- صلاحڪار- رهنما,,مشير- صلاحڪار- رهنما
advisor,صلاحڪار- مشير,,صلاحڪار- مشير
advisory,صلاحڪاري- مشاورتي,,صلاحڪاري- مشاورتي
advocacy,حمايت- وڪالت,,حمايت- وڪالت
advocate,ايڊووڪيٽ- وڪيل,,ايڊووڪيٽ- وڪيل
aerial,هوائي- فضائي,,هوائي- فضائي
aesthetic,جمالياتي,,جمالياتي
aesthetics,جماليات,,جماليات
affair,ڪم، ڌنڌو، معاملو,,ڪم، ڌنڌو، معاملو
affairs,معاملا- ڌنڌا,,معاملا- ڌنڌا
affect,اثر انداز ٿيڻ,,اثر انداز ٿيڻ
affected,بناوٽي، ڍونگي، نخريلي,,بناوٽي، ڍونگي، نخريلي
affecting,دلسوز، اثردار,,دلسوز، اثردار
affection,محبت، پيار، لاڙو، بيماري,,محبت، پيار، لاڙو، بيماري
affidavit,تحريري بيان- قسم نامو,,تحريري بيان- قسم نامو
affiliate,ملائڻ، شامل ڪرڻ,,ملائڻ، شامل ڪرڻ
affiliated,الحاق ڪيل- لاڳاپيل,,الحاق ڪيل- لاڳاپيل
affiliation,الحاق- ولديت جو تعين,,الحاق- ولديت جو تعين
affinity,نسبتي رشتو/ تعلق/ رابطو,,نسبتي رشتو/ تعلق/ رابطو
affirm,اعتماد سان بيان ڪرڻ- تصديق ڪرڻ,,اعتماد سان بيان ڪرڻ- تصديق ڪرڻ
affirmative,اقرار- تصديق,,اقرار- تصديق
affirmed,تصديق ڪيل,,تصديق ڪيل
afford,ڏيڻ، ڏئي سگهڻ، بخشڻ، عطا ڪرڻ,,ڏيڻ، ڏئي سگهڻ، بخشڻ، عطا ڪرڻ
afl,آمريڪن فيڊريشن آف ليبر جو مخفف,,آمريڪن فيڊريشن آف ليبر جو مخفف
aforementioned,اڳ ذڪر ڪيل,,اڳ ذڪر ڪيل
afraid,ڊنل، خوفزده، خبردار,,ڊنل، خوفزده، خبردار
aft,پٺيان، (جهازجي) پٺئين پاسي,,پٺيان، (جهازجي) پٺئين پاسي
after,کان پوءِ- پويان ايندڙ,,کان پوءِ- پويان ايندڙ
afternoon,منجهند کان پوءِ، شام، پيشن,,منجهند کان پوءِ، شام، پيشن
afterwards,پوءِ، ان کان پوءِ,,پوءِ، ان کان پوءِ
ag,اڪائونٽنٽ جنرل جو مخفف,,اڪائونٽنٽ جنرل جو مخفف
again,ٻيو ڀيرو، ٻيهر، پوءِ,,ٻيو ڀيرو، ٻيهر، پوءِ
against,خلاف- مقابل- سامهون,,خلاف- مقابل- سامهون
age,عمر- دؤر- زمانو,,عمر- دؤر- زمانو
aged,جهونو- وڏي عمر وارو,,جهونو- وڏي عمر وارو
ageing,عمر وڌڻ، پوڙهو ٿيڻ,,عمر وڌڻ، پوڙهو ٿيڻ
agency,ايجنسي- ادارو,,ايجنسي- ادارو
agenda,ايجنڊا- بحث قابل نڪتا,,ايجنڊا- بحث قابل نڪتا
agent,ايجنٽ- ڪارندو- دلال,,ايجنٽ- ڪارندو- دلال
aggregate,جمع ڪيل- گڏيل- ڪُل,,جمع ڪيل- گڏيل- ڪُل
aggregation,ميڙ- اجتماع,,ميڙ- اجتماع
aggression,ناجائز چڙهائي- اڳرائي,,ناجائز چڙهائي- اڳرائي
aggressive,جارحاڻو/نقصان رسائيندڙ- اڳرائيءَ وارو,,جارحاڻو/نقصان رسائيندڙ- اڳرائيءَ وارو
agile,ڦڙتيلو-چست,,ڦڙتيلو-چست
agility,ڦڙتي-چستي,,ڦڙتي-چستي
aging,ضعيفي، عمررسيدي، عمر ۾ وڏائپ، پوڙهائپ اچڻ,,ضعيفي، عمررسيدي، عمر ۾ وڏائپ، پوڙهائپ اچڻ
ago,اڳي گذريل، کان اڳي,,اڳي گذريل، کان اڳي
agree,مڃڻ، متفق هجڻ، مطابق هجڻ، راضي ٿيڻ,,مڃڻ، متفق هجڻ، مطابق هجڻ، راضي ٿيڻ
agreed,گڏيل- طئي ٿيل,,گڏيل- طئي ٿيل
agreement,معاهدو,,معاهدو
agricultural,زرعي,,زرعي
agriculture,زراعت,,زراعت
ahead,اڳتي وڌيل، اڳتي، اڳڀرو، اڳيان، مٿي,,اڳتي وڌيل، اڳتي، اڳڀرو، اڳيان، مٿي
aid,امداد- مدد,,امداد- مدد
aided,مدد يافته,,مدد يافته
aids,مددي عطيا,,مددي عطيا
air,هوا,,هوا
aircraft,هوائي جهاز,,هوائي جهاز
airfare,هوائي ڪرايو,,هوائي ڪرايو
airline,هوائي ڪمپني,,هوائي ڪمپني
airmail,هوائي ٽپال,,هوائي ٽپال
airport,هوائي اڏو,,هوائي اڏو
aisle,لنگهه، دالان، ديول، جو ڪنڊائتو لنگهه,,لنگهه، دالان، ديول، جو ڪنڊائتو لنگهه
akin,مائٽ- تعلق رکندڙ- ويجهڙائپ,,مائٽ- تعلق رکندڙ- ويجهڙائپ
alarm,خطري جي گهنٽي,,خطري جي گهنٽي
alas,افسوس! هاءِ! هاءِ! حيف!,,افسوس! هاءِ! هاءِ! حيف!
alba,اڇو- سفيد,,اڇو- سفيد
albeit,باوجوديڪ، اگرچه، جيتوڻيڪ,,باوجوديڪ، اگرچه، جيتوڻيڪ
album,تصويرن جو ڪتاب- البم,,تصويرن جو ڪتاب- البم
alchemy,ڪيمياگري,,ڪيمياگري
alcohol,شراب- تيزاب,,شراب- تيزاب
alcoholic,تيزاب- شراب وارو,,تيزاب- شراب وارو
alcoholism,تيزابيت- شرابيت,,تيزابيت- شرابيت
ale,بير شراب، جوَن مان ٺهيل شراب,,بير شراب، جوَن مان ٺهيل شراب
alert,خبردار- سجاڳ- چؤڪس,,خبردار- سجاڳ- چؤڪس
algebra,الجبرا- رياضيءَ جا طريقا,,الجبرا- رياضيءَ جا طريقا
algorithm,الغورڌم، ڪمپيوٽر جي ھڪ چال يا ڪمانڊ، ڳڻپ جو عمل,,الغورڌم، ڪمپيوٽر جي ھڪ چال يا ڪمانڊ، ڳڻپ جو عمل
alias,عام نالو- سڃاڻپ لاءِ ٻيو مشهور نالو,,عام نالو- سڃاڻپ لاءِ ٻيو مشهور نالو
alien,پرڏيهي- ڌاريو- اڻ ڄاڻ- اجنبي- ويڳاڻو,,پرڏيهي- ڌاريو- اڻ ڄاڻ- اجنبي- ويڳاڻو
align,قطار ڪرڻ، صف ٻڌڻ,,قطار ڪرڻ، صف ٻڌڻ
alignment,هڪ ئي سٽاءُ ۾ آڻڻ- سنوت آڻڻ,,هڪ ئي سٽاءُ ۾ آڻڻ- سنوت آڻڻ
alike,هم شڪل، هڪ جهڙو، برابر,,هم شڪل، هڪ جهڙو، برابر
alive,زنده- قائم,,زنده- قائم
alkaline,کارو پاڻي,,کارو پاڻي
all,سمورا- سڀ,,سمورا- سڀ
alleged,مبينا- الزام,,مبينا- الزام
allegiance,وفاداري,,وفاداري
allergic,الرجڪ- حساس,,الرجڪ- حساس
allergy,حساسيت,,حساسيت
alleviate,رفع دفع ڪرڻ، هلڪو ڪرڻ، آرام ڏيڻ,,رفع دفع ڪرڻ، هلڪو ڪرڻ، آرام ڏيڻ
alley,تنگ گلي، سوڙهي گهٽي,,تنگ گلي، سوڙهي گهٽي
alliance,ٻڌي- اتحاد- ڀائيچارو,,ٻڌي- اتحاد- ڀائيچارو
allied,اتحادي,,اتحادي
allocate,مختص ڪرڻ- مخصوص ڪرڻ,,مختص ڪرڻ- مخصوص ڪرڻ
allocated,مخصوص ڪيل,,مخصوص ڪيل
allocation,ورڇ- مقرري- ورهاست,,ورڇ- مقرري- ورهاست
allow,اجازت ڏيڻ,,اجازت ڏيڻ
allowable,منع نه ڪيل، اجازت ڏيڻ جوڳو,,منع نه ڪيل، اجازت ڏيڻ جوڳو
allowance,الائونس- وظيفو,,الائونس- وظيفو
allowances,الائونسز- وظيفا,,الائونسز- وظيفا
allowed,اجازت ڏنل- جائز,,اجازت ڏنل- جائز
alloy,ڌاتو جو هڪ قسم- کوٽ مليل ڌاتو,,ڌاتو جو هڪ قسم- کوٽ مليل ڌاتو
ally,اتحادي- حليف,,اتحادي- حليف
almanac,ڪئلينڊر جنهن سان گڏ جنتري هجي، جنتري، ٽپڻو,,ڪئلينڊر جنهن سان گڏ جنتري هجي، جنتري، ٽپڻو
almighty,قادر مطلق، خدا پاڪ,,قادر مطلق، خدا پاڪ
almond,بادامي، ڳلڦڙ,,بادامي، ڳلڦڙ
almost,گهڻي قدر، اڪثر، ذري گهٽ,,گهڻي قدر، اڪثر، ذري گهٽ
aloe,ڪنوار ٻوٽي، ايريال، اگر,,ڪنوار ٻوٽي، ايريال، اگر
alone,اڪيلو، ڇڙهو، رڳو، آباديءَ کان الڳ,,اڪيلو، ڇڙهو، رڳو، آباديءَ کان الڳ
along,گڏ، ڀرسان، سميت، سان گڏ، اڳتي,,گڏ، ڀرسان، سميت، سان گڏ، اڳتي
aloud,ڏاڍيان، بلند آواز سان، وڏي واڪي,,ڏاڍيان، بلند آواز سان، وڏي واڪي
alpha,يونائي آئيوٽا جو پهريون اکر,,يونائي آئيوٽا جو پهريون اکر
alphabet,الف- بي، آئيويٽا,,الف- بي، آئيويٽا
alphabetical,الف ب وار,,الف ب وار
alphabetically,الف ب وار,,الف ب وار
already,اڳئي، اڳ ۾ ئي، پهريائين، پيشتر,,اڳئي، اڳ ۾ ئي، پهريائين، پيشتر
also,به، پڻ، اهڙيءَ طرح,,به، پڻ، اهڙيءَ طرح
altar,قربان گاهه، مسند,,قربان گاهه، مسند
alter,ردوبدل- ڦير ڦار,,ردوبدل- ڦير ڦار
alteration,ڦير ڦار- تبديلي- رد بدل,,ڦير ڦار- تبديلي- رد بدل
alternate,متبادل- عيوضي- بدل,,متبادل- عيوضي- بدل
alternating,بدل- عيوضو,,بدل- عيوضو
alternative,متبادل صورت- عيوض- بدل,,متبادل صورت- عيوض- بدل
alternatively,عيوضي طور,,عيوضي طور
although,حالانڪ، باوجوديڪ، اگرچه، توڻي جو,,حالانڪ، باوجوديڪ، اگرچه، توڻي جو
altitude,بلند- اوچائي,,بلند- اوچائي
altogether,ڪل، جملي، بلڪل، سراسر، آخرڪار,,ڪل، جملي، بلڪل، سراسر، آخرڪار
aluminium,ڌاتو جست جهڙو سفيد، اليومينم,,ڌاتو جست جهڙو سفيد، اليومينم
aluminum,هڪ قسم جو ڌاتو- جست,,هڪ قسم جو ڌاتو- جست
always,هميشه، دائما، هروقت، سدائين,,هميشه، دائما، هروقت، سدائين
amateur,اتائي- شوقيه فنڪار- غير پيشور,,اتائي- شوقيه فنڪار- غير پيشور
amazed,حيران، دنگ، وائڙو,,حيران، دنگ، وائڙو
amazing,حيران ڪندڙ، عجب ۾ وجهندڙ,,حيران ڪندڙ، عجب ۾ وجهندڙ
amazon,جنگي عورت، لڙاڪو عورت، مرداني زال,,جنگي عورت، لڙاڪو عورت، مرداني زال
ambassador,سفير- ملڪ جو نمائيندو,,سفير- ملڪ جو نمائيندو
amber,عنبر- هڪ قسم جي خوشبو- پيلي رنگ جو کؤنر,,عنبر- هڪ قسم جي خوشبو- پيلي رنگ جو کؤنر
ambient,چئني طرفن کان گهيريندڙ,,چئني طرفن کان گهيريندڙ
ambiguous,ڳجهو- مبهم- غير واضح,,ڳجهو- مبهم- غير واضح
ambition,حوصلا مندي- آرزو,,حوصلا مندي- آرزو
ambitious,پڪي ارادي وارو – بلند حوصلا,,پڪي ارادي وارو – بلند حوصلا
ambulance,ايمبولنس- مريضن کي کڻندڙ گاڏي,,ايمبولنس- مريضن کي کڻندڙ گاڏي
amen,آمين! شل ائين ٿئي! خدا اِئين ڪري!,,آمين! شل ائين ٿئي! خدا اِئين ڪري!
amend,ترميم ڪرڻ- تبديلي ڪرڻ,,ترميم ڪرڻ- تبديلي ڪرڻ
amended,ترميم ڪيل,,ترميم ڪيل
amendment,ترميم- تبديلي,,ترميم- تبديلي
amenities,سهولتون- آسائشون,,سهولتون- آسائشون
amethyst,ياقوت، نيلم,,ياقوت، نيلم
ammonia,امونيا- چن ۽ نوشاندر جو مرڪب,,امونيا- چن ۽ نوشاندر جو مرڪب
ammunition,گولا بارود- اسلحو- هٿيار,,گولا بارود- اسلحو- هٿيار
amnesty,درگذر- معافي- عام معافي,,درگذر- معافي- عام معافي
amortization,ادائيگي- بي باقي,,ادائيگي- بي باقي
amount,رقم- ناڻو- مقدار,,رقم- ناڻو- مقدار
ample,گهڻو- جهجهو- وافر,,گهڻو- جهجهو- وافر
amplification,افزائش- واڌارو,,افزائش- واڌارو
amplifier,ايمپلي فائير- وڌائيندڙ,,ايمپلي فائير- وڌائيندڙ
amplitude,حد- وسعت- پکيڙ,,حد- وسعت- پکيڙ
amusement,وندر-تفريح,,وندر-تفريح
amy,ساٿي- دوست- رفيق,,ساٿي- دوست- رفيق
an,هڪڙو، ڪوبه، في، حرف تنڪير,,هڪڙو، ڪوبه، في، حرف تنڪير
ana,هڪ يا ساڳئي مقدار ۾,,هڪ يا ساڳئي مقدار ۾
anal,پڇ جي هيٺان,,پڇ جي هيٺان
analogous,هڪجهڙا- ساڳيا,,هڪجهڙا- ساڳيا
analogue,هڪجهڙائي، مناسبت، هم شڪل شيءِ,,هڪجهڙائي، مناسبت، هم شڪل شيءِ
analogy,هڪجهڙائي- مشابهت- مماثلت,,هڪجهڙائي- مشابهت- مماثلت
analyse,ترڪيب ڪرڻ، ڇيد ڪرڻ,,ترڪيب ڪرڻ، ڇيد ڪرڻ
analysed,تجزيو ڪيل,,تجزيو ڪيل
analysis,تجزيو- جائزو- چڪاس- ڇيد,,تجزيو- جائزو- چڪاس- ڇيد
analyst,تجزيو ڪندڙ- تجزيه ڪار,,تجزيو ڪندڙ- تجزيه ڪار
analytic,تجزياتي,,تجزياتي
analytical,تجزياتي- جائزاتي,,تجزياتي- جائزاتي
anarchy,لا قانونيت- انتشار,,لا قانونيت- انتشار
anatomy,جراحي، بدن جي تشريح جو علم,,جراحي، بدن جي تشريح جو علم
ancestor,ابا ڏاڏا- مورث- وڏڙا,,ابا ڏاڏا- مورث- وڏڙا
ancestry,موروثيت- حسب نسب,,موروثيت- حسب نسب
anchor,لنگر انداز ٿيڻ- بحري جهاز بيهارڻ,,لنگر انداز ٿيڻ- بحري جهاز بيهارڻ
anchorage,لنگر اندازي/ بحري جهاز کي بيهارڻ جي جاءِ,,لنگر اندازي/ بحري جهاز کي بيهارڻ جي جاءِ
ancient,پراڻو- آڳاڻو- قديم,,پراڻو- آڳاڻو- قديم
ancillary,ضمني- امدادي- ذيلي- هيٺين,,ضمني- امدادي- ذيلي- هيٺين
and,۽ (حرف جملو يا حرف عطف),,۽ (حرف جملو يا حرف عطف)
angel,فرشتو- ملائڪ,,فرشتو- ملائڪ
anger,غصو، ڪاوڙ، ناراضگي، طيش,,غصو، ڪاوڙ، ناراضگي، طيش
angle,طرف- ڪنڊ-پاسو- رخ,,طرف- ڪنڊ-پاسو- رخ
anglican,انگريزي، انگريزي مذهبي جماعت جو پوئلڳ,,انگريزي، انگريزي مذهبي جماعت جو پوئلڳ
anglo,انگريزي، انگلستاني,,انگريزي، انگلستاني
angry,ڪاوڙيل، غصي ۾، ناراض، رنج، خفي,,ڪاوڙيل، غصي ۾، ناراض، رنج، خفي
angular,ڪنڊائتو- زاويائي,,ڪنڊائتو- زاويائي
animal,حيوان- جانور,,حيوان- جانور
animated,جاندار- متحرڪ- ساهوارو,,جاندار- متحرڪ- ساهوارو
animation,زندگي- حياتيت- تحرڪ,,زندگي- حياتيت- تحرڪ
ankle,مُريو,,مُريو
anna,آنو، (رپئي جو 16 : 1 حصو)، چار پئسا,,آنو، (رپئي جو 16 : 1 حصو)، چار پئسا
annals,واقعا- تاريخ,,واقعا- تاريخ
annex,منسلڪ ڪرڻ- جوڙڻ,,منسلڪ ڪرڻ- جوڙڻ
anniversary,سالگرهه- ورسي- ٻارهو,,سالگرهه- ورسي- ٻارهو
annotate,شرح لکڻ، تفسير ڪرڻ، معنيٰ ڏيڻ، سمجهائڻ,,شرح لکڻ، تفسير ڪرڻ، معنيٰ ڏيڻ، سمجهائڻ
annotated,وضاحتي- تشريحي,,وضاحتي- تشريحي
annotation,شرح,,شرح
announce,اعلان ڪرڻ,,اعلان ڪرڻ
announcement,اعلان,,اعلان
annual,ساليانو,,ساليانو
annually,ساليانو,,ساليانو
annuity,ساليانو,,ساليانو
anomaly,بي ضابطگي- بدعنواني,,بي ضابطگي- بدعنواني
anon,يڪدم، ڪڏهن ڪڏهن، تنهن تي,,يڪدم، ڪڏهن ڪڏهن، تنهن تي
anonymous,گمنام- بي نام,,گمنام- بي نام
another,ٻيو، ڪو ٻيو، ٻيو ڪوئي، هڪ ٻيو,,ٻيو، ڪو ٻيو، ٻيو ڪوئي، هڪ ٻيو
answer,جواب- جواب ڏيڻ,,جواب- جواب ڏيڻ
antarctic,ڏاکڻو قطب,,ڏاکڻو قطب
ante,پيش- اڳ ۾,,پيش- اڳ ۾
antenna,انٽينا,,انٽينا
anterior,اڳيون، پهريون,,اڳيون، پهريون
anthem,ترانو- مناجات,,ترانو- مناجات
anthology,چونڊ لکڻين جو مجموعو- انتخاب,,چونڊ لکڻين جو مجموعو- انتخاب
anthropology,علم الانسان- بشريات,,علم الانسان- بشريات
anti,مخالف- ضد- خلاف,,مخالف- ضد- خلاف
antibiotic,جراثيم ختم ڪندڙ,,جراثيم ختم ڪندڙ
antibiotics,علم ضدحيات، جِيوَمار دوائون، روڳ مار دوائون,,علم ضدحيات، جِيوَمار دوائون، روڳ مار دوائون
antibodies,مدافع عنصر، مدافعتي عنصر، جسم مخالف جيوڙا,,مدافع عنصر، مدافعتي عنصر، جسم مخالف جيوڙا
antibody,جسم ختم ڪندڙ- جسم ۾ پيدا ٿيندڙ مزاحمتي جزا,,جسم ختم ڪندڙ- جسم ۾ پيدا ٿيندڙ مزاحمتي جزا
anticipate,پيش بندي ڪرڻ- اڳڪٿي ڪرڻ,,پيش بندي ڪرڻ- اڳڪٿي ڪرڻ
anticipated,متوقع,,متوقع
anticipation,اڳڪٿي ڪرڻ- پيش بندي ڪرڻ,,اڳڪٿي ڪرڻ- پيش بندي ڪرڻ
antigen,پيدائش روڪ مادو، جسم واڌ مخالف,,پيدائش روڪ مادو، جسم واڌ مخالف
antique,قديم- پراڻو,,قديم- پراڻو
anxiety,ڳڻتي- اضطراب,,ڳڻتي- اضطراب
anxious,فڪرمند، منتظر، پريشان,,فڪرمند، منتظر، پريشان
any,ڪوبه، ڪجهه، ڪجهه قدر، ٿورو,,ڪوبه، ڪجهه، ڪجهه قدر، ٿورو
anyway,جيئن تيئن، ڪيئن به,,جيئن تيئن، ڪيئن به
anywhere,ڪٿي به، ڪيڏانهن به,,ڪٿي به، ڪيڏانهن به
apart,علحدو، جدا، پري، هڪ طرف، نجو,,علحدو، جدا، پري، هڪ طرف، نجو
apartment,فليٽ، ڪمرو، ڪوٺي,,فليٽ، ڪمرو، ڪوٺي
aperture,سوراخ- ٽُنگ,,سوراخ- ٽُنگ
apex,سرو، چوٽي، نوڪ، اَوج,,سرو، چوٽي، نوڪ، اَوج
apologize,معذرت ڪرڻ، معافي گهرڻ يا وٺڻ,,معذرت ڪرڻ، معافي گهرڻ يا وٺڻ
apology,معذرت- معافي,,معذرت- معافي
apostle,پيغمبر- نبي,,پيغمبر- نبي
apparatus,تجرباتي اوزار,,تجرباتي اوزار
apparel,لباس، پوشاڪ، لباس پهرائڻ، سينگارڻ,,لباس، پوشاڪ، لباس پهرائڻ، سينگارڻ
apparent,ظاهر- چٽو- واضع,,ظاهر- چٽو- واضع
appeal,اپيل- عرضداشت,,اپيل- عرضداشت
appear,ظاهر ٿيڻ- شريڪ ٿيڻ,,ظاهر ٿيڻ- شريڪ ٿيڻ
appearance,حاضري- شرڪت,,حاضري- شرڪت
appellant,اپيل ڪندڙ,,اپيل ڪندڙ
appellate,اپيل ٻُڌڻ وارو,,اپيل ٻُڌڻ وارو
append,شامل ڪرڻ- ڳنڍڻ,,شامل ڪرڻ- ڳنڍڻ
appendix,ضميمو,,ضميمو
appetite,بک,,بک
applause,تحسين,,تحسين
apple,صوف، اک جي ماڻڪي,,صوف، اک جي ماڻڪي
appliances,سامان- گهرجون- ضرورتون,,سامان- گهرجون- ضرورتون
applicability,اطلاعات پذيري- لاڳو ٿيڻ جوڳو هئڻ,,اطلاعات پذيري- لاڳو ٿيڻ جوڳو هئڻ
applicable,استعمال جي لائق,,استعمال جي لائق
applicant,درخواست گذار- سوالي,,درخواست گذار- سوالي
application,درخواست,,درخواست
applied,اطلاقي- لاڳو ٿيندڙ,,اطلاقي- لاڳو ٿيندڙ
apply,درخواست ڏيڻ- عمل ۾ آڻڻ,,درخواست ڏيڻ- عمل ۾ آڻڻ
appoint,مقرر ڪرڻ,,مقرر ڪرڻ
appointed,مقرر ڪيل، قائم ڪيل، سينگاريل,,مقرر ڪيل، قائم ڪيل، سينگاريل
appointment,تقرر- مقرري- ملاقات جو وقت,,تقرر- مقرري- ملاقات جو وقت
appointments,مصروفيتون- مقرريون,,مصروفيتون- مقرريون
appraisal,اندازو- تخمينو,,اندازو- تخمينو
appraiser,ڪٿ ڪندڙ- اندازو لڳائيندڙ,,ڪٿ ڪندڙ- اندازو لڳائيندڙ
appreciate,قدر ڪرڻ، ملهه وڌڻ,,قدر ڪرڻ، ملهه وڌڻ
appreciation,قدر شناسي- تحسين- شاباسي- جائزو,,قدر شناسي- تحسين- شاباسي- جائزو
apprentice,سيکڙاٽ- نو آموز,,سيکڙاٽ- نو آموز
apprenticeship,تجزياتي- آزمودي خاطر,,تجزياتي- آزمودي خاطر
approach,رسائي- پهچ,,رسائي- پهچ
appropriate,مناسب- موزون,,مناسب- موزون
appropriately,خوبيءَ سان، معقول طرح، موزونيت سان,,خوبيءَ سان، معقول طرح، موزونيت سان
appropriation,مدِبندي- تصرف,,مدِبندي- تصرف
approval,منظوري,,منظوري
approve,منظور ڪرڻ,,منظور ڪرڻ
approved,منظور ڪيل,,منظور ڪيل
approximate,تقريباً- لڳ ڀڳ- تخميني طور,,تقريباً- لڳ ڀڳ- تخميني طور
approximately,لڳ ڀڳ- تقريباً,,لڳ ڀڳ- تقريباً
approximation,نزديڪي، قربت، عنقريب، ٺيڪ انداز,,نزديڪي، قربت، عنقريب، ٺيڪ انداز
april,اپريل، انگريزي چوٿون مهينو، چيٽ، ويساک,,اپريل، انگريزي چوٿون مهينو، چيٽ، ويساک
apron,ڍڪ- آڳو,,ڍڪ- آڳو
apt,موزون- مناسب,,موزون- مناسب
aqua,پاڻي- پگهر- عرق- گلن جو رس,,پاڻي- پگهر- عرق- گلن جو رس
aquarium,ايڪويريم- پَن گهر- مڇي گهر,,ايڪويريم- پَن گهر- مڇي گهر
aquatic,پاڻيءَ وارو,,پاڻيءَ وارو
aqueous,پاڻيءَ وارو- آبي,,پاڻيءَ وارو- آبي
ar,(1) اينوئل ريٽرن جو مخفف (2) آسٽريلين رجسٽرڊ جو مخفف (حصص جي ڪاروبار ۾),,(1) اينوئل ريٽرن جو مخفف (2) آسٽريلين رجسٽرڊ جو مخفف (حصص جي ڪاروبار ۾)
arabic,عربي,,عربي
arbitrary,بي اصول- استبدادي,,بي اصول- استبدادي
arbitration,ٽياڪڙي- فيصلي جي ٽياڪڙي پنچائت,,ٽياڪڙي- فيصلي جي ٽياڪڙي پنچائت
arc,ڪمان- گول جو هڪ حصو- محراب- قوس,,ڪمان- گول جو هڪ حصو- محراب- قوس
arcade,ڇت وارو- ڇپر وارو,,ڇت وارو- ڇپر وارو
arch,محراب- ڪمان- گول-ونگ,,محراب- ڪمان- گول-ونگ
archaeological,قديم آثارن بابت,,قديم آثارن بابت
archaeology,قديم آثارن جو علم,,قديم آثارن جو علم
archer,تيرانداز,,تيرانداز
archery,تيراندازي,,تيراندازي
architect,اڏاوت جو ماهر- تعميرات جو ماهر,,اڏاوت جو ماهر- تعميرات جو ماهر
architectural,عمارتي- اڏاوتي- بناوتي,,عمارتي- اڏاوتي- بناوتي
architecture,اڏاوت جو فن- تعميرجو فن,,اڏاوت جو فن- تعميرجو فن
archives,پراڻن دستاويزن جو خانو,,پراڻن دستاويزن جو خانو
arctic,اتر قطب,,اتر قطب
area,ايراضي- پکيڙ- علائقو,,ايراضي- پکيڙ- علائقو
arena,آکاڙو، تماشگاهه، جنگ جو ميدان,,آکاڙو، تماشگاهه، جنگ جو ميدان
argentine,چانديءَ وانگر چمڪندڙ يا آواز ڪندڙ,,چانديءَ وانگر چمڪندڙ يا آواز ڪندڙ
argue,بحث ڪرڻ- دليل پيش ڪرڻ,,بحث ڪرڻ- دليل پيش ڪرڻ
argument,دليل بازي- بحث,,دليل بازي- بحث
argus,سؤ اکين وارو، فرضي شخص، نگهبان,,سؤ اکين وارو، فرضي شخص، نگهبان
arid,باراني- سڪل- بنجر,,باراني- سڪل- بنجر
arise,اٿڻ، اپڙڻ، مٿي چڙهڻ,,اٿڻ، اپڙڻ، مٿي چڙهڻ
arithmetic,حساب,,حساب
ark,وڏي ٻيڙي، صندوق، پناه جي جاءِ,,وڏي ٻيڙي، صندوق، پناه جي جاءِ
arm,ٻانهن- هٿيار,,ٻانهن- هٿيار
armada,جنگي جهازن جو ٻيڙو,,جنگي جهازن جو ٻيڙو
armed,هٿياربند,,هٿياربند
armour,زرهه,,زرهه
arms,اسلحو- هٿيار,,اسلحو- هٿيار
army,آرمي- زميني فوج- بري فوج-,,آرمي- زميني فوج- بري فوج-
aroma,خوشبو,,خوشبو
aromatic,خوشبودار,,خوشبودار
around,چوڌاري، هرطرف، آسپاس,,چوڌاري، هرطرف، آسپاس
arrange,ترتيب ڏيڻ- بندوبست ڪرڻ- انتظام ڪرڻ,,ترتيب ڏيڻ- بندوبست ڪرڻ- انتظام ڪرڻ
arrangement,انتظام- ترتيب- بندوبست,,انتظام- ترتيب- بندوبست
array,ترتيب وار فهرست- صف آرائي,,ترتيب وار فهرست- صف آرائي
arrest,گرفتار ڪرڻ- قيد ڪرڻ,,گرفتار ڪرڻ- قيد ڪرڻ
arrested,گرفتار ڪيل- قيد ڪيل,,گرفتار ڪيل- قيد ڪيل
arrival,آمد- اچڻ جي حالت- پهچڻ- آمدني- اپت,,آمد- اچڻ جي حالت- پهچڻ- آمدني- اپت
arrow,تير، ٻاڻ,,تير، ٻاڻ
arsenal,اسلح خانو- هٿيارن جو ڊيپو,,اسلح خانو- هٿيارن جو ڊيپو
arsenic,سنکيو، زهريلو,,سنکيو، زهريلو
art,هنر- فن- آرٽ,,هنر- فن- آرٽ
arterial,فرعي- شرياني- لڳولڳ- مکيه,,فرعي- شرياني- لڳولڳ- مکيه
artery,نبض- رڳ- شريان,,نبض- رڳ- شريان
arthritis,هڏن جي وائيءَ سور جي بيماري,,هڏن جي وائيءَ سور جي بيماري
article,مضمون- مقالو- آرٽيڪل,,مضمون- مقالو- آرٽيڪل
articles,شيون- شرط- مضمون,,شيون- شرط- مضمون
articulate,صاف صاف اُچار ڪرڻ، الڳ الڳ,,صاف صاف اُچار ڪرڻ، الڳ الڳ
artifacts,هٿرادو شيون- مصنوعي شيون,,هٿرادو شيون- مصنوعي شيون
artificial,جڙتو- هٿرادو,,جڙتو- هٿرادو
artillery,توب خانو، بندوق خانو، توب، جنگ جو سامان,,توب خانو، بندوق خانو، توب، جنگ جو سامان
artisan,هٿ جو ڪم ڪندڙ- هنرمند- دستڪار- ڪاريگر,,هٿ جو ڪم ڪندڙ- هنرمند- دستڪار- ڪاريگر
artist,فنڪار- هنرمند- آرٽسٽ,,فنڪار- هنرمند- آرٽسٽ
artistic,فنڪاراڻو- هنري,,فنڪاراڻو- هنري
arts,فن- هنر,,فن- هنر
artwork,فني ڪم، نقش، تصويري خاڪا (جيڪي ڪتاب ۾ شامل ڪجن),,فني ڪم، نقش، تصويري خاڪا (جيڪي ڪتاب ۾ شامل ڪجن)
as,جئين- جهڙي ريت,,جئين- جهڙي ريت
asbestos,باهه ۾ نه سڙندڙ ريشيدار معدنيات,,باهه ۾ نه سڙندڙ ريشيدار معدنيات
ascending,اُڀو- بلنديءَ وارو- مٿاهون- چاڙهه,,اُڀو- بلنديءَ وارو- مٿاهون- چاڙهه
ascension,عروج، معراج، چڙهائي، چاڙهه,,عروج، معراج، چڙهائي، چاڙهه
ascertain,ڳولي لهڻ- دريافت ڪرڻ- تسلي ڪرڻ- پڪ ڪرڻ,,ڳولي لهڻ- دريافت ڪرڻ- تسلي ڪرڻ- پڪ ڪرڻ
ash,رک- ڇار,,رک- ڇار
ashamed,شرمندو، لڄي، نادم، ڦڪو,,شرمندو، لڄي، نادم، ڦڪو
ashes,ساڙيل مردي جي رک، خاڪ، ڀڀوت,,ساڙيل مردي جي رک، خاڪ، ڀڀوت
aside,پاسائتو، هڪ طرف، هڪ پاسي، الڳ، دور,,پاسائتو، هڪ طرف، هڪ پاسي، الڳ، دور
ask,پڇڻ، درخواست ڪرڻ، گهرڻ، طلب ڪرڻ,,پڇڻ، درخواست ڪرڻ، گهرڻ، طلب ڪرڻ
asleep,آرام ۾، ننڊ ۾، ننڊ، سمهيل، ستل,,آرام ۾، ننڊ ۾، ننڊ، سمهيل، ستل
asp,افعي، مصري ڪارو نانگ,,افعي، مصري ڪارو نانگ
aspect,رخ- پاسو- طرف,,رخ- پاسو- طرف
aspen,بيد مجنون,,بيد مجنون
aspire,خواهش رکڻ-من جي مراد,,خواهش رکڻ-من جي مراد
aspirin,هڪ قسم جي دوا جيڪا مٿي جو سور لاهيندي آهي,,هڪ قسم جي دوا جيڪا مٿي جو سور لاهيندي آهي
ass,کودي، گڏهه، خر، نالائق، احمق,,کودي، گڏهه، خر، نالائق، احمق
assassination,قتل,,قتل
assault,حملو- مارڪٽ,,حملو- مارڪٽ
assay,پرکڻ- سڃاڻڻ- ڪسوٽي,,پرکڻ- سڃاڻڻ- ڪسوٽي
assemble,جمع ٿيڻ- گڏ ٿيڻ,,جمع ٿيڻ- گڏ ٿيڻ
assembled,جڙيل- ميڙ ۾ موجود,,جڙيل- ميڙ ۾ موجود
assembler,جوڙيندڙ، ڳنڍيندڙ,,جوڙيندڙ، ڳنڍيندڙ
assembly,اسيمبلي- ميڙ- مجموعو,,اسيمبلي- ميڙ- مجموعو
assert,زور ڀرڻ- تائيد ڪرڻ,,زور ڀرڻ- تائيد ڪرڻ
assertion,دعويٰ- زورائتي ڳالهه,,دعويٰ- زورائتي ڳالهه
assess,ڪٿ ڪرڻ- اندازو لڳائڻ,,ڪٿ ڪرڻ- اندازو لڳائڻ
assessed,ڪٿيل,,ڪٿيل
assessing,اندازو ڪرڻ- ڪٿ ڪرڻ- ڪٿ ڪندڙ,,اندازو ڪرڻ- ڪٿ ڪرڻ- ڪٿ ڪندڙ
assessment,ڪٿ-اندازو- تعين,,ڪٿ-اندازو- تعين
assessor,ڪٿ ڪندڙ- اندازو هڻندڙ,,ڪٿ ڪندڙ- اندازو هڻندڙ
assets,اثاثا - ملڪيت,,اثاثا - ملڪيت
assign,حوالي ڪرڻ- ذميواري ڏيڻ- سونپڻ,,حوالي ڪرڻ- ذميواري ڏيڻ- سونپڻ
assigned,سونپيل- سپرد ڪيل- حوالي ڪيل,,سونپيل- سپرد ڪيل- حوالي ڪيل
assigning,حوالي ڪرڻ- سپرد ڪرڻ,,حوالي ڪرڻ- سپرد ڪرڻ
assignment,سپردگي- حوالگلي- ذميواري- ڪم,,سپردگي- حوالگلي- ذميواري- ڪم
assist,مدد ڪرڻ، سهارو ڏيڻ، ٽيڪ ڏيڻ,,مدد ڪرڻ، سهارو ڏيڻ، ٽيڪ ڏيڻ
assistance,مدد- معاونت- امداد,,مدد- معاونت- امداد
assistant,مددگار - معاون,,مددگار - معاون
associate,شريڪ - شامل ٿيل- ساٿي,,شريڪ - شامل ٿيل- ساٿي
associated,گڏيل- وابسته- شريڪ- لاڳاپيل,,گڏيل- وابسته- شريڪ- لاڳاپيل
association,ايسوسيئيشن- تنظيم- جماعت- شرڪت- ويجهڙائي,,ايسوسيئيشن- تنظيم- جماعت- شرڪت- ويجهڙائي
assorted,ڇانٽيل- الڳ ٿيل,,ڇانٽيل- الڳ ٿيل
assortment,قسم بندي- ترتيب- ڌار ڌار ڪرڻ,,قسم بندي- ترتيب- ڌار ڌار ڪرڻ
assume,فرض ڪرڻ- اختيار ڪرڻ,,فرض ڪرڻ- اختيار ڪرڻ
assumed,فرضي,,فرضي
assuming,وڏائيءَ وارو، هٺيلو، مغرور,,وڏائيءَ وارو، هٺيلو، مغرور
assumption,اندازو- قياس- مفروضو- سنڀالڻ,,اندازو- قياس- مفروضو- سنڀالڻ
assurance,خاطري- پڪ- ويمو- ضمانت,,خاطري- پڪ- ويمو- ضمانت
assure,پڪ ڪرڻ- ضمانت ڪرڻ,,پڪ ڪرڻ- ضمانت ڪرڻ
assured,خاطري ڪيل- ضمانت ٿيل,,خاطري ڪيل- ضمانت ٿيل
asterisk,تارو- ٽٻڪو- نشان,,تارو- ٽٻڪو- نشان
asthma,دم- سهڪ,,دم- سهڪ
astrology,علم نجوم/ فلڪيات جو علم,,علم نجوم/ فلڪيات جو علم
astronomical,فلڪياتي,,فلڪياتي
astronomy,فلڪيات- آسماني شين جو علم,,فلڪيات- آسماني شين جو علم
astrophysics,فلڪياتي طبعيات,,فلڪياتي طبعيات
asylum,دارالامان- پناهه گاهه,,دارالامان- پناهه گاهه
at,تي- کان- ۾,,تي- کان- ۾
atheist,دهريو، ڪافر، ناستڪ، لامذهب,,دهريو، ڪافر، ناستڪ، لامذهب
athlete,ڊوڙندڙ- ورزش ڪندڙ (رانديگر)- سگهارو,,ڊوڙندڙ- ورزش ڪندڙ (رانديگر)- سگهارو
athletic,ورزشي- ڪسرتي,,ورزشي- ڪسرتي
athletics,ورزشي راند- جسماني رانديون,,ورزشي راند- جسماني رانديون
atlas,نقشن جو ڪتاب,,نقشن جو ڪتاب
atmosphere,وايو منڊل- ماحول-فضا,,وايو منڊل- ماحول-فضا
atmospheric,ماحولياتي- هوائي,,ماحولياتي- هوائي
atom,ايٽم- جوهر- ذرڙو,,ايٽم- جوهر- ذرڙو
atomic,ايٽمي- جوهري,,ايٽمي- جوهري
attach,منسلڪ ڪرڻ- ڳنڍڻ- شامل ڪرڻ,,منسلڪ ڪرڻ- ڳنڍڻ- شامل ڪرڻ
attached,شامل ڪيل- لاڳاپيل,,شامل ڪيل- لاڳاپيل
attachment,وابستگي- لڳاءُ- ملڪيت جي ضبطي (قانون),,وابستگي- لڳاءُ- ملڪيت جي ضبطي (قانون)
attack,حملو- ڪاهه,,حملو- ڪاهه
attain,حاصل ڪرڻ، پهچڻ، پورو ڪرڻ,,حاصل ڪرڻ، پهچڻ، پورو ڪرڻ
attainment,حاصلات- آمدني,,حاصلات- آمدني
attempt,اُپاءَ- ڪوشش,,اُپاءَ- ڪوشش
attend,حاضر ٿيڻ- شريڪ ٿيڻ,,حاضر ٿيڻ- شريڪ ٿيڻ
attendance,حاضري,,حاضري
attendant,خدمت گذار- نوڪر,,خدمت گذار- نوڪر
attention,توجهه- ڌيان- خيال,,توجهه- ڌيان- خيال
attic,بالا خانو، ڇڄهري، دوڇتي,,بالا خانو، ڇڄهري، دوڇتي
attitude,رويو- ورتاءُ- سلوڪ,,رويو- ورتاءُ- سلوڪ
attorney,وڪيل- مختار- اٽارني,,وڪيل- مختار- اٽارني
attract,ڇڪڻ، ڪشش ڪرڻ، موهڻ,,ڇڪڻ، ڪشش ڪرڻ، موهڻ
attraction,ڇڪ، ڪشش، دلربائي,,ڇڪ، ڪشش، دلربائي
attractive,دل کي ڇڪيندڙ- سهڻو- حسين,,دل کي ڇڪيندڙ- سهڻو- حسين
attributable,منسوب ٿيڻ وارو,,منسوب ٿيڻ وارو
attribute,منسوب ڪرڻ- ارپڻ,,منسوب ڪرڻ- ارپڻ
attributes,خاصيتون- گڻ- خوبيون,,خاصيتون- گڻ- خوبيون
attribution,نسبت- تعلق- ڳانڍاپو,,نسبت- تعلق- ڳانڍاپو
auburn,ڀوُرو، ڪڪو، سون جهڙو ڀُورو,,ڀوُرو، ڪڪو، سون جهڙو ڀُورو
auction,نيلام,,نيلام
audible,ٻڌڻيءَ جوڳو هئڻ,,ٻڌڻيءَ جوڳو هئڻ
audience,ٻڌڻ وارا- حاضرين,,ٻڌڻ وارا- حاضرين
audit,حساب ڪتاب جي جانچ پڙتال,,حساب ڪتاب جي جانچ پڙتال
audited,آڊٽ ٿيل,,آڊٽ ٿيل
auditing,آڊٽ ڪرڻ,,آڊٽ ڪرڻ
audition,آڊيشن- ٻُڌڻي,,آڊيشن- ٻُڌڻي
auditor,حساب جانچيندڙ,,حساب جانچيندڙ
auditorium,آڊيٽوريم- سماعت گاهه- هال,,آڊيٽوريم- سماعت گاهه- هال
auditory,ٻڌڻ واري حس,,ٻڌڻ واري حس
augmentation,واڌارو,,واڌارو
august,انگريزي اٺون مهينو، عظيم الشان، بزرگ، وڏو,,انگريزي اٺون مهينو، عظيم الشان، بزرگ، وڏو
aunt,چاچي، ماسي، مامي، پڦي,,چاچي، ماسي، مامي، پڦي
aurora,پرهه ڦٽيءَ جو ديوتا، شفق، صبح، نور جو تڙڪو,,پرهه ڦٽيءَ جو ديوتا، شفق، صبح، نور جو تڙڪو
authentic,مستند- ڀروسي جوڳو- معتبر,,مستند- ڀروسي جوڳو- معتبر
authenticated,تصديق ڪيل- ثابت ڪيل,,تصديق ڪيل- ثابت ڪيل
authentication,تصديق- پڪ- ثابتي,,تصديق- پڪ- ثابتي
authenticity,صداقت- مستند هئڻ- معتبر هئڻ,,صداقت- مستند هئڻ- معتبر هئڻ
author,مصنف- ليکڪ,,مصنف- ليکڪ
authorisation,اختيار نامون- منظوري,,اختيار نامون- منظوري
authoritative,مستند- آمراڻو,,مستند- آمراڻو
authorities,مجاز اختياري- ارباب اختيار,,مجاز اختياري- ارباب اختيار
authority,اختياري- سند,,اختياري- سند
authorization,اختيار نامو,,اختيار نامو
authorize,مختيار ڏيڻ- مجاز ڪرڻ,,مختيار ڏيڻ- مجاز ڪرڻ
authorized,مجاز- اختيار يافته,,مجاز- اختيار يافته
autism,ذھني مونجھھ (ڪميونيڪيشن نھ ٿيڻ ڪري),,ذھني مونجھھ (ڪميونيڪيشن نھ ٿيڻ ڪري)
auto,خودرو، پاڻمرادو، خودڪار، خود، ذاتي,,خودرو، پاڻمرادو، خودڪار، خود، ذاتي
autobiography,آپ بيتي، سوانح عمري، آتم ڪهاڻي,,آپ بيتي، سوانح عمري، آتم ڪهاڻي
autograph,يادگار دستخط- يادگار صحي,,يادگار دستخط- يادگار صحي
automatic,خودڪار- پاڻمرادو- ازخود,,خودڪار- پاڻمرادو- ازخود
automatically,پاڻمرادو,,پاڻمرادو
automation,خودڪار عمل-خود ڪار اجرت جوڙ ڪٽ ڪندڙ مشين - خود ڪار مزدوري جوڙجڪ - ڪمپيوٽر جو اصطلاح جنهن تحت انڊسٽريز ۾ مشينون اهڙي نموني ملايل هونديون آهن جو هڪ عمل پورو ٿيڻ تي ٻيو عمل خود بخود شروع ٿي وڃي-,,خودڪار عمل-خود ڪار اجرت جوڙ ڪٽ ڪندڙ مشين - خود ڪار مزدوري جوڙجڪ - ڪمپيوٽر جو اصطلاح جنهن تحت انڊسٽريز ۾ مشينون اهڙي نموني ملايل هونديون آهن جو هڪ عمل پورو ٿيڻ تي ٻيو عمل خود بخود شروع ٿي وڃي-
automobile,موٽرڪار,,موٽرڪار
autonomous,خودمختيار,,خودمختيار
autonomy,خود مختياري,,خود مختياري
autumn,سرءُ، خزان، پيري، زواليت,,سرءُ، خزان، پيري، زواليت
auxiliary,معاون مددگار، مددي,,معاون مددگار، مددي
avail,نفع، ڪم، فائدو، فائديمند ٿيڻ، فائدو وٺڻ,,نفع، ڪم، فائدو، فائديمند ٿيڻ، فائدو وٺڻ
availability,دستيابي- فراهمي,,دستيابي- فراهمي
available,موجود- دستياب,,موجود- دستياب
avalanche,تمام گهڻو ٿڌو- ٿڌي برف,,تمام گهڻو ٿڌو- ٿڌي برف
avenue,خيابان,,خيابان
average,سراسري,,سراسري
averaging,سراسري ڪرڻ,,سراسري ڪرڻ
aviation,هوابازي,,هوابازي
avid,حريص، مشتاق,,حريص، مشتاق
avoid,پرهيز ڪرڻ- بچڻ,,پرهيز ڪرڻ- بچڻ
avoidance,پرهيز,,پرهيز
await,ترسڻ، انتظار ڪرڻ، اميد رکڻ,,ترسڻ، انتظار ڪرڻ، اميد رکڻ
awake,جاڳائڻ، هوشيار ڪرڻ، جاڳڻ,,جاڳائڻ، هوشيار ڪرڻ، جاڳڻ
awakening,بيداري شعور- سجاڳي,,بيداري شعور- سجاڳي
award,ايوارڊ- انعام- وظيفو- فيصلو (ٽياڪڙي),,ايوارڊ- انعام- وظيفو- فيصلو (ٽياڪڙي)
awards,فيصلا- نشان,,فيصلا- نشان
aware,آگاهه ڪرڻ- اطلاع ڏيڻ,,آگاهه ڪرڻ- اطلاع ڏيڻ
awareness,آگاهي- واقفيت,,آگاهي- واقفيت
away,دور، پري، ٻاهر، غيرحاضر، الڳ,,دور، پري، ٻاهر، غيرحاضر، الڳ
awe,خوف، دهشت، ڊپ، ڏهڪاءُ، دٻدٻو,,خوف، دهشت، ڊپ، ڏهڪاءُ، دٻدٻو
awful,هيبتناڪ، خوفائتو، حشمت وارو,,هيبتناڪ، خوفائتو، حشمت وارو
awhile,ٿوري عرصي لاءِ,,ٿوري عرصي لاءِ
awkward,بي ڊولو، اڍنگو، اناڙي، بيهودو,,بي ڊولو، اڍنگو، اناڙي، بيهودو
axe,ڪهاڙي، ڪهاڙو، چيرڻ,,ڪهاڙي، ڪهاڙو، چيرڻ
axial,محور، چرخي,,محور، چرخي
axis,محور,,محور
aye,مدام، سدائين، هميشھ,,مدام، سدائين، هميشھ
b,انگريزي آئيويٽا جو ٻيو اکر,,انگريزي آئيويٽا جو ٻيو اکر
ba,بيچلر آف آرٽس جو مخفف,,بيچلر آف آرٽس جو مخفف
baby,ٻار، ٻالڪ، طفل,,ٻار، ٻالڪ، طفل
bachelor,غير شادي شده- ڪنوارو,,غير شادي شده- ڪنوارو
back,تائيد ڪرڻ,,تائيد ڪرڻ
backbone,ڪرنگهي جي هڏي,,ڪرنگهي جي هڏي
backdrop,اسٽيج جو پسمنظر وارو پردو,,اسٽيج جو پسمنظر وارو پردو
backed,تصديق ڪيل- تائيد ڪيل,,تصديق ڪيل- تائيد ڪيل
backgammon,شطرنج يا چؤپڙ جهڙي راند جيڪا ٻه ڄڻا پاڻ ۾ ڪندا آهن، نرد راند,,شطرنج يا چؤپڙ جهڙي راند جيڪا ٻه ڄڻا پاڻ ۾ ڪندا آهن، نرد راند
background,پسمنظر- نمايان حصو,,پسمنظر- نمايان حصو
backing,تائيد ڪرڻ- پٺ ڀرائي ڪرڻ,,تائيد ڪرڻ- پٺ ڀرائي ڪرڻ
backup,پٺڀرائي ڪرڻ- تائيد ڪرڻ,,پٺڀرائي ڪرڻ- تائيد ڪرڻ
backward,پٺتي پيل,,پٺتي پيل
bacon,سوئر جو لوڻيل ۽ سڪايل گوشت,,سوئر جو لوڻيل ۽ سڪايل گوشت
bacteria,جيوڙا,,جيوڙا
bacterial,جيوڙون وارو,,جيوڙون وارو
bad,گندو- خراب,,گندو- خراب
badge,ٻلو- نشان,,ٻلو- نشان
badger,گهورڙيو,,گهورڙيو
badly,خراب حالت ۾، تمام ضروري يا سختيءَ سان,,خراب حالت ۾، تمام ضروري يا سختيءَ سان
bag,بيگ- ٿيلو- ڳوٿري,,بيگ- ٿيلو- ڳوٿري
baggage,سامان,,سامان
bail,ضمانت,,ضمانت
bait,لالچائڻ، چوُڻو ڏيڻ، تنگ ڪرڻ، مڇيءَ کي لالچائڻ,,لالچائڻ، چوُڻو ڏيڻ، تنگ ڪرڻ، مڇيءَ کي لالچائڻ
bake,پچائڻ (تنور ۾)، سخت ڪرڻ، سوڪ ڪرڻ,,پچائڻ (تنور ۾)، سخت ڪرڻ، سوڪ ڪرڻ
baked,پڪل، پچايل,,پڪل، پچايل
baker,نانوائي,,نانوائي
bakery,بيڪري,,بيڪري
balance,بقايا - توازن,,بقايا - توازن
balanced,توازن وارو- برابر,,توازن وارو- برابر
balancing,توازن ڪاري,,توازن ڪاري
balcony,بالڪوني,,بالڪوني
bald,گنجو، ٺوڙهو، ننگو,,گنجو، ٺوڙهو، ننگو
ball,بال- گولو- کيڏوڻو- کينهون,,بال- گولو- کيڏوڻو- کينهون
ballad,گيت، نظم، راڳ، غزل، ڪافي,,گيت، نظم، راڳ، غزل، ڪافي
ballet,ناچ، ناٽڪ ۾ ناچ,,ناچ، ناٽڪ ۾ ناچ
balloon,ڦوڪڻو,,ڦوڪڻو
ballot,چونڊون- قرعه اندازي- بيلٽ,,چونڊون- قرعه اندازي- بيلٽ
balm,بام- مرهم,,بام- مرهم
bamboo,بانس (وڻ جو قسم),,بانس (وڻ جو قسم)
ban,پابندي- منع- روڪ,,پابندي- منع- روڪ
banana,ڪيوڙي جي ڦري، ڪيلو,,ڪيوڙي جي ڦري، ڪيلو
band,دستو- بينڊ- بينڊ باجو- هجوم- موسيقارن جو ٽولو,,دستو- بينڊ- بينڊ باجو- هجوم- موسيقارن جو ٽولو
bandwidth,عرض، نيٽ ورڪ تي ڊيٽا جي منتقليءَ جو ملھھ,,عرض، نيٽ ورڪ تي ڊيٽا جي منتقليءَ جو ملھھ
bank,بينڪ- ڪنارو- بند,,بينڪ- ڪنارو- بند
banker,بئنڪار,,بئنڪار
banking,بئنڪاري,,بئنڪاري
bankruptcy,ڏيوال پڻو,,ڏيوال پڻو
banned,پابندي پيل,,پابندي پيل
banner,بينر-ڪپڙو- جهنڊو,,بينر-ڪپڙو- جهنڊو
banquet,دعوت- مهماني,,دعوت- مهماني
baptism,استباغ، مذهبي ڪريا ڪرم لاءِ تڙ يا غسل,,استباغ، مذهبي ڪريا ڪرم لاءِ تڙ يا غسل
baptist,روحاني پاڪيزگي بخشيندڙ پادري,,روحاني پاڪيزگي بخشيندڙ پادري
bar,وڪيلن جي جماعت- حد- شراب خانو- خارج ٿيڻ- رڪاوٽ,,وڪيلن جي جماعت- حد- شراب خانو- خارج ٿيڻ- رڪاوٽ
barb,ڪنڍي، انگڙي، تير وغيره جي نوڪدار چهنب,,ڪنڍي، انگڙي، تير وغيره جي نوڪدار چهنب
barber,حجام، نائي,,حجام، نائي
bard,شاعر، ڀٽ,,شاعر، ڀٽ
bare,اگهاڙو- کليل-اصل-صرف,,اگهاڙو- کليل-اصل-صرف
barely,رڳو، ڇڙو، مشڪل سان، مس، کلم کلا,,رڳو، ڇڙو، مشڪل سان، مس، کلم کلا
bargain,معاملو- سودو- سامان,,معاملو- سودو- سامان
bargaining,سودي ڪاري,,سودي ڪاري
barley,جَوَ,,جَوَ
barn,ڀانڊو- گدام,,ڀانڊو- گدام
baron,نواب، امير، انگلنڊ جي امير جو لقب,,نواب، امير، انگلنڊ جي امير جو لقب
barred,پابندي مڙهيل,,پابندي مڙهيل
barrel,پيپ- بندوق جي نالي,,پيپ- بندوق جي نالي
barrier,رڪاوٽ,,رڪاوٽ
barrow,هٿ گاڏي,,هٿ گاڏي
basal,بنيادي,,بنيادي
base,بنياد- پيڙهه- هيٺانهون,,بنياد- پيڙهه- هيٺانهون
baseball,بيس بال,,بيس بال
baseline,شروعاتي حد- لڪير,,شروعاتي حد- لڪير
basement,هيٺيون حصو- تهه خانو,,هيٺيون حصو- تهه خانو
bases,کارو مادو، اساس، کار وارو مادو,,کارو مادو، اساس، کار وارو مادو
basic,بنيادي- اصلي,,بنيادي- اصلي
basil,تلسيءَ جو ٻوٽو، نازبو,,تلسيءَ جو ٻوٽو، نازبو
basin,باسڻ- پاٽ- حوض,,باسڻ- پاٽ- حوض
basis,بنياد- پيڙهه- اساس,,بنياد- پيڙهه- اساس
basket,ڇٻو- ٽوڪري/باسڪٽ,,ڇٻو- ٽوڪري/باسڪٽ
basketball,باسڪٽ بال,,باسڪٽ بال
bass,ڀاري، ٿلهو يا ڳؤرو (آواز),,ڀاري، ٿلهو يا ڳؤرو (آواز)
bastard,حرامي ناجائز- غير معياري,,حرامي ناجائز- غير معياري
bat,چمڙو (پکي)، راند ڪرڻ جي بيٽ,,چمڙو (پکي)، راند ڪرڻ جي بيٽ
batch,ٽولو – جٿو- دستو,,ٽولو – جٿو- دستو
bath,غسل- وهنجڻ,,غسل- وهنجڻ
bathing,وهنجڻ,,وهنجڻ
bathroom,غسل خانو – وهنجڻ جاءِ,,غسل خانو – وهنجڻ جاءِ
baton,لٺ- ڏنڊو,,لٺ- ڏنڊو
battalion,بٽالين,,بٽالين
batter,شڪستو ڪرڻ، چڪنا چور ڪرڻ، ڪٽڻ,,شڪستو ڪرڻ، چڪنا چور ڪرڻ، ڪٽڻ
battery,بيٽري,,بيٽري
battle,جنگ- لڙائي,,جنگ- لڙائي
battlefield,جنگ جو ميدان,,جنگ جو ميدان
bay,نار- خليج,,نار- خليج
bazaar,بازار,,بازار
bd,Brought down جو مخفف,,Brought down جو مخفف
be,هئڻ، جاري رهڻ، ٿيڻ، رهڻ,,هئڻ، جاري رهڻ، ٿيڻ، رهڻ
beach,سمنڊ جو ڪنارو,,سمنڊ جو ڪنارو
beacon,روشن مينار,,روشن مينار
bead,ٻڙو- داڻو- مڻڪو,,ٻڙو- داڻو- مڻڪو
beads,تسبيح، مالها,,تسبيح، مالها
beam,شهتير- ڪاٺ جو ٽڪر,,شهتير- ڪاٺ جو ٽڪر
bean,مٽر جي ڦري,,مٽر جي ڦري
bear,رڇ- برداشت ڪرڻ,,رڇ- برداشت ڪرڻ
beard,ڏاڙهي- مقابلو ڪرڻ,,ڏاڙهي- مقابلو ڪرڻ
bearing,رخ- پاسو- انداز,,رخ- پاسو- انداز
beast,حيوان- وحشي جانور-چوپايو,,حيوان- وحشي جانور-چوپايو
beat,مارڻ- هڻڻ,,مارڻ- هڻڻ
beaten,مغلوب، پراڻو، مار کاڌل، ٿڪل,,مغلوب، پراڻو، مار کاڌل، ٿڪل
beatles,نڪور ڳائڻن جو جٿو، نون فنڪارن جو جھنڊ,,نڪور ڳائڻن جو جٿو، نون فنڪارن جو جھنڊ
beau,بانڪو، نٽئون، پوشاڪي,,بانڪو، نٽئون، پوشاڪي
beautiful,حسين، خوبصورت، خوشنما، سهڻو، عمدو,,حسين، خوبصورت، خوشنما، سهڻو، عمدو
beautifully,خوبصورت نموني,,خوبصورت نموني
beauty,سونهن، خوبصورتي، عمدگي، حسن، خوبي,,سونهن، خوبصورتي، عمدگي، حسن، خوبي
beaver,لڌڙو (جانور),,لڌڙو (جانور)
because,ڇاڪاڻ ته، انهيءَ سبب ڪري جو,,ڇاڪاڻ ته، انهيءَ سبب ڪري جو
become,ٿيڻ,,ٿيڻ
becoming,موزون، زيبا، مناسب، سهائيندڙ,,موزون، زيبا، مناسب، سهائيندڙ
bed,بسترو- تهه- هنڌ,,بسترو- تهه- هنڌ
bedding,بسترو، بستري جا سڀ ٽپڙ,,بسترو، بستري جا سڀ ٽپڙ
bee,ماکيءَ جي مک,,ماکيءَ جي مک
beef,ڳائو گوشت,,ڳائو گوشت
been,ٿيو,,ٿيو
beer,بيئر- جوَن مان ٺهيل شراب,,بيئر- جوَن مان ٺهيل شراب
beetle,ٽنڊڻ- ڀنڀوري- ٽنڊڻي,,ٽنڊڻ- ڀنڀوري- ٽنڊڻي
before,اڳ ۾,,اڳ ۾
beg,پنڻ، عرض ڪرڻ,,پنڻ، عرض ڪرڻ
begin,شروع ڪرڻ، آغاز ڪرڻ,,شروع ڪرڻ، آغاز ڪرڻ
beginner,نو آموز، سيکڙاٽ، نول، بيڪار,,نو آموز، سيکڙاٽ، نول، بيڪار
beginning,ابتدا شروع,,ابتدا شروع
behalf,واسطي، سبب سان، پاران,,واسطي، سبب سان، پاران
behave,هلڻ، پيش اچڻ، هلت هلڻ,,هلڻ، پيش اچڻ، هلت هلڻ
behaviour,ورتاءُ- رويو- سلوڪ-ڪردار,,ورتاءُ- رويو- سلوڪ-ڪردار
behavioural,سُٺي ورتاءَ وارو,,سُٺي ورتاءَ وارو
behind,پٺيان، پٺتي، ڪمتر، گهٽ، باقي,,پٺيان، پٺتي، ڪمتر، گهٽ، باقي
behold,ڏس، مدنظر رک، نگاه ڪر، ڏسڻ، ڌيان ڏيڻ,,ڏس، مدنظر رک، نگاه ڪر، ڏسڻ، ڌيان ڏيڻ
being,زندگي، شي، هستي، وجود، مخلوق,,زندگي، شي، هستي، وجود، مخلوق
belief,عقيدو- ايمان,,عقيدو- ايمان
believe,يقين ڪرڻ، اعتبار ڪرڻ، مڃڻ,,يقين ڪرڻ، اعتبار ڪرڻ، مڃڻ
believer,معتقد- مڃيندڙ,,معتقد- مڃيندڙ
bell,گهنٽي,,گهنٽي
belle,البيلي، حسين عورت، نازنين,,البيلي، حسين عورت، نازنين
belly,پيٽ- ڀڀ- شڪم,,پيٽ- ڀڀ- شڪم
belong,هئڻ، ملڪيت هجڻ، تعلق رکڻ,,هئڻ، ملڪيت هجڻ، تعلق رکڻ
beloved,محبوب، پيارو، معشوق,,محبوب، پيارو، معشوق
below,هيٺ,,هيٺ
belt,پٽڪو- ڪم بند,,پٽڪو- ڪم بند
bench,بينچ- عدالت- عدالت جو اجلاس,,بينچ- عدالت- عدالت جو اجلاس
benchmark,حوالي جو نشان,,حوالي جو نشان
bend,موڙڻ,,موڙڻ
beneath,هيٺان، هيٺ، گهٽ، نيچ,,هيٺان، هيٺ، گهٽ، نيچ
benedict,نئون شادي ڪيل,,نئون شادي ڪيل
beneficial,فائديمند- سڻائو- منافع بخش,,فائديمند- سڻائو- منافع بخش
beneficiary,فائدو وٺندڙ,,فائدو وٺندڙ
benefit,مفاد- فائدو,,مفاد- فائدو
benefits,فائدا- نفعا,,فائدا- نفعا
benign,مهربان شفيق- معمولي,,مهربان شفيق- معمولي
bent,ڦڏو- ٽيڙو- مُڙيل,,ڦڏو- ٽيڙو- مُڙيل
berg,برف جو ڍڳ يا جبل,,برف جو ڍڳ يا جبل
berry,ٻير، ٻير جهڙو ميوو,,ٻير، ٻير جهڙو ميوو
beside,نزديڪ، ڀرسان، لڳولڳ,,نزديڪ، ڀرسان، لڳولڳ
besides,تنهن کان سواءِ,,تنهن کان سواءِ
best,بهترين- تمام سٺو,,بهترين- تمام سٺو
bestiality,حيوانيت- وحشپڻو,,حيوانيت- وحشپڻو
bet,شرط- داءُ- سٽو,,شرط- داءُ- سٽو
beta,بيٽا شعاع، جِنس پالڪ، جنس چقندر,,بيٽا شعاع، جِنس پالڪ، جنس چقندر
better,بهتر- سٺو,,بهتر- سٺو
betting,شرط بازي,,شرط بازي
between,وچ ۾,,وچ ۾
beverage,ڪو به دل پسند عرق يا رس,,ڪو به دل پسند عرق يا رس
beverages,مشروب,,مشروب
beware,هوشيار ٿيڻ، خبردار هجڻ، سجاڳ ٿيڻ,,هوشيار ٿيڻ، خبردار هجڻ، سجاڳ ٿيڻ
beyond,پري- پهچ کان ٻاهر,,پري- پهچ کان ٻاهر
bezel,گهڙي، گهڙ,,گهڙي، گهڙ
bi,ٻٽو، ٻه، ٻيو، ٻيھر ، جاڙو,,ٻٽو، ٻه، ٻيو، ٻيھر ، جاڙو
bias,تعصب- جانبداري,,تعصب- جانبداري
biased,تعصب ڪندڙ,,تعصب ڪندڙ
bib,ٻارن لاءِ ڪپڙو جيڪو هنن جي گلي ۾ ٻڌبو آهي,,ٻارن لاءِ ڪپڙو جيڪو هنن جي گلي ۾ ٻڌبو آهي
bible,انجيل شريف,,انجيل شريف
biblical,مقدس ڪتاب جو، ڪتاب جو,,مقدس ڪتاب جو، ڪتاب جو
bibliography,ڪتابيات- ببليو گرافي,,ڪتابيات- ببليو گرافي
bicycle,سائيڪل، ٻه ڦيٿي پير گاڏي,,سائيڪل، ٻه ڦيٿي پير گاڏي
bid,ٻولي ڏيڻ- واڪ ڏيڻ,,ٻولي ڏيڻ- واڪ ڏيڻ
bidder,واڪ ڏيندڙ,,واڪ ڏيندڙ
bidding,حڪم، فرمان، دعوت، نيلام ۾ واڪ,,حڪم، فرمان، دعوت، نيلام ۾ واڪ
big,وڏو,,وڏو
bilateral,ٻه طرفو,,ٻه طرفو
bilingual,ٻه زباني- ٻه ٻوليائي,,ٻه زباني- ٻه ٻوليائي
bill,بل- فهرست- چٺو,,بل- فهرست- چٺو
billiards,بليئرڊ راند، هڪ قسم جي راند جيڪا ننڍن گولن ۽ لڪڻن سان ڪبي آهي,,بليئرڊ راند، هڪ قسم جي راند جيڪا ننڍن گولن ۽ لڪڻن سان ڪبي آهي
billion,سؤ ملين,,سؤ ملين
bin,گندي ٽوڪري- ننڍو گدام- ڪوٺي,,گندي ٽوڪري- ننڍو گدام- ڪوٺي
binary,ٻٽو- ٻه عنصري,,ٻٽو- ٻه عنصري
bind,ٻڌڻ- پابند ڪرڻ,,ٻڌڻ- پابند ڪرڻ
binder,جلد ٻڌڻ وارو- بائينڊر,,جلد ٻڌڻ وارو- بائينڊر
binding,جلد ٺاهڻ,,جلد ٺاهڻ
bio,حياتي،حيات،جيو،جيوت،زندگي،حياتيات، جياپو,,حياتي،حيات،جيو،جيوت،زندگي،حياتيات، جياپو
biochemical,بايوڪيميڪل- حياتي ڪيميائي,,بايوڪيميڪل- حياتي ڪيميائي
biochemistry,حياتي ڪيميا,,حياتي ڪيميا
biodiversity,جيو فرق، حياتياتي فرق,,جيو فرق، حياتياتي فرق
biography,سوانح عمري-سوانح حيات,,سوانح عمري-سوانح حيات
biological,حياتياتي,,حياتياتي
biology,حياتيات,,حياتيات
biomass,جاندار وزن،حيات مايو،جيو مادو،حياتياتي وزن,,جاندار وزن،حيات مايو،جيو مادو،حياتياتي وزن
biomedical,طب حيات، حياتياتي طب,,طب حيات، حياتياتي طب
biopsy,روڳي عضوي تپاس، حياتي چڪاس,,روڳي عضوي تپاس، حياتي چڪاس
bios,جياپو، حياتي، جاندار، جيو، حياتي لاڳو,,جياپو، حياتي، جاندار، جيو، حياتي لاڳو
biosynthesis,حيات سازي، حياتياتي ترڪيب,,حيات سازي، حياتياتي ترڪيب
biotechnology,علم حياتياتي فنيات، علم فن حيات، علم جيوحيات,,علم حياتياتي فنيات، علم فن حيات، علم جيوحيات
bipolar,ٻن قطبن وارو- ٻن ٿنڀن وارو,,ٻن قطبن وارو- ٻن ٿنڀن وارو
birch,صنوبر جو وڻ، ڇڙي، بيد، چهو,,صنوبر جو وڻ، ڇڙي، بيد، چهو
bird,پکي,,پکي
birth,پيدائش,,پيدائش
birthday,پيدائش جو ڏينهن- سالگرهه- جنم ڏينهن,,پيدائش جو ڏينهن- سالگرهه- جنم ڏينهن
birthplace,پيدائش جو هنڌ,,پيدائش جو هنڌ
bis,بينڪ فار انٽرنيشنل سيٽل مينٽ جو مخفف,,بينڪ فار انٽرنيشنل سيٽل مينٽ جو مخفف
biscuit,بسڪوٽ,,بسڪوٽ
bishop,بشپ- وڏو پادري,,بشپ- وڏو پادري
bit,ٽڪر- ٿورو- ذرو,,ٽڪر- ٿورو- ذرو
bitch,ڪتي,,ڪتي
bite,چڪ، ڏنگ، چڪ يا ڏنگ هڻڻ، گرنهه,,چڪ، ڏنگ، چڪ يا ڏنگ هڻڻ، گرنهه
biting,تيز، طنز آميز، ڏنگيندڙ,,تيز، طنز آميز، ڏنگيندڙ
bitter,ڪڙو - تلخ,,ڪڙو - تلخ
bizarre,عجيب، مزي جهڙو، اُمنگي، پوُ رالو,,عجيب، مزي جهڙو، اُمنگي، پوُ رالو
bl,Bill of lading جو مخفف,,Bill of lading جو مخفف
black,ڪارو,,ڪارو
blackberry,ڪارو توت,,ڪارو توت
blackboard,ڪارو تختو- بليڪ بورڊ,,ڪارو تختو- بليڪ بورڊ
bladder,مثانو,,مثانو
blade,بليڊ- پترو,,بليڊ- پترو
blame,الزام رکڻ، ملامت ڪرڻ، ڏوهه، ميار,,الزام رکڻ، ملامت ڪرڻ، ڏوهه، ميار
bland,ملائم، نازڪ، سٺو، نرم، چرب زبان,,ملائم، نازڪ، سٺو، نرم، چرب زبان
blank,خالي- سادو,,خالي- سادو
blanket,ڪمبل,,ڪمبل
blast,ڌماڪو- ٽڪاءُ- تيز هوا,,ڌماڪو- ٽڪاءُ- تيز هوا
blaze,داغ- شعلو ڀڙڪڻ- باهه,,داغ- شعلو ڀڙڪڻ- باهه
bleed,رت وهڻ,,رت وهڻ
bleeding,رت وهڻ/ رت اچڻ جو عمل,,رت وهڻ/ رت اچڻ جو عمل
blend,ملائڻ- گڏيل- ملايل,,ملائڻ- گڏيل- ملايل
blended,مخلوط-گڏيل,,مخلوط-گڏيل
blending,ملايل-آميزيش- امتزاج,,ملايل-آميزيش- امتزاج
bless,دعا ڪرڻ، تعريف ڪرڻ,,دعا ڪرڻ، تعريف ڪرڻ
blessed,مبارڪ، سڳورو، مقدس، خوشحال، آسودو,,مبارڪ، سڳورو، مقدس، خوشحال، آسودو
blessing,برڪت- سعادت,,برڪت- سعادت
blind,انڌو-نابين,,انڌو-نابين
blindness,انڌو پڻ- نابيني,,انڌو پڻ- نابيني
blink,اک ڇنڀڻ,,اک ڇنڀڻ
bliss,خوشي- سعادت,,خوشي- سعادت
blizzard,برفاني طوفان,,برفاني طوفان
block,بلاڪ- تڪ- بلاڪ,,بلاڪ- تڪ- بلاڪ
blockbuster,مقبول ڪتاب، مشھور فلم,,مقبول ڪتاب، مشھور فلم
blocked,پابندي مڙهيل- پابند,,پابندي مڙهيل- پابند
blond,ڀورو، گورو، حسين,,ڀورو، گورو، حسين
blood,رت,,رت
bloodhound,پيري ڪتو- تربيت يافته ڪتو,,پيري ڪتو- تربيت يافته ڪتو
bloody,خونخوار، لال، ڳاڙهو، ڪٺور,,خونخوار، لال، ڳاڙهو، ڪٺور
bloom,جوڀن- ٻور- بهار,,جوڀن- ٻور- بهار
blossom,ٻور ڦٽڻ- شگوفو,,ٻور ڦٽڻ- شگوفو
blow,ضرب- مڪ- هوا جو هلڻ,,ضرب- مڪ- هوا جو هلڻ
blower,ڦوڪڻ وارو,,ڦوڪڻ وارو
blowing,ڦوڪڻ,,ڦوڪڻ
blown,ٺونشو، مڪ، صدمو، هوا جو جهوٽو، ڦوڪ,,ٺونشو، مڪ، صدمو، هوا جو جهوٽو، ڦوڪ
blue,نيرو,,نيرو
blueprint,بليو پرنٽ- اگهاڙي جنسي فلم- چٽي تصوير,,بليو پرنٽ- اگهاڙي جنسي فلم- چٽي تصوير
bluff,ڌونس- چرچ- دوکو,,ڌونس- چرچ- دوکو
blunt,بدتميز- بداخلاق- مڌو,,بدتميز- بداخلاق- مڌو
blur,ڌنڌلو ڪرڻ- منع ڪرڻ,,ڌنڌلو ڪرڻ- منع ڪرڻ
bmc,برٽش موٽل ڪارپوريشن جو مخفف,,برٽش موٽل ڪارپوريشن جو مخفف
boa,ازدها، اجگر,,ازدها، اجگر
board,تختو- بورڊ- مجلس,,تختو- بورڊ- مجلس
boarding,جهاز تي سوار ٿيڻ- ترسڻ- قيام ڪرڻ,,جهاز تي سوار ٿيڻ- ترسڻ- قيام ڪرڻ
boat,ٻيڙي- ٻيڙي ۾ سوار ٿيڻ,,ٻيڙي- ٻيڙي ۾ سوار ٿيڻ
boating,ٻيڙيءَ ۾ سير,,ٻيڙيءَ ۾ سير
bob,اڀرڻ، هيٺ مٿي ٿيڻ، ٽلڪڻ، دوکو ڏيڻ,,اڀرڻ، هيٺ مٿي ٿيڻ، ٽلڪڻ، دوکو ڏيڻ
boc,برٽش آڪسيجن ڪمپني جو مخفف,,برٽش آڪسيجن ڪمپني جو مخفف
bodily,جسماني,,جسماني
body,جسم- لاش- ڍانچو- متن,,جسم- لاش- ڍانچو- متن
bodybuilding,باڊي بلڊنگ,,باڊي بلڊنگ
bogus,ڪوڙو، جعلي، جڙتو,,ڪوڙو، جعلي، جڙتو
boil,اٻارڻ- گرم ڪرڻ,,اٻارڻ- گرم ڪرڻ
boiler,بوائلر- گرم ڪندڙ- اٻاريندڙ,,بوائلر- گرم ڪندڙ- اٻاريندڙ
boiling,کولڻ- جوش- گرم ٿيندڙ- ٽهڪندڙ,,کولڻ- جوش- گرم ٿيندڙ- ٽهڪندڙ
bold,دلير- بهادر- نمايان- چٽو,,دلير- بهادر- نمايان- چٽو
bolt,بلٽ- ڪڙو ڪنڍو,,بلٽ- ڪڙو ڪنڍو
bomb,بم- بم اڇلائڻ,,بم- بم اڇلائڻ
bomber,بمبار,,بمبار
bond,بانڊ- ٻڌڻ- محفوظ ڪيل رقم,,بانڊ- ٻڌڻ- محفوظ ڪيل رقم
bondage,غلامي- قيد,,غلامي- قيد
bonded,قيد ٿيل- تحويل ۾ ورتل,,قيد ٿيل- تحويل ۾ ورتل
bonding,تحويل داري- حوالي ٿيڻ,,تحويل داري- حوالي ٿيڻ
bone,هڏو,,هڏو
bonus,بونس- مٿيون فائدو,,بونس- مٿيون فائدو
book,ڪتاب- ڪتابڙو,,ڪتاب- ڪتابڙو
booked,محفوظ شده- مخصوص,,محفوظ شده- مخصوص
booking,بڪ ڪرائڻ- درج ڪرائڻ,,بڪ ڪرائڻ- درج ڪرائڻ
booklet,ڪتابڙو,,ڪتابڙو
bookmark,ڪتاب پڙھڻ دوران ڪا نشاني رکڻ، ڪتاب ۾ نشاني واري ڏوري,,ڪتاب پڙھڻ دوران ڪا نشاني رکڻ، ڪتاب ۾ نشاني واري ڏوري
bookshop,ڪتاب گھر، ڪتابن جو دوڪان,,ڪتاب گھر، ڪتابن جو دوڪان
bookstore,ڪتاب گھر، ڪتاب جمع ڪرڻ جو ڀانڊو,,ڪتاب گھر، ڪتاب جمع ڪرڻ جو ڀانڊو
boom,تيزي-گرم بازاري- تيز بازاري,,تيزي-گرم بازاري- تيز بازاري
boost,واڌارو- اضافو,,واڌارو- اضافو
boot,بوٽ، ڊگهي جتي، نفع، فائدو,,بوٽ، ڊگهي جتي، نفع، فائدو
booth,بوٿ- ننڍو ڪمرو- تنبو,,بوٿ- ننڍو ڪمرو- تنبو
booty,لٽ، ڦر، مال غنيمت,,لٽ، ڦر، مال غنيمت
border,سرحد- حد- حاشيو,,سرحد- حد- حاشيو
bore,سوراخ-سوراخ ڪرڻ- برمائي,,سوراخ-سوراخ ڪرڻ- برمائي
boredom,بيزاري- بوريت,,بيزاري- بوريت
boring,سوراخ ڪرڻ,,سوراخ ڪرڻ
born,ڄاول، پيدائشي، پيدا شده,,ڄاول، پيدائشي، پيدا شده
borough,اهو شهر جنهن کي پارليامينٽ ۾ پنهنجن نمائندن موڪلڻ جو حق هجي,,اهو شهر جنهن کي پارليامينٽ ۾ پنهنجن نمائندن موڪلڻ جو حق هجي
borrow,قرض وٺڻ,,قرض وٺڻ
borrower,مقروض- جنهن تي قرض هجي- قرضدار,,مقروض- جنهن تي قرض هجي- قرضدار
borrowing,قرض ڏيڻ,,قرض ڏيڻ
boss,اُڀار، ڦل، حاڪم، مالڪ، بالادست,,اُڀار، ڦل، حاڪم، مالڪ، بالادست
botanical,ٻوٽن جو باغ- نباتاتي باغ,,ٻوٽن جو باغ- نباتاتي باغ
botany,ٻوٽن جو علم,,ٻوٽن جو علم
both,ٻيئي، ٻيئي ڄڻا,,ٻيئي، ٻيئي ڄڻا
bother,حيران ڪرڻ، ڪڪ ڪرڻ، دق ڪرڻ، تنگ ڪرڻ,,حيران ڪرڻ، ڪڪ ڪرڻ، دق ڪرڻ، تنگ ڪرڻ
bottle,بوتل- شيشو,,بوتل- شيشو
bottled,بوتل ۾ بند,,بوتل ۾ بند
bottom,ترو- هيٺيون حصو- هيٺ,,ترو- هيٺيون حصو- هيٺ
bought,خريد ڪيو ( ماضي),,خريد ڪيو ( ماضي)
boulder,گول ۽ گٺل پٿر,,گول ۽ گٺل پٿر
boulevard,وڻن سان ڇانيل سڙڪ,,وڻن سان ڇانيل سڙڪ
bounce,ٽپڻ، ٻٽاڪ هڻڻ، ٽپ، ٻٽاڪ، ٺڪاءُ,,ٽپڻ، ٻٽاڪ هڻڻ، ٽپ، ٻٽاڪ، ٺڪاءُ
bouncing,مضبوط، ڀاري,,مضبوط، ڀاري
bound,پابند- مجلد- جلد ٿيل,,پابند- مجلد- جلد ٿيل
boundary,سرحد- حد بندي,,سرحد- حد بندي
bounded,جهليل، ٻڌل,,جهليل، ٻڌل
bounty,سخاوت- وافر مال,,سخاوت- وافر مال
bouquet,گلدستو,,گلدستو
bout,وارو، چڪر، آزمائش، چٽا ڀيٽي، مقابلو,,وارو، چڪر، آزمائش، چٽا ڀيٽي، مقابلو
bovine,ڍڳي جهڙو موڳو، احمق,,ڍڳي جهڙو موڳو، احمق
bow,جهڪڻ-نوڙت ڪرڻ,,جهڪڻ-نوڙت ڪرڻ
bowl,پيالو، جام، بال، کينهو,,پيالو، جام، بال، کينهو
bowling,کينهو يا بال اڇلڻ,,کينهو يا بال اڇلڻ
bowman,تير انداز,,تير انداز
box,پيتي- دٻو- صندوق,,پيتي- دٻو- صندوق
boxer,باڪسر- مڪي باز,,باڪسر- مڪي باز
boxing,باڪسنگ- مڪي بازيءَ واري راند,,باڪسنگ- مڪي بازيءَ واري راند
boy,ڇوڪر,,ڇوڪر
boycott,بائيڪاٽ- واسطو ختم ڪرڻ جوعمل,,بائيڪاٽ- واسطو ختم ڪرڻ جوعمل
bp,برٽش پٽروليم لميٽيڊ,,برٽش پٽروليم لميٽيڊ
brace,پٽو، جوڙو، تسمو، ڏنگيون [{()}],,پٽو، جوڙو، تسمو، ڏنگيون [{()}]
bracelet,چوُڙو، ڪنگڻ,,چوُڙو، ڪنگڻ
bracket,ڏنگي- ڀٿ ڏنل,,ڏنگي- ڀٿ ڏنل
brackets,ڏنگيون,,ڏنگيون
brain,مغز- دماغ,,مغز- دماغ
brake,بريڪ- روڪ- روڪڻ- بدلائڻ,,بريڪ- روڪ- روڪڻ- بدلائڻ
branch,شاخ- شعبو- حصو,,شاخ- شعبو- حصو
brand,نشان- ڇاپ,,نشان- ڇاپ
branding,داغڻ,,داغڻ
brandy,برانڊي شراب,,برانڊي شراب
brass,پِتل,,پِتل
brave,دلير، بهادر، همت ڀريو، جوان مرد، لائق,,دلير، بهادر، همت ڀريو، جوان مرد، لائق
bravo,شاباس! واه واه!,,شاباس! واه واه!
breach,ڀڃڪڙي ڪرڻ,,ڀڃڪڙي ڪرڻ
bread,ماني- روٽي,,ماني- روٽي
breadth,ويڪر، بر، عرض، چوڙائي,,ويڪر، بر، عرض، چوڙائي
break,ٽوڙڻ,,ٽوڙڻ
breakdown,خلل- خرابي- شڪستگي,,خلل- خرابي- شڪستگي
breaker,لهر جيڪا جبل يا ٽڪر سان ٽڪرائجي، ٽوڙيندڙ، ڀڃندڙ,,لهر جيڪا جبل يا ٽڪر سان ٽڪرائجي، ٽوڙيندڙ، ڀڃندڙ
breakfast,صبح جو ناشتو- نيرن,,صبح جو ناشتو- نيرن
breakthrough,نئون موڙ- مداخلت- تبديلي,,نئون موڙ- مداخلت- تبديلي
breast,ڇاتي- سينو- بُبا,,ڇاتي- سينو- بُبا
breath,ساهه، دم، لحظو، جان,,ساهه، دم، لحظو، جان
breathe,ساهه کڻڻ، زنده رهڻ، آرام وٺڻ، ڦوڪڻ,,ساهه کڻڻ، زنده رهڻ، آرام وٺڻ، ڦوڪڻ
breathing,ساهه کڻڻ,,ساهه کڻڻ
breed,ٻچا ڄڻڻ- نسل وڌائڻ,,ٻچا ڄڻڻ- نسل وڌائڻ
breeder,ڄڻيندڙ- پيدا ڪندڙ,,ڄڻيندڙ- پيدا ڪندڙ
breeding,نسل پيدا ڪرڻ,,نسل پيدا ڪرڻ
breeze,هير، بادصبا، تڪرار، رک,,هير، بادصبا، تڪرار، رک
brethren,ڀائر، ڀائي لوڪ,,ڀائر، ڀائي لوڪ
brew,شراب ٺاهڻ- چانهه ٺاهڻ,,شراب ٺاهڻ- چانهه ٺاهڻ
brewer,شراب ٺاهيندڙ,,شراب ٺاهيندڙ
brewery,شراب جو ڪارخانو,,شراب جو ڪارخانو
brewing,شراب ٺاهڻ,,شراب ٺاهڻ
brick,سِر,,سِر
bridal,شادمانو، شاديءَ جو جشن,,شادمانو، شاديءَ جو جشن
bride,ڪنوار، عروس,,ڪنوار، عروس
bridge,پل- پتي جي راند,,پل- پتي جي راند
brief,مختصر- خلاصو- وڪيل ڪرڻ,,مختصر- خلاصو- وڪيل ڪرڻ
briefly,مختصر,,مختصر
brigade,فوج جو حصو,,فوج جو حصو
bright,روشن - ذهين,,روشن - ذهين
brightness,آب ۽تاب- روشن,,آب ۽تاب- روشن
brilliant,ذهين- ڦڙتيلو- اهل,,ذهين- ڦڙتيلو- اهل
bring,آڻڻ,,آڻڻ
british,برطانوي,,برطانوي
broad,ڪشادو- واضح- وڏو,,ڪشادو- واضح- وڏو
broadcast,نشر ڪرڻ- نشريات,,نشر ڪرڻ- نشريات
broadcasting,نشريات- نشر ڪرڻ,,نشريات- نشر ڪرڻ
brochure,ننڍڙو ڪتاب,,ننڍڙو ڪتاب
broke,ڏيوالو نڪتل- قلاش,,ڏيوالو نڪتل- قلاش
broken,ٽٽل- ڀڳل,,ٽٽل- ڀڳل
broker,دلال- بروڪر,,دلال- بروڪر
brokerage,دلالي - ڪميشن,,دلالي - ڪميشن
bronze,ڪنجهو- پتل ۽ قلعي مان ٺهيل ٿانو,,ڪنجهو- پتل ۽ قلعي مان ٺهيل ٿانو
brook,نالي- ندي- چشمه,,نالي- ندي- چشمه
brother,ڀاءُ,,ڀاءُ
brotherhood,برادري- ڀائيچارو,,برادري- ڀائيچارو
brought,حاضر ڪيل- پيش ڪيل,,حاضر ڪيل- پيش ڪيل
brown,ناسي - بادامي- ڀورو,,ناسي - بادامي- ڀورو
browse,چرڻ، چڳڻ، چونڊڻ,,چرڻ، چڳڻ، چونڊڻ
browser,چونڊارڻو- ڳولو- ڳوليندڙ- اهو سافٽ ويئر ٿئي. ڪمپنيون صارفين لاءِ اهڙيون سهوليتون ڪنديون آهن,,چونڊارڻو- ڳولو- ڳوليندڙ- اهو سافٽ ويئر ٿئي. ڪمپنيون صارفين لاءِ اهڙيون سهوليتون ڪنديون آهن
brunette,عورت جنهنجو رنگ سانورو هجي,,عورت جنهنجو رنگ سانورو هجي
brush,برش,,برش
bubble,ببل- ڦُڙو- بُلبلو- چيگم,,ببل- ڦُڙو- بُلبلو- چيگم
buck,هرڻ,,هرڻ
bucket,بالٽي، ڏول، ٻوڪو، ڪوش,,بالٽي، ڏول، ٻوڪو، ڪوش
buckle,بڪل,,بڪل
bud,گونچ- مکڙي- شگوفو,,گونچ- مکڙي- شگوفو
budget,بجيٽ,,بجيٽ
budgetary,بجيٽ جي- بجيٽ بابت,,بجيٽ جي- بجيٽ بابت
budgeting,بجيٽ ٺاهڻ,,بجيٽ ٺاهڻ
buff,زردو (رنگ),,زردو (رنگ)
buffalo,مينهن,,مينهن
buffer,بفر- روڪڻ لاءِ جهلو,,بفر- روڪڻ لاءِ جهلو
buffet,مڪ، ڌڪ، ٺونشو، ٿڦڙ,,مڪ، ڌڪ، ٺونشو، ٿڦڙ
bug,کٽمل- منگهڻ,,کٽمل- منگهڻ
buggy,بگي، گاڏي,,بگي، گاڏي
build,بنا وٽ- تعمير ڪرڻ- ساخت,,بنا وٽ- تعمير ڪرڻ- ساخت
builder,عمارت ٺاهيندڙ- عمارت ساز,,عمارت ٺاهيندڙ- عمارت ساز
building,عمارت- گهر- اڏاوت,,عمارت- گهر- اڏاوت
bulb,بلب,,بلب
bulk,ڪثرت- انبار- وڏو مقدار,,ڪثرت- انبار- وڏو مقدار
bull,ڍڳو، ڏاند، پوپ جو فرمان,,ڍڳو، ڏاند، پوپ جو فرمان
bulldog,ويڪري منهن وارو ڪتو,,ويڪري منهن وارو ڪتو
bullet,بلٽ- گولي,,بلٽ- گولي
bulletin,بليٽن-خبرون,,بليٽن-خبرون
bullock,ڍڳو- ڏاند,,ڍڳو- ڏاند
bump,اڀار- دڙو,,اڀار- دڙو
bumper,منهان تار ڀريل، ڀريل پيالو,,منهان تار ڀريل، ڀريل پيالو
bunch,گڏ ڪرڻ- گڏ ٿيڻ- سٿي,,گڏ ڪرڻ- گڏ ٿيڻ- سٿي
bundle,بنڊل- ٿهو,,بنڊل- ٿهو
bungalow,بنگلو,,بنگلو
bunk,جهاز تي سمهڻ لاءِ تختو,,جهاز تي سمهڻ لاءِ تختو
bunker,جهاز ۾ ڪوئلن جي ڪوٺي,,جهاز ۾ ڪوئلن جي ڪوٺي
burden,وزن- بار- ٻوجهه,,وزن- بار- ٻوجهه
bureau,بيورو- ادارو,,بيورو- ادارو
bureaucracy,ڪامورا شاهي- آفيسر شاهي,,ڪامورا شاهي- آفيسر شاهي
burial,دفن ڪرڻ- تدفين,,دفن ڪرڻ- تدفين
burke,ڳالهه کي دٻائڻ، لئي مٽي ڪرڻ، پورو ڪرڻ,,ڳالهه کي دٻائڻ، لئي مٽي ڪرڻ، پورو ڪرڻ
burn,سڙڻ- جلڻ,,سڙڻ- جلڻ
burner,مشعل- بتي- ٻرندڙ,,مشعل- بتي- ٻرندڙ
burning,آتشي- ٻرندڙ,,آتشي- ٻرندڙ
burns,ڦٽ، چٽا داغ ، ساڙ,,ڦٽ، چٽا داغ ، ساڙ
burst,کلي پوڻ، ڦاٽي پوڻ، ڦسي پوڻ,,کلي پوڻ، ڦاٽي پوڻ، ڦسي پوڻ
bury,دفن ڪرڻ، پورڻ، لڪائڻ,,دفن ڪرڻ، پورڻ، لڪائڻ
bus,بس,,بس
bush,ٻوڙو- جهاڙي- ٽاري,,ٻوڙو- جهاڙي- ٽاري
business,ڪاروبار- واپار,,ڪاروبار- واپار
businessman,ڪاروباري ماڻهو,,ڪاروباري ماڻهو
bust,بدن جون مٿيون حصو- سينو-ناڪامي- معاشي- بدحالي,,بدن جون مٿيون حصو- سينو-ناڪامي- معاشي- بدحالي
busy,مصروف- سرگرم- مشغول,,مصروف- سرگرم- مشغول
but,صرف، فقط، پر، رڳو، مگر، کان سواءِ برعڪس,,صرف، فقط، پر، رڳو، مگر، کان سواءِ برعڪس
butcher,ڪاسائي,,ڪاسائي
butler,بٽلر- بورچي,,بٽلر- بورچي
butt,هدف- بدن جو هيٺيون حصو,,هدف- بدن جو هيٺيون حصو
butter,مکڻ,,مکڻ
butterfly,پوپٽ، پتنگ,,پوپٽ، پتنگ
button,ٻيڙو، بٽڻ,,ٻيڙو، بٽڻ
buy,خريد ڪرڻ,,خريد ڪرڻ
buyer,خريدار,,خريدار
buying,خريد- خريداري,,خريد- خريداري
buzz,ڀون ڀون ڪرڻ، سس ڦس ڪرڻ,,ڀون ڀون ڪرڻ، سس ڦس ڪرڻ
by,ويجهو- سامهون- ذريعي,,ويجهو- سامهون- ذريعي
bye,ضمني- ننڍي,,ضمني- ننڍي
bypass,نظرانداز ڪرڻ، پاسيرو رستو,,نظرانداز ڪرڻ، پاسيرو رستو
byte,بائيٽ،مواد ذخيري ڪرڻ لاءِ ڪمپيوٽر جو شماري يونٽ,,بائيٽ،مواد ذخيري ڪرڻ لاءِ ڪمپيوٽر جو شماري يونٽ
c,انگريزي آئيويٽا جو ٽيون اکر,,انگريزي آئيويٽا جو ٽيون اکر
ca,چاٽرڊ اڪائونٽنٽ جو مخفف,,چاٽرڊ اڪائونٽنٽ جو مخفف
cab,ٽيڪسي,,ٽيڪسي
cabbage,گوبي (ڀاڄيءَ جو قسم),,گوبي (ڀاڄيءَ جو قسم)
cabin,ڪوٺي، جهوپڙي، جهاز ۾ ڪوٺي، مانڊڻي,,ڪوٺي، جهوپڙي، جهاز ۾ ڪوٺي، مانڊڻي
cabinet,ڪابينا- صندوق- الماڙي,,ڪابينا- صندوق- الماڙي
cable,ڪيبل- رسي- بحري تار,,ڪيبل- رسي- بحري تار
cache,ڳجهي جاءِ- لڪايل شيون,,ڳجهي جاءِ- لڪايل شيون
cactus,ٿوهر جو ٻوٽو، نانگ ڦڻ جو ٻوٽو,,ٿوهر جو ٻوٽو، نانگ ڦڻ جو ٻوٽو
cad,لفنگو، ڪمينو، لوٺيو، موٽر بس هلائيندڙ,,لفنگو، ڪمينو، لوٺيو، موٽر بس هلائيندڙ
cadet,ڪيڊٽ- فوجي شاگرد,,ڪيڊٽ- فوجي شاگرد
caesar,خودمختيار بادشاهه، قيصر,,خودمختيار بادشاهه، قيصر
cafeteria,بنا بيري هوٽل,,بنا بيري هوٽل
cage,پڃرو- قيد,,پڃرو- قيد
cake,ڪيڪ، نانختائي,,ڪيڪ، نانختائي
calcium,چن,,چن
calculate,حساب لڳائڻ- ھڻڻ,,حساب لڳائڻ- ھڻڻ
calculated,ڳڻيل- حساب ڪيل,,ڳڻيل- حساب ڪيل
calculating,حساب لڳائڻ- ڳڻڻ,,حساب لڳائڻ- ڳڻڻ
calculation,حساب- ڳڻپ,,حساب- ڳڻپ
calculator,ڪلڪيوليٽر- حسابي مشين,,ڪلڪيوليٽر- حسابي مشين
calculus,انگن جو علم,,انگن جو علم
calendar,استري ڪرڻ، مشين ۾ وجهي گهنج ڪڍڻ,,استري ڪرڻ، مشين ۾ وجهي گهنج ڪڍڻ
calf,وڇ، گابي، گابو، وڇڙو، پاڏو,,وڇ، گابي، گابو، وڇڙو، پاڏو
calibration,پئمانه بندي- قطر بندي,,پئمانه بندي- قطر بندي
call,ڳالهه ٻولهه- سڏ- رسمي ملاقات,,ڳالهه ٻولهه- سڏ- رسمي ملاقات
called,گهرايل- سڏايل,,گهرايل- سڏايل
calling,گهرائڻ- پيشو-ڪسب,,گهرائڻ- پيشو-ڪسب
calls,مطالبا- قسطون,,مطالبا- قسطون
calm,پرسڪون- ساڪن,,پرسڪون- ساڪن
camel,اُٺ,,اُٺ
camera,ڪيمرا,,ڪيمرا
camp,خيمو- تنبُو- قيام ڪرڻ- ڪيمپ- عارضي دفتر,,خيمو- تنبُو- قيام ڪرڻ- ڪيمپ- عارضي دفتر
campaign,مهم- معرڪو- مهم هلائڻ,,مهم- معرڪو- مهم هلائڻ
camping,خيمه ڪاري- دورو,,خيمه ڪاري- دورو
campus,ڪيمپس- احاطو,,ڪيمپس- احاطو
can,ڊٻو- ڪنستر,,ڊٻو- ڪنستر
canal,واهه-شاخ- نهر,,واهه-شاخ- نهر
cancel,رد ڪرڻ,,رد ڪرڻ
cancellation,رد ڪرڻ- منسوخي,,رد ڪرڻ- منسوخي
cancelled,رد ٿيل- منسوخ ٿيل,,رد ٿيل- منسوخ ٿيل
cancer,سرطان- ڪينسر,,سرطان- ڪينسر
candid,صاف دل- مخلص,,صاف دل- مخلص
candidate,اميدوار,,اميدوار
candle,ميڻ بتي,,ميڻ بتي
candy,مصري- قند,,مصري- قند
cane,بيد-(ڪاٺ جو قسم) لٺ,,بيد-(ڪاٺ جو قسم) لٺ
cannon,توپ,,توپ
canoe,ڊونڊي ٻيڙي، ننڍي ٻيڙي,,ڊونڊي ٻيڙي، ننڍي ٻيڙي
canon,اصول –قانون- مذهبي فتويٰ,,اصول –قانون- مذهبي فتويٰ
canonical,شرعي، باقاعده، مذهبي,,شرعي، باقاعده، مذهبي
canopy,شاميانو- ڇپرو,,شاميانو- ڇپرو
cant,ڳجهي نموني ڳالهائڻ، ڳجهي ڳالهه,,ڳجهي نموني ڳالهائڻ، ڳجهي ڳالهه
canton,پرڳڻو,,پرڳڻو
canvas,ڪينواس,,ڪينواس
cap,ٽوپي,,ٽوپي
capability,اهليت- قابليت,,اهليت- قابليت
capable,لائق- قابل-جوڳو,,لائق- قابل-جوڳو
capacity,گنجائش- حيثيت,,گنجائش- حيثيت
cape,هاريءَ جي طلبيءَ جو حڪمنامو,,هاريءَ جي طلبيءَ جو حڪمنامو
capital,گاديءَ جو هنڌ- اصل سرمايو,,گاديءَ جو هنڌ- اصل سرمايو
capitalism,سرمائيداري جو نظام,,سرمائيداري جو نظام
capitalist,سرمائيدار,,سرمائيدار
caps,وڏا حرف,,وڏا حرف
capsule,ڪيپسول- غلاف,,ڪيپسول- غلاف
captain,ڪپتان، سردار، سپهه سالار، رساليدار,,ڪپتان، سردار، سپهه سالار، رساليدار
caption,عنوان، سرو,,عنوان، سرو
captive,اسير- گرفتار,,اسير- گرفتار
capture,قبضو,,قبضو
captured,قبضي ٿيل,,قبضي ٿيل
car,ڪار- موٽر گاڏي,,ڪار- موٽر گاڏي
carat,سون جو وزن، پنجن رتين جي قريب تور، 4 گرينن جي تور,,سون جو وزن، پنجن رتين جي قريب تور، 4 گرينن جي تور
caravan,ڪاروان، قافلو,,ڪاروان، قافلو
carbon,خالص ڪوئلو,,خالص ڪوئلو
card,ڪارڊ,,ڪارڊ
cardboard,ڪارڊ بورڊ- گتو,,ڪارڊ بورڊ- گتو
cardiac,قلبي- دل سان لاڳاپيل,,قلبي- دل سان لاڳاپيل
cardinal,اصل بنيادي- اهم- اصل,,اصل بنيادي- اهم- اصل
cardio,دل متعلق About heart,,دل متعلق About heart
cardiology,دل جي مرضن جو علم,,دل جي مرضن جو علم
cardiovascular,قلبي رت نلي، قلبي نس سرشتو,,قلبي رت نلي، قلبي نس سرشتو
care,سار سنڀال- حفاظت,,سار سنڀال- حفاظت
career,ڪيريئر- پيشو- ملازمت,,ڪيريئر- پيشو- ملازمت
careful,محتاط,,محتاط
cargo,ڪارگو- جهاز جو بار/سامان,,ڪارگو- جهاز جو بار/سامان
carol,خوشيءَ جو نغمو، سر سان ساراهه ڪرڻ,,خوشيءَ جو نغمو، سر سان ساراهه ڪرڻ
carp,عيب جوئي ڪرڻ,,عيب جوئي ڪرڻ
carpenter,واڍو- ڊکڻ,,واڍو- ڊکڻ
carpet,ڪارپيٽ- قالين- غاليچو,,ڪارپيٽ- قالين- غاليچو
carriage,چرپر- بار برداري,,چرپر- بار برداري
carrier,باربردار- حمال- پورهيت,,باربردار- حمال- پورهيت
carrot,گجر,,گجر
carry,کڻي وڃڻ,,کڻي وڃڻ
carrying,باربرداري ڪرڻ,,باربرداري ڪرڻ
cart,گاڏي- ڇڪڙو,,گاڏي- ڇڪڙو
carter,گاڏيءَ وارو,,گاڏيءَ وارو
carton,پاٺي جو کوکو,,پاٺي جو کوکو
cartoon,ڪارٽون- ڊٻو,,ڪارٽون- ڊٻو
cartridge,ڪارتوس,,ڪارتوس
carver,نقش ڪڍڻ وارو,,نقش ڪڍڻ وارو
cascade,آبشار,,آبشار
case,ڪيس- معاملو- مقدمو,,ڪيس- معاملو- مقدمو
cash,ڪيش- نقد,,ڪيش- نقد
cashier,ڪيشيئر-خزانچي,,ڪيشيئر-خزانچي
cast,لاڳو ڪرڻ,,لاڳو ڪرڻ
casting,ڀرڻ- وجهڻ,,ڀرڻ- وجهڻ
castle,محلات، قلعو، ڪوٽ، رخو,,محلات، قلعو، ڪوٽ، رخو
casual,اتفاقي- حادثاتي,,اتفاقي- حادثاتي
casualties,حادثا- اموات- واقعات,,حادثا- اموات- واقعات
casualty,حادثاتي- اتفاقي,,حادثاتي- اتفاقي
cat,ٻلي,,ٻلي
catalogue,ڪيٽلاگ- فهرست,,ڪيٽلاگ- فهرست
catalyst,عمل انگيز,,عمل انگيز
catastrophic,تباهي واري تبديلي,,تباهي واري تبديلي
catch,پڪڙڻ- گرفت,,پڪڙڻ- گرفت
catching,ڇڪيندڙ- موهيندڙ,,ڇڪيندڙ- موهيندڙ
catchment,آبگير- طاس- پاڻيءَ وارو,,آبگير- طاس- پاڻيءَ وارو
category,درجو- قسم,,درجو- قسم
cater,ضروريات مهيا ڪرڻ، رسد رسائڻ، کاڌو مهيا ڪرڻ,,ضروريات مهيا ڪرڻ، رسد رسائڻ، کاڌو مهيا ڪرڻ
catering,طعام جو انتظام,,طعام جو انتظام
caterpillar,جيت جو هڪ قسم- ڪينئون- سُوٻٽ,,جيت جو هڪ قسم- ڪينئون- سُوٻٽ
cathedral,وڏي ديول يا گرجا,,وڏي ديول يا گرجا
catholic,رومن ڪئٿلڪ مذهب جو مڃيندڙ، آزاد، عالمگير,,رومن ڪئٿلڪ مذهب جو مڃيندڙ، آزاد، عالمگير
cation,مثبت برقي باردار ذرڙو جيڪو ڪاٽو برقي ذري ڏانهن وڃي,,مثبت برقي باردار ذرڙو جيڪو ڪاٽو برقي ذري ڏانهن وڃي
cattle,چوپايو مال,,چوپايو مال
causal,موجب، سببي,,موجب، سببي
cause,سبب- علت- وجهه- مقدمو,,سبب- علت- وجهه- مقدمو
caution,خبرداري- احتياط- تنبيهه- اشارو,,خبرداري- احتياط- تنبيهه- اشارو
cautious,خبردار- محتاط,,خبردار- محتاط
cavalier,جنگي سوار، بهادر، بانڪو,,جنگي سوار، بهادر، بانڪو
cavalry,رسالو، سوارن جو جنگي رسالو,,رسالو، سوارن جو جنگي رسالو
cave,غار، غفا، چُر,,غار، غفا، چُر
cavity,خال- خانو- وڏو سوراخ,,خال- خانو- وڏو سوراخ
cdrom,ڪامپڪٽ ڊسڪ ريڊ- ڪمپيوٽر جو اوزار جنهن جي وسيلي هڪ ڊسڪ تي گڏيل ڪيل اعداد و شمار، پروگرام وغيره پڙهي سگهجن. موجوده وقت ۾ هڪ ڊسڪ ۾7. 4 جي. بي (گيگا بائيٽس) 50 ميگاباٽيس (يا M.B) جا اعداد شمار رڪارڊ ڪري ۽ پڙهي، ٻڌي ۽ ڏسي سگهجن ٿا. هي سي ڊيز (CPS) مختلف فارميٽ ۾ رڪارڊ ٿيل هجي ٿي.,,ڪامپڪٽ ڊسڪ ريڊ- ڪمپيوٽر جو اوزار جنهن جي وسيلي هڪ ڊسڪ تي گڏيل ڪيل اعداد و شمار، پروگرام وغيره پڙهي سگهجن. موجوده وقت ۾ هڪ ڊسڪ ۾7. 4 جي. بي (گيگا بائيٽس) 50 ميگاباٽيس (يا M.B) جا اعداد شمار رڪارڊ ڪري ۽ پڙهي، ٻڌي ۽ ڏسي سگهجن ٿا. هي سي ڊيز (CPS) مختلف فارميٽ ۾ رڪارڊ ٿيل هجي ٿي.
cease,ختم ٿيڻ- ختم ڪرڻ,,ختم ٿيڻ- ختم ڪرڻ
cedar,صنوبر جو وڻ- وڏو وڻ,,صنوبر جو وڻ- وڏو وڻ
ceiling,آخري حد- حدبندي- ڇت,,آخري حد- حدبندي- ڇت
celebrate,ملهائڻ- منعقد ڪرڻ,,ملهائڻ- منعقد ڪرڻ
celebrated,ملهايل- منعقد ڪيل,,ملهايل- منعقد ڪيل
celebration,تقريب- جشن,,تقريب- جشن
celebrity,مشهور شخص,,مشهور شخص
celestial,بهشتي، جنتي، آسماني,,بهشتي، جنتي، آسماني
cell,سيل- ڪوٺڙي- تهه خانو,,سيل- ڪوٺڙي- تهه خانو
cellar,تهخانو، بهرو، شراب جو گدام,,تهخانو، بهرو، شراب جو گدام
cellphone,موبائل، ريڊيائي لھرن وارو فون، جوال,,موبائل، ريڊيائي لھرن وارو فون، جوال
cellular,سيليولر- خلياتي- خانو,,سيليولر- خلياتي- خانو
cement,سيمينٽ,,سيمينٽ
cemetery,قبرستان,,قبرستان
censorship,سنسر شپ- احتساب,,سنسر شپ- احتساب
census,ڳڻپ- آدم شماري,,ڳڻپ- آدم شماري
cent,سيڪڙو، هڪ انگريزي سڪو,,سيڪڙو، هڪ انگريزي سڪو
central,مرڪزي,,مرڪزي
centralized,مرڪزي,,مرڪزي
centre,مرڪز- وچ,,مرڪز- وچ
century,صدي، سؤ ورهيه,,صدي، سؤ ورهيه
ceramic,ٺڪر ۽ چينيءَ جا ٿانو ٺاهڻ,,ٺڪر ۽ چينيءَ جا ٿانو ٺاهڻ
cereal,اناج- جنسون,,اناج- جنسون
cerebral,دماغي,,دماغي
ceremony,تقريب- رسم,,تقريب- رسم
certain,يقيني- خاطري,,يقيني- خاطري
certainly,ضرور، يقيني طور سان، بيشڪ,,ضرور، يقيني طور سان، بيشڪ
certainty,يقين- خاطري,,يقين- خاطري
certificate,سرٽيفڪيٽ- سَند- تصديق نامو,,سرٽيفڪيٽ- سَند- تصديق نامو
certification,تصديق ڪرڻ- تصديق,,تصديق ڪرڻ- تصديق
certified,تصديق ٿيل- مستند,,تصديق ٿيل- مستند
certify,تصديق ڪرڻ,,تصديق ڪرڻ
cessation,خاتمو- اختتام,,خاتمو- اختتام
cet,ڪامن ايڪسٽرنل ٽيرف جو مخفف,,ڪامن ايڪسٽرنل ٽيرف جو مخفف
chain,سلسلو- زنجير,,سلسلو- زنجير
chair,ڪرسي، عهدو,,ڪرسي، عهدو
chairman,چيئرمين- صدر نشين,,چيئرمين- صدر نشين
chalk,چاڪ، اڇي مٽي,,چاڪ، اڇي مٽي
challenge,اعتراض ڪرڻ- للڪارڻ,,اعتراض ڪرڻ- للڪارڻ
challenged,اعتراض ڪيو ويو- اعترض هيٺ,,اعتراض ڪيو ويو- اعترض هيٺ
chamber,چيمبر- ايوان,,چيمبر- ايوان
champagne,انگوري شراب,,انگوري شراب
champaign,هموار ڪشادو ميدان,,هموار ڪشادو ميدان
champion,بهادر، پهلوان، سرگرم طرفدار,,بهادر، پهلوان، سرگرم طرفدار
chance,موقعو- اتفاق,,موقعو- اتفاق
chancellor,چانسلر- گورنر,,چانسلر- گورنر
chandler,بتيون ٺاهيندڙ,,بتيون ٺاهيندڙ
change,تبديلي,,تبديلي
changing,تبديلي- تبديل ٿيندڙ,,تبديلي- تبديل ٿيندڙ
channel,چينل- وسيلو,,چينل- وسيلو
chaos,بي ترتيبي، بي حد مونجهارو، انڌ ڌنڌ، وڳوڙ، ظلمت,,بي ترتيبي، بي حد مونجهارو، انڌ ڌنڌ، وڳوڙ، ظلمت
chaotic,بي ترتيبي، منجهيل,,بي ترتيبي، منجهيل
chap,شگاف، ڦوٽ، نوجوان شخص، ڦٽڻ، ٽڙڪائڻ,,شگاف، ڦوٽ، نوجوان شخص، ڦٽڻ، ٽڙڪائڻ
chapel,ديول,,ديول
chapman,ڦيريءَ وارو,,ڦيريءَ وارو
chapter,باب,,باب
char,ساڙي ڪوئلو ڪرڻ,,ساڙي ڪوئلو ڪرڻ
character,ڪردار- سيرت,,ڪردار- سيرت
characteristic,خاص- نمايان- اهم,,خاص- نمايان- اهم
characteristics,نمايان خاصيتون,,نمايان خاصيتون
characterization,ڪردار جي تشڪيل,,ڪردار جي تشڪيل
characterize,خاصيت بيان ڪرڻ,,خاصيت بيان ڪرڻ
charcoal,ڪوئلو,,ڪوئلو
charge,بار- الزام- خرچ- تحويل,,بار- الزام- خرچ- تحويل
charged,الزام هنيو ويو,,الزام هنيو ويو
charger,جنگي گهوڙو، طشت، ٿالهه,,جنگي گهوڙو، طشت، ٿالهه
charges,الزام- خرچ- ذميداريون,,الزام- خرچ- ذميداريون
charitable,خيراتي,,خيراتي
charity,خيرات,,خيرات
charm,منتر، تعويذ، دلربائي، ڪشش، مزو,,منتر، تعويذ، دلربائي، ڪشش، مزو
charming,موهيندڙ، دلفريب، سهائيندو,,موهيندڙ، دلفريب، سهائيندو
chart,نقشو- جدول- چارٽ,,نقشو- جدول- چارٽ
charter,چارٽر- منشور- عهدنامو- ڪرائي تي وٺڻ,,چارٽر- منشور- عهدنامو- ڪرائي تي وٺڻ
chartered,منشوري-سند يافته,,منشوري-سند يافته
chase,پيڇو- پيڇو ڪرڻ- ڳولهڻ- اندازو ڪرڻ,,پيڇو- پيڇو ڪرڻ- ڳولهڻ- اندازو ڪرڻ
chassis,گاڏيءَ جو قالب- چيسس,,گاڏيءَ جو قالب- چيسس
chat,يٽ شٽ هڻڻ، يٽ شٽ,,يٽ شٽ هڻڻ، يٽ شٽ
chateau,قلعو، ڳوٺاڻي تفريح گاهه,,قلعو، ڳوٺاڻي تفريح گاهه
chatter,بڪ بڪ ڪرڻ، چين چين ڪرڻ,,بڪ بڪ ڪرڻ، چين چين ڪرڻ
cheap,گهٽيا- خراب- سستو,,گهٽيا- خراب- سستو
cheat,دوکو ڏيڻ- فريب ڪرڻ,,دوکو ڏيڻ- فريب ڪرڻ
cheating,دغا بازي- دوکو,,دغا بازي- دوکو
check,پڙتال- چڪاس-روڪ- خاتمو- انسداد,,پڙتال- چڪاس-روڪ- خاتمو- انسداد
checker,چيڪر- پڙتال ڪندڙ,,چيڪر- پڙتال ڪندڙ
checking,چيڪنگ- پڙتال- روڪ- انسداد- چڪاس ڪرڻ,,چيڪنگ- پڙتال- روڪ- انسداد- چڪاس ڪرڻ
checklist,چيڪ لسٽ- پڙتالي فهرست,,چيڪ لسٽ- پڙتالي فهرست
checkout,روانگي (هوٽل),,روانگي (هوٽل)
checkpoint,پڙتال جو هنڌ,,پڙتال جو هنڌ
cheek,ڳٽو، ڳل، رخسار، شوخ,,ڳٽو، ڳل، رخسار، شوخ
cheer,مزاج، خوشي، موج، واه واه، ضيافت,,مزاج، خوشي، موج، واه واه، ضيافت
cheerful,شاد، خوش، زنده دل، سرهو,,شاد، خوش، زنده دل، سرهو
cheese,پنير,,پنير
chef,وڏو بورچي,,وڏو بورچي
chemical,ڪيميڪل- ڪيميائي,,ڪيميڪل- ڪيميائي
chemist,ڪيميسٽ- ڪيميادان,,ڪيميسٽ- ڪيميادان
chemistry,علم ڪيميا- ڪيميائي علم,,علم ڪيميا- ڪيميائي علم
chemotherapy,ڪيموٿراپي- ڪيميائي علاج جو طريقو,,ڪيموٿراپي- ڪيميائي علاج جو طريقو
cheque,چيڪ,,چيڪ
cherry,شاه داڻو، ليار، سرخ، ڳاڙهو,,شاه داڻو، ليار، سرخ، ڳاڙهو
chess,شطرنج,,شطرنج
chest,سينو- صندوق,,سينو- صندوق
chestnut,شاه بلوط جو وڻ ۽ ان جو ڦل، ڀورو رنگ,,شاه بلوط جو وڻ ۽ ان جو ڦل، ڀورو رنگ
chicken,ڪڪڙ جو چوزو,,ڪڪڙ جو چوزو
chicks,چوزا,,چوزا
chief,چيف- سردار- رهبر- اڳواڻ,,چيف- سردار- رهبر- اڳواڻ
child,ٻار,,ٻار
childbirth,ٻار جي پيدائش,,ٻار جي پيدائش
childcare,ٻار جي سار سنڀال,,ٻار جي سار سنڀال
childhood,ٻالڪ پڻو- ٻاروتڻ,,ٻالڪ پڻو- ٻاروتڻ
children,ٻارَ,,ٻارَ
chill,سخت سيءُ,,سخت سيءُ
chimney,چمني,,چمني
chin,کاڏي,,کاڏي
china,چين، چينيءَ جا برتن,,چين، چينيءَ جا برتن
chinese,چيني لوڪ، چينائي ٻولي,,چيني لوڪ، چينائي ٻولي
chip,ڇلڻ- ٽڙڪڻ,,ڇلڻ- ٽڙڪڻ
chit,چٽ- پرچي,,چٽ- پرچي
chloride,ڪلورائيڊ,,ڪلورائيڊ
chlorine,ڪلورين,,ڪلورين
chocolate,چاڪليٽ,,چاڪليٽ
choice,پسند- چونڊ,,پسند- چونڊ
choir,ڳائڻ وارن جي ٽولي، سرودگاهه,,ڳائڻ وارن جي ٽولي، سرودگاهه
choose,چونڊڻ، پسند ڪرڻ، منتخب ڪرڻ,,چونڊڻ، پسند ڪرڻ، منتخب ڪرڻ
chop,ٽڪر ٽڪر ڪرڻ,,ٽڪر ٽڪر ڪرڻ
chopper,ٽڪرا ٽڪرا ڪندڙ,,ٽڪرا ٽڪرا ڪندڙ
chord,تار، هم آوازي، باجي جو آواز,,تار، هم آوازي، باجي جو آواز
chorus,گڏجي ڳائڻ- ڪورس ۾ سنگت,,گڏجي ڳائڻ- ڪورس ۾ سنگت
christ,يسوع مسيح، حضرت عيسيٰ,,يسوع مسيح، حضرت عيسيٰ
christian,عيسوي- مسيحي- عيسائي,,عيسوي- مسيحي- عيسائي
christianity,عيسائيت,,عيسائيت
christmas,ناتال، حضرت عيسيٰ جي سالگره جيڪا 25 ڊسمبر تي ملهائبي آهي.,,ناتال، حضرت عيسيٰ جي سالگره جيڪا 25 ڊسمبر تي ملهائبي آهي.
chrome,پيلو رنگ، زرد يا ڦڪو رنگ,,پيلو رنگ، زرد يا ڦڪو رنگ
chronic,پراڻو – قديم- اثاثي,,پراڻو – قديم- اثاثي
chronicle,سرگذشت، تواريخ، اتهاس,,سرگذشت، تواريخ، اتهاس
chronological,تواريخ وار,,تواريخ وار
chronology,واقعا نگاري- تقويم نگاري- تاريخي ترتيب,,واقعا نگاري- تقويم نگاري- تاريخي ترتيب
chubby,گول مول، ڀريل، گول ۽ ويڪري منهن وارو,,گول مول، ڀريل، گول ۽ ويڪري منهن وارو
chuck,ڪڪڙ جي ڪڪڙ جو آواز، کاڏيءَ تي ڌڪ هڻڻ، شاباس ڏيڻ,,ڪڪڙ جي ڪڪڙ جو آواز، کاڏيءَ تي ڌڪ هڻڻ، شاباس ڏيڻ
church,ديول، گرجا,,ديول، گرجا
cider,صوف جو شراب,,صوف جو شراب
cigar,چروٽ,,چروٽ
cigarette,سگريٽ، ٻيڙي,,سگريٽ، ٻيڙي
cinema,سينيما,,سينيما
cinnamon,دالچيني,,دالچيني
cio,ڪانگريس آف انڊسٽريل آرگنائيزيشن جو مخفف,,ڪانگريس آف انڊسٽريل آرگنائيزيشن جو مخفف
circa,لڳ ڀڳ، اٽڪل,,لڳ ڀڳ، اٽڪل
circle,دائرو- حلقو- علائقو,,دائرو- حلقو- علائقو
circuit,سرڪٽ,,سرڪٽ
circular,سرڪيولر- گشتي مراسلو,,سرڪيولر- گشتي مراسلو
circulating,گردشي- جاري ٿيندڙ,,گردشي- جاري ٿيندڙ
circulation,اشاعت- سرڪيوليشن- گردش- گشت- ڦهلاء,,اشاعت- سرڪيوليشن- گردش- گشت- ڦهلاء
circumstance,حالت، صورت، بيان، واقعو، تفصيل، ڪيفيت,,حالت، صورت، بيان، واقعو، تفصيل، ڪيفيت
circumstances,حالتون,,حالتون
circus,تماشي جو گول ميدان,,تماشي جو گول ميدان
citation,حوالو، ڪنھن ميڙ اڳيان ڪنھن جو تعارف پيش ڪرڻ,,حوالو، ڪنھن ميڙ اڳيان ڪنھن جو تعارف پيش ڪرڻ
cite,حوالو ڏيڻ- طلب ڪرڻ- عدالت آڏو حاضريءَ لاءِ سڏڻ,,حوالو ڏيڻ- طلب ڪرڻ- عدالت آڏو حاضريءَ لاءِ سڏڻ
cited,حوالي طور,,حوالي طور
citizen,شهري,,شهري
citizenship,شهريت,,شهريت
city,شهر,,شهر
civic,شهري- شهرن يا شهريت جو- تمدني,,شهري- شهرن يا شهريت جو- تمدني
civil,شهري- سول- ديواني,,شهري- سول- ديواني
civilian,شهري- غير فوجي,,شهري- غير فوجي
civilization,تهذيب- تمدن,,تهذيب- تمدن
clad,پهريل، ڪپڙا ڍڪيل,,پهريل، ڪپڙا ڍڪيل
claim,دعويٰ- مطالبو- دعويٰ ڪرڻ,,دعويٰ- مطالبو- دعويٰ ڪرڻ
claimant,دعويدار- مدعي- مطالبو ڪندڙ,,دعويدار- مدعي- مطالبو ڪندڙ
claims,مطالبا,,مطالبا
clam,ڦاسائڻ، لپٽائڻ، سرس سان اٽڪائڻ,,ڦاسائڻ، لپٽائڻ، سرس سان اٽڪائڻ
clamp,جوڙ- شڪنجو,,جوڙ- شڪنجو
clan,قوم، خاندان، نسل,,قوم، خاندان، نسل
clarification,وضاحت,,وضاحت
clarified,وضاحت ٿيل,,وضاحت ٿيل
clarify,وضاحت ڪرڻ- واضح ڪرڻ,,وضاحت ڪرڻ- واضح ڪرڻ
clarinet,بانسري,,بانسري
clarion,شرنائي,,شرنائي
clarity,وضاحت,,وضاحت
clash,ڀڄ ڊاهه- تصادم,,ڀڄ ڊاهه- تصادم
class,جماعت- طبقو- درجو,,جماعت- طبقو- درجو
classical,ڪلاسيڪي- ڪلاسيڪل,,ڪلاسيڪي- ڪلاسيڪل
classics,قديم يوناني ۽ لاطيني تصنيفون,,قديم يوناني ۽ لاطيني تصنيفون
classification,ورهاست- درجه بندي,,ورهاست- درجه بندي
classified,درجي وار- جماعت وار,,درجي وار- جماعت وار
classify,درجن ۾ ورهائڻ- ترتيب وار ٺاهڻ,,درجن ۾ ورهائڻ- ترتيب وار ٺاهڻ
clause,شق- ڪلاز,,شق- ڪلاز
claw,چنبو- رُهنڊا پائڻ,,چنبو- رُهنڊا پائڻ
clay,چيڪي مٽي,,چيڪي مٽي
clean,صاف- پاڪ پوتر- قطعي,,صاف- پاڪ پوتر- قطعي
cleaner,صاف ڪندڙ- صفاڪار,,صاف ڪندڙ- صفاڪار
cleaning,صفائي,,صفائي
cleanliness,صفائي- سٺائي- پوترتا,,صفائي- سٺائي- پوترتا
cleansing,صفائي,,صفائي
clear,صاف- ظاهر- واضع,,صاف- ظاهر- واضع
clearance,صفائي- چٽائي- راه داري- بي باقي,,صفائي- چٽائي- راه داري- بي باقي
clearing,صاف ڪاري- بي باقي- تخليص,,صاف ڪاري- بي باقي- تخليص
clearinghouse,ڪليئرنگ هائوس,,ڪليئرنگ هائوس
clearly,چٽيءَ. طرح- واضح طور,,چٽيءَ. طرح- واضح طور
cleavage,مخالفت- پاڻيءَ جو گهارو,,مخالفت- پاڻيءَ جو گهارو
clement,حليم، همدرد، شفيق، نرم، ملائم,,حليم، همدرد، شفيق، نرم، ملائم
clergy,پادرين جو فرقو، پادري,,پادرين جو فرقو، پادري
clerical,ڪلارڪي- دفتري,,ڪلارڪي- دفتري
clerk,ڪلارڪ- منشي- محرر,,ڪلارڪ- منشي- محرر
clever,هوشيار، تيزفهم، چالاڪ، هنرمند,,هوشيار، تيزفهم، چالاڪ، هنرمند
client,اصيل- گراهڪ,,اصيل- گراهڪ
cliff,اُڀي ٽڪري,,اُڀي ٽڪري
climate,آبهوا- موسم,,آبهوا- موسم
climax,پُڄاڻي- حد درجو- عروج- انتها,,پُڄاڻي- حد درجو- عروج- انتها
clinic,ڪلينڪ- دواخانو,,ڪلينڪ- دواخانو
clinical,طبي- اسپتال وارو,,طبي- اسپتال وارو
clip,ڪلپ- پڪڙ,,ڪلپ- پڪڙ
clock,گهڙيال,,گهڙيال
clone,"قلم، قلمي، پيوندي، قلمي نسل، (جنس) جٿو Daughter cells descended from the same single cell, all having identical phenotypes and growth characteristics as the original precursor cell",,"قلم، قلمي، پيوندي، قلمي نسل، (جنس) جٿو Daughter cells descended from the same single cell, all having identical phenotypes and growth characteristics as the original precursor cell"
close,بند ڪرڻ- لڪڻ- ويجهو- محدود- قريبي- گهرو,,بند ڪرڻ- لڪڻ- ويجهو- محدود- قريبي- گهرو
closed,بند- گهاٽو- گهرو- مڪمل,,بند- گهاٽو- گهرو- مڪمل
closely,تمام ويجهڙو، آس پاس، غور سان,,تمام ويجهڙو، آس پاس، غور سان
closet,مخصوص ڪمرو خلوت گاهه ڪٻٽ,,مخصوص ڪمرو خلوت گاهه ڪٻٽ
closing,پچاڻي- آخرت - اختتام,,پچاڻي- آخرت - اختتام
closure,بندش- خاتمو - پڄاڻي,,بندش- خاتمو - پڄاڻي
cloth,ڪپڙو- لٽو,,ڪپڙو- لٽو
clothes,ڪپڙا، پوشاڪ,,ڪپڙا، پوشاڪ
clothing,ڪپڙا- لباس- پوشاڪ,,ڪپڙا- لباس- پوشاڪ
cloud,ڪڪر- بادل,,ڪڪر- بادل
cloudy,جهڙالو,,جهڙالو
clover,هڪ قسم جو گاه، عيش عشرت,,هڪ قسم جو گاه، عيش عشرت
clown,مسخرو، چرچائي، ڄٽ,,مسخرو، چرچائي، ڄٽ
club,ڪلب- مخصوص طبقي جي گڏجڻ جي جاءِ,,ڪلب- مخصوص طبقي جي گڏجڻ جي جاءِ
clue,اشارو- پتو- سڳ- نشان,,اشارو- پتو- سڳ- نشان
cluster,ميڙ، ڇڳو، جهڳٽو,,ميڙ، ڇڳو، جهڳٽو
clutch,گرفت- چنبو- جهپ,,گرفت- چنبو- جهپ
clutter,شور مچائڻ، گوڙ ڪرڻ,,شور مچائڻ، گوڙ ڪرڻ
co,جماعت، ٽولي,,جماعت، ٽولي
coach,سيکاريندڙ- استاد- ورزش يا راند سيکاريندڙ,,سيکاريندڙ- استاد- ورزش يا راند سيکاريندڙ
coaching,خانگي تعليم- آزمائش,,خانگي تعليم- آزمائش
coal,ڪوئلو,,ڪوئلو
coalition,اتحاد- ميل- ٻڌي,,اتحاد- ميل- ٻڌي
coarse,غير مهذب- معمولي- گهرو,,غير مهذب- معمولي- گهرو
coast,سمنڊ جو ڪنارو- ساحل- سامونڊي پٽي,,سمنڊ جو ڪنارو- ساحل- سامونڊي پٽي
coastal,ساحلي- سامونڊي پٽي وارو,,ساحلي- سامونڊي پٽي وارو
coaster,ڪوسٽر- ساحلي جهاز,,ڪوسٽر- ساحلي جهاز
coastline,سامونڊي پٽي,,سامونڊي پٽي
coat,ڪوٽ، ڪڙتو، کل، تهه,,ڪوٽ، ڪڙتو، کل، تهه
coating,استر سازي-پلاسٽڪ جي پني چاڙهڻ,,استر سازي-پلاسٽڪ جي پني چاڙهڻ
coaxial,هم محور,,هم محور
cobalt,هڪ قسم جو ڌاتو,,هڪ قسم جو ڌاتو
cobra,ڪارو نانگ- واسينگ,,ڪارو نانگ- واسينگ
cocaine,ڪوڪين- هڪ قسم جي نشيدار دوا,,ڪوڪين- هڪ قسم جي نشيدار دوا
cock,ڪڪڙ- نل جي ٻُنجي,,ڪڪڙ- نل جي ٻُنجي
cocoa,ڪوڪو-ناريل جو وڻ,,ڪوڪو-ناريل جو وڻ
coconut,ناريل,,ناريل
cod,ڦري,,ڦري
code,قانون- دستور نامو- نشاني- مجموعو,,قانون- دستور نامو- نشاني- مجموعو
coffee,ڪافي- قهوو,,ڪافي- قهوو
coffin,تابوت، لاش لاءِ پيتي,,تابوت، لاش لاءِ پيتي
coherence,ربطه- هڪجهڙائي,,ربطه- هڪجهڙائي
coherent,سلسليوار- مربوط,,سلسليوار- مربوط
coil,پيچ- ويڙهو- لڇو,,پيچ- ويڙهو- لڇو
coin,سڪو,,سڪو
coincidence,هڪجهڙائي- اتفاق,,هڪجهڙائي- اتفاق
cold,ٿڌ- سردي- سيءَ- زڪام,,ٿڌ- سردي- سيءَ- زڪام
collaborate,گڏجي ڪم ڪرڻ,,گڏجي ڪم ڪرڻ
collaboration,ڪم ۾ سهڪار- گڏجي ڪم ڪرڻ- اشتراڪ عمل,,ڪم ۾ سهڪار- گڏجي ڪم ڪرڻ- اشتراڪ عمل
collaborative,گڏيل,,گڏيل
collagen,"پروٽين (لحميات) جو هڪ قسم جيڪو چمڙي، هڏي ۽ ڀرڪڻي هڏي ۾ موجود هوندي آهي A protein found in skin, tendons bone, and cartilage",,"پروٽين (لحميات) جو هڪ قسم جيڪو چمڙي، هڏي ۽ ڀرڪڻي هڏي ۾ موجود هوندي آهي A protein found in skin, tendons bone, and cartilage"
collapse,ختم ٿي وڃڻ- ڊهي پوڻ,,ختم ٿي وڃڻ- ڊهي پوڻ
collapsed,ڊاٺل، ڪريل، ڪوُماڻل,,ڊاٺل، ڪريل، ڪوُماڻل
collar,ڪنڌو، گلابند، ڪالر، قميص جو گلو، آزاد ٿيڻ,,ڪنڌو، گلابند، ڪالر، قميص جو گلو، آزاد ٿيڻ
collateral,اضافي- ضمني- واڌو,,اضافي- ضمني- واڌو
colleague,ساٿي، هم ڪار، همراه,,ساٿي، هم ڪار، همراه
collect,گڏ ڪرڻ- وصول ڪرڻ,,گڏ ڪرڻ- وصول ڪرڻ
collecting,جمع بندي- وصولي,,جمع بندي- وصولي
collection,وصولي- فراهمي- مجموعو,,وصولي- فراهمي- مجموعو
collective,گڏ ٿيل- اجتماعي- مجموعي,,گڏ ٿيل- اجتماعي- مجموعي
collector,جمع ڪندڙ- ڪليڪٽر,,جمع ڪندڙ- ڪليڪٽر
college,ڪاليج,,ڪاليج
collegiate,ڪاليج بابت,,ڪاليج بابت
collier,کاڻ مان ڪوئلو ڪڍندڙ، ڪوئلا ڍوئيندڙ جهاز,,کاڻ مان ڪوئلو ڪڍندڙ، ڪوئلا ڍوئيندڙ جهاز
collision,ٽڪراؤ- تصادم,,ٽڪراؤ- تصادم
colon,دم- بيهڪ جي نشاني,,دم- بيهڪ جي نشاني
colonel,ڪرنل,,ڪرنل
colonial,بيٺڪي- نوآبادياتي,,بيٺڪي- نوآبادياتي
colony,ڪالوني- بيٺڪ- نوآبادي- پاڙو,,ڪالوني- بيٺڪ- نوآبادي- پاڙو
colour,رنگ,,رنگ
coloured,رڱيل – رنگ دار- رنگين,,رڱيل – رنگ دار- رنگين
colt,وڇيرو، کودڙو، گهوڙيءَ جو ننڍو ٻچو، اُلو بنائڻ، ڦڙڪڻ، ٽپ ڏيڻ,,وڇيرو، کودڙو، گهوڙيءَ جو ننڍو ٻچو، اُلو بنائڻ، ڦڙڪڻ، ٽپ ڏيڻ
column,ڪالم- ٿنڀو- قطار- خانو,,ڪالم- ٿنڀو- قطار- خانو
columnist,ڪالم نويس، مستقل ۽ ھڪ عنوان سان اخبار ۾ لکندڙ فرد، ڪالم نگار,,ڪالم نويس، مستقل ۽ ھڪ عنوان سان اخبار ۾ لکندڙ فرد، ڪالم نگار
coma,خواب غفلت، غشي، بيهوشيءَ جي يا اگهور ننڊ,,خواب غفلت، غشي، بيهوشيءَ جي يا اگهور ننڊ
comb,ڦڻي- ڪنگو,,ڦڻي- ڪنگو
combat,ويڙهه- مقابلو,,ويڙهه- مقابلو
combination,ميلاپ- ٻڌي- مجموعو,,ميلاپ- ٻڌي- مجموعو
combine,ملڻ، اتفاق ڪرڻ، ٻڌي ڪرڻ، متحد ٿيڻ,,ملڻ، اتفاق ڪرڻ، ٻڌي ڪرڻ، متحد ٿيڻ
combined,گڏيل- مجموعي- مرڪب,,گڏيل- مجموعي- مرڪب
combustion,ٻرڻ- جلي وڃڻ,,ٻرڻ- جلي وڃڻ
come,اچڻ- آمد - اچ,,اچڻ- آمد - اچ
comedy,مذاقي ناٽڪ يا آکاڻي,,مذاقي ناٽڪ يا آکاڻي
comet,پڇر تارو، دمدار ستارو,,پڇر تارو، دمدار ستارو
comfort,آرام- سک- آسائش,,آرام- سک- آسائش
comfortable,سکيو- آسودو,,سکيو- آسودو
comfortably,آسودگيءَ سان- آرام سان,,آسودگيءَ سان- آرام سان
comforter,غمخوار، گلابند، تسلي ڏيندڙ,,غمخوار، گلابند، تسلي ڏيندڙ
comic,مسخرو، مذاقي، کلائيندڙ,,مسخرو، مذاقي، کلائيندڙ
comma,ٿورو دم- بيهڪ جي نشاني,,ٿورو دم- بيهڪ جي نشاني
command,حڪم - سالاري,,حڪم - سالاري
commanded,تابع- هيٺيان- زير,,تابع- هيٺيان- زير
commander,ڪمانڊر- سپهه سالار,,ڪمانڊر- سپهه سالار
commanding,سپهه سالاري- ڪمانڊنگ,,سپهه سالاري- ڪمانڊنگ
commence,شروع ڪرڻ- لاڳو ڪرڻ- آغاز ڪرڻ,,شروع ڪرڻ- لاڳو ڪرڻ- آغاز ڪرڻ
commencement,شروعات- ابتدا,,شروعات- ابتدا
commencing,ابتدا- شروعات,,ابتدا- شروعات
comment,راءِ ڏيڻ، شرح لکڻ، ٽيڪا ٽپڻي ڪرڻ,,راءِ ڏيڻ، شرح لکڻ، ٽيڪا ٽپڻي ڪرڻ
commentary,ٽيڪا ٽپڻي- تبصرو شرح,,ٽيڪا ٽپڻي- تبصرو شرح
comments,راءِ- تنقيد,,راءِ- تنقيد
commerce,واپار - تجارت,,واپار - تجارت
commercial,واپاري- تجارتي,,واپاري- تجارتي
commission,ڪميشن- دستوري- دلالي- ارتڪاب,,ڪميشن- دستوري- دلالي- ارتڪاب
commissioner,ڪمشنر- علائقي جو عملدار,,ڪمشنر- علائقي جو عملدار
commit,پابند ٿيڻ- سونپڻ- ارتڪاب ڪرڻ,,پابند ٿيڻ- سونپڻ- ارتڪاب ڪرڻ
commitment,پابندي- وابستگي- واعدو ڪرڻ,,پابندي- وابستگي- واعدو ڪرڻ
committed,پابند- سپرد ٿيل- واعديل,,پابند- سپرد ٿيل- واعديل
committee,پئنچات، چونڊ ڪاميٽي,,پئنچات، چونڊ ڪاميٽي
committing,سپرد ڪندڙ- حوالي ڪندڙ,,سپرد ڪندڙ- حوالي ڪندڙ
commodities,شيون- جنس- وکر,,شيون- جنس- وکر
commodity,شيءِ- جنس,,شيءِ- جنس
common,عام- رواجي- سادو- گڏيل,,عام- رواجي- سادو- گڏيل
commonly,اڪثر، عموماً,,اڪثر، عموماً
commons,رعيت - عوام,,رعيت - عوام
commonwealth,دولت مشترڪه,,دولت مشترڪه
communal,فرقي وراڻو,,فرقي وراڻو
communicate,اطلاع ڏيڻ- ٻڌائڻ- لکپڙهه ڪرڻ,,اطلاع ڏيڻ- ٻڌائڻ- لکپڙهه ڪرڻ
communication,لکپڙهه- ڄاڻ- آمدرفت,,لکپڙهه- ڄاڻ- آمدرفت
communion,راز و نياز، شراڪت، سڱ,,راز و نياز، شراڪت، سڱ
communism,اشتراڪيت- ڪميونزم- سماجواد,,اشتراڪيت- ڪميونزم- سماجواد
communist,ڪميونسٽ- اشتراڪي- سماجوادي,,ڪميونسٽ- اشتراڪي- سماجوادي
community,برادري - طبقو- جماعت- علائقو,,برادري - طبقو- جماعت- علائقو
commute,بدلائڻ- بدلي ۾ وٺڻ- معاوضو ڏيڻ,,بدلائڻ- بدلي ۾ وٺڻ- معاوضو ڏيڻ
compact,ڳنڍيل- جامع- پيوست ٿيل,,ڳنڍيل- جامع- پيوست ٿيل
companion,دوست- ساٿي- سنگي,,دوست- ساٿي- سنگي
company,صحبت- ڪمپني,,صحبت- ڪمپني
comparable,برابر حيثيت وارو- هڪجهڙو,,برابر حيثيت وارو- هڪجهڙو
comparative,تقابلي- نسبتي,,تقابلي- نسبتي
compare,ڀيٽ ڪرڻ- موازنو ڪرڻ,,ڀيٽ ڪرڻ- موازنو ڪرڻ
comparison,مقابلو، ڀيٽ، نسبت,,مقابلو، ڀيٽ، نسبت
compartment,ڪمپارٽمينٽ- خانو- ڪمرو/ حصو (ريل)- احاطو,,ڪمپارٽمينٽ- خانو- ڪمرو/ حصو (ريل)- احاطو
compass,قطب نما- پرڪار,,قطب نما- پرڪار
compassion,رحم- قياس,,رحم- قياس
compassionate,رحم جوڳو- رحمدلاڻو,,رحم جوڳو- رحمدلاڻو
compatibility,هڪجهڙائي- مطابقت,,هڪجهڙائي- مطابقت
compatible,موافق- موزون- مناسب,,موافق- موزون- مناسب
compelling,مجبور ڪندڙ,,مجبور ڪندڙ
compensate,تلافي ڪرڻ- عيوض ڏيڻ- بدلو ڏيڻ,,تلافي ڪرڻ- عيوض ڏيڻ- بدلو ڏيڻ
compensation,معاوضو- تلافي- هرجاڻو,,معاوضو- تلافي- هرجاڻو
compete,مقابلو ڪرڻ,,مقابلو ڪرڻ
competency,اهليت-صلاحيت- قابليت,,اهليت-صلاحيت- قابليت
competent,اهل- لائق- مجاز,,اهل- لائق- مجاز
competing,مقابلي وار- تقابلي,,مقابلي وار- تقابلي
competition,مقابلو- چٽاڀيٽي,,مقابلو- چٽاڀيٽي
competitive,مقابلي وارو- چٽاڀيٽيءَ وارو- مسابقتي,,مقابلي وارو- چٽاڀيٽيءَ وارو- مسابقتي
competitor,حريف- مقابلي ۾ لٿل,,حريف- مقابلي ۾ لٿل
compilation,ترتيب- تاليف- تدوين,,ترتيب- تاليف- تدوين
compile,مرتب ڪرڻ- ترتيب ڏيڻ- تاليف ڪرڻ,,مرتب ڪرڻ- ترتيب ڏيڻ- تاليف ڪرڻ
compiler,مرتب- مؤلف- ترتيب ڏيندڙ,,مرتب- مؤلف- ترتيب ڏيندڙ
complain,شڪايت – شڪايت ڪرڻ,,شڪايت – شڪايت ڪرڻ
complainant,فريادي- شڪايت ڪندڙ,,فريادي- شڪايت ڪندڙ
complaint,شڪايت- فرياد- دانهن,,شڪايت- فرياد- دانهن
complement,پورو- لازم جزو,,پورو- لازم جزو
complementary,تڪميلي- مڪمل ٿيل,,تڪميلي- مڪمل ٿيل
complete,مڪمل- ڪامل- پورو ڪرڻ,,مڪمل- ڪامل- پورو ڪرڻ
completed,مڪمل ٿيل- پورو ٿيل,,مڪمل ٿيل- پورو ٿيل
completely,پوري طرح- مڪمل طور,,پوري طرح- مڪمل طور
completeness,تڪميل، اختتام، پورائي,,تڪميل، اختتام، پورائي
completion,تڪميل- پورائو- پڄاڻي- مڪملتا,,تڪميل- پورائو- پڄاڻي- مڪملتا
complex,منجهيل- پيچيده- مرڪب,,منجهيل- پيچيده- مرڪب
complexity,مونجهارو- پيچيدگي,,مونجهارو- پيچيدگي
compliance,تعميل- بجا آوري- عمل درآمد,,تعميل- بجا آوري- عمل درآمد
compliant,فرمانبردار، صاحب سلوڪ، مڙڻو، ملائم,,فرمانبردار، صاحب سلوڪ، مڙڻو، ملائم
complicated,منجهيل- پيچيده,,منجهيل- پيچيده
compliment,تعريف، بندي، ساراه، ساراهڻ، آداب بجا آڻڻ,,تعريف، بندي، ساراه، ساراهڻ، آداب بجا آڻڻ
complimentary,تعريفي- اعزازي,,تعريفي- اعزازي
comply,تعميل ڪرڻ- مڃڻ,,تعميل ڪرڻ- مڃڻ
component,ڀاڱو- جزو- حصو,,ڀاڱو- جزو- حصو
components,جزا- ڀاڱا,,جزا- ڀاڱا
compose,ترتيب ڏيڻ- لفظ ملائڻ (ٽائپ),,ترتيب ڏيڻ- لفظ ملائڻ (ٽائپ)
composed,مرتب ڪيل- ترتيب ڏنل,,مرتب ڪيل- ترتيب ڏنل
composer,ڪمپوزر- سرجيندڙ- جوڙيندڙ (موسيقي),,ڪمپوزر- سرجيندڙ- جوڙيندڙ (موسيقي)
composite,مرڪب، مليل,,مرڪب، مليل
composition,ترڪيب- تشڪيل- ترتيب- راضي نامو- مصالحت,,ترڪيب- تشڪيل- ترتيب- راضي نامو- مصالحت
compost,نباتاتي ڀاڻ- پڪو ڀاڻ,,نباتاتي ڀاڻ- پڪو ڀاڻ
compound,مرڪب- مصالحت ڪرڻ- فيصلو ڪرڻ- احاطو- اڱڻ,,مرڪب- مصالحت ڪرڻ- فيصلو ڪرڻ- احاطو- اڱڻ
comprehension,ادراڪ- فهم,,ادراڪ- فهم
comprehensive,جامع- مڪمل,,جامع- مڪمل
compress,سوڙهو ڪرڻ- سڪوڙڻ,,سوڙهو ڪرڻ- سڪوڙڻ
compressed,سوڙهو ڪيل- سڪوڙيل- داٻ وڌل,,سوڙهو ڪيل- سڪوڙيل- داٻ وڌل
compression,سُسڻ- سڪوڙڻ,,سُسڻ- سڪوڙڻ
compressor,سڪوڙيندڙ- سُسائيندڙ- ڪمپريسر,,سڪوڙيندڙ- سُسائيندڙ- ڪمپريسر
comprise,سمائڻ، جوڙڻ، شامل ٿيڻ,,سمائڻ، جوڙڻ، شامل ٿيڻ
compromise,ٺاهه- مفاهمت- سمجهوتو,,ٺاهه- مفاهمت- سمجهوتو
comptroller,خزاني جو وڏو آفيسر، محاسب اعليٰ,,خزاني جو وڏو آفيسر، محاسب اعليٰ
compulsory,لازمي- جبري,,لازمي- جبري
computation,ڳڻپ- حساب- شمار,,ڳڻپ- حساب- شمار
compute,حساب ڪرڻ، ڳڻڻ، شمارڻ,,حساب ڪرڻ، ڳڻڻ، شمارڻ
computed,شمار ڪيل- ڳڻيل,,شمار ڪيل- ڳڻيل
computer,ڪمپيوٽر,,ڪمپيوٽر
con,سکڻ، غور سان ڏسڻ,,سکڻ، غور سان ڏسڻ
concealed,لڪايل- پوشيده,,لڪايل- پوشيده
concentrate,ڌيان ڏيڻ- هڪ هنڌ گڏ ٿيڻ,,ڌيان ڏيڻ- هڪ هنڌ گڏ ٿيڻ
concentrated,هڪ هنڌ گڏ ٿيل/ ڌيان ڏنل,,هڪ هنڌ گڏ ٿيل/ ڌيان ڏنل
concentration,ڌيان- توجهه- ارتڪاز,,ڌيان- توجهه- ارتڪاز
concept,تصور- خيال- پُور,,تصور- خيال- پُور
conception,خيال- سوچ- تصور- حمل,,خيال- سوچ- تصور- حمل
conceptual,خيالي- تصوراتي,,خيالي- تصوراتي
concern,واسطو- پرواهه,,واسطو- پرواهه
concerned,لاڳاپيل,,لاڳاپيل
concerning,سان لاڳاپيل- جي باري ۾,,سان لاڳاپيل- جي باري ۾
concert,ڪنسرٽ- سنگ- اجتماع- ٻڌي,,ڪنسرٽ- سنگ- اجتماع- ٻڌي
concession,ڇوٽ- رعايت,,ڇوٽ- رعايت
concessions,رعايتي,,رعايتي
concise,مختصر- اختصار,,مختصر- اختصار
conclude,سهيڙڻ- مڪمل ڪرڻ- ختم ڪرڻ- انجام پائڻ,,سهيڙڻ- مڪمل ڪرڻ- ختم ڪرڻ- انجام پائڻ
concluding,پڄاڻيءَ وارو- اختتامي,,پڄاڻيءَ وارو- اختتامي
conclusion,نتيجو- خاتمو- پڄاڻي,,نتيجو- خاتمو- پڄاڻي
concord,هڪجهڙائي هم رنگي- هم آهنگي,,هڪجهڙائي هم رنگي- هم آهنگي
concordance,هڪجهڙائي,,هڪجهڙائي
concrete,ٺوس- پڪو- مادي,,ٺوس- پڪو- مادي
concurrent,گڏيل- ساڳئي وقت هلندڙ- شامل- برابر,,گڏيل- ساڳئي وقت هلندڙ- شامل- برابر
condemned,ملامت ڪيل- سزا کاڌل- رد ڪيل- ناڪاره,,ملامت ڪيل- سزا کاڌل- رد ڪيل- ناڪاره
condensed,سوڙهو ٿيل,,سوڙهو ٿيل
condition,حالت- صورت- شرط,,حالت- صورت- شرط
conditional,مشروط- شرطي- شرطيه,,مشروط- شرطي- شرطيه
conditioned,مشروط- شرطن سان لاڳاپيل- مطابقت رکندڙ,,مشروط- شرطن سان لاڳاپيل- مطابقت رکندڙ
conditioning,شرط بازي- مشروطيت,,شرط بازي- مشروطيت
conditions,شرط- حالتون,,شرط- حالتون
condominium,گڏيل حڪومت- گڏيل حاڪميت,,گڏيل حڪومت- گڏيل حاڪميت
conduct,چال- رويو- انتظام- پيروي ڪرڻ- طرز عمل,,چال- رويو- انتظام- پيروي ڪرڻ- طرز عمل
conductivity,پهچڻ- ملڻ(گرميءَ جو),,پهچڻ- ملڻ(گرميءَ جو)
conductor,ڪنڊڪٽر (بجليءَ جو),,ڪنڊڪٽر (بجليءَ جو)
conduit,نالِي- بجليءَ جي تارن جي لاءِ نالي,,نالِي- بجليءَ جي تارن جي لاءِ نالي
cone,مخروط- اُڀو,,مخروط- اُڀو
confederate,همراهه- ساٿي- شريڪ,,همراهه- ساٿي- شريڪ
conference,ڪانفرنس- ميڙاڪو- مشاورتي,,ڪانفرنس- ميڙاڪو- مشاورتي
confess,اعتراف ڪرڻ- قبولڻ (ڏوهه),,اعتراف ڪرڻ- قبولڻ (ڏوهه)
confession,گناهه جو اعتراف/ اقرار,,گناهه جو اعتراف/ اقرار
confidence,اعتماد- ڀروسو,,اعتماد- ڀروسو
confident,ڀروسو ڪندڙ- بي باڪ- پر اعتماد,,ڀروسو ڪندڙ- بي باڪ- پر اعتماد
confidential,ڳجهو- لڪيل- خفيه,,ڳجهو- لڪيل- خفيه
configuration,شڪل- خاڪو- ترتيب,,شڪل- خاڪو- ترتيب
configure,خاڪو ٺاهڻ- ترتيب ڏيڻ,,خاڪو ٺاهڻ- ترتيب ڏيڻ
confined,بند ڪيل، روڪيل، محدود، قيد، تنگ,,بند ڪيل، روڪيل، محدود، قيد، تنگ
confinement,قيد- بند- ويم,,قيد- بند- ويم
confirm,پڪ- توثيق- مستقل,,پڪ- توثيق- مستقل
confirmation,مستقلي- توثيق,,مستقلي- توثيق
confirmed,مستقل- پڪو ڪيو ويو- توثيق ڪئي وئي,,مستقل- پڪو ڪيو ويو- توثيق ڪئي وئي
conflict,جهيڙو- اختلاف- مسئلو- ٽڪراءُ,,جهيڙو- اختلاف- مسئلو- ٽڪراءُ
conflicting,مختلف، برعڪس,,مختلف، برعڪس
conform,مطابق هئڻ- پابندي ڪرڻ,,مطابق هئڻ- پابندي ڪرڻ
conformity,موافقت- بجا آوري- مطابقت,,موافقت- بجا آوري- مطابقت
confront,سامهون ٿيڻ- مقابلو ڪرڻ,,سامهون ٿيڻ- مقابلو ڪرڻ
confrontation,محاذ آرائي- سامهون گفتگو ڪرڻ- مقابلو,,محاذ آرائي- سامهون گفتگو ڪرڻ- مقابلو
confused,منجهيل، گهٻرايل,,منجهيل، گهٻرايل
confusion,افراتفري- انتشار- مونجهارو- ابهام,,افراتفري- انتشار- مونجهارو- ابهام
congenital,ڄائي ڄم کان- پيدائشي,,ڄائي ڄم کان- پيدائشي
congestion,سوڙهه- گهڻ- گهڻي آبادي,,سوڙهه- گهڻ- گهڻي آبادي
congregation,ميڙ - جلسو,,ميڙ - جلسو
congress,ڪانگريس- ميڙاڪو,,ڪانگريس- ميڙاڪو
conjunction,ڳنڍ – جوڙ- حرف جملو,,ڳنڍ – جوڙ- حرف جملو
connect,ملائڻ- سلسلو ڳنڍڻ- مُنسلڪ ڪرڻ,,ملائڻ- سلسلو ڳنڍڻ- مُنسلڪ ڪرڻ
connected,گنڍيل- جڙيل- ويجهو- لاڳاپيل,,گنڍيل- جڙيل- ويجهو- لاڳاپيل
connection,واسطو- لاڳاپو- جوڙ- رابطو-سلسلو,,واسطو- لاڳاپو- جوڙ- رابطو-سلسلو
conquer,فتح ڪرڻ,,فتح ڪرڻ
conquest,فتح، تسخير، سوڀ,,فتح، تسخير، سوڀ
conscience,ضمير- شعور,pronoun,ضمير- شعور
conscious,شعور- هوش,,شعور- هوش
consecutive,مسلسل- هڪ ٻئي پٺيان- لڳاتار,,مسلسل- هڪ ٻئي پٺيان- لڳاتار
consensus,اتفاق راءِ- يڪراءِ- هڪجهڙائي,,اتفاق راءِ- يڪراءِ- هڪجهڙائي
consent,رضامندي- منظوري- موڪل,,رضامندي- منظوري- موڪل
consequence,نتيجو,,نتيجو
consequential,ضمني- نتيجي طور,,ضمني- نتيجي طور
consequently,ان ڪري- نتيجي طور,,ان ڪري- نتيجي طور
conservation,تحفظ- بقا- بچاءُ,,تحفظ- بقا- بچاءُ
conservative,قدامت پسند- محتاط- پراڻن خيالن وارو,,قدامت پسند- محتاط- پراڻن خيالن وارو
consider,غور ڪرڻ- ويچارڻ,,غور ڪرڻ- ويچارڻ
consideration,غور- عيوض (قانون) لحاظ,,غور- عيوض (قانون) لحاظ
consist,سمائجڻ، ۾ هئڻ,,سمائجڻ، ۾ هئڻ
consistency,مناسبت- مستقل مزاجي- هڪجهڙائي- ثابت قدمي- استقامت,,مناسبت- مستقل مزاجي- هڪجهڙائي- ثابت قدمي- استقامت
consistent,مناسب- هڪجهڙو- سڌو- متوازن- مستقل,,مناسب- هڪجهڙو- سڌو- متوازن- مستقل
console,تسلي ڏيڻ، دلاسو ڏيڻ، آٿت ڏيڻ,,تسلي ڏيڻ، دلاسو ڏيڻ، آٿت ڏيڻ
consolidate,ڄمائڻ، مضبوط ڪرڻ، هڪ جاءِ ڪرڻ,,ڄمائڻ، مضبوط ڪرڻ، هڪ جاءِ ڪرڻ
consolidated,مجموعي- جملي- سڀ- تمام,,مجموعي- جملي- سڀ- تمام
consolidation,شامل ڪرڻ- ملائڻ- استحڪام,,شامل ڪرڻ- ملائڻ- استحڪام
consortium,ڪنسورشم، ڪاروباري ادارن يا بئنڪن جو عالمي اتحاد,,ڪنسورشم، ڪاروباري ادارن يا بئنڪن جو عالمي اتحاد
conspiracy,سازش,,سازش
constant,مستقل- مسلسل,,مستقل- مسلسل
constantly,سدائين- مستقل طور تي,,سدائين- مستقل طور تي
constituency,چونڊ حلقو,,چونڊ حلقو
constituent,راءِ ڏيندڙ- چونڊ ڪندڙ,,راءِ ڏيندڙ- چونڊ ڪندڙ
constitute,مقرر ڪرڻ- شڪل ڏيڻ- آئيني ۽ قانوني شڪل ڏيڻ,,مقرر ڪرڻ- شڪل ڏيڻ- آئيني ۽ قانوني شڪل ڏيڻ
constituted,ٺاهيل- بناوٽي- قانوني,,ٺاهيل- بناوٽي- قانوني
constitution,دستور- آئين- ساخت- تشڪيل,,دستور- آئين- ساخت- تشڪيل
constitutional,آئيني- دستوري,,آئيني- دستوري
constraint,روڪ، لاچاري، دٻاءُ,,روڪ، لاچاري، دٻاءُ
construct,ٺاهڻ- اڏڻ- تعمير ڪرڻ,,ٺاهڻ- اڏڻ- تعمير ڪرڻ
constructed,ٺاهيل- اڏيل- تعمير ڪيل,,ٺاهيل- اڏيل- تعمير ڪيل
construction,تياري- اڏاوت- تعبير (قانون),,تياري- اڏاوت- تعبير (قانون)
constructive,تعميري- تعبيري (قانون)- اڏاوتي,,تعميري- تعبيري (قانون)- اڏاوتي
consulate,قونصل خانو,,قونصل خانو
consult,مشورو ڪرڻ- راءِ وٺڻ- رجوع ڪرڻ,,مشورو ڪرڻ- راءِ وٺڻ- رجوع ڪرڻ
consultancy,مشاورت- صلاح- مشورو,,مشاورت- صلاح- مشورو
consultant,ڪنسلٽنٽ- مشورو ڏيندڙ- مشاورت ڪندڙ,,ڪنسلٽنٽ- مشورو ڏيندڙ- مشاورت ڪندڙ
consulting,مشاورتي- صلاح مصلحت وارو,,مشاورتي- صلاح مصلحت وارو
consumer,واهپيندڙ- صارف- استعمال ڪندڙ,,واهپيندڙ- صارف- استعمال ڪندڙ
consumers,واهپيندڙ- صارفين- استعمال ڪندڙ (جمع),,واهپيندڙ- صارفين- استعمال ڪندڙ (جمع)
consumption,استعمال- کپت- خرچ,,استعمال- کپت- خرچ
contact,رابطو- لاڳاپو,,رابطو- لاڳاپو
contain,مشتمل هئڻ- شامل هئڻ,,مشتمل هئڻ- شامل هئڻ
container,لوھي صندوق,,لوھي صندوق
containers,ڪنٽينر- ٿانو- برتن,,ڪنٽينر- ٿانو- برتن
contaminated,گدلو- آلوده,,گدلو- آلوده
contamination,آلودگي- نجاست- ناپاڪي- گدلاڻ,,آلودگي- نجاست- ناپاڪي- گدلاڻ
contemporary,هم عصر,,هم عصر
contempt,توهين- حڪم عدولي- نفرت- انڪار,,توهين- حڪم عدولي- نفرت- انڪار
content,عنوانن جي فھرست، ڪتاب جا مضمون,,عنوانن جي فھرست، ڪتاب جا مضمون
contention,مسئلو- مامرو- جهيڙو,,مسئلو- مامرو- جهيڙو
contents,فهرست- متن,,فهرست- متن
contest,مقابلو- مباحثو,,مقابلو- مباحثو
contested,تڪراري,,تڪراري
context,عبارت- متن,,عبارت- متن
contextual,عبارتي- متن وارو,,عبارتي- متن وارو
contiguous,ويجهو- لڳو لڳ,,ويجهو- لڳو لڳ
continental,کنڊ وارو- کنڊ سان لاڳاپيل حصو,,کنڊ وارو- کنڊ سان لاڳاپيل حصو
contingency,اتفاقي ضرورت- اتفاقي خرچ,,اتفاقي ضرورت- اتفاقي خرچ
contingent,اتفاقي- مشروط,,اتفاقي- مشروط
continual,تسلسل- جاري,,تسلسل- جاري
continuation,سلسلو- تسلسل,,سلسلو- تسلسل
continue,جاري رکڻ- برقرار رکڻ,,جاري رکڻ- برقرار رکڻ
continued,برقرار- مسلسل,,برقرار- مسلسل
continuing,جاري / هلندڙ مسلسل,,جاري / هلندڙ مسلسل
continuity,تسلسل,,تسلسل
contour,خاڪو- شڪل- خط,,خاڪو- شڪل- خط
contraception,حمل روڪ,,حمل روڪ
contract,معاهدو- ٺيڪو,,معاهدو- ٺيڪو
contracting,معاهداتي,,معاهداتي
contraction,سُڪڙڻ- سوڙهو ٿيڻ- گهٽ ٿيڻ,,سُڪڙڻ- سوڙهو ٿيڻ- گهٽ ٿيڻ
contractor,ٺيڪيدار- ڪانٽريڪٽر,,ٺيڪيدار- ڪانٽريڪٽر
contractual,معاهداتي,,معاهداتي
contradiction,تضاد- ترديد- انڪار,,تضاد- ترديد- انڪار
contrary,خلاف- برخلاف- مخالف,,خلاف- برخلاف- مخالف
contrast,مقابلو ڪرڻ- ڀيٽ ڪرڻ,,مقابلو ڪرڻ- ڀيٽ ڪرڻ
contribute,چندو ڏيڻ- حصو وٺڻ,,چندو ڏيڻ- حصو وٺڻ
contribution,چندو- حصو,,چندو- حصو
control,قانون- نگراني- اختيار- اقتدار- ضبط- ڪنٽرول,,قانون- نگراني- اختيار- اقتدار- ضبط- ڪنٽرول
controlled,ضابطي هيٺ- اختيار هيٺ,,ضابطي هيٺ- اختيار هيٺ
controller,ڪنٽرولر- بااختيار آفيسر- نگراني ڪندڙ,,ڪنٽرولر- بااختيار آفيسر- نگراني ڪندڙ
controlling,ضابطي وارو- اثرائتي نگراني,,ضابطي وارو- اثرائتي نگراني
controversial,تڪراري- متنازعه,,تڪراري- متنازعه
controversy,تڪرار- تنازعو- جهيڙو- اختلاف,,تڪرار- تنازعو- جهيڙو- اختلاف
convection,گرميءَ جو وهڪرو/ منتقلي,,گرميءَ جو وهڪرو/ منتقلي
convenience,سهولت- آساني,,سهولت- آساني
convenient,سهنجو- خلاصو- ڪشادو,,سهنجو- خلاصو- ڪشادو
conveniently,آسانيءَ يا سولائيءَ سان,,آسانيءَ يا سولائيءَ سان
convention,ڪنوينشن- ميڙاڪو- معاهدو- رسم,,ڪنوينشن- ميڙاڪو- معاهدو- رسم
conventional,رسمي- روايتي- رواجي,,رسمي- روايتي- رواجي
convergence,ويجهو اچڻ- ملي وڃڻ- ويجهو ٿيل- هڪٻئي ۾ ملي وڃڻ,,ويجهو اچڻ- ملي وڃڻ- ويجهو ٿيل- هڪٻئي ۾ ملي وڃڻ
conversation,ڳالهه ٻولهه- هم ڪلامي- مڪالمو,,ڳالهه ٻولهه- هم ڪلامي- مڪالمو
conversely,ان جي ابتڙ- ابتڙ,,ان جي ابتڙ- ابتڙ
conversion,تبديلي- سپردگي- ڦيرو کائڻ جي حالت,,تبديلي- سپردگي- ڦيرو کائڻ جي حالت
convert,تبديل ڪرڻ- بدلي ڇڏڻ,,تبديل ڪرڻ- بدلي ڇڏڻ
convertible,تبديلي جوڳو- بدلجڻ جهڙو,,تبديلي جوڳو- بدلجڻ جهڙو
convey,پهچائڻ- منتقل ڪرڻ,,پهچائڻ- منتقل ڪرڻ
convicted,سزا آيل- سزاياب,,سزا آيل- سزاياب
convince,قائل ڪرڻ- يقين ڏيارڻ,,قائل ڪرڻ- يقين ڏيارڻ
convinced,قائل- قائل ٿيل,,قائل- قائل ٿيل
convincing,يقين جي قابل- قائل ڪرڻ وارو- يقين ڪيل,,يقين جي قابل- قائل ڪرڻ وارو- يقين ڪيل
cook,بورچي- رانڌو- کاڌو تيار ڪندڙ,,بورچي- رانڌو- کاڌو تيار ڪندڙ
cooker,ڪُڪر- پچائڻ وارو,,ڪُڪر- پچائڻ وارو
cooking,پچائڻ- رڌڻ,,پچائڻ- رڌڻ
cool,سرد- ٿڌو- ڳڱيل,,سرد- ٿڌو- ڳڱيل
cooler,ڪولر- ٿڌي پاڻيءَ ڪرڻ جو ٿانو,,ڪولر- ٿڌي پاڻيءَ ڪرڻ جو ٿانو
cooling,ٿڌ- ٿڌو ڪرڻ,,ٿڌ- ٿڌو ڪرڻ
copper,ٽامو,,ٽامو
copy,ڪاپي- مسودو- نقل- نقل ڪرڻ,,ڪاپي- مسودو- نقل- نقل ڪرڻ
copying,نقل نويسي- اُتارو- اُتارو ڪرڻ,,نقل نويسي- اُتارو- اُتارو ڪرڻ
copyright,ڪاپي رائيٽ- تحريري حق ۽ واسطا,,ڪاپي رائيٽ- تحريري حق ۽ واسطا
cord,ڏور، سوتلي,,ڏور، سوتلي
core,قلب- سانچو- بنيادي,,قلب- سانچو- بنيادي
corner,گوشو,,گوشو
corporate,مجموعي- جماعتي- منظم,,مجموعي- جماعتي- منظم
corporation,ڪارپورشن- اداراتي,,ڪارپورشن- اداراتي
correct,صحيح- درست,,صحيح- درست
corrected,درست ٿيل,,درست ٿيل
correcting,اصلاحي- تصحيح,,اصلاحي- تصحيح
correction,درستي- تصحيح,,درستي- تصحيح
corrections,درستيون- تصحيحون,,درستيون- تصحيحون
correctness,درستي- صحت,,درستي- صحت
correlation,نسبت- تعلق- لاڳاپو- واسطو,,نسبت- تعلق- لاڳاپو- واسطو
correspond,مطابق هئڻ- مراسلت ڪرڻ,,مطابق هئڻ- مراسلت ڪرڻ
correspondence,لکپڙهه- خط و ڪتابت,,لکپڙهه- خط و ڪتابت
correspondent,نمائيندو- خبر نويس- نامه نگار,,نمائيندو- خبر نويس- نامه نگار
corridor,ورانڊو- ڪاريڊور- گذرگاهه,,ورانڊو- ڪاريڊور- گذرگاهه
corrosion,زنگ لڳڻ- خراب ٿيڻ- ڳار,,زنگ لڳڻ- خراب ٿيڻ- ڳار
corrupt,رشوت خور- بدعنوان- ڪرپٽ,,رشوت خور- بدعنوان- ڪرپٽ
corruption,رشوت خوري- بدعنواني- بي ضابطگي,,رشوت خوري- بدعنواني- بي ضابطگي
cosmetics,ڪاسميٽڪس- سينگار جون شيون,noun,ڪاسميٽڪس- سينگار جون شيون
cosmic,ڪائناتي,,ڪائناتي
cosmopolitan,هرديسي- جڳ ديسي,,هرديسي- جڳ ديسي
cost,لاڳت- خرچ- قيمت,,لاڳت- خرچ- قيمت
costing,لاڳت مقرر ڪرڻ- خرچ مقرر ڪرڻ- خرچ جو اندازو,,لاڳت مقرر ڪرڻ- خرچ مقرر ڪرڻ- خرچ جو اندازو
costs,خرچ پکا- خرچا,,خرچ پکا- خرچا
costume,ويس- پوشاڪ- لباس,,ويس- پوشاڪ- لباس
cotton,ڪپهه- ڦُٽي- سُٽ,,ڪپهه- ڦُٽي- سُٽ
couch,خيالن کي لفظن ۾ ادا ڪرڻ,,خيالن کي لفظن ۾ ادا ڪرڻ
council,صلاح مصلحت ڪندڙ جماعت- ڪائونسل/ جماعت,,صلاح مصلحت ڪندڙ جماعت- ڪائونسل/ جماعت
councillor,ڪائونسلر- صلاح مصلحت جو ڪارڪن- جماعتي ڪارڪن,,ڪائونسلر- صلاح مصلحت جو ڪارڪن- جماعتي ڪارڪن
counsel,صلاح- مشورو- صلاح مصلحت- وڪيل,,صلاح- مشورو- صلاح مصلحت- وڪيل
counselling,صلاح ڪرڻ- صلاح مصلحت,,صلاح ڪرڻ- صلاح مصلحت
count,ڳڻپ ڪرڻ-ڳڻڻ,,ڳڻپ ڪرڻ-ڳڻڻ
counter,ڪائونٽر- ڳڻڻ جهڙو- مخالف- گهيرو,,ڪائونٽر- ڳڻڻ جهڙو- مخالف- گهيرو
counting,ڳڻپ- ڳڻڻ- ڳڻپ ڪرڻ,,ڳڻپ- ڳڻڻ- ڳڻپ ڪرڻ
country,ملڪ- ديس,,ملڪ- ديس
counts,شمارا- نمبر- عدد,,شمارا- نمبر- عدد
county,ڪائونٽي- ضلعو- پرڳڻو,,ڪائونٽي- ضلعو- پرڳڻو
coupe,ريل گاڏي جو ننڍو ڏٻو,,ريل گاڏي جو ننڍو ڏٻو
couple,ٻه شيون- جوڙو,,ٻه شيون- جوڙو
coupling,جوڙا- جوڙا بڻائڻ,,جوڙا- جوڙا بڻائڻ
coupon,ڪوپن,,ڪوپن
courier,ريٻارو,,ريٻارو
course,ڪورس- مرحلو- رستو- دوران- نصاب- ڍنگ,,ڪورس- مرحلو- رستو- دوران- نصاب- ڍنگ
court,ڪورٽ- عدالت,,ڪورٽ- عدالت
courtesy,عنايت- مهرباني- مروت- تعظيم,,عنايت- مهرباني- مروت- تعظيم
covenant,معاهدو- عهد- ٻول- وعدو,,معاهدو- عهد- ٻول- وعدو
cover,لفافو- غلاف- پوش- ڍَڪُ,,لفافو- غلاف- پوش- ڍَڪُ
coverage,بچاءُ- ڍڪ- لِڪ- اطلاق,,بچاءُ- ڍڪ- لِڪ- اطلاق
covered,ڍڪيل- بند,,ڍڪيل- بند
covering,لاڳاپيل- اطلاقي- ترسيلي- شامل ڪيل- تشريحي,,لاڳاپيل- اطلاقي- ترسيلي- شامل ڪيل- تشريحي
covert,لڪل- ڳجهو,,لڪل- ڳجهو
cow,ڳَئون- ڍڳي,,ڳَئون- ڍڳي
coward,ڊڄڻو- ڀاڙيو- بزدل,,ڊڄڻو- ڀاڙيو- بزدل
cpi,ڪنزيومر پرائيس انڊيڪس,,ڪنزيومر پرائيس انڊيڪس
crack,ڏار- رخنو- سِير,,ڏار- رخنو- سِير
cracked,ڀڳل- ڏاريل,,ڀڳل- ڏاريل
cracking,ٽڙۡڻ- ڦاٽڻ- سيرَ پئجي وڃڻ,,ٽڙۡڻ- ڦاٽڻ- سيرَ پئجي وڃڻ
cradle,پينگهو- جهُولو- هندورو,,پينگهو- جهُولو- هندورو
craft,هنر- صنعت- ڪاريگري,,هنر- صنعت- ڪاريگري
craftsman,هنرمند- ڪاريگر- هٿ جون شيون ٺاهيندڙ,,هنرمند- ڪاريگر- هٿ جون شيون ٺاهيندڙ
crane,ڪرين- ڳريون شيون کڻڻ جي مشين,,ڪرين- ڳريون شيون کڻڻ جي مشين
crank,ڪرينڪ- پيچ- ور- گهُنجيل- موڙ- ڦيرو,,ڪرينڪ- پيچ- ور- گهُنجيل- موڙ- ڦيرو
crash,ڄاري، ٿلھو ڪپڙو,,ڄاري، ٿلھو ڪپڙو
crater,وڏو کانچو- کڏ,,وڏو کانچو- کڏ
cream,ڪريم- ملائي- روغن- جوهر- ڳر,,ڪريم- ملائي- روغن- جوهر- ڳر
create,وجود ۾ اچڻ- پيدا ڪرڻ- ظهور ۾ آڻڻ- خلقڻ,,وجود ۾ اچڻ- پيدا ڪرڻ- ظهور ۾ آڻڻ- خلقڻ
creation,تخليق- ساخت- وضع,,تخليق- ساخت- وضع
creative,تخليقي,,تخليقي
credentials,اعتماد نامي جون سندون,,اعتماد نامي جون سندون
credible,معتبر- يقين جي قابل- اعتبار جوڳو,,معتبر- يقين جي قابل- اعتبار جوڳو
credit,قرض- اوڌر- اعتبار- پت- يقين- ساک- مڃتا,,قرض- اوڌر- اعتبار- پت- يقين- ساک- مڃتا
creditor,قرض ڏيڻ وارو- لهڻيدار,,قرض ڏيڻ وارو- لهڻيدار
creed,مذهب- عقيدو- مسلڪ,,مذهب- عقيدو- مسلڪ
crescent,پهريون چنڊ- هلال- اڌ چنڊ,,پهريون چنڊ- هلال- اڌ چنڊ
crest,مٿي جو موڙ، سھڻائي، ليٽر ھيڊ جو سرو,,مٿي جو موڙ، سھڻائي، ليٽر ھيڊ جو سرو
crew,جهاز جو عملو,,جهاز جو عملو
crib,ان جي گُندي- چاري لاءِ ان جو کوکو,,ان جي گُندي- چاري لاءِ ان جو کوکو
crime,ڪرائيم- ڏوهه- جرم,,ڪرائيم- ڏوهه- جرم
criminal,ڏوهاري- ڏوهي- مجرم- فوجداري,,ڏوهاري- ڏوهي- مجرم- فوجداري
crisis,بحران- تعطل- گهوٽالو,,بحران- تعطل- گهوٽالو
criterion,معيار- پرک,,معيار- پرک
critic,نقاد، تبصري نگار,,نقاد، تبصري نگار
critical,نازڪ- تنقيدي- وڌيڪ اهم,,نازڪ- تنقيدي- وڌيڪ اهم
criticism,تنقيد- پرک,,تنقيد- پرک
critique,تنقيدي تحقيق,,تنقيدي تحقيق
crop,فصل- پوک,,فصل- پوک
crossed,ليڪون ڏنل- هيٺان مٿان,,ليڪون ڏنل- هيٺان مٿان
crossword,لفظي چوڪڙي، لفظن جو چوڪور,,لفظي چوڪڙي، لفظن جو چوڪور
crowd,انبوهه- ميڙ- هجوم,,انبوهه- ميڙ- هجوم
crown,ڪرائون- تاج- ڇٽ,,ڪرائون- تاج- ڇٽ
crucial,نازڪ- فيصلائتو- اهم,,نازڪ- فيصلائتو- اهم
crude,ڪچو- ڪمزور- خام,,ڪچو- ڪمزور- خام
cruelty,ظلم- بي رحمي,,ظلم- بي رحمي
cruise,بحري گشت ڪرڻ,,بحري گشت ڪرڻ
cruiser,حفاظتي گشتي جهاز,,حفاظتي گشتي جهاز
crusade,صليبي جنگ,,صليبي جنگ
crush,چٿڻ- ڪچلڻ,,چٿڻ- ڪچلڻ
crust,ڇوڏو- ڇِلڪو- ٻاهرين کل,,ڇوڏو- ڇِلڪو- ٻاهرين کل
crypt,تهه خانو- غار,,تهه خانو- غار
crypto,ڳجهو ڪارڪن (تنظيم جو),,ڳجهو ڪارڪن (تنظيم جو)
cryptography,مخفي لکت- مخفي ڊيٽا جيڪو ڪو ٻيو ٻڌي يا ڏسي نه سگهي.,,مخفي لکت- مخفي ڊيٽا جيڪو ڪو ٻيو ٻڌي يا ڏسي نه سگهي.
crystal,ڪرسٽل- بلور- صاف- شفاف- جرڪندڙ شيشو,,ڪرسٽل- بلور- صاف- شفاف- جرڪندڙ شيشو
cub,سيکڙاٽ (اسڪائوٽنگ),,سيکڙاٽ (اسڪائوٽنگ)
cube,چار پاسائون,,چار پاسائون
cubic,ڪيوبڪ- چوڪنڊو,,ڪيوبڪ- چوڪنڊو
cult,مسلڪ- عبادت,,مسلڪ- عبادت
cultivated,پوکيل- پوکيءَ ڪيل,,پوکيل- پوکيءَ ڪيل
cultivation,پوک- پرورش- پوکي,,پوک- پرورش- پوکي
cultural,ثقافتي- ڪلچرل,,ثقافتي- ڪلچرل
culture,ثقافت- ڪلچر- تهذيب,,ثقافت- ڪلچر- تهذيب
cultured,مهذب- ثقافتي,,مهذب- ثقافتي
cumulative,مجموعي- وڌندڙ,,مجموعي- وڌندڙ
cup,پيالو- وٽي,,پيالو- وٽي
curb,روڪڻ- ڇڪڻ,,روڪڻ- ڇڪڻ
cure,علاج ڪرڻ- تندرست ڪرڻ,,علاج ڪرڻ- تندرست ڪرڻ
curiosity,تجسس- راز لڪائڻ,,تجسس- راز لڪائڻ
currency,ڪرنسي- پئسو- خزانو,,ڪرنسي- پئسو- خزانو
current,مروج- هلندڙ- جاري- ريلو (برقي يا آبي وغيره),,مروج- هلندڙ- جاري- ريلو (برقي يا آبي وغيره)
currently,في الوقت- في الحال,,في الوقت- في الحال
curricula,تدريسي اسم,noun,تدريسي اسم
curriculum,تعليمي نصاب,,تعليمي نصاب
cursor,ڪرسر، مانيٽر اسڪرين تي اکرن جي جاءِ ڏسيندڙ برقي نشاني,,ڪرسر، مانيٽر اسڪرين تي اکرن جي جاءِ ڏسيندڙ برقي نشاني
curve,جهڪيل- ٽيڏو موڙ,,جهڪيل- ٽيڏو موڙ
cushion,ڪشن- گاديلو- گادي,,ڪشن- گاديلو- گادي
custodian,ڪسٽوڊ ين- امين,,ڪسٽوڊ ين- امين
custody,حراست- تحويل- نگراني,,حراست- تحويل- نگراني
custom,رواج- رسم,,رواج- رسم
customary,رواجي- روايتي,,رواجي- روايتي
customer,ڪسٽمر- خريدار- گراهڪ,,ڪسٽمر- خريدار- گراهڪ
customs,سامان- شيون- ڪسٽمز وارو کاتو,,سامان- شيون- ڪسٽمز وارو کاتو
cut,ڪٽوتي- گهٽتائي- لابارو,,ڪٽوتي- گهٽتائي- لابارو
cute,پيارو- ذهين- ڏاهو,,پيارو- ذهين- ڏاهو
cutlery,ڪٽلري- چمچا- چريون- ڪانٽا,,ڪٽلري- چمچا- چريون- ڪانٽا
cutter,ڪاغذ ڪٽڻ وارو ڪات,,ڪاغذ ڪٽڻ وارو ڪات
cutting,قلم- ڪُتر- ڪٽڻ- وڍڻ,,قلم- ڪُتر- ڪٽڻ- وڍڻ
cycle,سائيڪل- ڦيرو- بائيسڪل- چڪر,,سائيڪل- ڦيرو- بائيسڪل- چڪر
cyclone,طوفاني هوا- طوفان,,طوفاني هوا- طوفان
cylinder,سلينڊر,,سلينڊر
d,انگريزي آئيويٽا جو چوٿون اکر,,انگريزي آئيويٽا جو چوٿون اکر
daily,روزانو- روز جو,,روزانو- روز جو
dairy,ڊيري- کير سان لاڳاپيل شين جو دڪان,,ڊيري- کير سان لاڳاپيل شين جو دڪان
daisy,گل بهار (گل جو قسم),,گل بهار (گل جو قسم)
dale,ماٿري، ماٿر، وادي، هيٺانهين زمين,,ماٿري، ماٿر، وادي، هيٺانهين زمين
dam,ڊيم- بند- مٽيءَ جو بند,,ڊيم- بند- مٽيءَ جو بند
damage,نقصان- ڀڃ ڊاهه,,نقصان- ڀڃ ڊاهه
damaged,ڀڳل- خراب,,ڀڳل- خراب
damages,نقصان,,نقصان
dame,بيگم، گهرڌياڻي، خاتون، بيبي,,بيگم، گهرڌياڻي، خاتون، بيبي
damned,ملامتي لعنتي,,ملامتي لعنتي
damp,گهميل، آلو، سيلابي، اُٻاڻڪو، دلگير ڪرڻ، گهم، پوسل، مايوسي,,گهميل، آلو، سيلابي، اُٻاڻڪو، دلگير ڪرڻ، گهم، پوسل، مايوسي
dance,ڊانس- رقص- ناچ,,ڊانس- رقص- ناچ
dancer,نچندڙ، ناچ ڪندڙ، ناچو، رقاص/ رقاصه,,نچندڙ، ناچ ڪندڙ، ناچو، رقاص/ رقاصه
danger,خطرو,,خطرو
dangerous,خطرناڪ- خطري وارو,,خطرناڪ- خطري وارو
daring,دلير، بهادر، همت ڀريو,,دلير، بهادر، همت ڀريو
dark,اونداهو- ڪارو,,اونداهو- ڪارو
darkness,اونداهه- انڌيرو- ٻاٽ,,اونداهه- انڌيرو- ٻاٽ
darling,پيارو، محبوب، معشوق، دلبر,,پيارو، محبوب، معشوق، دلبر
darn,رفو ڪرڻ,,رفو ڪرڻ
dart,بڙڇي، نيزو، تير، نيزو هڻڻ يا اُڇلائڻ,,بڙڇي، نيزو، تير، نيزو هڻڻ يا اُڇلائڻ
dash,فاصلو (علامت)- ساهي (علامت),,فاصلو (علامت)- ساهي (علامت)
data,ابتدائي ڄاڻ- مواد- انگ اکر,,ابتدائي ڄاڻ- مواد- انگ اکر
database,ڊيٽابيس، ڪمپيوٽر ڊسڪ ۾ ڄاڻ جمع ڪرڻ جو اسٽور يا ھنڌ,,ڊيٽابيس، ڪمپيوٽر ڊسڪ ۾ ڄاڻ جمع ڪرڻ جو اسٽور يا ھنڌ
datasheet,ڊيٽ شيٽ,,ڊيٽ شيٽ
date,تاريخ,,تاريخ
dated,ڏنل تاريخ/ مورخه,,ڏنل تاريخ/ مورخه
datum,ڄاتل يا مڃيل ڳالهه يا حقيقت، فرضي ڳالهه,,ڄاتل يا مڃيل ڳالهه يا حقيقت، فرضي ڳالهه
daughter,ڌيءُ، نياڻي، ڇوڪري,,ڌيءُ، نياڻي، ڇوڪري
dawn,پرهه ڦٽي- صبح سويرو,,پرهه ڦٽي- صبح سويرو
day,ڏينهن- ڏڻ,,ڏينهن- ڏڻ
daylight,سج جي روشني,,سج جي روشني
days,ڏينهن,,ڏينهن
daytime,ڏينهن جو وقت,,ڏينهن جو وقت
de,ڊپارٽمينٽ آف امپولاءِ منٽ جو مخفف,,ڊپارٽمينٽ آف امپولاءِ منٽ جو مخفف
dead,مردو- ناڪاره- بي جان,,مردو- ناڪاره- بي جان
deadline,مقرر حد- آخري ڪم,,مقرر حد- آخري ڪم
deadly,ماريندڙ- نقصان ڪار,,ماريندڙ- نقصان ڪار
deaf,ٻوڙو,,ٻوڙو
deal,معاملا- واپار- واپار ڪرڻ,,معاملا- واپار- واپار ڪرڻ
dealer,ڊيلر- واپاري,,ڊيلر- واپاري
dealing,سلوڪ- ورتاءُ- معاملا- ڏيڻ وٺڻ,,سلوڪ- ورتاءُ- معاملا- ڏيڻ وٺڻ
dean,ڊين,,ڊين
dear,پيارو- وڻندڙ- محبوب,,پيارو- وڻندڙ- محبوب
death,موت- وفات- لاڏاڻو,,موت- وفات- لاڏاڻو
debate,بحث- مناظرو- سوال جواب,,بحث- مناظرو- سوال جواب
debit,خرچ- ڪٽوتي,,خرچ- ڪٽوتي
debris,ڪن ڪچرو- ڊٺل جاءِ جو ڍير- ملبو,,ڪن ڪچرو- ڊٺل جاءِ جو ڍير- ملبو
debt,قرض- اوڌر,,قرض- اوڌر
debtor,قرضي- مقروض,,قرضي- مقروض
debut,عام خلق آڏو پهريون ڀيرو اَچڻ، شروع,,عام خلق آڏو پهريون ڀيرو اَچڻ، شروع
decade,ڏهاڪو- ڏهه سال,,ڏهاڪو- ڏهه سال
deceased,فوت ٿي ويل- فوتي,,فوت ٿي ويل- فوتي
december,ڊسمبر، انگريزي سال جو ٻارهون مهينو,,ڊسمبر، انگريزي سال جو ٻارهون مهينو
decent,چڱو حيا وارو، شائستو، سليقھ مند,,چڱو حيا وارو، شائستو، سليقھ مند
deception,دوکو- فريب,,دوکو- فريب
decide,فيصلو ڪرڻ,,فيصلو ڪرڻ
decided,فيصلو ٿيل,,فيصلو ٿيل
decimal,ڏهائي وارو,,ڏهائي وارو
decision,فيصلو,,فيصلو
decisive,فيصلا ڪن,,فيصلا ڪن
deck,ڊيڪ- بحريءَ جهاز جي ڇت- عرشو,,ڊيڪ- بحريءَ جهاز جي ڇت- عرشو
declaration,اقرار نامو- اعلان- پڌرنامو,,اقرار نامو- اعلان- پڌرنامو
declare,اعلان ڪرڻ- ظاهر ڪرڻ,,اعلان ڪرڻ- ظاهر ڪرڻ
declared,اعلان ڪيل- پڌرو ڪيل,,اعلان ڪيل- پڌرو ڪيل
decline,انڪار ڪرڻ- انحراف,,انڪار ڪرڻ- انحراف
decomposition,جذب ٿيڻ- سڙڻ- ڳرڻ,,جذب ٿيڻ- سڙڻ- ڳرڻ
decoration,سينگار- آرائش,,سينگار- آرائش
decrease,ڪمي- کوٽ- گهٽتائي,,ڪمي- کوٽ- گهٽتائي
decree,حڪم ڪرڻ، ڊڪري ڪڍڻ، حڪم، فيصلو,,حڪم ڪرڻ، ڊڪري ڪڍڻ، حڪم، فيصلو
dedication,انتساب- جي لاءِ- نذر,,انتساب- جي لاءِ- نذر
deducted,ڪٽوتي ڪيل,,ڪٽوتي ڪيل
deduction,لاٿ- ڪٽوتي,,لاٿ- ڪٽوتي
dee,جيبي يا کيسي جو ڪتاب، مخبر، جاسوس,,جيبي يا کيسي جو ڪتاب، مخبر، جاسوس
deed,دستاويز,,دستاويز
deeds,دستاويز,,دستاويز
deep,گهرو- عَميق- اونهون,,گهرو- عَميق- اونهون
deer,هرڻ، مرگهه,,هرڻ، مرگهه
default,ڪوتاهي- ڪمي,,ڪوتاهي- ڪمي
defeat,هار، شڪست، زڪ، شڪست ڏيڻ، آڻ مڃائڻ,,هار، شڪست، زڪ، شڪست ڏيڻ، آڻ مڃائڻ
defect,نقص- کوٽ- ڪوتاهي,,نقص- کوٽ- ڪوتاهي
defective,ناڪاره- خراب ٿيل,,ناڪاره- خراب ٿيل
defects,نقص- عيب,,نقص- عيب
defence,بچاءُ- صفائي- دفاع,,بچاءُ- صفائي- دفاع
defend,بچاءُ ڪرڻ- صفائي پيش ڪرڻ,,بچاءُ ڪرڻ- صفائي پيش ڪرڻ
defendant,جوابدار ڌر,,جوابدار ڌر
defender,حفاظت ڪندڙ، پاسو کڻندڙ، بچاءُ ڪندڙ، بچائيندڙ,,حفاظت ڪندڙ، پاسو کڻندڙ، بچاءُ ڪندڙ، بچائيندڙ
defensive,دفاعي- بچاءُ وارو,,دفاعي- بچاءُ وارو
deferred,ملتوي- مهلت ڏنل,,ملتوي- مهلت ڏنل
deficiency,کوٽ- نقص- خامي,,کوٽ- نقص- خامي
deficient,ڪچو- غير پخته- گهٽ- اڌورو ناڪافي,,ڪچو- غير پخته- گهٽ- اڌورو ناڪافي
deficit,کوٽ- گهٽتائي- خسارو,,کوٽ- گهٽتائي- خسارو
define,وضاحت- وصف- تعين ڪرڻ,,وضاحت- وصف- تعين ڪرڻ
defined,واضح- مقرر ڪيل,,واضح- مقرر ڪيل
definite,مقرر ڪيل- واضع ڪيل- قطعي,,مقرر ڪيل- واضع ڪيل- قطعي
definition,وصف- وضاحت,,وصف- وضاحت
definitive,قطعي- حتمي,,قطعي- حتمي
deformation,بدصورت بنائڻ,,بدصورت بنائڻ
degradation,تنزل- لاٿ,,تنزل- لاٿ
degree,ڊگري- سند- درجو,,ڊگري- سند- درجو
delay,دير- سُستي,,دير- سُستي
delayed,دير وارو- تاخيري,,دير وارو- تاخيري
delegate,رڪن- وفد جو ميمبر- سپرد ڪرڻ,,رڪن- وفد جو ميمبر- سپرد ڪرڻ
delegated,سپرد ڪيل- موڪليل,,سپرد ڪيل- موڪليل
delegation,وفد- جماعت مندوبين- سونپيل,,وفد- جماعت مندوبين- سونپيل
delete,ڪڍڻ- حذف ڪرڻ- ختم ڪرڻ,,ڪڍڻ- حذف ڪرڻ- ختم ڪرڻ
deletion,ڪڍيل- حذف- مِٽائڻ,,ڪڍيل- حذف- مِٽائڻ
deliberate,دانسته- ڄاڻي ٻجهي- مقصد سان- قصداً,,دانسته- ڄاڻي ٻجهي- مقصد سان- قصداً
deliberately,ڄاڻي ٻجهي- دانسته طور,,ڄاڻي ٻجهي- دانسته طور
delicate,لذيذ، ملائم، نازڪ، نرم، عمدو,,لذيذ، ملائم، نازڪ، نرم، عمدو
delicious,سوادي، مزيدار، لذيذ، نفيس، وڻندڙ,,سوادي، مزيدار، لذيذ، نفيس، وڻندڙ
delight,خوشي، آسودگي، سرهو يا خوش ڪرڻ,,خوشي، آسودگي، سرهو يا خوش ڪرڻ
delightful,دلڪش، دلچسپ، موهيندڙ، فرحتي,,دلڪش، دلچسپ، موهيندڙ، فرحتي
deliver,حوالي ڪرڻ- ورهائڻ- ڏيڻ,,حوالي ڪرڻ- ورهائڻ- ڏيڻ
delivery,حوالگي- سپردگي- ڊليوري,,حوالگي- سپردگي- ڊليوري
dell,کاهي، ماٿري، سوڙهي ماٿر,,کاهي، ماٿري، سوڙهي ماٿر
delta,ڊيلٽا- دوآبو,,ڊيلٽا- دوآبو
demand,مطالبو گهرج- طلب,,مطالبو گهرج- طلب
dementia,عقل جو فتور- ديوانگي,,عقل جو فتور- ديوانگي
demi,نيم (سابقه)- اڌو اڌ,,نيم (سابقه)- اڌو اڌ
democracy,ڊيموڪريسي- جمهوريت,,ڊيموڪريسي- جمهوريت
democrat,ڊيموڪريٽ- جمهوريت پسند,,ڊيموڪريٽ- جمهوريت پسند
democratic,ڊيموڪريٽڪ- جمهوري- عوامي,,ڊيموڪريٽڪ- جمهوري- عوامي
demolition,ڊاهڻ يا ڪيرائڻ واري حالت,,ڊاهڻ يا ڪيرائڻ واري حالت
demon,جن- ڀوت- ديو,,جن- ڀوت- ديو
demonstrate,ثابت ڪرڻ، واضح ڪرڻ، ڏيکارڻ,,ثابت ڪرڻ، واضح ڪرڻ، ڏيکارڻ
demonstration,مظاهرو- ثابت ڪرڻ- نمائش,,مظاهرو- ثابت ڪرڻ- نمائش
demos,جمهور- عوام,,جمهور- عوام
den,چر، عار، کڏ، کڏڻو، اَڏو، پاٿاري، لنگهه,,چر، عار، کڏ، کڏڻو، اَڏو، پاٿاري، لنگهه
denial,انڪار- رد ڪرڻ,,انڪار- رد ڪرڻ
denote,ظاهر ڪرڻ,,ظاهر ڪرڻ
dense,گهاٽو- گهرو,,گهاٽو- گهرو
density,گهاٽاڻ,,گهاٽاڻ
dent,ڊينٽ- ڌڪ- گهُٻ,,ڊينٽ- ڌڪ- گهُٻ
dental,ڏندن جو- ڏندن متعلق,,ڏندن جو- ڏندن متعلق
dentist,ڊينٽسٽ- ڏند ٺاهيندڙ- ڏندن جو علاج ڪندڙ,,ڊينٽسٽ- ڏند ٺاهيندڙ- ڏندن جو علاج ڪندڙ
dentistry,ڏند ٺاهڻ جو ڪم- ڏندن جو علاج,,ڏند ٺاهڻ جو ڪم- ڏندن جو علاج
deny,انڪار ڪرڻ,,انڪار ڪرڻ
depart,ڌار ڪرڻ- جدا ڪرڻ- روانو ٿيڻ,,ڌار ڪرڻ- جدا ڪرڻ- روانو ٿيڻ
department,محڪمو- کاتو- شعبو,,محڪمو- کاتو- شعبو
departmental,کاتي جا- شعبي جا,,کاتي جا- شعبي جا
departure,روانو ٿيڻ- ڦري وڃڻ,,روانو ٿيڻ- ڦري وڃڻ
depend,دارومدار ڪرڻ- ڀاڙڻ- انحصار ڪرڻ,,دارومدار ڪرڻ- ڀاڙڻ- انحصار ڪرڻ
dependence,دارو مدار- حڪم هيٺ- انحصار,,دارو مدار- حڪم هيٺ- انحصار
dependencies,ماتحت ملڪ,,ماتحت ملڪ
dependency,ڀروسو، اعتبار، فرمانبرداري، تابعداري,,ڀروسو، اعتبار، فرمانبرداري، تابعداري
dependent,ذميواري هيٺ- انحصار ڪندڙ,,ذميواري هيٺ- انحصار ڪندڙ
depletion,رت ڪڍڻ، خالي ڪرڻ,,رت ڪڍڻ، خالي ڪرڻ
deploy,صف بندي ڪرڻ- صحيح طريقي سان ورهائڻ,,صف بندي ڪرڻ- صحيح طريقي سان ورهائڻ
deployment,صف بندي- قطار بندي,,صف بندي- قطار بندي
deposit,ڊپازٽ- امانت- داخل ڪيل رقم- جمع رقم,,ڊپازٽ- امانت- داخل ڪيل رقم- جمع رقم
deposition,بيان- اظهار (قانون),,بيان- اظهار (قانون)
depot,گودام- ڊيپو,,گودام- ڊيپو
depreciation,گهٽ ملهه (معاشيات)- فرسودگي,,گهٽ ملهه (معاشيات)- فرسودگي
depressed,پٺتي پيل- پسمانده,,پٺتي پيل- پسمانده
depression,ڊيپريشن- بازار جي موڙي- هلڪو- گمراهه ڪرڻ,,ڊيپريشن- بازار جي موڙي- هلڪو- گمراهه ڪرڻ
deprivation,محرومي,,محرومي
depth,اونهائي- گهرائي,,اونهائي- گهرائي
deputy,ڊپٽي- نائب,,ڊپٽي- نائب
derivative,ماخوذ- خارج ٿيل,,ماخوذ- خارج ٿيل
derive,نڪتل- کڻڻ- اشتقاق ڪرڻ,,نڪتل- کڻڻ- اشتقاق ڪرڻ
dermatology,چمڙيءَ جي بيمارين جو علم,,چمڙيءَ جي بيمارين جو علم
des,ڊپارٽمينٽ آف ايجوڪيشن ۽ سائنس جو مخفف,,ڊپارٽمينٽ آف ايجوڪيشن ۽ سائنس جو مخفف
descending,نزولي- هيٺ لهندڙ- لاهيءَ وارو,,نزولي- هيٺ لهندڙ- لاهيءَ وارو
descent,نزول- لاهي- وارث- تفصيل,,نزول- لاهي- وارث- تفصيل
describe,بيان ڪرڻ، ڇڪڻ,,بيان ڪرڻ، ڇڪڻ
description,بيان- ذڪر- شڪل- ڪيفيت- تفصيل,,بيان- ذڪر- شڪل- ڪيفيت- تفصيل
descriptive,بياني- توضيحي,,بياني- توضيحي
desert,فرار ٿيڻ- ترڪ ڪرڻ- ڇڏڻ- رڻ,,فرار ٿيڻ- ترڪ ڪرڻ- ڇڏڻ- رڻ
deserve,حقدار- حق موجب,,حقدار- حق موجب
design,ڊزائين- نمونو- ساخت- رٿ,,ڊزائين- نمونو- ساخت- رٿ
designate,نامزد ڪرڻ- معمور ڪرڻ,,نامزد ڪرڻ- معمور ڪرڻ
designation,عهدو- رتبو,,عهدو- رتبو
designed,ٺاهيل نمونو- تجويز ڪيل,,ٺاهيل نمونو- تجويز ڪيل
designer,ڊيزائنر- نمونه ڪار (انجنيئرنگ),,ڊيزائنر- نمونه ڪار (انجنيئرنگ)
designing,حرفتي، فريبي، ڪپٽي، چالاڪ,,حرفتي، فريبي، ڪپٽي، چالاڪ
desirable,طلب ڪيل- پسند ڪيل,,طلب ڪيل- پسند ڪيل
desire,چاهڻ، خواهش ڪرڻ، گهرڻ، خواهش، شوق، آرزو,,چاهڻ، خواهش ڪرڻ، گهرڻ، خواهش، شوق، آرزو
desired,گهربل,,گهربل
desk,لهواري يا جهڪيل ميز (لکڻ ۽ پڙهڻ لاءِ),,لهواري يا جهڪيل ميز (لکڻ ۽ پڙهڻ لاءِ)
despair,مايوسي- نا اُميدي,,مايوسي- نا اُميدي
desperate,بي اختيار- سخت- اتاولو,,بي اختيار- سخت- اتاولو
despite,ڌڪار، وير، ضد، تنهن هوندي به، باوجوديڪ,,ڌڪار، وير، ضد، تنهن هوندي به، باوجوديڪ
dessert,ميوو يا مٺائي جا کاڌي کان پوءِ کائجي,,ميوو يا مٺائي جا کاڌي کان پوءِ کائجي
destination,اصل ٺڪاڻو- منزل مقصود,,اصل ٺڪاڻو- منزل مقصود
destiny,قسمت، تقدير,,قسمت، تقدير
destroy,تباهه ڪرڻ,,تباهه ڪرڻ
destruction,تباهي- تباهه ڪرڻ- برباد ڪرڻ,,تباهي- تباهه ڪرڻ- برباد ڪرڻ
destructive,تخريبي- بربادي,,تخريبي- بربادي
detached,الڳ ڪيل، ٽوڙيل,,الڳ ڪيل، ٽوڙيل
detail,تفصيل- مقرر ڪرڻ (فوج) پوليس وغيره,,تفصيل- مقرر ڪرڻ (فوج) پوليس وغيره
detailed,مفصل- تفصيلي,,مفصل- تفصيلي
details,تفصيل- حصا,,تفصيل- حصا
detect,پڪڙڻ- ڳولا ڪرڻ- ڳولڻ,,پڪڙڻ- ڳولا ڪرڻ- ڳولڻ
detection,دريافت ۽ ڳولها,,دريافت ۽ ڳولها
detective,جاچ ڪندڙ- جاسوس,,جاچ ڪندڙ- جاسوس
detention,حراست- نظربندي,,حراست- نظربندي
deter,ڊيڄارڻ، ڊيڄاري روڪڻ,,ڊيڄارڻ، ڊيڄاري روڪڻ
deterioration,خرابي- گهٽ ٿيڻ,,خرابي- گهٽ ٿيڻ
determinants,متعينات- تعين ڪندڙ,,متعينات- تعين ڪندڙ
determination,ارادو- تعين ڪرڻ- پڄاڻي,,ارادو- تعين ڪرڻ- پڄاڻي
determine,ارادو ڪرڻ- فيصلو ڪرڻ- مقرر ڪرڻ,,ارادو ڪرڻ- فيصلو ڪرڻ- مقرر ڪرڻ
determined,ٺهرايل، پڪو، اٽل,,ٺهرايل، پڪو، اٽل
determining,فيصلو ڪرڻ- فيصلو,,فيصلو ڪرڻ- فيصلو
develop,ترقي ڏيڻ- ترقي ڪرڻ,,ترقي ڏيڻ- ترقي ڪرڻ
developed,ترقي يافته,,ترقي يافته
developer,ڊويلپر- ترقي ڏيندڙ,,ڊويلپر- ترقي ڏيندڙ
developing,ترقي پذير,,ترقي پذير
development,ڊولپمينٽ- ترقي- اُڀرڻ ۽ وڌڻ- مضبوطي,,ڊولپمينٽ- ترقي- اُڀرڻ ۽ وڌڻ- مضبوطي
deviation,ڦري وڃڻ- انحراف,,ڦري وڃڻ- انحراف
device,رٿ، تجويز، اٽڪل، تمغو، منصوبو,,رٿ، تجويز، اٽڪل، تمغو، منصوبو
devil,شيطان، ابليس، جن، ڀوت,,شيطان، ابليس، جن، ڀوت
devotion,عبادت، چاهه، نياز,,عبادت، چاهه، نياز
dew,ماڪ، فرحت، تازگي,,ماڪ، فرحت، تازگي
dexter,سڄي هٿ جو يا سڄي هٿ تي,,سڄي هٿ جو يا سڄي هٿ تي
diabetes,زيابطيس,,زيابطيس
diabetic,ذيابطيسي،ذيابطيسي مريض، ذيابطيس ورتل A person who suffers form diabetes,,ذيابطيسي،ذيابطيسي مريض، ذيابطيس ورتل A person who suffers form diabetes
diagnose,علامتن مان مرض سهي ڪرڻ,,علامتن مان مرض سهي ڪرڻ
diagnosis,تشخيص- اُهڃاڻن سان بيماري جي پرک,,تشخيص- اُهڃاڻن سان بيماري جي پرک
diagnostic,تشخيصي,,تشخيصي
diagonal,گوني ڪنڊ واري ٽڪنڊي جي سڀ کان وڏي ليڪ,,گوني ڪنڊ واري ٽڪنڊي جي سڀ کان وڏي ليڪ
diagram,شڪل- نقشو- نقاشي,,شڪل- نقشو- نقاشي
dial,ڊائل – منهن (گهڙي),,ڊائل – منهن (گهڙي)
dialogue,ڊائيلاگ- مڪالمو- روبرو ڳالهه ٻولهه,,ڊائيلاگ- مڪالمو- روبرو ڳالهه ٻولهه
dialysis,تفرق,,تفرق
diameter,ڊايا ميٽر- قطر,,ڊايا ميٽر- قطر
diamond,ڊائمنڊ- الماس- هيرو,,ڊائمنڊ- الماس- هيرو
diaper,ٽوال، چٽيل ڪپڙو يا کيس,,ٽوال، چٽيل ڪپڙو يا کيس
diary,روز نامچو- ڊائري,,روز نامچو- ڊائري
dice,ڍارا، ڇڪا، ڍارو کيڏڻ,,ڍارا، ڇڪا، ڍارو کيڏڻ
dictionary,ڊڪشنري- لغت,,ڊڪشنري- لغت
die,مرڻ- فوت ٿيڻ- مهر,,مرڻ- فوت ٿيڻ- مهر
died,فوت ٿيل- مري ويل,,فوت ٿيل- مري ويل
diesel,ڊيزل,,ڊيزل
diet,غذا- پرهيز وارو کاڌو,,غذا- پرهيز وارو کاڌو
dietary,غذائي,,غذائي
differ,شامل راءِ نه ٿيڻ، تفاوت رکڻ,,شامل راءِ نه ٿيڻ، تفاوت رکڻ
difference,اختلاف- فرق,,اختلاف- فرق
different,مختلف- الڳ- ڌار,,مختلف- الڳ- ڌار
differential,تفريقي- امتيازي- فرق وارو,,تفريقي- امتيازي- فرق وارو
differentiate,فرق ڏيکارڻ، تفاوت سمجهائڻ,,فرق ڏيکارڻ، تفاوت سمجهائڻ
differentiation,فرق- تفاوت,,فرق- تفاوت
difficult,مشڪل، ڏکيو، اهنجو,,مشڪل، ڏکيو، اهنجو
difficulties,مشڪلاتون- ڏکيائيون,,مشڪلاتون- ڏکيائيون
difficulty,مشڪلات، ڏکيائي، تنگي,,مشڪلات، ڏکيائي، تنگي
diffuse,ڦهلجي وڃڻ- پکڙجي وڃڻ,,ڦهلجي وڃڻ- پکڙجي وڃڻ
diffusion,اندر پيهي وڃڻ- ڦهلجڻ,,اندر پيهي وڃڻ- ڦهلجڻ
dig,کوٽڻ,,کوٽڻ
digest,ڊائجسٽ- رسالو- هضم ڪرڻ,,ڊائجسٽ- رسالو- هضم ڪرڻ
digestion,هاضمو,,هاضمو
digestive,هاضمي دار,,هاضمي دار
digging,کوٽائي,,کوٽائي
digit,انگ اکر,,انگ اکر
digital,انگي- عددي,,انگي- عددي
dignity,وڏائي- قدر- عزت,,وڏائي- قدر- عزت
dilemma,مونجهارو، مشڪلات، شڪ,,مونجهارو، مشڪلات، شڪ
diligence,محنت- تياري- جانفشاني,,محنت- تياري- جانفشاني
diluted,هلڪو ٿيل- ڇڊو,,هلڪو ٿيل- ڇڊو
dim,جهڪو، موڳو، ڪم نظر، ڦڪو,,جهڪو، موڳو، ڪم نظر، ڦڪو
dimension,ماپ- ٿولهه- حد- ڏوري,,ماپ- ٿولهه- حد- ڏوري
dimensional,ماپيل- ٺاهيل,,ماپيل- ٺاهيل
dimensions,ڏوريون,,ڏوريون
diminished,گهٽ ٿيل- تخفيف شده,,گهٽ ٿيل- تخفيف شده
din,گوڙ، شور، هنگامو، ڪن ٻرڻ يا کائڻ,,گوڙ، شور، هنگامو، ڪن ٻرڻ يا کائڻ
dinar,اردن، لبيا، عراق، بحرين، ڪويت وغيره ۾ رائج سڪو,,اردن، لبيا، عراق، بحرين، ڪويت وغيره ۾ رائج سڪو
dine,کاڌو کائڻ يا کارائڻ، دعوت ڏيڻ,,کاڌو کائڻ يا کارائڻ، دعوت ڏيڻ
ding,زور سان هڻڻ، گهنڊ وڄائڻ,,زور سان هڻڻ، گهنڊ وڄائڻ
dinner,ڊنر- رات جي ماني,,ڊنر- رات جي ماني
diocese,وڏي پادريءَ جو علائقو,,وڏي پادريءَ جو علائقو
dip,دٻاءُ- رجحان- نوڙت- ڪنڊ- ڍال- ٽُٻي,,دٻاءُ- رجحان- نوڙت- ڪنڊ- ڍال- ٽُٻي
diploma,ڊپلوما,,ڊپلوما
diplomacy,ڊپلوميسي- سفارتي,,ڊپلوميسي- سفارتي
diplomatic,ڊپلوميٽڪ- سفارتي,,ڊپلوميٽڪ- سفارتي
dire,خوفناڪ، ڀوائتو، سخت,,خوفناڪ، ڀوائتو، سخت
direct,سڌو سنئون- براه راست,,سڌو سنئون- براه راست
directed,هدايتن مطابق,,هدايتن مطابق
direction,پاسو- ڏس- هدايت,,پاسو- ڏس- هدايت
directions,هدايتون,,هدايتون
directive,هدايت نامو,,هدايت نامو
directly,بلاواسطي- سڌو سنئون,,بلاواسطي- سڌو سنئون
director,ڊائريڪٽر,,ڊائريڪٽر
directorate,ڊائريڪٽوريٽ- انتظامي دفتر,,ڊائريڪٽوريٽ- انتظامي دفتر
directory,هدايت نامو- ڊائريڪٽري,,هدايت نامو- ڊائريڪٽري
directv,فرمان ڪرڻ، سڌي رستي تي هلائڻ، هدايت ڏيڻ,,فرمان ڪرڻ، سڌي رستي تي هلائڻ، هدايت ڏيڻ
dirk,خنجر، ڇرو، ڪٽاري,,خنجر، ڇرو، ڪٽاري
dirt,گند- ڪچرو- مٽي,,گند- ڪچرو- مٽي
dirty,ميرو، ذليل، ڪميڻو، گدلو,,ميرو، ذليل، ڪميڻو، گدلو
disability,معذوري,,معذوري
disable,جڏو ٿيڻ- معذور ٿيڻ- لاچار هجڻ,,جڏو ٿيڻ- معذور ٿيڻ- لاچار هجڻ
disabled,جڏو- معذور,,جڏو- معذور
disadvantage,ضرر، ٽوٽو، گهاٽو، نقصان، عيب,,ضرر، ٽوٽو، گهاٽو، نقصان، عيب
disagree,اتفاق نه ڪرڻ- راضپو نه ڪرڻ,,اتفاق نه ڪرڻ- راضپو نه ڪرڻ
disagreement,اختلافِ راءِ- نااتفاقي,,اختلافِ راءِ- نااتفاقي
disappear,غائب ٿيڻ، ڪافور ٿيڻ، دفع ٿيڻ,,غائب ٿيڻ، ڪافور ٿيڻ، دفع ٿيڻ
disappointed,نااميد، مايوس، نراس، دلشڪستو,,نااميد، مايوس، نراس، دلشڪستو
disappointment,نراسائي- نااميدي,,نراسائي- نااميدي
disaster,مصيبت، آفت، شامت، غضب، حادثو,,مصيبت، آفت، شامت، غضب، حادثو
disc,ڊسڪ,,ڊسڪ
discard,ڇڏي ڏيڻ، ڪڍي ڇڏيڻ- ردڪ رڻ,,ڇڏي ڏيڻ، ڪڍي ڇڏيڻ- ردڪ رڻ
discharge,برخاستگي- برطرفي- موڪل,,برخاستگي- برطرفي- موڪل
discharged,خارج ٿيل- نيڪال ڪيل- آزاد ڪيل,,خارج ٿيل- نيڪال ڪيل- آزاد ڪيل
disciplinary,انضبابي تنبهي,,انضبابي تنبهي
discipline,ترتيب- قائدو- ضابطو,,ترتيب- قائدو- ضابطو
disclaimer,دستبرداري,,دستبرداري
disclose,کولڻ- ظاهر ڪرڻ,,کولڻ- ظاهر ڪرڻ
disclosure,انڪشاف- ظاهر,,انڪشاف- ظاهر
discomfort,بي آرامي، هلاکي، ڏاکڙو، تڪليف,,بي آرامي، هلاکي، ڏاکڙو، تڪليف
disconnect,جدا ڪرڻ، ڪاٽڻ، اکيلڻ,,جدا ڪرڻ، ڪاٽڻ، اکيلڻ
disconnected,غير مربوط، ٽٽل,,غير مربوط، ٽٽل
discount,ڊسڪائونٽ- ڇوٽ- رعايت- نظر انداز,,ڊسڪائونٽ- ڇوٽ- رعايت- نظر انداز
discourse,ڳالهه ٻولهه- تقرير- واعظ,,ڳالهه ٻولهه- تقرير- واعظ
discover,ڳولي ڪڍڻ، لهڻ، پڌرو ڪرڻ، سهي ڪرڻ,,ڳولي ڪڍڻ، لهڻ، پڌرو ڪرڻ، سهي ڪرڻ
discovery,دريافت- انڪشاف,,دريافت- انڪشاف
discreet,دورانديش، ڏاهو، سمجهو، عاقلاڻي نموني خاموشي اختيار ڪرڻ,,دورانديش، ڏاهو، سمجهو، عاقلاڻي نموني خاموشي اختيار ڪرڻ
discrete,جدا ٿيندڙ- الڳ ٿيندڙ-محتاط,,جدا ٿيندڙ- الڳ ٿيندڙ-محتاط
discretion,صوابديد- اختياريءَ وارا,,صوابديد- اختياريءَ وارا
discretionary,صوابديدي,,صوابديدي
discriminate,فرق ڪرڻ,,فرق ڪرڻ
discrimination,فرق,,فرق
discriminatory,فرق ڪيل- امتيازي,,فرق ڪيل- امتيازي
discs,تسريون، ٿالھيون,,تسريون، ٿالھيون
discuss,ڳالهائڻ- گفتگو ڪرڻ,,ڳالهائڻ- گفتگو ڪرڻ
discussed,گفتگو ڪيل- ڳالهايل,,گفتگو ڪيل- ڳالهايل
discussion,مباحثو- مذاڪرو,,مباحثو- مذاڪرو
disease,بيماري- مرض عارضي,,بيماري- مرض عارضي
dish,رڪيبي (پليٽ)، قاب، کاڌو,,رڪيبي (پليٽ)، قاب، کاڌو
disk,قرص، طبق، ٿالھي، ڍڪڻو,,قرص، طبق، ٿالھي، ڍڪڻو
dislike,ناپسندي، ڪراهت، نفرت، ناپسند ڪرڻ، خراب ڄاڻڻ,,ناپسندي، ڪراهت، نفرت، ناپسند ڪرڻ، خراب ڄاڻڻ
dismiss,برطرف ڪرڻ هٽائڻ- خارج ڪرڻ,,برطرف ڪرڻ هٽائڻ- خارج ڪرڻ
dismissal,برطرفي- برخاستگي,,برطرفي- برخاستگي
dismissed,برطرف ڪيل- خارج ڪيل- برطرف,,برطرف ڪيل- خارج ڪيل- برطرف
disorder,بدنظمي- انتشار- بي چيني,,بدنظمي- انتشار- بي چيني
dispatch,موڪلڻ- روانو ڪرڻ- اُماڻڻ,,موڪلڻ- روانو ڪرڻ- اُماڻڻ
dispenser,ڊسپينسر,,ڊسپينسر
dispensing,نسخي سازي، دوا ٺاھڻ، دوا سازي، عطاري,,نسخي سازي، دوا ٺاھڻ، دوا سازي، عطاري
dispersed,منتشر,,منتشر
dispersion,انتشار,,انتشار
displaced,بي گهر,,بي گهر
displacement,بي دخل- نيڪال- لڏڻ- گهر مٽائڻ,,بي دخل- نيڪال- لڏڻ- گهر مٽائڻ
display,ڏيکارڻ- نمائش ڪرڻ,,ڏيکارڻ- نمائش ڪرڻ
disposable,نيڪال جوڳو- قابل تصدق,,نيڪال جوڳو- قابل تصدق
disposal,صاف- وڪرو- بندوبست نيڪال,,صاف- وڪرو- بندوبست نيڪال
dispose,مائل ڪرڻ، جوڙجڪ ڪرڻ، ٺاهي رکڻ، وڪڻڻ,,مائل ڪرڻ، جوڙجڪ ڪرڻ، ٺاهي رکڻ، وڪڻڻ
disposition,ترتيب- حالت- طبيعت جو لاڙو,,ترتيب- حالت- طبيعت جو لاڙو
dispute,جهيڙو- مسئلو- اعتراض,,جهيڙو- مسئلو- اعتراض
disputed,تڪراري جهيڙي وارو- تڪرار وارو,,تڪراري جهيڙي وارو- تڪرار وارو
disregard,نا اتفاقي- بي پرواهي,,نا اتفاقي- بي پرواهي
disruption,خلل- انتشار- خلل اندازي- ٽٽي ڌار ٿيڻ,,خلل- انتشار- خلل اندازي- ٽٽي ڌار ٿيڻ
dissemination,نشر و اشاعت- ڦهلائڻ,,نشر و اشاعت- ڦهلائڻ
dissent,اختلاف- اڻ بڻت,,اختلاف- اڻ بڻت
dissertation,مقالو,,مقالو
dissolution,تحليل,,تحليل
dissolved,حل ڪيل، ڳريل، مليل، پگھريل,,حل ڪيل، ڳريل، مليل، پگھريل
distance,فاصلو- وڇوٽي,,فاصلو- وڇوٽي
distant,ڏُور- پَري,,ڏُور- پَري
distinct,واضح- نمايان- پڌرو,,واضح- نمايان- پڌرو
distinction,فرق- تفاوت,,فرق- تفاوت
distinctive,امتيازي- فرق وارو,,امتيازي- فرق وارو
distinguish,تفاوت ڪرڻ- فرق ڪرڻ- ڌار ڪرڻ,,تفاوت ڪرڻ- فرق ڪرڻ- ڌار ڪرڻ
distinguished,منفرد- معزز,,منفرد- معزز
distinguishing,امتيازي- فرق وارا,,امتيازي- فرق وارا
distorted,بگاڙيل- خراب ڪيل- ڦيرايل,,بگاڙيل- خراب ڪيل- ڦيرايل
distortion,ڦٽائڻ- بگاڙڻ- غلط بياني,,ڦٽائڻ- بگاڙڻ- غلط بياني
distress,مصيبت- پريشان- آفت,,مصيبت- پريشان- آفت
distressed,آفت سٽيل,,آفت سٽيل
distribute,ورهائڻ,,ورهائڻ
distributing,ورهائجڻ وارو,,ورهائجڻ وارو
distribution,ورهاست- لفظن جي ورهاست,,ورهاست- لفظن جي ورهاست
distributor,ورهائيندڙ,,ورهائيندڙ
district,ضلعو- ڊسٽرڪٽ,,ضلعو- ڊسٽرڪٽ
disturbance,وڳوڙ- فساد- خلل,,وڳوڙ- فساد- خلل
disturbed,پريشان ۽ منجهيل,,پريشان ۽ منجهيل
disturbing,خلل پيدا ڪندڙ,,خلل پيدا ڪندڙ
ditch,کاهي- کڏ,,کاهي- کڏ
dive,ٽٻي هڻڻ، غوطو هڻڻ، خيال ۾ پوڻ، ٽٻي، غوطو,,ٽٻي هڻڻ، غوطو هڻڻ، خيال ۾ پوڻ، ٽٻي، غوطو
diver,ٽوٻو,,ٽوٻو
divers,گهڻا، ڪيترا، گهڻيئي,,گهڻا، ڪيترا، گهڻيئي
diverse,طرحين طرحين- انيڪ,,طرحين طرحين- انيڪ
diversion,ڦيرو- رخ- انحراف,,ڦيرو- رخ- انحراف
diversity,فرق- تفاوت- طرحين طرحين هجڻ,,فرق- تفاوت- طرحين طرحين هجڻ
divide,ونڊڻ- وراهڻ,,ونڊڻ- وراهڻ
divided,ورهايل، ناساز، ونڊيل,,ورهايل، ناساز، ونڊيل
dividend,ورڇيل/ ورهايل,,ورڇيل/ ورهايل
dividing,ورڇيل، ورھاستي,,ورڇيل، ورھاستي
divine,الاهي- خدائي,,الاهي- خدائي
division,ڊويزن- ونڊ- ورڇ,,ڊويزن- ونڊ- ورڇ
divorce,طلاق,,طلاق
divorced,طلاقيل/ طلاق يافته,,طلاقيل/ طلاق يافته
do,ڪرڻ، پورو ڪرڻ، مڪمل ڪرڻ,,ڪرڻ، پورو ڪرڻ، مڪمل ڪرڻ
dock,بندرگاهه، مجرم لاءِ ڪٽهڙو، گوڌي,,بندرگاهه، مجرم لاءِ ڪٽهڙو، گوڌي
doctor,عالم فقھ، ڊاڪٽر، حڪيم، طبيب,,عالم فقھ، ڊاڪٽر، حڪيم، طبيب
doctrine,اصول- متو- نصب العين,,اصول- متو- نصب العين
document,دستاويز,,دستاويز
documentary,سندي - دستاويزي,,سندي - دستاويزي
documentation,دستاويزڪاري، دستاويز محفوظ ڪرڻ,,دستاويزڪاري، دستاويز محفوظ ڪرڻ
dodge,گسائڻ- دغا ڏيڻ,,گسائڻ- دغا ڏيڻ
doe,هرڻي، سيهڙ جي مادي,,هرڻي، سيهڙ جي مادي
dog,ڪتو,,ڪتو
doll,گڏي، رانديڪو، گڏو,,گڏي، رانديڪو، گڏو
dollar,آمريڪا جو سڪو,,آمريڪا جو سڪو
domain,راڄ- عملداري- حڪومت,,راڄ- عملداري- حڪومت
dome,گنبذ، قبو,,گنبذ، قبو
domestic,گهريلو- خانگي- پالتو-داخلي,,گهريلو- خانگي- پالتو-داخلي
dominance,غلبو- تسلط,,غلبو- تسلط
dominant,غالب- زبردست,,غالب- زبردست
dominate,غالب پوڻ، حڪم هلائڻ، حڪومت ڪرڻ,,غالب پوڻ، حڪم هلائڻ، حڪومت ڪرڻ
dominated,مغلوب- مٿاهون- تسلط هيٺ,,مغلوب- مٿاهون- تسلط هيٺ
domination,تلسط- غلبو,,تلسط- غلبو
dominion,سلطنت- راڄ,,سلطنت- راڄ
donate,عطا ڪرڻ,,عطا ڪرڻ
donation,چندو- عطيو,,چندو- عطيو
done,ڪيل، ٿيل، ختم,,ڪيل، ٿيل، ختم
donkey,گڏه، احمق,,گڏه، احمق
donor,خيرات يا چندو ڏيندڙ,,خيرات يا چندو ڏيندڙ
doom,فيصلو، قضا، قسمت، قيامت، پڇاڙي,,فيصلو، قضا، قسمت، قيامت، پڇاڙي
door,دروازو,,دروازو
dosage,خوراڪ جو مقدار (دوا),,خوراڪ جو مقدار (دوا)
dose,خوراڪ (دوا),,خوراڪ (دوا)
dot,نقطو,,نقطو
dots,نقطا- نشان,,نقطا- نشان
dotted,نشان ٿيل- نقطا لڳل,,نشان ٿيل- نقطا لڳل
double,ٻٽو- ٻيڻو- گڏيل,,ٻٽو- ٻيڻو- گڏيل
doubt,شڪ,,شڪ
dough,ڳوهيل اٽو,,ڳوهيل اٽو
doughty,بهادر، دلير، جوانمرد، جانٺو,,بهادر، دلير، جوانمرد، جانٺو
dove,ڪبوتر، ڳيرو,,ڪبوتر، ڳيرو
down,هيٺ- هيٺيون,,هيٺ- هيٺيون
downward,هيٺ تي- هيٺيون,,هيٺ تي- هيٺيون
dozen,درجن، درزن، ڊزن، ٻارنهن,,درجن، درزن، ڊزن، ٻارنهن
dp,ڊسپلسيڊ پرسن جو مخفف,,ڊسپلسيڊ پرسن جو مخفف
draft,مسودو- ڊرافٽ,,مسودو- ڊرافٽ
drafting,مسوده نويسي- خط لکڻ,,مسوده نويسي- خط لکڻ
drag,سوراخ ڪڍڻ,,سوراخ ڪڍڻ
dragon,اُڏامندڙ (پرن سان) نانگ، اجگر,,اُڏامندڙ (پرن سان) نانگ، اجگر
drain,نالي- ننڍي ڪسي,,نالي- ننڍي ڪسي
drainage,پاڻي جي نڪاسي,,پاڻي جي نڪاسي
drake,بدڪ جو نر,,بدڪ جو نر
dram,ڊرام، آئونس جو اٺون حصو (ماپ),,ڊرام، آئونس جو اٺون حصو (ماپ)
drama,ناٽڪ- ڊرامو,,ناٽڪ- ڊرامو
dramatic,ناٽڪ بابت، نقلي، ناٽڪ جو,,ناٽڪ بابت، نقلي، ناٽڪ جو
draper,ڪپڙو وڪڻندڙ,,ڪپڙو وڪڻندڙ
draw,ڇڪڻ- بغير فيصلي جي- برابر رهڻ,,ڇڪڻ- بغير فيصلي جي- برابر رهڻ
drawer,رقم ڪڍرائڻ وارو,,رقم ڪڍرائڻ وارو
drawing,ڊرائنگ- شڪل ڪڍڻ جو هنر,,ڊرائنگ- شڪل ڪڍڻ جو هنر
drawn,حاصل ڪيل- وصول ڪيل,,حاصل ڪيل- وصول ڪيل
dread,خوف، ڊپ، دهشت، خوف ڪرڻ,,خوف، ڊپ، دهشت، خوف ڪرڻ
dream,خواب، سپنو، خواب لهڻ,,خواب، سپنو، خواب لهڻ
dress,ڊريس- لباس- پوشاڪ,,ڊريس- لباس- پوشاڪ
dresser,ملم پٽي ڪرڻ وارو,,ملم پٽي ڪرڻ وارو
dressing,ملم پٽي- ملم پٽي ڪرڻ,,ملم پٽي- ملم پٽي ڪرڻ
drift,وهڪرو- سيلاب- ٻوڏ,,وهڪرو- سيلاب- ٻوڏ
drill,ڊرل- سوراخ ڪرڻ- برمو,,ڊرل- سوراخ ڪرڻ- برمو
drilling,ڊرل سان سوراخ ڪرڻ,,ڊرل سان سوراخ ڪرڻ
drink,پيئڻ- شربت- شراب- شراب پيئڻ- مشروب,,پيئڻ- شربت- شراب- شراب پيئڻ- مشروب
drip,ڊرپ- ڦڙو ڦڙو ڪرڻ وارو عمل,,ڊرپ- ڦڙو ڦڙو ڪرڻ وارو عمل
drive,هلائڻ- هلڻ,,هلائڻ- هلڻ
driven,گاڏيءَ جي سواري,,گاڏيءَ جي سواري
driver,ڊرائيور- گاڏي هلائيندڙ,,ڊرائيور- گاڏي هلائيندڙ
driving,ڊرائيونگ- گاڏي هلائڻ,,ڊرائيونگ- گاڏي هلائڻ
drop,ڊراپ- قطرو- ڦڙُو,,ڊراپ- قطرو- ڦڙُو
dropping,ڳاڙهو,,ڳاڙهو
drought,خشڪي- خشڪ سالي,,خشڪي- خشڪ سالي
drove,ڌڻ، جانورن جو ميڙ,,ڌڻ، جانورن جو ميڙ
drug,دوا - نشو,,دوا - نشو
drugs,ڊرگس- دوا- منشيات,,ڊرگس- دوا- منشيات
drum,ڊرم- دهل,,ڊرم- دهل
drummer,دهلاري,,دهلاري
drunk,نشي ۾ چور,,نشي ۾ چور
dry,خشڪ- سڪل,,خشڪ- سڪل
dryer,سڪائيندڙ، خشڪ ڪندڙ,,سڪائيندڙ، خشڪ ڪندڙ
drying,خشڪ ڪرڻ- سڪائڻ,,خشڪ ڪرڻ- سڪائڻ
dual,ٻٽو- ٻيڻو- جوڙو,,ٻٽو- ٻيڻو- جوڙو
dub,لقب ڏيڻ,,لقب ڏيڻ
duck,بدڪ، ڊڪ ڪپڙو,,بدڪ، ڊڪ ڪپڙو
duct,مس کڻي ويندڙ نلي,,مس کڻي ويندڙ نلي
due,حق- واجبي- مناسب- مقرر,,حق- واجبي- مناسب- مقرر
duel,ٻن ڄڻن جي وچ ۾ لڙائي، ملهه، ڪشتي,,ٻن ڄڻن جي وچ ۾ لڙائي، ملهه، ڪشتي
dues,حق- واجب الوصول رقمون,,حق- واجب الوصول رقمون
dug,ٿڻ، ببو,,ٿڻ، ببو
duke,امير، نواب,,امير، نواب
dull,موڳو- ڪُند- جهڪو,,موڳو- ڪُند- جهڪو
duly,با ضابطه,,با ضابطه
dumb,گونگو,,گونگو
dummy,گونگو، جڙتو ٺهيل شيءِ، بوتو,,گونگو، جڙتو ٺهيل شيءِ، بوتو
dump,ڪچري جو ڍير- گدام جو عارضي خراب سامان,,ڪچري جو ڍير- گدام جو عارضي خراب سامان
dumping,ڍير ڪرڻ- گدام حوالي ڪرڻ,,ڍير ڪرڻ- گدام حوالي ڪرڻ
dun,ڪارو، پيسن لاءِ گهر ڪرڻ,,ڪارو، پيسن لاءِ گهر ڪرڻ
dune,واريءَ جو دڙو,,واريءَ جو دڙو
dungeon,اونداهو، تهخانو، بهرو,,اونداهو، تهخانو، بهرو
duo,راڳ جيڪو ٻه ڄڻا گڏجي ڳائين,,راڳ جيڪو ٻه ڄڻا گڏجي ڳائين
duplex,ٻٽو- ٻن عنصن جو- ٻن رخن وارو,,ٻٽو- ٻن عنصن جو- ٻن رخن وارو
duplicate,ٻٽو- نقل- ڪاپي,,ٻٽو- نقل- ڪاپي
duplication,نقل تيار ڪرڻ,,نقل تيار ڪرڻ
durability,جٽاداري - پائيداري,,جٽاداري - پائيداري
durable,جٽادار- مضبوط,,جٽادار- مضبوط
duration,معياد- عرصو- وقت,,معياد- عرصو- وقت
during,دوران,,دوران
dusk,ڪارو، نماشام، منهن اونداهي,,ڪارو، نماشام، منهن اونداهي
dust,مٽي- ڌوڙ- ڊسٽ,,مٽي- ڌوڙ- ڊسٽ
dusty,مٽيءَ وارو,,مٽيءَ وارو
duties,فرض- ڪم,,فرض- ڪم
duty,ڊيوٽي- خدمت,,ڊيوٽي- خدمت
dwarf,ڄامڙو، بندرو، قد جو ننڍو,,ڄامڙو، بندرو، قد جو ننڍو
dwell,رهڻ، ٽڪڻ، اينگهڻ,,رهڻ، ٽڪڻ، اينگهڻ
dwelling,رهائش- مسڪن,,رهائش- مسڪن
dye,رنگ- خضاب,,رنگ- خضاب
dyer,رنگيندڙ,,رنگيندڙ
dying,مرڻينگ، فاني، مرندڙ,,مرڻينگ، فاني، مرندڙ
dynamic,متحرڪ- حرڪت ڪندڙ,,متحرڪ- حرڪت ڪندڙ
dynamics,ڊائنا مڪس- حرڪت جو علم,,ڊائنا مڪس- حرڪت جو علم
dynamite,ڊائنامائيٽ- بارود ذريعي ڪنهن شيءِ کي اڏائڻ,,ڊائنامائيٽ- بارود ذريعي ڪنهن شيءِ کي اڏائڻ
dynasty,شاهي خاندان، گهراڻو,,شاهي خاندان، گهراڻو
dysfunction,ڪم ۾ گڙٻڙ، خرابي، ڪنهن پرزي جي خرابي,,ڪم ۾ گڙٻڙ، خرابي، ڪنهن پرزي جي خرابي
e,انگريزي آئيويٽا جو پنجون اکر,,انگريزي آئيويٽا جو پنجون اکر
each,هر هڪ,,هر هڪ
eager,شوقين- مشتاق- شائق,,شوقين- مشتاق- شائق
eagle,عقاب پکي، باز، شڪاري پکي,,عقاب پکي، باز، شڪاري پکي
ear,ڪن,,ڪن
earl,امير، امير جو لقب، برطانيا جو معزز چڱو مڙس، ارل,,امير، امير جو لقب، برطانيا جو معزز چڱو مڙس، ارل
early,شروعاتي- جلدي- ابتدائي,,شروعاتي- جلدي- ابتدائي
earn,ڪمائڻ، حاصل ڪرڻ، لائق هجڻ,,ڪمائڻ، حاصل ڪرڻ، لائق هجڻ
earned,ڪمايل- پڪي,,ڪمايل- پڪي
earnest,پرزور,,پرزور
earning,نفع ڏيندڙ آمدني,,نفع ڏيندڙ آمدني
earnings,ڪمائي,,ڪمائي
earth,زمين- مٽي- ارض,,زمين- مٽي- ارض
earthquake,زلزلو- زمين ڌٻڻ,,زلزلو- زمين ڌٻڻ
ease,سهولت، آرام، راحت، سولائي، سهولت,,سهولت، آرام، راحت، سولائي، سهولت
easily,آرام سان، سولائيءَ سان,,آرام سان، سولائيءَ سان
east,اوڀر، پورب، اڀرندو طرف,,اوڀر، پورب، اڀرندو طرف
easter,حضرت عيسيٰ جي وري جيئري ٿيڻ جو وڏو ڏينهن، عيسائي تهوار,,حضرت عيسيٰ جي وري جيئري ٿيڻ جو وڏو ڏينهن، عيسائي تهوار
eastern,اڀرنديون- مشرقي,,اڀرنديون- مشرقي
easy,آسان- سولو- سهل,,آسان- سولو- سهل
eat,کائڻ، ماني کائڻ، خرچ ڪرڻ,,کائڻ، ماني کائڻ، خرچ ڪرڻ
eater,کائيندڙ,,کائيندڙ
eating,کائڻ، کاڌو کائڻ,,کائڻ، کاڌو کائڻ
echo,پڙاڏو، نقل، ويچار ڏيڻ، چاپلوسي ڪرڻ,,پڙاڏو، نقل، ويچار ڏيڻ، چاپلوسي ڪرڻ
eclipse,گهرڻ (چنڊ يا سج جو گرهڻ),,گهرڻ (چنڊ يا سج جو گرهڻ)
ecological,ماحولياتي,,ماحولياتي
ecology,ماحوليات,,ماحوليات
economic,اڪنامڪس- معاشيات,,اڪنامڪس- معاشيات
economical,بچت وارو- ڪفايتي,,بچت وارو- ڪفايتي
economically,بچت سان,,بچت سان
economics,معاشيات- اقتصاديات,,معاشيات- اقتصاديات
economies,بچتون- ڪفايتون,,بچتون- ڪفايتون
economist,معاشيات/ اقتصاديات جو ماهر,,معاشيات/ اقتصاديات جو ماهر
economy,معيشت,,معيشت
ecstasy,وجد، موج، بيحد خوشي، بي خودي، ڪيف,,وجد، موج، بيحد خوشي، بي خودي، ڪيف
eddy,ڪُن- ڦيرو,,ڪُن- ڦيرو
eden,عدن جو باغ، بهشت,,عدن جو باغ، بهشت
edge,ڌارا- ڪنارو,,ڌارا- ڪنارو
edible,کائڻ جي قابل- کائڻ جي قابل,,کائڻ جي قابل- کائڻ جي قابل
edit,ايڊٽ ڪرڻ- تدوين ڪرڻ,,ايڊٽ ڪرڻ- تدوين ڪرڻ
edith,اسٽيٽ ڊيوٽي انويسٽمينٽ ٽرسٽ لميٽيڊ جو مخفف,,اسٽيٽ ڊيوٽي انويسٽمينٽ ٽرسٽ لميٽيڊ جو مخفف
editing,تدوين- ايڊٽنگ ڪرڻ- ادارت,,تدوين- ايڊٽنگ ڪرڻ- ادارت
edition,اشاعت- ڇاپو,,اشاعت- ڇاپو
editor,ايڊيٽر- مدير- ڇنڊڇاڻ ڪندڙ,,ايڊيٽر- مدير- ڇنڊڇاڻ ڪندڙ
editorial,ايڊيٽوريل- اداريو,,ايڊيٽوريل- اداريو
educate,تعليم ڏيڻ، سيکارڻ، پڙهائڻ,,تعليم ڏيڻ، سيکارڻ، پڙهائڻ
education,تعليم,,تعليم
educational,تعليمي,,تعليمي
effect,عمل ۾ آڻڻ- لاڳو ڪرڻ,,عمل ۾ آڻڻ- لاڳو ڪرڻ
effective,ڪارائتو - اثر وارو,,ڪارائتو - اثر وارو
effects,مال ملڪيت- جائيداد,,مال ملڪيت- جائيداد
efficacy,تاثير، اثر، گڻ، قوت,,تاثير، اثر، گڻ، قوت
efficiency,ڪارڪردگي- اهليت- صلاحيت,,ڪارڪردگي- اهليت- صلاحيت
efficient,قابل- اهل- اثرائتو,,قابل- اهل- اثرائتو
efficiently,خوش اخلاقيءَ سان,,خوش اخلاقيءَ سان
effluent,وهندڙ، نهر جيڪا ٻي ڪنهن نهر مان وهي نڪري,,وهندڙ، نهر جيڪا ٻي ڪنهن نهر مان وهي نڪري
effort,ڪوشش- سعيو,,ڪوشش- سعيو
egg,آنو- بيضو,,آنو- بيضو
ego,پاڻ، آپو، خودي، هٺ,,پاڻ، آپو، خودي، هٺ
egyptian,مصري، مصر جو رهاڪو,,مصري، مصر جو رهاڪو
eh,سوال ۽ عجب ظاهر ڪرڻ,,سوال ۽ عجب ظاهر ڪرڻ
eight,اَٺ (8),,اَٺ (8)
eighteen,ارڙهن,,ارڙهن
eighth,اٺون,,اٺون
eighty,اسي,,اسي
either,ٻن مان هڪ، هڪ نه هڪ، هيءُ يا هو، يا ته، يا پڻ,,ٻن مان هڪ، هڪ نه هڪ، هيءُ يا هو، يا ته، يا پڻ
elaborate,تفصيل سان بيان ڪرڻ-وضاحت ڪرڻ,,تفصيل سان بيان ڪرڻ-وضاحت ڪرڻ
elastic,رٻڙ- لچڪدار,,رٻڙ- لچڪدار
elbow,ٺونٺ,,ٺونٺ
elder,بزرگ، وڏو,,بزرگ، وڏو
elderly,وڏيرو، وڏي عمر جو، پيرسن,,وڏيرو، وڏي عمر جو، پيرسن
elect,چوند- چونڊ ڪرڻ,,چوند- چونڊ ڪرڻ
elected,چونڊيل,,چونڊيل
election,اليڪشن- چونڊون,,اليڪشن- چونڊون
elections,اليڪشن- چونڊون,,اليڪشن- چونڊون
elective,چونڊن بابت,,چونڊن بابت
electoral,چونڊ جو/ جي,,چونڊ جو/ جي
electric,برقي- بجليءَ جو,,برقي- بجليءَ جو
electrical,بجليءَ جو- برقياتي,,بجليءَ جو- برقياتي
electricity,بجلي- برق,,بجلي- برق
electrode,بجلي جي منتقلي جو اوزار,,بجلي جي منتقلي جو اوزار
electron,اليڪٽران,,اليڪٽران
electronic,اليڪٽرانڪ- بجلي جو- برقياتي,,اليڪٽرانڪ- بجلي جو- برقياتي
elegance,نزاڪت، حسن، خوبصورتي,,نزاڪت، حسن، خوبصورتي
elegant,نازڪ، سهڻو، خوبصورت,,نازڪ، سهڻو، خوبصورت
element,جزو- عنصر,,جزو- عنصر
elemental,عنصري- بنيادي- اساسي,,عنصري- بنيادي- اساسي
elementary,شروعاتي- ابتدائي,,شروعاتي- ابتدائي
elements,عنصر- اصول- جزا,,عنصر- اصول- جزا
elephant,هاٿي,,هاٿي
elevated,بلند، ترقيءَ تي، اوچو,,بلند، ترقيءَ تي، اوچو
elevation,بلندي، ترقي، اوچائي، نشان,,بلندي، ترقي، اوچائي، نشان
elevator,مٿي پڄائيندڙ، متحرڪ ڏاڪڻ,,مٿي پڄائيندڙ، متحرڪ ڏاڪڻ
eleven,يارنهن,,يارنهن
elf,ڀوت، جن,,ڀوت، جن
eligibility,اهليت- لياقت- قابليت,,اهليت- لياقت- قابليت
eligible,اهل- لائق- مستحق,,اهل- لائق- مستحق
eliminate,ڪڍڻ، خارج ڪرڻ,,ڪڍڻ، خارج ڪرڻ
elimination,نيڪال- خاتمو- عليحدگي,,نيڪال- خاتمو- عليحدگي
elite,پڙهيل لکيل- اشراف- ممتاز,,پڙهيل لکيل- اشراف- ممتاز
elk,سامبر، وڏن سڱن سان ڦاڙهو,,سامبر، وڏن سڱن سان ڦاڙهو
elm,هڪ قسم جو وڻ,,هڪ قسم جو وڻ
else,ٻيو، نه ته، کانسواءِ، علاوه,,ٻيو، نه ته، کانسواءِ، علاوه
elsewhere,ٻئي ڪنهن هنڌ,,ٻئي ڪنهن هنڌ
embassy,سفارت خانو,,سفارت خانو
embedded,دفن ٿيل- لٽيل,,دفن ٿيل- لٽيل
emblem,نشاني- علامت,,نشاني- علامت
embrace,ڀاڪر پائڻ,,ڀاڪر پائڻ
embroidered,ڀرت ڀريل,,ڀرت ڀريل
embroidery,ڀرت,,ڀرت
embryo,گرڀ- حمل- جين,,گرڀ- حمل- جين
emerald,زمرد، قيمتي سائو پٿر,,زمرد، قيمتي سائو پٿر
emerge,برآمد ٿيڻ,,برآمد ٿيڻ
emergency,هنگامي حالت,,هنگامي حالت
emi,اليڪٽرڪ اينڊ ميوزيڪل انڊسٽري لميٽيڊ جو مخفف,,اليڪٽرڪ اينڊ ميوزيڪل انڊسٽري لميٽيڊ جو مخفف
eminent,مشهور، ناليرو، بلند، ممتاز,,مشهور، ناليرو، بلند، ممتاز
emission,نيڪال,,نيڪال
emotion,هيجان- جذبو,,هيجان- جذبو
emotional,جذباتي- هيجاني,,جذباتي- هيجاني
emotions,جذبا,,جذبا
emperor,شهنشاهه، قيصر,,شهنشاهه، قيصر
emphasis,تاڪيد ڪرڻ- زور ڀرڻ,,تاڪيد ڪرڻ- زور ڀرڻ
emphasize,زور ڏيڻ,,زور ڏيڻ
empire,شهنشاهت، سلطنت، حڪومت,,شهنشاهت، سلطنت، حڪومت
empirical,عملي- تجرباتي,,عملي- تجرباتي
employ,ڪم تي لڳائڻ – ملازم رکڻ,,ڪم تي لڳائڻ – ملازم رکڻ
employed,ملازم رکڻ- لڳائڻ,,ملازم رکڻ- لڳائڻ
employee,ملازم- پگهاردار,,ملازم- پگهاردار
employer,پگهاردار - ملازم,,پگهاردار - ملازم
employment,ملازمت- نوڪري- روزگار,,ملازمت- نوڪري- روزگار
emporium,واپاري جڳهه، بازار، منڊي، شاهي دڪان,,واپاري جڳهه، بازار، منڊي، شاهي دڪان
empower,اختيار ڏيڻ- مجاز ڪرڻ,,اختيار ڏيڻ- مجاز ڪرڻ
empowered,بااختيار- مجاز,,بااختيار- مجاز
empty,خالي- سکڻو,,خالي- سکڻو
emu,يورپين مانيٽري يونين جو مخفف,,يورپين مانيٽري يونين جو مخفف
emulation,همسري,,همسري
emulator,ريسارو، همسري ڪندڙ، مقابل، حاسد,,ريسارو، همسري ڪندڙ، مقابل، حاسد
enable,لائق ڪرڻ، اختياري ڏيڻ، طاقت ڏيڻ,,لائق ڪرڻ، اختياري ڏيڻ، طاقت ڏيڻ
enactment,قانون- قانون ٺاهڻ,,قانون- قانون ٺاهڻ
enamel,مينا ڪاري- ڪاشي,,مينا ڪاري- ڪاشي
enclosed,شامل ٿيل- شامل ڪيل,,شامل ٿيل- شامل ڪيل
enclosure,لاڳاپيل- لڳل- منسلڪ ٿيل,,لاڳاپيل- لڳل- منسلڪ ٿيل
encode,راز ۾ رکڻ,,راز ۾ رکڻ
encore,وري به، ٻيو ڀيرو، وري ٻيو گهمرو,,وري به، ٻيو ڀيرو، وري ٻيو گهمرو
encounter,سامهون ٿيڻ، مقابلو ڪرڻ,,سامهون ٿيڻ، مقابلو ڪرڻ
encourage,حوصلا افزائي ڪرڻ- همٿائڻ,,حوصلا افزائي ڪرڻ- همٿائڻ
encouragement,حوصلا افزائي,,حوصلا افزائي
encyclopedia,اها لغت جنهن ۾ سڀني علمن بابت مفصل بيان هجي,,اها لغت جنهن ۾ سڀني علمن بابت مفصل بيان هجي
end,خاتمو- حد- پڄاڻي,,خاتمو- حد- پڄاڻي
endeavour,محنت يا ڪوشش ڪرڻ، سعيو ڪرڻ، ڪوشش محنت، سعيو,,محنت يا ڪوشش ڪرڻ، سعيو ڪرڻ، ڪوشش محنت، سعيو
ending,خاتمو- اختتام- پڄاڻي,,خاتمو- اختتام- پڄاڻي
endless,بيحد، لاانتها، دائم، متواتر، لڳاتار,,بيحد، لاانتها، دائم، متواتر، لڳاتار
endorse,تصديق ڪرڻ- داخل ڪرڻ,,تصديق ڪرڻ- داخل ڪرڻ
endorsed,تصديق ٿيل,,تصديق ٿيل
endorsement,منظوري- تصديق- تائيد,,منظوري- تصديق- تائيد
endowment,وقف- عطا- عطيا,,وقف- عطا- عطيا
endurance,صبر- برداشت- حوصلو,,صبر- برداشت- حوصلو
endure,برداشت ڪرڻ,,برداشت ڪرڻ
enduring,پائيدار، جٽاءُ دار,,پائيدار، جٽاءُ دار
enemy,دشمن,,دشمن
energetic,پُرجوش- سرگرم- فعال- چُست,,پُرجوش- سرگرم- فعال- چُست
energy,انرجي- طاقت- توانائي,,انرجي- طاقت- توانائي
enforce,لاڳو ڪرڻ- نافذ ڪرڻ,,لاڳو ڪرڻ- نافذ ڪرڻ
enforcement,پورائو- لاڳو ٿيڻ واري حالت,,پورائو- لاڳو ٿيڻ واري حالت
engage,مقرر ڪرڻ- ڪم لڳائڻ- مصرو رکڻ,,مقرر ڪرڻ- ڪم لڳائڻ- مصرو رکڻ
engagement,مصروفيت- ملازمت,,مصروفيت- ملازمت
engaging,دلچسپ، موهيندڙ، دلربا,,دلچسپ، موهيندڙ، دلربا
engine,انجڻ,,انجڻ
engineer,انجنيئر,,انجنيئر
engineering,انجنيئرنگ,,انجنيئرنگ
english,انگريز، انگريزي ٻولي,,انگريز، انگريزي ٻولي
engraved,چٽيل نقش,,چٽيل نقش
engraving,نقش اڪرڻي,,نقش اڪرڻي
enhance,اضافو ڪرڻ,,اضافو ڪرڻ
enhanced,وسيع- وڌايل,,وسيع- وڌايل
enjoy,خوش ڪرڻ، لطف وٺڻ، لذت وٺڻ,,خوش ڪرڻ، لطف وٺڻ، لذت وٺڻ
enjoyment,استعمال- مزو- خوشي,,استعمال- مزو- خوشي
enlarge,وڌائڻ- وڏو ڪرڻ,,وڌائڻ- وڏو ڪرڻ
enlarged,وڌايل، اِينگھايل، ڊگھو ڪيل,,وڌايل، اِينگھايل، ڊگھو ڪيل
enlargement,وڌاءُ- وڏو ڪرڻ,,وڌاءُ- وڏو ڪرڻ
enlightenment,روشن خيالي,,روشن خيالي
enlisted,فهرست ۾ شامل ٿيل,,فهرست ۾ شامل ٿيل
enormous,بي انداز، بيحد، تمام گهڻو، تمام زياده,,بي انداز، بيحد، تمام گهڻو، تمام زياده
enough,ڪافي، پورو، خاطر خواه، پوري طرح,,ڪافي، پورو، خاطر خواه، پوري طرح
enquire,پڇڻ، تحقيق ڪرڻ، دريافت ڪرڻ,,پڇڻ، تحقيق ڪرڻ، دريافت ڪرڻ
enquiry,جانچ- تحقيق- دريافت- معلومات,,جانچ- تحقيق- دريافت- معلومات
enrichment,شاهوڪار بڻائڻ,,شاهوڪار بڻائڻ
enroll,داخل ڪرڻ- ڀرتي ڪرڻ,,داخل ڪرڻ- ڀرتي ڪرڻ
enrolled,ڀرتي ٿيل- داخل ٿيل,,ڀرتي ٿيل- داخل ٿيل
enrolment,داخلا- ڀرتي,,داخلا- ڀرتي
ensure,يقين- پڪ ڏيڻ,,يقين- پڪ ڏيڻ
enter,داخل ڪرڻ- شريڪ ڪرڻ,,داخل ڪرڻ- شريڪ ڪرڻ
enterprise,انٽرپرائز- ڪاروباري مهم- ڪاروباري ادارو,,انٽرپرائز- ڪاروباري مهم- ڪاروباري ادارو
entertain,وندرائڻ- تفريح ڪرڻ- غور ڪرڻ- تواضح ڪرڻ,,وندرائڻ- تفريح ڪرڻ- غور ڪرڻ- تواضح ڪرڻ
entertainment,وندر- تفريح- پذيرائي,,وندر- تفريح- پذيرائي
enthusiasm,سرگرمي، انتباه، شوق، جوش,,سرگرمي، انتباه، شوق، جوش
enthusiast,جوشيلو,,جوشيلو
enthusiastic,سرگرم، اُتساهي، پرتپاڪ,,سرگرم، اُتساهي، پرتپاڪ
entire,پورو- مڪمل- ڪامل- سالم,,پورو- مڪمل- ڪامل- سالم
entirely,سمورو ئي- سڄو ئي- مڪمل طور تي,,سمورو ئي- سڄو ئي- مڪمل طور تي
entirety,سرتاپا، سموروئي، تمامي، سڄوئي,,سرتاپا، سموروئي، تمامي، سڄوئي
entitled,حقدار- مستحق,,حقدار- مستحق
entity,ذات- وجود- هستي- شخصيت,,ذات- وجود- هستي- شخصيت
entrance,گذر، دروازو، آغاز، لنگهه، لنگهڻ جو حق,,گذر، دروازو، آغاز، لنگهه، لنگهڻ جو حق
entre,داخلا جو حق، داخلا,,داخلا جو حق، داخلا
entrepreneur,انتظام هلائيندڙ- سرمايو سيڙائيندڙ- سيڙپڪار,,انتظام هلائيندڙ- سرمايو سيڙائيندڙ- سيڙپڪار
entrepreneurial,تنظيمي- انتظامي,,تنظيمي- انتظامي
entry,داخلا- دخل (قانون),,داخلا- دخل (قانون)
enumeration,شمار- ڳڻپ,,شمار- ڳڻپ
envelope,لفافو,,لفافو
environ,گهيرو ڪرڻ,,گهيرو ڪرڻ
environment,ماحول- وايو منڊل,,ماحول- وايو منڊل
environmental,ماحولياتي,,ماحولياتي
envy,حسد ڪرڻ، رشڪ ڪرڻ، ساڙ رکڻ، جلڻ، حسد، ساڙ، بغض,,حسد ڪرڻ، رشڪ ڪرڻ، ساڙ رکڻ، جلڻ، حسد، ساڙ، بغض
enzyme,خمير، جوھر، عرق، خميرو، خميرجڻ، رطوبت پھچائيندڙ رس، خامرو,,خمير، جوھر، عرق، خميرو، خميرجڻ، رطوبت پھچائيندڙ رس، خامرو
epic,شعر ۾ بهادريءَ جو بيان,,شعر ۾ بهادريءَ جو بيان
epidemic,وچڙندڙ- ڦهلجندڙ- وبائي- پکڙجندڙ,,وچڙندڙ- ڦهلجندڙ- وبائي- پکڙجندڙ
epidemiology,وبائي بيمارين جي روڪ جو علم,,وبائي بيمارين جي روڪ جو علم
epilepsy,مرگهي- اعصابي سرشتي جي غشي- بيهوشي طاري ٿيڻ,,مرگهي- اعصابي سرشتي جي غشي- بيهوشي طاري ٿيڻ
episode,اتفاقي ماجرا، ڳالهه ۾ ڳالهه,,اتفاقي ماجرا، ڳالهه ۾ ڳالهه
epoch,سن- زمانو- عهد- دور- تاريخ- وقت- سمو,,سن- زمانو- عهد- دور- تاريخ- وقت- سمو
equal,برابر، يڪسان، هڪ جيترو، مٽ، ثاني,,برابر، يڪسان، هڪ جيترو، مٽ، ثاني
equality,برابري- هڪجهڙائي,,برابري- هڪجهڙائي
equally,برابر,,برابر
equals,برابر- هڪ جيترو- ساڳيو,,برابر- هڪ جيترو- ساڳيو
equation,مساوات- برابري- وزن- مقدار,,مساوات- برابري- وزن- مقدار
equatorial,خط استوائي,,خط استوائي
equestrian,شهسواري، شهسواريءَ جو، گهوڙن بابت,,شهسواري، شهسواريءَ جو، گهوڙن بابت
equilibrium,متوازن- برابري,,متوازن- برابري
equip,مهيا ڪرڻ,,مهيا ڪرڻ
equipment,ساز و سامان,,ساز و سامان
equipped,ساز سامان سان آراسته,,ساز سامان سان آراسته
equitable,منصفاڻو- عادلاڻو,,منصفاڻو- عادلاڻو
equity,مساوات- برابري,,مساوات- برابري
equivalence,برابري,,برابري
equivalent,برابر- مساوي,,برابر- مساوي
era,عهد- سن- زمانو- وقت- تاريخ,,عهد- سن- زمانو- وقت- تاريخ
erase,مٽائڻ- ڊاهڻ,,مٽائڻ- ڊاهڻ
erect,تعمير ڪرڻ- قائم ڪرڻ,,تعمير ڪرڻ- قائم ڪرڻ
erectile,اڏاوت- تعمير,,اڏاوت- تعمير
erection,اڏاوت- تنصيب,,اڏاوت- تنصيب
erosion,زمين جو پائجڻ,,زمين جو پائجڻ
erotic,عاشقاڻو- شهواني,,عاشقاڻو- شهواني
err,غلطي ڪرڻ، گمراهه ٿيڻ، خطا ڪرڻ، (غلطي، خطا، چوڪ),,غلطي ڪرڻ، گمراهه ٿيڻ، خطا ڪرڻ، (غلطي، خطا، چوڪ)
erroneous,غلط- ڀليل- غير درست,,غلط- ڀليل- غير درست
error,غلطي خطا- ڀُل چڪ,,غلطي خطا- ڀُل چڪ
errors,غلطيون,,غلطيون
escape,ڇوٽڪارو- بچاءُ- بچڻ- ترڪڻ,,ڇوٽڪارو- بچاءُ- بچڻ- ترڪڻ
escaped,مفرور- فرار ٿيل,,مفرور- فرار ٿيل
escort,حفاظتي دستو- همراهي,,حفاظتي دستو- همراهي
escrow,شرعي دستاويز,,شرعي دستاويز
especially,خاص طور تي,,خاص طور تي
essay,مضمون- ڪوشش,,مضمون- ڪوشش
essence,جوهر- عرق- ڳرُ,,جوهر- عرق- ڳرُ
essential,لازمي- اهم,,لازمي- اهم
essentially,اصليت- ضروري- لازمي,,اصليت- ضروري- لازمي
essentials,بنيادي اصول,,بنيادي اصول
establish,قائم ڪرڻ- مقرر ڪرڻ,,قائم ڪرڻ- مقرر ڪرڻ
established,قائم ٿيل- تسليم ٿيل,,قائم ٿيل- تسليم ٿيل
establishment,عملو- انتظام- ادارو,,عملو- انتظام- ادارو
estate,جاگير- ملڪيت- جائداد,,جاگير- ملڪيت- جائداد
estates,ملڪيت- جائداد,,ملڪيت- جائداد
esteem,احترام ڪرڻ- عزت ڪرڻ,,احترام ڪرڻ- عزت ڪرڻ
estimate,تخمينو-قدر- ڪَٿ,,تخمينو-قدر- ڪَٿ
estimated,تخمينو ڪيل- ڪٿيل,,تخمينو ڪيل- ڪٿيل
estimates,تخمينه- ڪٿ,,تخمينه- ڪٿ
estimating,ڪاٿو لڳائڻ- تخمينو ڪرڻ- تخمينو ڪندڙ,,ڪاٿو لڳائڻ- تخمينو ڪرڻ- تخمينو ڪندڙ
estimation,ڪاٿو- تخمينو- تخمينو ڪرڻ,,ڪاٿو- تخمينو- تخمينو ڪرڻ
estrogen,وھر جو محرڪ، ايسٽروجن ھارمون، آني داني جو محرڪ,,وھر جو محرڪ، ايسٽروجن ھارمون، آني داني جو محرڪ
eternal,دائمي- ابدي,,دائمي- ابدي
eternity,ابديت- دوام,,ابديت- دوام
ether,خالص هوا، مادي، لطيف، شراب جو روح يا ست,,خالص هوا، مادي، لطيف، شراب جو روح يا ست
ethereal,تمام هلڪو- نازڪ- هوادار- غير زميني- آسماني,,تمام هلڪو- نازڪ- هوادار- غير زميني- آسماني
ethical,اخلاقي- اخلاقياتي,,اخلاقي- اخلاقياتي
ethics,اخلاقيات,,اخلاقيات
ethnic,نسلي,,نسلي
etiology,علم السباب,,علم السباب
etiquette,تعظيم و تڪريم، فضيلت، آداب، تهذيب,,تعظيم و تڪريم، فضيلت، آداب، تهذيب
europe,يورپ کنڊ,,يورپ کنڊ
european,يوروپي- گورو,,يوروپي- گورو
evacuation,اخراج- خالي ڪرڻ,,اخراج- خالي ڪرڻ
evaluate,تجزيو ڪرڻ- ملهه ڪڍڻ- قيمت ڪٿڻ,,تجزيو ڪرڻ- ملهه ڪڍڻ- قيمت ڪٿڻ
evaluated,تجزيو ڪيل,,تجزيو ڪيل
evaluation,تجزيو- تشخيص- اندازو,,تجزيو- تشخيص- اندازو
evanescence,زوال پذيري- فنا پذيري,,زوال پذيري- فنا پذيري
eve,شام، مغرب، پيشن، وقت، ڏاڏي حوا,,شام، مغرب، پيشن، وقت، ڏاڏي حوا
even,انهيءَ نموني، جٽاءُ، في الفور، جهڙي نموني,,انهيءَ نموني، جٽاءُ، في الفور، جهڙي نموني
evening,شام,,شام
event,واقعو- خاص موقعو,,واقعو- خاص موقعو
eventual,قطعي، آخري، بانتيجي,,قطعي، آخري، بانتيجي
eventually,نيٺ- آخرڪار- اڳي پوءِ,,نيٺ- آخرڪار- اڳي پوءِ
ever,سدائين- هميشه لاءِ- ڪڏهن,,سدائين- هميشه لاءِ- ڪڏهن
evergreen,سدا سائو- سدابهار,,سدا سائو- سدابهار
every,هرهڪ، سڀڪو، هرڪو,,هرهڪ، سڀڪو، هرڪو
evidence,شاهدي- گواهي,,شاهدي- گواهي
evident,ثابت- صاف- واضع- پڌري,,ثابت- صاف- واضع- پڌري
evil,خراب، بڇڙو، فاسد، شرير، ڪم بخت، خرابي، برائي,,خراب، بڇڙو، فاسد، شرير، ڪم بخت، خرابي، برائي
evite,نٽائڻ، گسائڻ,,نٽائڻ، گسائڻ
evolution,ارتقا- ترقي,,ارتقا- ترقي
evolutionary,ارتقائي,,ارتقائي
evolve,لکڻ، ترقي ڪرڻ، ڦهلڻ، کولڻ، ڦيرائڻ,,لکڻ، ترقي ڪرڻ، ڦهلڻ، کولڻ، ڦيرائڻ
evolved,ارتقا يافته,,ارتقا يافته
ex,سابق- اڳوڻو,,سابق- اڳوڻو
exact,صحيح- ٺيڪ- قطعي,,صحيح- ٺيڪ- قطعي
examination,امتحان- معائنو- جاچ,,امتحان- معائنو- جاچ
examine,معائنو ڪرڻ- جاچڻ- امتحان ڪرڻ,,معائنو ڪرڻ- جاچڻ- امتحان ڪرڻ
examined,معائنو ڪيو ويو,,معائنو ڪيو ويو
examiner,امتحان وٺندڙ,,امتحان وٺندڙ
examining,معائنه ڪاري- معائنو ڪرڻ,,معائنه ڪاري- معائنو ڪرڻ
example,مثال- نمونو,,مثال- نمونو
excavation,کوٽائي,,کوٽائي
exceed,وڌي وڃڻ- وڌيڪ ٿيڻ,,وڌي وڃڻ- وڌيڪ ٿيڻ
exceeding,حد کان وڌندڙ,,حد کان وڌندڙ
excel,برتر هجڻ- مٿي ٿيڻ-فضيلت رکڻ,,برتر هجڻ- مٿي ٿيڻ-فضيلت رکڻ
excellence,خوبي- خاصيت-گُڻ,,خوبي- خاصيت-گُڻ
excellent,بهترين- عمدو- سٺو,,بهترين- عمدو- سٺو
except,کانسواءِ- ڌاران- بنا,,کانسواءِ- ڌاران- بنا
exception,اخراج، اعتراض,,اخراج، اعتراض
exceptional,نيارو- غير معمولي- اهم حيثيت وارو,,نيارو- غير معمولي- اهم حيثيت وارو
excerpt,انتخاب ڪرڻ- قول نقل ڪرڻ- خلاصو يا حوالو کڻڻ,,انتخاب ڪرڻ- قول نقل ڪرڻ- خلاصو يا حوالو کڻڻ
excess,واڌ- گهڻائي- زيادتي,,واڌ- گهڻائي- زيادتي
excessive,حد کان وڌيڪ,,حد کان وڌيڪ
exchange,ڏي وٺ- مٽاسٽا- تبديلي,,ڏي وٺ- مٽاسٽا- تبديلي
excise,ايڪسائيز- آبڪاري,,ايڪسائيز- آبڪاري
excite,جوش ڏيارڻ- هر کائڻ,,جوش ڏيارڻ- هر کائڻ
exclude,خارج ٿيل- رد ڪيل- الڳ ڪيل,,خارج ٿيل- رد ڪيل- الڳ ڪيل
excluded,رد ڪيل,,رد ڪيل
exclusion,نيڪالي- ترڪ- روڪ,,نيڪالي- ترڪ- روڪ
exclusive,نرالو- الڳ ٿلڳ- خاص- اڪيلو- مخصوص,,نرالو- الڳ ٿلڳ- خاص- اڪيلو- مخصوص
exclusively,خاص طور تي,,خاص طور تي
excursion,تفريحي سفر,,تفريحي سفر
excuse,معافي- عذر- بهانو,,معافي- عذر- بهانو
execute,جاري ڪرڻ- عملدرآمد ڪرڻ- تعميل ڪرڻ- ڦاسي ڏيڻ,,جاري ڪرڻ- عملدرآمد ڪرڻ- تعميل ڪرڻ- ڦاسي ڏيڻ
executed,پورو ڪيل- بجاءِ آندل- تعميل ڪيل,,پورو ڪيل- بجاءِ آندل- تعميل ڪيل
execution,تعميل- بجاآوري- سرانجام- ڦاهي,,تعميل- بجاآوري- سرانجام- ڦاهي
executive,انتظاميه- انتظامي عملدار- ڪاروبار هلائيندڙ عملدار,,انتظاميه- انتظامي عملدار- ڪاروبار هلائيندڙ عملدار
exemplary,عبرت جوڳو- مثالي,,عبرت جوڳو- مثالي
exempt,معاف ڪرڻ- ڇڏڻ,,معاف ڪرڻ- ڇڏڻ
exemption,معافي- بريت- استثنا,,معافي- بريت- استثنا
exercise,مشق- ڪثرت- عمل ۾ آڻڻ- انجام ڏيڻ,,مشق- ڪثرت- عمل ۾ آڻڻ- انجام ڏيڻ
exhaust,نيڪال- خارج,,نيڪال- خارج
exhausted,ٿڪل ٽُٽل- هيڻو,,ٿڪل ٽُٽل- هيڻو
exhaustive,مفصل- جامع- مضبوط,,مفصل- جامع- مضبوط
exhibit,نماءُ ڪرڻ- پيش ڪرڻ,,نماءُ ڪرڻ- پيش ڪرڻ
exhibition,نماءُ- جلسو - نمائش,,نماءُ- جلسو - نمائش
exhibits,شين جي نمائش,,شين جي نمائش
exile,جلا وطني- ملڪ نيڪالي- جلاوطن,,جلا وطني- ملڪ نيڪالي- جلاوطن
exist,موجود رهڻ، هئڻ، زنده رهڻ,,موجود رهڻ، هئڻ، زنده رهڻ
existence,وجود، زندگي، هستي,,وجود، زندگي، هستي
existing,موجوده- مروج,,موجوده- مروج
exit,ٻاهر نڪرڻ جو رستو- روانگي,,ٻاهر نڪرڻ جو رستو- روانگي
exodus,ڪوچ، لڏپلاڻ، توريت جو ٻيو ڪتاب,,ڪوچ، لڏپلاڻ، توريت جو ٻيو ڪتاب
exotic,اجنبي، ڌاريو، ٻاهريون، جيڪو ديسي نه هجي,,اجنبي، ڌاريو، ٻاهريون، جيڪو ديسي نه هجي
expand,پکيڙڻ، کولڻ، وڌائڻ، ترقي ڏيارڻ,,پکيڙڻ، کولڻ، وڌائڻ، ترقي ڏيارڻ
expanding,وڌندڙ,,وڌندڙ
expansion,وڌاءُ- ڦهلاءُ- توسيع,,وڌاءُ- ڦهلاءُ- توسيع
expect,اميد ڪرڻ- اميد رکڻ- توقع رکڻ,,اميد ڪرڻ- اميد رکڻ- توقع رکڻ
expectancy,توقع- اميد- انتظار,,توقع- اميد- انتظار
expectation,اميد، توقع، انتظار,,اميد، توقع، انتظار
expected,متوقع,,متوقع
expedition,مهم- معرڪو- تيزي,,مهم- معرڪو- تيزي
expenditure,خرچ-کاپو – اخراجات,,خرچ-کاپو – اخراجات
expense,خرچ- لاڳت- کپت,,خرچ- لاڳت- کپت
expenses,ماضي، حال، مستقبل ۾ پئسن ۾ گهاٽو جيڪو ناڻي جي واڌاري يا ڌنڌي جي واڌاري لاءِ ڪم اچي- خرچ,,ماضي، حال، مستقبل ۾ پئسن ۾ گهاٽو جيڪو ناڻي جي واڌاري يا ڌنڌي جي واڌاري لاءِ ڪم اچي- خرچ
expensive,قيمتي، مهانگو، گران,,قيمتي، مهانگو، گران
experience,آزمودو- تجربو,,آزمودو- تجربو
experienced,تجربيڪار,,تجربيڪار
experiment,تجربو- مشاهدو- آزمائش,,تجربو- مشاهدو- آزمائش
experimental,تجرباتي- آزمائشي,,تجرباتي- آزمائشي
experimentation,تجربو ڪرڻ,,تجربو ڪرڻ
expert,ماهر- عالم- ڄاڻو,,ماهر- عالم- ڄاڻو
expertise,ڄاڻ، فني مھارت، گر,,ڄاڻ، فني مھارت، گر
expiration,خاتمو- رحلت- موت- لاڏاڻو,,خاتمو- رحلت- موت- لاڏاڻو
expire,ختم ٿيڻ- فوت ٿيڻ- دم ڏيڻ,,ختم ٿيڻ- فوت ٿيڻ- دم ڏيڻ
expired,فوت ٿيل- مدي خارچ ٿيل,,فوت ٿيل- مدي خارچ ٿيل
expiry,مدت پوري ٿيڻ- خاتمو- اختتام,,مدت پوري ٿيڻ- خاتمو- اختتام
explain,واضع ڪرڻ- تشريح ڪرڻ- جواب طلبي ڪرڻ,,واضع ڪرڻ- تشريح ڪرڻ- جواب طلبي ڪرڻ
explained,بيان ٿيل- واضع ٿيل- وضاحت ڪيل,,بيان ٿيل- واضع ٿيل- وضاحت ڪيل
explanation,جواب طلبي- تشريح,,جواب طلبي- تشريح
explanatory,وضاحتي- تشريحي,,وضاحتي- تشريحي
explicit,واضع- چٽو- صفا,,واضع- چٽو- صفا
explode,رڙيون ڪرڻ، ڦاٽي پوڻ، زور شور سان ڦاٽڻ,,رڙيون ڪرڻ، ڦاٽي پوڻ، زور شور سان ڦاٽڻ
exploit,استحصال ڪرڻ- ڳالهه پکيڙڻ- ناجائز طور تي فائدو وٺڻ,,استحصال ڪرڻ- ڳالهه پکيڙڻ- ناجائز طور تي فائدو وٺڻ
exploitation,فائدي جي استحصال,,فائدي جي استحصال
exploration,تلاش- ڳولا- کوجنا- جستجو,,تلاش- ڳولا- کوجنا- جستجو
explore,تلاش ڪرڻ- ڳولڻ,,تلاش ڪرڻ- ڳولڻ
explorer,تلاش ڪندڙ- ڳوليندڙ,,تلاش ڪندڙ- ڳوليندڙ
explosion,ڌماڪو- ڦاٽ,,ڌماڪو- ڦاٽ
explosive,ڌماڪي خيز- ڦاٽندڙ بارود,,ڌماڪي خيز- ڦاٽندڙ بارود
export,برآمد- روانگي- ٻاهر موڪليو ويندڙ مال,,برآمد- روانگي- ٻاهر موڪليو ويندڙ مال
exporter,برآمد ڪندڙ- برآمد ڪار,,برآمد ڪندڙ- برآمد ڪار
exporting,ملڪ کان ٻاهر پنهنجون پيداواري شيون وڪڻڻ يا ملڪ کان ٻاهر جي صارفين کي پنهنجون خدمتون آڇڻ، هن لاءِ ضروري آهي ته پيداوار تي مڪمل ضابطو هجي. شيون بهتر کان بهتر ٺاهجن. انهيءَ لاءِ هڪ بين الاقوامي معاهدو ٿيندو آهي. جنهن جا ٻه قسم آهن، هڪ محسوساتي شيون جيئن ڪپهه، ڪڻڪ تيل وغيره وغيره ٻيون غير محسوساتي شيون جيئن بئنڪون، جهاز راني وغيره,,ملڪ کان ٻاهر پنهنجون پيداواري شيون وڪڻڻ يا ملڪ کان ٻاهر جي صارفين کي پنهنجون خدمتون آڇڻ، هن لاءِ ضروري آهي ته پيداوار تي مڪمل ضابطو هجي. شيون بهتر کان بهتر ٺاهجن. انهيءَ لاءِ هڪ بين الاقوامي معاهدو ٿيندو آهي. جنهن جا ٻه قسم آهن، هڪ محسوساتي شيون جيئن ڪپهه، ڪڻڪ تيل وغيره وغيره ٻيون غير محسوساتي شيون جيئن بئنڪون، جهاز راني وغيره
expose,ظاهر ڪرڻ، کولڻ، سمجهائڻ,,ظاهر ڪرڻ، کولڻ، سمجهائڻ
exposure,پڌرائي- نمائش,,پڌرائي- نمائش
express,واضح- فوري- ظاهر ڪرڻ- ادا ڪرڻ- واضح ڪرڻ- اظهار ڪرڻ,,واضح- فوري- ظاهر ڪرڻ- ادا ڪرڻ- واضح ڪرڻ- اظهار ڪرڻ
expressed,واضح ڪيل- ظاهر ڪيل- صاف,,واضح ڪيل- ظاهر ڪيل- صاف
expression,اظهار- تاثر- اندازِ بيان- عبارت,,اظهار- تاثر- اندازِ بيان- عبارت
expressly,ظاهري طور تي,,ظاهري طور تي
exquisite,نفيس، باريڪ، لطيف، عمدو، زرين، اتم، نادر,,نفيس، باريڪ، لطيف، عمدو، زرين، اتم، نادر
extend,وڌائڻ- پکيڙڻ- توسيع ڪرڻ,,وڌائڻ- پکيڙڻ- توسيع ڪرڻ
extended,وڌايل- ڦهلايل,,وڌايل- ڦهلايل
extension,اضافو- ڦهلاءُ- توسيع- واڌ,,اضافو- ڦهلاءُ- توسيع- واڌ
extensive,وڏو- ڪشادو- جامع- وسيع,,وڏو- ڪشادو- جامع- وسيع
extent,حد- ڪشادگي- وسعت,,حد- ڪشادگي- وسعت
exterior,ٻاهريون، خارجي، بيروني,,ٻاهريون، خارجي، بيروني
external,ٻاهريون- بيروني- خارجي,,ٻاهريون- بيروني- خارجي
extinction,نيستي- فنا- نابودگي,,نيستي- فنا- نابودگي
extra,واڌو- وڌيڪ- زائد,,واڌو- وڌيڪ- زائد
extract,تت- خلاصو- اقتباس- جوهر- نچوڙ,,تت- خلاصو- اقتباس- جوهر- نچوڙ
extraction,نيڪال,,نيڪال
extraordinary,غير معمولي,,غير معمولي
extreme,پڇاڙيءَ جو، تمام وڏو، انتهائي آخري، انتها، حد، پڇاڙي,,پڇاڙيءَ جو، تمام وڏو، انتهائي آخري، انتها، حد، پڇاڙي
eye,اک، چشم، نظر، نگاه,,اک، چشم، نظر، نگاه
eyes,اکيون,,اکيون
f,انگريزي آئيويٽا جو ڇهون اکر,,انگريزي آئيويٽا جو ڇهون اکر
fable,آکاڻي- قصو- افسانو,,آکاڻي- قصو- افسانو
fabric,ڪپڙا- بناوت,,ڪپڙا- بناوت
fabricated,جڙتو- خود ساخته- جعلي,,جڙتو- خود ساخته- جعلي
fabrication,جعل سازي- بناوت- هٿ ٺوڪ,,جعل سازي- بناوت- هٿ ٺوڪ
fabulous,افسانوي- خيالي- وڌاءُ ڪيل,,افسانوي- خيالي- وڌاءُ ڪيل
face,منهن- شڪل- چهرو- مهانڊو,,منهن- شڪل- چهرو- مهانڊو
facial,شڪلي- چهري جو,,شڪلي- چهري جو
facilitate,سهوليت پيدا ڪرڻ- آسان ڪرڻ,,سهوليت پيدا ڪرڻ- آسان ڪرڻ
facilitation,سهولت- آساني- سهنجائي,,سهولت- آساني- سهنجائي
facilities,سهولتون- آسانيون,,سهولتون- آسانيون
facility,سهولت- آساني- سهنجائي,,سهولت- آساني- سهنجائي
facing,استرڪاري- سجاوٽ- پوش ڏيڻ,,استرڪاري- سجاوٽ- پوش ڏيڻ
facsimile,هوبهو نقل,,هوبهو نقل
fact,حقيقت- سچي ڳالهه,,حقيقت- سچي ڳالهه
faction,ڌڙو- ڌار مفاد وارو گروهه يا فرقو,,ڌڙو- ڌار مفاد وارو گروهه يا فرقو
factor,جزو- حصو- عنصر,,جزو- حصو- عنصر
factors,جزا- عنصر- ڀاڱا,,جزا- عنصر- ڀاڱا
factory,فيڪٽري- ڪارخانو,,فيڪٽري- ڪارخانو
facts,حقيقتون- واقعا- سچيون ڳالهيون,,حقيقتون- واقعا- سچيون ڳالهيون
factual,حقيقي- واقعاتي,,حقيقي- واقعاتي
faculty,ذهني قوت، لياقت، اصلي جوهر، خداداد لياقت: تعليمي اداري جا استاد,,ذهني قوت، لياقت، اصلي جوهر، خداداد لياقت: تعليمي اداري جا استاد
fade,ڦڪو يا جهڪو ٿيڻ- چمڪ ختم ٿيڻ,,ڦڪو يا جهڪو ٿيڻ- چمڪ ختم ٿيڻ
fail,ناڪام ٿيڻ- اڻپورو ٿيڻ- شڪست کائڻ,,ناڪام ٿيڻ- اڻپورو ٿيڻ- شڪست کائڻ
failed,ناپاس- ناڪام,,ناپاس- ناڪام
failing,نقصان-گهٽتائي- ڪوتاهي,,نقصان-گهٽتائي- ڪوتاهي
failure,ناڪامي- ڏيوالپڻو- خرابي,,ناڪامي- ڏيوالپڻو- خرابي
faint,بيهوش – ڪمزور- هيڻو- ڊڄڻو,,بيهوش – ڪمزور- هيڻو- ڊڄڻو
fair,واجبي- معقول- پُرڪشش- بي داغ- صاف,,واجبي- معقول- پُرڪشش- بي داغ- صاف
fairness,انصاف- سٺو سلوڪ,,انصاف- سٺو سلوڪ
fairy,خيالي جيو، پري,,خيالي جيو، پري
faith,اعتبار- يقين- دين- ايمان,,اعتبار- يقين- دين- ايمان
faithful,ايماندار، نمڪ حلال، باوفا، وفادار,,ايماندار، نمڪ حلال، باوفا، وفادار
fake,جعلي- نقلي- هٿرادو,,جعلي- نقلي- هٿرادو
falcon,باز,,باز
fall,آبشار (ندي) جو ڪرڻ- گهٽ ٿيڻ- زوال,,آبشار (ندي) جو ڪرڻ- گهٽ ٿيڻ- زوال
false,نقلي- ڪوڙو- جعلي,,نقلي- ڪوڙو- جعلي
fame,شهرت,,شهرت
familiar,واقف- آشنا- مشهور- مانوس,,واقف- آشنا- مشهور- مانوس
familiarity,ميل، واقفيت، گستاخي، بي تڪلفي,,ميل، واقفيت، گستاخي، بي تڪلفي
family,فيملي- خاندان- ڪٽنب,,فيملي- خاندان- ڪٽنب
famous,مشهور- نامور- ناليوارو,,مشهور- نامور- ناليوارو
fan,پکو- وڃڻو- وجڻو,,پکو- وڃڻو- وجڻو
fancy,تصور- رغبت- قياس- گمان- خيال,,تصور- رغبت- قياس- گمان- خيال
fantastic,انوکو- تصوراتي- خيالي,,انوکو- تصوراتي- خيالي
fantasy,وهم، خيال، پور,,وهم، خيال، پور
fao,فوڊ اينڊ ايگريڪلچر آرگنائيزيشن جو مخفف,,فوڊ اينڊ ايگريڪلچر آرگنائيزيشن جو مخفف
far,پري- ڏورانهون,,پري- ڏورانهون
fare,ڀاڙو- ڪرايو,,ڀاڙو- ڪرايو
farewell,الوداع- موڪلاڻي,,الوداع- موڪلاڻي
farm,فارم- زمين جنهن تي فصل پوکيا وڃڻ- ٻني,,فارم- زمين جنهن تي فصل پوکيا وڃڻ- ٻني
farmer,هاري- آبادگار- ڪڙمي,,هاري- آبادگار- ڪڙمي
farmhouse,فارم هائوس- فارم گهر,,فارم هائوس- فارم گهر
farming,هارپو- ٻني ٻارو,,هارپو- ٻني ٻارو
farther,گهڻو پري، ڏوُرانهون,,گهڻو پري، ڏوُرانهون
fashion,رواج، دستور، فيشن، شڪل، طور (ٺاهڻ، بنائڻ),,رواج، دستور، فيشن، شڪل، طور (ٺاهڻ، بنائڻ)
fashionable,وضع دار، رواج موجب، خوش پوش,,وضع دار، رواج موجب، خوش پوش
fast,مضبوط، ڄميل، روزو، فاقو، تيز رفتار، شوخ,,مضبوط، ڄميل، روزو، فاقو، تيز رفتار، شوخ
fat,موٽو، ٿلهو، زرخيز، چرٻي، سڻڀ,,موٽو، ٿلهو، زرخيز، چرٻي، سڻڀ
fatal,موتمار- قاتل,,موتمار- قاتل
fate,قسمت- نصيب لکيو,,قسمت- نصيب لکيو
father,پيءُ- والد,,پيءُ- والد
fatigue,ٿَڪ- ٿڪاوٽ- وِرچ,,ٿَڪ- ٿڪاوٽ- وِرچ
fats,چرٻي,,چرٻي
fatty,ٿلهو- چرٻي چڙهيل,,ٿلهو- چرٻي چڙهيل
faucet,پيچ دار ٽونٽي,,پيچ دار ٽونٽي
fault,نقص- خامي- عيب,,نقص- خامي- عيب
faulty,عيبدار- ناقص- غلط,,عيبدار- ناقص- غلط
fauna,حيوانيات- جهنگلي يا پالتو جانور,,حيوانيات- جهنگلي يا پالتو جانور
favour,رعايت- عنايت- جانبداري,,رعايت- عنايت- جانبداري
favourable,سازگار- جانبدار- فائديمند,,سازگار- جانبدار- فائديمند
favourite,پيارو، لاڏلو، منظور نظر، وڻندڙ,,پيارو، لاڏلو، منظور نظر، وڻندڙ
fear,خوف کائڻ، ڊڄڻ (خوف، ڊپ، انديشو، مددگار),,خوف کائڻ، ڊڄڻ (خوف، ڊپ، انديشو، مددگار)
feasibility,قابل عمل هئڻ جي حالت- امڪانيت,,قابل عمل هئڻ جي حالت- امڪانيت
feasible,ممڪن- قابل عمل,,ممڪن- قابل عمل
feast,ضيافت- دعوت- مذهبي ڏڻ,,ضيافت- دعوت- مذهبي ڏڻ
feather,پر- کنڀ,,پر- کنڀ
feature,خاڪو- خصوصيت- شڪل مهانڊو,,خاڪو- خصوصيت- شڪل مهانڊو
features,شڪل شبيهه- خد و خال,,شڪل شبيهه- خد و خال
february,انگريزي سال جي ٻي مهيني جو نالو,,انگريزي سال جي ٻي مهيني جو نالو
federal,فيڊرل- وفاقي,,فيڊرل- وفاقي
federated,وفاق ۾ شامل- وفاقي,,وفاق ۾ شامل- وفاقي
federation,وفاق- وفاقي تنظيم- فيڊريشن,,وفاق- وفاقي تنظيم- فيڊريشن
fee,في- اجورو- اجرت,,في- اجورو- اجرت
feed,خوراڪ- غذا,,خوراڪ- غذا
feedback,موٽ، ردعمل,,موٽ، ردعمل
feeder,فيڊر- کارائيندڙ- مددي,,فيڊر- کارائيندڙ- مددي
feeding,کاڌ خوراڪ- کاڌو- رسد,,کاڌ خوراڪ- کاڌو- رسد
feel,محسوس ڪرڻ (لمس، حس),,محسوس ڪرڻ (لمس، حس)
fees,محنتاڻو- اجورو- في- لاڳت- لوازمو,,محنتاڻو- اجورو- في- لاڳت- لوازمو
feet,بهادريءَ جو ڪم، مهم، چالاڪي، ڪاريگري,,بهادريءَ جو ڪم، مهم، چالاڪي، ڪاريگري
fell,گنجي ٽڪري,,گنجي ٽڪري
fellow,ساٿي- سنگتي,,ساٿي- سنگتي
fellowship,دوستي، سنگت، محبت,,دوستي، سنگت، محبت
felt,ٿلهو ڪپڙو- اڻ اڻيل ڪپڙو,,ٿلهو ڪپڙو- اڻ اڻيل ڪپڙو
female,عورت- مادي- زال- ناري- زائفان,,عورت- مادي- زال- ناري- زائفان
fence,لوڙهو- جهنگلو- واڙ,,لوڙهو- جهنگلو- واڙ
fencing,چارديواري ڏيڻ- لوڙهو ڏيڻ,,چارديواري ڏيڻ- لوڙهو ڏيڻ
fender,روڪ- باهه روڪ,,روڪ- باهه روڪ
ferry,ٻيڙي- گهاٽ- پتڻ,,ٻيڙي- گهاٽ- پتڻ
fertile,زرخيز- سرسبز,,زرخيز- سرسبز
fertility,زرخيزي- شادابي,,زرخيزي- شادابي
fertilizer,ڪيميائي ڀاڻ- زرخيز ڪندڙ,,ڪيميائي ڀاڻ- زرخيز ڪندڙ
festival,تهوار- ميلو- جشن,,تهوار- ميلو- جشن
festive,خوشيءَ جو,,خوشيءَ جو
fetal,ڄڻ متعلق، ٻچي بابت، ڪچي ٻار بابت، جنسي,,ڄڻ متعلق، ٻچي بابت، ڪچي ٻار بابت، جنسي
fetch,کڻي اچڻ، وصول ڪرڻ، آڻڻ,,کڻي اچڻ، وصول ڪرڻ، آڻڻ
fetus,پيٽ ۾ ٻچو,,پيٽ ۾ ٻچو
fever,بخار- تپ- ٻَرو,,بخار- تپ- ٻَرو
few,ٿورا، چند، ڪجهه,,ٿورا، چند، ڪجهه
fha,فنانس هائوس ايسوسيئيشن جو مخفف,,فنانس هائوس ايسوسيئيشن جو مخفف
fiat,فرمان- حڪم- آمراڻو فيصلو,,فرمان- حڪم- آمراڻو فيصلو
fibre,ريشو- تاندورو- ڌاڳو,,ريشو- تاندورو- ڌاڳو
fiction,فڪشن- افسانو- مفروضو- خيال,,فڪشن- افسانو- مفروضو- خيال
fiddle,سارنگي، سرندو,,سارنگي، سرندو
fidelity,نمڪ حلالي- وفاداري,,نمڪ حلالي- وفاداري
field,ميدان- فيلڊ- ٻني,,ميدان- فيلڊ- ٻني
fields,ميدانَ- فيلڊس,,ميدانَ- فيلڊس
fierce,وحشي، خوفناڪ، غضب ناڪ، خونخوار,,وحشي، خوفناڪ، غضب ناڪ، خونخوار
fiery,آتشي، آتش مجاز، تيز,,آتشي، آتش مجاز، تيز
fife,مرلي، بنسري,,مرلي، بنسري
fifteen,پندرهن,,پندرهن
fifth,پنجون,,پنجون
fifty,پنجاهه,,پنجاهه
fig,انجير,,انجير
fight,وڙهڻ، جنگ ڪرڻ، لڙڻ (جنگ، لڙائي، ويڙهه),,وڙهڻ، جنگ ڪرڻ، لڙڻ (جنگ، لڙائي، ويڙهه)
fighting,ويڙهه- جنگجوئي,,ويڙهه- جنگجوئي
figure,شڪل- عدد- انگ- خاڪو,,شڪل- عدد- انگ- خاڪو
figures,عدد- انگ اکر,,عدد- انگ اکر
file,فائيل- صف- قطار- داخل ڪرڻ- دائر ڪرڻ,,فائيل- صف- قطار- داخل ڪرڻ- دائر ڪرڻ
files,فائلَ- ڪاغذ,,فائلَ- ڪاغذ
filing,ڪاغذن کي فائيل ۾ محفوظ ڪرڻ- داخل ڪرڻ- دائر ڪرڻ,,ڪاغذن کي فائيل ۾ محفوظ ڪرڻ- داخل ڪرڻ- دائر ڪرڻ
fill,ڀرڻ، پورو ڪرڻ,,ڀرڻ، پورو ڪرڻ
filler,ڀرتي,,ڀرتي
filling,ڀرائي- لڏائي,,ڀرائي- لڏائي
film,فلم- سنهي کل- تهه,,فلم- سنهي کل- تهه
filter,فلٽر- ڇاڻڻو- ڇاڻي,,فلٽر- ڇاڻڻو- ڇاڻي
filtered,ڇڻيل/ صاف ڪيل,,ڇڻيل/ صاف ڪيل
filtering,توجه نه ڏيڻ- بگيڙڻ يا روڪي ڇڏڻ جو عمل,,توجه نه ڏيڻ- بگيڙڻ يا روڪي ڇڏڻ جو عمل
filth,گندگي، گند، ڪچرو، غلاظت,,گندگي، گند، ڪچرو، غلاظت
filtration,ڇاڻڻ,,ڇاڻڻ
fin,مڇيءَ جا کنڀ يا بازو جنهنجي مدد سان ترندي آهي,,مڇيءَ جا کنڀ يا بازو جنهنجي مدد سان ترندي آهي
final,آخري- قطعي- حتمي,,آخري- قطعي- حتمي
finale,پڇاڙي، آخري، خاتمو,,پڇاڙي، آخري، خاتمو
finally,آخري طرح، نيٺ,,آخري طرح، نيٺ
finance,ناڻو-ماليات- سرمايه ڪاري,,ناڻو-ماليات- سرمايه ڪاري
financial,مالي- ناڻي وارو- مالياتي,,مالي- ناڻي وارو- مالياتي
financing,پيسو لڳائڻ- سرمايو لڳائڻ,,پيسو لڳائڻ- سرمايو لڳائڻ
find,ڳولهڻ- ڄاڻڻ- دريافت ڪرڻ,,ڳولهڻ- ڄاڻڻ- دريافت ڪرڻ
finding,نتيجو- فيصلو,,نتيجو- فيصلو
findings,تحقيق/ ڳولها جا نتيجا,,تحقيق/ ڳولها جا نتيجا
fine,نفيس- عمدو- سٺو- ڏنڊ- جرماڻو- چَٽي- خالص- تيز,,نفيس- عمدو- سٺو- ڏنڊ- جرماڻو- چَٽي- خالص- تيز
finger,آڱر,,آڱر
fingering,ٿلهي ۽ کهري اُن,,ٿلهي ۽ کهري اُن
finish,پورو ڪرڻ، مڪمل ڪرڻ، ختم ڪرڻ,,پورو ڪرڻ، مڪمل ڪرڻ، ختم ڪرڻ
finished,پورو ٿيل- مڪمل ٿيل- تيار ٿيل,,پورو ٿيل- مڪمل ٿيل- تيار ٿيل
finishing,تڪميل- سُهڻائپ- ڪم پوري ڪرڻ جو عمل,,تڪميل- سُهڻائپ- ڪم پوري ڪرڻ جو عمل
finite,محدود,,محدود
finn,فنلنڊ ملڪ جو رهندڙ,,فنلنڊ ملڪ جو رهندڙ
fir,صنوبر (وڻ),,صنوبر (وڻ)
fire,فائر- باهه- آتش- ڇوڙڻ (گولي وغيره),,فائر- باهه- آتش- ڇوڙڻ (گولي وغيره)
firearms,آتشي هٿيار,,آتشي هٿيار
firefighter,باهه وسائيندڙ,,باهه وسائيندڙ
fireplace,چلهو- بٺي- کورو,,چلهو- بٺي- کورو
firm,فرم- ڪاروباري ادارو- پڪو- مستحڪم,,فرم- ڪاروباري ادارو- پڪو- مستحڪم
firmly,مضبوطي سان- زور سان,,مضبوطي سان- زور سان
first,فرسٽ- پهريون- اول,,فرسٽ- پهريون- اول
fiscal,مالي- مالياتي- ناڻي جو,,مالي- مالياتي- ناڻي جو
fish,مڇي,,مڇي
fisheries,فشريز- مڇيون پالڻ- ماهيگيري,,فشريز- مڇيون پالڻ- ماهيگيري
fisherman,مهاڻو,,مهاڻو
fishery,مڇي مارڻ- ماهيگيري,,مڇي مارڻ- ماهيگيري
fishing,ماهيگيري,,ماهيگيري
fist,مڪو، مڪ، مٺ,,مڪو، مڪ، مٺ
fit,مناسب- قابل- موزون,,مناسب- قابل- موزون
fitness,موزونيت- صحتمندي- تندرستي,,موزونيت- صحتمندي- تندرستي
fits,دورا (بيهوشي),,دورا (بيهوشي)
fitting,جَڙائي- جٽاءُ- لڳائڻ,,جَڙائي- جٽاءُ- لڳائڻ
fittings,جَڙائي- سامان,,جَڙائي- سامان
five,پنج,,پنج
fix,نصب ڪرڻ- مقرر ڪرڻ,,نصب ڪرڻ- مقرر ڪرڻ
fixed,مقرر ٿيل- قائم- مستقل- نصب ٿيل,,مقرر ٿيل- قائم- مستقل- نصب ٿيل
fixing,مقرري- مستقلي- تنصيب,,مقرري- مستقلي- تنصيب
fixture,لڳل شيءِ، جڙيل شيءِ,,لڳل شيءِ، جڙيل شيءِ
fixtures,تنصيبات,,تنصيبات
fla,فيلو آف لبريري ايسوسيئيشن جو مخفف,,فيلو آف لبريري ايسوسيئيشن جو مخفف
flag,جهنڊو- پرچم- عَلم- نشان,,جهنڊو- پرچم- عَلم- نشان
flame,شعلو- ڀڀڙ,,شعلو- ڀڀڙ
flap,پر هڻڻ، ڦر ڦر ڪرڻ,,پر هڻڻ، ڦر ڦر ڪرڻ
flare,چمڪڻ، ٽمڪڻ,,چمڪڻ، ٽمڪڻ
flash,چمڪو - چمڪڻ,,چمڪو - چمڪڻ
flashlight,تيز روشني,,تيز روشني
flat,هموار- سنئون- سنوت وارو,,هموار- سنئون- سنوت وارو
flatbed,سادي مشين,,سادي مشين
flats,فلئٽ(عمارت)- پٽيون (لوهه),,فلئٽ(عمارت)- پٽيون (لوهه)
flavour,ذائقو- لذت- خوشبو,,ذائقو- لذت- خوشبو
flaw,عيب- خامي- چُڪ,,عيب- خامي- چُڪ
flea,هڪ قسم جو جيت، پسو,,هڪ قسم جو جيت، پسو
flee,ڀڄڻ- فرار ٿيڻ,,ڀڄڻ- فرار ٿيڻ
fleece,اُن، پشم,,اُن، پشم
fleet,ٻيڙو,,ٻيڙو
flesh,ماس- گوشت,,ماس- گوشت
fletcher,تير ڪمان بنائڻ وارو,,تير ڪمان بنائڻ وارو
flex,موڙڻ,,موڙڻ
flexibility,لچڪ- لچڪداري,,لچڪ- لچڪداري
flexible,نرم- لچڪدار,,نرم- لچڪدار
flight,اُڏام- پرواز- فرار,,اُڏام- پرواز- فرار
flint,چقمق- پٿر,,چقمق- پٿر
flip,هڪ قسم جو شراب، اڇلائڻ، آهستي هٿ لاهڻ,,هڪ قسم جو شراب، اڇلائڻ، آهستي هٿ لاهڻ
flirt,جلد ڦرڻ (پکيءَ وانگر) ناز نخرا ڪرڻ,,جلد ڦرڻ (پکيءَ وانگر) ناز نخرا ڪرڻ
float,ترڻ- لڙهڻ- جاري ڪرڻ,,ترڻ- لڙهڻ- جاري ڪرڻ
floating,روان- جاري,,روان- جاري
flock,ڌڻ- ولر,,ڌڻ- ولر
flood,ٻوڏ- سيلاب,,ٻوڏ- سيلاب
flooding,تارو تار ٿيڻ- سيلابڻ- ٻوڏ وارو پاڻي,,تارو تار ٿيڻ- سيلابڻ- ٻوڏ وارو پاڻي
floor,فرش- پَٽ,,فرش- پَٽ
flooring,فرش بندي,,فرش بندي
flop,پر هڻڻ، ڦڙ ڦڙ ڪرڻ,,پر هڻڻ، ڦڙ ڦڙ ڪرڻ
floppy,فلاپي، عام استعمال لاءِ ڪمپيوٽر جي ننڍڙي ڊسڪ,,فلاپي، عام استعمال لاءِ ڪمپيوٽر جي ننڍڙي ڊسڪ
flora,گڏيل ٻوٽا,,گڏيل ٻوٽا
floral,گلدار,,گلدار
florist,گل وڪڻندڙ,,گل وڪڻندڙ
flour,اٽو,,اٽو
flow,وهڪرو- رواني,,وهڪرو- رواني
flower,گل,,گل
flowering,گلڪاري,,گلڪاري
flowing,رسڻ، وھڻ,,رسڻ، وھڻ
flu,فلو- زڪام,,فلو- زڪام
fluid,پاڻياٺ- رس,,پاڻياٺ- رس
fluorescence,چمڪڻ- چمڪاٽ,,چمڪڻ- چمڪاٽ
fluorescent,چمڪندڙ روشني ڏيندڙ,,چمڪندڙ روشني ڏيندڙ
flush,امنگ، منهن ۾ لعلائي، تازگي، طاقت,,امنگ، منهن ۾ لعلائي، تازگي، طاقت
flute,بانسري,,بانسري
flux,وهڪ- ريزش,,وهڪ- ريزش
fly,مک- مکي- اڏامڻ,,مک- مکي- اڏامڻ
flying,اڏامندڙ- هوابازي,,اڏامندڙ- هوابازي
foam,گِجي- جهڳ,,گِجي- جهڳ
fob,واچ لاءِ ننڍو کيسو,,واچ لاءِ ننڍو کيسو
focal,مرڪزي نظر وارو,,مرڪزي نظر وارو
focus,مرڪز,,مرڪز
fog,ڌُنڌ- ڪوهيڙو,,ڌُنڌ- ڪوهيڙو
foil,ورق- ٿلهو پنو,,ورق- ٿلهو پنو
fold,ٻيڻو ڪرڻ- ويڙهڻ,,ٻيڻو ڪرڻ- ويڙهڻ
folded,ويڙهيل,,ويڙهيل
folder,فولڊر- فائيلن کي رکڻ وارو پوش,,فولڊر- فائيلن کي رکڻ وارو پوش
folding,تهه ڪرڻ- ويڙهڻ,,تهه ڪرڻ- ويڙهڻ
foliage,پن، پنن جو جهڳٽو,,پن، پنن جو جهڳٽو
folio,تهه ڪيل پنو، تهه ڪيل پنن جو ڪتاب,,تهه ڪيل پنو، تهه ڪيل پنن جو ڪتاب
folk,لوڪ- عوامي- عوام,,لوڪ- عوامي- عوام
folklore,لوڪ داستان- لوڪ ادب,,لوڪ داستان- لوڪ ادب
follow,پوئلڳي ڪرڻ- پوئيواري ڪرڻ- پويان لڳڻ- تعاقب ڪرڻ,,پوئلڳي ڪرڻ- پوئيواري ڪرڻ- پويان لڳڻ- تعاقب ڪرڻ
following,پوئلڳ- هيٺ ڏنل- هيٺ موجب,,پوئلڳ- هيٺ ڏنل- هيٺ موجب
fond,محبت ڪندڙ، شوقين، بيوقوف,,محبت ڪندڙ، شوقين، بيوقوف
font,هڪ سانچي جي ڇاپڻ جا اکر,,هڪ سانچي جي ڇاپڻ جا اکر
food,کاڌو-غذا- خوراڪ,,کاڌو-غذا- خوراڪ
fool,احمق، بيوقوف، مسخرو,,احمق، بيوقوف، مسخرو
foolish,نادان، بيوقوف، نادانيءَ جهڙو,,نادان، بيوقوف، نادانيءَ جهڙو
foot,پير- قدم- فٽ (ماپ),,پير- قدم- فٽ (ماپ)
football,فوٽ بال، پيرن سان کيڏڻ جو بال يا کينهون,,فوٽ بال، پيرن سان کيڏڻ جو بال يا کينهون
footnote,صفحي جي هيٺيان حاشيو- فٽ نوٽ,,صفحي جي هيٺيان حاشيو- فٽ نوٽ
footprint,پيرو,,پيرو
for,واسطي لاءِ- ڇاڪاڻ ته,,واسطي لاءِ- ڇاڪاڻ ته
forbidden,منع ڪيل - ممنوع,,منع ڪيل - ممنوع
force,فورس- جبر- قوت- مجبور ڪرڻ,,فورس- جبر- قوت- مجبور ڪرڻ
forced,جبري- زبردستي,,جبري- زبردستي
ford,تانگهو- پاڻيءَ مان لنگهڻ,,تانگهو- پاڻيءَ مان لنگهڻ
fore,اڳيون- اڳ وارو- پهريون,,اڳيون- اڳ وارو- پهريون
forecast,اڳ ڪٿي – پيشگوئي- اندازو,,اڳ ڪٿي – پيشگوئي- اندازو
forecasting,پيشنگوئي ڪرڻ- اڳ ڪٿي ڪرڻ جو عمل,,پيشنگوئي ڪرڻ- اڳ ڪٿي ڪرڻ جو عمل
foreclosure,اڳواٽ بندي ڪرڻ جوعمل,,اڳواٽ بندي ڪرڻ جوعمل
forefront,مهڙ، اڳياڙي,,مهڙ، اڳياڙي
foregoing,مٿي ذڪر ڪيل- مٿي ڄاڻايل,,مٿي ذڪر ڪيل- مٿي ڄاڻايل
forehead,نرڙ، پيشاني,,نرڙ، پيشاني
foreign,ٻاهريون/ ٻاهريان- خارجي,,ٻاهريون/ ٻاهريان- خارجي
foreman,مکيه ماڻهو,,مکيه ماڻهو
foremost,اڳيون، بالاتر,,اڳيون، بالاتر
forensic,قانوني - عدالتي,,قانوني - عدالتي
forest,ٻيلو- جهنگ,,ٻيلو- جهنگ
forestry,ٻيلن لڳائڻ ۽ انهن جي سار سنڀال,,ٻيلن لڳائڻ ۽ انهن جي سار سنڀال
forever,سدائين لاءِ، هميشه,,سدائين لاءِ، هميشه
foreword,پيش لفظ,,پيش لفظ
forge,ڪوڙو- جعلي- ٺاهه ٺاهڻ,,ڪوڙو- جعلي- ٺاهه ٺاهڻ
forged,جعلي- گهڙيل,,جعلي- گهڙيل
forget,وسارڻ، فراموش ڪرڻ، ڀلجڻ,,وسارڻ، فراموش ڪرڻ، ڀلجڻ
forgive,بخشڻ، معاف ڪرڻ,,بخشڻ، معاف ڪرڻ
fork,ٻن شاخن وارو- ٻه شاخو,,ٻن شاخن وارو- ٻه شاخو
form,فارم- گهاڙيٽو- شڪل- روپ- صورت- پنو- ٺاهڻ- بنائڻ,,فارم- گهاڙيٽو- شڪل- روپ- صورت- پنو- ٺاهڻ- بنائڻ
formal,رواجي- رسمي- باضابطا,,رواجي- رسمي- باضابطا
formally,رسمي طور سان,,رسمي طور سان
format,نمونو، گھڙت,,نمونو، گھڙت
formation,تشڪيل- بناوٽ- جڙاءُ- ترتيب- ساخت- جوڙجڪ,,تشڪيل- بناوٽ- جڙاءُ- ترتيب- ساخت- جوڙجڪ
former,اڳوڻو- سابقه,,اڳوڻو- سابقه
formerly,اڳي، پهريائين، اڳين وقت ۾,,اڳي، پهريائين، اڳين وقت ۾
formula,فارمولو- قاعدو,,فارمولو- قاعدو
formulate,شڪل ڏيڻ- روپ ڏيڻ,,شڪل ڏيڻ- روپ ڏيڻ
formulation,قاعدا ٺاهڻ- صورت ڏيڻ,,قاعدا ٺاهڻ- صورت ڏيڻ
fort,قلعو- ڪوٽ- بند,,قلعو- ڪوٽ- بند
forte,قابليت، هوشياري، ذهني قوت,,قابليت، هوشياري، ذهني قوت
forth,اڳيان، سامهون,,اڳيان، سامهون
forthcoming,آئينده- ايندڙ- جلد متوقع,,آئينده- ايندڙ- جلد متوقع
fortress,قلعو، ڪوٽ، مضبوط جڳهه,,قلعو، ڪوٽ، مضبوط جڳهه
fortunate,خوش قسمت، نصيب وارو، سڀاڳو,,خوش قسمت، نصيب وارو، سڀاڳو
fortune,نصيب، قسمت، ڀاڳ، تقدير، ملڪيت، ڌن دولت,,نصيب، قسمت، ڀاڳ، تقدير، ملڪيت، ڌن دولت
forty,چاليهه,,چاليهه
forum,فورم- مذاڪري گاهه- گفتگوءَ جي جاءِ- عدالت خانو,,فورم- مذاڪري گاهه- گفتگوءَ جي جاءِ- عدالت خانو
forward,اڳتي- روانگي- پيش ڪرڻ,,اڳتي- روانگي- پيش ڪرڻ
forwarded,اڳتي ڪيل- موڪليل- روانو ڪيل,,اڳتي ڪيل- موڪليل- روانو ڪيل
forwarding,روانگي- ترسيل,,روانگي- ترسيل
fossil,پنڊ پهڻ – پٿر ٿي ويل,,پنڊ پهڻ – پٿر ٿي ويل
foster,نپائڻ- پالڻ/ نپايل- پاليل,,نپائڻ- پالڻ/ نپايل- پاليل
fostering,پالڻ/ نپائڻ جو عمل-,,پالڻ/ نپائڻ جو عمل-
foul,ميرو، گندو، ناپاڪ، کوٽو، برو,,ميرو، گندو، ناپاڪ، کوٽو، برو
found,بنياد رکڻ، پايو وجهڻ، لڌو، لڌل,,بنياد رکڻ، پايو وجهڻ، لڌو، لڌل
foundation,پيڙهه- بنياد- اساس,,پيڙهه- بنياد- اساس
founder,باني- پايو وجهندڙ- قائم ڪندڙ,,باني- پايو وجهندڙ- قائم ڪندڙ
foundry,فائونڊري- لوهه جو ڪارخانو,,فائونڊري- لوهه جو ڪارخانو
fountain,ڦوهارو- چَشمو,,ڦوهارو- چَشمو
four,چار (عدد),,چار (عدد)
fourteen,چوڏهن,,چوڏهن
fourth,چوٿون,,چوٿون
fox,لومڙ، لومڙي، مڪار,,لومڙ، لومڙي، مڪار
fraction,وٽ- ذرو- جزو- ڀاڱو,,وٽ- ذرو- جزو- ڀاڱو
fractional,جزوي- ننڍي حصي وارو,,جزوي- ننڍي حصي وارو
fracture,ڀڄڻ- ٽُٽڻ (عضوي جو),,ڀڄڻ- ٽُٽڻ (عضوي جو)
fragile,نازڪ- ٽاڪائون,,نازڪ- ٽاڪائون
fragment,ٽڪرو، ٽڪر، جزو، پرزو، قطعھ,,ٽڪرو، ٽڪر، جزو، پرزو، قطعھ
fragrance,خوشبو,,خوشبو
frame,چوڪٽ- چونڪ- قالب- سانچو- ٺهڪائڻ- تيار ڪرڻ,,چوڪٽ- چونڪ- قالب- سانچو- ٺهڪائڻ- تيار ڪرڻ
framework,ڍانچو,,ڍانچو
framing,ترتيب,,ترتيب
franc,فرانس جو هڪ سڪو,,فرانس جو هڪ سڪو
franchise,راءِ ڏيڻ جو حق,,راءِ ڏيڻ جو حق
franchises,ڪنهن پيداواري اداري طرفان ڪنهن شخص يا فرم کي اهڙو لائسنس جاري ڪيو ويندو آهي. جيڪا سندن هڪ يا سڀ شيون ملڪ اندر يا ملڪ کان ٻاهر سندن اگهه تي مقرر ڪميشن تي کپائي. فرنچائي لاءِ ضروري آهي ته هُو شين جي قيمتن مطابق گهربل تعداد جي شين جي قيمت اڳواٽ ڪمپني کي ادا ڪري.,,ڪنهن پيداواري اداري طرفان ڪنهن شخص يا فرم کي اهڙو لائسنس جاري ڪيو ويندو آهي. جيڪا سندن هڪ يا سڀ شيون ملڪ اندر يا ملڪ کان ٻاهر سندن اگهه تي مقرر ڪميشن تي کپائي. فرنچائي لاءِ ضروري آهي ته هُو شين جي قيمتن مطابق گهربل تعداد جي شين جي قيمت اڳواٽ ڪمپني کي ادا ڪري.
franco,ٻاهرين ملڪي واپار جو اصطلاح، جنهن ۾ اها قيمت جنهن ۾ ڀاڙو، ڪرايو، محصول ۽ ٻيا خرچ شامل هجن. (2) فرانس ملڪ جو سڪو (3) ڪل- تمام- سڀ.,,ٻاهرين ملڪي واپار جو اصطلاح، جنهن ۾ اها قيمت جنهن ۾ ڀاڙو، ڪرايو، محصول ۽ ٻيا خرچ شامل هجن. (2) فرانس ملڪ جو سڪو (3) ڪل- تمام- سڀ.
frank,سچو، صاف دل,,سچو، صاف دل
franklin,ڍل نه ڀريندڙ جاگيردار، معافيدار,,ڍل نه ڀريندڙ جاگيردار، معافيدار
frankly,بناڪنهن رعايت سان، صاف صاف,,بناڪنهن رعايت سان، صاف صاف
fraternity,برادري- اخوت- ڀائپي,,برادري- اخوت- ڀائپي
fraud,دغا- ٺڳي- دوکو- فراڊ,,دغا- ٺڳي- دوکو- فراڊ
fraudulent,ٺڳي وارو- فريبي- فراڊي,,ٺڳي وارو- فريبي- فراڊي
freak,پوُر، ولولو، جولاني، جوجڪي,,پوُر، ولولو، جولاني، جوجڪي
free,فري- آزاد- مفت- بي تڪلف-,,فري- آزاد- مفت- بي تڪلف-
freedom,آزادي,,آزادي
freelance,ڀاڙيتو صحافي، جيڪو ڪنھن بھ خاص اخبار سان سلھاڙيل نھ ھجي,,ڀاڙيتو صحافي، جيڪو ڪنھن بھ خاص اخبار سان سلھاڙيل نھ ھجي
freely,آزاديءَ سان، جهل پل کان سواءِ,,آزاديءَ سان، جهل پل کان سواءِ
freeport,بندر جتي محصول نه ڏيڻو پوي,,بندر جتي محصول نه ڏيڻو پوي
freeze,ڄمڻ- ڄمائڻ- ڳڱڻ,,ڄمڻ- ڄمائڻ- ڳڱڻ
freezing,ڄمڻ/ ڳڱڻ جو عمل,,ڄمڻ/ ڳڱڻ جو عمل
freight,بار برداريءَ جو ڀاڙو,,بار برداريءَ جو ڀاڙو
french,فرانسي، فرانس جو آدمي يا ٻولي,,فرانسي، فرانس جو آدمي يا ٻولي
frenzy,سخت، زور وارو، جوش ۾ ڀريل,,سخت، زور وارو، جوش ۾ ڀريل
frequency,گهڻائي- تيزي- ڪثر,,گهڻائي- تيزي- ڪثر
frequent,باربار- اڪثر,,باربار- اڪثر
fresh,تازو- نئون,,تازو- نئون
friction,گيساوٽ- رڳڙڻ- گهڪو,,گيساوٽ- رڳڙڻ- گهڪو
friday,جمعي جو ڏينهن,,جمعي جو ڏينهن
friend,دوست,,دوست
friendly,دوستاڻو,,دوستاڻو
friendship,دوستي، رفاقت، سنگت,,دوستي، رفاقت، سنگت
fringe,جهالر- ڪنار- ڪناري- حاشيو,,جهالر- ڪنار- ڪناري- حاشيو
frog,ڏيڏر,,ڏيڏر
from,کان- مان- تان- پاران,,کان- مان- تان- پاران
front,اڳيون- اڳ (عمارت),,اڳيون- اڳ (عمارت)
frontal,اڳيون- اڳئين رخ وارو- سامهون وارو,,اڳيون- اڳئين رخ وارو- سامهون وارو
frontier,فرنٽيئر- سرحد- محاذ,,فرنٽيئر- سرحد- محاذ
frost,پارو- ٿڌ,,پارو- ٿڌ
frozen,ڄميل- منجمد,,ڄميل- منجمد
fruit,فروٽ- ميوو- ثمر,,فروٽ- ميوو- ثمر
frustration,محرومي- مايوسي- نااميدي,,محرومي- مايوسي- نااميدي
fry,ترڻ، ننڍيون مڇيون,,ترڻ، ننڍيون مڇيون
fudge,بيوقوفي، نفرت جو اظهار,,بيوقوفي، نفرت جو اظهار
fuel,ٻارڻ- تيل,,ٻارڻ- تيل
fulfil,پورو ڪرڻ، تمام ڪرڻ، بجا آڻڻ,,پورو ڪرڻ، تمام ڪرڻ، بجا آڻڻ
full,مڪمل- پورو- سالم,,مڪمل- پورو- سالم
fuller,نالي وارو سانچو,,نالي وارو سانچو
fully,مڪمل طور تي,,مڪمل طور تي
fun,مذاق، تماشو، چرچو، رونشو,,مذاق، تماشو، چرچو، رونشو
function,ڪم- عمل- خاص ڪم- تقريب,,ڪم- عمل- خاص ڪم- تقريب
functional,ڪم ڪندڙ- فعلي- عملي- متحرڪ,verb,ڪم ڪندڙ- فعلي- عملي- متحرڪ
fund,سرمايو- رقم- فنڊ,,سرمايو- رقم- فنڊ
fundamental,بنيادي- اساسي,,بنيادي- اساسي
funded,لڳايل سرمايو- لڳل سرمايو,,لڳايل سرمايو- لڳل سرمايو
funeral,ڪفن دفن- جنازو کڻڻ,,ڪفن دفن- جنازو کڻڻ
funk,ڊپ، ڊڄڻو,,ڊپ، ڊڄڻو
funny,مزي جهڙو، ظريف,,مزي جهڙو، ظريف
fur,پشم، پوستين,,پشم، پوستين
furious,غضبناڪ، شوخ، ڇتو,,غضبناڪ، شوخ، ڇتو
furnace,کورو- بٺي,,کورو- بٺي
furnish,ٺاهڻ- سجائڻ- مهيا ڪرڻ,,ٺاهڻ- سجائڻ- مهيا ڪرڻ
furnished,سينگاريل,,سينگاريل
furniture,فرنيچر,,فرنيچر
further,وڌيڪ- اڳيان,,وڌيڪ- اڳيان
furthermore,جيڪي چيو ويو آهي ان کان سواءِ، علاوه,,جيڪي چيو ويو آهي ان کان سواءِ، علاوه
fury,ڏمر، غضب، غصو، شوخي,,ڏمر، غضب، غصو، شوخي
fuse,فيوز- ڳارڻ- ملائڻ,,فيوز- ڳارڻ- ملائڻ
fusion,ڳار- پگهرجڻ- ضم ٿيڻ,,ڳار- پگهرجڻ- ضم ٿيڻ
future,آئندو- مستقبل,,آئندو- مستقبل
futures,وعده واپار- واعدو,,وعده واپار- واعدو
fuzzy,مٽيءَ سان ڍڪيل,,مٽيءَ سان ڍڪيل
g,انگريزي الفابيٽ جو ستون اکر,,انگريزي الفابيٽ جو ستون اکر
gadget,پرزو، اوزار,,پرزو، اوزار
gag,اٻڙڪو، ڪوڙ، ٻوٿ ٻڌڻ، ٻوساٽڻ، ٻنجو ڏيڻ,,اٻڙڪو، ڪوڙ، ٻوٿ ٻڌڻ، ٻوساٽڻ، ٻنجو ڏيڻ
gage,گروي يا ضمانت رکيل شيءِ، دشمن کي هوڪارڻ,,گروي يا ضمانت رکيل شيءِ، دشمن کي هوڪارڻ
gain,لاڀ- فائدو- نفعو,,لاڀ- فائدو- نفعو
gala,ڏڻ، وڏو ڏينهن، خوشي، جشن,,ڏڻ، وڏو ڏينهن، خوشي، جشن
galaxy,ڪهڪشان، بازار، رونقدار ٽولي,,ڪهڪشان، بازار، رونقدار ٽولي
gale,گهر جي مسواڙ جي ادائيگي,,گهر جي مسواڙ جي ادائيگي
gallery,گيلري- ڪٽهڙو,,گيلري- ڪٽهڙو
gallon,گيلن (ماپ),,گيلن (ماپ)
galloway,ننڍي قد جو گهوڙو، ٽٽون,,ننڍي قد جو گهوڙو، ٽٽون
gamble,جوا - جوا کيڏڻ,,جوا - جوا کيڏڻ
gambling,جوا- پئسن جي راند,,جوا- پئسن جي راند
game,راند- کيڏ- شڪار- بازي,,راند- کيڏ- شڪار- بازي
gaming,شڪار- جوا کيڏڻ,,شڪار- جوا کيڏڻ
gang,ٽولو- ٽولي- گينگ (ڏوهارين جو),,ٽولو- ٽولي- گينگ (ڏوهارين جو)
gap,خال- سوراخ- وقفو,,خال- سوراخ- وقفو
garage,گيراج- موٽر خانو- گاڏين بيهارڻ جي جاءِ,,گيراج- موٽر خانو- گاڏين بيهارڻ جي جاءِ
garbage,ڪِن ڪچرو- گند,,ڪِن ڪچرو- گند
garden,گارڊن- باغ- باغيچو,,گارڊن- باغ- باغيچو
gardener,مالهي,,مالهي
gardening,باغباني- باغن جي زراعت,,باغباني- باغن جي زراعت
garland,هار، مالها، هار پائڻ,,هار، مالها، هار پائڻ
garlic,ٿوم,,ٿوم
garment,پوشاڪ، ويس,,پوشاڪ، ويس
garments,ڪپڙو- پوشاڪ,,ڪپڙو- پوشاڪ
garner,اَن جو ڀانڊو، انبار ڪري رکڻ,,اَن جو ڀانڊو، انبار ڪري رکڻ
garnet,ياقوت، ڳاڙهي رنگ جو قيمتي پٿر,,ياقوت، ڳاڙهي رنگ جو قيمتي پٿر
garrison,قلعي جو لشڪر، قلعي يا شهر ۾ پهري لاءِ فوج رکڻ,,قلعي جو لشڪر، قلعي يا شهر ۾ پهري لاءِ فوج رکڻ
gas,گئس,,گئس
gasket,ھڪ مشيني پرزو، گيسڪٽ,,ھڪ مشيني پرزو، گيسڪٽ
gasoline,گئسولين- پيٽرول,,گئسولين- پيٽرول
gastric,معدي يا پيٽ بابت,,معدي يا پيٽ بابت
gate,لنگهه- ڦاٽڪ- دروازو,,لنگهه- ڦاٽڪ- دروازو
gather,ميڙڻ، گڏ ڪرڻ، ٽوڙڻ، نتيجو ڪڍڻ,,ميڙڻ، گڏ ڪرڻ، ٽوڙڻ، نتيجو ڪڍڻ
gathering,گڏجاڻي- ميڙ- مجلس- هجوم,,گڏجاڻي- ميڙ- مجلس- هجوم
gauge,گيج- اندازو لڳائڻ- ماپڻ,,گيج- اندازو لڳائڻ- ماپڻ
gay,سرهو، کل مک، ڏيکدار,,سرهو، کل مک، ڏيکدار
gaze,تڪڻ، نهارڻ,,تڪڻ، نهارڻ
gazette,گزيٽ- سرڪاري رسالو,,گزيٽ- سرڪاري رسالو
gdp,گراس ڊومسٽڪ پراڊڪٽ جو مخفف,,گراس ڊومسٽڪ پراڊڪٽ جو مخفف
gear,گراڙي-گيئر (موٽر وغيره),,گراڙي-گيئر (موٽر وغيره)
gem,جواهر، قيمتي پٿر، مکڙي,,جواهر، قيمتي پٿر، مکڙي
gemini,جوڙو، جوزه,,جوڙو، جوزه
gemstone,قيمتي پٿر,,قيمتي پٿر
gender,جنس,,جنس
gene,جين- جنس- نسل (حياتيات),,جين- جنس- نسل (حياتيات)
genealogical,نسبي- جينياتي,,نسبي- جينياتي
genealogy,علم نسليات- جينيات,,علم نسليات- جينيات
general,عام- وڏو- عمومي,,عام- وڏو- عمومي
generalized,عام ڪيل,,عام ڪيل
generally,عام طور تي- عمومي طور تي,,عام طور تي- عمومي طور تي
generate,پيدا ڪرڻ,,پيدا ڪرڻ
generated,پيدا ڪيل,,پيدا ڪيل
generating,پيدا ڪندڙ,,پيدا ڪندڙ
generation,نسل- پيڙهي- پشت,,نسل- پيڙهي- پشت
generator,جنريٽر- پيدا ڪندڙ,,جنريٽر- پيدا ڪندڙ
generic,نسلي- جنسي,,نسلي- جنسي
generosity,سخاوت، فياض,,سخاوت، فياض
generous,فراخدلاڻو- سخاوت وارو,,فراخدلاڻو- سخاوت وارو
genesis,پيدائش، شروعات، توريت جو پهريون ڪتاب,,پيدائش، شروعات، توريت جو پهريون ڪتاب
genetic,نسلي- جنسي- جينياتي,,نسلي- جنسي- جينياتي
genetics,علم جينيات ، نسلي ورثي جو علم، علم تخم، اھڙو علم جيڪو ورثئي خاصيت جي ڄاڻ ڏي The study of the transmission of inherited characters,,علم جينيات ، نسلي ورثي جو علم، علم تخم، اھڙو علم جيڪو ورثئي خاصيت جي ڄاڻ ڏي The study of the transmission of inherited characters
geneva,هالنڊ جو ٺهيل شراب,,هالنڊ جو ٺهيل شراب
genital,پيدائشي- نسلي,,پيدائشي- نسلي
genius,ذهين- غير معمولي,,ذهين- غير معمولي
gentle,بامروت- شريف- نيڪ,,بامروت- شريف- نيڪ
gentleman,عزتدار- شريف- نيڪ ماڻهو,,عزتدار- شريف- نيڪ ماڻهو
gentlemen,صاحبو! حضرات,,صاحبو! حضرات
gently,آهستي، هوريان,,آهستي، هوريان
genuine,جينوئن- اصلي- حقيقي- جائز,,جينوئن- اصلي- حقيقي- جائز
genus,جنس (حياتيات),,جنس (حياتيات)
geographic,جاگرافيائي- ڌرتيءَ بابت,,جاگرافيائي- ڌرتيءَ بابت
geographical,جاگرافيائي- ڌرتي بابت,,جاگرافيائي- ڌرتي بابت
geography,جاگرافي- ڌرتيءَ جو علم,,جاگرافي- ڌرتيءَ جو علم
geological,زميني- زمين بابت علم- ارضياتي,,زميني- زمين بابت علم- ارضياتي
geology,علم ارضيات- زمين جو علم,,علم ارضيات- زمين جو علم
geometry,جاميٽري,,جاميٽري
german,جرمنيءَ جو رهاڪو، جرمن ٻولي,,جرمنيءَ جو رهاڪو، جرمن ٻولي
gesture,اشارو- اظهار,,اشارو- اظهار
get,پيدا ڪرڻ، ملڻ، ٿيڻ، سکڻ، وٺي ڏيڻ، ڪرائڻ,,پيدا ڪرڻ، ملڻ، ٿيڻ، سکڻ، وٺي ڏيڻ، ڪرائڻ
ghost,ڀوت- سايو,,ڀوت- سايو
giant,ديو- راڪاس- تمام وڏو,,ديو- راڪاس- تمام وڏو
gift,گفٽ- تحفو- عطيو- سوکڙي,,گفٽ- تحفو- عطيو- سوکڙي
gifted,ڏات وارو، هوشيار، عطائي,,ڏات وارو، هوشيار، عطائي
gig,هلڪي گاڏي، جهاز جي ٻيڙي,,هلڪي گاڏي، جهاز جي ٻيڙي
gigantic,ديو جهڙو، پربت جيڏو، شاهي,,ديو جهڙو، پربت جيڏو، شاهي
gill,مڇيءَ جي ڪلي، پاپڙي، ننڍو گهارو,,مڇيءَ جي ڪلي، پاپڙي، ننڍو گهارو
gin,شراب جو هڪ قسم- جن,,شراب جو هڪ قسم- جن
ginger,سنڍ، اَدرڪ,,سنڍ، اَدرڪ
girl,نينگري- ڇوڪري- ڇوڪرِ- نياڻي,,نينگري- ڇوڪري- ڇوڪرِ- نياڻي
girls,نينگريون- ڇوڪريون,,نينگريون- ڇوڪريون
give,ڏيڻ,,ڏيڻ
given,ڏنو ويو- جاري ڪيو ويو,,ڏنو ويو- جاري ڪيو ويو
glacier,برفاني ڇپ,,برفاني ڇپ
glad,خوش، خوش حال، راضي,,خوش، خوش حال، راضي
gladly,خوشيءَ سان، شوق سان,,خوشيءَ سان، شوق سان
glamour,دلفريبي – پرڪششي- سهڻائي- دلڪشي,,دلفريبي – پرڪششي- سهڻائي- دلڪشي
glance,نظر، نگاهه، نهارڻ، سراسري نظر ڪرڻ,,نظر، نگاهه، نهارڻ، سراسري نظر ڪرڻ
gland,غدود,,غدود
glass,گلاس- شيشو,,گلاس- شيشو
glasses,عينڪ- چشمو- شيشا,,عينڪ- چشمو- شيشا
glassware,شيشي جو سامان,,شيشي جو سامان
glazed,پاليش ٿيل، چمڪيل,,پاليش ٿيل، چمڪيل
glen,ماٿري، گهاٽي,,ماٿري، گهاٽي
glide,سرڪڻ، گسڪي وڃڻ، اُڏامڻ، وهڻ,,سرڪڻ، گسڪي وڃڻ، اُڏامڻ، وهڻ
glimpse,جهلڪ، سراسري نظر، اوچتو چمڪاٽ,,جهلڪ، سراسري نظر، اوچتو چمڪاٽ
glitter,چمڪڻ، چمڪو، ٻهڪڻ,,چمڪڻ، چمڪو، ٻهڪڻ
global,عالمي- عالمگير- ڌرتيءَ جو گولو,,عالمي- عالمگير- ڌرتيءَ جو گولو
globalization,دنيا ۾ واپار جو واڌارو خاص طرح وڏن ڪاروباري ادارن طرفان جيڪي شيون مختلف ملڪن ۾ ٺاهي کپائين ٿا-عالمي ڪرڻ- بين الاقوامي بنائڻ- عالميائڻ,,دنيا ۾ واپار جو واڌارو خاص طرح وڏن ڪاروباري ادارن طرفان جيڪي شيون مختلف ملڪن ۾ ٺاهي کپائين ٿا-عالمي ڪرڻ- بين الاقوامي بنائڻ- عالميائڻ
globe,گولو- ڌرتي- زمين,,گولو- ڌرتي- زمين
glorious,نالي وارو، عزت وارو، مانوارو,,نالي وارو، عزت وارو، مانوارو
glory,تعريف، عزت، واکاڻ، شان، فخر ڪرڻ، سرهو ٿيڻ,,تعريف، عزت، واکاڻ، شان، فخر ڪرڻ، سرهو ٿيڻ
gloss,چلڪو، جهلڪو، ظاهري چلڪو، شرح، راءِ,,چلڪو، جهلڪو، ظاهري چلڪو، شرح، راءِ
glossary,ڏسڻي- تشريحي فهرست,,ڏسڻي- تشريحي فهرست
glossy,چمڪدار- چمڪيلو,,چمڪدار- چمڪيلو
glove,دستانو,,دستانو
glow,چلڪڻ، ڪاوڙجڻ، چلڪو، لالاڻ، جوش امنگ، ڪاوڙ,,چلڪڻ، ڪاوڙجڻ، چلڪو، لالاڻ، جوش امنگ، ڪاوڙ
glowing,چلڪيدار، روشن، جوشيلو,,چلڪيدار، روشن، جوشيلو
glucose,گلوڪوز,,گلوڪوز
glue,لئي- کئونر- چيڙهالو مادو,,لئي- کئونر- چيڙهالو مادو
gnome,اهي ماڻهو جن جي لاءِ خيال آهي ته زمين ۾ رهندا آهن,,اهي ماڻهو جن جي لاءِ خيال آهي ته زمين ۾ رهندا آهن
go,وڃڻ- وڃ,,وڃڻ- وڃ
goal,مقصد- منزل- نصب العين,,مقصد- منزل- نصب العين
goat,ٻڪري,,ٻڪري
goblet,پيالو، آبخورو,,پيالو، آبخورو
god,خدا، ڌڻي، ديوتا,,خدا، ڌڻي، ديوتا
goddess,ديوي,,ديوي
godfather,مذهبي پيءُ- ديني پيءُ- سرپرست,,مذهبي پيءُ- ديني پيءُ- سرپرست
goggles,اُس جي عينڪ، کوپا,,اُس جي عينڪ، کوپا
going,جاري- روان- هلندڙ,,جاري- روان- هلندڙ
gold,گولڊ- سون,,گولڊ- سون
golden,سونو، سونهري,,سونو، سونهري
golf,چوگان بازي، راند جو قسم,,چوگان بازي، راند جو قسم
gone,ويو، ويل، برباد، تباه,,ويو، ويل، برباد، تباه
gong,گهنڊ، گهڙيال,,گهنڊ، گهڙيال
good,سٺو- نيڪ- ڀلو,,سٺو- نيڪ- ڀلو
goodbye,خدا حافظ,,خدا حافظ
goodness,چڱائي، خوبي,,چڱائي، خوبي
goods,گڊز- شيون- سامان,,گڊز- شيون- سامان
goodwill,سٺي ساک,,سٺي ساک
goose,هنس، بيوقوف، نادان,,هنس، بيوقوف، نادان
gore,ڄميل رت، سڱن سان پيٽ ڦاڙڻ، ٽنبڻ,,ڄميل رت، سڱن سان پيٽ ڦاڙڻ، ٽنبڻ
gorge,نڙي، حلق، چورلڪ، تمام گهڻو کائڻ,,نڙي، حلق، چورلڪ، تمام گهڻو کائڻ
gorgeous,شاندار، عاليشان، ڏيکدار,,شاندار، عاليشان، ڏيکدار
gorilla,باندر جو قسم,,باندر جو قسم
gospel,اِنجيل، خوش خبري,,اِنجيل، خوش خبري
gossip,گپ شپ، چرچو، يخي هڻڻ,,گپ شپ، چرچو، يخي هڻڻ
gothic,گاٿ قوم جو، گاٿ قوم جي ٻولي,,گاٿ قوم جو، گاٿ قوم جي ٻولي
govern,حڪومت ڪرڻ,,حڪومت ڪرڻ
governance,حڪمراني- حڪومت,,حڪمراني- حڪومت
governing,گورننگ- مؤثر- حاڪمي,,گورننگ- مؤثر- حاڪمي
government,سرڪار- حڪومت,,سرڪار- حڪومت
governmental,سرڪاري,,سرڪاري
governor,گورنر,,گورنر
gown,گاؤن- جبو,,گاؤن- جبو
grab,جهٽ هڻي پڪڙڻ، لالچ سان ميڙڻ,,جهٽ هڻي پڪڙڻ، لالچ سان ميڙڻ
grace,مهرباني- رعايت- احسان,,مهرباني- رعايت- احسان
graceful,حسين، سهڻو، زيبائتو، لطيف,,حسين، سهڻو، زيبائتو، لطيف
grade,درجو- گريڊ,,درجو- گريڊ
graded,درجيوار,,درجيوار
gradient,درجي به درجي لهڻ يا چڙهڻ وارو، لاهي سلامي,,درجي به درجي لهڻ يا چڙهڻ وارو، لاهي سلامي
grading,درجابندي ڪرڻ,,درجابندي ڪرڻ
gradual,درجي وار- درجي بدرجي,,درجي وار- درجي بدرجي
gradually,رفتي رفتي، آهستي آهستي,,رفتي رفتي، آهستي آهستي
graduate,سند يافته- عالم,,سند يافته- عالم
graduated,درجي وار,,درجي وار
graduation,درجي به درجي ترقي,,درجي به درجي ترقي
grain,ان- اناج- داڻو- ڪڻو,,ان- اناج- داڻو- ڪڻو
gram,گرام(وزن) چڻا- ڇولا,,گرام(وزن) چڻا- ڇولا
grammar,گرامر- ويا ڪرڻ- ٻوليءَ جا قانون,,گرامر- ويا ڪرڻ- ٻوليءَ جا قانون
grand,عظيم- مهان,,عظيم- مهان
grange,ٻني جنهن ۾ جاءِ جڙيل هجي,,ٻني جنهن ۾ جاءِ جڙيل هجي
granite,گرينائيٽ (پٿر جو قسم),,گرينائيٽ (پٿر جو قسم)
granny,ناني، ڏاڏي,,ناني، ڏاڏي
grant,گرانٽ- امداد- منظوري- عطيو,,گرانٽ- امداد- منظوري- عطيو
granted,عطا ڪيل- منظور ڪيل,,عطا ڪيل- منظور ڪيل
grants,عطيو,,عطيو
grape,انگور,,انگور
graph,ليڪن وارو خاڪو,,ليڪن وارو خاڪو
graphic,نقشائون- چٽيل- واضح,,نقشائون- چٽيل- واضح
graphite,پينسلي پٿر,,پينسلي پٿر
grasp,مضبوط پڪڙڻ جهلڻ,,مضبوط پڪڙڻ جهلڻ
grass,گاهه,,گاهه
grateful,احسانمند، شڪرگذار,,احسانمند، شڪرگذار
gratis,بغير قيمت بنا معاوضي,,بغير قيمت بنا معاوضي
gratitude,احسان مندي- شڪرگذاري,,احسان مندي- شڪرگذاري
grave,شديد- سخت- قبر,,شديد- سخت- قبر
gravel,بجري- ريتي,,بجري- ريتي
gravity,ڪشش ثقل,,ڪشش ثقل
grazing,گاهه چارائي- چَارڻ,,گاهه چارائي- چَارڻ
grease,گريس- تيل مَلڻ,,گريس- تيل مَلڻ
great,عظيم- وڏو,,عظيم- وڏو
greatest,سڀ کان وڏو,,سڀ کان وڏو
greatly,نهايت، گهڻي قدر,,نهايت، گهڻي قدر
greed,طمع، لالچ، هٻڇ,,طمع، لالچ، هٻڇ
greedy,لالچي، هٻڇي,,لالچي، هٻڇي
greek,يوناني، يوناني ٻولي,,يوناني، يوناني ٻولي
green,سائو- سبز,,سائو- سبز
greens,سائي ڀاڄي,,سائي ڀاڄي
greet,آجيان ڪرڻ، کيڪارڻ، سلام ڪرڻ,,آجيان ڪرڻ، کيڪارڻ، سلام ڪرڻ
greeting,کيڪارَ- خير مقدم,,کيڪارَ- خير مقدم
grey,خاڪي، ڀورو,,خاڪي، ڀورو
grid,گرڊ,,گرڊ
grief,غم، رنج، ارمان، افسوس,,غم، رنج، ارمان، افسوس
grievance,شڪايت,,شڪايت
griffin,سيمرغ، بي آزمودو جوان,,سيمرغ، بي آزمودو جوان
grill,گرل- ڄاري,,گرل- ڄاري
grim,خوفناڪ، ڀيانڪ، خوفائتو,,خوفناڪ، ڀيانڪ، خوفائتو
grin,ڏند ڪڍي کلڻ، ڪوڙي کل,,ڏند ڪڍي کلڻ، ڪوڙي کل
grind,پيهڻ، گهوٽڻ، تکو ڪرڻ، تنگ ڪرڻ,,پيهڻ، گهوٽڻ، تکو ڪرڻ، تنگ ڪرڻ
grinder,گرائينڊر- پيهندڙ,,گرائينڊر- پيهندڙ
grinding,پيسائي- ٻيهائي,,پيسائي- ٻيهائي
grip,سوگهو جهلڻ، چنبو,,سوگهو جهلڻ، چنبو
grocery,پسارڪو سودو,,پسارڪو سودو
groom,سائيس، گهوٽ، گهوڙي، گهوڙي کي مالش ڪرڻ,,سائيس، گهوٽ، گهوڙي، گهوڙي کي مالش ڪرڻ
grooming,تربيت- ٺاهه ٺوهه,,تربيت- ٺاهه ٺوهه
groove,نالي- وٿي,,نالي- وٿي
gross,مجموعي- سمورو- جملي,,مجموعي- سمورو- جملي
ground,گرائونڊ- زمين- پٽ,,گرائونڊ- زمين- پٽ
grounds,سبب- وجه,,سبب- وجه
group,گروپ- مجموعو- گروهه,,گروپ- مجموعو- گروهه
grouping,گروھبندي,,گروھبندي
grove,وڻن جو جهڳٽو,,وڻن جو جهڳٽو
grow,وڌڻ، اڀرڻ، ٿيڻ، پوکڻ، ترقي ڪرڻ,,وڌڻ، اڀرڻ، ٿيڻ، پوکڻ، ترقي ڪرڻ
growth,واڌ- اضافو,,واڌ- اضافو
guarantee,گارنٽي- ضمانت,,گارنٽي- ضمانت
guaranteed,ضمانت ٿيل,,ضمانت ٿيل
guard,گارڊ- پهرو- محافظ,,گارڊ- پهرو- محافظ
guardian,سرپرست- سنڀاليندڙ- نگهبان,,سرپرست- سنڀاليندڙ- نگهبان
guess,ڌڪو هڻڻ، قياس ڪرڻ، گمان ڪرڻ,,ڌڪو هڻڻ، قياس ڪرڻ، گمان ڪرڻ
guest,گيسٽ- مهمان,,گيسٽ- مهمان
guidance,رهبري- رهنمائي,,رهبري- رهنمائي
guide,گائيڊ-رهبر- اڳواڻي ڪرڻ,,گائيڊ-رهبر- اڳواڻي ڪرڻ
guidebook,رھنما ڪتاب، رھبر، ھدايت نامو,,رھنما ڪتاب، رھبر، ھدايت نامو
guideline,ھدايت، رھنما اصول,,ھدايت، رھنما اصول
guiding,رهنمائي,,رهنمائي
guild,گلڊ- مزدورن جي جماعت,,گلڊ- مزدورن جي جماعت
guilt,جرم- قصور- گناهه,,جرم- قصور- گناهه
guilty,قصور وار- مجرم,,قصور وار- مجرم
guinea,سونو سڪو، اشرفي,,سونو سڪو، اشرفي
guitar,ستار، گٽار,,ستار، گٽار
gulf,نار، خال، کڏو,,نار، خال، کڏو
gull,ٺڳڻ، دغا ڏيڻ، ڪينو پکي,,ٺڳڻ، دغا ڏيڻ، ڪينو پکي
gum,کؤنر، کؤنر هڻڻ، مهار,,کؤنر، کؤنر هڻڻ، مهار
gun,گن- توب,,گن- توب
gus,گريٽ يونيورسل اسٽور لميٽيڊ جو مخفف,,گريٽ يونيورسل اسٽور لميٽيڊ جو مخفف
gut,آنڊو، معدو، ڳچي سمنڊ,,آنڊو، معدو، ڳچي سمنڊ
gymnastics,ورزش، ڪسرت,,ورزش، ڪسرت
gypsy,خانه بدوش، رولو قوم,,خانه بدوش، رولو قوم
h,انگريزي الفابيٽ جو اٺون اکر,,انگريزي الفابيٽ جو اٺون اکر
ha,اوهه، واه واه، هي هي,,اوهه، واه واه، هي هي
habit,عادت- خاصيت- سڀاءُ,,عادت- خاصيت- سڀاءُ
habitat,رهڻ جو هنڌ- وطن,,رهڻ جو هنڌ- وطن
hack,اونهو زخم- زخم ڏيڻ- ڪٽڻ، چيرڻ يا چٿي ڇڏڻ,,اونهو زخم- زخم ڏيڻ- ڪٽڻ، چيرڻ يا چٿي ڇڏڻ
hacker,ڪمپيوٽر سرشتي جو چور، سافٽ ويئر کي کاٽ ھڻندڙ,,ڪمپيوٽر سرشتي جو چور، سافٽ ويئر کي کاٽ ھڻندڙ
had,Have ۽ Has جو ماضي,,Have ۽ Has جو ماضي
hail,ڳڙو- ڳڙن جو مينهن- واهه واهه ڪرڻ- ساراهڻ,,ڳڙو- ڳڙن جو مينهن- واهه واهه ڪرڻ- ساراهڻ
hair,وار- اُن- پشم,,وار- اُن- پشم
hairy,بَج وارو- وارن وارو,,بَج وارو- وارن وارو
hale,تندرست، مضبوط، ڏٽو موٽو,,تندرست، مضبوط، ڏٽو موٽو
half,اڌ- نصف,,اڌ- نصف
hall,هال- وڏو ڪمرو,,هال- وڏو ڪمرو
hallmark,تصديقي مهر/ نشان,,تصديقي مهر/ نشان
halo,روشنيءَ جو گول چڪر، نور يا تجليءَ جو نشان,,روشنيءَ جو گول چڪر، نور يا تجليءَ جو نشان
halt,قيام- ترسڻ جي جاءِ,,قيام- ترسڻ جي جاءِ
ham,سوئر جي خشڪ لوڻيل ران,,سوئر جي خشڪ لوڻيل ران
hamlet,وستي- آباد علائقو- ننڍڙو ڳوٺ,,وستي- آباد علائقو- ننڍڙو ڳوٺ
hammer,هٿوڙي- هٿوڙو- مترڪو,,هٿوڙي- هٿوڙو- مترڪو
hand,هٿ- دست,,هٿ- دست
handbag,هٿ وارو ٿيلهو- پرس,,هٿ وارو ٿيلهو- پرس
handbook,هينڊ بڪ- دستي ڪتاب- ڪتابڙو,,هينڊ بڪ- دستي ڪتاب- ڪتابڙو
handful,مُٺ ڀر,,مُٺ ڀر
handicap,روڪ- رڪاوٽ- مجبوري- خامي- معذوري- جڏائي,,روڪ- رڪاوٽ- مجبوري- خامي- معذوري- جڏائي
handicapped,معذور- جڏو- اپاهج,,معذور- جڏو- اپاهج
handle,هينڊل- ڪم ڪرڻ- ڪم سنڀالڻ- قابو ۾ ڪرڻ- دستو- مُٺيو,,هينڊل- ڪم ڪرڻ- ڪم سنڀالڻ- قابو ۾ ڪرڻ- دستو- مُٺيو
handling,نبيرڻ- انجام ڏيڻ,,نبيرڻ- انجام ڏيڻ
handmade,هٿ ٺوڪيو- هٿ جو گهڙيل,,هٿ ٺوڪيو- هٿ جو گهڙيل
handset,ھٿ سان ترتيب ڏنل,,ھٿ سان ترتيب ڏنل
handsome,خوبصورت (مرد) مناسب- معقول,,خوبصورت (مرد) مناسب- معقول
handwriting,لکڻي-تحرير- هٿ جي لکڻي- هٿ اکر,,لکڻي-تحرير- هٿ جي لکڻي- هٿ اکر
handy,تيار-موجود- مناسب- هٿيڪو,,تيار-موجود- مناسب- هٿيڪو
hang,ٽنگڻ، لٽڪڻ، لٽڪائڻ، ڦاسي ڏيڻ,,ٽنگڻ، لٽڪڻ، لٽڪائڻ، ڦاسي ڏيڻ
hanging,لڙڪيل- لٽڪيل,,لڙڪيل- لٽڪيل
hank,سُٽ- لڇو- ڌاڳي جو ڍيرو,,سُٽ- لڇو- ڌاڳي جو ڍيرو
happen,واقعو ٿيڻ- واقعو پيش اچڻ,,واقعو ٿيڻ- واقعو پيش اچڻ
happening,واقعو- حادثو,,واقعو- حادثو
happily,خوش نصيباً، مزي سان، چڱيءَ طرح,,خوش نصيباً، مزي سان، چڱيءَ طرح
happiness,سک، خوشي، آنند,,سک، خوشي، آنند
happy,خوشي، سکي، بختاور، شڀ,,خوشي، سکي، بختاور، شڀ
harassment,پريشاني- اضطراب- حراس- دهشت- ايذاءُ- آزار,,پريشاني- اضطراب- حراس- دهشت- ايذاءُ- آزار
harbour,بندرگاهه- پناهه ڏيڻ- پناهه گاهه- هاربر,,بندرگاهه- پناهه ڏيڻ- پناهه گاهه- هاربر
hard,سخت- مشڪل,,سخت- مشڪل
hardly,جريت سان، سختيءَ سان,,جريت سان، سختيءَ سان
hardship,سختي، مصيبت، ڪشالو,,سختي، مصيبت، ڪشالو
hardware,لوهه ۽ تيل جو سامان,,لوهه ۽ تيل جو سامان
hardwood,سخت ڪاٺي,,سخت ڪاٺي
hardy,جانٺو، مضبوط، بي پرواه,,جانٺو، مضبوط، بي پرواه
hare,سهو، خرگوش,,سهو، خرگوش
harm,نقصان پهچائڻ، برائي، ڌڪ,,نقصان پهچائڻ، برائي، ڌڪ
harmful,نقصانڪار، زيان ڪار، زبون,,نقصانڪار، زيان ڪار، زبون
harmless,بي خوف- بي ضرر,,بي خوف- بي ضرر
harmonic,هم آهنگ- سُريلو- سُرتار وارو,,هم آهنگ- سُريلو- سُرتار وارو
harmony,هم آهنگي- ٺاهه - ميل,,هم آهنگي- ٺاهه - ميل
harness,گهوڙي جو سازو سامان,,گهوڙي جو سازو سامان
harp,سرندو، سر منڊل، چنگ,,سرندو، سر منڊل، چنگ
harry,لٽڻ، چٽ يا ناس ڪرڻ، هٽائڻ,,لٽڻ، چٽ يا ناس ڪرڻ، هٽائڻ
harsh,سخت- کهرو,,سخت- کهرو
hart,هرڻ، مرگهه,,هرڻ، مرگهه
harvest,تيار فصل- لاب ڏيڻ- لابارو,,تيار فصل- لاب ڏيڻ- لابارو
harvesting,ڳاهه ڏيڻ- فصل لڻڻ- لابارو ڏيڻ,,ڳاهه ڏيڻ- فصل لڻڻ- لابارو ڏيڻ
hash,ٽڪر ٽڪر يا قيمو ڪرڻ، ٻوٽارڻ,,ٽڪر ٽڪر يا قيمو ڪرڻ، ٻوٽارڻ
hat,ٽوپلو- ٽوپي,,ٽوپلو- ٽوپي
hatch,تجويز سٽڻ، آنا ڦرڙڻ، آري تي ويهڻ,,تجويز سٽڻ، آنا ڦرڙڻ، آري تي ويهڻ
hate,ڌڪارڻ، نفرت ڪرڻ,,ڌڪارڻ، نفرت ڪرڻ
hatred,نفرت- عداوت- حقارت,,نفرت- عداوت- حقارت
haul,ڇڪڻ، تاڻڻ، هاڪارڻ، ڇڪ,,ڇڪڻ، تاڻڻ، هاڪارڻ، ڇڪ
haunted,جن ڀوت جي اثر هيٺ- آسيب وارو,,جن ڀوت جي اثر هيٺ- آسيب وارو
have,(کي) هئڻ، رکڻ، ڌارڻ، قبول ڪرڻ، وٺڻ کڻڻ,,(کي) هئڻ، رکڻ، ڌارڻ، قبول ڪرڻ، وٺڻ کڻڻ
haven,بندر، اجهو، محفوظ جاءِ,,بندر، اجهو، محفوظ جاءِ
havoc,تباهي- بربادي,,تباهي- بربادي
hawk,باز، شڪرو (v.t وڏي هنڌ ڪا شيءِ وڪڻڻ) (vt کنگهڻ),,باز، شڪرو (v.t وڏي هنڌ ڪا شيءِ وڪڻڻ) (vt کنگهڻ)
hay,پلال- سڪل گاھ- ڪک ڪانا,,پلال- سڪل گاھ- ڪک ڪانا
hazard,خطرو- خطرو ٻولي وٺڻ,,خطرو- خطرو ٻولي وٺڻ
hazardous,خطرناڪ- خطري واري,,خطرناڪ- خطري واري
haze,ڌنڌ، غبار، لڙاٽ، مونجهارو,,ڌنڌ، غبار، لڙاٽ، مونجهارو
hazel,خندق، (ٻوٽو),,خندق، (ٻوٽو)
he,هو (واحد مذڪر غائب),,هو (واحد مذڪر غائب)
head,سربراهه- مَد- مٿو- اڳواڻ- مکيه,,سربراهه- مَد- مٿو- اڳواڻ- مکيه
headache,مٿي جو سور,,مٿي جو سور
header,مٿيون,,مٿيون
heading,سرخي- عنوان- سِرو,,سرخي- عنوان- سِرو
headline,مکيه سرخي (اخبار)- عنوان,,مکيه سرخي (اخبار)- عنوان
headquarters,رهڻ جو مکيه هنڌ، صدر مقام,,رهڻ جو مکيه هنڌ، صدر مقام
heads,مَدون- مَد (ماليات)- سربراهه,,مَدون- مَد (ماليات)- سربراهه
heal,ڇٽائڻ، ڇٽڻ، شفا بخشڻ,,ڇٽائڻ، ڇٽڻ، شفا بخشڻ
healing,شفا بخشي، ڇٽائي، ملائم، شفا، آرام ڏيندڙ، نرم,,شفا بخشي، ڇٽائي، ملائم، شفا، آرام ڏيندڙ، نرم
health,صحت- تندرستي- چڱ ڀلائي- چاقائي- سگهائي,,صحت- تندرستي- چڱ ڀلائي- چاقائي- سگهائي
healthy,صحت مند- تندرست- سگهو,,صحت مند- تندرست- سگهو
heap,دير- ڍڳ,,دير- ڍڳ
hear,ٻڌڻ- سماعت ڪرڻ,,ٻڌڻ- سماعت ڪرڻ
hearing,ٻڌڻي (عدالت) شنوائي,,ٻڌڻي (عدالت) شنوائي
heart,دل- هينئون- قلب-همت,,دل- هينئون- قلب-همت
heartbeat,دل جو ڌڙڪڻ,,دل جو ڌڙڪڻ
heat,گرمائش- گرمي - حرارت,,گرمائش- گرمي - حرارت
heater,هيٽر- گرمي ڏيندڙ,,هيٽر- گرمي ڏيندڙ
heating,گرمائشي- حرارتي- گرميءَ واري/ وارو,,گرمائشي- حرارتي- گرميءَ واري/ وارو
heaven,جنت- بهشت- آسمان- عرش,,جنت- بهشت- آسمان- عرش
heavenly,روحاني، آڪاسي، بهشتي,,روحاني، آڪاسي، بهشتي
heavy,وزني- ڳرو- شديد,,وزني- ڳرو- شديد
hebrew,يهودي، عبراني زبان,,يهودي، عبراني زبان
hector,ستائيندڙ، آڪڙ خان,,ستائيندڙ، آڪڙ خان
hedge,لوڙهو- واڙو,,لوڙهو- واڙو
heel,هيل- کڙي,,هيل- کڙي
height,اوچائي- قد- ڊيگهه- بلندي,,اوچائي- قد- ڊيگهه- بلندي
hell,دوزخ، نرڳ، جهنم,,دوزخ، نرڳ، جهنم
helm,سکان,,سکان
helmet,هيلمٽ- حفاظتي ٽوپلو,,هيلمٽ- حفاظتي ٽوپلو
help,مدد، سهائتا، پٺڀرائي، چارو، علاج,,مدد، سهائتا، پٺڀرائي، چارو، علاج
helper,مددگار- ساٿي,,مددگار- ساٿي
helpful,مددگار، ڪمائتو,,مددگار، ڪمائتو
helpless,لاچار، بي وس، ڪمزور,,لاچار، بي وس، ڪمزور
hem,پلوُ، دامن، (اوٽي ڏيڻ، ٻهي ورائڻ),,پلوُ، دامن، (اوٽي ڏيڻ، ٻهي ورائڻ)
hemisphere,اڌ گولو,,اڌ گولو
hemp,ڀنگ، سڻي,,ڀنگ، سڻي
hen,ڪڪڙ، مرغي,,ڪڪڙ، مرغي
hence,انهيءَ ڪري، هتان,,انهيءَ ڪري، هتان
hepatitis,هيپاٽائيٽس (بيماري)- جگر جي سوڄ-جگر جو ساڙو,,هيپاٽائيٽس (بيماري)- جگر جي سوڄ-جگر جو ساڙو
her,هنجو، هن کي (مونث),,هنجو، هن کي (مونث)
herald,پيشرو، پيشوا، منادي ڏيندڙ، ڍنڍورچي,,پيشرو، پيشوا، منادي ڏيندڙ، ڍنڍورچي
herb,جڙي ٻوٽي- ڀاڄي,,جڙي ٻوٽي- ڀاڄي
herbal,نباتي- ٻوٽن بابت/ واري,,نباتي- ٻوٽن بابت/ واري
herd,ڌڻ- وڳ- گڏ چرندڙ يا رھندڙ چوپايو مال,,ڌڻ- وڳ- گڏ چرندڙ يا رھندڙ چوپايو مال
here,هتي، هيڏانهن، اِجهو,,هتي، هيڏانهن، اِجهو
hereafter,ان کان پوءِ- بعد ۾- ان کان بعد- ٻيو جهان,,ان کان پوءِ- بعد ۾- ان کان بعد- ٻيو جهان
hereby,هن ذريعي- هتي ڏنل,,هن ذريعي- هتي ڏنل
herein,هتي- هن ۾- هن لکت ۾,,هتي- هن ۾- هن لکت ۾
heritage,ميراث- ورثو- ترڪو,,ميراث- ورثو- ترڪو
hero,پهلوان، سورمو، ممدوح، بهادر,,پهلوان، سورمو، ممدوح، بهادر
heroic,پهلوانيءَ جو، دليرانا، بهادريءَ جو,,پهلوانيءَ جو، دليرانا، بهادريءَ جو
heroin,هيروئن، نشي جي دوا,,هيروئن، نشي جي دوا
herring,مڇيءَ جو قسم، سمنڊ جي ننڍي مڇي,,مڇيءَ جو قسم، سمنڊ جي ننڍي مڇي
hers,هن جو، هن جي,,هن جو، هن جي
herself,هوءَ پاڻ,,هوءَ پاڻ
hesitate,هٻڪڻ، شڪجي بيهڻ، دل هڻڻ,,هٻڪڻ، شڪجي بيهڻ، دل هڻڻ
heterogeneous,مختلف- ڀانت ڀانت جو,,مختلف- ڀانت ڀانت جو
hey,شاباس، هي، هاها,,شاباس، هي، هاها
hid,لڪيو,,لڪيو
hidden,ڳجهو- لڪل,,ڳجهو- لڪل
hide,لڪائڻ- نظر کان اوجھل ڪرڻ- کَل، چم يا چمڙي,,لڪائڻ- نظر کان اوجھل ڪرڻ- کَل، چم يا چمڙي
hiding,پوشيدگي، ڳجهه,,پوشيدگي، ڳجهه
hierarchy,درجي بنديءَ وارو شرشتو,,درجي بنديءَ وارو شرشتو
high,اعليٰ- اوچو- مٿانهون- وڏو,,اعليٰ- اوچو- مٿانهون- وڏو
higher,اعليٰ- اوچو- مٿاهون- بلندتر,,اعليٰ- اوچو- مٿاهون- بلندتر
highest,قلم بلند- سڀني کان اوچو,,قلم بلند- سڀني کان اوچو
highland,جابلو علائقو- مٿانهين زمين,,جابلو علائقو- مٿانهين زمين
highly,بي حد- انتهائي- نهايت- اعليٰ,,بي حد- انتهائي- نهايت- اعليٰ
highway,شاهراهه- وڏو رستو,,شاهراهه- وڏو رستو
hiking,سار- پيدل سير- چهل قدمي,,سار- پيدل سير- چهل قدمي
hill,پهاڙي- پهاڙ- ڪوهه,,پهاڙي- پهاڙ- ڪوهه
him,هن کي,,هن کي
himself,پاڻ، پاڻ مرادو,,پاڻ، پاڻ مرادو
hinge,هنجيز، مدار رکڻ، ڦرڻ، (منع ڪرڻ، اٽڪاءُ وجهڻ),,هنجيز، مدار رکڻ، ڦرڻ، (منع ڪرڻ، اٽڪاءُ وجهڻ)
hint,اشارو,,اشارو
hints,اشارا,,اشارا
hip,دُڏ- ٻُنڊڻ,,دُڏ- ٻُنڊڻ
hire,مزدوري- ڀاڙي تي وٺڻ- ڀاڙي تي ڏيڻ,,مزدوري- ڀاڙي تي وٺڻ- ڀاڙي تي ڏيڻ
hired,ڀاڙي جي- ڀاڙي تي- مسواڙ تي,,ڀاڙي جي- ڀاڙي تي- مسواڙ تي
hiring,مسواڙ تي وٺڻ,,مسواڙ تي وٺڻ
his,هن جو- اُن جو,,هن جو- اُن جو
historian,تواريخ نويس، مورخ,,تواريخ نويس، مورخ
historic,تاريخي- يادگار,,تاريخي- يادگار
historical,هسٽاريڪل- تاريخي,,هسٽاريڪل- تاريخي
history,هسٽري- تاريخ- تفصيل,,هسٽري- تاريخ- تفصيل
hit,هڻڻ، مارڻ، ڌڪ هڻڻ,,هڻڻ، مارڻ، ڌڪ هڻڻ
hitch,رنڊڪ- روڪ- رخنو,,رنڊڪ- روڪ- رخنو
ho,او، اڙي,,او، اڙي
hobby,مشغلو- شوق- شغل,,مشغلو- شوق- شغل
hockey,هاڪي (راند),,هاڪي (راند)
hog,سوئر، اگهوري,,سوئر، اگهوري
hold,فائز رهڻ- فائز ٿيڻ- فيصلو ڏيڻ- روڪڻ- جهلڻ,,فائز رهڻ- فائز ٿيڻ- فيصلو ڏيڻ- روڪڻ- جهلڻ
holder,هولڊر- حامل- وارو- رکندڙ- جهليندڙ,,هولڊر- حامل- وارو- رکندڙ- جهليندڙ
holding,پڪڙڻ- جهلڻ- کاتو,,پڪڙڻ- جهلڻ- کاتو
holdings,کاتا- جائيداد- ملڪيتون,,کاتا- جائيداد- ملڪيتون
hole,ٽنگ، کڏ، عذر، بهانو,,ٽنگ، کڏ، عذر، بهانو
holiday,موڪل,,موڪل
hollow,کوکلو- خالي- پورو,,کوکلو- خالي- پورو
holly,وڻ، جيڪو هميشه سائو رهندو آهي,,وڻ، جيڪو هميشه سائو رهندو آهي
holocaust,پورن آهوتي، قرباني,,پورن آهوتي، قرباني
holster,پستول رکڻ جي ٿيلهي، ڳوٿري,,پستول رکڻ جي ٿيلهي، ڳوٿري
holt,سرسبز ٽڪري، بنواس,,سرسبز ٽڪري، بنواس
holy,پاڪ، مقدس، ديندار,,پاڪ، مقدس، ديندار
home,گهر- جڳهه- جاءِ- ٺڪاڻو,,گهر- جڳهه- جاءِ- ٺڪاڻو
homeless,بي گهر- بي وطن,,بي گهر- بي وطن
homestead,کيت گھر- ڪٽنب جي گھر وارو ھنڌ زمين ۽ جاين سميت,,کيت گھر- ڪٽنب جي گھر وارو ھنڌ زمين ۽ جاين سميت
homicide,انساني قتل- قتل,,انساني قتل- قتل
homo,هڪجهڙو، ساڳيو، هوبهو، هم انسان، جنس انسان,,هڪجهڙو، ساڳيو، هوبهو، هم انسان، جنس انسان
homogeneous,هم جنس- هڪ جهڙن جزن جو,,هم جنس- هڪ جهڙن جزن جو
homosexual,هم جنسي، هم جنس پرست,,هم جنسي، هم جنس پرست
homosexuality,هم جنست- هم جنس پرستي,,هم جنست- هم جنس پرستي
honest,ديانتدار- ايماندار,,ديانتدار- ايماندار
honesty,ديانت- ايمانداري,,ديانت- ايمانداري
honey,ماکي,,ماکي
honeymoon,شاديءَ کان پوءِ پهريون مهينو,,شاديءَ کان پوءِ پهريون مهينو
honorary,اعزازي,,اعزازي
honour,اعزاز- عزت- احترام- امتياز- غيرت,,اعزاز- عزت- احترام- امتياز- غيرت
honourable,آبرو وارو، معتبر، مان وارو,,آبرو وارو، معتبر، مان وارو
hood,عمامو- جسم جو پوش,,عمامو- جسم جو پوش
hook,ڪُنڍو- آنڪڙو,,ڪُنڍو- آنڪڙو
hoop,بند - گهيرو- ڇلو- حلقو,,بند - گهيرو- ڇلو- حلقو
hop,اڇلڻ- ٽِپڻ,,اڇلڻ- ٽِپڻ
hope,اميد,,اميد
hopeful,اميد ڀريو، اميد وار، آسائتو,,اميد ڀريو، اميد وار، آسائتو
hopper,ٽپندڙ- جيڪو ٽپا ڏئي-ڪو به اڏامندڙ جيت,,ٽپندڙ- جيڪو ٽپا ڏئي-ڪو به اڏامندڙ جيت
horizon,افق- اڀي ليڪ- آسماني گھير,,افق- اڀي ليڪ- آسماني گھير
horizontal,افقي- سنئون- ليٽيل,,افقي- سنئون- ليٽيل
hormone,هارمون,,هارمون
horn,هارن- سڱ - شاخ,,هارن- سڱ - شاخ
horoscope,زائچو,,زائچو
horrible,دهشتناڪ، هيبتناڪ، ڀوائتو، مڪروهه,,دهشتناڪ، هيبتناڪ، ڀوائتو، مڪروهه
horror,خوف,,خوف
horse,گهوڙو,,گهوڙو
horticulture,باغ باني,,باغ باني
hose,نالي,,نالي
hospice,مسافر خانو,,مسافر خانو
hospital,اسپتال- شفا خانو- مطب,,اسپتال- شفا خانو- مطب
hospitality,مهمانداري، مسافر پروري، تواضع,,مهمانداري، مسافر پروري، تواضع
host,ميزبان,,ميزبان
hostage,اول، ضامني,,اول، ضامني
hostel,هاسٽل- رهڻ جي جاءِ,,هاسٽل- رهڻ جي جاءِ
hostile,دشمن- مخالف- مخالفاڻو,,دشمن- مخالف- مخالفاڻو
hot,گرم,,گرم
hotel,هوٽل,,هوٽل
hound,شڪاري ڪتو، للڪارڻ، پٺيان پوڻ,,شڪاري ڪتو، للڪارڻ، پٺيان پوڻ
hour,ڪلاڪ- وقت- ساعت,,ڪلاڪ- وقت- ساعت
hourly,هر وقت، گهڙيءَ گهڙيءَ، اڪثر,,هر وقت، گهڙيءَ گهڙيءَ، اڪثر
hours,وقت (جمع) ڪلاڪ,,وقت (جمع) ڪلاڪ
house,گهر,,گهر
household,گهرداري - گهريلو خانه داري,,گهرداري - گهريلو خانه داري
housekeeping,گهر داري- گهر جا انتظام,,گهر داري- گهر جا انتظام
housewife,گهريلو عورت- گهر ڌياڻي- سگهڙ زال,,گهريلو عورت- گهر ڌياڻي- سگهڙ زال
housing,گهر اڏڻ- گهر تعمير ڪرڻ,,گهر اڏڻ- گهر تعمير ڪرڻ
how,ڪيئن- ڪهڙيءَ ريت,,ڪيئن- ڪهڙيءَ ريت
however,بهرحال- ان ڪري,,بهرحال- ان ڪري
hub,مرڪز- ڦيٿي جو مرڪزي حصو,,مرڪز- ڦيٿي جو مرڪزي حصو
hug,ڇاتيءَ لائڻ، ڳراهٽڙي پائڻ، پيار ڪرڻ,,ڇاتيءَ لائڻ، ڳراهٽڙي پائڻ، پيار ڪرڻ
huge,شاهي- تمام وڏو,,شاهي- تمام وڏو
hulk,ڇپ، جهاز جو ڍڍر,,ڇپ، جهاز جو ڍڍر
hull,جهاز جو ڍانچو,,جهاز جو ڍانچو
hum,ڀون ڀون ڪرڻ، آهستي ڳائڻ,,ڀون ڀون ڪرڻ، آهستي ڳائڻ
human,انسان- انساني,,انسان- انساني
humane,نرم دل، دردمند، رحم دل,,نرم دل، دردمند، رحم دل
humanitarian,انسان دوستي- انساني همدردي,,انسان دوستي- انساني همدردي
humanities,انساني علم- انسانن بابت علم,,انساني علم- انسانن بابت علم
humanity,انسان، ماڻهو، رحم دلي، دردمندي,,انسان، ماڻهو، رحم دلي، دردمندي
humble,حليم، نماڻو، غريب، مسڪين,,حليم، نماڻو، غريب، مسڪين
humidity,آلاڻ- گهِمَ- نَمي,,آلاڻ- گهِمَ- نَمي
humiliation,گهٽتائي، بي عزتي,,گهٽتائي، بي عزتي
humorous,خوش مزاج، چرچائي، مزي جهڙو,,خوش مزاج، چرچائي، مزي جهڙو
humour,مزاح,,مزاح
hundred,سؤ,,سؤ
hunger,بک,,بک
hungry,بکيو، بکايل,,بکيو، بکايل
hunt,شڪار ڪرڻ- ڳولا ڪرڻ,,شڪار ڪرڻ- ڳولا ڪرڻ
hunter,شڪاري، ماري، آهيڙي,,شڪاري، ماري، آهيڙي
hurricane,واچوڙو- سامونڊي طوفان,,واچوڙو- سامونڊي طوفان
hurry,جلدي- تڪڙ,,جلدي- تڪڙ
hurt,ڌڪ رسائڻ- تڪليف ڏيڻ- ڳولا ڪرڻ- شڪار ڪرڻ,,ڌڪ رسائڻ- تڪليف ڏيڻ- ڳولا ڪرڻ- شڪار ڪرڻ
husband,مڙس- ور- گهروارو,,مڙس- ور- گهروارو
hush,زبان بندي ڪرڻ- ماٺ ڪرائڻ,,زبان بندي ڪرڻ- ماٺ ڪرائڻ
husky,تهن وارو، گهگهو، گهٽيل (آواز),,تهن وارو، گهگهو، گهٽيل (آواز)
hustle,ڌڪڻ، ڌڪو ڏيڻ,,ڌڪڻ، ڌڪو ڏيڻ
hut,جهوپڙي- ڀُنگي- لانڍي,,جهوپڙي- ڀُنگي- لانڍي
hybrid,گڊو- گاڏڙ- ٻن ذاتين وارو,,گڊو- گاڏڙ- ٻن ذاتين وارو
hydro,هائيڊرو- آبي,,هائيڊرو- آبي
hydrogen,هائيڊروجن,,هائيڊروجن
hygiene,علم صحت- صحت جي حفاظت- اصول صحت,,علم صحت- صحت جي حفاظت- اصول صحت
hymn,حمد، ڀڄن، گيت,,حمد، ڀڄن، گيت
hype,زبردست اشتھاربازي,,زبردست اشتھاربازي
hyper,شديد، ڪثير، وڌاءُ، اٿاءُ، زياده، گهڻو، بيحد,,شديد، ڪثير، وڌاءُ، اٿاءُ، زياده، گهڻو، بيحد
hypertension,شديد ڇڪ، ڪثير ڇڪ يا تاڻ,,شديد ڇڪ، ڪثير ڇڪ يا تاڻ
hypnosis,ننڊ- ننڊ آڻيندڙ عمل,,ننڊ- ننڊ آڻيندڙ عمل
hypothesis,مفروضو، قياس، دعويٰ، فرض,,مفروضو، قياس، دعويٰ، فرض
hypothetical,شرطي، خيالي، فرضي، مثالي، قياسي,,شرطي، خيالي، فرضي، مثالي، قياسي
i,آئون- مان,,آئون- مان
ibid,ساڳيءَ طرح- ايضاً,,ساڳيءَ طرح- ايضاً
ibis,آبي پکي، ڪاليرو (ٻگهه پکيءَ جهڙو پکي),,آبي پکي، ڪاليرو (ٻگهه پکيءَ جهڙو پکي)
ice,برف,,برف
icon,بت- مجسمو- مورتي,,بت- مجسمو- مورتي
idea,تصور- خيال- آدرش,,تصور- خيال- آدرش
ideal,مثالي- خيالي- آدرشي,,مثالي- خيالي- آدرشي
identical,هڪ جهڙو- ساڳيو- هوبهو,,هڪ جهڙو- ساڳيو- هوبهو
identifiable,سڃاڻپ جي قابل,,سڃاڻپ جي قابل
identification,سڃاڻپ- شناخت,,سڃاڻپ- شناخت
identified,سڃاڻپ ٿيل,,سڃاڻپ ٿيل
identify,سڃاڻپ ڪرڻ,,سڃاڻپ ڪرڻ
identifying,سڃاڻپ- سڃاڻپ ڪرڻ,,سڃاڻپ- سڃاڻپ ڪرڻ
identity,سڃاڻپ- هڪجهڙائي- خودي- شخصيت- صورت,,سڃاڻپ- هڪجهڙائي- خودي- شخصيت- صورت
ideological,نظرياتي,,نظرياتي
ideology,نظريو,,نظريو
idiot,بيوقوف- احمق,,بيوقوف- احمق
idle,بيڪار- سُست- ڪاهل,,بيڪار- سُست- ڪاهل
idol,بت، پٿر جو خدا، مورتي، محبوب، پاڇو,,بت، پٿر جو خدا، مورتي، محبوب، پاڇو
if,جيڪڏهن- بشرطيڪه,,جيڪڏهن- بشرطيڪه
ignition,اشتعال- آتش گيري,,اشتعال- آتش گيري
ignorance,اڻ واقفيت- جهالت- لاعملي,,اڻ واقفيت- جهالت- لاعملي
ignorant,جاهل، اڻ ڄاڻ، بي علم، اڻ پڙهيل,,جاهل، اڻ ڄاڻ، بي علم، اڻ پڙهيل
ignore,وسرڻ، خيال ۾ نه رکڻ، نظرانداز ڪرڻ,,وسرڻ، خيال ۾ نه رکڻ، نظرانداز ڪرڻ
ill,بيمار- غلط,,بيمار- غلط
illegal,قانون جي خلاف- غير قانوني,,قانون جي خلاف- غير قانوني
illicit,ناجائز- قانون جي خلاف,,ناجائز- قانون جي خلاف
illness,علالت- بيماري,,علالت- بيماري
illumination,چراغان- روشني,,چراغان- روشني
illusion,ڌوڪو- نظر جو فريب,,ڌوڪو- نظر جو فريب
illustrate,مثال ڏيڻ، نقشي سان سمجهائڻ، سينگارڻ,,مثال ڏيڻ، نقشي سان سمجهائڻ، سينگارڻ
illustrated,شڪلين ۽ تصويرن سان,,شڪلين ۽ تصويرن سان
illustration,خاڪا- تصويرون- چِٽ,,خاڪا- تصويرون- چِٽ
illustrator,ظاهر ڪندڙ، بيان ڪندڙ,,ظاهر ڪندڙ، بيان ڪندڙ
image,تصوير- تصور- خيال- خاڪو,,تصوير- تصور- خيال- خاڪو
imagery,تصويريت- عڪسيت,,تصويريت- عڪسيت
imaginary,خيالي- فرضي,,خيالي- فرضي
imagination,تخيل- تصور,,تخيل- تصور
imaginative,خيالي- تخيل وارو- تصوراتي,,خيالي- تخيل وارو- تصوراتي
imagine,تصور ڪرڻ- خيال ۾ آڻڻ,,تصور ڪرڻ- خيال ۾ آڻڻ
imitation,نقل ڪرڻ- پيروي ڪرڻ,,نقل ڪرڻ- پيروي ڪرڻ
immediate,فوري- تُرت- تڪڙو,,فوري- تُرت- تڪڙو
immediately,يڪدم- بنا دير جي- فوري,,يڪدم- بنا دير جي- فوري
immense,بي انتها- عظيم- تمام وسيع,,بي انتها- عظيم- تمام وسيع
immersion,پاڻيءَ ۾ - ٽٻي ڏيڻ- غوطو,,پاڻيءَ ۾ - ٽٻي ڏيڻ- غوطو
immigrant,وطن ڇڏيندڙ- مهاجر- لڏي ويندڙ,,وطن ڇڏيندڙ- مهاجر- لڏي ويندڙ
immigration,هجرت- وطن ڇڏڻ,,هجرت- وطن ڇڏڻ
imminent,فوري- ويجهي- لازمي,,فوري- ويجهي- لازمي
immortal,غير فاني- لافاني,,غير فاني- لافاني
immune,محفوظ- بچيل- آجو,,محفوظ- بچيل- آجو
immunity,آزادي، ڇوٽڪارو,,آزادي، ڇوٽڪارو
immunization,ڇوٽڪاري جو عمل، آجپائي,,ڇوٽڪاري جو عمل، آجپائي
immunology,علم مرض بچاءُ، قوت مدافعت جوعلم,,علم مرض بچاءُ، قوت مدافعت جوعلم
imp,بدمعاش ڇوڪر، ننڍو شيطان,,بدمعاش ڇوڪر، ننڍو شيطان
impact,اثر- نتيجو,,اثر- نتيجو
impaired,خراب,,خراب
impairment,نقصان- ڪمي- معذوري,,نقصان- ڪمي- معذوري
impartial,غير معتصباڻو- اڻ ڌريو- غير جانبدار,,غير معتصباڻو- اڻ ڌريو- غير جانبدار
imperative,لازمي- اهم- ضروري- واجب- امريه,,لازمي- اهم- ضروري- واجب- امريه
imperial,شاهي- سلطاني- سامراجي,,شاهي- سلطاني- سامراجي
implant,پوکڻ، زمين ۾ ڏندڻ هڻڻ,,پوکڻ، زمين ۾ ڏندڻ هڻڻ
implement,عمل ڪرڻ- تعميل ڪرڻ- تڪميل ڪرڻ,,عمل ڪرڻ- تعميل ڪرڻ- تڪميل ڪرڻ
implementation,عمل در آمد- بحاآوري- تعميل,,عمل در آمد- بحاآوري- تعميل
implements,اوزار- پرزا,,اوزار- پرزا
implication,انومان- اشارا,,انومان- اشارا
implications,خراب اثر- مضمرات,,خراب اثر- مضمرات
implicit,لڪل- پڪو- مضبوط,,لڪل- پڪو- مضبوط
implied,لڪل- پوشيده- معنوي,,لڪل- پوشيده- معنوي
imply,مراد رکڻ، اشارو ڪرڻ,,مراد رکڻ، اشارو ڪرڻ
import,درآمدڪرڻ- آمدني واپار ڪرڻ,,درآمدڪرڻ- آمدني واپار ڪرڻ
importance,اهميت,,اهميت
important,اهم,,اهم
importantly,زور سان، وزن سان,,زور سان، وزن سان
imported,درآمد ٿيل,,درآمد ٿيل
importer,آمدني واپار ڪندڙ,,آمدني واپار ڪندڙ
importing,آمدني واپار,,آمدني واپار
imports,ٻاهران آيل مال,,ٻاهران آيل مال
impose,لاڳو ڪرڻ- عائد ڪرڻ,,لاڳو ڪرڻ- عائد ڪرڻ
imposed,لاڳو ڪيل- عائد ڪيل,,لاڳو ڪيل- عائد ڪيل
imposing,ٺٺ يا ڀڀڪي وارو، اثرائتو، رعب وارو,,ٺٺ يا ڀڀڪي وارو، اثرائتو، رعب وارو
impossible,نا ممڪن- اڻٿيڻي,,نا ممڪن- اڻٿيڻي
impotence,ڪمزوري، ضعف، نامردي,,ڪمزوري، ضعف، نامردي
impress,چاپڻ، ٺپڻ، اثر ڪرڻ، ذهن نشين ڪرڻ,,چاپڻ، ٺپڻ، اثر ڪرڻ، ذهن نشين ڪرڻ
impressed,ٺپو لڳل,,ٺپو لڳل
impression,تاثر- نشان- نقش- ڇاپ- خيال,,تاثر- نشان- نقش- ڇاپ- خيال
impressions,تاثرات,,تاثرات
impressive,اثرائتو- پُراثر,,اثرائتو- پُراثر
imprint,ڇاپڻ، مهر هڻڻ، دلنشين ڪرڻ، ڇاپيندڙ جو نالو نشان,,ڇاپڻ، مهر هڻڻ، دلنشين ڪرڻ، ڇاپيندڙ جو نالو نشان
imprisonment,قيد، بند,,قيد، بند
improper,نامناسب- غير واجب- بيقاعدي- غير موزون,,نامناسب- غير واجب- بيقاعدي- غير موزون
improve,بهتر بنائڻ- سڌارڻ,,بهتر بنائڻ- سڌارڻ
improved,سڌاريل- بهتر بنايل,,سڌاريل- بهتر بنايل
improvement,اصلاح- ترقي- بهتري,,اصلاح- ترقي- بهتري
impulse,دل جي حرڪت، زور، ڌڪو,,دل جي حرڪت، زور، ڌڪو
in,۾- اندر- تي,,۾- اندر- تي
inability,نا قابليت,,نا قابليت
inaccurate,غلط، جيڪو درست نه هجي,,غلط، جيڪو درست نه هجي
inactive,بي اثر- غير سرگرم,,بي اثر- غير سرگرم
inadequate,ناڪافي- اڻپورو,,ناڪافي- اڻپورو
inappropriate,غير موزون- نامناسب,,غير موزون- نامناسب
inaugural,جلسو ڪرڻ جي متعلق، نئين عهدي تي چڙهڻ,,جلسو ڪرڻ جي متعلق، نئين عهدي تي چڙهڻ
inbound,تحويل هيٺ- زير تحويل,,تحويل هيٺ- زير تحويل
incense,خوشبوءِ، ڪاوڙائڻ، واس ڏيڻ,,خوشبوءِ، ڪاوڙائڻ، واس ڏيڻ
incentive,ترغيب- محرڪ,,ترغيب- محرڪ
inception,ابتدا- شروعات,,ابتدا- شروعات
incest,مائٽ سان زنا ڪرڻ، ويجهي عزيز سان زنا,,مائٽ سان زنا ڪرڻ، ويجهي عزيز سان زنا
inch,انچ، فوٽ جو ٻارهون حصو,,انچ، فوٽ جو ٻارهون حصو
incidence,واقع ٿيڻ- حد- واقعي يا اثر جو درجو يا دائرو,,واقع ٿيڻ- حد- واقعي يا اثر جو درجو يا دائرو
incident,واقعو- حادثو- شق,,واقعو- حادثو- شق
incidental,ضمني- اتفاقي- لاڳاپيل,,ضمني- اتفاقي- لاڳاپيل
inclined,لاڙو رکندڙ- رغبت رکندڙ,,لاڙو رکندڙ- رغبت رکندڙ
include,شامل ڪرڻ,,شامل ڪرڻ
included,شامل ڪيل,,شامل ڪيل
inclusion,شامل ٿيڻ واري حالت درج ٿيڻ,,شامل ٿيڻ واري حالت درج ٿيڻ
inclusive,بشمول- مجموعي- شامل ڪيل,,بشمول- مجموعي- شامل ڪيل
income,انڪم- آمدني- اُپت,,انڪم- آمدني- اُپت
incoming,اندر ايندڙ، جاءِ نشين,,اندر ايندڙ، جاءِ نشين
incompatible,خلاف- نه ٺهندڙ- بي جوڙ,,خلاف- نه ٺهندڙ- بي جوڙ
incomplete,اڻ مڪمل- اڌورو- اڻپورو,,اڻ مڪمل- اڌورو- اڻپورو
inconsistent,اُبتڙ- برعڪس- غير مطابق- غير موافق,,اُبتڙ- برعڪس- غير مطابق- غير موافق
inconvenience,اهنج- تڪليف- ڏکيائي,,اهنج- تڪليف- ڏکيائي
incorporate,شامل ڪرڻ- تشڪيل ڏيڻ - درج ڪرڻ,,شامل ڪرڻ- تشڪيل ڏيڻ - درج ڪرڻ
incorporated,جوڙيل- شامل ڪيل- سند يافته,,جوڙيل- شامل ڪيل- سند يافته
incorporation,تشڪيل ڪرڻ- شامل ڪرڻ- داخلا ڪرڻ,,تشڪيل ڪرڻ- شامل ڪرڻ- داخلا ڪرڻ
incorrect,غلط- غير صحيح,,غلط- غير صحيح
incorrectly,غلطيءَ سان، ناجائزيءَ سان,,غلطيءَ سان، ناجائزيءَ سان
increase,گهڻائي- واڌ- اضافو,,گهڻائي- واڌ- اضافو
increased,وڌيل- واڌارو ٿيل- وڌندڙ,,وڌيل- واڌارو ٿيل- وڌندڙ
increasing,وڌي ويل- وڌندڙ,,وڌي ويل- وڌندڙ
incredible,نا قابل يقين,,نا قابل يقين
increment,انڪريمينٽ- اضافو - واڌ (پگهار ۾),,انڪريمينٽ- اضافو - واڌ (پگهار ۾)
incremental,انڪريمينٽ جا- اضافو ٿيل,,انڪريمينٽ جا- اضافو ٿيل
incumbent,لازم، فرض، مناسب، واجب، عهديدار,,لازم، فرض، مناسب، واجب، عهديدار
incur,برداشت ڪرڻ- عائد ڪرڻ,,برداشت ڪرڻ- عائد ڪرڻ
indeed,البت، ضرور، سچ پچ، درحقيقت,,البت، ضرور، سچ پچ، درحقيقت
indemnity,ڏنڊ ڏيڻ- جرمانو- هرجاڻو,,ڏنڊ ڏيڻ- جرمانو- هرجاڻو
independence,آزادي,,آزادي
independent,آزاد- خودمختيار,,آزاد- خودمختيار
independently,پنهنجي سر، آزاديءَ سان، بي پرواهيءَ سان,,پنهنجي سر، آزاديءَ سان، بي پرواهيءَ سان
index,فهرست- انڊيڪس- ڏسڻي,,فهرست- انڊيڪس- ڏسڻي
indexing,فهرست سازي- اشارا بندي,,فهرست سازي- اشارا بندي
india,هندستان,,هندستان
indian,هندستاني، هندستان جو رهاڪو,,هندستاني، هندستان جو رهاڪو
indicate,ظاهر ڪرڻ- اشارو ڪرڻ,,ظاهر ڪرڻ- اشارو ڪرڻ
indicating,ظاهر ٿيڻ- ظاهر ٿيندڙ,,ظاهر ٿيڻ- ظاهر ٿيندڙ
indication,اظهار- نشان- علامت,,اظهار- نشان- علامت
indicative,علامتي- اشارتي,,علامتي- اشارتي
indicator,اشارو ڏيندڙ- اشارو- علامت,,اشارو ڏيندڙ- اشارو- علامت
indictment,تهمت نامو- فردجرم,,تهمت نامو- فردجرم
indigenous,ملڪي- ديسي- اصلوڪو,,ملڪي- ديسي- اصلوڪو
indigo,نير- نيرو رنگ- نيري رنگ جو,,نير- نيرو رنگ- نيري رنگ جو
indirect,اڻ سڌو,,اڻ سڌو
indirectly,اڻ سڌي طرح,,اڻ سڌي طرح
indispensable,ضروري- لازمي,,ضروري- لازمي
individual,انفرادي- شخصي- ذاتي,,انفرادي- شخصي- ذاتي
individually,جدا جدا، ڌار ڌار,,جدا جدا، ڌار ڌار
indoor,اندروني- داخلي,,اندروني- داخلي
indoors,گهر ۾، اندر,,گهر ۾، اندر
induce,ترغيب ڏيڻ,,ترغيب ڏيڻ
induced,ترغيب ڏنل,,ترغيب ڏنل
induction,عهدي جي مقرري، شروعات، داخلا,,عهدي جي مقرري، شروعات، داخلا
indulgence,رعايت- لطف- معافي- اک ٻوٽ,,رعايت- لطف- معافي- اک ٻوٽ
industrial,صعنتي,,صعنتي
industries,صنعتون,,صنعتون
industry,صنعت- ڪارخانو,,صنعت- ڪارخانو
ineffective,بي اثر,,بي اثر
inequality,اڻ برابري,,اڻ برابري
inevitable,ضروري- اڻ ٽر,,ضروري- اڻ ٽر
inexpensive,گهٽ قيمت- گهٽ خرچ,,گهٽ قيمت- گهٽ خرچ
infamous,بدنام، خوار، بدناميءَ جهڙو,,بدنام، خوار، بدناميءَ جهڙو
infant,کير پياڪ- ننڍي ڄمار وارو- ننڍو,,کير پياڪ- ننڍي ڄمار وارو- ننڍو
infantry,پيادل فوج,,پيادل فوج
infect,متاثر ڪرڻ- جيوڙن سان آلوده ڪرڻ,,متاثر ڪرڻ- جيوڙن سان آلوده ڪرڻ
infected,متاثر ٿيل- جريثيمي,,متاثر ٿيل- جريثيمي
infection,جراثيمي مرض- روڳ- خرابي,,جراثيمي مرض- روڳ- خرابي
infectious,وچڙندڙ- لڳندڙ,,وچڙندڙ- لڳندڙ
inference,نتيجو اخذ ڪرڻ- اندازو,,نتيجو اخذ ڪرڻ- اندازو
inferior,ادنيٰ- درجي ۾ گهٽ- ڪمتر,,ادنيٰ- درجي ۾ گهٽ- ڪمتر
infertility,غير زرخيري- بنجرپڻو- سنڍپڻو,,غير زرخيري- بنجرپڻو- سنڍپڻو
infinite,غير محدود- لامحدود,,غير محدود- لامحدود
infinity,لامحدوديت,,لامحدوديت
inflammation,سوڄ- ساڙو يا سڙندڙ حالت,,سوڄ- ساڙو يا سڙندڙ حالت
inflammatory,ڀڙڪائيندڙ، جوشيلو، فسادي,,ڀڙڪائيندڙ، جوشيلو، فسادي
inflation,ناڻي جي واڌ- افراط زر,,ناڻي جي واڌ- افراط زر
influence,اثر- تاثير,,اثر- تاثير
influential,اثر رکندڙ- رسائي وارو -بااثر,,اثر رکندڙ- رسائي وارو -بااثر
influenza,وبائي زڪام,,وبائي زڪام
inform,خبر ڏيڻ، اطلاع ڪرڻ، چتاءُ ڪرڻ,,خبر ڏيڻ، اطلاع ڪرڻ، چتاءُ ڪرڻ
informal,غير رسمي- بنا ضابطي جي- بنا تڪلف,,غير رسمي- بنا ضابطي جي- بنا تڪلف
information,اطلاع- ڄاڻ,,اطلاع- ڄاڻ
informative,معلوماتي- ڄاڻ ڏيندڙ,,معلوماتي- ڄاڻ ڏيندڙ
infringement,خلاف ورزي (قانون)- هٿ چراند (حق),,خلاف ورزي (قانون)- هٿ چراند (حق)
infusion,زڪام- ڀري ڇڏڻ- وجهڻ,,زڪام- ڀري ڇڏڻ- وجهڻ
ingredient,جزو، ڀاڱو، حصو، عنصر,,جزو، ڀاڱو، حصو، عنصر
ingredients,جزا- ترڪيبي جزا,,جزا- ترڪيبي جزا
inherent,پيدائشي- مخفي- ذاتي- فطري,,پيدائشي- مخفي- ذاتي- فطري
inheritance,ورثو- وراثت,,ورثو- وراثت
inherited,موروثي,,موروثي
inhibit,روڪڻ، منع ڪرڻ,,روڪڻ، منع ڪرڻ
inhibition,روڪ- رنڊڪ,,روڪ- رنڊڪ
inhibitor,منع ڪندڙ- مزاحمت ڪندڙ,,منع ڪندڙ- مزاحمت ڪندڙ
initial,شروعاتي- پهريون- مختصر صحي,,شروعاتي- پهريون- مختصر صحي
initially,شروعاتي طور تي,,شروعاتي طور تي
initials,شروعات (جمع),,شروعات (جمع)
initiate,شروعات ڪرڻ,,شروعات ڪرڻ
initiating,جاري ڪندڙ,,جاري ڪندڙ
initiation,ابتدا- تعارف- ڄاڻ سڄاڻ,,ابتدا- تعارف- ڄاڻ سڄاڻ
initiative,اڳڀرائي- شروعات,,اڳڀرائي- شروعات
injection,انجيڪشن- ٽُڪو- سُئي,,انجيڪشن- ٽُڪو- سُئي
injunction,منع نامو,,منع نامو
injured,زخمي- ڦٽيل,,زخمي- ڦٽيل
injuries,زخم- نشان,,زخم- نشان
injury,نقصان- ڌڪ- زخم,,نقصان- ڌڪ- زخم
injustice,بي انصافي,,بي انصافي
ink,انڪ- مس- روشنائي,,انڪ- مس- روشنائي
inland,اندرئين مُلڪ- مُلڪ ۾,,اندرئين مُلڪ- مُلڪ ۾
inlet,لنگهه- داخل ٿيڻ,,لنگهه- داخل ٿيڻ
inmate,ڀاتي- رهاڪو,,ڀاتي- رهاڪو
inn,مسافرخانو، مهمان سراءِ,,مسافرخانو، مهمان سراءِ
inner,اندريون,,اندريون
innings,وارو، ڪرڪيٽ ۾ راند جي آگ,,وارو، ڪرڪيٽ ۾ راند جي آگ
innocence,بي گناهي، پاڪدامني، سادگي,,بي گناهي، پاڪدامني، سادگي
innocent,معصوم- نيڪ نيت وارو,,معصوم- نيڪ نيت وارو
innovation,نواڻ- جدت,,نواڻ- جدت
inorganic,غير نامياتي,,غير نامياتي
input,در آمد- حصول- داخل,,در آمد- حصول- داخل
inquire,پڇا ڪرڻ، تلاش ڪرڻ، امتحان ڪرڻ,,پڇا ڪرڻ، تلاش ڪرڻ، امتحان ڪرڻ
inquiry,جاچ پڙتال- تحقيق- ڳولڻ,,جاچ پڙتال- تحقيق- ڳولڻ
insane,چريو- پاڳل- ديوانو,,چريو- پاڳل- ديوانو
insanity,چريائپ- پاڳل پڻو,,چريائپ- پاڳل پڻو
insect,ڪينئون- ڪيڙو- جيت,,ڪينئون- ڪيڙو- جيت
insert,درج ڪرڻ- داخل ڪرڻ- وجهڻ,,درج ڪرڻ- داخل ڪرڻ- وجهڻ
inserting,شامل ڪيل، لڳل,,شامل ڪيل، لڳل
insertion,درج ٿيڻ- اندراج,,درج ٿيڻ- اندراج
inside,اندر، اندريون، اندروني حصو,,اندر، اندريون، اندروني حصو
insight,گهري نظر- بصيرت,,گهري نظر- بصيرت
insist,ضد ڪرڻ، هوڏ ڪرڻ، هڪ ڳالهه تي رهڻ,,ضد ڪرڻ، هوڏ ڪرڻ، هڪ ڳالهه تي رهڻ
insomnia,بي خوابي,,بي خوابي
inspect,جاچ ڪرڻ- معائنو ڪرڻ,,جاچ ڪرڻ- معائنو ڪرڻ
inspection,معائنو,,معائنو
inspector,انسپيڪٽر- معائنو ڪندڙ,,انسپيڪٽر- معائنو ڪندڙ
inspiration,ساه کڻڻ، وحي,,ساه کڻڻ، وحي
inspire,ساه کڻڻ، همٿائڻ، جوش ڦوڪڻ,,ساه کڻڻ، همٿائڻ، جوش ڦوڪڻ
inspired,فضيلت جو صاحب، وحي ٿيل,,فضيلت جو صاحب، وحي ٿيل
inspiring,اتساهيندڙ- اثر رکندڙ- متاثر ڪندڙ,,اتساهيندڙ- اثر رکندڙ- متاثر ڪندڙ
instability,گهٽ جٽاداري- ناپائيداري,,گهٽ جٽاداري- ناپائيداري
install,گاديءَ تي وهارڻ، تخت تي وهارڻ,,گاديءَ تي وهارڻ، تخت تي وهارڻ
installation,تنصيب- لڳائڻ,,تنصيب- لڳائڻ
installed,نصب ٿيل- لڳل,,نصب ٿيل- لڳل
installment,قسط,,قسط
instance,مثال- واقعو,,مثال- واقعو
instant,تڪڙو- فوري- جلدي,,تڪڙو- فوري- جلدي
instantly,ترت، جلدي، هڪدم,,ترت، جلدي، هڪدم
instead,بدلي ۾- بجاءِ,,بدلي ۾- بجاءِ
instinct,جبلت,,جبلت
institute,انسٽيٽيوٽ- ادارو,,انسٽيٽيوٽ- ادارو
institution,ادارو- درسگاهه- دائر ڪرڻ,,ادارو- درسگاهه- دائر ڪرڻ
institutional,ادارتي- اصولي- دستوري- قانوني,,ادارتي- اصولي- دستوري- قانوني
instruction,هدايت- تعليم,,هدايت- تعليم
instructional,هدايتي- تعليمي,,هدايتي- تعليمي
instructions,هدايتون,,هدايتون
instructor,انسٽرڪٽر- سيکاريندڙ- استاد,,انسٽرڪٽر- سيکاريندڙ- استاد
instrument,اوزار- آلو- دستاويز- وسيلو,,اوزار- آلو- دستاويز- وسيلو
instrumental,اوزارن وارو- آلاتي,,اوزارن وارو- آلاتي
instruments,اوزار- دستاويز- وسيلا,,اوزار- دستاويز- وسيلا
insufficient,گهٽ ذميواري- اڻپورو- گهٽ,,گهٽ ذميواري- اڻپورو- گهٽ
insulated,محدود ڪيل- ڌار ڪيل,,محدود ڪيل- ڌار ڪيل
insulation,محدوديت,,محدوديت
insult,بي عزتي- توهين- تذليل- خواري,,بي عزتي- توهين- تذليل- خواري
insurance,انشورنس- ويمو,,انشورنس- ويمو
insure,ويمو ڪرڻ- ويمو ڪرائڻ,,ويمو ڪرڻ- ويمو ڪرائڻ
insured,ويمي وارو- ويمو ٿيل,,ويمي وارو- ويمو ٿيل
insurer,ويمو ڪندڙ,,ويمو ڪندڙ
intact,صحيح سلامت- جيئن جو تيئن سلامت,,صحيح سلامت- جيئن جو تيئن سلامت
intake,اندر آڻڻ- جذب ڪرڻ,,اندر آڻڻ- جذب ڪرڻ
intangible,غير محسوس، جيڪو محسوس نه ٿئي,,غير محسوس، جيڪو محسوس نه ٿئي
integer,مڪمل، صحيح,,مڪمل، صحيح
integral,لازمي- ضروري- مڪمل,,لازمي- ضروري- مڪمل
integrated,جامع- مڪمل- مجموعي,,جامع- مڪمل- مجموعي
integrating,مڪمل ڪندڙ- تڪميلي,,مڪمل ڪندڙ- تڪميلي
integration,پورائي يا تڪميل,,پورائي يا تڪميل
integrity,ديانت داري- سالميت,,ديانت داري- سالميت
intellect,سمجهه، فهم، ذهن، عقل، هوش,,سمجهه، فهم، ذهن، عقل، هوش
intellectual,دانشور - ذهني- فڪري,,دانشور - ذهني- فڪري
intelligence,ذهانت-اطلاع- جاچ,,ذهانت-اطلاع- جاچ
intelligent,ذهين- عقلمند- ڏاهو,,ذهين- عقلمند- ڏاهو
intended,گهربل- متوقع- مقصود,,گهربل- متوقع- مقصود
intense,سخت، تکو، گهڻو شوخ,,سخت، تکو، گهڻو شوخ
intensity,شدت- تيزي- زور,,شدت- تيزي- زور
intensive,شديد- سخت- اونهو- ڀرپور- مڪمل,,شديد- سخت- اونهو- ڀرپور- مڪمل
intent,نيت- منشا- مدعا,,نيت- منشا- مدعا
intention,ارادو- مقصد- منشا - نيت,,ارادو- مقصد- منشا - نيت
intentional,ڄاڻي ٻُجهي- دانستا,,ڄاڻي ٻُجهي- دانستا
intentionally,ارادي سان- ڄاڻي واڻي,,ارادي سان- ڄاڻي واڻي
inter,گڏيل- اندر- بين,,گڏيل- اندر- بين
interaction,باهمي عمل,,باهمي عمل
intercept,رستو روڪڻ- قطع ڪرڻ,,رستو روڪڻ- قطع ڪرڻ
interchange,بدل سدل- مٽ سٽ- تبادلو- ڦير گهير,,بدل سدل- مٽ سٽ- تبادلو- ڦير گهير
intercourse,ميل ميلاپ- گڏيل لاڳاپا- راهه رسم,,ميل ميلاپ- گڏيل لاڳاپا- راهه رسم
interest,دلچسپي- فائدو- وياج- مفاد,,دلچسپي- فائدو- وياج- مفاد
interested,مفاد پرست- غرض رکندڙ- جانبدار,,مفاد پرست- غرض رکندڙ- جانبدار
interesting,مزي جهڙو، وڻندڙ,,مزي جهڙو، وڻندڙ
interfere,دخل ڏيڻ- مداخلت ڪرڻ,,دخل ڏيڻ- مداخلت ڪرڻ
interference,دخل- مداخلت,,دخل- مداخلت
interim,وچئين دور وارو- عبوري,,وچئين دور وارو- عبوري
interior,اندر-اندر وارو- اندريون,,اندر-اندر وارو- اندريون
intermediate,ثانوي- درمياني- وچيون,,ثانوي- درمياني- وچيون
intermittent,مهلت وارو- غير مسلسل وقفي وارو,,مهلت وارو- غير مسلسل وقفي وارو
intern,ٻئي ملڪ ۾ ماڻهو قيد ڪرڻ,,ٻئي ملڪ ۾ ماڻهو قيد ڪرڻ
internal,اندريون- داخلي,,اندريون- داخلي
internally,اندروني طرح، دل ۾,,اندروني طرح، دل ۾
international,انٽر نيشنل-بين الاقوامي,,انٽر نيشنل-بين الاقوامي
interpret,ترجماني ڪرڻ- تشريح ڪرڻ-معنيٰ ٻڌائڻ- واضع ڪرڻ,,ترجماني ڪرڻ- تشريح ڪرڻ-معنيٰ ٻڌائڻ- واضع ڪرڻ
interpretation,ترجماني- تعبير- وضاحت- تشريح,,ترجماني- تعبير- وضاحت- تشريح
interpreter,شرح رکندڙ- ترجماني ڪندڙ- تعبير ڪندڙ,,شرح رکندڙ- ترجماني ڪندڙ- تعبير ڪندڙ
interrupt,خلل وجهڻ-داخل ڏيڻ- رنڊڪ وجهڻ,,خلل وجهڻ-داخل ڏيڻ- رنڊڪ وجهڻ
interruption,خلل- رنڊڪ- دخل ڏيڻ,,خلل- رنڊڪ- دخل ڏيڻ
intersection,منقطع ٿيڻ-ڪٽڻ- ٻه واٽو- چوواٽو,,منقطع ٿيڻ-ڪٽڻ- ٻه واٽو- چوواٽو
interval,ساهي- وقفو,,ساهي- وقفو
intervene,دخل ڏيڻ- وچ ۾ اچڻ- مداخلت ڪرڻ,,دخل ڏيڻ- وچ ۾ اچڻ- مداخلت ڪرڻ
intervention,دخل ڏيڻ- مداخلت,,دخل ڏيڻ- مداخلت
interview,ملاقات (ملاقات ڪرڻ),,ملاقات (ملاقات ڪرڻ)
intestinal,آنڊن جو، ڇڪيءَ جو,,آنڊن جو، ڇڪيءَ جو
intimate,اطلاع ڏيڻ- گهرائپ,,اطلاع ڏيڻ- گهرائپ
into,۾ اندر، منجهه,,۾ اندر، منجهه
intra,اندر- اندريون,,اندر- اندريون
intrinsic,ذاتي-اصلي-جبلي,,ذاتي-اصلي-جبلي
intro,خبر يا ڪنھن ٻئي متن جو شروعاتي تعارف,,خبر يا ڪنھن ٻئي متن جو شروعاتي تعارف
introduce,متعارف ڪرائڻ-شروع ڪرڻ,,متعارف ڪرائڻ-شروع ڪرڻ
introduction,تعارف- مقدمو (ڪتاب)- منڍ-تمهيد,,تعارف- مقدمو (ڪتاب)- منڍ-تمهيد
introductory,ابتدائي-تعارفي- شروعاتي,,ابتدائي-تعارفي- شروعاتي
intrusion,اجائي مداخلت- دخل انداز ٿيندڙ,,اجائي مداخلت- دخل انداز ٿيندڙ
intuition,وجدان- الهام,,وجدان- الهام
invalid,غير قانوني- فضول- ناجائز-معذور,,غير قانوني- فضول- ناجائز-معذور
invaluable,املهه، بي بها، تمام قيمتي,,املهه، بي بها، تمام قيمتي
invariant,اڻ بدلجندڙ,,اڻ بدلجندڙ
invasion,ڪاهه- حملو- هٿ وجهڻ,,ڪاهه- حملو- هٿ وجهڻ
invention,ايجاد,,ايجاد
inventor,موجد- ايجاد ڪندڙ,,موجد- ايجاد ڪندڙ
inventory,فهرست- پَنو (حساب ڪتاب جو),,فهرست- پَنو (حساب ڪتاب جو)
inverse,ابتڙ-برعڪس,,ابتڙ-برعڪس
inverted,ابتو- ابتڙ,,ابتو- ابتڙ
invest,پئسا لڳائڻ- سرمائيداري ڪرڻ- سيڙپ لڳائڻ,,پئسا لڳائڻ- سرمائيداري ڪرڻ- سيڙپ لڳائڻ
invested,سيڙپ ڪيل (سرمايو),,سيڙپ ڪيل (سرمايو)
investigate,جاچ ڪرڻ- ڇنڊڇاڻ ڪرڻ,,جاچ ڪرڻ- ڇنڊڇاڻ ڪرڻ
investigating,جاچ ڪندڙ- چنڊ ڇاڻ ڪندڙ,,جاچ ڪندڙ- چنڊ ڇاڻ ڪندڙ
investigation,في الوقت جاچ- عارضي پڇا ڳاڇا,,في الوقت جاچ- عارضي پڇا ڳاڇا
investigator,جانچ ڪندڙ- تحقيق ڪندڙ- ڇنڊڇاڻ ڪندڙ,,جانچ ڪندڙ- تحقيق ڪندڙ- ڇنڊڇاڻ ڪندڙ
investment,سرمايولڳائڻ- سيڙپ ڪرڻ,,سرمايولڳائڻ- سيڙپ ڪرڻ
investor,سيڙپ ڪار- سرمائي ڪار,,سيڙپ ڪار- سرمائي ڪار
invisible,اڻ ڏٺل- غير ظاهر,,اڻ ڏٺل- غير ظاهر
invitation,دعوت- ڪوٺَ,,دعوت- ڪوٺَ
invite,طلب ڪرڻ- ڪوٺ ڏيڻ- دعوت ڪرڻ,,طلب ڪرڻ- ڪوٺ ڏيڻ- دعوت ڪرڻ
inviting,موهيندڙ، دلچسپ,,موهيندڙ، دلچسپ
invoice,اگهه پار,,اگهه پار
invoke,درخواست ڪرڻ- مدد گهرڻ,,درخواست ڪرڻ- مدد گهرڻ
involve,ملوث ٿيڻ- شامل ٿيڻ,,ملوث ٿيڻ- شامل ٿيڻ
involved,ٻڏل، اڙيل، ڳيٿل، منجهيل,,ٻڏل، اڙيل، ڳيٿل، منجهيل
involvement,شموليت- وابستگي,,شموليت- وابستگي
inward,داخلي-اندروني,,داخلي-اندروني
ion,روان- هلندڙ,,روان- هلندڙ
ionic,يوناني، يونان جو، يونان بابت، ذرڙو,,يوناني، يونان جو، يونان بابت، ذرڙو
ire,ڪاوڙ، ڪروڌ، ڏمر,,ڪاوڙ، ڪروڌ، ڏمر
iris,اک جي پتلي يا ماڻڪي,,اک جي پتلي يا ماڻڪي
iron,لوهه- لوهي- استري,,لوهه- لوهي- استري
ironically,طعني سان، ٺٺوليءَ سان، ٽوڪ سان,,طعني سان، ٺٺوليءَ سان، ٽوڪ سان
irons,ٻيڙيون، زنجير,,ٻيڙيون، زنجير
irony,طعنو، ٽوڪ، ٺٺولي، لوهه جهڙو,,طعنو، ٽوڪ، ٺٺولي، لوهه جهڙو
irregular,بي ضابطه- بي قاعده,,بي ضابطه- بي قاعده
irrelevant,اڻ لاڳاپيل- غير واسطيدار,,اڻ لاڳاپيل- غير واسطيدار
irrigation,آبپاشي- آبياري,,آبپاشي- آبياري
irritation,ٻرڻ- ڪوفت- پريشاني- ساڙو,,ٻرڻ- ڪوفت- پريشاني- ساڙو
is,آهي,,آهي
isbn,ڪتاب جو عالمي معياري نمبر، انٽرنئشنل اسٽينڊرڊ بوڪ نمبر,,ڪتاب جو عالمي معياري نمبر، انٽرنئشنل اسٽينڊرڊ بوڪ نمبر
islam,مذهب اسلام,,مذهب اسلام
islamic,اسلامي,,اسلامي
island,جزيرو- ٻيٽ,,جزيرو- ٻيٽ
islander,ٻيٽ جو رهاڪو,,ٻيٽ جو رهاڪو
isle,ننڍو ٻيٽ,,ننڍو ٻيٽ
iso,"ھڪجھڙو ، برابر، ھم Equal isotonic saline solution has a concentration of 0.85%, which is equal to the concentration of sodium chloride in cellular cytoplasm.",,"ھڪجھڙو ، برابر، ھم Equal isotonic saline solution has a concentration of 0.85%, which is equal to the concentration of sodium chloride in cellular cytoplasm."
isolate,الڳ ڪرڻ- جداڪرڻ,,الڳ ڪرڻ- جداڪرڻ
isolated,ڌار- اڪيلو- ڪٽيل-تنها,,ڌار- اڪيلو- ڪٽيل-تنها
isolation,تنهائي- عليحدگي- خلوت,,تنهائي- عليحدگي- خلوت
issn,رسالي،خبرنامي يا اخبار جو عالمي معياري نمبر، انٽرنئشنل اسٽينڊرڊ سيريل نمبر,,رسالي،خبرنامي يا اخبار جو عالمي معياري نمبر، انٽرنئشنل اسٽينڊرڊ سيريل نمبر
issuance,اشاعت- اجراءُ,,اشاعت- اجراءُ
issue,اجراء- جاري ٿيڻ- اشاعت- شمارو- مسئلو,,اجراء- جاري ٿيڻ- اشاعت- شمارو- مسئلو
issued,جاري ڪيل- جاري ٿيل,,جاري ڪيل- جاري ٿيل
issues,مسئلا- شمارا- جاري ٿيندڙ,,مسئلا- شمارا- جاري ٿيندڙ
issuing,جاري ڪندڙ- اجراء ڪندڙ,,جاري ڪندڙ- اجراء ڪندڙ
it,هيءُ- هوءَ- اهو,,هيءُ- هوءَ- اهو
italian,اٽليءَ جو,,اٽليءَ جو
italic,اٽليءَ جو,,اٽليءَ جو
item,شيءِ، ڳالهه، اسم,noun,شيءِ، ڳالهه، اسم
iteration,دهرائڻ، وري وري چوڻ,,دهرائڻ، وري وري چوڻ
its,سندس، هن جو,,سندس، هن جو
itself,پاڻ، خود، هو خود (بيجان),,پاڻ، خود، هو خود (بيجان)
ivory,عاج، هاٿيءَ جو ڏند,,عاج، هاٿيءَ جو ڏند
ivy,هڪ قسم جو گل، عشق پيچ,,هڪ قسم جو گل، عشق پيچ
j,انگريزي الفابيٽ جو ڏهون اکر,,انگريزي الفابيٽ جو ڏهون اکر
jabber,بڪ ڪرڻ، بڪواس ڪرڻ، بڙ بڙ ڪرڻ، گڙٻڙ,,بڪ ڪرڻ، بڪواس ڪرڻ، بڙ بڙ ڪرڻ، گڙٻڙ
jack,جهازي، خلاصي، جهنڊو، غلام، تاس جو غلام,,جهازي، خلاصي، جهنڊو، غلام، تاس جو غلام
jacket,ننڍو ڪوٽ، ڪرتو، ڪتاب جو جلد,,ننڍو ڪوٽ، ڪرتو، ڪتاب جو جلد
jaguar,چيتو، امريڪي چيتو,,چيتو، امريڪي چيتو
jail,جيل-قيد خانو,,جيل-قيد خانو
jam,جام- مُربو,,جام- مُربو
january,جنوري، انگريزي سال جو پهريون مهينو,,جنوري، انگريزي سال جو پهريون مهينو
japan,روغن يا روغندار ڪم,,روغن يا روغندار ڪم
jar,برڻي,,برڻي
jargon,غير ادبي ٻولي جيڪا سمجهه ۾ نه اچي,,غير ادبي ٻولي جيڪا سمجهه ۾ نه اچي
jasmine,ياسمين، چنبيلي، موتيو,noun,ياسمين، چنبيلي، موتيو
jasper,هڪ قسم جو پٿر، سنگ يشم، پکراج,,هڪ قسم جو پٿر، سنگ يشم، پکراج
jaw,ڄاڙي,,ڄاڙي
jay,ڪيڪيو، چانهه پکي، بيعقل,,ڪيڪيو، چانهه پکي، بيعقل
jealous,حاسد، جلندڙ، ساڙو، ريسارو,,حاسد، جلندڙ، ساڙو، ريسارو
jean,زين (ڪپڙو),,زين (ڪپڙو)
jeep,جيپ – گاڏي,,جيپ – گاڏي
jelly,جيلي- فالودو,,جيلي- فالودو
jenny,ڪتڻ جي ڪل يا سانچو,,ڪتڻ جي ڪل يا سانچو
jerk,جهٽڪو,,جهٽڪو
jersey,اوني قميص، اوني گنجي,,اوني قميص، اوني گنجي
jess,چمڙي يا ريشم جو ننڍو پٽو يا ٽڪر,,چمڙي يا ريشم جو ننڍو پٽو يا ٽڪر
jesus,حضرت عيسيٰ، يسوع مسيح,,حضرت عيسيٰ، يسوع مسيح
jet,تکي ڌار-جيٽ,,تکي ڌار-جيٽ
jew,يهودي,,يهودي
jewel,جواهر، گوهر، زيور,,جواهر، گوهر، زيور
jewellery,زيور,,زيور
jewels,جواهر- هيرا,,جواهر- هيرا
jewish,يهودين بابت,,يهودين بابت
jigsaw,مشيني آرو,,مشيني آرو
jingle,ڪمرشل يعني نشري اشتھار جي موسيقي (سڃاڻپ لاءِ),,ڪمرشل يعني نشري اشتھار جي موسيقي (سڃاڻپ لاءِ)
job,ڪم- فرض,,ڪم- فرض
jockey,شرط ۾ گهوڙو هلائيندڙ، چابڪ سوار، ٺڳ,,شرط ۾ گهوڙو هلائيندڙ، چابڪ سوار، ٺڳ
join,شامل هئڻ- حاضرٿيڻ (نوڪري تي)- ڪم سنڀالڻ,,شامل هئڻ- حاضرٿيڻ (نوڪري تي)- ڪم سنڀالڻ
joining,حاضري- شرڪت- شموليت- ملازمت تي چڙهڻ,,حاضري- شرڪت- شموليت- ملازمت تي چڙهڻ
joint,گڏيل- شامل- جوڙ- سَنڌ,,گڏيل- شامل- جوڙ- سَنڌ
jointly,گڏيل طور تي,,گڏيل طور تي
joints,جوڙ- ڳنڍ,,جوڙ- ڳنڍ
jolly,خوش مزاج، کل مک، زنده دل,,خوش مزاج، کل مک، زنده دل
journal,جرنل-روزنامچو- رسالو,,جرنل-روزنامچو- رسالو
journalism,صحافت- اخبارنويسي,,صحافت- اخبارنويسي
journalist,صحافي-اخبار نويس,,صحافي-اخبار نويس
journey,سفر,,سفر
joy,خوشي، سرهائي، فرحت,,خوشي، سرهائي، فرحت
jubilee,جوبلي- حبشن- خوشي,,جوبلي- حبشن- خوشي
judaism,يهودين جو مذهب,,يهودين جو مذهب
judge,جج- منصف- اندازو ڪرڻ,,جج- منصف- اندازو ڪرڻ
judgement,عدالتي لين دار (وٺڻ وارو),,عدالتي لين دار (وٺڻ وارو)
judgment,فيصلو- اندازو,,فيصلو- اندازو
judicial,عدالتي,,عدالتي
judiciary,عدليه,,عدليه
juice,جوس- رس- عرق,,جوس- رس- عرق
juicy,رس دار، رسيلو,,رس دار، رسيلو
july,جولائي جو مهينو,,جولائي جو مهينو
jumbo,وڏو، شاهي، پربت جيڏو,,وڏو، شاهي، پربت جيڏو
jumper,صدري- ڍلي جيڪيٽ- ٽِپو ڏيندڙ,,صدري- ڍلي جيڪيٽ- ٽِپو ڏيندڙ
junction,جنڪشن- سنگم- ملڻ واري جڳهه- ڳنڍڻ,,جنڪشن- سنگم- ملڻ واري جڳهه- ڳنڍڻ
june,جون جو مهينو,,جون جو مهينو
jungle,جهنگ- ٻيلو,,جهنگ- ٻيلو
junior,جونيئر- ادنيٰ- ننڍو- ماتحت,,جونيئر- ادنيٰ- ننڍو- ماتحت
juniper,آهُو ٻير، هڪ ميوي جو قسم,,آهُو ٻير، هڪ ميوي جو قسم
junk,ڪاٺ ڪاٻاڙو,,ڪاٺ ڪاٻاڙو
jupiter,ورهسپت، يونانين جو قديم ديوتا,,ورهسپت، يونانين جو قديم ديوتا
jurisdiction,اختيارن جو دائرو- ٻڌڻيءَ جو اختيار,,اختيارن جو دائرو- ٻڌڻيءَ جو اختيار
jury,جيوري- امينن جو ٽولو,,جيوري- امينن جو ٽولو
just,بلڪل- جائز- مناسب- انصاف وارو- منصفاڻو,,بلڪل- جائز- مناسب- انصاف وارو- منصفاڻو
justice,انصاف- عدل- جسٽس- جج,,انصاف- عدل- جسٽس- جج
justification,جواز- سبب- معقوليت,,جواز- سبب- معقوليت
justify,جائز قرار ڏيڻ- حق بجانب قرار ڏيڻ,,جائز قرار ڏيڻ- حق بجانب قرار ڏيڻ
juvenile,ٻار- صغير- ننڍڙو- نوعمر,,ٻار- صغير- ننڍڙو- نوعمر
k,انگريزي الفابيٽ جو يارهون اکر,,انگريزي الفابيٽ جو يارهون اکر
kaiser,شهنشاه، جرمني جي بادشاه جو لقب,,شهنشاه، جرمني جي بادشاه جو لقب
kangaroo,ڪنگارو، آسٽريليا جو هڪ چوپايو جانور,,ڪنگارو، آسٽريليا جو هڪ چوپايو جانور
keen,شوقين-شوق رکندڙ- تيز,,شوقين-شوق رکندڙ- تيز
keep,رکڻ- پابندي ڪرڻ (قانون جي),,رکڻ- پابندي ڪرڻ (قانون جي)
keeper,ڪيپر- محافظ- نگران,,ڪيپر- محافظ- نگران
keeping,نگراني- برقرار رکڻ,,نگراني- برقرار رکڻ
ken,سڃاڻڻ، سمجهڻ، ڄاڻڻ، نظر، ڄاڻ,,سڃاڻڻ، سمجهڻ، ڄاڻڻ، نظر، ڄاڻ
kennel,موري- ٻاهروڃڻ جولنگهه,,موري- ٻاهروڃڻ جولنگهه
kernel,مغز، گورو، تت، تخم,,مغز، گورو، تت، تخم
kettle,ڪٽلي,,ڪٽلي
key,چاٻي- ڪنجي,,چاٻي- ڪنجي
keyboard,ڪي بورڊ- ڪليدي تختو,,ڪي بورڊ- ڪليدي تختو
keynote,مکيه تقرير,,مکيه تقرير
keyword,مکيه لفظ,,مکيه لفظ
kick,ٺوڪر هڻڻ، ٿڏو ڏيڻ، لت هڻڻ (ٺوڪر، ٿڏو),,ٺوڪر هڻڻ، ٿڏو ڏيڻ، لت هڻڻ (ٺوڪر، ٿڏو)
kid,ڇيلو، ڦر، ٻار، ننڍو پيپ,,ڇيلو، ڦر، ٻار، ننڍو پيپ
kidney,گڙدو,,گڙدو
kill,قتل ڪرڻ، ماري وجهڻ، شڪار ڪرڻ,,قتل ڪرڻ، ماري وجهڻ، شڪار ڪرڻ
killer,ڪاسائي، خوني، ماريندڙ,,ڪاسائي، خوني، ماريندڙ
kin,مائٽ,,مائٽ
kind,قسم- مهر بان,,قسم- مهر بان
kindergarten,ٻارن لاءِ اسڪول,,ٻارن لاءِ اسڪول
kinetic,حرڪي- حرڪت ۾,,حرڪي- حرڪت ۾
kinetics,حرڪيات (چرندڙ),,حرڪيات (چرندڙ)
king,بادشاهه,,بادشاهه
kingdom,بادشاهت- دولت- سلطنت,,بادشاهت- دولت- سلطنت
kiosk,کوکو، اسٽال (جتي اخبارون ۽ رسالا وڪامجن),,کوکو، اسٽال (جتي اخبارون ۽ رسالا وڪامجن)
kirk,گرجا، ديول,,گرجا، ديول
kiss,چمي، پيار (چمي وٺڻ، پيار ڪرڻ),,چمي، پيار (چمي وٺڻ، پيار ڪرڻ)
kit,ڪٽ- سامان,,ڪٽ- سامان
kitchen,ڪچن- رڌڻو- بورچي خانو,,ڪچن- رڌڻو- بورچي خانو
kite,لغڙ- سِرڻ,,لغڙ- سِرڻ
kitten,ٻليءَ جو پونگڙو,,ٻليءَ جو پونگڙو
kiwi,هڪ قسم جو پکي,,هڪ قسم جو پکي
knee,گوڏو,,گوڏو
knife,چاقو- ڇري,,چاقو- ڇري
knight,نائٽ- سردار- جوڌو- نواب,,نائٽ- سردار- جوڌو- نواب
knit,اُڻڻ,,اُڻڻ
knitting,اُڻت,,اُڻت
knob,ڳوڙهو، ٻنجي,,ڳوڙهو، ٻنجي
knock,ڌڪ هڻڻ- مات ڏيڻ,,ڌڪ هڻڻ- مات ڏيڻ
knocking,در کڙڪائڻ,,در کڙڪائڻ
knot,ڳنڍ,,ڳنڍ
knots,ڳنڍيون,,ڳنڍيون
know,ڄاڻڻ- واقف ٿيڻ,,ڄاڻڻ- واقف ٿيڻ
knowingly,ارادتاً- ڄاڻي واڻي,,ارادتاً- ڄاڻي واڻي
knowledge,علم- واقفيت- آگاهي,,علم- واقفيت- آگاهي
known,معلوم- ڄاتل,,معلوم- ڄاتل
kodak,عڪس ڇڪڻي، ننڍي ڪئميرا,,عڪس ڇڪڻي، ننڍي ڪئميرا
kosher,حلال، صاف، پاڪ,,حلال، صاف، پاڪ
l,انگريزي الفابيٽ جو ٻارهون اکر,,انگريزي الفابيٽ جو ٻارهون اکر
label,نشان- چِٽ- پرچي- چٽڪي- ٽڪلي,,نشان- چِٽ- پرچي- چٽڪي- ٽڪلي
labeled,نشان لڳل,,نشان لڳل
labeling,چٽڪي لڳائڻ، نشان لڳائڻ,,چٽڪي لڳائڻ، نشان لڳائڻ
laboratory,ليبارٽري- تجربي گاهه- ڪيميا گهر,,ليبارٽري- تجربي گاهه- ڪيميا گهر
labour,مزدور- محنتي- ٻار ڄمڻ واري حالت- محنت مزدوري,,مزدور- محنتي- ٻار ڄمڻ واري حالت- محنت مزدوري
lac,لک، هڪ سو هزار,,لک، هڪ سو هزار
lace,ڦيٿ- بوٽ جي ڪهي- ڏوري,,ڦيٿ- بوٽ جي ڪهي- ڏوري
lack,گهٽتائي- کوٽ,,گهٽتائي- کوٽ
lad,ڇوڪرو، نوجوان,,ڇوڪرو، نوجوان
ladder,ڏاڪڻ- ڏاڪو- چاڙهي,,ڏاڪڻ- ڏاڪو- چاڙهي
laden,لڏيل(بار)- ڍويل (جهاز تي سامان),,لڏيل(بار)- ڍويل (جهاز تي سامان)
lady,عورت- خاتون- خانم- وڏ گهراڻي جي زال,,عورت- خاتون- خانم- وڏ گهراڻي جي زال
lag,پوئتي رهجي وڃڻ,,پوئتي رهجي وڃڻ
lagoon,ساحلي ڍنڍ,,ساحلي ڍنڍ
lake,ڍنڍ,,ڍنڍ
lamb,رڍ جو ٻچو,,رڍ جو ٻچو
lambda,هڪ مائڪرو ليٽرُ جي برابر Equivalent to microlitre (ul) or 1/ 1000 of a mililitre (ml),,هڪ مائڪرو ليٽرُ جي برابر Equivalent to microlitre (ul) or 1/ 1000 of a mililitre (ml)
lame,منڊو، لنگڙو، ڪمزور,,منڊو، لنگڙو، ڪمزور
laminate,تهه چاڙهڻ- پردو چاڙهڻ- ورق ٺاهڻ,,تهه چاڙهڻ- پردو چاڙهڻ- ورق ٺاهڻ
laminated,چلڪيل جلد، تھھ چڙھيل، ليپيل,,چلڪيل جلد، تھھ چڙھيل، ليپيل
lamp,ڏيئو- چراغ- بتي- قنديل,,ڏيئو- چراغ- بتي- قنديل
lance,نيزو- بڙڇي,,نيزو- بڙڇي
land,زمين- ايراضي,,زمين- ايراضي
landing,لهڻ- ڪناري تي اچڻ- بندرگاهه- گود- هوائي اڏو,,لهڻ- ڪناري تي اچڻ- بندرگاهه- گود- هوائي اڏو
landlord,زميندار,,زميندار
landmark,سنڌو، حد (زمين جي)، نشان,,سنڌو، حد (زمين جي)، نشان
landscape,نظارو، ملڪ وغيره جي تصوير,,نظارو، ملڪ وغيره جي تصوير
lane,پيچرو- گهٽي- رستو,,پيچرو- گهٽي- رستو
language,ٻولي- زبان- ڀاشا,,ٻولي- زبان- ڀاشا
lantern,فانوس- شمع دان- لالٽين,,فانوس- شمع دان- لالٽين
lap,جهولي- هنج- آغوش,,جهولي- هنج- آغوش
large,وڏو- عظيم- ڪُشادو,,وڏو- عظيم- ڪُشادو
largely,اڪثر، گهڻو ڪري,,اڪثر، گهڻو ڪري
laser,رنگدار روشني پٽي اوزار Light amplification by stimulated emission of radiation.,,رنگدار روشني پٽي اوزار Light amplification by stimulated emission of radiation.
last,پويون- آخري,,پويون- آخري
lasting,پائيدار- مستقل- جٽادار,,پائيدار- مستقل- جٽادار
lastly,آخر ۾,,آخر ۾
latch,ڪَڙو- ڪُنڍي,,ڪَڙو- ڪُنڍي
late,مري ويل- مرحوم- پهريون- دير سان,,مري ويل- مرحوم- پهريون- دير سان
lately,ٿورو وقت ٿيو,,ٿورو وقت ٿيو
latency,پوشيدگي,,پوشيدگي
latent,لڪل- ڳجهو- ڳچي (گرمي),,لڪل- ڳجهو- ڳچي (گرمي)
lateral,اطرافي- پاسي وارو- ڪڇ وارو- طرف بابت,,اطرافي- پاسي وارو- ڪڇ وارو- طرف بابت
latest,تازو,,تازو
latin,رومي، رومي زبان,,رومي، رومي زبان
latitude,ويڪرائي ڦاڪ- ڍر- ڪشادگي- ڇڙواڳي,,ويڪرائي ڦاڪ- ڍر- ڪشادگي- ڇڙواڳي
latter,پويون,,پويون
lattice,ڄاري- جعفري- ڄاريءَ وارو- ڪاٺيءَ جو ڪم,,ڄاري- جعفري- ڄاريءَ وارو- ڪاٺيءَ جو ڪم
laugh,کل، ٽهڪ (کلڻ، خوش ٿيڻ),,کل، ٽهڪ (کلڻ، خوش ٿيڻ)
laughter,کل، ٽهڪڙو,,کل، ٽهڪڙو
launch,لانچ- موٽر واري ٻيڙي- اُڇل (راڪٽ)- شروع ڪرڻ,,لانچ- موٽر واري ٻيڙي- اُڇل (راڪٽ)- شروع ڪرڻ
laundry,ڌوٻي گهاٽ- ڌوئاڻي- ڌوئاڻي گهر,,ڌوٻي گهاٽ- ڌوئاڻي- ڌوئاڻي گهر
laurel,سدا سائو ٻوٽو,,سدا سائو ٻوٽو
lava,پگهريل ڌاتو ۽ پٿر جيڪو ٻرندڙ جبل مان نڪرندو آهي,,پگهريل ڌاتو ۽ پٿر جيڪو ٻرندڙ جبل مان نڪرندو آهي
lavender,خوشبوءِ دار ٻوٽو جنهن مان سرهو تيل ٺاهبو آهي,,خوشبوءِ دار ٻوٽو جنهن مان سرهو تيل ٺاهبو آهي
law,قانون- اصول ۽ ضابطا,,قانون- اصول ۽ ضابطا
lawful,قاعدي موجب- حقي- جائز- روا- حلال,,قاعدي موجب- حقي- جائز- روا- حلال
lawn,باغيچو- باغ- هڪ قسم جو سوٽي ڪپڙو,,باغيچو- باغ- هڪ قسم جو سوٽي ڪپڙو
lawsuit,مقدمو، دعويٰ,,مقدمو، دعويٰ
lawyer,وڪيل- قانون دان,,وڪيل- قانون دان
lax,ڍلو، نرم، آواره,,ڍلو، نرم، آواره
lay,عام- معمولي- لڳائڻ- رکڻ,,عام- معمولي- لڳائڻ- رکڻ
layer,تهه- پوتي- بيضا ڏيندڙ ڪڪڙِ,,تهه- پوتي- بيضا ڏيندڙ ڪڪڙِ
laying,ترتيب ڏيڻ- بيضو لاهڻ,,ترتيب ڏيڻ- بيضو لاهڻ
layout,خاڪا بندي- خاڪو ڪڍڻ,,خاڪا بندي- خاڪو ڪڍڻ
lazy,سست، ڪاهل,,سست، ڪاهل
lead,رهنمائي ڪرڻ- قيادت ڪرڻ- شيهو,,رهنمائي ڪرڻ- قيادت ڪرڻ- شيهو
leader,قائد- رهنما- اڳواڻ,,قائد- رهنما- اڳواڻ
leaders,اڳواڻَ,,اڳواڻَ
leading,نمايان- اهم- مقتدر,,نمايان- اهم- مقتدر
leaf,پن- ورق,,پن- ورق
leaflet,ننڍو ورق- پنکڙي,,ننڍو ورق- پنکڙي
league,جماعت- اتحاد,,جماعت- اتحاد
leak,ٽپڪڻ- وهڻ,,ٽپڪڻ- وهڻ
leakage,ٽپڪڻ- وهڻ,,ٽپڪڻ- وهڻ
lean,جهڪڻ، اهلڻ، ٽيڪ ڏيڻ، مائل ٿيڻ (سنهو، پتلو، لاغر),,جهڪڻ، اهلڻ، ٽيڪ ڏيڻ، مائل ٿيڻ (سنهو، پتلو، لاغر)
leap,ٽپو ڏيڻ، ڇلانگ لڳائڻ، (ٽپو، ڇلانگ),,ٽپو ڏيڻ، ڇلانگ لڳائڻ، (ٽپو، ڇلانگ)
learn,سکڻ، علم سکڻ، خبر پوڻ، معلوم ڪرڻ,,سکڻ، علم سکڻ، خبر پوڻ، معلوم ڪرڻ
learned,علمي- عالم- فاضل,,علمي- عالم- فاضل
learner,سکڻ وارو- شاگرد,,سکڻ وارو- شاگرد
learning,مدرسو- مڪتب- علم,,مدرسو- مڪتب- علم
lease,مسواڙ تي ڏيڻ- مقاطعي تي ڏيڻ,,مسواڙ تي ڏيڻ- مقاطعي تي ڏيڻ
leased,ٺيڪي هيٺ آيل,,ٺيڪي هيٺ آيل
least,گهٽ ۾ گهٽ,,گهٽ ۾ گهٽ
leather,چمڙو,,چمڙو
leave,موڪل- اجازت ڏيڻ- ڇڏڻ,,موڪل- اجازت ڏيڻ- ڇڏڻ
leaving,ڇڏڻ,,ڇڏڻ
lecture,تقرير- درس- خطبو,,تقرير- درس- خطبو
lecturer,ليڪچرار- تقرير ڪندڙ,,ليڪچرار- تقرير ڪندڙ
lectures,درس- تقريرون- خطبا,,درس- تقريرون- خطبا
ledger,ليکي جو مکيه ڪتاب,,ليکي جو مکيه ڪتاب
lee,پناهه جي جاءِ، جاءِ جنهن ڏانهن هوا لڳي,,پناهه جي جاءِ، جاءِ جنهن ڏانهن هوا لڳي
left,کاٻو- باقي- ڇڏيل,,کاٻو- باقي- ڇڏيل
leg,ٽنگ يا ڄنگهه,,ٽنگ يا ڄنگهه
legacy,ورثو,,ورثو
legal,قانوني- جائز,,قانوني- جائز
legally,قانون موجب,,قانون موجب
legend,داستان- روايت,,داستان- روايت
legendary,ڏند ڪٿا,,ڏند ڪٿا
legion,سپاهين جو گروه، فوج، لشڪر,,سپاهين جو گروه، فوج، لشڪر
legislation,قانون سازي,,قانون سازي
legislative,قانون ساز,,قانون ساز
legislature,قانون ساز مجلس,,قانون ساز مجلس
legitimacy,قانوني- جائز,,قانوني- جائز
legitimate,جائز- قانوني,,جائز- قانوني
leisure,واندڪائي- فرصت,,واندڪائي- فرصت
lemma,بنيادي,,بنيادي
lemon,ليمون,,ليمون
lend,قرض ڏيڻ- اوڌر ڏيڻ,,قرض ڏيڻ- اوڌر ڏيڻ
lender,قرض ڏيندڙ,,قرض ڏيندڙ
lending,قرض ڏيڻ- قرض ڏيندڙ,,قرض ڏيڻ- قرض ڏيندڙ
length,ڊيگهه- مدت- اوچائي,,ڊيگهه- مدت- اوچائي
lengthy,لنبو، ڊگهو,,لنبو، ڊگهو
lens,عينڪ يا دوربينيءَ جو شيشو,,عينڪ يا دوربينيءَ جو شيشو
lent,ايسٽر کان اڳ چاليهه ڏينهن جو روزو اڌارو ڏنل,,ايسٽر کان اڳ چاليهه ڏينهن جو روزو اڌارو ڏنل
leo,شينهن,,شينهن
leopard,چيتو,,چيتو
less,گهٽ,,گهٽ
lesser,گهٽ,,گهٽ
lesson,سبق- درس,,سبق- درس
lest,شايد، متان، مبادا، مڄاڻ,,شايد، متان، مبادا، مڄاڻ
let,ڇڏڻ، موڪل ڏيڻ، مسواڙ تي ڏيڻ,,ڇڏڻ، موڪل ڏيڻ، مسواڙ تي ڏيڻ
lethal,موتمار- نقصانڪار,,موتمار- نقصانڪار
letter,خط- حرف- اکر,,خط- حرف- اکر
lettering,حرف نويسي,,حرف نويسي
letters,حرف,,حرف
letting,ڪرائيداري,,ڪرائيداري
lettuce,ڪاهو، ساڳ,,ڪاهو، ساڳ
level,سطح- هموار,,سطح- هموار
lever,بار کڻڻ جي ڪل، بيرم,,بار کڻڻ جي ڪل، بيرم
levy,محصول- محصول لڳائڻ,,محصول- محصول لڳائڻ
lex,قانون,,قانون
lexicon,لغت- فرهنگ- قاموس,,لغت- فرهنگ- قاموس
liabilities,ذميواريون,,ذميواريون
liability,ذميواري- جوابداري,,ذميواري- جوابداري
liable,ذميدار- ديندار- قابل,,ذميدار- ديندار- قابل
liaison,رابطو,,رابطو
liar,ڪوڙو، دروغ گو,,ڪوڙو، دروغ گو
liberal,حريت پسند- آزاد خيال- آزاد,,حريت پسند- آزاد خيال- آزاد
liberation,آزادي- رهائي,,آزادي- رهائي
liberty,آزادي- حريت,,آزادي- حريت
librarian,لائبريرين- ڪتب خاني جو نگران,,لائبريرين- ڪتب خاني جو نگران
library,ڪتب خانو,,ڪتب خانو
licence,اجازت نامو,,اجازت نامو
licensed,اجازت ورتل,,اجازت ورتل
licensee,لائسنس رکندڙ- اجازت ورتل,,لائسنس رکندڙ- اجازت ورتل
licensing,لائسنس جاري ڪرڻ وارو,,لائسنس جاري ڪرڻ وارو
lick,چٽڻ,,چٽڻ
lid,پڙ، ڊڪ، سرپوش، ڊڪڻ (ڊک جو) ڇپر,,پڙ، ڊڪ، سرپوش، ڊڪڻ (ڊک جو) ڇپر
lie,ڪوڙ ڳالهائڻ، دروغو گوئي ڪرڻ( ڪوڙ),,ڪوڙ ڳالهائڻ، دروغو گوئي ڪرڻ( ڪوڙ)
lien,ملازمت جو حق- قبضي جو حق,,ملازمت جو حق- قبضي جو حق
lieu,عيوض بدران، بجاءِ، بعوض,,عيوض بدران، بجاءِ، بعوض
lieutenant,ليفٽيننٽ,,ليفٽيننٽ
life,زندگي- حيات- جان,,زندگي- حيات- جان
lifecycle,حياتيءَ جو دؤر,,حياتيءَ جو دؤر
lifetime,پوري حياتي,,پوري حياتي
lift,مٿي کڻڻ,,مٿي کڻڻ
lifting,مٿي کڻڻ وارو,,مٿي کڻڻ وارو
light,هلڪو- روشني,,هلڪو- روشني
lighter,روشن ڪندڙ,,روشن ڪندڙ
lighthouse,منار جنهن تي جهاز رانن لاءِ روشن ڪئي وڃي,,منار جنهن تي جهاز رانن لاءِ روشن ڪئي وڃي
lighting,روشني,,روشني
lightly,بيپرواهي سان,,بيپرواهي سان
lightning,بجلي- برق- کنوڻ- وڄ,,بجلي- برق- کنوڻ- وڄ
lights,جانور يا پکيءَ جا ڦڦڙ,,جانور يا پکيءَ جا ڦڦڙ
like,موافق- مشابهت,,موافق- مشابهت
likelihood,گمان، احتمال، قياس,,گمان، احتمال، قياس
likely,متوقع- ممڪن,,متوقع- ممڪن
likewise,ساڳي طرح، ائين، اعليٰ، هذالقياس,,ساڳي طرح، ائين، اعليٰ، هذالقياس
liking,منظوري، پسندي، خواهش، چاهه مزو,,منظوري، پسندي، خواهش، چاهه مزو
lilac,ڪنول جو گل,,ڪنول جو گل
lily,سوسن جو گل,,سوسن جو گل
limb,شاخ، عضوو، انگ، ڏار، ٽاري، لڱ,,شاخ، عضوو، انگ، ڏار، ٽاري، لڱ
lime,چُن,,چُن
limestone,چُن جو پٿر,,چُن جو پٿر
limit,حد- انتها,,حد- انتها
limitation,حدبندي- پابندي,,حدبندي- پابندي
limitations,حدون,,حدون
limited,محدود,,محدود
limiting,محدود ڪندڙ,,محدود ڪندڙ
limits,حدون,,حدون
limp,نرم- منڊڪ,,نرم- منڊڪ
line,قطار- خط- لڪير- سلسلو,,قطار- خط- لڪير- سلسلو
lineage,نسب جو سلسلو,,نسب جو سلسلو
linear,لڪيري- ڊگهي,,لڪيري- ڊگهي
linen,سڻيءَ جو ڪپڙو- سوٽي ڪپڙو,,سڻيءَ جو ڪپڙو- سوٽي ڪپڙو
liner,ليڪيندڙ,,ليڪيندڙ
lines,سلسلا- قطارون,,سلسلا- قطارون
ling,هڪ قسم جي مڇي,,هڪ قسم جي مڇي
linguistic,لساني- لسانياتي,,لساني- لسانياتي
linguistics,لسانيات,,لسانيات
lining,استر- صف بندي,,استر- صف بندي
link,رابطو- تعلق- جوڙ,,رابطو- تعلق- جوڙ
linkage,رابطه ڪاري,,رابطه ڪاري
linked,مربوط- رابطي ۾ آيل,,مربوط- رابطي ۾ آيل
lion,شينهن,,شينهن
lip,چپ، لب، ڪنو، ڪنهن چيز جو ڪنارو,,چپ، لب، ڪنو، ڪنهن چيز جو ڪنارو
lipid,روغني جزو، سڻڀ، لحميات، روغنيات، چرٻي,,روغني جزو، سڻڀ، لحميات، روغنيات، چرٻي
liquid,پٽڙو- پاڻيٺ,,پٽڙو- پاڻيٺ
liquidation,ڪاروبار جو ختم ٿيڻ- ڏيوالو نڪرڻ,,ڪاروبار جو ختم ٿيڻ- ڏيوالو نڪرڻ
liquidity,پاڻياٺ,,پاڻياٺ
liquor,شراب- عرق,,شراب- عرق
lisp,ٻاتو ڳالهائڻ، ٻارن وانگر لفظ ڪڍڻ,,ٻاتو ڳالهائڻ، ٻارن وانگر لفظ ڪڍڻ
list,فهرست- لسٽ,,فهرست- لسٽ
listed,فهرست ۾ شامل- درج ڪيل,,فهرست ۾ شامل- درج ڪيل
listen,ڌيان ڏيڻ، ٻڌڻ، ڪن ڏيڻ، متوج ٿيڻ، حڪم مڃڻ,,ڌيان ڏيڻ، ٻڌڻ، ڪن ڏيڻ، متوج ٿيڻ، حڪم مڃڻ
literacy,خواندگي- پڙهائي- تعليم,,خواندگي- پڙهائي- تعليم
literal,اکري- لفظي- حرفي,,اکري- لفظي- حرفي
literally,لفظي، حقيقتا، سچي پچي,,لفظي، حقيقتا، سچي پچي
literary,ادبي- علمي- عالم- فاضل,,ادبي- علمي- عالم- فاضل
literature,علم ادب- ادب,,علم ادب- ادب
litigation,مقدمي بازي,,مقدمي بازي
litre,پاڻياٺ جو ماپو- اٽڪل سير جي ماپ,,پاڻياٺ جو ماپو- اٽڪل سير جي ماپ
litter,ڏولي- جهول- ڪچرو,,ڏولي- جهول- ڪچرو
little,ٿورو ڪم، حقير، مختصر، ننڍو ڪجهه، خسيس,,ٿورو ڪم، حقير، مختصر، ننڍو ڪجهه، خسيس
live,زنده- زنده هجڻ/ رهڻ- سڌو سنئون- روان,,زنده- زنده هجڻ/ رهڻ- سڌو سنئون- روان
lively,تازه دم، زنده، چالاڪ، هوشيار، ڦڙت,,تازه دم، زنده، چالاڪ، هوشيار، ڦڙت
liver,جگر- جيرو,,جگر- جيرو
livestock,پالتو جانور- چؤپايا- ڍور ڍڳا,,پالتو جانور- چؤپايا- ڍور ڍڳا
living,جاندار- زندهه,,جاندار- زندهه
lizard,ڪرڙي,,ڪرڙي
lo,ڏس,,ڏس
load,وزن- بار,,وزن- بار
loading,لڏڻ- ڀرڻ- لڏائي,,لڏڻ- ڀرڻ- لڏائي
loan,قرض,,قرض
loans,قرضَ,,قرضَ
lob,سست آدمي,,سست آدمي
lobby,اڳيون دالان، ڏيڍي,,اڳيون دالان، ڏيڍي
lobster,جهينگو مڇي، گانگٽ,,جهينگو مڇي، گانگٽ
local,مقامي- مڪاني,,مقامي- مڪاني
locality,جاءِ- مقام- علائقو- محلو,,جاءِ- مقام- علائقو- محلو
localization,ڪنهن خاص جاءِ تي محدود ڪرڻ,,ڪنهن خاص جاءِ تي محدود ڪرڻ
locally,مقامي طور تي,,مقامي طور تي
locate,هنڌ لهڻ، ڪنهن جاءِ وهارڻ، ترار ڏيڻ,,هنڌ لهڻ، ڪنهن جاءِ وهارڻ، ترار ڏيڻ
location,مقام- جڳهه- هنڌ,,مقام- جڳهه- هنڌ
loch,جڳهه، مقام، جاءِ، هنڌ,,جڳهه، مقام، جاءِ، هنڌ
lock,قفل- تالو,,قفل- تالو
locked,بند ٿيل,,بند ٿيل
locking,تالابندي,,تالابندي
locus,مقام- جڳهه- هنڌ- وقوع واري جاءِ جتي واقعو ٿئي.,,مقام- جڳهه- هنڌ- وقوع واري جاءِ جتي واقعو ٿئي.
lodge,رهائش گاهه,,رهائش گاهه
lodging,قيام- رهائش- قيام گاهه,,قيام- رهائش- قيام گاهه
loft,بالاخانو، دوڇتي، بام، منزل، بلندي,,بالاخانو، دوڇتي، بام، منزل، بلندي
log,بُنڊ- دوڳي- لٺ- شهتير,,بُنڊ- دوڳي- لٺ- شهتير
logic,علم منطق,,علم منطق
logical,منطقي,,منطقي
logistics,حساب- عملي حساب- علم منطق,,حساب- عملي حساب- علم منطق
logo,ڪنھن خاص موقعي يا ڪمپنيءَ لاءِ سڃاڻپ جو نشان، لوگو، امتيازي يا خاص نشان,,ڪنھن خاص موقعي يا ڪمپنيءَ لاءِ سڃاڻپ جو نشان، لوگو، امتيازي يا خاص نشان
lonely,اڪيلو، تنها، سنسان، ڇڙو,,اڪيلو، تنها، سنسان، ڇڙو
long,وڏو- ڊگهو,,وڏو- ڊگهو
longevity,عمر جي ڊيگھ،وڏي عمر،غمر،ڄمار حياتي جو مدو,,عمر جي ڊيگھ،وڏي عمر،غمر،ڄمار حياتي جو مدو
longitude,ڊگهائي ڦاڪ,,ڊگهائي ڦاڪ
longitudinal,ڊيگهه بابت,,ڊيگهه بابت
look,ڏسڻ، نهارڻ، اميد رکڻ، انتظار ڪرڻ، ڳولهڻ، خيال ڪرڻ,,ڏسڻ، نهارڻ، اميد رکڻ، انتظار ڪرڻ، ڳولهڻ، خيال ڪرڻ
lookout,نگهباني,,نگهباني
loop,ڪڙو- ڪاڄ- ڦاهو- ڦندو,,ڪڙو- ڪاڄ- ڦاهو- ڦندو
loose,ڍرو- کليل,,ڍرو- کليل
lord,سردار، ڌني خاوند، حاڪم، شوهر، مڙس,,سردار، ڌني خاوند، حاڪم، شوهر، مڙس
lore,تعليم، علم، فضل، ۽ هنر، عقل,,تعليم، علم، فضل، ۽ هنر، عقل
lose,ضايع ڪرڻ، وڃائڻ، هارائڻ، گم ڪرڻ تلف ڪرڻ، ڀلجڻ، برباد ڪرڻ,,ضايع ڪرڻ، وڃائڻ، هارائڻ، گم ڪرڻ تلف ڪرڻ، ڀلجڻ، برباد ڪرڻ
loss,گهاٽو- نقصان- خسارو- ٽوٽو- جوکو,,گهاٽو- نقصان- خسارو- ٽوٽو- جوکو
lost,گمشدگي- گم ٿيل,,گمشدگي- گم ٿيل
lot,ڪُڻو- نصيب- پُکو- حصو- ورڇ,,ڪُڻو- نصيب- پُکو- حصو- ورڇ
lotion,لوشن- محلول,,لوشن- محلول
lottery,لاٽري- ڪُڻو ڪڍڻ- قرعه اندازي,,لاٽري- ڪُڻو ڪڍڻ- قرعه اندازي
lotus,ڪنول (گل),,ڪنول (گل)
loud,پرشور، ڏاڍيان، زور سان، وڏي آواز,,پرشور، ڏاڍيان، زور سان، وڏي آواز
lounge,لائونج- ويهڻ وارو ڪمرو,,لائونج- ويهڻ وارو ڪمرو
love,پيار ڪرڻ، محبت ڪرڻ، پسند ڪرڻ، چاهڻ (پيار، محبت، عشق),,پيار ڪرڻ، محبت ڪرڻ، پسند ڪرڻ، چاهڻ (پيار، محبت، عشق)
lovely,دلفريب، دلچسپ، محبوب، دل موهيندڙ، دل ڪش,,دلفريب، دلچسپ، محبوب، دل موهيندڙ، دل ڪش
lover,عاشق، محبت ڪندڙ,,عاشق، محبت ڪندڙ
low,گهٽ- هيٺيون,,گهٽ- هيٺيون
lower,هيٺ ڀرو- ڪمتر- ادنيٰ- هيٺ ڪرڻ,,هيٺ ڀرو- ڪمتر- ادنيٰ- هيٺ ڪرڻ
lowest,انتهائي گهٽ,,انتهائي گهٽ
loyal,وفادار,,وفادار
loyalty,وفاداري,,وفاداري
lucent,روشن، چمڪندڙ,,روشن، چمڪندڙ
luck,ڀاڳ، قسمت، نصيب، اتفاق,,ڀاڳ، قسمت، نصيب، اتفاق
lucky,خوش نصيب، ڀاڳوان، اقبال مند,,خوش نصيب، ڀاڳوان، اقبال مند
lug,ڇڪڻ,,ڇڪڻ
luggage,مسافريءَ جو سامان- مال اسباب,,مسافريءَ جو سامان- مال اسباب
lumber,بيڪار چيزون، ڪاٻاڙ,,بيڪار چيزون، ڪاٻاڙ
lump,يڪمشت- سمورو- هڪ ئي وقت تي- ڪٺو,,يڪمشت- سمورو- هڪ ئي وقت تي- ڪٺو
luna,چنڊ متعلق ، چاندي,,چنڊ متعلق ، چاندي
lunar,چنڊ جهڙو,,چنڊ جهڙو
lunch,منجهند جي ماني,,منجهند جي ماني
lung,ڦڦڙ,,ڦڦڙ
lungs,ڦڦڙ,,ڦڦڙ
lure,لالچائڻ، برغلائڻ، (لالچ، طمع، دلبو),,لالچائڻ، برغلائڻ، (لالچ، طمع، دلبو)
lust,شهوت، ترشنا,,شهوت، ترشنا
luxurious,پرآسائش، عيش وارو، عياش,,پرآسائش، عيش وارو، عياش
luxury,عيش عشرت، سٺو کائڻ پيئڻ ۽ رهڻ,,عيش عشرت، سٺو کائڻ پيئڻ ۽ رهڻ
lying,ڪوڙو، دروغگو، ليٽيل، سمهيل، پيل,,ڪوڙو، دروغگو، ليٽيل، سمهيل، پيل
lymph,لعاب، پاڻي، ٽڪن جو ٻج,,لعاب، پاڻي، ٽڪن جو ٻج
lymphoma,موتمار ٺوس، ڳوڙھي دار غدود، جيڪو (لمف نوڊ) لعابي غدود ۽ ان سان لاڳاپيل اوڄ ۽ ھڏن جي مک سان ڳنڍيل ھجي . Solid malignant tumors of the lymph nodes and associated tissues or bonemarrow.,,موتمار ٺوس، ڳوڙھي دار غدود، جيڪو (لمف نوڊ) لعابي غدود ۽ ان سان لاڳاپيل اوڄ ۽ ھڏن جي مک سان ڳنڍيل ھجي . Solid malignant tumors of the lymph nodes and associated tissues or bonemarrow.
lynch,بي قانون موت جي سزا ڏيڻ,,بي قانون موت جي سزا ڏيڻ
lynx,جهنگلي ٻلو,,جهنگلي ٻلو
lyric,شاعري، ڪافي، گيت,,شاعري، ڪافي، گيت
m,انگريزي الفابيٽ جو تيرهون اکر,,انگريزي الفابيٽ جو تيرهون اکر
mac,پٽ,,پٽ
machine,ڪَل- سانچو- مشين,,ڪَل- سانچو- مشين
machinery,مشينري- ڪُل پرزا- ڪَلُون,,مشينري- ڪُل پرزا- ڪَلُون
machining,مشين ڪاري,,مشين ڪاري
macro,ڪبير- اڪبر- وڏو,,ڪبير- اڪبر- وڏو
mad,پاڳل- چريو,,پاڳل- چريو
madam,محترمه- مادام,,محترمه- مادام
made,ٺاهيل- تيار ڪيل,,ٺاهيل- تيار ڪيل
madness,چريائي- ديوانگي,,چريائي- ديوانگي
madonna,بي بي مريم يا ان جي تصوير,,بي بي مريم يا ان جي تصوير
mag,مئگزين، رسالي لاءِ استعمال ٿيندڙ ٿور اکري، رسالي لاءِ انگريزي مخفف,,مئگزين، رسالي لاءِ استعمال ٿيندڙ ٿور اکري، رسالي لاءِ انگريزي مخفف
magazine,مخزن- رسالو- گودام- بندوق ۾ ڪارتوس وجهڻ واري جاءِ,,مخزن- رسالو- گودام- بندوق ۾ ڪارتوس وجهڻ واري جاءِ
magenta,روغني، ميجنٽا,,روغني، ميجنٽا
magic,جادو، طلسم,,جادو، طلسم
magical,جادوءَ جو، طلسمي,,جادوءَ جو، طلسمي
magician,جادوگر، جادو جو ماهر,,جادوگر، جادو جو ماهر
magistrate,فوجداري ڪيس هلائيندڙ جج,,فوجداري ڪيس هلائيندڙ جج
magnet,چقمق,,چقمق
magnetic,چقمقي,,چقمقي
magnificent,عمدو، شاندار، عاليشان,,عمدو، شاندار، عاليشان
magnitude,وسعت- اهميت- قدر,,وسعت- اهميت- قدر
magnum,نيڪي- خير,,نيڪي- خير
mahogany,هڪ قسم جو سخت ڳاڙهو ڪاٺ,,هڪ قسم جو سخت ڳاڙهو ڪاٺ
maid,ڪنواري ڇوڪري، نوڪرياڻي,,ڪنواري ڇوڪري، نوڪرياڻي
maiden,ڪنواري، ڪنوار جو، ريشم ڌوئڻ جي ڪل,,ڪنواري، ڪنوار جو، ريشم ڌوئڻ جي ڪل
mail,ٽپال,,ٽپال
main,اصل- اهم- وڏو,,اصل- اهم- وڏو
mainland,کنڊ، ملائيندڙ ٻيٽ,,کنڊ، ملائيندڙ ٻيٽ
mainly,اڪثر، گهڻو ڪري، خصوصاً,,اڪثر، گهڻو ڪري، خصوصاً
mainstream,سرچشمو- وڏي ندي- وڏو وهڪرو,,سرچشمو- وڏي ندي- وڏو وهڪرو
maintain,قائم رکڻ- نگراني ڪرڻ- سنڀالڻ- تيار رکڻ- تيار ڪرڻ,,قائم رکڻ- نگراني ڪرڻ- سنڀالڻ- تيار رکڻ- تيار ڪرڻ
maintenance,قيام- گذارو- سار سنڀال- نگراني,,قيام- گذارو- سار سنڀال- نگراني
maize,مڪائي- مڪئي,,مڪائي- مڪئي
majestic,شاهاڻو، شاندار، شاهي,,شاهاڻو، شاندار، شاهي
majesty,شان شوڪت، رعب، جلال,,شان شوڪت، رعب، جلال
major,ميجر- بالغ- وڏو,,ميجر- بالغ- وڏو
majordomo,گهر جو نوڪر,,گهر جو نوڪر
majority,اڪثريت- بلوغت,,اڪثريت- بلوغت
make,ٺاهڻ- تيار ڪرڻ- بناوت,,ٺاهڻ- تيار ڪرڻ- بناوت
makeover,حوالي ڪرڻ- منتقل ڪرڻ,,حوالي ڪرڻ- منتقل ڪرڻ
maker,ٺاهيندڙ، ٺاهڻ وارو، خالق,,ٺاهيندڙ، ٺاهڻ وارو، خالق
makeup,کوٽ پوري ڪرڻ- صفحو ٺاهڻ,,کوٽ پوري ڪرڻ- صفحو ٺاهڻ
making,ٺاهڻ- تيار ڪرڻ- ترڪيب- بناوت,,ٺاهڻ- تيار ڪرڻ- ترڪيب- بناوت
mal,خرابي- برائي,,خرابي- برائي
malaria,مليريا (مڇرن واري بخار جو قسم),,مليريا (مڇرن واري بخار جو قسم)
male,نر- مذڪر- نرينو- مرد,,نر- مذڪر- نرينو- مرد
malicious,بدخواهيءَ تي ٻَڌل- بدنيتيءَ تي ٻَڌل,,بدخواهيءَ تي ٻَڌل- بدنيتيءَ تي ٻَڌل
malignant,موذي- شديد- نقصانڪار,,موذي- شديد- نقصانڪار
mall,مترڪو، ننڍو رستو، سيرگاه ڪٽڻ,,مترڪو، ننڍو رستو، سيرگاه ڪٽڻ
malpractice,بدعنواني,,بدعنواني
mammals,بُبا- اُرهه- ٿڻ,,بُبا- اُرهه- ٿڻ
mammoth,تمام وڏو، عظيم، شاهي، هيبت جو هاٿي,,تمام وڏو، عظيم، شاهي، هيبت جو هاٿي
man,انسان- ماڻهو,,انسان- ماڻهو
manage,انتظام ڪرڻ- انجام ڏيڻ,,انتظام ڪرڻ- انجام ڏيڻ
managed,منظم- ترتيب سان,,منظم- ترتيب سان
management,انتظاميه- انتظام,,انتظاميه- انتظام
manager,منتظم- انتظام سنڀاليندڙ,,منتظم- انتظام سنڀاليندڙ
managerial,انتظامي,,انتظامي
managing,انتظامي,,انتظامي
mandate,حڪم- عدالت جو تاڪيدي حڪم- هدايت- فرمان,,حڪم- عدالت جو تاڪيدي حڪم- هدايت- فرمان
mandatory,حڪمي- تاڪيدي,,حڪمي- تاڪيدي
mandrake,هڪ ٻوٽي، لکما لکڻي,,هڪ ٻوٽي، لکما لکڻي
mango,انب,,انب
mania,ماليخوليا- خبط- سوداءُ- چريائپ,,ماليخوليا- خبط- سوداءُ- چريائپ
manifest,کُليل- پڌري- واضح- سامان جي فهرست,,کُليل- پڌري- واضح- سامان جي فهرست
manifesto,منشور,,منشور
manifold,قسمين قسمين- گهڻا- انيڪ,,قسمين قسمين- گهڻا- انيڪ
manipulate,نقلي جوڙجڪ، ھٿرادو ٺاھڻ، جوڙ توڙ، مٽ سٽ,,نقلي جوڙجڪ، ھٿرادو ٺاھڻ، جوڙ توڙ، مٽ سٽ
manipulation,هيرڦير- سازباز ڪرڻ- جوڙٽوڙ ڪرڻ,,هيرڦير- سازباز ڪرڻ- جوڙٽوڙ ڪرڻ
mankind,انسان، خلق,,انسان، خلق
manner,طور طريقو- سليقو- انداز,,طور طريقو- سليقو- انداز
manners,طور طريقا- آداب,,طور طريقا- آداب
manor,جاگير,,جاگير
manpower,افرادي قوت,,افرادي قوت
mansion,محلات، حويلي، جڳهه، گهر,,محلات، حويلي، جڳهه، گهر
mantle,لباتو، چوغو، بجليءَ جو پوپو ڍڪڻ، لڄائڻ,,لباتو، چوغو، بجليءَ جو پوپو ڍڪڻ، لڄائڻ
manual,معلوماتي ڪتابڙو- هٿن جو,,معلوماتي ڪتابڙو- هٿن جو
manufacture,صنعت- دستڪاري,,صنعت- دستڪاري
manufactured,تيار ڪيل,,تيار ڪيل
manufacturer,صنعتڪار- دستڪار,,صنعتڪار- دستڪار
manufactures,هٿ جون ٺهيل شيون- تيار ڪيل شيون,,هٿ جون ٺهيل شيون- تيار ڪيل شيون
manufacturing,صنعتي- صنعتڪاري,,صنعتي- صنعتڪاري
manure,ڀاڻ,,ڀاڻ
manuscript,مسودو- قلمي نسخو- قلمي مخطوطو,,مسودو- قلمي نسخو- قلمي مخطوطو
many,گهڻا، ڪيترائي، تمام گهڻا,,گهڻا، ڪيترائي، تمام گهڻا
map,نقشو,,نقشو
maple,هڪ وڻ جو قسم,,هڪ وڻ جو قسم
mapping,نقشا ٺاهڻ جو فن,,نقشا ٺاهڻ جو فن
marble,سنگ مرمر,,سنگ مرمر
march,پنڌ- ڪُوچ ڪرڻ- مارچ ڪرڻ- عيسوي سال جو ٽيون مهينو,,پنڌ- ڪُوچ ڪرڻ- مارچ ڪرڻ- عيسوي سال جو ٽيون مهينو
marching,ڪوچ ڪندڙ,,ڪوچ ڪندڙ
mare,گهوڙي,,گهوڙي
margin,حاشيو- گنجائش- حد,,حاشيو- گنجائش- حد
marginal,حاشيائي- معمولي- اختتامي,,حاشيائي- معمولي- اختتامي
marine,بحريه- بحري- سامونڊي- بحري فوج جو سپاهي,,بحريه- بحري- سامونڊي- بحري فوج جو سپاهي
mariner,جهاز هلائيندڙ- سامونڊي- جهازي- ملاح,,جهاز هلائيندڙ- سامونڊي- جهازي- ملاح
marital,ازدواجي,,ازدواجي
maritime,بحري- ساحلي,,بحري- ساحلي
mark,نشان- علامت,,نشان- علامت
marked,نمبر ڏنل- نشان ڏنل- نمايان,,نمبر ڏنل- نشان ڏنل- نمايان
marker,نشان لڳائڻ وارو- مارڪر,,نشان لڳائڻ وارو- مارڪر
market,مارڪيٽ- بازار- منڊي,,مارڪيٽ- بازار- منڊي
marketing,بازارڪاري- وڪري لاءِ مشهوريءَ جو عمل,,بازارڪاري- وڪري لاءِ مشهوريءَ جو عمل
marking,نشان لڳائڻ- نمبر لڳائڻ- امتحاني پرچن ۾ مارڪون ڏيڻ,,نشان لڳائڻ- نمبر لڳائڻ- امتحاني پرچن ۾ مارڪون ڏيڻ
marks,نمبر- نشانيون- مارڪون,,نمبر- نشانيون- مارڪون
marriage,پرڻو- وِهانءُ- شادي- نڪاح,,پرڻو- وِهانءُ- شادي- نڪاح
married,شادي شده- پرڻيل,,شادي شده- پرڻيل
marrow,مغز، هڏين ۾ اندر پيل گودو,,مغز، هڏين ۾ اندر پيل گودو
mars,منگل گره، مريخ,,منگل گره، مريخ
marsh,گَپ- ڌُٻڻ,,گَپ- ڌُٻڻ
marshal,ترتيب ۾ رکڻ,,ترتيب ۾ رکڻ
mart,تجارتي مرڪز- واپاري مرڪز- مَنڊي,,تجارتي مرڪز- واپاري مرڪز- مَنڊي
martial,فوجي- عسڪري,,فوجي- عسڪري
martin,هڪ قسم جو ابابيل پکي,,هڪ قسم جو ابابيل پکي
marvelous,عجيب، اچرج جهڙو,,عجيب، اچرج جهڙو
mask,نقاب- پردو,,نقاب- پردو
mason,رازو- مستري,,رازو- مستري
masonry,اوڏڪو ڪم- اوساري- چُنائي- تعمير- اڏاوت,,اوڏڪو ڪم- اوساري- چُنائي- تعمير- اڏاوت
mass,مادو- عوام الناس- اجتماع- ماڻهن جو ميڙ- انبوهه,,مادو- عوام الناس- اجتماع- ماڻهن جو ميڙ- انبوهه
massacre,ڪوس، قتل عام، خونريزي (خونريزي ڪرڻ),,ڪوس، قتل عام، خونريزي (خونريزي ڪرڻ)
massage,مالش، تري ڏيارڻ، آڍڻ,,مالش، تري ڏيارڻ، آڍڻ
masses,عوام- عوام الناس- جمهور,,عوام- عوام الناس- جمهور
massive,ڳرو- وزني- وڏو ۽ وسيع,,ڳرو- وزني- وڏو ۽ وسيع
mast,بادبان جو ٿنڀو- مستول (جهاز)- جوز- (نباتيات),,بادبان جو ٿنڀو- مستول (جهاز)- جوز- (نباتيات)
master,مالڪ- استاد- اصل- آقا,,مالڪ- استاد- اصل- آقا
masterpiece,شاهڪار,,شاهڪار
mastery,سوڀ، قبضو، ذور، حڪم,,سوڀ، قبضو، ذور، حڪم
masturbation,مشتزني، هٿ رس,,مشتزني، هٿ رس
mat,تڏو- پائدان,,تڏو- پائدان
match,مقابلو- جوڙ- راند- ماچس,,مقابلو- جوڙ- راند- ماچس
matching,ملائڻ- يڪسان ٿيڻ,,ملائڻ- يڪسان ٿيڻ
mate,ساٿي- رفيق- جوڙو,,ساٿي- رفيق- جوڙو
material,مواد- سامان- اهم-مادي,,مواد- سامان- اهم-مادي
materially,حقيقت ۾، گهڻي قدر، جسماني,,حقيقت ۾، گهڻي قدر، جسماني
materials,شي شڪل، سامان,,شي شڪل، سامان
maternal,مادري – ناناڻو,,مادري – ناناڻو
maternity,ويم- زچگي,,ويم- زچگي
math,درد، سور,,درد، سور
mathematical,حسابي- رياضيءَ سان لاڳاپيل,,حسابي- رياضيءَ سان لاڳاپيل
mathematics,علم رياضي,,علم رياضي
matrix,سانچو- رحم- قالب- نشونما واري جاءِ,,سانچو- رحم- قالب- نشونما واري جاءِ
matter,معاملو- اَمر- مادو,,معاملو- اَمر- مادو
matters,اُمور- معاملا,,اُمور- معاملا
mattress,گَدو,,گَدو
mature,پختو- بالغ- واجب الادا (هنڊي وغيره)- ڪامل,,پختو- بالغ- واجب الادا (هنڊي وغيره)- ڪامل
maturity,پختگي- واجب الادائي (هنڊي)- بلوغت,,پختگي- واجب الادائي (هنڊي)- بلوغت
maxim,اصول- قاعدو- مقولو,,اصول- قاعدو- مقولو
maximal,وڏو- وڌ ۾ وڌ,,وڏو- وڌ ۾ وڌ
maximum,وڌ کان وڌ- ڪثرت- وڏي ۾ وڏو,,وڌ کان وڌ- ڪثرت- وڏي ۾ وڏو
may,ٿي سگهڻ- ٿيڻ- مئي مهينو,,ٿي سگهڻ- ٿيڻ- مئي مهينو
maybe,هجي، هوندو,,هجي، هوندو
mayor,ميئر- بلديه جو سربراهه,,ميئر- بلديه جو سربراهه
maze,ور وڪڙ وارو- رستو,,ور وڪڙ وارو- رستو
me,آءٌ، مان، مون کي,,آءٌ، مان، مون کي
mead,ماکيءَ سان گڏيل لغت وارو پاڻي، چراگاه,,ماکيءَ سان گڏيل لغت وارو پاڻي، چراگاه
meadow,چراگاهه,,چراگاهه
meal,کاڌو- طعام- ماني,,کاڌو- طعام- ماني
mean,ڪمينو- مطلبي- ڪم ظرف- سراسري- مطلب,adverb,ڪمينو- مطلبي- ڪم ظرف- سراسري- مطلب
meaning,معنيٰ- مفهوم,,معنيٰ- مفهوم
meaningless,بي معنيٰ، بي مطلب، بنا مقصد,,بي معنيٰ، بي مطلب، بنا مقصد
means,ذريعا- وسيلا,,ذريعا- وسيلا
meantime,درميانو وقت ، سراسري سگھ،,,درميانو وقت ، سراسري سگھ،
meanwhile,تنهن وچ ۾، ايتري ۾,,تنهن وچ ۾، ايتري ۾
measurable,پلڻ جي لائق، ماپ جهڙو، ماپ جوڳو,,پلڻ جي لائق، ماپ جهڙو، ماپ جوڳو
measure,پيمانو- تدبير- ماپڻ,,پيمانو- تدبير- ماپڻ
measured,توريل تڪيل، ماپيل,,توريل تڪيل، ماپيل
measurement,ماپ- پيمائش,,ماپ- پيمائش
measures,تدبيرون/ اپاءُ,,تدبيرون/ اپاءُ
measuring,ماپ- پيمائش,,ماپ- پيمائش
meat,گوشت,,گوشت
mechanic,مستري- مشين ساز- مڪينڪ,,مستري- مشين ساز- مڪينڪ
mechanical,مشيني,,مشيني
mechanics,ميڪانيت- مشيني ڄاڻ,,ميڪانيت- مشيني ڄاڻ
mechanism,ميڪانيت- طريقيڪار,,ميڪانيت- طريقيڪار
medal,ميڊل- تمغو- ٻلو,,ميڊل- تمغو- ٻلو
media,رابطي جا ذريعا- ريڊيو ٽي وي اخبارون وغيره,,رابطي جا ذريعا- ريڊيو ٽي وي اخبارون وغيره
median,وچ وارو- وسطي,,وچ وارو- وسطي
mediation,ثالثي- اڻ ڌري مصالحت- صلح صفائي- ٽياڪڙي,,ثالثي- اڻ ڌري مصالحت- صلح صفائي- ٽياڪڙي
mediator,ٽياڪڙ- ثالث- شفيع- نبيرو ڪندڙ,,ٽياڪڙ- ثالث- شفيع- نبيرو ڪندڙ
medical,طبي,,طبي
medically,طبي طور تي,,طبي طور تي
medicinal,دوائي- طبي,,دوائي- طبي
medicine,طبي- دوا- طب جو علم,,طبي- دوا- طب جو علم
meditation,غور و فڪر- مراقبو,,غور و فڪر- مراقبو
medium,ذريعو- وچيون- وچولو (درجو)- وسيلو,,ذريعو- وچيون- وچولو (درجو)- وسيلو
medley,گڏيل، گڏوچڙ، گاڏڙ,,گڏيل، گڏوچڙ، گاڏڙ
meet,گڏجڻ- ملڻ- پورو ڪرڻ- ادائگي ڪرڻ,,گڏجڻ- ملڻ- پورو ڪرڻ- ادائگي ڪرڻ
meeting,اجلاس- گڏجاڻي,,اجلاس- گڏجاڻي
melody,ترانو، لات، مٺو آواز، سر,,ترانو، لات، مٺو آواز، سر
melting,پگهرجڻ وارو نقطو,,پگهرجڻ وارو نقطو
member,رڪن- ميمبر- ڀاتي,,رڪن- ميمبر- ڀاتي
members,رُڪن (جمع),,رُڪن (جمع)
membership,رڪنيت,,رڪنيت
membrane,جهلي- پردو- تهه,,جهلي- پردو- تهه
memo,يادداشت,,يادداشت
memoirs,يادگيريون- سرگزشت,,يادگيريون- سرگزشت
memorable,مشهور، ياد هئڻ جهڙو,,مشهور، ياد هئڻ جهڙو
memorandum,يادداشت- تحريري يادگار,,يادداشت- تحريري يادگار
memorial,ميموريل- يادگار- عرض,,ميموريل- يادگار- عرض
memory,يادگيري- حافظو,,يادگيري- حافظو
men,مرد,,مرد
menace,ڌمڪي- خطرو- وبال- آفت,,ڌمڪي- خطرو- وبال- آفت
menopause,حيض بند ٿيڻ,,حيض بند ٿيڻ
mental,ذهني- دماغي,,ذهني- دماغي
mentally,ذهني طور تي- دماغي طور تي,,ذهني طور تي- دماغي طور تي
mentioned,ذڪر ڪيل,,ذڪر ڪيل
mentor,وفادار صلاح ڪار، داناءُ,,وفادار صلاح ڪار، داناءُ
menu,مختلف کاڌن بابت فهرست- ڪرائي نامو,,مختلف کاڌن بابت فهرست- ڪرائي نامو
mercer,ريشم وڪڻندڙ,,ريشم وڪڻندڙ
merchandise,واپار، مال، سوداگري، وکر,,واپار، مال، سوداگري، وکر
merchant,واپاري- سوداگر- وڻجارو,,واپاري- سوداگر- وڻجارو
merchants,واپاري (جمع),,واپاري (جمع)
mercury,پارو,,پارو
mercy,رحم- قياس,,رحم- قياس
mere,صرف- رڳو,,صرف- رڳو
merely,رڳو، فقط، صرف,,رڳو، فقط، صرف
merge,ضم ڪرڻ- ضم ٿيڻ,,ضم ڪرڻ- ضم ٿيڻ
merger,ضم ٿيڻ واري حالت- ميلاپ,,ضم ٿيڻ واري حالت- ميلاپ
meridian,انتهائي حد- نصف النهار- ڊگهائي ڦاڪ جو دائرو,,انتهائي حد- نصف النهار- ڊگهائي ڦاڪ جو دائرو
merit,قابليت- مستحق ٿيڻ- سزاوار ٿيڻ,,قابليت- مستحق ٿيڻ- سزاوار ٿيڻ
merits,خوبيون- صفتون- ڪوائف,adjective,خوبيون- صفتون- ڪوائف
merlin,هڪ قسم جو باز,,هڪ قسم جو باز
mermaid,جل ماڻهو، دريائي جانور، اڌ زال اڌ مڇي,,جل ماڻهو، دريائي جانور، اڌ زال اڌ مڇي
merry,مزي ۾، کلائيندڙ، خوش,,مزي ۾، کلائيندڙ، خوش
mesh,ڄار- ڦندو,,ڄار- ڦندو
mess,ميس- فوجي طعام گاهه,,ميس- فوجي طعام گاهه
message,پيغام- اطلاع- نياپو,,پيغام- اطلاع- نياپو
messenger,پيغام پهچائيندڙ,,پيغام پهچائيندڙ
messiah,مسيح، ڪرست,,مسيح، ڪرست
metal,ڌاتو,,ڌاتو
metallic,ڌاتوءَ وارو,,ڌاتوءَ وارو
metaphor,استعارو، ڀيٽ ڪرڻ جي طرز، تشبيھ,,استعارو، ڀيٽ ڪرڻ جي طرز، تشبيھ
meteorological,موسمياتي,,موسمياتي
meteorology,موسميات جو علم,,موسميات جو علم
meter,ميٽر- پيمانو,,ميٽر- پيمانو
method,طريقو- ڍنگ- اسلوب,,طريقو- ڍنگ- اسلوب
methodology,اصول ۽ طريقا- طريقن جو نظام,,اصول ۽ طريقا- طريقن جو نظام
metre,وزن، بحر، ماپ، قافيو,,وزن، بحر، ماپ، قافيو
metric,ميٽرڪ- اعشاري- ميٽري,,ميٽرڪ- اعشاري- ميٽري
metro,تور، ماپ، پيمائش,,تور، ماپ، پيمائش
metropolis,گاديءَ جو هنڌ، تخت وارو شهر,,گاديءَ جو هنڌ، تخت وارو شهر
metropolitan,ملڪ جو مکيه شهر اهم ترين شهر,,ملڪ جو مکيه شهر اهم ترين شهر
micro,ننڍو-خورد- جزوي,,ننڍو-خورد- جزوي
microbiology,علم خورد جراثيم، علم خورد حيات، حياتيات,,علم خورد جراثيم، علم خورد حيات، حياتيات
micron,خورد، باريڪ، ننڍو، خورد مايو,,خورد، باريڪ، ننڍو، خورد مايو
microscope,خوردبيني,,خوردبيني
microscopic,خوردبيني,,خوردبيني
microscopy,خوردبيني مشاهدو، خوردبين، علم خوردبين,,خوردبيني مشاهدو، خوردبين، علم خوردبين
mid,اڌ- وچ,,اڌ- وچ
middle,وچون- درمياني,,وچون- درمياني
midland,وچولو ملڪ، ملڪ جو وچون ڀاڱو جو سمنڊ کان پري هجي,,وچولو ملڪ، ملڪ جو وچون ڀاڱو جو سمنڊ کان پري هجي
midnight,اڌ رات,,اڌ رات
midst,وچ- دوران- درميان- وچ ۾,,وچ- دوران- درميان- وچ ۾
midway,اڌ رستي ۾، وچ ۾,,اڌ رستي ۾، وچ ۾
might,طاقت، زور، سگهه,,طاقت، زور، سگهه
mighty,زور وارو، ڳرو، طاقتور، وڏو,,زور وارو، ڳرو، طاقتور، وڏو
migraine,اڌ مٿي جو سور,,اڌ مٿي جو سور
migrant,مهاجر- ملڪ ڇڏيندڙ- لڏي ويندڙ,,مهاجر- ملڪ ڇڏيندڙ- لڏي ويندڙ
migrate,هجرت ڪرڻ- لڏ پلاڻ ڪرڻ,,هجرت ڪرڻ- لڏ پلاڻ ڪرڻ
migration,لڏ پلاڻ- هجرت,,لڏ پلاڻ- هجرت
mild,نرم- ملائم- معتدل- وچولو,,نرم- ملائم- معتدل- وچولو
mile,ميل، اڌ ڪوه,,ميل، اڌ ڪوه
mileage,سفر(ميلن ۾),,سفر(ميلن ۾)
milestone,سنگ ميل,,سنگ ميل
military,زميني فوج,,زميني فوج
militia,مليشيا- رضاڪار فوج,,مليشيا- رضاڪار فوج
milk,کير- شِير,,کير- شِير
mill,چڪي-ڪارخانو- مل,,چڪي-ڪارخانو- مل
millennium,هزار سالن جو مدو,,هزار سالن جو مدو
miller,چڪيءَ وارو,,چڪيءَ وارو
milling,ڪٽڻ- ڇلائي- ڪٽائي پيهڻ,,ڪٽڻ- ڇلائي- ڪٽائي پيهڻ
million,ڏهه لک,,ڏهه لک
millionaire,لکاپتي، ڪروڙ پتي,,لکاپتي، ڪروڙ پتي
mime,نقل، اَهل، سانگ,,نقل، اَهل، سانگ
mind,دماغ – ذهن,,دماغ – ذهن
minded,لاڙو ڪندڙ، راغب، مائل,,لاڙو ڪندڙ، راغب، مائل
mindless,غافل، بي خبر,,غافل، بي خبر
mine,کاڻ – بارودي سرنگ,,کاڻ – بارودي سرنگ
miner,کاڻ ۾ڪم ڪندڙ,,کاڻ ۾ڪم ڪندڙ
mineral,معدنياتي- معدني,,معدنياتي- معدني
minerals,معدنيات,,معدنيات
miniature,ننڍڙو خاڪو- ننڍڙي تصوير,,ننڍڙو خاڪو- ننڍڙي تصوير
minimal,گهٽ ۾ گهٽ، قليل، ٿورو,,گهٽ ۾ گهٽ، قليل، ٿورو
minimum,گهٽ ۾ گهٽ- قليل,,گهٽ ۾ گهٽ- قليل
mining,کاڻ ۾ ڪم ڪرڻ وارو ڌنڌو,,کاڻ ۾ ڪم ڪرڻ وارو ڌنڌو
minister,وزير,,وزير
ministerial,وزارتي- منصبي- دفتري,,وزارتي- منصبي- دفتري
ministry,وزارت,,وزارت
minor,نابالغ- معمولي- ننڍو,,نابالغ- معمولي- ننڍو
minority,اقليت- نابالغي,,اقليت- نابالغي
minors,نابالغ,,نابالغ
mint,سڪن ٺاهڻ جي جاءِ- ضرب خانو,,سڪن ٺاهڻ جي جاءِ- ضرب خانو
minus,منفي- ڪاٽو- خراب,,منفي- ڪاٽو- خراب
minute,منٽ- ننڍڙو- مختصر,,منٽ- ننڍڙو- مختصر
minutes,مختصر داخلائون، رُوبڪاري,,مختصر داخلائون، رُوبڪاري
miracle,اسرار، ڪرامت، معجزو,,اسرار، ڪرامت، معجزو
mirage,رڃ، ڌوڪو، خواب، سراب,,رڃ، ڌوڪو، خواب، سراب
mirror,آرسي- آئينو,,آرسي- آئينو
mis,غلط,,غلط
miscellaneous,متفرق,,متفرق
misconduct,خراب چال، بدچلني، غيرواجبي هلت,,خراب چال، بدچلني، غيرواجبي هلت
miserable,پريشان، بيحال، ڪمبخت، دکي,,پريشان، بيحال، ڪمبخت، دکي
misery,ڏک، مفلسي، مصيبت، پريشاني,,ڏک، مفلسي، مصيبت، پريشاني
misleading,گمراهه ڪندڙ,,گمراهه ڪندڙ
miss,ڪنواري ڇوڪري,,ڪنواري ڇوڪري
missile,اڇلائڻ جو هٿيار، برڇ,,اڇلائڻ جو هٿيار، برڇ
missing,گمشده- گم-غير دستياب,,گمشده- گم-غير دستياب
mission,مقصد- سفارت- مشن- وفد- فرض,,مقصد- سفارت- مشن- وفد- فرض
missionary,مذهب جي تبليغ ڪندڙ,,مذهب جي تبليغ ڪندڙ
missy,ڇوڪري، نينگري,,ڇوڪري، نينگري
mist,ڌنڌ- ڪوهيڙو,,ڌنڌ- ڪوهيڙو
mistake,غلطي- خطا- سَهو,,غلطي- خطا- سَهو
mistaken,ڀليل، غلط، ڀٽڪيل,,ڀليل، غلط، ڀٽڪيل
mistakes,غلطيون,,غلطيون
mistress,ماسترياڻي، سريت، گهر ڌياڻي,,ماسترياڻي، سريت، گهر ڌياڻي
misty,ڌنڌلو,,ڌنڌلو
misuse,غلط استعمال- ناجائز استعمال,,غلط استعمال- ناجائز استعمال
mitigation,تخفيف- گهٽتائي,,تخفيف- گهٽتائي
mitochondrial,ڌاڍي نما ڳوڙها,,ڌاڍي نما ڳوڙها
mix,ملڻ،گڏڻ،ملائڻ،رلڻ ملڻ،گڏجڻ،آميزش، ملاوت,,ملڻ،گڏڻ،ملائڻ،رلڻ ملڻ،گڏجڻ،آميزش، ملاوت
mixed,گڏيل,,گڏيل
mixer,ملائيندڙ، گڏيندڙ,,ملائيندڙ، گڏيندڙ
mixing,گڏائڻ- حل ٿيڻ,,گڏائڻ- حل ٿيڻ
mixture,مرڪب ملاوت,,مرڪب ملاوت
mob,ميڙ- انبوهه,,ميڙ- انبوهه
mobile,سفري- گشتي,,سفري- گشتي
mobility,حرڪت- چرپر,,حرڪت- چرپر
mobilization,اجتماع- جنگي تياري- چرپر,,اجتماع- جنگي تياري- چرپر
mock,نقلي- مصنوعي- نمائشي,,نقلي- مصنوعي- نمائشي
mode,طور طريقو- طرز,,طور طريقو- طرز
model,مثالي- معياري نمونو,,مثالي- معياري نمونو
modeling,ماڊلنگ، نمونائي,,ماڊلنگ، نمونائي
modem,موڊيم، ڪمپيوٽر ذريعي ڊيٽا يا مواد جي ماڊيوليشن ۽ ڊي ماڊيوليشن لاءِ استعمال ٿيندڙ پرزو,,موڊيم، ڪمپيوٽر ذريعي ڊيٽا يا مواد جي ماڊيوليشن ۽ ڊي ماڊيوليشن لاءِ استعمال ٿيندڙ پرزو
moderate,معتدل- اعتدال پسند,,معتدل- اعتدال پسند
moderation,اعتدال- ميانه روي- ثالثي جو عمل,,اعتدال- ميانه روي- ثالثي جو عمل
moderator,امتحان جي نگراني ڪندڙ,,امتحان جي نگراني ڪندڙ
modern,جديد- نئون,,جديد- نئون
modernization,تجديد ڪاري- جديد سازي,,تجديد ڪاري- جديد سازي
modest,حيا وارو، لڄارو، پاڪدامن، واجبي,,حيا وارو، لڄارو، پاڪدامن، واجبي
modification,ترميم- تبديلي,,ترميم- تبديلي
modified,ترميم ڪيل,,ترميم ڪيل
modify,ترميم ڪرڻ,,ترميم ڪرڻ
modifying,مٽ سٽ، تبديلي,,مٽ سٽ، تبديلي
modular,پيمائي دار,,پيمائي دار
modulation,ترانو، آلاپ، ڌن,,ترانو، آلاپ، ڌن
module,ماپو- پيمانو- نمونو,,ماپو- پيمانو- نمونو
moist,گِهم,,گِهم
moisture,گِهميل,,گِهميل
mole,تِر,,تِر
molecular,ماليڪيولر- سالميائي,,ماليڪيولر- سالميائي
molecule,ماليڪيول- ذرو- سالمو- داڻو- ڪڻو,,ماليڪيول- ذرو- سالمو- داڻو- ڪڻو
moment,گهڙي- لمحو- پل,,گهڙي- لمحو- پل
momentum,زور- قوتِ رفتار,,زور- قوتِ رفتار
monarch,بادشاهه، حاڪم، راجا,,بادشاهه، حاڪم، راجا
monastery,مڙهي، آکاڙو، خانقاهه,,مڙهي، آکاڙو، خانقاهه
monday,سومر,,سومر
monetary,مالي- مالياتي- زر وارو,,مالي- مالياتي- زر وارو
money,پئسا- رقم- زر,,پئسا- رقم- زر
monitor,مانيٽر (ڪمپيوٽر) نمبردار (قيد خانو) نگران,,مانيٽر (ڪمپيوٽر) نمبردار (قيد خانو) نگران
monitoring,نگراني,,نگراني
monk,ٻائو، پادري، عابد، درويش,,ٻائو، پادري، عابد، درويش
monkey,ڀولڙو,,ڀولڙو
mono,مونوٽائپ- اڪيلو- حرفي ٽائپ,,مونوٽائپ- اڪيلو- حرفي ٽائپ
monogram,مونوگرام,,مونوگرام
monopoly,هڪ هٽي,,هڪ هٽي
monster,عجيب الخلقت- راڪاس,,عجيب الخلقت- راڪاس
month,مهينو,,مهينو
monthly,ماهوار- ماهانو,,ماهوار- ماهانو
monument,يادگار عمارت- يادگار اڏاوت,,يادگار عمارت- يادگار اڏاوت
mood,ڪيفيت- مزاج,,ڪيفيت- مزاج
moody,فڪرمند، ڪاوڙيل، اداس، وهمي,,فڪرمند، ڪاوڙيل، اداس، وهمي
moon,چنڊ,,چنڊ
moonlight,چانڊوڪي، سهائي,,چانڊوڪي، سهائي
mop,ٻهارو، اُگهڻ، صاف ڪرڻ,,ٻهارو، اُگهڻ، صاف ڪرڻ
moral,اخلاقي,,اخلاقي
morale,همت-عزم-حوصلو,,همت-عزم-حوصلو
morality,اخلاقيات,,اخلاقيات
more,وڌيڪ- گهڻو,,وڌيڪ- گهڻو
moreover,اڃان به، ان کان سواءِ، بلڪ,,اڃان به، ان کان سواءِ، بلڪ
morning,صبح,,صبح
morocco,اڇي چمڙيءَ جو قسم,,اڇي چمڙيءَ جو قسم
morphology,شڪيلون ٺاهڻ جو علم,,شڪيلون ٺاهڻ جو علم
morris,حبشين جو ناچ,,حبشين جو ناچ
morrow,سڀاڻي، ٻيو ڏينهن,,سڀاڻي، ٻيو ڏينهن
morse,مورس- تار برقي ضابطو,,مورس- تار برقي ضابطو
mortal,فاني- نقصانڪار- موتمار,,فاني- نقصانڪار- موتمار
mortality,موت- فنا پذيري,,موت- فنا پذيري
mortar,گارو- ڪونڊو- اُکري- گچ,,گارو- ڪونڊو- اُکري- گچ
mortgage,گروي ڪرڻ,,گروي ڪرڻ
mosaic,ڄڙائو ڪم، رنگارنگي ڪم,,ڄڙائو ڪم، رنگارنگي ڪم
mosque,مسجد,,مسجد
mosquito,مڇر,,مڇر
moss,سينور، هڪ ٻوٽو,,سينور، هڪ ٻوٽو
most,تمام گهڻو,,تمام گهڻو
mostly,گهڻو ڪري، اڪثر,,گهڻو ڪري، اڪثر
mot,معنيٰ سان ڀريل، مائي دار نڪتو,,معنيٰ سان ڀريل، مائي دار نڪتو
mother,ماءُ - امڙ,,ماءُ - امڙ
motif,مرڪزي تصور / خيال- شڪل,,مرڪزي تصور / خيال- شڪل
motion,حرڪت- تحريڪ,,حرڪت- تحريڪ
motivate,ترغيب ڏيڻ- تحريڪ پيدا ڪرڻ,,ترغيب ڏيڻ- تحريڪ پيدا ڪرڻ
motivation,ترغيب- تحريڪ,,ترغيب- تحريڪ
motive,تحريڪ ۾ اچڻ جو سبب,,تحريڪ ۾ اچڻ جو سبب
motor,متحرڪ- حرڪي- موٽر- مشين,,متحرڪ- حرڪي- موٽر- مشين
motorcycle,موٽر سائيڪل,,موٽر سائيڪل
motto,اصول- مقصد- منشور,,اصول- مقصد- منشور
mound,ڇِپَ- مٽيءَ جو ڍڳ- دڙو,,ڇِپَ- مٽيءَ جو ڍڳ- دڙو
mount,چڙهڻ- سوار ٿيڻ,,چڙهڻ- سوار ٿيڻ
mountain,جبل- پهاڙ,,جبل- پهاڙ
mounted,سوار- محفوظ ڪيل,,سوار- محفوظ ڪيل
mounting,اڀارڻ جو عمل,,اڀارڻ جو عمل
mourning,ماتم، غمي، ماتمي,,ماتم، غمي، ماتمي
mouse,ڪوئو، گهرڌڻي,,ڪوئو، گهرڌڻي
mouth,وات، ٻندي، دروازو، نديءَ جو ڇوڙ,,وات، ٻندي، دروازو، نديءَ جو ڇوڙ
movable,حرڪت جي قابل، متحرڪ، کڄڻ جهڙو,,حرڪت جي قابل، متحرڪ، کڄڻ جهڙو
move,حرڪت ڪرڻ,,حرڪت ڪرڻ
movement,حرڪت- تحريڪ,,حرڪت- تحريڪ
movements,حرڪتون- تحريڪون,,حرڪتون- تحريڪون
mover,ڇيڙيندڙ، رٿ پيش ڪندڙ,,ڇيڙيندڙ، رٿ پيش ڪندڙ
moving,متحرڪ,,متحرڪ
much,تمام گهڻو,,تمام گهڻو
mud,رائو- مٽي- گارو,,رائو- مٽي- گارو
muddy,ميرو، ڪنو، مٽي گاڏر، ناصاف,,ميرو، ڪنو، مٽي گاڏر، ناصاف
mug,مگ- پيالو- ڪوپ,,مگ- پيالو- ڪوپ
mule,خچر,,خچر
muller,مهلڙو، بٽي,,مهلڙو، بٽي
multi,زياده- گهڻو- انيڪ,,زياده- گهڻو- انيڪ
multilateral,گهڻي فرق وارو- گهڻ طرفو عمل,,گهڻي فرق وارو- گهڻ طرفو عمل
multilingual,گھڻ ٻوليو (ماڻھو يا ڪتاب),,گھڻ ٻوليو (ماڻھو يا ڪتاب)
multinational,گهڻ قومي,,گهڻ قومي
multiple,حاصل ضرب- ڪافي- ڀڃ اُپت- گهڻ رُخو,,حاصل ضرب- ڪافي- ڀڃ اُپت- گهڻ رُخو
multiplication,ضرب,,ضرب
multiply,نسلي واڌ، وڌڻ، ضرب ڏيڻ، ضربڻ، وڌائڻ.,,نسلي واڌ، وڌڻ، ضرب ڏيڻ، ضربڻ، وڌائڻ.
multitude,گهڻائي، ميڙ، گوڙ,,گهڻائي، ميڙ، گوڙ
mum,چپ، ماٺ، ماٺ ۾,,چپ، ماٺ، ماٺ ۾
mummy,مصالحن ۾ رکيل لاشو,,مصالحن ۾ رکيل لاشو
municipal,بلدياتي- شهري- مقامي,,بلدياتي- شهري- مقامي
municipality,ميونسپلٽي- بلديه,,ميونسپلٽي- بلديه
murder,قتل,,قتل
muscle,عضوو- سَنڌ- پٺو,,عضوو- سَنڌ- پٺو
muscular,مشڪي- عضواتي,,مشڪي- عضواتي
muse,راڳ جي نون، ديون مان هڪ سرسوتي,,راڳ جي نون، ديون مان هڪ سرسوتي
museum,عجائب گهر,,عجائب گهر
mushroom,کنڀي,,کنڀي
music,موسيقي,,موسيقي
musical,موسيقيءَ جو- راڳ جو,,موسيقيءَ جو- راڳ جو
musician,موسيقار,,موسيقار
muslim,مسلمان، حضرت محمد صه جو اُمتي,,مسلمان، حضرت محمد صه جو اُمتي
must,تازو انگوري شراب,,تازو انگوري شراب
mustard,سرنهن- ڄانڀو,,سرنهن- ڄانڀو
mutant,اوچتو تبديل ٿيل، بدليل، مَٽيل، تبديل ٿيل، نسلي تبديلي,,اوچتو تبديل ٿيل، بدليل، مَٽيل، تبديل ٿيل، نسلي تبديلي
mutation,مٽ سٽ- تبديلي,,مٽ سٽ- تبديلي
mute,خاموش- گونگو- بي زبان,,خاموش- گونگو- بي زبان
mutual,گڏيل- پاڻ ۾,,گڏيل- پاڻ ۾
mutually,گڏيل طور تي,,گڏيل طور تي
my,منهنجو,,منهنجو
myriad,ڏه، هزار، تمام گهڻا، بيشمار,,ڏه، هزار، تمام گهڻا، بيشمار
myrtle,ولايتي ميندي، خوشبودار ٻوٽو,,ولايتي ميندي، خوشبودار ٻوٽو
myself,مان پاڻ، آءُ خود,,مان پاڻ، آءُ خود
mysterious,ڳجهو، لڪل، اونداهو,,ڳجهو، لڪل، اونداهو
mystery,ڳجهه، اسرار، غيب,,ڳجهه، اسرار، غيب
mystic,صوفي، جيڪو غيب جون خبرون ٻڌائي,,صوفي، جيڪو غيب جون خبرون ٻڌائي
mystical,لڪل، ڳجهو,,لڪل، ڳجهو
myth,ڪوڙ، خيالي ڳالهه، ڏند ڪٿا، ديومالا,,ڪوڙ، خيالي ڳالهه، ڏند ڪٿا، ديومالا
mythology,ديومالا، ڏندڪٿا، ديوتائن جي قصن جو ڪتاب,,ديومالا، ڏندڪٿا، ديوتائن جي قصن جو ڪتاب
n,انگريزي الفابيٽ جو چوڏهون اکر,,انگريزي الفابيٽ جو چوڏهون اکر
nail,ڪوڪو-نُنهن,,ڪوڪو-نُنهن
naive,سادو- اناڙي- ڀورڙو- اڻڄاڻ,,سادو- اناڙي- ڀورڙو- اڻڄاڻ
naked,اگهاڙو- پڌرو,,اگهاڙو- پڌرو
name,اسم- نالو,noun,اسم- نالو
named,نالو ڪيل,,نالو ڪيل
namely,نالي سان/يعني,,نالي سان/يعني
names,نالا(جمع),,نالا(جمع)
nap,ٿوري وقت لاءِ ننڊ، جهوٽو، ڍونڪو، (جهوٽو اچڻ),,ٿوري وقت لاءِ ننڊ، جهوٽو، ڍونڪو، (جهوٽو اچڻ)
narrative,بياني,,بياني
narrator,بيان ڪندڙ- آکاڻي ٻڌائڻ وارو,,بيان ڪندڙ- آکاڻي ٻڌائڻ وارو
narrow,سوڙهو- محدود,,سوڙهو- محدود
nasal,نڪ جو- نڪ جي متعلق,,نڪ جو- نڪ جي متعلق
nasty,غليظ- ڪراهت وارو- فحش- گندو,,غليظ- ڪراهت وارو- فحش- گندو
natal,جنم جو، پيدائشي,,جنم جو، پيدائشي
nation,قوم,,قوم
national,قومي,,قومي
nationalism,قوم پرستي,,قوم پرستي
nationalist,قوم پرست,,قوم پرست
nationality,قوميت,,قوميت
native,مقامي- پيدائشي- ديسي- رهاڪو,,مقامي- پيدائشي- ديسي- رهاڪو
natural,قدرتي- فطري,,قدرتي- فطري
naturally,فطرتاً، طبيعتاً، عقلي، ازحد، ازخود، پنهنجو پاڻ,,فطرتاً، طبيعتاً، عقلي، ازحد، ازخود، پنهنجو پاڻ
nature,فطرت- قدرت- نوعيت,,فطرت- قدرت- نوعيت
naughty,شرير، ناڪار، نافرمان، حرفتي، حرڪتي,,شرير، ناڪار، نافرمان، حرفتي، حرڪتي
nausea,اُلٽي- دل ڪچي- هنيون بتال,,اُلٽي- دل ڪچي- هنيون بتال
nautical,بحري,,بحري
naval,بحري,,بحري
navigate,جهازراني ڪرڻ، درياءَ جو سفر ڪرڻ,,جهازراني ڪرڻ، درياءَ جو سفر ڪرڻ
navigation,جهازراني، دريائي سفر,,جهازراني، دريائي سفر
navigator,جهاز ران,,جهاز ران
navy,بحري فوج,,بحري فوج
nay,نه، ناڪار، نفي، نه رڳو ايترو,,نه، ناڪار، نفي، نه رڳو ايترو
ne,نه، اصل نه,,نه، اصل نه
neal,گرمي ڏئي نرم ڪرڻ,,گرمي ڏئي نرم ڪرڻ
near,ويجهو- قريب,,ويجهو- قريب
nearest,ويجهي ۾ ويجهو,,ويجهي ۾ ويجهو
neat,صاف سٿرو,,صاف سٿرو
necessary,ضروري- لازمي,,ضروري- لازمي
necessity,ضرورت,,ضرورت
neck,گردن، ڪنڌ، ڳچي,,گردن، ڪنڌ، ڳچي
necklace,هار، مالها,,هار، مالها
need,ضرورت,,ضرورت
needle,سئي، ڪانٽو,,سئي، ڪانٽو
needless,غير ضروري,,غير ضروري
needy,ضرورتمند,,ضرورتمند
negative,ناڪاري- انڪاري- منفي,,ناڪاري- انڪاري- منفي
neglect,نظر انداز- توجهه نه ڏيڻ,,نظر انداز- توجهه نه ڏيڻ
neglected,غير توجهه يافته- نظر انداز ڪيل,,غير توجهه يافته- نظر انداز ڪيل
negligence,بي پرواهي,,بي پرواهي
negligible,خسيس- خيال ۾ نه آڻڻ,,خسيس- خيال ۾ نه آڻڻ
negotiable,ڏيڻ وٺڻ جهڙو- وهنوار لائق,,ڏيڻ وٺڻ جهڙو- وهنوار لائق
negotiate,ڳالهيون ڪرڻ,,ڳالهيون ڪرڻ
negotiating,ڳالهيون ڪرڻ,,ڳالهيون ڪرڻ
negotiation,ڳالهيون ڪرڻ- نبيري لاءِ ڳالهيون,,ڳالهيون ڪرڻ- نبيري لاءِ ڳالهيون
negro,شيدي، ۽ حبشي,,شيدي، ۽ حبشي
neighbour,پاڙيسري,,پاڙيسري
neighbourhood,پاڙو,,پاڙو
neighbouring,پاڙي وارا,,پاڙي وارا
neither,نڪي، نه هي، هڪڙو به نه,,نڪي، نه هي، هڪڙو به نه
nemo,ڪوئي به نه,,ڪوئي به نه
neo,نئون,,نئون
neon,اڻ لڀ- ٻرندڙ گئس جو مادو,,اڻ لڀ- ٻرندڙ گئس جو مادو
neonatal,نئين شڪل ورتل، نئون ڄاول، نئن ، جديد,,نئين شڪل ورتل، نئون ڄاول، نئن ، جديد
nephew,ڀاڻيجو، ڀائٽيو,,ڀاڻيجو، ڀائٽيو
neptune,درياءَ جو ديوتا، نظام شمسي جو تمام دور ستارو,,درياءَ جو ديوتا، نظام شمسي جو تمام دور ستارو
nero,قيصرن جي ڪٽنب مان اٽلي جو پويون حاڪم,,قيصرن جي ڪٽنب مان اٽلي جو پويون حاڪم
nerve,رڳ- تنت- نبض,,رڳ- تنت- نبض
nervous,اعصابي- شرياني- پريشان,,اعصابي- شرياني- پريشان
nest,آکيرو، آشيانه، حجرو، گهر,,آکيرو، آشيانه، حجرو، گهر
net,خالص- صافي- ڄاري,,خالص- صافي- ڄاري
network,ڄار- نيٽ ورڪ,,ڄار- نيٽ ورڪ
neural,تنتن جو، نسن جو,,تنتن جو، نسن جو
neurology,تنتن جو علم,,تنتن جو علم
neutral,غير جانبدار- اڻ ڌريو,,غير جانبدار- اڻ ڌريو
neutron,بي بارذرو، نيوٽران، اِئٽم جو جزو، جوھري جزو,,بي بارذرو، نيوٽران، اِئٽم جو جزو، جوھري جزو
never,هرگز نه، اصل نه، ڪڏهين به نه,,هرگز نه، اصل نه، ڪڏهين به نه
nevertheless,تاهم، تنهن هوندي به,,تاهم، تنهن هوندي به
new,نئون,,نئون
newborn,نئون ڄاول,,نئون ڄاول
newly,تازو- نئينءَ مان,,تازو- نئينءَ مان
news,خبرون,,خبرون
newsletter,خبرنامو,,خبرنامو
newspaper,اخبار,,اخبار
next,ٻيو- ڀر وارو,,ٻيو- ڀر وارو
nib,قلم جي نيب، چهنب، نوڪ,,قلم جي نيب، چهنب، نوڪ
nice,نفيس- عمدو,,نفيس- عمدو
niche,طاقي، جارو,,طاقي، جارو
nick,موقع، پورو وقت، دندان، کانچو، کٻ,,موقع، پورو وقت، دندان، کانچو، کٻ
nickel,نِڪل (ڌاتو),,نِڪل (ڌاتو)
nickname,عرف- سڏڻ جو نالو,,عرف- سڏڻ جو نالو
nicotine,تماڪ جو زهر,,تماڪ جو زهر
night,رات,,رات
nightmare,خوفناڪ خواب,,خوفناڪ خواب
nil,ڪي ڪين,,ڪي ڪين
nine,نو (9),,نو (9)
ninety,نوي (90),,نوي (90)
nip,چهنڊڙي پائڻ- ڇنڻ,,چهنڊڙي پائڻ- ڇنڻ
nipple,نپل- چوسڻي,,نپل- چوسڻي
nitrate,شورو,,شورو
nitrogen,ٻاڦ جو هڪ قسم,,ٻاڦ جو هڪ قسم
no,نه- ناڪار,,نه- ناڪار
noble,عظيم- اعليٰ- شريف,,عظيم- اعليٰ- شريف
nobody,ڪوئي ڪونه، ناچيز، ادنيٰ، احقر، تڇ ماڻهو,,ڪوئي ڪونه، ناچيز، ادنيٰ، احقر، تڇ ماڻهو
nod,ڪنڌ ڌوڻڻ، جهوٽا کائڻ,,ڪنڌ ڌوڻڻ، جهوٽا کائڻ
node,گند ڌوئڻ,,گند ڌوئڻ
noise,شور وغل، گوڙ، هل,,شور وغل، گوڙ، هل
noisy,پرشور، غوغائي، شور ۽ غل ڪندڙ,,پرشور، غوغائي، شور ۽ غل ڪندڙ
nominal,نالي جو- نالي ماتر,,نالي جو- نالي ماتر
nominate,نامزد ڪرڻ- مقرر ڪرڻ,,نامزد ڪرڻ- مقرر ڪرڻ
nominated,نامزد,,نامزد
nomination,مقرري- چونڊڻ,,مقرري- چونڊڻ
nominee,ٿاڦيل- نامزد ٿيل,,ٿاڦيل- نامزد ٿيل
non,ڪو به نه,,ڪو به نه
noncommercial,غير تجارتي,,غير تجارتي
none,ڪو به نه,,ڪو به نه
nonsense,بي وقوفي، بي عقلي، بيهودگي، واحيات,,بي وقوفي، بي عقلي، بيهودگي، واحيات
noon,ٻه پهر، 12 بجي جو وقت,,ٻه پهر، 12 بجي جو وقت
nor,نه، نڪي,,نه، نڪي
norm,مقرر ٿيل- چالو,,مقرر ٿيل- چالو
norma,معياري، عام,,معياري، عام
normal,عام رواجي- برابر- باقاعدي,,عام رواجي- برابر- باقاعدي
norman,نار منڊي ملڪ جو رهندڙ,,نار منڊي ملڪ جو رهندڙ
north,اتر,,اتر
northern,اتريون,,اتريون
norwegian,ناروي ملڪ جو,,ناروي ملڪ جو
nose,نڪ,,نڪ
not,نه,,نه
notable,قابل ذڪر- معزز,,قابل ذڪر- معزز
notation,قلمبند ڪرڻ- نشانن کي لکڻ,,قلمبند ڪرڻ- نشانن کي لکڻ
notch,شگاف، دندان، کانچو,,شگاف، دندان، کانچو
note,اشارو- يادداشت,,اشارو- يادداشت
notebook,ڪاپي، ڪتابڙي، نوٽ بوڪ,,ڪاپي، ڪتابڙي، نوٽ بوڪ
noted,نوٽ لکيل- تحرير لکيل- ڌيان تي آيو,,نوٽ لکيل- تحرير لکيل- ڌيان تي آيو
noteworthy,مشهور- ڌيان جوڳو,,مشهور- ڌيان جوڳو
nothing,ڪجهه به نه، عدم، هيچ، پست، ناچيز، اڻ هوند,,ڪجهه به نه، عدم، هيچ، پست، ناچيز، اڻ هوند
notice,نوٽيس- اطلاع,,نوٽيس- اطلاع
noticeable,قابل توجھھ، ڌيان طلب,,قابل توجھھ، ڌيان طلب
notification,اعلان- نوٽيفڪيشن- اشتهار,,اعلان- نوٽيفڪيشن- اشتهار
notified,پڌرو ڪيل- اعلان ڪيل- مشهور ڪيل,,پڌرو ڪيل- اعلان ڪيل- مشهور ڪيل
notify,اطلاع ڪرڻ- سرڪاري طور اطلاع جو خط جاري ڪرڻ,,اطلاع ڪرڻ- سرڪاري طور اطلاع جو خط جاري ڪرڻ
noting,نوٽ لکڻ- ڪيفيت لکڻ,,نوٽ لکڻ- ڪيفيت لکڻ
notion,خيال- تصور,,خيال- تصور
notorious,بدنام,,بدنام
notwithstanding,توڙي جو- ان جي باوجود,,توڙي جو- ان جي باوجود
noun,اسم، نالو,noun,اسم، نالو
novel,نئون، جديد، عجيب، افسانو، قصو,,نئون، جديد، عجيب، افسانو، قصو
novelty,نواڻ- نئين نڪور خاصيت,,نواڻ- نئين نڪور خاصيت
november,نومبر، انگريزي سال جو يارهون مهينو,,نومبر، انگريزي سال جو يارهون مهينو
novice,نول، الهڙ، سيکڙاٽ، ڪم سکندڙ,,نول، الهڙ، سيکڙاٽ، ڪم سکندڙ
now,هاڻي- هينئر,,هاڻي- هينئر
nowhere,ڪٿي به نه,,ڪٿي به نه
nozzle,نوزل- ٽونٽي- منهن,,نوزل- ٽونٽي- منهن
nuclear,جوهري- نيوڪليائي,,جوهري- نيوڪليائي
nuclei,مرڪزڙو، جيو گھرڙي مرڪزي، مرڪز، نوات,,مرڪزڙو، جيو گھرڙي مرڪزي، مرڪز، نوات
nucleotide,"مرڪزي جزو، جوھري عنصر Basic building block of nucleic acids, consisting of a nitrogenous base a pentose sugar, and phosphoric acid",,"مرڪزي جزو، جوھري عنصر Basic building block of nucleic acids, consisting of a nitrogenous base a pentose sugar, and phosphoric acid"
nucleus,بنيادي- مرڪزي,,بنيادي- مرڪزي
nude,اگهاڙو- عريان- واضح,,اگهاڙو- عريان- واضح
nuisance,ايذاءُ- تنگ ڪندڙ شخص,,ايذاءُ- تنگ ڪندڙ شخص
number,نمبر- تعداد- عدد- انگ,,نمبر- تعداد- عدد- انگ
numbering,ڳڻپ,,ڳڻپ
numeric,عدد، انگ ، عدد صحيح,,عدد، انگ ، عدد صحيح
numerical,عددي,,عددي
numerous,بي انداز، گهڻا، ڪثير، ڪئين,,بي انداز، گهڻا، ڪثير، ڪئين
nur,ڳنڍ، ڪاٺ جي لڪڙيءَ ۾ ڳنڍ,,ڳنڍ، ڪاٺ جي لڪڙيءَ ۾ ڳنڍ
nurse,نرس- تيماردار,,نرس- تيماردار
nursery,دايھ خانو,,دايھ خانو
nursing,تيمار داري، دائپو، پالنا ھيٺ، پالنا,,تيمار داري، دائپو، پالنا ھيٺ، پالنا
nut,سوپاري، اکروٽ,,سوپاري، اکروٽ
nutrient,خوراڪي عنصر، غذا، روغنيات، غذائي، مقوي، خوراڪ، کاڌو کاڄ,,خوراڪي عنصر، غذا، روغنيات، غذائي، مقوي، خوراڪ، کاڌو کاڄ
nutrition,غذا، خوراڪ، کاڌو، خورش,,غذا، خوراڪ، کاڌو، خورش
nutritional,کاڌي متعلق، خوراڪي، غذائي، کاڄرو,,کاڌي متعلق، خوراڪي، غذائي، کاڄرو
nylon,مضبوط مصنوعي ڪپڙو، رسي وغيره,,مضبوط مصنوعي ڪپڙو، رسي وغيره
o,انگريزي الفابيٽ جو پندرهون اکر,,انگريزي الفابيٽ جو پندرهون اکر
oak,شاهه بلوط (وڏو وڻ),,شاهه بلوط (وڏو وڻ)
oasis,نخلستان، ريگستان ۾ سرسبز جاءِ,,نخلستان، ريگستان ۾ سرسبز جاءِ
oath,حلف- قسم,,حلف- قسم
obedience,فرمانبرداري- تابعداري,,فرمانبرداري- تابعداري
obese,موٽو- ٿلهو,,موٽو- ٿلهو
obesity,ٿولهه- ٿلهائپ,,ٿولهه- ٿلهائپ
obey,حڪم مڃڻ- حڪم بجا آڻڻ,,حڪم مڃڻ- حڪم بجا آڻڻ
obituary,موت جي خبر- فوتيءَ تي ليک,,موت جي خبر- فوتيءَ تي ليک
object,شيءِ- اعتراض,,شيءِ- اعتراض
objection,اعتراض- تنقيد,,اعتراض- تنقيد
objectionable,قابل اعتراض- اعتراض لائق,,قابل اعتراض- اعتراض لائق
objections,اعتراض(جمع),,اعتراض(جمع)
objective,معروضي- مقصد- خارجي,,معروضي- مقصد- خارجي
objectives,مقصد(جمع),,مقصد(جمع)
objects,شيون,,شيون
obligation,پابندي-ذميواري-اخلاقي فرض,,پابندي-ذميواري-اخلاقي فرض
obliged,احسان مند,,احسان مند
oblique,آڏو- ڏنگو- ترڇو,,آڏو- ڏنگو- ترڇو
obscene,فحش- بي شرميءَ وارو,,فحش- بي شرميءَ وارو
obscure,اڻ چٽو- غير واضح- لڪل- اونداهو,,اڻ چٽو- غير واضح- لڪل- اونداهو
observation,مشاهدو- رايو- ويچار- غور سان جاچڻ,,مشاهدو- رايو- ويچار- غور سان جاچڻ
observatory,رسدگاهه- معائني گاهه,,رسدگاهه- معائني گاهه
observe,مشاهدو ڪرڻ- پابندي ڪرڻ- عمل ڪرڻ- بجا آڻڻ,,مشاهدو ڪرڻ- پابندي ڪرڻ- عمل ڪرڻ- بجا آڻڻ
observed,مشاهدو ڪيل,,مشاهدو ڪيل
observer,مبصر- تبصرو ڪندڙ- مشاهدو ڪندڙ- نگران,,مبصر- تبصرو ڪندڙ- مشاهدو ڪندڙ- نگران
obsession,ڀوت جو محاصرو,,ڀوت جو محاصرو
obsolete,غير مروج- مدي خارج- اڻ چالو,,غير مروج- مدي خارج- اڻ چالو
obstacle,رڪاوٽ- مزاحمت- رنڊڪ,,رڪاوٽ- مزاحمت- رنڊڪ
obstetrics,دائپو- ويم ڪرائڻ جو علم,,دائپو- ويم ڪرائڻ جو علم
obstruction,رڪاوٽ- رخنو- رنڊڪ,,رڪاوٽ- رخنو- رنڊڪ
obtain,حاصل ڪرڻ,,حاصل ڪرڻ
obvious,چٽو- پڌرو- ظاهر,,چٽو- پڌرو- ظاهر
obviously,واضح طور تي- صاف طور تي,,واضح طور تي- صاف طور تي
occasion,موقع، ضرورت، حادثو، واقع، مطلب، سبب اتفاق,,موقع، ضرورت، حادثو، واقع، مطلب، سبب اتفاق
occasional,وقت به وقت- هنگامي- ڪڏهن عارضي,,وقت به وقت- هنگامي- ڪڏهن عارضي
occasionally,ڪڏهن ڪڏهن، اتفاقاً، بعضي بعضي,,ڪڏهن ڪڏهن، اتفاقاً، بعضي بعضي
occult,ڳجهو، مخفي، گپت، غيبي، اندروني,,ڳجهو، مخفي، گپت، غيبي، اندروني
occupancy,قبضه- دخل اندازي,,قبضه- دخل اندازي
occupation,قبضو- نوڪري- پيشو- ڌنڌو,,قبضو- نوڪري- پيشو- ڌنڌو
occupational,پيشيوراڻو,,پيشيوراڻو
occupy,رهائش اختيار ڪرڻ- والارڻ- قبضو ڪرڻ,,رهائش اختيار ڪرڻ- والارڻ- قبضو ڪرڻ
occur,واقع هجڻ- ٿيڻ,,واقع هجڻ- ٿيڻ
occurrence,هئڻ- ٿيڻ جو عمل,,هئڻ- ٿيڻ جو عمل
ocean,سمنڊ- بحر- ساگر,,سمنڊ- بحر- ساگر
oceania,بحرستان,,بحرستان
oceanic,سامونڊي,,سامونڊي
octave,اٺن حصن جو، اَٺ، اٺون,,اٺن حصن جو، اَٺ، اٺون
octet,اٺ دفعا، اٺون,,اٺ دفعا، اٺون
october,آڪٽوبر، شمسي سال جو ڏهون مهينو,,آڪٽوبر، شمسي سال جو ڏهون مهينو
odd,انوکو- نرالو- بي تُڪو- اِڪي (انگ),,انوکو- نرالو- بي تُڪو- اِڪي (انگ)
odds,تفاوت، فرق، غلبو، جهڳڙو، فساد,,تفاوت، فرق، غلبو، جهڳڙو، فساد
ode,غزل، قصيدو,,غزل، قصيدو
of,جو، وارو، واسطي، مان، کان، بابت، سندو,,جو، وارو، واسطي، مان، کان، بابت، سندو
off,بند- سواءِ- پري- هيٺ- تان- ختم,,بند- سواءِ- پري- هيٺ- تان- ختم
offence,قصور، جرم، ڏوهه، ناراضگي، تڪليف، چڙ,,قصور، جرم، ڏوهه، ناراضگي، تڪليف، چڙ
offender,غلطي ڪندڙ- جذبا مجروح ڪندڙ- ڏوهاري,,غلطي ڪندڙ- جذبا مجروح ڪندڙ- ڏوهاري
offenses,ڏوهه(جمع),,ڏوهه(جمع)
offensive,اڳرائيءَ وارو- جارحانه- ناخوشگوار-بدبودار,,اڳرائيءَ وارو- جارحانه- ناخوشگوار-بدبودار
offer,آڇڻ-پيش ڪرڻ- آڇ,,آڇڻ-پيش ڪرڻ- آڇ
offering,ٻلدان، قرباني، صدقو، آڇ,,ٻلدان، قرباني، صدقو، آڇ
office,آفيس-ڪم ڪرڻ جي جڳهه- دفتر,,آفيس-ڪم ڪرڻ جي جڳهه- دفتر
officer,آفيسر- عملدار,,آفيسر- عملدار
officers,آفيسر (جمع)- عملدار,,آفيسر (جمع)- عملدار
official,سرڪاري عهديدار,,سرڪاري عهديدار
officially,سرڪاري طور تي,,سرڪاري طور تي
offset,عڪسي- آفسٽ (طباعت),,عڪسي- آفسٽ (طباعت)
offshore,ڪناري کان تمام پري,,ڪناري کان تمام پري
offspring,نسل، اولاد، ٻچو,,نسل، اولاد، ٻچو
often,اڪثر، بارها، گهڻو ڪري، وري وري,,اڪثر، بارها، گهڻو ڪري، وري وري
oh,او، اڙي، اوه,,او، اڙي، اوه
ohm,اوهم (ايڪو),,اوهم (ايڪو)
oil,تيل,,تيل
ok,سڀ ٺيڪ، گڏي,,سڀ ٺيڪ، گڏي
old,پراڻو- قديم- پوڙهو,,پراڻو- قديم- پوڙهو
olive,زيتون,,زيتون
olympic,اولمپڪ,,اولمپڪ
omission,حذف- ترڪ- چُڪ- ڪوتاهي,,حذف- ترڪ- چُڪ- ڪوتاهي
omit,ڇڏي وڃڻ,,ڇڏي وڃڻ
omni,سڀ- جامع- ساڳيو,,سڀ- جامع- ساڳيو
on,تي (جاءِ ٻڌائيندڙ),,تي (جاءِ ٻڌائيندڙ)
once,هڪ دفعو، هڪ مرتبو، پيشتر,,هڪ دفعو، هڪ مرتبو، پيشتر
oncology,علم سرطان، علم رسولي,,علم سرطان، علم رسولي
one,هڪ,,هڪ
ongoing,طريقو، ڪارروائي ماجرا,,طريقو، ڪارروائي ماجرا
onion,بصر,,بصر
onions,بصر,,بصر
only,ڇڙو، صرف، رڳو، فقط، تنها، هڪڙوئي,,ڇڙو، صرف، رڳو، فقط، تنها، هڪڙوئي
onset,شروعات- نازل ٿيڻ,,شروعات- نازل ٿيڻ
ontology,علم موجودات، مسئلو وجود مطلق,,علم موجودات، مسئلو وجود مطلق
onyx,سنگ سليماني,,سنگ سليماني
ooh,حرف ندا، او، اي، اڙي,,حرف ندا، او، اي، اڙي
opal,قيمتي پٿر (جيڪو پنهنجو رنگ بدلائيندو آهي),,قيمتي پٿر (جيڪو پنهنجو رنگ بدلائيندو آهي)
opaque,غير شفاف- ڌنڌلو,,غير شفاف- ڌنڌلو
open,کولڻ- شروع ڪرڻ,,کولڻ- شروع ڪرڻ
opener,کوليندڙ، شروع ڪندڙ,,کوليندڙ، شروع ڪندڙ
opening,کولڻ- افتتاح ڪرڻ,,کولڻ- افتتاح ڪرڻ
openly,کليو کلايو، ظاهر ظهور,,کليو کلايو، ظاهر ظهور
openness,سڌائي، سادگي، صفائي,,سڌائي، سادگي، صفائي
opera,باجي سان گڏ ناٽڪ، سنگيت ناٽڪ، ناچ گهر,,باجي سان گڏ ناٽڪ، سنگيت ناٽڪ، ناچ گهر
operate,هلائڻ- عمل ڪرڻ,,هلائڻ- عمل ڪرڻ
operating,هلائڻ جو عمل,,هلائڻ جو عمل
operation,آپريشن- عمل ڪرڻ- ڪارروائي- جراحي ڪرڻ,,آپريشن- عمل ڪرڻ- ڪارروائي- جراحي ڪرڻ
operational,ڪارگزار- عمل ٿيل- عمل جوڳو,,ڪارگزار- عمل ٿيل- عمل جوڳو
operative,موثر- عملي,,موثر- عملي
operator,هلائيندڙ- ڪم ڪندڙ,,هلائيندڙ- ڪم ڪندڙ
ophthalmology,اکين جي مرض جو علم,,اکين جي مرض جو علم
opinion,رايو- خيال- نڪتئه نظر,,رايو- خيال- نڪتئه نظر
opponent,مخالف- مدمقابل,,مخالف- مدمقابل
opportunity,موقعو- مناسب,,موقعو- مناسب
oppose,منع ڪرڻ- مخالفت ڪرڻ- مخالفت,,منع ڪرڻ- مخالفت ڪرڻ- مخالفت
opposite,مد مقابل- مخالف- سامهون- ضد,,مد مقابل- مخالف- سامهون- ضد
opposition,مخالفت- حزب اختلاف- اپوزيشن,,مخالفت- حزب اختلاف- اپوزيشن
oppression,ظلم- ڏاڍ- زيادتي,,ظلم- ڏاڍ- زيادتي
optic,اکين جو علم,,اکين جو علم
optical,اکين جو- نور,,اکين جو- نور
optics,اکين جو علم,,اکين جو علم
optimism,رجاعيت- پراميدي- خير انديشي,,رجاعيت- پراميدي- خير انديشي
optimistic,پر اميد- رجاعت وارو,,پر اميد- رجاعت وارو
optimum,متوازن- صحيح- مناسب,,متوازن- صحيح- مناسب
option,مرضي- چونڊ- اختيار,,مرضي- چونڊ- اختيار
optional,من پسندي- اختياري,,من پسندي- اختياري
opus,ڪليات، گيت، راڳ، ڪم,,ڪليات، گيت، راڳ، ڪم
or,يا، توڙي،خواه,,يا، توڙي،خواه
oracle,ڪلام غيب، ڪشف، الهام، اڳڪٿي,,ڪلام غيب، ڪشف، الهام، اڳڪٿي
oral,زباني طور- وات سان,,زباني طور- وات سان
orange,نارنگي,,نارنگي
orb,چڪر، گولو، دائرو، دور، چرخ، ستارو,,چڪر، گولو، دائرو، دور، چرخ، ستارو
orbit,مدار- گردش,,مدار- گردش
orbital,گردشي,,گردشي
orchard,باغ- ميون جو باغ,,باغ- ميون جو باغ
orchestra,گاني بجانيوارن لاءِ جڳهه، گانيوارن جي ٽولي، مطرب,,گاني بجانيوارن لاءِ جڳهه، گانيوارن جي ٽولي، مطرب
order,حڪم- فرمان- فرمائش- ترتيب,,حڪم- فرمان- فرمائش- ترتيب
ordering,ترتيب بندي- حڪم- فرمائش,,ترتيب بندي- حڪم- فرمائش
orders,حڪم (جمع) احڪامات,,حڪم (جمع) احڪامات
ordinance,آرڊيننس- هنگامي قانون,,آرڊيننس- هنگامي قانون
ordinary,معمولي- عام رواجي,,معمولي- عام رواجي
ordination,تقرر، ترتيب,,تقرر، ترتيب
ore,ڪچي ڌات,,ڪچي ڌات
organ,عضوو- ترجمان,,عضوو- ترجمان
organic,نامياتي- عضوي,,نامياتي- عضوي
organisation,تنظيم,,تنظيم
organism,جاندار,,جاندار
organization,ادارو- تنظيم,,ادارو- تنظيم
organizational,تنظيمي- انتظامي,,تنظيمي- انتظامي
organize,تيار ڪرڻ، انتظام ڪرڻ، بدوبست ڪرڻ,,تيار ڪرڻ، انتظام ڪرڻ، بدوبست ڪرڻ
organized,منظم,,منظم
organizer,منظم ڪندڙ,,منظم ڪندڙ
organizing,تنظيم- منظم ڪيل,,تنظيم- منظم ڪيل
organs,عضوا,,عضوا
orgasm,ڪنهن جذبي جو انتهائي درجو، جذبو,,ڪنهن جذبي جو انتهائي درجو، جذبو
orgy,شراب خوري,,شراب خوري
orient,اوڀر- اوڀر وارا ملڪ,,اوڀر- اوڀر وارا ملڪ
oriental,مشرقي- اڀرندي وارا ملڪ,,مشرقي- اڀرندي وارا ملڪ
orientation,تعارف- مشرقي,,تعارف- مشرقي
origin,آغاز، ابتدا، منڍ، شروعات، بنياد، ماخذ، اصل,,آغاز، ابتدا، منڍ، شروعات، بنياد، ماخذ، اصل
original,اصلي- سڀ کان پهرين,,اصلي- سڀ کان پهرين
originally,شروع ۾، ابتدا ۾، اول، پهريائين,,شروع ۾، ابتدا ۾، اول، پهريائين
originating,شروع ڪندڙ- ابتدائي- اصلوڪو,,شروع ڪندڙ- ابتدائي- اصلوڪو
originator,ٺاهيندڙ- قائم ڪندڙ- باني,,ٺاهيندڙ- قائم ڪندڙ- باني
orion,ستن روشن ستارن جو مجموعو، جبار,,ستن روشن ستارن جو مجموعو، جبار
ornament,زيور، ڳهڻو، آرائش، زينت، زيبائش,,زيور، ڳهڻو، آرائش، زينت، زيبائش
ornamental,آرائشي- زيباشي,,آرائشي- زيباشي
orphan,يتيم- لاوارث,,يتيم- لاوارث
ortho,سڌو، اڀو، عمودي، سنئون,,سڌو، اڀو، عمودي، سنئون
orthodox,قدامت پرست- ڌرم مذهب جو پڪو,,قدامت پرست- ڌرم مذهب جو پڪو
osteoporosis,ھڏي روڳ سازي، ھڏي روڳائپ (عمل) ھڏي نرم ٿيڻ,,ھڏي روڳ سازي، ھڏي روڳائپ (عمل) ھڏي نرم ٿيڻ
other,ٻيو- ڪو ٻيو- واڌ,,ٻيو- ڪو ٻيو- واڌ
otherwise,ٻي صورت ۾,,ٻي صورت ۾
otter,لڌڙو,,لڌڙو
otto,عطر,,عطر
ought,گهرجي، ڪجهه نه، ڪجهه,,گهرجي، ڪجهه نه، ڪجهه
ounce,آئونس,,آئونس
our,اسان جو,,اسان جو
ourselves,اسين پاڻ,,اسين پاڻ
out,ٻاهر- پري- آئوٽ (راند ۾),,ٻاهر- پري- آئوٽ (راند ۾)
outbreak,شروع ٿيڻ- ڀڙڪو ڏيڻ,,شروع ٿيڻ- ڀڙڪو ڏيڻ
outcome,حاصل، نتيجو، ڦل,,حاصل، نتيجو، ڦل
outdated,ناڪارا، سڙيل، ختم ٿيل,,ناڪارا، سڙيل، ختم ٿيل
outdoor,ٻاهريون- چار ديواريءَ کان ٻاهر,,ٻاهريون- چار ديواريءَ کان ٻاهر
outer,ٻاهريون- مرڪز کان پري,,ٻاهريون- مرڪز کان پري
outfit,مڪمل پوشاڪ,,مڪمل پوشاڪ
outgoing,ٻاهر وڃڻ وارو,,ٻاهر وڃڻ وارو
outing,سير، هوا خوري,,سير، هوا خوري
outlaw,نيڪال- ٻاهر نڪرڻ,,نيڪال- ٻاهر نڪرڻ
outlet,نيڪال- رستو- اخراج,,نيڪال- رستو- اخراج
outline,خاڪو- خلاصو,,خاڪو- خلاصو
outlook,دورانديشي، نگهباني، هوشياري، اميد، نظارو نظر,,دورانديشي، نگهباني، هوشياري، اميد، نظارو نظر
outlying,ٻاهريون- سرحدي,,ٻاهريون- سرحدي
outpatient,اسپتال کان ٻاهر رهندڙ مريض,,اسپتال کان ٻاهر رهندڙ مريض
outpost,ٻاهرين پوسٽ,,ٻاهرين پوسٽ
output,پيداوار- اپراسو,,پيداوار- اپراسو
outrageous,بي حد- فحش- ظالماڻو,,بي حد- فحش- ظالماڻو
outreach,حد کان لنگهي وڃڻ، ٺڳڻ,,حد کان لنگهي وڃڻ، ٺڳڻ
outright,يڪدم، بلاتوقف، صفا، بلڪل,,يڪدم، بلاتوقف، صفا، بلڪل
outside,ٻاهرئين طرف,,ٻاهرئين طرف
outstanding,ڏاڍو- ڀلو- نمايان- رهيل- رهت,,ڏاڍو- ڀلو- نمايان- رهيل- رهت
outward,بر آمدگي- ٻاهر ويندڙ- ٻاهريون,,بر آمدگي- ٻاهر ويندڙ- ٻاهريون
oval,بيضوي,,بيضوي
ovarian,بيضوي- ٻچيداڻيءَ وارو,,بيضوي- ٻچيداڻيءَ وارو
oven,تندور، بٺي، کورو، چلهو,,تندور، بٺي، کورو، چلهو
over,مٿان- تي- ڪنهن شيءِ تي,,مٿان- تي- ڪنهن شيءِ تي
overall,جملي- ڪُل- مجموعي طور تي,,جملي- ڪُل- مجموعي طور تي
overcast,جهُڙالو- ڪڪرن سان ڀريل آسمان,,جهُڙالو- ڪڪرن سان ڀريل آسمان
overcome,قابو پائڻ- مات ڏيڻ,,قابو پائڻ- مات ڏيڻ
overdose,حد کان وڌيڪ وزن,,حد کان وڌيڪ وزن
overflow,اُٿل، زيادتي، ڪثرت,,اُٿل، زيادتي، ڪثرت
overhaul,مڪمل ٺاهڻ- مرمت ڪرڻ- اٿلائڻ پٿلائڻ,,مڪمل ٺاهڻ- مرمت ڪرڻ- اٿلائڻ پٿلائڻ
overhead,مٿي جي مٿان- اوچو- اوچائيءَ وارو,,مٿي جي مٿان- اوچو- اوچائيءَ وارو
overland,خشڪي رستو,,خشڪي رستو
overlapping,هڪ ٻئي ۾ شامل ڪرڻ- هڪ شيءِ جو ٻئي شيءِ جي مٿان اچڻ,,هڪ ٻئي ۾ شامل ڪرڻ- هڪ شيءِ جو ٻئي شيءِ جي مٿان اچڻ
overlay,بلڪل ڍڪي ڇڏڻ,,بلڪل ڍڪي ڇڏڻ
overload,وڌيڪ وزن,,وڌيڪ وزن
overnight,رات ڀر، گذريل رات,,رات ڀر، گذريل رات
override,ڪچلڻ، رد ڪرڻ، لتاڙڻ,,ڪچلڻ، رد ڪرڻ، لتاڙڻ
overseas,سمنڊ پار,,سمنڊ پار
oversee,نگراني ڪرڻ، بي التفاتي ڪرڻ,,نگراني ڪرڻ، بي التفاتي ڪرڻ
oversight,غلطي، خطا، چوڪ نظر چوڪ,,غلطي، خطا، چوڪ نظر چوڪ
overstock,تمام گهڻو ڀرڻ,,تمام گهڻو ڀرڻ
overtime,مقرر وقت کان وڌيڪ ڪم جون گهڙيون,,مقرر وقت کان وڌيڪ ڪم جون گهڙيون
overture,شروعاتي قدم- تحريڪ,,شروعاتي قدم- تحريڪ
owe,قابض هجڻ، قرضدار هجڻ، احسانمند هجڻ,,قابض هجڻ، قرضدار هجڻ، احسانمند هجڻ
owl,اُلو پکي، چٻرو,,اُلو پکي، چٻرو
own,پنهنجو، ذاتي,,پنهنجو، ذاتي
owner,مالڪ,,مالڪ
ownership,ملڪيت- مالڪي,,ملڪيت- مالڪي
ox,ڍڳو,,ڍڳو
oxidation,عمل تڪسيد، آڪسيجڻ، عمل تعمير,,عمل تڪسيد، آڪسيجڻ، عمل تعمير
oxide,آڪسائيڊ، آڪسجڻ مرڪب,,آڪسائيڊ، آڪسجڻ مرڪب
oxygen,آڪسيجن، هڪ گئس جنهن تي انساني زندگي جو دارومدار آهي,,آڪسيجن، هڪ گئس جنهن تي انساني زندگي جو دارومدار آهي
oyster,سپ، ڪستورا,,سپ، ڪستورا
ozone,دلنواز، هڪ قسم جي گيس,,دلنواز، هڪ قسم جي گيس
p,انگريزي الفابيٽ جو سورهون اکر,,انگريزي الفابيٽ جو سورهون اکر
pace,وِکَ- قدم- رفتار- چال- ٻرانگهه,,وِکَ- قدم- رفتار- چال- ٻرانگهه
pacific,پر امن- امن پسند- نرم ملائم,,پر امن- امن پسند- نرم ملائم
pack,ڳنڍ- هڙ- ٿيلهو,,ڳنڍ- هڙ- ٿيلهو
package,ڳٺڙي- بجڪو- داڳينو,,ڳٺڙي- بجڪو- داڳينو
packed,بند ٿيل ڳنڍ، هڙ يا ٿيلهو,,بند ٿيل ڳنڍ، هڙ يا ٿيلهو
packet,ننڍڙي ڳنڍ- ڳٺڙي- هڙوٽي,,ننڍڙي ڳنڍ- ڳٺڙي- هڙوٽي
packing,هڙ ٻندي، ٻڌڻ يا پئڪ ڪرڻ جو گل,,هڙ ٻندي، ٻڌڻ يا پئڪ ڪرڻ جو گل
pact,معاهدو- انجام- قول قرار- ٺهراءُ- اقرارنامو,,معاهدو- انجام- قول قرار- ٺهراءُ- اقرارنامو
pad,گِدي- ويهڻ جي لاءِ نرم جاءِ,,گِدي- ويهڻ جي لاءِ نرم جاءِ
padding,ڪا شيءِ، جيڪا پيڊ يا نرم ملائم شيءِ طور ڪم اچي,,ڪا شيءِ، جيڪا پيڊ يا نرم ملائم شيءِ طور ڪم اچي
paddle,ڪوڏر- بيلچو- پاهوڙو- چَپُو- اولو,,ڪوڏر- بيلچو- پاهوڙو- چَپُو- اولو
paddy,اهڙي جاءِ جتي گهوڙا ٻڌا وڃن- ساريون- سارين جو فصل,,اهڙي جاءِ جتي گهوڙا ٻڌا وڃن- ساريون- سارين جو فصل
pagan,قديم عقيدي تي هلندڙ، ڪافر، بت پرست,,قديم عقيدي تي هلندڙ، ڪافر، بت پرست
page,صفحو- ڪاغذ جو هڪڙو پاسو- دستاويز,,صفحو- ڪاغذ جو هڪڙو پاسو- دستاويز
paging,صفحن تي انگ لکڻ,,صفحن تي انگ لکڻ
paid,ادا ڪيل- ڏنل,,ادا ڪيل- ڏنل
pain,سور- درد- تڪليف- رنج,,سور- درد- تڪليف- رنج
painful,سور وارو- تڪليف وارو,,سور وارو- تڪليف وارو
pains,ڪشالو، جاکوڙ، ويم جا سور,,ڪشالو، جاکوڙ، ويم جا سور
paint,رڱڻ- رنگ ڏيڻ- چٽو ڪرڻ- تصوير ٺاهڻ,,رڱڻ- رنگ ڏيڻ- چٽو ڪرڻ- تصوير ٺاهڻ
painted,رنگيل، رنگ ڪيل,,رنگيل، رنگ ڪيل
painter,مصور- رنگ ساز- نقاش-چترڪار,,مصور- رنگ ساز- نقاش-چترڪار
painting,تصوير- چٽسالي- رڱڻ- نقش,,تصوير- چٽسالي- رڱڻ- نقش
pair,جُٽُ- جوڙو- ٻه گڏ,,جُٽُ- جوڙو- ٻه گڏ
pakistan,پاڪستان,,پاڪستان
pal,ويجهو دوست- پڳ مٽ يار- همراهه- جوڙيوال,,ويجهو دوست- پڳ مٽ يار- همراهه- جوڙيوال
palace,شاهي محل، عاليشان عمارت، محلات,,شاهي محل، عاليشان عمارت، محلات
pale,پيلو، ڦڪو، جهڪو، منهن لهي وڃڻ,,پيلو، ڦڪو، جهڪو، منهن لهي وڃڻ
pallet,غريباڻو بسترو,,غريباڻو بسترو
palm,هٿ جي تري- کجي نما وڻ,,هٿ جي تري- کجي نما وڻ
palmer,عيسائي مجاهد,,عيسائي مجاهد
pan,گڏيل طور تي- سمورا- سڀئي- سڀ لاءِ,,گڏيل طور تي- سمورا- سڀئي- سڀ لاءِ
pancreatic,شيردان، لبلبي متعلق، لبلبي جي باري ۾,,شيردان، لبلبي متعلق، لبلبي جي باري ۾
pane,شيشي جو پڙڇ چونڪ ۾ جڙيل,,شيشي جو پڙڇ چونڪ ۾ جڙيل
panel,چونڪ جي وچ ۾ تختو، پانيل,,چونڪ جي وچ ۾ تختو، پانيل
panic,ٽاڪوڙو- ٿرٿلو- ڦڙڦوٽ- هراس,,ٽاڪوڙو- ٿرٿلو- ڦڙڦوٽ- هراس
panorama,پورو نظارو ڏيکاريندڙ تصوير,,پورو نظارو ڏيکاريندڙ تصوير
panoramic,نظاري جهڙو,,نظاري جهڙو
panther,چيتو- پلنگ- پر تشدد ماڻهو,,چيتو- پلنگ- پر تشدد ماڻهو
pants,پاجامو، سٿڻ,,پاجامو، سٿڻ
papa,بابا، اَبو، پيءُ,,بابا، اَبو، پيءُ
paper,پيپر- ڪاغذ- پرچو- مضمون- اخبار- دستاويز- مقالو,,پيپر- ڪاغذ- پرچو- مضمون- اخبار- دستاويز- مقالو
paperback,ڪچو جلد,,ڪچو جلد
papers,ڪاغذات,,ڪاغذات
par,برابري- هڪ جهڙائي,,برابري- هڪ جهڙائي
para,گڏوگڏ- ڀر ۾- ٻاهريون- ٻانهن ٻيلي طور مدد ڪرڻ,,گڏوگڏ- ڀر ۾- ٻاهريون- ٻانهن ٻيلي طور مدد ڪرڻ
parade,نمائش، تماشو، جلوس، قوائد ڪرڻ يا ڪرائڻ,,نمائش، تماشو، جلوس، قوائد ڪرڻ يا ڪرائڻ
paradigm,مثال، نمونو,,مثال، نمونو
paradise,بهشت، جنت، فردوس,,بهشت، جنت، فردوس
paradox,اها ڳالهه جيڪا ظاهري غلط پر حقيقت ۾ سچ هجي,,اها ڳالهه جيڪا ظاهري غلط پر حقيقت ۾ سچ هجي
paragon,سهڻو مثال، چڱو مڙس، سٺو نمونو,,سهڻو مثال، چڱو مڙس، سٺو نمونو
paragraph,پئراگراف- ڪنهن تحرير جو نمايان حصو/ ٽڪرو,,پئراگراف- ڪنهن تحرير جو نمايان حصو/ ٽڪرو
parallel,پور وڇوٽ- هڪجهڙو- برابر,,پور وڇوٽ- هڪجهڙو- برابر
parameter,ماپو- مقدار جو ماپو,,ماپو- مقدار جو ماپو
paramount,اعليٰ- مها رتبي وارو- عهدي ۾ سڀني کان وڏو,,اعليٰ- مها رتبي وارو- عهدي ۾ سڀني کان وڏو
parcel,ڳنڍ- ڳٺڙي- ٻڌل هڙ- پارسل,,ڳنڍ- ڳٺڙي- ٻڌل هڙ- پارسل
pardon,ڏوهه بخشڻ- نجات ڏيڻ- درگذر ڪرڻ,,ڏوهه بخشڻ- نجات ڏيڻ- درگذر ڪرڻ
parent,ماءُ پيءُ- والدين- اصل- بزرگ- مورث- سرچشمو- وسيلو,,ماءُ پيءُ- والدين- اصل- بزرگ- مورث- سرچشمو- وسيلو
parental,مائٽاڻو- خانداني- آبائي,,مائٽاڻو- خانداني- آبائي
parentheses,ڏنگين ۾، ڏنگيل,,ڏنگين ۾، ڏنگيل
parish,پادريءَ جو علائقو,,پادريءَ جو علائقو
parity,هڪ جهڙائي- اختيارن ۽ قدرن ۾ برابري,,هڪ جهڙائي- اختيارن ۽ قدرن ۾ برابري
park,باغيچو عوامي تفريح ۽ راند روند لاءِ ميدان,,باغيچو عوامي تفريح ۽ راند روند لاءِ ميدان
parking,پارڪنگ- گاڏي بيهارڻ,,پارڪنگ- گاڏي بيهارڻ
parliament,پارليامينٽ- قانون ساز ادارو,,پارليامينٽ- قانون ساز ادارو
parliamentary,پارليامينٽري- پارلياماني,,پارليامينٽري- پارلياماني
parole,پيرول- وعدي تي مشروط رهائي,,پيرول- وعدي تي مشروط رهائي
parrot,طوطو، مٺو، چَتون,,طوطو، مٺو، چَتون
parse,لفظ جي نحوي تشريح ڪرڻ,,لفظ جي نحوي تشريح ڪرڻ
parsing,ترڪيب، واڪ ڇيد,,ترڪيب، واڪ ڇيد
part,ڀاڱو- حصو- جُزو- ٽڪرو,,ڀاڱو- حصو- جُزو- ٽڪرو
partial,ٿورو، ڪي قدر، پاسخاطري ڪندڙ,,ٿورو، ڪي قدر، پاسخاطري ڪندڙ
partially,جزوي طور تي- ڪجهه قدر- ٿورو,,جزوي طور تي- ڪجهه قدر- ٿورو
participant,حصو وٺندڙ- شريڪ ٿيندڙ,,حصو وٺندڙ- شريڪ ٿيندڙ
participation,حصو- بهرو- شرڪت- حصيداري,,حصو- بهرو- شرڪت- حصيداري
particle,ذرو، رتي، حرف,,ذرو، رتي، حرف
particles,ذرا- ذرڙا- حصا,,ذرا- ذرڙا- حصا
particular,خاص- مخصوص,,خاص- مخصوص
particularly,خاص طرح، خاص ڪري,,خاص طرح، خاص ڪري
particulars,ڪوائف- تفصيل,,ڪوائف- تفصيل
parties,ٽولا- ڌريون,,ٽولا- ڌريون
partisan,طرفدار- جانبدار- حمايتي- اتحادي,,طرفدار- جانبدار- حمايتي- اتحادي
partition,ورهاڱو- ورڇ- تقسيم,,ورهاڱو- ورڇ- تقسيم
partly,نامڪمل- اڻپورو- اڌورو- جزوي- نيم,,نامڪمل- اڻپورو- اڌورو- جزوي- نيم
partner,ڀاڱي ڀائيوار- زال مڙس-گهوٽ ڪنوار,,ڀاڱي ڀائيوار- زال مڙس-گهوٽ ڪنوار
partnership,ڀائيواري- حصيداري,,ڀائيواري- حصيداري
parts,حصا- عضوا- جُزا,,حصا- عضوا- جُزا
party,پارٽي- جماعت- ڌُر,,پارٽي- جماعت- ڌُر
pass,لنگهه، درو، سند، حالت,,لنگهه، درو، سند، حالت
passage,لنگهه، رستو، راهه، نيڪال، ٽڪر,,لنگهه، رستو، راهه، نيڪال، ٽڪر
passed,منظور ٿيل- جاري ڪيل,,منظور ٿيل- جاري ڪيل
passenger,مسافر- سفر ڪندڙ,,مسافر- سفر ڪندڙ
passengers,مسافر (جمع),,مسافر (جمع)
passing,منظوري- ويجهي کان گذرندڙ,,منظوري- ويجهي کان گذرندڙ
passion,رنج، جوش، جذبو، ڪاوڙ، سرگرمي، شوق,,رنج، جوش، جذبو، ڪاوڙ، سرگرمي، شوق
passionate,جوشيلو، ڪروڌي، تيز مزاج، تکو,,جوشيلو، ڪروڌي، تيز مزاج، تکو
passive,غير متحرڪ- جامد- ماٺيڻو,,غير متحرڪ- جامد- ماٺيڻو
passport,پاسپورٽ,,پاسپورٽ
password,سڃاڻپ جو لفظ يا اشارو,,سڃاڻپ جو لفظ يا اشارو
past,ماضي- اڳوڻو- گذريل,,ماضي- اڳوڻو- گذريل
paste,چنبڙائڻ- ليپ,,چنبڙائڻ- ليپ
pastel,ڦِڪو زرد رنگ- نيل ٻوٽو- رنگين مس,,ڦِڪو زرد رنگ- نيل ٻوٽو- رنگين مس
pastor,ريڍار، پادري,,ريڍار، پادري
pastoral,ريڍارڪو، پادريءَ بابت، ڳوٺاڻي زندگيءَ بابت نظم,,ريڍارڪو، پادريءَ بابت، ڳوٺاڻي زندگيءَ بابت نظم
pastry,ڪيڪ جي مٺائي، ڪچوري، سنبو,,ڪيڪ جي مٺائي، ڪچوري، سنبو
pasture,چراگاهه- ويءُ- گاهه جو ميدان- مال جو چارو,,چراگاهه- ويءُ- گاهه جو ميدان- مال جو چارو
patch,زمين جو ٽڪر- چَتي- جوڙ- پيوند,,زمين جو ٽڪر- چَتي- جوڙ- پيوند
patent,کليل- سادو- ظاهر- روشن,,کليل- سادو- ظاهر- روشن
path,راهه، رستو، واٽ، پيچرو، سڙڪ,,راهه، رستو، واٽ، پيچرو، سڙڪ
pathetic,اثرائتو، دلسوز، درديلو، دلڪش,,اثرائتو، دلسوز، درديلو، دلڪش
pathology,مرض جو علم,,مرض جو علم
pathway,ننڍو رستو، پيچرو,,ننڍو رستو، پيچرو
patience,صبر، تحمل، ڌيرج، استقلال,,صبر، تحمل، ڌيرج، استقلال
patient,بيمار- روڳي- صبر وارو- بردبار,,بيمار- روڳي- صبر وارو- بردبار
patriot,ساڻيهه جي سڪ جو گهورو- محب وطن- وطن دوست,,ساڻيهه جي سڪ جو گهورو- محب وطن- وطن دوست
patriotic,حب الوطنيءَ سان ڀريل,,حب الوطنيءَ سان ڀريل
patrol,پهرو- چوڪي- هيڏانهن هوڏانهن باربار هلڻ,,پهرو- چوڪي- هيڏانهن هوڏانهن باربار هلڻ
patron,سرپرست- سهائتا ڪندڙ- محافظ,,سرپرست- سهائتا ڪندڙ- محافظ
pattern,نمونو- آدرش- نقش,,نمونو- آدرش- نقش
pause,وقفو- وقتي طور رڪجڻ,,وقفو- وقتي طور رڪجڻ
paved,فرش ڪيل,,فرش ڪيل
pavement,پڪو رستو، جنهن جي فرش بندي ٿيل هجي,,پڪو رستو، جنهن جي فرش بندي ٿيل هجي
pavilion,شاميانو، وڏو تنبو، خيمو,,شاميانو، وڏو تنبو، خيمو
paving,پڪو رستو- روڊ,,پڪو رستو- روڊ
pay,پگهار ادا ڪرڻ,,پگهار ادا ڪرڻ
payable,ادا ٿيڻ جوڳو- ادائگي جوڳو,,ادا ٿيڻ جوڳو- ادائگي جوڳو
payday,پگهار جو ڏينهن,,پگهار جو ڏينهن
paying,ڪفايتي- ادا ڪندڙ,,ڪفايتي- ادا ڪندڙ
payment,ادائگي,,ادائگي
payments,ادائيگيون,,ادائيگيون
pea,مٽر، مٽر جو وڻ,,مٽر، مٽر جو وڻ
peace,امن- صلح- امن وامان- شانتي,,امن- صلح- امن وامان- شانتي
peaceful,سانتيڪو- پُر امن- جهيڙي جهٽي کان آزاد- آرام سان,,سانتيڪو- پُر امن- جهيڙي جهٽي کان آزاد- آرام سان
peach,شفتالو، بادام، آلو بخارو، سرڪاري شاهد ٿيڻ,,شفتالو، بادام، آلو بخارو، سرڪاري شاهد ٿيڻ
peacock,مور (نر),,مور (نر)
peak,جبل جي چوٽي- نوڪ- آخري يا ختم ٿيندڙ حد- انتها,,جبل جي چوٽي- نوڪ- آخري يا ختم ٿيندڙ حد- انتها
pear,ناسپاتي,,ناسپاتي
pearl,موتي (موتين ڪڍڻ لاءِ ٽٻي هڻڻ),,موتي (موتين ڪڍڻ لاءِ ٽٻي هڻڻ)
peculiar,نجو- نيارو- عجيب- خاص,,نجو- نيارو- عجيب- خاص
pedal,پيرن جو- پائيدان,,پيرن جو- پائيدان
pedestal,ٿنڀي جو پايو، بت جو پايو، بنياد,,ٿنڀي جو پايو، بت جو پايو، بنياد
pedestrian,پيادو- پيرين پنڌ- پانڌي,,پيادو- پيرين پنڌ- پانڌي
pedigree,شجرو- بڻ- نسل- حسب نسب,,شجرو- بڻ- نسل- حسب نسب
peer,ساٿي، شريڪ، ثاني، امير، نواب، ليئو پائڻ,,ساٿي، شريڪ، ثاني، امير، نواب، ليئو پائڻ
peg,ڪوڪو- ميخ- ڪِلي- بهانو- اڇلائڻ,,ڪوڪو- ميخ- ڪِلي- بهانو- اڇلائڻ
pen,پين- قلم- ڪِلڪ- واڙو- اُٺن جي جهوڪ,,پين- قلم- ڪِلڪ- واڙو- اُٺن جي جهوڪ
penalty,ڀُنگ- سزا- سيکت- ڏنڊ,,ڀُنگ- سزا- سيکت- ڏنڊ
pencil,پينسل,,پينسل
pendant,در، ڳن، جهنڊو، لٽڪڻ,,در، ڳن، جهنڊو، لٽڪڻ
pending,زيرغور- ويچار هيٺ- اڻ فيصل ٿيل- تعطل جو شڪار,,زيرغور- ويچار هيٺ- اڻ فيصل ٿيل- تعطل جو شڪار
penetration,گهڙڻ، دخل، تيزي، تيز فهمي,,گهڙڻ، دخل، تيزي، تيز فهمي
peninsula,اُپٻيٽ,,اُپٻيٽ
penis,مردانو، عضوو، آلت,,مردانو، عضوو، آلت
penny,پيني، انگريزي اسڪول,,پيني، انگريزي اسڪول
pension,پينشن، وظيفو، پينشن ڏيڻ,,پينشن، وظيفو، پينشن ڏيڻ
pentagon,پنج ڪنڊو- پنج پاسائون,,پنج ڪنڊو- پنج پاسائون
people,ماڻهو، لوڪ، رعيت، آباد ڪرڻ، وسائڻ,,ماڻهو، لوڪ، رعيت، آباد ڪرڻ، وسائڻ
pepper,ڪارا مرچ، مرچ ٻرڪڻ,,ڪارا مرچ، مرچ ٻرڪڻ
per,في- منجهان- وسيلي- جي هٿان- جي رستي,,في- منجهان- وسيلي- جي هٿان- جي رستي
perceive,دماغ سان سمجهڻ، پروڙڻ,,دماغ سان سمجهڻ، پروڙڻ
percent,في سيڪڙو,,في سيڪڙو
percentage,في سيڪڙو- سئو جو ڏنل ڪو به حصو,,في سيڪڙو- سئو جو ڏنل ڪو به حصو
perception,سمجهه، ڄاڻ، پروڙ، خيال گمان,,سمجهه، ڄاڻ، پروڙ، خيال گمان
percussion,صدمو، ٺوڪر، ڌڪ، ضرب,,صدمو، ٺوڪر، ڌڪ، ضرب
perennial,يڪ سالو، دائيم، سدا، سڄو سال هلندڙ,,يڪ سالو، دائيم، سدا، سڄو سال هلندڙ
perfect,پورو- ڪامل- نج- مڪمل- صحيح- خالص,,پورو- ڪامل- نج- مڪمل- صحيح- خالص
perfection,ڪماليت، ڪمال، پوري پختگي,,ڪماليت، ڪمال، پوري پختگي
perfectly,بلڪل، پورو، سڄوئي، پوريءَ طرح سان,,بلڪل، پورو، سڄوئي، پوريءَ طرح سان
performance,ڪم- سرانجامي- بجا آوري- ڪارڪردگي- کيل تماشو,,ڪم- سرانجامي- بجا آوري- ڪارڪردگي- کيل تماشو
performer,تعميل ڪندڙ، نقال، اداڪار,,تعميل ڪندڙ، نقال، اداڪار
perfume,پرفيوم- عطر- خوشبو- سرهاڻ,,پرفيوم- عطر- خوشبو- سرهاڻ
perhaps,شايد,,شايد
perimeter,ڪنهن شڪل جي ٻاهرين حد، گردو، گردماپ,,ڪنهن شڪل جي ٻاهرين حد، گردو، گردماپ
period,مدو- عرصو- وقت- سمو- ٽاڻو- ڪپڙا اچڻ,,مدو- عرصو- وقت- سمو- ٽاڻو- ڪپڙا اچڻ
periodic,مقرر وقت وارو- مُدي وار- سلسليوار,,مقرر وقت وارو- مُدي وار- سلسليوار
periodical,موسمي، نؤبنتي، مندائتو، اخبار، مخزن,,موسمي، نؤبنتي، مندائتو، اخبار، مخزن
periodically,وقتي طور تي- ڪڏهن ڪڏهن,,وقتي طور تي- ڪڏهن ڪڏهن
peripheral,دائري وارو، گھيري دار,,دائري وارو، گھيري دار
permanent,پڪو، قائم، دائمي، پائدار,,پڪو، قائم، دائمي، پائدار
permanently,مستقل طور تي,,مستقل طور تي
permissible,روا، جائز، مباح، مناسب,,روا، جائز، مباح، مناسب
permission,اجازت- راضپو- موڪل- ڇوٽ ڏيڻ- مڃڻ يا تسليم ڪرڻ,,اجازت- راضپو- موڪل- ڇوٽ ڏيڻ- مڃڻ يا تسليم ڪرڻ
permit,اجازت نامو- اجازت ڏيڻ- مرضي تي ڇڏڻ- اختيار ڏيڻ,,اجازت نامو- اجازت ڏيڻ- مرضي تي ڇڏڻ- اختيار ڏيڻ
perpetual,دائمي- ابدي- هميشه رهڻ وارو,,دائمي- ابدي- هميشه رهڻ وارو
perry,ناسپاتيءَ جو شربت,,ناسپاتيءَ جو شربت
persecution,آزار- ايذاءُ- هنج,,آزار- ايذاءُ- هنج
persian,فارسي (ايراني)- فارسي ٻولي,,فارسي (ايراني)- فارسي ٻولي
persistence,پختگي- ثابت قدمي- استقلال,,پختگي- ثابت قدمي- استقلال
persistent,مستقل- ثابت قدم,,مستقل- ثابت قدم
person,شخص- ذات- ماڻهو,,شخص- ذات- ماڻهو
personal,ذاتي- شخصي- پنهنجو,,ذاتي- شخصي- پنهنجو
personality,شخصيت,,شخصيت
personally,ذاتي طور تي,,ذاتي طور تي
personnel,ڪنهن کاتي يا تنظيم ۾ ڪم ڪندڙ ماڻهو,,ڪنهن کاتي يا تنظيم ۾ ڪم ڪندڙ ماڻهو
persons,شخصَ,,شخصَ
perspective,شين کي سمجهڻ جو هڪ خاص نقطه نظر- نظارو- پس منظر,,شين کي سمجهڻ جو هڪ خاص نقطه نظر- نظارو- پس منظر
pertinent,ٺيڪ- درست- وقتائتو- مؤثر,,ٺيڪ- درست- وقتائتو- مؤثر
pest,مرض- موذي- آفت,,مرض- موذي- آفت
pesticide,فصلن لاءِ جيت مار دوا- ڪيڙي مار دوا,,فصلن لاءِ جيت مار دوا- ڪيڙي مار دوا
pet,ننڍڙو، پاليل جانور، پيارو، لاڏلو، (پيار ڪرڻ),,ننڍڙو، پاليل جانور، پيارو، لاڏلو، (پيار ڪرڻ)
petit,ننڍڙو، ذرڙو، حقير، ادنيٰ,,ننڍڙو، ذرڙو، حقير، ادنيٰ
petition,عريضي- درخواست- گذارش,,عريضي- درخواست- گذارش
petitioner,سوالي- عرض گذار- درخواست ڏيندڙ,,سوالي- عرض گذار- درخواست ڏيندڙ
petrol,پيٽرول- معدني تيل- روغني تيل- ٻارڻ جو تيل,,پيٽرول- معدني تيل- روغني تيل- ٻارڻ جو تيل
petroleum,معدني تيل,,معدني تيل
petty,معمولي- حقير- ادنيٰ,,معمولي- حقير- ادنيٰ
pewter,جست,,جست
ph,"تيزاب پد، شو رايت پد، زميني تعامل A numerical value expressing acid , neutral or alkaline ( base) conditions of a solution A PH of 7.0 is neutral, values from o to 6.9 are acidic and values from 7.1 to 14.0 are alkaline",,"تيزاب پد، شو رايت پد، زميني تعامل A numerical value expressing acid , neutral or alkaline ( base) conditions of a solution A PH of 7.0 is neutral, values from o to 6.9 are acidic and values from 7.1 to 14.0 are alkaline"
phantom,وهمي صورت- تصوراتي ڀوت وغيره,,وهمي صورت- تصوراتي ڀوت وغيره
pharmaceutical,دوائن جي علم يا اُن جي فن بابت,,دوائن جي علم يا اُن جي فن بابت
pharmacist,پساري- دوا سازيءَ جو ماهر,,پساري- دوا سازيءَ جو ماهر
pharmacology,دوا سازيءَ جو علم,,دوا سازيءَ جو علم
pharmacy,دوا سازي- دوا سازيءَ جو فن- دواخانو,,دوا سازي- دوا سازيءَ جو فن- دواخانو
phase,مرحلو- دور- صورت,,مرحلو- دور- صورت
phases,چنڊ جون تبديل ٿيندڙ شڪليون,,چنڊ جون تبديل ٿيندڙ شڪليون
phenomena,اصول- مظهر- متو- قدرتي ڏيک,,اصول- مظهر- متو- قدرتي ڏيک
phenomenon,مظهر- متو- اصول- قدرتي ڏيک,,مظهر- متو- اصول- قدرتي ڏيک
phenotype,ڏيک ويک (ٻاھريون) ، طبعياتي نمونو) ٻاھرين ھئيت ظاھري ڏيکاءُ The out ward or physical expression of an inherited characteristic,,ڏيک ويک (ٻاھريون) ، طبعياتي نمونو) ٻاھرين ھئيت ظاھري ڏيکاءُ The out ward or physical expression of an inherited characteristic
philanthropy,انساني حب، خلق جي محبت,,انساني حب، خلق جي محبت
philosopher,فيلسوف- فلسفي,,فيلسوف- فلسفي
philosophical,فيلسوفاڻو، حڪيماڻو، ڏاهپ جو,,فيلسوفاڻو، حڪيماڻو، ڏاهپ جو
philosophy,فلسفو,,فلسفو
phoenix,هڪ خيالي پکي، عنقا، سيمرغ,,هڪ خيالي پکي، عنقا، سيمرغ
phone,آواز، ٽيليفون,,آواز، ٽيليفون
photo,عڪس-تصوير- تصويرڪشي,,عڪس-تصوير- تصويرڪشي
photograph,تصوير- فوٽو,,تصوير- فوٽو
photographer,فوٽو ڪڍندڙ- فوٽو ڇڪيندڙ,,فوٽو ڪڍندڙ- فوٽو ڇڪيندڙ
photographic,تصويري,,تصويري
photography,فوٽن ڪڍڻ جو علم يا هنر,,فوٽن ڪڍڻ جو علم يا هنر
photon,روشني جو ذرو، روشني، روشني تِرورو A basic unit of radiation,,روشني جو ذرو، روشني، روشني تِرورو A basic unit of radiation
phrase,چوڻي- نقطو- گفتگو,,چوڻي- نقطو- گفتگو
physical,مادي- طبعي- جسماني,,مادي- طبعي- جسماني
physically,جسماني طور تي- طبعي طور تي,,جسماني طور تي- طبعي طور تي
physician,ڊاڪٽر- طبيب- معالج,,ڊاڪٽر- طبيب- معالج
physics,علم طبيعيات,,علم طبيعيات
physiological,طبعياتي يا جسماني طور تي,,طبعياتي يا جسماني طور تي
physiology,علم البدن- بدن يا عضون جو علم,,علم البدن- بدن يا عضون جو علم
pianist,پيانو وڄائيندڙ,,پيانو وڄائيندڙ
pick,ٽيڪم- زخم,,ٽيڪم- زخم
picked,چونڊيل، پسند ڪيل، نوڪدار,,چونڊيل، پسند ڪيل، نوڪدار
picking,مٿين آمدني- رشوت,,مٿين آمدني- رشوت
picnic,تفريح- سير سپاٽو,,تفريح- سير سپاٽو
pictorial,تصويري- شڪلي,,تصويري- شڪلي
picture,تصوير- صورت- خاڪو-فلم,,تصوير- صورت- خاڪو-فلم
picturesque,سهڻو- مزيدار- دلڪش,,سهڻو- مزيدار- دلڪش
pie,پائي، سنبوسو,,پائي، سنبوسو
piece,ٽڪرو، چتي، مضمون، ٿان، ملائڻ، ڳنڍڻ,,ٽڪرو، چتي، مضمون، ٿان، ملائڻ، ڳنڍڻ
pier,پيل پايو- ستون- ٿنڀ,,پيل پايو- ستون- ٿنڀ
pierce,ٽبڻ ،اثر يا جوش ، ڪترڻ،ٽنگ ڪڍڻ,,ٽبڻ ،اثر يا جوش ، ڪترڻ،ٽنگ ڪڍڻ
piercing,تکو، چڀندڙ، نوڪدار، اثرائتو,,تکو، چڀندڙ، نوڪدار، اثرائتو
pig,ٺڪر جو ٿانءُ، سُوئر,,ٺڪر جو ٿانءُ، سُوئر
pigeon,ڪبوتر، پاريل,,ڪبوتر، پاريل
pigment,رنگ روغن- رنگ وارو مواد,,رنگ روغن- رنگ وارو مواد
pike,ڀالو، نيزو، بڙڇي، هڪ قسم جي مڇي,,ڀالو، نيزو، بڙڇي، هڪ قسم جي مڇي
pile,ٿنڀ- ستون- ڍڳ- پشم,,ٿنڀ- ستون- ڍڳ- پشم
piles,موڪا- بواسير,,موڪا- بواسير
pilgrim,حاجي- زائر,,حاجي- زائر
pill,گوري، حب، لٽڻ، ڦرڻ,,گوري، حب، لٽڻ، ڦرڻ
pillar,ٿنڀ,,ٿنڀ
pillow,وهاڻو، تڪيو,,وهاڻو، تڪيو
pilot,سُکاني رهبر- ڪپتان- اڳواڻ- هواباز,,سُکاني رهبر- ڪپتان- اڳواڻ- هواباز
pimp,ڀڙوو، ڌوُتو، ڌوُتپڻ ڪرڻ,,ڀڙوو، ڌوُتو، ڌوُتپڻ ڪرڻ
pin,ميخ- سُئي- ڪوڪو,,ميخ- سُئي- ڪوڪو
pinch,چهنڊڙي، تڪليف، چهنڊڙي پائڻ، چڀڻ,,چهنڊڙي، تڪليف، چهنڊڙي پائڻ، چڀڻ
pine,صنوبر، انناس، صنوبر جو وڻ، چيل، ديال (ڪاٺ جو قسم),,صنوبر، انناس، صنوبر جو وڻ، چيل، ديال (ڪاٺ جو قسم)
pineapple,اناناس، لتاس,,اناناس، لتاس
pink,گلابي رنگ، اک، اکيون ڇنڀڻ,,گلابي رنگ، اک، اکيون ڇنڀڻ
pins,ميخون- ڪوڪا- سُيون,,ميخون- ڪوڪا- سُيون
pint,پوو (شراب),,پوو (شراب)
pioneer,اڳواڻ- بنياد وجهندڙ,,اڳواڻ- بنياد وجهندڙ
pipe,نل- نلي- نڙو,,نل- نلي- نڙو
pipeline,نڙن جي قطار,,نڙن جي قطار
piper,بئنسري يا شرنائي وڄائيندڙ,,بئنسري يا شرنائي وڄائيندڙ
piping,نٻل ضعيف، ڪمزور,,نٻل ضعيف، ڪمزور
piracy,درياهي چوري، ادبي چوري، تصنيف جو حق غضب ڪرڻ,,درياهي چوري، ادبي چوري، تصنيف جو حق غضب ڪرڻ
pirate,درياهي چور، ادبي چور,,درياهي چور، ادبي چور
piss,پيشاب، مٽ، مٽڻ، پيشاب ڪرڻ,,پيشاب، مٽ، مٽڻ، پيشاب ڪرڻ
pistol,پستول,,پستول
piston,پچڪاري ڏنڊي (انجڻ),,پچڪاري ڏنڊي (انجڻ)
pit,کڏ- کاهي- غار,,کڏ- کاهي- غار
pitch,تارڪول- رال- ڦٽوڪرڻ,,تارڪول- رال- ڦٽوڪرڻ
pitched,هيٺانهين,,هيٺانهين
pitcher,ڪوزو، ڪونرو، دلي,,ڪوزو، ڪونرو، دلي
pity,رحم، ديا، همدردي، رحم ڪرڻ,,رحم، ديا، همدردي، رحم ڪرڻ
pivot,محور- مدار,,محور- مدار
place,جاءِ- جڳهه- درجو- هنڌ,,جاءِ- جڳهه- درجو- هنڌ
placed,مقرر ڪيل,,مقرر ڪيل
places,جايون,,جايون
plague,طاعون- ساٽو,,طاعون- ساٽو
plain,سادو- صاف- واضح- سڌو- هموار ميدان,,سادو- صاف- واضح- سڌو- هموار ميدان
plaintiff,دعويٰ داخل ڪندڙ- مُدعي,,دعويٰ داخل ڪندڙ- مُدعي
plan,رٿا- منصوبو- نقشو,,رٿا- منصوبو- نقشو
plane,هموار- رندو,,هموار- رندو
planet,گرهه- سيارو,,گرهه- سيارو
planetary,گرهن جو، سيارن جو,,گرهن جو، سيارن جو
planned,منظم- رٿيل,,منظم- رٿيل
planner,رٿا جوڙيندڙ,,رٿا جوڙيندڙ
planning,رٿابندي- رٿا- جوڙجڪ,,رٿابندي- رٿا- جوڙجڪ
plant,ٻوٽو,,ٻوٽو
plantation,ٻوٽا پوکڻ- وڻ پوکڻ,,ٻوٽا پوکڻ- وڻ پوکڻ
planting,ٻوٽا پوکڻ- وڻ پوکڻ,,ٻوٽا پوکڻ- وڻ پوکڻ
plants,ٻوٽا,,ٻوٽا
plaque,لوح- تختي,,لوح- تختي
plasma,جيو- مادو- رت جو پاڻياٺ,,جيو- مادو- رت جو پاڻياٺ
plaster,گارو- پلستر- ليپو- گَپ,,گارو- پلستر- ليپو- گَپ
plastic,چيڙهالو- پيوندي- روپ ڏيڻ وارو,,چيڙهالو- پيوندي- روپ ڏيڻ وارو
plat,اُڻڻ، ڪتڻ، ويڙهڻ,,اُڻڻ، ڪتڻ، ويڙهڻ
plate,ٿالهي- رڪابي- پترو,,ٿالهي- رڪابي- پترو
plateau,پوٺو، ميدان، مٿاهون پٽ,,پوٺو، ميدان، مٿاهون پٽ
plates,ٿالهيون- تختيون- پليٽون,,ٿالهيون- تختيون- پليٽون
platform,چبوترو- ريلوي پليٽ فارم,,چبوترو- ريلوي پليٽ فارم
platinum,هڪ اڇي رنگ جو تمام قيمتي ڌاتو,,هڪ اڇي رنگ جو تمام قيمتي ڌاتو
plato,افلاطون,,افلاطون
plausible,نمائشي، ظاهرداري ڪندڙ، منهن مٺو,,نمائشي، ظاهرداري ڪندڙ، منهن مٺو
play,کيڏڻ- راند- ڊرامو,,کيڏڻ- راند- ڊرامو
player,رانديگر، ناٽڪي، وڄائيندڙ,,رانديگر، ناٽڪي، وڄائيندڙ
playful,خوش طبع، رؤنشائي، دل وارو,,خوش طبع، رؤنشائي، دل وارو
playground,راند جو ميدان,,راند جو ميدان
playhouse,کيل گهر، ناٽڪ گهر,,کيل گهر، ناٽڪ گهر
plaza,ميدان- عوامي چوڪ- بازار- عوامي عمارت,,ميدان- عوامي چوڪ- بازار- عوامي عمارت
plea,عذر- لکيت ۾ صفائي ڏيڻ,,عذر- لکيت ۾ صفائي ڏيڻ
pleasant,دلپسند، دلچسپ، وڻندڙ، خوش ڪندڙ,,دلپسند، دلچسپ، وڻندڙ، خوش ڪندڙ
please,مهرباني ڪري,,مهرباني ڪري
pleasing,وڻندڙ، سٻاجهو، دلپسند,,وڻندڙ، سٻاجهو، دلپسند
pleasure,خوشي- مسرت,,خوشي- مسرت
pledge,گروي- ضمانت- حلف,,گروي- ضمانت- حلف
plenary,مڪمل- ڀرپور- ڀريل- پورو,,مڪمل- ڀرپور- ڀريل- پورو
plenty,جهجهائي، گهڻائي، سڪر، گهڻو,,جهجهائي، گهڻائي، سڪر، گهڻو
plot,زمين جو ٽڪرو- ڪهاڻيءَ جو خاڪو- سازش,,زمين جو ٽڪرو- ڪهاڻيءَ جو خاڪو- سازش
plotting,نشان لڳائڻ- پلاٽ وڪرو ڪرڻ,,نشان لڳائڻ- پلاٽ وڪرو ڪرڻ
plug,پلگ (بجلي) ٻوچ,,پلگ (بجلي) ٻوچ
plum,آلو بخارا,,آلو بخارا
plumbing,نلڪن جو ڪم ڪار- نڙا لڳائڻ,,نلڪن جو ڪم ڪار- نڙا لڳائڻ
plump,ٿلهو، متارو، پکيڙڻ، اوچتو ڪرڻ,,ٿلهو، متارو، پکيڙڻ، اوچتو ڪرڻ
plural,جمع,,جمع
plus,جوڙ جي نشاني، واڌو (+) جمع- گڏ,,جوڙ جي نشاني، واڌو (+) جمع- گڏ
plush,بخمل جهڙو ڪپڙو,,بخمل جهڙو ڪپڙو
ply,لاڳيتو ڪم ڪرڻ,,لاڳيتو ڪم ڪرڻ
pneumatic,سنهڙو- ڇڊو- هوائي,,سنهڙو- ڇڊو- هوائي
pneumonia,ڦڦڙن جي سوڄ- نمونيا,,ڦڦڙن جي سوڄ- نمونيا
pocket,کيسو- گيدو,,کيسو- گيدو
pockets,ٻوريون- لفافا,,ٻوريون- لفافا
pod,خشڪ ميوو يا ٻج- جيئن کاڄا وغيره,,خشڪ ميوو يا ٻج- جيئن کاڄا وغيره
poem,شعر، نظم، بيت,,شعر، نظم، بيت
poet,شاعر، شعر ٺاهيندڙ، ڪوي,,شاعر، شعر ٺاهيندڙ، ڪوي
poetic,شاعراڻو- شعري,,شاعراڻو- شعري
poetry,شاعري- نظم,,شاعري- نظم
point,نقطو- مقام,,نقطو- مقام
pointed,نوڪدار، تڪو، کتو,,نوڪدار، تڪو، کتو
pointer,نشان- گهڙيال,,نشان- گهڙيال
pointing,درزون وٺڻ,,درزون وٺڻ
pointless,بي معنيٰ، بي نڪتو، اجايو,,بي معنيٰ، بي نڪتو، اجايو
points,نقطا- ڪم- معاملا,,نقطا- ڪم- معاملا
poison,زهر- زهر ڏيڻ,,زهر- زهر ڏيڻ
poker,لوهي سيخ (باهه کي اٿلائڻ پٿلائڻ لاءِ),,لوهي سيخ (باهه کي اٿلائڻ پٿلائڻ لاءِ)
polar,قطبي,,قطبي
polarization,قطبي عمل- قطبيت,,قطبي عمل- قطبيت
polarized,قطبي بڻايل,,قطبي بڻايل
pole,قطب- ڏنڊو- ٿنڀو- بانس,,قطب- ڏنڊو- ٿنڀو- بانس
poles,حڪمت، عملي، طريق عمل بندوبست,,حڪمت، عملي، طريق عمل بندوبست
police,پوليس,,پوليس
policy,پاليسي- حڪمت عملي- ويمو,,پاليسي- حڪمت عملي- ويمو
polish,پالش- قلعي ڪرڻ- چمڪائڻ,,پالش- قلعي ڪرڻ- چمڪائڻ
polished,چلڪيل، سڌريل، تهذيب يافته، لسو,,چلڪيل، سڌريل، تهذيب يافته، لسو
polishing,پالش ڪرڻ,,پالش ڪرڻ
polite,شائسته- نرم لهجو,,شائسته- نرم لهجو
political,سياسي,,سياسي
politician,سياستدان، راڄنيتي مدبر,,سياستدان، راڄنيتي مدبر
politics,سياست,,سياست
poll,ووٽ ڏيڻ جو حق,,ووٽ ڏيڻ جو حق
pollen,زرگل- زردانه- گلن وارن ٻوٽن ۾ نر جُزا,,زرگل- زردانه- گلن وارن ٻوٽن ۾ نر جُزا
polling,ووٽ وجهڻ,,ووٽ وجهڻ
pollutants,گندگي ڪندڙ,,گندگي ڪندڙ
pollution,گندگي- گدلاڻ,,گندگي- گدلاڻ
polo,پولو راند، چؤگان,,پولو راند، چؤگان
poly,متعدد، گھڻ، جھجھا، گھڻا، بي انداز، ڪيثر Many,,متعدد، گھڻ، جھجھا، گھڻا، بي انداز، ڪيثر Many
polymer,گهٽ ترڪيبي مرڪب,,گهٽ ترڪيبي مرڪب
polytechnic,گهڻن فنن وارو ادارو- گهڻن هنرن وارو ادارو,,گهڻن فنن وارو ادارو- گهڻن هنرن وارو ادارو
pond,تلاءُ- سر,,تلاءُ- سر
pony,ٽٽون، ڊڊو,,ٽٽون، ڊڊو
pooh,هون! ڇي! لعنت! نفرت جو ڪلمو,,هون! ڇي! لعنت! نفرت جو ڪلمو
pool,پول- جماعت- مجموعو- تلاءُ,,پول- جماعت- مجموعو- تلاءُ
poor,مسڪين- غريب- نادار- ڪمزور- ناڪافي,,مسڪين- غريب- نادار- ڪمزور- ناڪافي
poorly,غريبيءَ کان، تنگيءَ کان,,غريبيءَ کان، تنگيءَ کان
pop,ٺاٺا، ڦهه ڦهه، ٺاٺا ٿيڻ,,ٺاٺا، ڦهه ڦهه، ٺاٺا ٿيڻ
pope,رومن ڪئٿلڪ عيسائين جو وڏو پادري,,رومن ڪئٿلڪ عيسائين جو وڏو پادري
poppy,ڏوڏي- آفيم جو فصل,,ڏوڏي- آفيم جو فصل
popular,هردلعزيز- عوامي- مشهور,,هردلعزيز- عوامي- مشهور
popularity,هر دلعزيزي، لوڪ پسندي، مشهوري,,هر دلعزيزي، لوڪ پسندي، مشهوري
population,آبادي- مردم شماري,,آبادي- مردم شماري
porcelain,چينيءَ جا ٿانو,,چينيءَ جا ٿانو
porch,پِيش (گاهه),,پِيش (گاهه)
pork,سوئر جو گوشت,,سوئر جو گوشت
pornography,فحش نگاري- اگهاڙپ,,فحش نگاري- اگهاڙپ
port,بندرگاهه- هاربر,,بندرگاهه- هاربر
portability,نقل پذيري,,نقل پذيري
portable,هڪ جاءِ کان ٻيءَ جاءِ تائين کڻي وڃڻ جوڳو,,هڪ جاءِ کان ٻيءَ جاءِ تائين کڻي وڃڻ جوڳو
portage,مزوري، کڻائي,,مزوري، کڻائي
portal,دروازو، ڦاٽڪ جي ڪمان، ٻُنڀو,,دروازو، ڦاٽڪ جي ڪمان، ٻُنڀو
porter,حمالي- قُلي- سامان ڍوئيندڙ,,حمالي- قُلي- سامان ڍوئيندڙ
portfolio,قلمدان- وزارت جو قلمدان- عهدي جو قلمدان,,قلمدان- وزارت جو قلمدان- عهدي جو قلمدان
portion,حصو، قسمت، ورڇ، ورهائڻ، حصا ڪرڻ,,حصو، قسمت، ورڇ، ورهائڻ، حصا ڪرڻ
portrait,تصوير- خاڪو,,تصوير- خاڪو
pose,ڍنگ، طرز، وضع، منجهائڻ,,ڍنگ، طرز، وضع، منجهائڻ
position,حيثيت- صورت حال- عهدو,,حيثيت- صورت حال- عهدو
positive,مثبت- صحيح- سچو,,مثبت- صحيح- سچو
positively,ضرور، اَوس,,ضرور، اَوس
possession,قبضو- اختيار- دخل,,قبضو- اختيار- دخل
possessions,ملڪيتون- قبضا,,ملڪيتون- قبضا
possibility,امڪان ٿيڻ جوڳو,,امڪان ٿيڻ جوڳو
possible,امڪاني صحيح ترين پيشن گوئي,,امڪاني صحيح ترين پيشن گوئي
possibly,شايد، ممڪن آهي ته,,شايد، ممڪن آهي ته
post,آسامي- ٽپال- عهدو- درج ڪرڻ,,آسامي- ٽپال- عهدو- درج ڪرڻ
postage,ٽپال جي ٽڪلين جو خرچ- ٽپال جو محصول,,ٽپال جي ٽڪلين جو خرچ- ٽپال جو محصول
postal,ٽپال جو- ٽپال متعلق,,ٽپال جو- ٽپال متعلق
postcard,ٽپال جو ڪارڊ,,ٽپال جو ڪارڊ
posted,چنبڙائڻ- درج ٿيل,,چنبڙائڻ- درج ٿيل
poster,ديواري اشتهار- درج ٿيل- اشتهار,,ديواري اشتهار- درج ٿيل- اشتهار
posterior,بعد ۾- پويون- آخري,,بعد ۾- پويون- آخري
posting,مقرري- درج ڪرڻ- تعيناتي,,مقرري- درج ڪرڻ- تعيناتي
postscript,قلم تازو، پوءِ گڏيل مضمون,,قلم تازو، پوءِ گڏيل مضمون
posture,ڍنگ- حالت- رمز,,ڍنگ- حالت- رمز
pot,ٿانو، برتن، ڪُنو، سنڌڻ,,ٿانو، برتن، ڪُنو، سنڌڻ
potato,پٽاٽو، آلو,,پٽاٽو، آلو
potent,سگهارو- طاقتور,,سگهارو- طاقتور
potential,امڪاني- سبب وارو,,امڪاني- سبب وارو
potter,ڪنڀر، ڪنڀار,,ڪنڀر، ڪنڀار
pottery,مٽي جا ٿانوَ- ڪنڀارڪو ڪم,,مٽي جا ٿانوَ- ڪنڀارڪو ڪم
pouch,ٿيلهي- خرزين- بُجڪو,,ٿيلهي- خرزين- بُجڪو
poultry,ڪڪڙيو پالڻ,,ڪڪڙيو پالڻ
pound,ڍڪ- واڙو- وزن جو ايڪو (16 اونس),,ڍڪ- واڙو- وزن جو ايڪو (16 اونس)
pounding,ڪَٽڻ- ڀور ڀور ڪرڻ- چُورو ڪرڻ,,ڪَٽڻ- ڀور ڀور ڪرڻ- چُورو ڪرڻ
pour,لاھڻ، اوتڻ، ڀرڻ,,لاھڻ، اوتڻ، ڀرڻ
pouring,وسڪارو,,وسڪارو
poverty,غربت- مفلسي,,غربت- مفلسي
powder,پائوڊر- بارود- چُورو- ٻورو,,پائوڊر- بارود- چُورو- ٻورو
power,ٻل- طاقت- قوت- اختيار- بجلي- اقتدار,,ٻل- طاقت- قوت- اختيار- بجلي- اقتدار
powerful,سگهارو، طاقتوارو، مضبوط,,سگهارو، طاقتوارو، مضبوط
powers,اختيار- طاقتون (ميڪانيات),,اختيار- طاقتون (ميڪانيات)
practicable,عمل جوڳو- جنهن تي عمل ڪري سگهجي,,عمل جوڳو- جنهن تي عمل ڪري سگهجي
practical,عملي- مشق,,عملي- مشق
practically,عملي طور تي,,عملي طور تي
practice,عمل- مشق- دستور- رواج,,عمل- مشق- دستور- رواج
practicing,پيشه وري- هنرمندي,,پيشه وري- هنرمندي
practitioner,پيشه ور وڪيل يا طبيب,,پيشه ور وڪيل يا طبيب
prairie,وڏو چراگاه، گاه جو وڏو ميدان,,وڏو چراگاه، گاه جو وڏو ميدان
pray,مهرباني ڪري، ڀلائي ڪري,,مهرباني ڪري، ڀلائي ڪري
prayer,عبادت- دعا- التجا- التماس,,عبادت- دعا- التجا- التماس
pre,لفظي اڳياڙي- پهرين- وقت کان اڳ- اڳواٽ,,لفظي اڳياڙي- پهرين- وقت کان اڳ- اڳواٽ
preacher,واعظ، وعظ ڪندڙ,,واعظ، وعظ ڪندڙ
precedence,سرسي- اوليت- فوقيت- ترجيح,,سرسي- اوليت- فوقيت- ترجيح
precedent,اڳيون، پهريون، (a) مثال، اڳيون، فيصلو (n),,اڳيون، پهريون، (a) مثال، اڳيون، فيصلو (n)
preceding,پويون- اڳوڻو- سابق- گذريل,,پويون- اڳوڻو- سابق- گذريل
precinct,چونڊ جا تڪ- حدون- احاطو,,چونڊ جا تڪ- حدون- احاطو
precious,اَملهه- قيمتي,,اَملهه- قيمتي
precipitation,اُٻهرائي- تڪڙ- مٿي ڀر ڪِرڻ,,اُٻهرائي- تڪڙ- مٿي ڀر ڪِرڻ
precise,پورو پورو- صحيح- تز- سنئون سڌو,,پورو پورو- صحيح- تز- سنئون سڌو
precisely,هو به هو، ٺيڪ، پورو پورو,,هو به هو، ٺيڪ، پورو پورو
precision,تحقيق، درستي، عمدگي,,تحقيق، درستي، عمدگي
precursor,پيشوا، اڳواڻ,,پيشوا، اڳواڻ
predators,شڪاري (جانور)- ڦورو- لُٽيرو,,شڪاري (جانور)- ڦورو- لُٽيرو
predecessor,اڳيون جاءِ نشين- اڳيون عهديدار,,اڳيون جاءِ نشين- اڳيون عهديدار
prediction,پيشن گوئي- اڳڪٿي,,پيشن گوئي- اڳڪٿي
preface,مهاڳ- مقدمو- ديباچو,,مهاڳ- مقدمو- ديباچو
prefer,ترجيح ڏيڻ,,ترجيح ڏيڻ
preferable,ترجيح لائق- ترجيح جوڳو,,ترجيح لائق- ترجيح جوڳو
preference,ترجيح,,ترجيح
prefix,گذريل- پهرين ملائڻ,,گذريل- پهرين ملائڻ
pregnancy,حمل، پيٽ، اميدواري، پيٽ سان هئڻ,,حمل، پيٽ، اميدواري، پيٽ سان هئڻ
pregnant,حامله، پيٽ واري,,حامله، پيٽ واري
prejudice,تعصب- بدظني,,تعصب- بدظني
preliminary,ابتدائي- تمهيدي,,ابتدائي- تمهيدي
prelude,شروعاتي- مُنڍ,,شروعاتي- مُنڍ
premature,وقت کان پهرين,,وقت کان پهرين
premier,وزيراعظم- برک,,وزيراعظم- برک
premiership,وزيراعظم جو عهدو,,وزيراعظم جو عهدو
premises,احاطي جون حدون,,احاطي جون حدون
premium,انعام- نفعو- ويمي جي قسط,,انعام- نفعو- ويمي جي قسط
prenatal,ڄمڻ کان پهرين,,ڄمڻ کان پهرين
prepaid,اڳ ڏنل,,اڳ ڏنل
preparation,تياري,,تياري
preparatory,تمهيدي- ابتدائي,,تمهيدي- ابتدائي
prepare,ٺاھڻ، تياري، سنڀرڻ، سنباھڻ,,ٺاھڻ، تياري، سنڀرڻ، سنباھڻ
prerequisite,ضروري لازمي، ضروري شيءِ، لوازمو,,ضروري لازمي، ضروري شيءِ، لوازمو
prescribe,تجويز ڪرڻ- مقرر ڪرڻ- هدايت ڏيڻ,,تجويز ڪرڻ- مقرر ڪرڻ- هدايت ڏيڻ
prescribed,تجويز ڪيل- مقرر ڪيل,,تجويز ڪيل- مقرر ڪيل
prescription,تجويز- هدايت- مالڪن جو حق,,تجويز- هدايت- مالڪن جو حق
presence,موجودگي- حاضري- شرڪت,,موجودگي- حاضري- شرڪت
present,حاضر- موجود- پيش ڪرڻ,,حاضر- موجود- پيش ڪرڻ
presentation,پيشڪش- پيش ڪرڻ- نمائش,,پيشڪش- پيش ڪرڻ- نمائش
presenter,پيش ڪندڙ,,پيش ڪندڙ
presenting,پيش ڪندڙ,,پيش ڪندڙ
presently,اجهو، هينئر، ڄاڻ، انهيءَ ساعت,,اجهو، هينئر، ڄاڻ، انهيءَ ساعت
preservation,تحفظ- سار سنڀال,,تحفظ- سار سنڀال
preserve,محفوظ رکڻ,,محفوظ رکڻ
presidency,مير مجلس جو عهدو، کاتو، علائقو، پرڳڻو,,مير مجلس جو عهدو، کاتو، علائقو، پرڳڻو
president,صدر,,صدر
presidential,صدارتي,,صدارتي
presiding,صدارتي,,صدارتي
press,پريس- ڇاپ خانو- اخبار- صحافت- زور ڏيڻ,,پريس- ڇاپ خانو- اخبار- صحافت- زور ڏيڻ
pressing,جلد بندي,,جلد بندي
pressure,دٻاءُ- سختي- مجبوري,,دٻاءُ- سختي- مجبوري
prestige,عزت- آبرو- وقار,,عزت- آبرو- وقار
presumably,اندازو آهي ته- خيال آهي ته,,اندازو آهي ته- خيال آهي ته
pretend,ڪوڙي دعويٰ ڪرڻ,,ڪوڙي دعويٰ ڪرڻ
pretty,سهڻو، عمدو، نفيس، موچارو، ڳچ جيترو,,سهڻو، عمدو، نفيس، موچارو، ڳچ جيترو
prevail,پکڙجڻ- رائج ٿيڻ,,پکڙجڻ- رائج ٿيڻ
prevailing,چالو، هلندڙ جاري,,چالو، هلندڙ جاري
prevalent,غالب-جاري- رائج,,غالب-جاري- رائج
prevent,روڪڻ- بچائڻ,,روڪڻ- بچائڻ
preventing,جھلڻ، پلڻ، روڪڻ، روڪ، جھل پل,,جھلڻ، پلڻ، روڪڻ، روڪ، جھل پل
prevention,رڪاوٽ- مزاحمت- روڪ ٽوڪ- جهل پل,,رڪاوٽ- مزاحمت- روڪ ٽوڪ- جهل پل
preventive,حفاظتي- منع ٿيل- سار سنڀال رکڻ وارو,,حفاظتي- منع ٿيل- سار سنڀال رکڻ وارو
preview,تعارفي نمائش، جاري ڪرڻ يا چونڊڻ کان اڳ واري پڙتال ڪرڻ,,تعارفي نمائش، جاري ڪرڻ يا چونڊڻ کان اڳ واري پڙتال ڪرڻ
previous,گذريل- اڳوڻو- سابق,,گذريل- اڳوڻو- سابق
previously,اُن کان پهرين,,اُن کان پهرين
price,اگهه- قيمت,,اگهه- قيمت
priced,قيمت سان,,قيمت سان
pricing,قيمت مقرر ڪرڻ,,قيمت مقرر ڪرڻ
pride,غرور- تڪبر- فخر,,غرور- تڪبر- فخر
priest,پادري,,پادري
primarily,شروعاتي طور- پهريون- اصلي- سچو,,شروعاتي طور- پهريون- اصلي- سچو
primary,ابتدائي- بنيادي- اصلي- پهريون,,ابتدائي- بنيادي- اصلي- پهريون
prime,اعليٰ- مُقدم- اصل- ابتدائي,,اعليٰ- مُقدم- اصل- ابتدائي
primer,ابتدائي ڪتاب- قاعدو- ٻاراڻو ڪتاب,,ابتدائي ڪتاب- قاعدو- ٻاراڻو ڪتاب
primitive,قديم- ابتدائي- غير مهذب,,قديم- ابتدائي- غير مهذب
prince,شهزادو، راجڪمار، سردار,,شهزادو، راجڪمار، سردار
princess,شهزادي، راجڪماري,,شهزادي، راجڪماري
principal,پرنسپل- خاص- اصل- مقدم- اعليٰ,,پرنسپل- خاص- اصل- مقدم- اعليٰ
principally,خاص ڪري، خاص طرح,,خاص ڪري، خاص طرح
principle,اصول- متو- قاعدو- تَتُ,,اصول- متو- قاعدو- تَتُ
print,پرنٽ- نشان- ڇاپو (اشاعت),,پرنٽ- نشان- ڇاپو (اشاعت)
printable,اشاعت جوڳو- ڇپائيءَ جوڳو,,اشاعت جوڳو- ڇپائيءَ جوڳو
printed,ڇپيل,,ڇپيل
printer,ڇاپ خاني جو مالڪ- ڇاپيندڙ,,ڇاپ خاني جو مالڪ- ڇاپيندڙ
printing,ڇپائي- اشاعت,,ڇپائي- اشاعت
prior,پهريون- سابق- اڳيون- اوائلي- اڳوڻو- پيشگي,,پهريون- سابق- اڳيون- اوائلي- اڳوڻو- پيشگي
priorities,مقدم حق، اوليتون,,مقدم حق، اوليتون
priority,ترجيح- فوقيت- اوليت- قدامت,,ترجيح- فوقيت- اوليت- قدامت
prison,بنديخانو- جيل- قيدخانو,,بنديخانو- جيل- قيدخانو
prisoner,قيدي- باندي,,قيدي- باندي
prisoners,قيدي- قيدين جو,,قيدي- قيدين جو
pristine,آڳاٽو، قديم، اصلوڪو,,آڳاٽو، قديم، اصلوڪو
privacy,اڪيلائي- خِلوت- گوشه نشيني,,اڪيلائي- خِلوت- گوشه نشيني
private,نجي- خانگي- غير سرڪاري- ذاتي,,نجي- خانگي- غير سرڪاري- ذاتي
privately,خانگي طور تي,,خانگي طور تي
privilege,خاص حق- فائدو- رعايت,,خاص حق- فائدو- رعايت
privileged,امتيازي- خصوصي,,امتيازي- خصوصي
privileges,رعايتون- امتيازي حق,,رعايتون- امتيازي حق
prize,انعام,,انعام
pro,حامي- طرفدار- اڳيون- سابقه- قائم مقام- مددگار,,حامي- طرفدار- اڳيون- سابقه- قائم مقام- مددگار
probability,مضبوط امڪان- مضبوط گمان,,مضبوط امڪان- مضبوط گمان
probable,ممڪن- غالب- سچ جي ويجهو- صحت جي ويجهو- امڪاني,,ممڪن- غالب- سچ جي ويجهو- صحت جي ويجهو- امڪاني
probably,گهڻو ڪري، جيڪس,,گهڻو ڪري، جيڪس
probate,تصديق ٿيل وصيت نامو,,تصديق ٿيل وصيت نامو
probation,آزمائش- پرک- امتحان,,آزمائش- پرک- امتحان
probe,جاچ ڪرڻ- ڳولا ڪرڻ- تفتيش ڪرڻ,,جاچ ڪرڻ- ڳولا ڪرڻ- تفتيش ڪرڻ
problem,مسئلو- سوال- مشڪل ڳالهه,,مسئلو- سوال- مشڪل ڳالهه
problems,مسئلا- سوال- مشڪل ڳالهه,,مسئلا- سوال- مشڪل ڳالهه
procedural,قاعدي مطابق- ضابطي مطابق,,قاعدي مطابق- ضابطي مطابق
procedure,سرشتو- طريقو- ضابطو (قانون)- طريقه ڪار- ڪارروائي,,سرشتو- طريقو- ضابطو (قانون)- طريقه ڪار- ڪارروائي
proceed,ڪارروائي ڪرڻ- وڌڻ,,ڪارروائي ڪرڻ- وڌڻ
proceeding,ڪارروائي، روبڪاري,,ڪارروائي، روبڪاري
proceedings,ڪارروائي- روداد,,ڪارروائي- روداد
proceeds,حاصل- آمدني- پيداوار,,حاصل- آمدني- پيداوار
process,عدالتي ڪارروائي- طريقو- عمل,,عدالتي ڪارروائي- طريقو- عمل
processing,تياري- عمل- طريقه ڪار,,تياري- عمل- طريقه ڪار
proclaimed,اشتهاري,,اشتهاري
procurement,فراهمي- گڏ ڪري ڏيڻ,,فراهمي- گڏ ڪري ڏيڻ
produce,پيدا ڪرڻ- پيش ڪرڻ- اُپائڻ- ڦل ڏيڻ,,پيدا ڪرڻ- پيش ڪرڻ- اُپائڻ- ڦل ڏيڻ
producer,پروڊيوسر- پيش ڪندڙ,,پروڊيوسر- پيش ڪندڙ
product,پيداوار- مصنوعي شيءِ,,پيداوار- مصنوعي شيءِ
production,ڦل- اُپت- پيدائش- پيداوار,,ڦل- اُپت- پيدائش- پيداوار
productive,اُپت وارو- فائديمند,,اُپت وارو- فائديمند
productivity,پيداواري صلاحيت,,پيداواري صلاحيت
products,مصنوعات- هٿ جون ٺهيل شيون,,مصنوعات- هٿ جون ٺهيل شيون
profession,ڌنڌو- پيشو,,ڌنڌو- پيشو
professional,فني ماهر- ڪاريگر- ڌنڌي جو- ڌنڌي سان لاڳاپيل,,فني ماهر- ڪاريگر- ڌنڌي جو- ڌنڌي سان لاڳاپيل
professions,پيشا- ڌنڌا,,پيشا- ڌنڌا
professor,پروفيسر- اعليٰ درجي وارو استاد,,پروفيسر- اعليٰ درجي وارو استاد
proficiency,لياقت- قابليت- مهارت- هوشياري,,لياقت- قابليت- مهارت- هوشياري
proficient,ڀَڙُ- حاذق- ماهر- قابل- استاد,,ڀَڙُ- حاذق- ماهر- قابل- استاد
profile,هڪ رخي تصوير يا خاڪو,,هڪ رخي تصوير يا خاڪو
profit,لاڀ- نفعو- فائدو,,لاڀ- نفعو- فائدو
profitability,منافعيت,,منافعيت
profitable,فائديمند- نفعي وارو- ڪمائتو- لاڀائتو,,فائديمند- نفعي وارو- ڪمائتو- لاڀائتو
profound,ڳوڙهو، هوشيار، داناءُ، فاضل,,ڳوڙهو، هوشيار، داناءُ، فاضل
prog,چوري ڪرڻ، پنڻ، ناجائز طريقي سان روزيءَ حاصل ڪرڻ,,چوري ڪرڻ، پنڻ، ناجائز طريقي سان روزيءَ حاصل ڪرڻ
prognosis,اڳڪٿي- پيشن گوئي,,اڳڪٿي- پيشن گوئي
program,پروگرام- سٽاءُ- پيش نامون- لائحه عمل.,,پروگرام- سٽاءُ- پيش نامون- لائحه عمل.
programme,منصوبو- پروگرام- طريقه ڪار- لائحه عمل,,منصوبو- پروگرام- طريقه ڪار- لائحه عمل
progress,ترقي- رفتار- اڳڀرائي- واڌارو,,ترقي- رفتار- اڳڀرائي- واڌارو
progression,ترقي، واڌارو، رفتار,,ترقي، واڌارو، رفتار
progressive,ترقي پسند- وڌندڙ- ترقي ڪندڙ- سلسليوار,,ترقي پسند- وڌندڙ- ترقي ڪندڙ- سلسليوار
prohibit,منع ڪرڻ,,منع ڪرڻ
prohibited,منع ڪيل- ممنوعه,,منع ڪيل- ممنوعه
prohibition,روڪ- جهل- بندش,,روڪ- جهل- بندش
project,رٿ- منصوبو- تجويز,,رٿ- منصوبو- تجويز
projection,وڌارو، ٻاهر تي نڪتل حصو، ٺٺ,,وڌارو، ٻاهر تي نڪتل حصو، ٺٺ
projections,وڌاءُ- ٺَٺُ,,وڌاءُ- ٺَٺُ
projector,اهڙي مشين جنهن ذريعي فلم کي پردي تي لاٿو وڃي,,اهڙي مشين جنهن ذريعي فلم کي پردي تي لاٿو وڃي
proliferation,واڌارو- تيزيءَ سان وڌڻ واري حالت,,واڌارو- تيزيءَ سان وڌڻ واري حالت
prolonged,ڊگهو- طويل- اينگهايل- وڌايل (عرصو),,ڊگهو- طويل- اينگهايل- وڌايل (عرصو)
prominent,ناليوارو- نمايان- ممتاز- مشهور,,ناليوارو- نمايان- ممتاز- مشهور
promise,واعدو- اقرار- وچن,,واعدو- اقرار- وچن
promising,اميدن ڀريو- ڀاڳ ڀريو- اُميد ڏيکاريندڙ,,اميدن ڀريو- ڀاڳ ڀريو- اُميد ڏيکاريندڙ
promote,ترقي ڏيڻ- حمايت ڪرڻ- وڌائڻ,,ترقي ڏيڻ- حمايت ڪرڻ- وڌائڻ
promoted,ترقي يافته- ترقي حاصل ڪيل,,ترقي يافته- ترقي حاصل ڪيل
promoter,ترقي ڏياريندڙ- وڌائڻ وارو,,ترقي ڏياريندڙ- وڌائڻ وارو
promotion,ترقي- فروغ- اضافو,,ترقي- فروغ- اضافو
prompt,ترت- چُست- فوري- بنا دير- تکو- مُدو,,ترت- چُست- فوري- بنا دير- تکو- مُدو
promptly,يڪدم- جلدي- بنا ڪنهن دير جي- چُستيءَ وچان- ٺهه پهه,,يڪدم- جلدي- بنا ڪنهن دير جي- چُستيءَ وچان- ٺهه پهه
prone,منهن ڀر، اُونڌو، سلامي، جهڪيل,,منهن ڀر، اُونڌو، سلامي، جهڪيل
pronounced,پڪو، آخرين، فيصل ٿيل، زبردست,,پڪو، آخرين، فيصل ٿيل، زبردست
pronunciation,اچار,,اچار
proof,ثابتي- ثبوت- دليل,,ثابتي- ثبوت- دليل
proofs,پروف,,پروف
prop,ٽيڪ، اَڌار، ٿنڀو، روڪڻ، سنڀالڻ,,ٽيڪ، اَڌار، ٿنڀو، روڪڻ، سنڀالڻ
propaganda,پراپيگنڊا- پرچار- الزام- تبليغ- ڦهلاءُ,,پراپيگنڊا- پرچار- الزام- تبليغ- ڦهلاءُ
propagation,وسيع- اشاعت- تبليغ- پرچار- پراپيگنڊا ڪرڻ,,وسيع- اشاعت- تبليغ- پرچار- پراپيگنڊا ڪرڻ
proper,صحيح- مناسب- موزون,,صحيح- مناسب- موزون
properly,واجبي، طرح، ٺيڪ طرح، پوريءَ ريت,,واجبي، طرح، ٺيڪ طرح، پوريءَ ريت
properties,خاصيتون,,خاصيتون
property,ملڪيت- جائيداد- خاصيت- وصف,,ملڪيت- جائيداد- خاصيت- وصف
prophecy,پيشن گوئي، غيب گوئي، اڳڪٿي,,پيشن گوئي، غيب گوئي، اڳڪٿي
prophet,پيغمبر، نبي، رسول,,پيغمبر، نبي، رسول
proportion,ڀاڱو- مقدار- تناسب- تعداد,,ڀاڱو- مقدار- تناسب- تعداد
proportional,نسبتي- سراسري,,نسبتي- سراسري
proposal,تجويز- درخواست- راءِ,,تجويز- درخواست- راءِ
propose,تجويز ڪرڻ,,تجويز ڪرڻ
proposed,رٿيل- تجويز ڪيل,,رٿيل- تجويز ڪيل
proposition,تجويز- مسئلو- رٿ- ٺهراءُ,,تجويز- مسئلو- رٿ- ٺهراءُ
proprietary,مالڪاڻو- مالڪيءَ جو,,مالڪاڻو- مالڪيءَ جو
propulsion,اڳتي ڌڪڻ يا هلائڻ,,اڳتي ڌڪڻ يا هلائڻ
prose,نثر، غير شاعراڻي لکت، رواجي,,نثر، غير شاعراڻي لکت، رواجي
prosecution,مقدمو- قانوني ڪارروائي- فرياديءَ جو طرف,,مقدمو- قانوني ڪارروائي- فرياديءَ جو طرف
prosecutor,وڪيل- پيروڪار (سرڪاري),,وڪيل- پيروڪار (سرڪاري)
prospect,نظارو، فضا، اميد، آئينده جو خيال,,نظارو، فضا، اميد، آئينده جو خيال
prospective,ٿيڻ وارو- آئندي جو- متوقع,,ٿيڻ وارو- آئندي جو- متوقع
prospects,اميدون- توقعات,,اميدون- توقعات
prospectus,اشتهار- پڌرنامو,,اشتهار- پڌرنامو
prosperity,خوشحالي,,خوشحالي
prostitution,عصمت فروشي,,عصمت فروشي
protect,محفوظ رکڻ، بچائڻ، اوٽ ڏيڻ حفاظت، رکوالي,,محفوظ رکڻ، بچائڻ، اوٽ ڏيڻ حفاظت، رکوالي
protected,محفوظ,,محفوظ
protection,بچاءُ- حفاظت- پناهه- آڙ,,بچاءُ- حفاظت- پناهه- آڙ
protective,حفاظتي,,حفاظتي
protector,محافظ- منتظم,,محافظ- منتظم
protein,غذائي جز، لحميات، پروٽين,,غذائي جز، لحميات، پروٽين
protest,احتجاج- اعتراض,,احتجاج- اعتراض
protestant,عيسائين جو فرقو، اعتراض اٿاريندڙ,,عيسائين جو فرقو، اعتراض اٿاريندڙ
proto,مکيه، پهريون، اصلي,,مکيه، پهريون، اصلي
protocol,شرف ڏيڻ- مجلسي آداب,,شرف ڏيڻ- مجلسي آداب
proton,پروٽان(ايٽم جو) مرڪزي ذرڙو، آبي ذرو,,پروٽان(ايٽم جو) مرڪزي ذرڙو، آبي ذرو
prototype,نمونو، مثال، اصل,,نمونو، مثال، اصل
proud,مغرور، هٺيلو، خود پسند، تڪبر يا غرور ڪندڙ,,مغرور، هٺيلو، خود پسند، تڪبر يا غرور ڪندڙ
prove,ثابت ڪرڻ- معيار پرکڻ,,ثابت ڪرڻ- معيار پرکڻ
proved,ثابت ٿيل- مڃيل,,ثابت ٿيل- مڃيل
proven,ثابت ٿيل,,ثابت ٿيل
provide,مهيا ڪرڻ- مشروط ٿيڻ يا ڪرڻ,,مهيا ڪرڻ- مشروط ٿيڻ يا ڪرڻ
provided,شرط آهي ته- بشرطيڪه,,شرط آهي ته- بشرطيڪه
providence,ڪفايت شعاري- دانشمندي,,ڪفايت شعاري- دانشمندي
province,صوبو- پرڳڻو,,صوبو- پرڳڻو
provincial,صوبائي,,صوبائي
provision,بِلو- بندوبست- گنجائش- شرط- اهتمام- فراهمي,,بِلو- بندوبست- گنجائش- شرط- اهتمام- فراهمي
provisional,عارضي- مشروط- وقتي,,عارضي- مشروط- وقتي
provisioning,رسد هيٺ,,رسد هيٺ
provisions,کاڌي پيتي جون شيون- رسد- شرط- شق (قانون),,کاڌي پيتي جون شيون- رسد- شرط- شق (قانون)
provost,ڪوٽوال، ڪاليج يا جيل جو وڏو عملدار,,ڪوٽوال، ڪاليج يا جيل جو وڏو عملدار
proximity,ويجهڙائي، نزديڪي,,ويجهڙائي، نزديڪي
proxy,عيوضي,,عيوضي
prudent,داناء,,داناء
psalm,ڀڄن، گيت، مذهبي نظم,,ڀڄن، گيت، مذهبي نظم
pseudo,هٿ ٺوڪيو- نقلي- جعلي- ڪُوڙو- هٿرادو,,هٿ ٺوڪيو- نقلي- جعلي- ڪُوڙو- هٿرادو
psychiatry,نفسياتي علاج,,نفسياتي علاج
psychic,نفسياتي,,نفسياتي
psycho,نفسياتي,,نفسياتي
psychological,نفسياتي,,نفسياتي
psychologist,ماهر نفسيات,,ماهر نفسيات
psychology,علمِ نفسيات,,علمِ نفسيات
psychotherapy,نفسياتي علاج,,نفسياتي علاج
pub,سراءِ، مسافرخانو,,سراءِ، مسافرخانو
public,عام- عوام- عوامي- سرڪاري,,عام- عوام- عوامي- سرڪاري
publication,اشاعت- ڇپائي- پڌرائي- ڪتابن جي ڇپائي,,اشاعت- ڇپائي- پڌرائي- ڪتابن جي ڇپائي
publications,اشاعتون- ڇپيل مواد,,اشاعتون- ڇپيل مواد
publicity,مشهوري- اشتهار- اعلان- تشهير- نشر و اشاعت,,مشهوري- اشتهار- اعلان- تشهير- نشر و اشاعت
publicly,کلئي عام- سرعام,,کلئي عام- سرعام
publish,شايع ڪرڻ، ھلائڻ,,شايع ڪرڻ، ھلائڻ
publisher,ڇاپي پڌرو ڪندڙ- ناشر- شايع ڪندڙ,,ڇاپي پڌرو ڪندڙ- ناشر- شايع ڪندڙ
pudding,بيضن جي کيرڻي,,بيضن جي کيرڻي
puff,ڦوڪ، ڦوڪڻو، ڦوڪڻ، هوا ڀرڻ,,ڦوڪ، ڦوڪڻو، ڦوڪڻ، هوا ڀرڻ
puffy,ڦوڪيل، ڦيڦو,,ڦوڪيل، ڦيڦو
pull,ڪچو پروف,,ڪچو پروف
pulmonary,ڦڦڙن متعلق,,ڦڦڙن متعلق
pulp,ڳَرَ,,ڳَرَ
pulse,نبض- ڌڙڪو,,نبض- ڌڙڪو
pump,نل,,نل
pumping,نل لڳائڻ,,نل لڳائڻ
pumpkin,ڪَدُو- اڇو پيٺو,,ڪَدُو- اڇو پيٺو
punch,سوراخ ڪرڻ- ٺونشو- مُڪ- ڇيڻي,,سوراخ ڪرڻ- ٺونشو- مُڪ- ڇيڻي
punctuation,بيهڪ جون نشانيون,,بيهڪ جون نشانيون
punishment,سزا,,سزا
punt,بتيلو,,بتيلو
pupil,شاگرد- پُتلي (اک جي),,شاگرد- پُتلي (اک جي)
puppet,ڪاٺ جي پَتلي- گُڏي,,ڪاٺ جي پَتلي- گُڏي
purchase,خريد- خريداري,,خريد- خريداري
purchased,خريد ڪيل,,خريد ڪيل
purchaser,خريدار، گراهڪ,,خريدار، گراهڪ
purchasing,خريداري,,خريداري
pure,نجو- خالص- پاڪ- صاف,,نجو- خالص- پاڪ- صاف
purely,خالص طور- صفا- بلڪل,,خالص طور- صفا- بلڪل
purification,صفائي- پاڪائي- طهارت,,صفائي- پاڪائي- طهارت
purifier,صفائي ڪندڙ آلو,,صفائي ڪندڙ آلو
purity,طهارت- پاڪائي- صفائي- پوترتا,,طهارت- پاڪائي- صفائي- پوترتا
purple,واڱڻائي، سوسنو، سلطاني پوشاڪ,,واڱڻائي، سوسنو، سلطاني پوشاڪ
purpose,مقصد- غرض- مطلب,,مقصد- غرض- مطلب
purse,ٻٽونئون، ٿيلهي، ڳوٿري، ناڻو,,ٻٽونئون، ٿيلهي، ڳوٿري، ناڻو
pursuant,موجب، موافق,,موجب، موافق
pursue,جاري رکڻ,,جاري رکڻ
pursuit,پٺيان پوڻ، ڪوشش، ڳولا، ڪرت، ڌنڌو,,پٺيان پوڻ، ڪوشش، ڳولا، ڪرت، ڌنڌو
pushing,چالاڪ، برجستو، برجستائي، ڇڪتاڻ,,چالاڪ، برجستو، برجستائي، ڇڪتاڻ
put,رکڻ- وجهڻ- پيش ڪرڻ,,رکڻ- وجهڻ- پيش ڪرڻ
putative,قياسي، فرضي، مشهور,,قياسي، فرضي، مشهور
pyramid,اهرام مصر- مصر جو قديم مخروطي منارو,,اهرام مصر- مصر جو قديم مخروطي منارو
python,ازدها، هڪ قسم جو نانگ، اَجگر، اروڙ,,ازدها، هڪ قسم جو نانگ، اَجگر، اروڙ
q,انگريزي الفابيٽ جو سترهون اکر,,انگريزي الفابيٽ جو سترهون اکر
quad,چوڪندو، جيل، چوديواري، چئن تي ٻڌل,,چوڪندو، جيل، چوديواري، چئن تي ٻڌل
quake,ٿڙڪڻ، ڏڪڻ، ڌڏڻ، زلزلو,,ٿڙڪڻ، ڏڪڻ، ڌڏڻ، زلزلو
qualification,گُڻ- لياقت- قابليت- خاصيت- بندش- شرط,,گُڻ- لياقت- قابليت- خاصيت- بندش- شرط
qualifications,قابليت- اهليت- شرط,,قابليت- اهليت- شرط
qualified,سنديافته- اهل- مشروط- فاضل,,سنديافته- اهل- مشروط- فاضل
qualify,پاس ڪرڻ، سند حاصل ڪرڻ، قابل ڪرڻ,,پاس ڪرڻ، سند حاصل ڪرڻ، قابل ڪرڻ
qualifying,ڪامياب ٿيندڙ- اهل اميدوار,,ڪامياب ٿيندڙ- اهل اميدوار
qualitative,ڳُڻن ڀريو- وصفي- صفتي,adjective,ڳُڻن ڀريو- وصفي- صفتي
quality,قابليت- وصف- خوبي- صفت- معيار- خاصيت,adjective,قابليت- وصف- خوبي- صفت- معيار- خاصيت
quantitative,مقدار وارو- مقداري- مقدار مطابق,,مقدار وارو- مقداري- مقدار مطابق
quantity,مقدار,,مقدار
quantum,مقدار- مقرر مقدار- تعداد,,مقدار- مقرر مقدار- تعداد
quarry,پٿر جي کاڻ,,پٿر جي کاڻ
quart,مقدار جو چوٿون حصو,,مقدار جو چوٿون حصو
quarter,ٽه ماهي- چوٿائي,,ٽه ماهي- چوٿائي
quarterly,سه ماهي- ٽه ماهي,,سه ماهي- ٽه ماهي
quartz,هڪ قسم جو سنهري پٿر,,هڪ قسم جو سنهري پٿر
quasi,بظاهر، ڏسڻ ۾,,بظاهر، ڏسڻ ۾
quay,بندر- گهاٽ,,بندر- گهاٽ
queen,راڻي، بادشاهه جي زال، ملڪھ، شطرنج راند ۾ وزير,,راڻي، بادشاهه جي زال، ملڪھ، شطرنج راند ۾ وزير
queer,عجيب و غريب- منفرد,,عجيب و غريب- منفرد
query,پڇا ڳاڇا- جاچ,,پڇا ڳاڇا- جاچ
quest,تلاش- جستجو,,تلاش- جستجو
question,سوال- بحث- تڪرار- مسئلو- ڳالهه- پڇڻ- شڪ اٿارڻ,,سوال- بحث- تڪرار- مسئلو- ڳالهه- پڇڻ- شڪ اٿارڻ
questionable,اعتراض جوڳو- سوال طلب,,اعتراض جوڳو- سوال طلب
questioned,مشڪوڪ- اعتراض هيٺ آيل,,مشڪوڪ- اعتراض هيٺ آيل
questionnaire,سوال نامو,,سوال نامو
questions,سوالَ,,سوالَ
queue,قطار، لائين,,قطار، لائين
quick,جلدي- تڪڙو- تيز,,جلدي- تڪڙو- تيز
quickly,جلد، تيزيءَ سان، ٺهه پهه (دلدل ڪائي به خوفناڪ شئي,,جلد، تيزيءَ سان، ٺهه پهه (دلدل ڪائي به خوفناڪ شئي
quicktime,چنو، چن، سفيدي,,چنو، چن، سفيدي
quiet,خاموش- غير متحرڪ- بند,,خاموش- غير متحرڪ- بند
quilt,لحاف، رضائي، سوڙ,,لحاف، رضائي، سوڙ
quit,ڇڏڻ- ترڪ ڪرڻ,,ڇڏڻ- ترڪ ڪرڻ
quite,بلڪل- ٺيڪ- مڪمل طور تي,,بلڪل- ٺيڪ- مڪمل طور تي
quiz,زباني امتحان,,زباني امتحان
quorum,گهٽ ۾ گهٽ گهربل تعداد (اسيمبلي ميمبر),,گهٽ ۾ گهٽ گهربل تعداد (اسيمبلي ميمبر)
quota,حصو- ڀاڱو- پتي,,حصو- ڀاڱو- پتي
quotation,اگهه- شرح- اقتباس(عبارت),,اگهه- شرح- اقتباس(عبارت)
quote,حوالو ڏيڻ- اگهه ٻڌائڻ,,حوالو ڏيڻ- اگهه ٻڌائڻ
r,انگريزي الفابيٽ جو ارڙهون اکر,,انگريزي الفابيٽ جو ارڙهون اکر
rabbi,يهودي پادري، يهودي قانون دان، استاد,,يهودي پادري، يهودي قانون دان، استاد
rabbit,سهو، خرگوش,,سهو، خرگوش
race,ڊُڪ- ڊوڙ- شرط- نسل- ڊوڙ جو مقابلو- قبيلو- گوءِ,,ڊُڪ- ڊوڙ- شرط- نسل- ڊوڙ جو مقابلو- قبيلو- گوءِ
racer,شرط جو گهوڙو,,شرط جو گهوڙو
racial,نسلي,,نسلي
racing,ڊوڙ- حرڪت- گهوڙن جي ڊوڙ,,ڊوڙ- حرڪت- گهوڙن جي ڊوڙ
rack,اشڪنجو- شين رکڻ جو ننڍڙو تختو- عذاب ڏيڻ- تباهه ڪرڻ,,اشڪنجو- شين رکڻ جو ننڍڙو تختو- عذاب ڏيڻ- تباهه ڪرڻ
radial,ڪرڻي وانگر- اڌ قطري- شعاعي,,ڪرڻي وانگر- اڌ قطري- شعاعي
radiant,چمڪندڙ، تجليدار، چمڪڻ,,چمڪندڙ، تجليدار، چمڪڻ
radiation,تابڪاري- شعاع وجهڻ- شعاع پزيري,,تابڪاري- شعاع وجهڻ- شعاع پزيري
radiator,شعاع خارج ڪندڙ- گرمي پهچائيندڙ اوزار,,شعاع خارج ڪندڙ- گرمي پهچائيندڙ اوزار
radical,جَڙ جو- بنيادي- پڪو- اصلي- انقلاب پسند,,جَڙ جو- بنيادي- پڪو- اصلي- انقلاب پسند
radio,ريڊيو، هوا مان آواز ڇڪڻ جي مشين,,ريڊيو، هوا مان آواز ڇڪڻ جي مشين
radioactive,تابڪاري شعاع پکيڙيندڙ,,تابڪاري شعاع پکيڙيندڙ
radiology,شعائن جو علم- تابڪاريءَ علم,,شعائن جو علم- تابڪاريءَ علم
radius,اڌ قطر- نيم قطر,,اڌ قطر- نيم قطر
rag,اڳڙي- ڌڄي- ليڙ,,اڳڙي- ڌڄي- ليڙ
rage,ڪاوڙ، گهڻو جوش، گهڻي ڪاوڙ، جوش رکڻ,,ڪاوڙ، گهڻو جوش، گهڻي ڪاوڙ، جوش رکڻ
raging,خطرناڪ، قهر وارو، خوف وارو,,خطرناڪ، قهر وارو، خوف وارو
raid,ڇاپو- حملو- ڇاپو مارڻ,,ڇاپو- حملو- ڇاپو مارڻ
raider,ڇاپي مار- حمله آور,,ڇاپي مار- حمله آور
rail,پٽڙي- ريل,,پٽڙي- ريل
railroad,ريلوي جو رستو، آگ گاڏيءَ جو رستو,,ريلوي جو رستو، آگ گاڏيءَ جو رستو
railway,ريلوي- ريل جو رستو,,ريلوي- ريل جو رستو
rain,مينهن، برسات، مينهن وسڻ,,مينهن، برسات، مينهن وسڻ
rainbow,انڊلٺ,,انڊلٺ
rainfall,برسات- مينهن,,برسات- مينهن
rainy,برسات جو- برساتي,,برسات جو- برساتي
raise,کڻڻ- مٿي ڪرڻ- نپائڻ- وڌائڻ,,کڻڻ- مٿي ڪرڻ- نپائڻ- وڌائڻ
raised,اوچو- بلند- اٿاريو ويو- وڌايل- ختم ڪيو ويو,,اوچو- بلند- اٿاريو ويو- وڌايل- ختم ڪيو ويو
raising,اوچو ڪرڻ- بلند ڪرڻ- اضافو ڪرڻ,,اوچو ڪرڻ- بلند ڪرڻ- اضافو ڪرڻ
rake,ڏانداري- گُڏ ڪرڻ,,ڏانداري- گُڏ ڪرڻ
ram,گهيٽو- دُنبو- ڌڪ هڻڻ- ٽڪرائڻ,,گهيٽو- دُنبو- ڌڪ هڻڻ- ٽڪرائڻ
ramp,پکڙڻ، ٽپ ڏيڻ، چڙهڻ (ول وانگر),,پکڙڻ، ٽپ ڏيڻ، چڙهڻ (ول وانگر)
ranch,چؤپاين لاءِ مخصوص ڪيل چراگاهه- واڙو,,چؤپاين لاءِ مخصوص ڪيل چراگاهه- واڙو
random,بي ترتيب- اتفاقي- توائي- اجايو,,بي ترتيب- اتفاقي- توائي- اجايو
randy,واتيرو، گهڻو ڳالهائيندڙ,,واتيرو، گهڻو ڳالهائيندڙ
rang,وڄايو,,وڄايو
range,پهچ- حد- قطار- قسم- مفاصلو- حلقو,,پهچ- حد- قطار- قسم- مفاصلو- حلقو
ranger,ٻيلائي عملدار- گهمندڙ ڦرندڙ- گشت ڪندڙ,,ٻيلائي عملدار- گهمندڙ ڦرندڙ- گشت ڪندڙ
rank,رينڪ- مرتبو- صف- قطار- درجو- عهدو,,رينڪ- مرتبو- صف- قطار- درجو- عهدو
ranking,رتبو مقرر ڪرڻ,,رتبو مقرر ڪرڻ
rant,بڪڻ، يخي هڻڻ، تکو ڳالهائڻ,,بڪڻ، يخي هڻڻ، تکو ڳالهائڻ
rap,ٺڙڪو، ٿڦڙ، ڌڪ,,ٺڙڪو، ٿڦڙ، ڌڪ
rape,انگور جي ڏانڊي ۽ کل,,انگور جي ڏانڊي ۽ کل
rapid,تيز- يڪدم- تڪڙو,,تيز- يڪدم- تڪڙو
rapidly,جلد- تکو- تيزيءَ سان- جلديءَ سان,,جلد- تکو- تيزيءَ سان- جلديءَ سان
rapids,درياءَ مان نالي نڪرڻ جي جڳهه جتي وهڪرو تيز هوندو آهي,,درياءَ مان نالي نڪرڻ جي جڳهه جتي وهڪرو تيز هوندو آهي
rare,ناياب- نادر- اڻ لڀ- غير معمولي,,ناياب- نادر- اڻ لڀ- غير معمولي
rarely,ورلي مشڪل سان,,ورلي مشڪل سان
rash,اُٻهرو- تڪڙو- جلد باز- غير محتاط- بي ڌڙڪ,,اُٻهرو- تڪڙو- جلد باز- غير محتاط- بي ڌڙڪ
raspberry,هڪ قسم جو ميوو، رس ڀري,,هڪ قسم جو ميوو، رس ڀري
rat,ڪوئو,,ڪوئو
rate,اگهه- شرح- محصول,,اگهه- شرح- محصول
rated,درجي بندي- ملهه- ڪٿ,,درجي بندي- ملهه- ڪٿ
rates,اگَهه- درجا- محصول,,اگَهه- درجا- محصول
rather,البت، بيشڪ، ٻي طرف، اُلٽو,,البت، بيشڪ، ٻي طرف، اُلٽو
ratification,توثيق- تصديق- منظوري- بحالي,,توثيق- تصديق- منظوري- بحالي
rating,اگهه مقرر ڪرڻ- درجي بندي- محصول بندي,,اگهه مقرر ڪرڻ- درجي بندي- محصول بندي
ratio,نسبت- تناسب- لاڳاپو- انداز- مقدار,,نسبت- تناسب- لاڳاپو- انداز- مقدار
rational,مناسب- واجبي- سمجهه ڀريو- عقلي- معقول,,مناسب- واجبي- سمجهه ڀريو- عقلي- معقول
rationale,منطقي بنياد- عقلي بنياد- واقعن جو بيان,,منطقي بنياد- عقلي بنياد- واقعن جو بيان
raven,هڪ قسم جو ڪانءُ، جابلو ڪانءُ,,هڪ قسم جو ڪانءُ، جابلو ڪانءُ
raw,خام- ڪچو,,خام- ڪچو
ray,شعاع- ڪرڻو- ترورو- تجلي- رڍن جو هڪ مرض,,شعاع- ڪرڻو- ترورو- تجلي- رڍن جو هڪ مرض
razor,پاڪي,,پاڪي
re,وري- ٻيهر- بابت- به نسبت- موٽي,,وري- ٻيهر- بابت- به نسبت- موٽي
reach,پهچ- رسائي- حد- گذر,,پهچ- رسائي- حد- گذر
react,رد عمل ڏيکارڻ,,رد عمل ڏيکارڻ
reaction,ردعمل- ابتو اثر- جوابي زور,,ردعمل- ابتو اثر- جوابي زور
reactive,تيز عامل، تيز عمل، قابل رد عمل رد عمل ڪار,,تيز عامل، تيز عمل، قابل رد عمل رد عمل ڪار
read,پڙهڻ- سکڻ- پڙهيل- سکيل,,پڙهڻ- سکڻ- پڙهيل- سکيل
readable,پڙهڻ جهڙو,,پڙهڻ جهڙو
reader,پڙهندڙ- ڪورٽ ۾ پيشي ڪرائيندڙ,,پڙهندڙ- ڪورٽ ۾ پيشي ڪرائيندڙ
readily,يڪدم- آسانيءَ سان- فوراً,,يڪدم- آسانيءَ سان- فوراً
readiness,راضپو,,راضپو
reading,پڙهڻ- پڙهائي- پاٺ- علميت,,پڙهڻ- پڙهائي- پاٺ- علميت
readings,نقطي نظر، پڙھڻي، انگ اکر پڙھڻ,,نقطي نظر، پڙھڻي، انگ اکر پڙھڻ
ready,تيار- نقد- حاضر,,تيار- نقد- حاضر
real,حقيقي- اصلي- سچو پچو- صحيح,,حقيقي- اصلي- سچو پچو- صحيح
realism,شين کي موجوده شڪل ۾ ڏسڻ، حقيقت شناسي,,شين کي موجوده شڪل ۾ ڏسڻ، حقيقت شناسي
realistic,حقيقي- حقيقت پسنداڻو,,حقيقي- حقيقت پسنداڻو
reality,سچائي، حقيقت، اصليت,,سچائي، حقيقت، اصليت
realization,وصولي- پيدائش- تسليم ڪرڻ- حقيقت بنائڻ,,وصولي- پيدائش- تسليم ڪرڻ- حقيقت بنائڻ
really,سچ پچ، واقعي، بيشڪ,,سچ پچ، واقعي، بيشڪ
realm,ملڪيت- بادشاهت- سلطنت- دنيا,,ملڪيت- بادشاهت- سلطنت- دنيا
realty,ملڪيت، وفاداري، خيرخواهي,,ملڪيت، وفاداري، خيرخواهي
rear,عقبي- پويون,,عقبي- پويون
reason,عذر- دليل- سبب,,عذر- دليل- سبب
reasonable,مناسب- معقول- دليل جي قابل,,مناسب- معقول- دليل جي قابل
reasonably,مناسب حد تائين- منطقي طور تي,,مناسب حد تائين- منطقي طور تي
reasoning,دليل- ثبوت- ثابتي- دليل بازي,,دليل- ثبوت- ثابتي- دليل بازي
reasons,سبب- ڪارڻ,,سبب- ڪارڻ
rebate,گهٽ ڪرڻ- ڪمي ڪرڻ- ڪٽوتي- ڇوٽ- لاٿ,,گهٽ ڪرڻ- ڪمي ڪرڻ- ڪٽوتي- ڇوٽ- لاٿ
rebel,باغي- سرڪش- فسادي,,باغي- سرڪش- فسادي
rebellion,بغاوت- سرڪشي- فساد,,بغاوت- سرڪشي- فساد
receipt,رسيد- وصولي ڪرڻ جو عمل- وصول ڪيل پهچ,,رسيد- وصولي ڪرڻ جو عمل- وصول ڪيل پهچ
receipts,آمدني- وصوليون- جمع- پيدائش,,آمدني- وصوليون- جمع- پيدائش
receivable,وصوليءَ جوڳو- وصوليءَ لائق,,وصوليءَ جوڳو- وصوليءَ لائق
receive,قبول ڪرڻ- حاصل ڪرڻ- وصول ڪرڻ,,قبول ڪرڻ- حاصل ڪرڻ- وصول ڪرڻ
received,وصول ٿيو- وصول ٿيل- وصول ڪيو,,وصول ٿيو- وصول ٿيل- وصول ڪيو
receiver,وصول ڪندڙ امين- وٺندڙ- امانتدار,,وصول ڪندڙ امين- وٺندڙ- امانتدار
receiving,وصول ڪندڙ,,وصول ڪندڙ
recent,تازو- هينئر وارو- حال جو- نئون- هاڻوڪو,,تازو- هينئر وارو- حال جو- نئون- هاڻوڪو
recently,تازوئي- هاڻي ئي- ويجهڙائيءَ ۾,,تازوئي- هاڻي ئي- ويجهڙائيءَ ۾
reception,آڌر ڀاءُ- آجياڻو- استقبال- آجيان,,آڌر ڀاءُ- آجياڻو- استقبال- آجيان
receptor,اثر وٺندڙ، تاثير پذير، اثرانگيز,,اثر وٺندڙ، تاثير پذير، اثرانگيز
recess,وقفو- آرام جو وقت- ڇُوٽ,,وقفو- آرام جو وقت- ڇُوٽ
recession,دست برداري، پٺتي هٽڻ,,دست برداري، پٺتي هٽڻ
recipe,نسخو- ترڪيب,,نسخو- ترڪيب
recipient,وصول ڪندڙ- حاصل ڪندڙ,,وصول ڪندڙ- حاصل ڪندڙ
reciprocal,گڏيل- باهمي- ٻه طرفو- هڪٻئي ۾- موٽ ۾,,گڏيل- باهمي- ٻه طرفو- هڪٻئي ۾- موٽ ۾
reclamation,بحالي- بازيابي- اصلاح- سڌارو- سڌرڻ- حُصول,,بحالي- بازيابي- اصلاح- سڌارو- سڌرڻ- حُصول
recognition,اقرار، سڃاڻپ، قدر، يادگار,,اقرار، سڃاڻپ، قدر، يادگار
recognize,تسليم ڪرڻ- شناخت ڪرڻ- سڃاڻڻ- مڃڻ,,تسليم ڪرڻ- شناخت ڪرڻ- سڃاڻڻ- مڃڻ
recognized,منظور ٿيل- تسليم ٿيل- شناخت ٿيل,,منظور ٿيل- تسليم ٿيل- شناخت ٿيل
recommend,سفارش ڪرڻ- پارت ڪرڻ- صلاح ڏيڻ,,سفارش ڪرڻ- پارت ڪرڻ- صلاح ڏيڻ
recommendation,سفارش- پارت,,سفارش- پارت
recommendations,سفارشون,,سفارشون
recommended,سفارش ڪيل- سفارش ڪجي ٿي. سفارشي,,سفارش ڪيل- سفارش ڪجي ٿي. سفارشي
reconciliation,سرچاءُ- مفاهمت- حساب ملائڻ,,سرچاءُ- مفاهمت- حساب ملائڻ
reconstruction,نئين سر تعمير,,نئين سر تعمير
record,دفتر، تاريخ، داخلا، ڪارگذاري,,دفتر، تاريخ، داخلا، ڪارگذاري
recorded,درج ٿيل- رڪارڊ ۾ آيل- رڪارڊ ٿيل- محفوظ ڪيل,,درج ٿيل- رڪارڊ ۾ آيل- رڪارڊ ٿيل- محفوظ ڪيل
recorder,درج ڪندڙ- محفوظ ڪندڙ,,درج ڪندڙ- محفوظ ڪندڙ
recording,مواد گڏ ڪرڻ- تدوين,,مواد گڏ ڪرڻ- تدوين
records,محفوظ- ڪاغذات- محفوظ ٿيل شيون,,محفوظ- ڪاغذات- محفوظ ٿيل شيون
recover,اوڳاڙڻ- وصول ڪرڻ- چڱو ڀلو ٿيڻ- برآمد ڪرڻ,,اوڳاڙڻ- وصول ڪرڻ- چڱو ڀلو ٿيڻ- برآمد ڪرڻ
recovered,صحت ياب- وصول ڪيل,,صحت ياب- وصول ڪيل
recovery,وصولي- چڱڀلائي- ملڪيت حاصل ڪرڻ- برآمدگي- موٽي ملڻ,,وصولي- چڱڀلائي- ملڪيت حاصل ڪرڻ- برآمدگي- موٽي ملڻ
recreation,تفريح- وندر- فرحت- سير سپاٽو,,تفريح- وندر- فرحت- سير سپاٽو
recreational,تفريحي- وندر وارو,,تفريحي- وندر وارو
recruit,رنگروٽ- تربيت وٺندڙ- نئون سپاهي,,رنگروٽ- تربيت وٺندڙ- نئون سپاهي
recruiting,ڀرتي- ڀرتي ڪندڙ,,ڀرتي- ڀرتي ڪندڙ
recruitment,ڀرتي- داخلا,,ڀرتي- داخلا
rectangle,مستطيل- ڊگهو- چؤڪنڊو,,مستطيل- ڊگهو- چؤڪنڊو
rectangular,مستطيل- رستو- مستطيل نما,,مستطيل- رستو- مستطيل نما
recurrence,تڪرار- وري وري ٿيڻ جو عمل,,تڪرار- وري وري ٿيڻ جو عمل
recurrent,لاڳيتو- متواتر- وري وري,,لاڳيتو- متواتر- وري وري
recurring,لاڳيتو- متواتر- واري جو- وري وري ٿيندڙ,,لاڳيتو- متواتر- واري جو- وري وري ٿيندڙ
red,سرخ- لال- ڳاڙهو,,سرخ- لال- ڳاڙهو
redeem,گروي طور رکيل شيءِ کي ڇڏائڻ- واپس وٺڻ,,گروي طور رکيل شيءِ کي ڇڏائڻ- واپس وٺڻ
redemption,رهائي، نجات، ڇوٽڪارو,,رهائي، نجات، ڇوٽڪارو
reduce,گهٽائڻ- گهٽ ڪرڻ,,گهٽائڻ- گهٽ ڪرڻ
reduced,گهٽيل- تخفيف ٿيل- گهٽ ڪيل,,گهٽيل- تخفيف ٿيل- گهٽ ڪيل
reducing,گهٽائيندڙ- تخفيفي,,گهٽائيندڙ- تخفيفي
reduction,گهٽتائي- تنزل- تخفيف- رعايت- تحويل,,گهٽتائي- تنزل- تخفيف- رعايت- تحويل
redundancy,وڌيڪ هجڻ- واڌو,,وڌيڪ هجڻ- واڌو
redundant,فضول- بيڪار- فالتو,,فضول- بيڪار- فالتو
reed,ڪانو- نڙ- سر- بانسري,,ڪانو- نڙ- سر- بانسري
reef,ٻيڙيءَ جو سڙهه- سمنڊ جي وچ ۾ ٽڪريون,,ٻيڙيءَ جو سڙهه- سمنڊ جي وچ ۾ ٽڪريون
reel,چرخي (ڪاغذ)- ريل چرخي- ڦرڻي- ڍيري,,چرخي (ڪاغذ)- ريل چرخي- ڦرڻي- ڍيري
refer,فيصلي لاءِ موڪلڻ- حوالي ڪرڻ- حوالو ڏيڻ- رجوع ڪرڻ,,فيصلي لاءِ موڪلڻ- حوالي ڪرڻ- حوالو ڏيڻ- رجوع ڪرڻ
referee,ريفري- امين- منصف- حوالو ڏيندڙ,,ريفري- امين- منصف- حوالو ڏيندڙ
reference,حوالو- حوالو ڏيڻ- سپردگي- ذڪر,,حوالو- حوالو ڏيڻ- سپردگي- ذڪر
referendum,عام راءِ شماري- عام خلق جو ووٽ,,عام راءِ شماري- عام خلق جو ووٽ
referred,مٿي ڄاڻايل حوالو,,مٿي ڄاڻايل حوالو
referring,راءِ ڏيندڙ- حوالو ڏيندڙ,,راءِ ڏيندڙ- حوالو ڏيندڙ
refine,سنهو- عمدو- صاف ڪرڻ,,سنهو- عمدو- صاف ڪرڻ
refined,خالص- لطيف- شائسته- صاف ٿيل,,خالص- لطيف- شائسته- صاف ٿيل
refinement,تهذيب- صفائي- نيڪ لڇڻ,,تهذيب- صفائي- نيڪ لڇڻ
refining,صفائي- خالص ڪرڻ,,صفائي- خالص ڪرڻ
reflect,عڪس وجهڻ- تاثر ظاهر ڪرڻ- ويچارڻ,,عڪس وجهڻ- تاثر ظاهر ڪرڻ- ويچارڻ
reflected,عڪس قبول ڪندڙ- موٽ کائيندڙ,,عڪس قبول ڪندڙ- موٽ کائيندڙ
reflecting,عڪاسي ڪندڙ,,عڪاسي ڪندڙ
reflection,عڪس- پرتوو- پاڇو,,عڪس- پرتوو- پاڇو
reflective,عڪس موٽائيندڙ- عڪس انداز,,عڪس موٽائيندڙ- عڪس انداز
reflector,ويچار ڪندڙ، صاف جڳهه جتي عڪس پوي,,ويچار ڪندڙ، صاف جڳهه جتي عڪس پوي
reflex,عڪس ڏسڻ ۾ اچڻ- عڪس- پاڇو- مڙيل- عڪسي- تصوير,,عڪس ڏسڻ ۾ اچڻ- عڪس- پاڇو- مڙيل- عڪسي- تصوير
reform,سڌارو، واڌارو، سڌارڻ، سنوارڻ، اصلاحات سڌارڻ,,سڌارو، واڌارو، سڌارڻ، سنوارڻ، اصلاحات سڌارڻ
reforms,اصلاحات- سڌارا,,اصلاحات- سڌارا
refrain,پري رهڻ، باز رهڻ، دور رهڻ، روڪڻ,,پري رهڻ، باز رهڻ، دور رهڻ، روڪڻ
refresh,ٿڌو، تازو، ٿڌو رکڻ,,ٿڌو، تازو، ٿڌو رکڻ
refreshing,تازو ڪرڻ,,تازو ڪرڻ
refrigeration,ٿڌو ڪرڻ,,ٿڌو ڪرڻ
refrigerator,شين کي ٿڌو ڪندڙ مشين- ريفريجريٽر- فرج,,شين کي ٿڌو ڪندڙ مشين- ريفريجريٽر- فرج
refuge,پناهه- پناه گاهه,,پناهه- پناه گاهه
refugee,مهاجر- پناهه گير,,مهاجر- پناهه گير
refund,رقم جي واپسي- واپس ڪيل رقم- رقم واپس ڪرڻ,,رقم جي واپسي- واپس ڪيل رقم- رقم واپس ڪرڻ
refundable,قابل واپسي- واپسيءَ جوڳو,,قابل واپسي- واپسيءَ جوڳو
refusal,انڪار- نهڪر,,انڪار- نهڪر
refuse,انڪار ڪرڻ- رد ڪرڻ- نهڪر ڪرڻ,,انڪار ڪرڻ- رد ڪرڻ- نهڪر ڪرڻ
regal,بادشاهي، راجائي، شاهاڻو، شاهي,,بادشاهي، راجائي، شاهاڻو، شاهي
regard,لحاظ- خيال,,لحاظ- خيال
regarding,باري ۾، بابت جي بنسبت,,باري ۾، بابت جي بنسبت
regardless,بي پرواهه، بي غرضو، بي فڪر,,بي پرواهه، بي غرضو، بي فڪر
regency,حڪومت، راڄ مختياري,,حڪومت، راڄ مختياري
regeneration,ٻيهر پيدائش,,ٻيهر پيدائش
regent,ٻئي جي پاران حڪومت هلائيندڙ، قائم,,ٻئي جي پاران حڪومت هلائيندڙ، قائم
regime,حڪومتي نظام- حڪومتي دور,,حڪومتي نظام- حڪومتي دور
regimen,پرهيز، عمل، قاعدو، ڪري,,پرهيز، عمل، قاعدو، ڪري
regiment,ريجمينٽ,,ريجمينٽ
region,علائقو- خطو- طبقو,,علائقو- خطو- طبقو
regional,علائقائي,,علائقائي
register,درج ڪرڻ- رجسٽر,,درج ڪرڻ- رجسٽر
registered,درج ٿيل- داخل ٿيل- قانوني طور اهل- تحرير شده,,درج ٿيل- داخل ٿيل- قانوني طور اهل- تحرير شده
registering,درج ڪندڙ,,درج ڪندڙ
registrant,داخلائون ڪندڙ,,داخلائون ڪندڙ
registrar,رجسٽرار,,رجسٽرار
registration,داخلا- اندراج,,داخلا- اندراج
registry,رجسٽري- درج ٿيل ٽپال,,رجسٽري- درج ٿيل ٽپال
regression,واپسي- واپسيءَ جو عمل- موٽ,,واپسي- واپسيءَ جو عمل- موٽ
regret,افسوس ڪرڻ- پڇتائڻ,,افسوس ڪرڻ- پڇتائڻ
regular,باقاعده- قانون مطابق- باضابطي طور,,باقاعده- قانون مطابق- باضابطي طور
regularly,باضابطه- باقاعدگي سان- باقاعدي طور,,باضابطه- باقاعدگي سان- باقاعدي طور
regulate,ضابطي ۾ آڻڻ,,ضابطي ۾ آڻڻ
regulated,ضابطي ۾ آندل,,ضابطي ۾ آندل
regulating,ضابطي ۾ آڻڻ,,ضابطي ۾ آڻڻ
regulation,ضابطو,,ضابطو
regulations,ضابطا- قاعدا,,ضابطا- قاعدا
regulator,دروازن جي موري، منتظم,,دروازن جي موري، منتظم
regulatory,باقاعده- ضابطو رکندڙ,,باقاعده- ضابطو رکندڙ
rehabilitation,بحالي- آبادڪاري,,بحالي- آبادڪاري
rehearsal,مشق- آزمائشي نمائش,,مشق- آزمائشي نمائش
reign,راڄ، بادشاهي، حڪومت جو وقت,,راڄ، بادشاهي، حڪومت جو وقت
reimbursement,رقم جي واپسي- تلافي- ازالو,,رقم جي واپسي- تلافي- ازالو
reinforce,قوت پهچائڻ- مستحڪم ڪرڻ- مدد پهچائڻ,,قوت پهچائڻ- مستحڪم ڪرڻ- مدد پهچائڻ
reinforced,ٻيهر- مضبوط ڪيل- پختو ڪيل,,ٻيهر- مضبوط ڪيل- پختو ڪيل
reinforcement,مدد- تقويت,,مدد- تقويت
reject,نامنظور ڪرڻ- مسترد ڪرڻ- رد ڪرڻ,,نامنظور ڪرڻ- مسترد ڪرڻ- رد ڪرڻ
rejected,رد ٿيل- نامنظور ٿيل,,رد ٿيل- نامنظور ٿيل
rejection,نامنظوري- رد- انڪار,,نامنظوري- رد- انڪار
related,لاڳاپيل,,لاڳاپيل
relation,مائٽ، لاڳاپو، عزيز، تعلق وارو,,مائٽ، لاڳاپو، عزيز، تعلق وارو
relations,واسطيداري- تعلقات,,واسطيداري- تعلقات
relationship,رشتيداري- رشتو- تعلق- مٽي مائٽي,,رشتيداري- رشتو- تعلق- مٽي مائٽي
relative,مائٽ- رشتيدار- اضافي- واڌو- تقابلي- نسبتي,,مائٽ- رشتيدار- اضافي- واڌو- تقابلي- نسبتي
relatively,نسبتاً,,نسبتاً
relax,آرام ۾ اچڻ- رعايت ڏيڻ- تخفيف ڪرڻ- ساهي پٽڻ,,آرام ۾ اچڻ- رعايت ڏيڻ- تخفيف ڪرڻ- ساهي پٽڻ
relaxation,رعايت- نرمي- رعايت- واندڪائي- تفريح- آرام,,رعايت- نرمي- رعايت- واندڪائي- تفريح- آرام
relaxing,سڪون ڏيندڙ- فرحت بخش- رعايت ڏيندڙ,,سڪون ڏيندڙ- فرحت بخش- رعايت ڏيندڙ
relay,نشر ڪرڻ- بدل چؤڪي- ٽپال چؤڪي,,نشر ڪرڻ- بدل چؤڪي- ٽپال چؤڪي
release,آزاد ڪرڻ- آزادي- رهائي-فارغ ڪرڻ,,آزاد ڪرڻ- آزادي- رهائي-فارغ ڪرڻ
released,رها ٿيل- فارغ ٿيل- آزاد ٿيل,,رها ٿيل- فارغ ٿيل- آزاد ٿيل
relevant,لاڳاپيل- واسطيدار,,لاڳاپيل- واسطيدار
reliability,اعتبار- اعتماد- ڀروسي ڪرڻ واري حالت,,اعتبار- اعتماد- ڀروسي ڪرڻ واري حالت
reliable,اعتماد جوڳو- معتبر- ڀروسي لائق,,اعتماد جوڳو- معتبر- ڀروسي لائق
reliance,آسرو، اعتبار، ويساه، ڀروسو، اعتقاد,,آسرو، اعتبار، ويساه، ڀروسو، اعتقاد
relief,داد رسي- آرام- سڪون- چين- مدد,,داد رسي- آرام- سڪون- چين- مدد
relieve,آزاد ڪرڻ- مدد ڏيڻ- فارغ ڪرڻ- آجو ڪرڻ,,آزاد ڪرڻ- مدد ڏيڻ- فارغ ڪرڻ- آجو ڪرڻ
relieved,آزاد- آزادي- مددي- آزاد ڪيو,,آزاد- آزادي- مددي- آزاد ڪيو
religion,مذهب- ڌرم- مت,,مذهب- ڌرم- مت
religious,مذهبي- ڌرمي,,مذهبي- ڌرمي
reluctant,راضي نه ٿيندڙ- هٻڪندڙ,,راضي نه ٿيندڙ- هٻڪندڙ
remainder,بقايا- باقي,,بقايا- باقي
remaining,باقي رهيل,,باقي رهيل
remains,مئل جسم، لاش، يادگيريءَ جي نشاني,,مئل جسم، لاش، يادگيريءَ جي نشاني
remark,راءِ- تبصرو,,راءِ- تبصرو
remarkable,اهم- نمايان- واضح,,اهم- نمايان- واضح
remarks,رايا,,رايا
remedial,علاج وارو- قابل علاج- تدارڪ ڪندڙ,,علاج وارو- قابل علاج- تدارڪ ڪندڙ
remedies,داد ٻڌڻ- داد رسي,,داد ٻڌڻ- داد رسي
remedy,دوا- علاج- بچاءُ- تدارڪ- تدبير- اُپاءُ,,دوا- علاج- بچاءُ- تدارڪ- تدبير- اُپاءُ
remembrance,ياداشت، حافظو، يادگار، نشاني,,ياداشت، حافظو، يادگار، نشاني
reminder,تاڪيدنامو- يادگيريءَ جو خط- خط ذريعي ياد ڏيارڻ,,تاڪيدنامو- يادگيريءَ جو خط- خط ذريعي ياد ڏيارڻ
remote,ڏور- پري- ڏورانهون- جُدا- الڳ,,ڏور- پري- ڏورانهون- جُدا- الڳ
removable,اِنتقال پذير، نيڪال پذير,,اِنتقال پذير، نيڪال پذير
removal,برطرفي- خاتمو- علحدگي- نيڪالي,,برطرفي- خاتمو- علحدگي- نيڪالي
remove,هٽائڻ- ڪڍي ڇڏڻ,,هٽائڻ- ڪڍي ڇڏڻ
removed,خارج ٿيل- هٽايل,,خارج ٿيل- هٽايل
remuneration,اُجورو- معاوضو- اجرت- محنتاڻو,,اُجورو- معاوضو- اجرت- محنتاڻو
ren,گردو، بُڪي,,گردو، بُڪي
renaissance,نئين جاڳرتا- نشاط ثانيه,,نئين جاڳرتا- نشاط ثانيه
renal,گردي متعلق- گردي جو,,گردي متعلق- گردي جو
render,ڏيڻ- ادا ڪرڻ- پيش ڪرڻ- موٽائڻ- ترجمو ڪرڻ,,ڏيڻ- ادا ڪرڻ- پيش ڪرڻ- موٽائڻ- ترجمو ڪرڻ
rendered,پيش ٿيل- ادا ٿيل,,پيش ٿيل- ادا ٿيل
rendering,ادائگي- انجام ڏيڻ- بجا آوري- ڪارگذاري- پيشڪش,,ادائگي- انجام ڏيڻ- بجا آوري- ڪارگذاري- پيشڪش
renew,جديد ڪرڻ- نئين سر ڪرڻ- تجديد ڪرڻ,,جديد ڪرڻ- نئين سر ڪرڻ- تجديد ڪرڻ
renewable,جديد ڪرڻ جوڳو,,جديد ڪرڻ جوڳو
renewal,نئين سر شروعات- تجديد,,نئين سر شروعات- تجديد
renewed,نئين سر ٿيل- تجديد ڪيل,,نئين سر ٿيل- تجديد ڪيل
renovation,تازگي- تجديد- نئين سر- نواڻ,,تازگي- تجديد- نئين سر- نواڻ
renowned,مشهور، ناليرو، هاڪارو، نامور,,مشهور، ناليرو، هاڪارو، نامور
rent,ڪرايو- مسواڙ- ڀاڙو- چيرڦاڙ,,ڪرايو- مسواڙ- ڀاڙو- چيرڦاڙ
rental,ڪرائي متعلق- مسواڙ وارو- ڪرائي جو- جمع بندي,,ڪرائي متعلق- مسواڙ وارو- ڪرائي جو- جمع بندي
renting,ڪرائي تي وٺڻ يا ڏيڻ,,ڪرائي تي وٺڻ يا ڏيڻ
repair,مرمت- درستي,,مرمت- درستي
repairs,مرمتون,,مرمتون
repayment,ٻيهر ادائي,,ٻيهر ادائي
repeal,منسوخ ڪرڻ- رد ڪرڻ,,منسوخ ڪرڻ- رد ڪرڻ
repeat,دهرائڻ- تڪرار ڪرڻ- ورجائڻ,,دهرائڻ- تڪرار ڪرڻ- ورجائڻ
repeated,لاڳيتو- مڪرر- ٻيهر- دهرايل- ورجايل,,لاڳيتو- مڪرر- ٻيهر- دهرايل- ورجايل
repeatedly,وري وري- لاڳيتو- باربار- ورجايل,,وري وري- لاڳيتو- باربار- ورجايل
repetition,ٻيهر- دهراءُ- وري چئي وڃڻ- وري ڪرڻ- ورجاءُ,,ٻيهر- دهراءُ- وري چئي وڃڻ- وري ڪرڻ- ورجاءُ
repetitive,تڪراري- ورجاءُ وارو,,تڪراري- ورجاءُ وارو
replace,تبديل ڪري ڇڏڻ- هٽائڻ,,تبديل ڪري ڇڏڻ- هٽائڻ
replaced,تبديل ٿيل- هٽايل,,تبديل ٿيل- هٽايل
replacement,تبديلي- نعم البدل- بحالي,,تبديلي- نعم البدل- بحالي
replacing,تبديلي، ماڻھو يا شيءِ کي بدلائڻ,,تبديلي، ماڻھو يا شيءِ کي بدلائڻ
replica,نقل,,نقل
replication,مُدعي جو جواب- جواب جو رد,,مُدعي جو جواب- جواب جو رد
reply,جواب- موٽ,,جواب- موٽ
report,خبر، اطلاع، هل، احوال، پڪار، ڌڪاءُ توب جو,,خبر، اطلاع، هل، احوال، پڪار، ڌڪاءُ توب جو
reported,درج ٿيل- اطلاع ڏنل- رپورٽ ڪيل,,درج ٿيل- اطلاع ڏنل- رپورٽ ڪيل
reporter,روداد لکندڙ- خبر نويس- اطلاع ڏيندڙ,,روداد لکندڙ- خبر نويس- اطلاع ڏيندڙ
reporting,اطلاع- اطلاع ڏيڻ- اطلاع ڏيندڙ,,اطلاع- اطلاع ڏيڻ- اطلاع ڏيندڙ
repository,گنج- دفن ٿيل- گودام- ڀنڊار,,گنج- دفن ٿيل- گودام- ڀنڊار
representation,عرضي- نمائندگي- واضح ڪيل,,عرضي- نمائندگي- واضح ڪيل
representative,عيوضي- نمائندو- وڪيل,,عيوضي- نمائندو- وڪيل
reprint,نئون نقل، وري ڇپڻ، نئون ڇاپو، ڇاپي جو نقل,,نئون نقل، وري ڇپڻ، نئون ڇاپو، ڇاپي جو نقل
reproduce,اپائجڻ، نئين سر پيدائش، وري پيدا ڪاري,,اپائجڻ، نئين سر پيدائش، وري پيدا ڪاري
reproduced,نئين سر پيدا ڪرڻ- ٻيهر پيدا ڪرڻ- نقل ڪرڻ,,نئين سر پيدا ڪرڻ- ٻيهر پيدا ڪرڻ- نقل ڪرڻ
reproduction,پيدائش، نئين سر پيدائش، نسل پيدا ڪرڻ جو طريقو,,پيدائش، نئين سر پيدائش، نسل پيدا ڪرڻ جو طريقو
reptiles,ريڙهيون پائيندڙ جاندار- سرندڙ ساهوارا,,ريڙهيون پائيندڙ جاندار- سرندڙ ساهوارا
republic,عوامي راڄ- جمهوريه,,عوامي راڄ- جمهوريه
republican,جمهوري- جمهوريت پسند,,جمهوري- جمهوريت پسند
reputable,معزز- نيڪ- نالي وارو,,معزز- نيڪ- نالي وارو
reputation,شهرت- نيڪ نامي- ساک,,شهرت- نيڪ نامي- ساک
request,عرضي- درخواست- عرض- گذارش,,عرضي- درخواست- عرض- گذارش
required,گهربل,,گهربل
requirement,گهرج- ضرورت- طلب- لازمي شرط,,گهرج- ضرورت- طلب- لازمي شرط
requirements,ضرورتون,,ضرورتون
requisite,درڪار- گهربل شيءِ- لازم- گهربل يا ضروري,,درڪار- گهربل شيءِ- لازم- گهربل يا ضروري
res,شيءِ- ڪم- ملڪيت- معاملو,,شيءِ- ڪم- ملڪيت- معاملو
resale,ٻيهر وڪرو,,ٻيهر وڪرو
rescue,نجات- رهائي- ڇوٽڪارو- پناهه ڏيڻ- بچائڻ,,نجات- رهائي- ڇوٽڪارو- پناهه ڏيڻ- بچائڻ
research,تحقيق- ڦولها- کوجنا- ڳولها ڦولها ڪرڻ,,تحقيق- ڦولها- کوجنا- ڳولها ڦولها ڪرڻ
researcher,کوجنا ڪندڙ، سائنسدان، تحقيق ڪار,,کوجنا ڪندڙ، سائنسدان، تحقيق ڪار
reservation,رکي ڇڏڻ- بچت ڪرڻ- لِڪ- شرط- محفوظ ٿيل- حق (قانون),,رکي ڇڏڻ- بچت ڪرڻ- لِڪ- شرط- محفوظ ٿيل- حق (قانون)
reserve,محفوظ ڪرڻ- بچائي رکڻ- بچت ڪرڻ,,محفوظ ڪرڻ- بچائي رکڻ- بچت ڪرڻ
reserved,مخصوص ٿيل- محفوظ- مخصوص,,مخصوص ٿيل- محفوظ- مخصوص
reserves,آئيءَ ويل لاءِ رکيل لشڪر,,آئيءَ ويل لاءِ رکيل لشڪر
reservoir,تلاءُ، حوض,,تلاءُ، حوض
reset,نئين جڙاوت ڪرڻ، ٻيھر ترتيب ڏيڻ,,نئين جڙاوت ڪرڻ، ٻيھر ترتيب ڏيڻ
residence,گهر، جاءِ، مڪان، ديرو,,گهر، جاءِ، مڪان، ديرو
residency,ريزيڊنسي- ايلچيءَ جي رهڻ جي جاءِ,,ريزيڊنسي- ايلچيءَ جي رهڻ جي جاءِ
resident,رهواسي- رهاڪو- ساڪن- رهندڙ- رهائشي,,رهواسي- رهاڪو- ساڪن- رهندڙ- رهائشي
residential,رهائشي,,رهائشي
residual,باقي بچيل- پڇاڙيءَ جو,,باقي بچيل- پڇاڙيءَ جو
residue,بچت- پاڇي- باقيات,,بچت- پاڇي- باقيات
residues,باقيات,,باقيات
resign,استعيفيٰ ڏيڻ- ڇڏڻ,,استعيفيٰ ڏيڻ- ڇڏڻ
resignation,استعيفيٰ- سپردگي- تياڳ,,استعيفيٰ- سپردگي- تياڳ
resigned,صابر، شاڪر، اطاعتي,,صابر، شاڪر، اطاعتي
resin,کؤنر- ديال (وڻ) جو کونر- رال,,کؤنر- ديال (وڻ) جو کونر- رال
resist,روڪڻ- رڪاوٽ وجهڻ- مزاحمت ڪرڻ,,روڪڻ- رڪاوٽ وجهڻ- مزاحمت ڪرڻ
resistance,مزاحمت- مدافعت- روڪ,,مزاحمت- مدافعت- روڪ
resistant,مزاحمت ڪندڙ- دفاع ڪندڙ,,مزاحمت ڪندڙ- دفاع ڪندڙ
resolution,ٺهراءُ- قرارداد,,ٺهراءُ- قرارداد
resolve,تحليل ٿيڻ، پگھرائڻ، حل، ڳاڙڻ,,تحليل ٿيڻ، پگھرائڻ، حل، ڳاڙڻ
resolved,جدا ٿيل، تجويز ڪيل، ٺهرايل,,جدا ٿيل، تجويز ڪيل، ٺهرايل
resolving,ٽٽل قرار ڏيڻ- نبيرو ڪندڙ,,ٽٽل قرار ڏيڻ- نبيرو ڪندڙ
resonance,گونج,,گونج
resort,گهمڻ جو هنڌ- اڏو- رجوع ڪرڻ- تدبير,,گهمڻ جو هنڌ- اڏو- رجوع ڪرڻ- تدبير
resource,وسيلو- ذريعو- اُپاءُ- رستو- تدبير,,وسيلو- ذريعو- اُپاءُ- رستو- تدبير
resources,وسيلا- ذريعا,,وسيلا- ذريعا
respect,عزت- ادب- احترام,,عزت- ادب- احترام
respectful,باادب، مؤدب,,باادب، مؤدب
respectfully,ادب ۽ عزت سان، باادب,,ادب ۽ عزت سان، باادب
respecting,بابت، بنسبت,,بابت، بنسبت
respective,لاڳاپيل- جدا حيثيت وارو,,لاڳاپيل- جدا حيثيت وارو
respectively,ترتيب سان,,ترتيب سان
respiratory,ساهه بابت,,ساهه بابت
respondent,جوابدار ڌر- جوابدار,,جوابدار ڌر- جوابدار
response,جواب- موٽ- آواز,,جواب- موٽ- آواز
responsibility,ذميواري- جوابداري,,ذميواري- جوابداري
responsible,ذميوار- جوابدار,,ذميوار- جوابدار
responsive,موٽ ڏيندڙ- همدرد- اثر پذير,,موٽ ڏيندڙ- همدرد- اثر پذير
rest,آرام- قيام,,آرام- قيام
restaurant,ريسٽورنٽ- کاڌي پيتي جي هوٽل,,ريسٽورنٽ- کاڌي پيتي جي هوٽل
restless,بي آرام، رولاڪ، بي قرار، بي تاب,,بي آرام، رولاڪ، بي قرار، بي تاب
restoration,بحالي- سپردگي,,بحالي- سپردگي
restraint,روڪ- جهل- بندش- پابندي- قيد- مزاحمت,,روڪ- جهل- بندش- پابندي- قيد- مزاحمت
restrict,جهلڻ- محدود ڪرڻ- پابند ڪرڻ- سنڌو وجهڻ- رنڊڪ وجهڻ,,جهلڻ- محدود ڪرڻ- پابند ڪرڻ- سنڌو وجهڻ- رنڊڪ وجهڻ
restricted,جهليل- منع ڪيل- محدود- ممنوعه,,جهليل- منع ڪيل- محدود- ممنوعه
restriction,روڪ- سنڌو- حد- قيد- پابندي- رنڊڪ- جهل,,روڪ- سنڌو- حد- قيد- پابندي- رنڊڪ- جهل
restrictions,پابنديون,,پابنديون
restrictive,جهليل- محدود- منع ڪيل,,جهليل- محدود- منع ڪيل
result,نتيجو- ڦل- حاصل ٿيڻ- نتيجو نڪرڻ- پاڇي,,نتيجو- ڦل- حاصل ٿيڻ- نتيجو نڪرڻ- پاڇي
resulting,حاصل ٿيل- نتيجي وارو,,حاصل ٿيل- نتيجي وارو
resume,خلاصو، اختصار، مختصر بيان,,خلاصو، اختصار، مختصر بيان
resumed,ٻيهر حاصل ڪيل,,ٻيهر حاصل ڪيل
resurrection,وري جيئرو ٿي اُٿڻ، حشر، قيامت,,وري جيئرو ٿي اُٿڻ، حشر، قيامت
retail,ريزڪي- روزمره اگهه,,ريزڪي- روزمره اگهه
retailer,ريزڪي شيون وڪڻندڙ,,ريزڪي شيون وڪڻندڙ
retailing,پرچون فروشي,,پرچون فروشي
retain,جھٽڻ، رکڻ، جھلڻ، روڪڻ,,جھٽڻ، رکڻ، جھلڻ، روڪڻ
retained,روڪڻ، جھلڻ، قائم رکڻ,,روڪڻ، جھلڻ، قائم رکڻ
retaining,پاڻ وٽ رکڻ- قبضي ۾ رکڻ,,پاڻ وٽ رکڻ- قبضي ۾ رکڻ
retardation,دير- پسماندگي,,دير- پسماندگي
retention,روڪي رکڻ- برقرار رکڻ- حافظو- اٽڪاءُ,,روڪي رکڻ- برقرار رکڻ- حافظو- اٽڪاءُ
retire,هٽڻ- فارغ ٿيڻ (ملازمت تان)- رٽائر,,هٽڻ- فارغ ٿيڻ (ملازمت تان)- رٽائر
retired,هٽيل- فارغ ٿيل (ملازمت تان)- رٽائر ٿيل,,هٽيل- فارغ ٿيل (ملازمت تان)- رٽائر ٿيل
retirement,ملازمت مان فارغ ٿيڻ- رٽائر ٿيڻ جو عمل,,ملازمت مان فارغ ٿيڻ- رٽائر ٿيڻ جو عمل
retiring,رٽائر ٿيڻ,,رٽائر ٿيڻ
retreat,شڪست قبولڻ- ڀاڄ کائڻ- پوئتي موٽڻ,,شڪست قبولڻ- ڀاڄ کائڻ- پوئتي موٽڻ
retrieval,شفا، واپسي، موٽ,,شفا، واپسي، موٽ
retrospective,ماضيءَ متعلق- اڳ وارو,,ماضيءَ متعلق- اڳ وارو
return,بقايا- واپسي- واپس ٿيڻ- واپس ڪرڻ- رد ڪرڻ- گوشوارو,,بقايا- واپسي- واپس ٿيڻ- واپس ڪرڻ- رد ڪرڻ- گوشوارو
returned,واپس آهي- واپس ٿيو- واپس ڪيو ويو- واپس ٿيل,,واپس آهي- واپس ٿيو- واپس ڪيو ويو- واپس ٿيل
returns,لاڀ- نفعو- آمدني- محصول- بقايا,,لاڀ- نفعو- آمدني- محصول- بقايا
reunion,وري ملاقات ٿيڻ، ميلاپ، محفل,,وري ملاقات ٿيڻ، ميلاپ، محفل
reveal,ظاهر ڪرڻ- انڪشاف ڪرڻ- کولڻ,,ظاهر ڪرڻ- انڪشاف ڪرڻ- کولڻ
revelation,نازل ٿيڻ- الهام ٿيڻ- انڪشاف ٿيڻ,,نازل ٿيڻ- الهام ٿيڻ- انڪشاف ٿيڻ
revenge,بدلو، عيوض، وير، وير وٺڻ,,بدلو، عيوض، وير، وير وٺڻ
revenue,ڍل- ڏن- محصول- آمدني- پيدائش- اُپت,,ڍل- ڏن- محصول- آمدني- پيدائش- اُپت
reverend,پادري- محترم- عزت وارو,,پادري- محترم- عزت وارو
reversal,تبديلي- رد- ابتڙ- انقلاب,,تبديلي- رد- ابتڙ- انقلاب
reverse,ابتو- برعڪس- رد ڪرڻ- پٺتي هلائڻ,,ابتو- برعڪس- رد ڪرڻ- پٺتي هلائڻ
reversed,اونڌو، برعڪس، الٽو، ابتو,,اونڌو، برعڪس، الٽو، ابتو
reversible,رد ڪرڻ جهڙو- واپس ڪرڻ جهڙو,,رد ڪرڻ جهڙو- واپس ڪرڻ جهڙو
review,تبصرو- معائنو- نظرثاني- جائزو,,تبصرو- معائنو- نظرثاني- جائزو
reviewer,تبصرو لکندڙ,,تبصرو لکندڙ
revise,نظرثاني ڪرڻ- ترميم ڪرڻ- سڌارڻ- وري جاچڻ,,نظرثاني ڪرڻ- ترميم ڪرڻ- سڌارڻ- وري جاچڻ
revised,نظرثاني ٿيل- ترميم ڪيل- جاچيل,,نظرثاني ٿيل- ترميم ڪيل- جاچيل
revision,نظرثاني- نگراني- سڌارو- وري جاچ ڪرڻ,,نظرثاني- نگراني- سڌارو- وري جاچ ڪرڻ
revival,نواڻ- تجربو- بحالي- تازگي,,نواڻ- تجربو- بحالي- تازگي
revocation,رد- منسوخي,,رد- منسوخي
revolt,بغاوت ڪرڻ- خلاف وڃڻ,,بغاوت ڪرڻ- خلاف وڃڻ
revolution,انقلاب- گردش- چڪر- ڦيرگهير- تفرقو,,انقلاب- گردش- چڪر- ڦيرگهير- تفرقو
revolutionary,انقلابي,,انقلابي
revolving,چڪر واري- ڦرندڙ,,چڪر واري- ڦرندڙ
reward,انعام- اجر- صِلو- بخشش- ثواب,,انعام- اجر- صِلو- بخشش- ثواب
rewrite,ٻيھر لکڻ,,ٻيھر لکڻ
rhapsody,بي ترتيب مضمون يا شعر,,بي ترتيب مضمون يا شعر
rhetoric,خوش بياني- خطاب ڪرڻ- علمِ بلاغت,,خوش بياني- خطاب ڪرڻ- علمِ بلاغت
rheumatoid,جوڙ نما، سنڌ نما، وائي سور جھڙو,,جوڙ نما، سنڌ نما، وائي سور جھڙو
rhythm,وزن، بحر، ترنم,,وزن، بحر، ترنم
rib,پاسري، پاسراٽي، جهاز جي مضبوطيءَ لاءِ ڪاٺي,,پاسري، پاسراٽي، جهاز جي مضبوطيءَ لاءِ ڪاٺي
ribbon,ربن- ڦيٿ,,ربن- ڦيٿ
rice,چانور- ساريون,,چانور- ساريون
rich,شاهوڪار، دولتمند، اُچو، قيمتي,,شاهوڪار، دولتمند، اُچو، قيمتي
riches,ڌن، مال متاع,,ڌن، مال متاع
rick,دن، اَن يا گاهه جو ڍڳ,,دن، اَن يا گاهه جو ڍڳ
ride,گهوڙي سواري- سواري ڪرڻ,,گهوڙي سواري- سواري ڪرڻ
rider,اضافي فقرو (قانون)- مٿيون- گهوڙي سواري ڪندڙ,,اضافي فقرو (قانون)- مٿيون- گهوڙي سواري ڪندڙ
ridge,جبلن جي قطار- ٻنو- ليڪ- چوٽي,,جبلن جي قطار- ٻنو- ليڪ- چوٽي
ridiculous,بيهودو، اجايو، کل جي لائق,,بيهودو، اجايو، کل جي لائق
riding,گهوڙي سواري,,گهوڙي سواري
rifle,رائفل- بندوق,,رائفل- بندوق
rig,ساز و سامان (ٻيڙيءَ جو)- ڌانڌلي ڪرڻ,,ساز و سامان (ٻيڙيءَ جو)- ڌانڌلي ڪرڻ
right,حق- سڌو- ساڄو- صحيح- درست- انصاف- اصل,,حق- سڌو- ساڄو- صحيح- درست- انصاف- اصل
righteous,نيڪ، سچار، ايماندار، خدا ترس,,نيڪ، سچار، ايماندار، خدا ترس
righteousness,خدا ترس، سچائي، انصاف، نيڪي,,خدا ترس، سچائي، انصاف، نيڪي
rights,حَقَ,,حَقَ
rigid,سخت- بنا لچڪ وارو- ڏاڍو- بي قياس- ڪٽو,,سخت- بنا لچڪ وارو- ڏاڍو- بي قياس- ڪٽو
rigorous,بلڪل پورو- سخت-شديد- مشقت وارو,,بلڪل پورو- سخت-شديد- مشقت وارو
rim,رم- حلقو,,رم- حلقو
ring,مُنڊي- حلقو- دائرو- چڪر- گهيرو- ڪڙو,,مُنڊي- حلقو- دائرو- چڪر- گهيرو- ڪڙو
riot,فساد- هنگامو- بکيڙو,,فساد- هنگامو- بکيڙو
ripe,پڪل، پڪو، رس وارو، تيار,,پڪل، پڪو، رس وارو، تيار
rise,عروج- اضافو- چڙهائي- اڀرڻ,,عروج- اضافو- چڙهائي- اڀرڻ
rising,بلوو، بغاوت، سجاڳ,,بلوو، بغاوت، سجاڳ
risk,خطرو- جوکو- ذميواري- انديشو,,خطرو- جوکو- ذميواري- انديشو
risks,خطرا- انديشا,,خطرا- انديشا
risky,خطري واري، ڊپ واري,,خطري واري، ڊپ واري
rite,رسم- ريت- ڪرياڪرم,,رسم- ريت- ڪرياڪرم
ritual,مذهبي رسمن جو ڪتاب، مذهبي دستورالعمل، ڪريا ڪرم,,مذهبي رسمن جو ڪتاب، مذهبي دستورالعمل، ڪريا ڪرم
rival,رقيب- مخالف- ريسارو,,رقيب- مخالف- ريسارو
river,درياهه- ندي,,درياهه- ندي
roach,هڪ قسم جي مڇي,,هڪ قسم جي مڇي
road,روڊ- شارع- رستو- راهه,,روڊ- شارع- رستو- راهه
robbery,ڦُر- ڌاڙو,,ڦُر- ڌاڙو
robe,چوغو، لبادو، جامو، وڳو,,چوغو، لبادو، جامو، وڳو
robin,سرخ سيني وارو پکي، چيهو,,سرخ سيني وارو پکي، چيهو
robust,مضبوط، دهشت وارو، طاقتور، متارو,,مضبوط، دهشت وارو، طاقتور، متارو
roc,هما، رخ پکي,,هما، رخ پکي
rock,پٿر- ڇپ,,پٿر- ڇپ
rocket,راڪيٽ- باهه وارو تير- هوائي,,راڪيٽ- باهه وارو تير- هوائي
rockets,باهه وارا تير- راڪيٽ,,باهه وارا تير- راڪيٽ
rocky,پٿريلو,,پٿريلو
rod,راڊ- ڏنڊي- سيخ- ڇَڙي,,راڊ- ڏنڊي- سيخ- ڇَڙي
roe,هڪ قسم جو هرڻ، مڇيءَ جا آنا,,هڪ قسم جو هرڻ، مڇيءَ جا آنا
rogue,بدمعاش، لچ، لفنگو,,بدمعاش، لچ، لفنگو
role,ڪردار,,ڪردار
roll,فهرست- حاضري جو رجسٽر- ويڙهو,,فهرست- حاضري جو رجسٽر- ويڙهو
rolled,گول- ويلڻ دار,,گول- ويلڻ دار
roller,ويلڻ- ڦيٿو- چڪرو- سڌو ڪندڙ مشين,,ويلڻ- ڦيٿو- چڪرو- سڌو ڪندڙ مشين
rolling,ڪپهه ٽاڻيندڙ اوزار- ويلڻ,,ڪپهه ٽاڻيندڙ اوزار- ويلڻ
roman,روم شهر جي متعلق، روم جو رهاڪو,,روم شهر جي متعلق، روم جو رهاڪو
romance,ڪوڙو قصو، افسانو، داستان,,ڪوڙو قصو، افسانو، داستان
romantic,قصي جو، خيالي، عجيب,,قصي جو، خيالي، عجيب
roof,ڇت,,ڇت
room,ڪمرو,,ڪمرو
root,پاڙ- بيخ- جڙ- بنياد,,پاڙ- بيخ- جڙ- بنياد
rope,رسي- رسو,,رسي- رسو
rose,گلاب جو گل، گلاب,,گلاب جو گل، گلاب
roster,روسٽر- جدول- رجسٽر,,روسٽر- جدول- رجسٽر
rot,رجهه، ساڙ، اجائي ڳالهه,,رجهه، ساڙ، اجائي ڳالهه
rotary,ڦيري وارو- گردشي,,ڦيري وارو- گردشي
rotate,گول ڦيرا کائڻ,,گول ڦيرا کائڻ
rotating,گردشي,,گردشي
rotation,دور- گردش- حرڪت,,دور- گردش- حرڪت
rotten,دعاباز، ڪنو، سڙيل، بانسدار,,دعاباز، ڪنو، سڙيل، بانسدار
rouge,منهن لاءِ کنهنبو پورو,,منهن لاءِ کنهنبو پورو
rough,سطحي- لاڳت وارو- ڪچو- کُهرو- رکو- سادو- هيٺ مٿي,,سطحي- لاڳت وارو- ڪچو- کُهرو- رکو- سادو- هيٺ مٿي
roughly,کهرائيءَ سان، ٿلهي ليکي,,کهرائيءَ سان، ٿلهي ليکي
round,چوگرد، گهمرو، چڪر,,چوگرد، گهمرو، چڪر
rounding,گولائي- تڪميل,,گولائي- تڪميل
rounds,گول سِرا- ڀيرا- رائونڊ (گولين جا),,گول سِرا- ڀيرا- رائونڊ (گولين جا)
route,رستو- دڳ- راهه,,رستو- دڳ- راهه
router,رندو,,رندو
routine,معمول- روزمره- هلندڙ دستور- وهنوار,,معمول- روزمره- هلندڙ دستور- وهنوار
rover,رولو، سيلاني، گهمندڙ,,رولو، سيلاني، گهمندڙ
row,قطار- صف,,قطار- صف
royal,شاهي- سلطاني- بادشاهي- شاهاڻو,,شاهي- سلطاني- بادشاهي- شاهاڻو
royalty,شاهي خاندان- تصنيف جو حق (پئسن ۾),,شاهي خاندان- تصنيف جو حق (پئسن ۾)
rubber,رٻڙ,,رٻڙ
rubbing,ڪنھن شيءِ جا نشان، ڪاغذ جي ھيٺيان سڪو رکي رڳڙي سڪي جو نشان ٺاھڻ,,ڪنھن شيءِ جا نشان، ڪاغذ جي ھيٺيان سڪو رکي رڳڙي سڪي جو نشان ٺاھڻ
rubbish,گند ڪچرو,,گند ڪچرو
ruby,لعل، ياقوت، ڇاپي جو حرف,,لعل، ياقوت، ڇاپي جو حرف
rude,گستاخ، شوخ، جاهل، بداخلاق، بي ادب، اڍنگو,,گستاخ، شوخ، جاهل، بداخلاق، بي ادب، اڍنگو
rue,ڏک، غم، صدمو، رنج,,ڏک، غم، صدمو، رنج
rug,غاليچو- قالين- کَٿو,,غاليچو- قالين- کَٿو
rugged,کڙٻڙ وارو، اڻ گهڙيو,,کڙٻڙ وارو، اڻ گهڙيو
ruin,تباهي، بربادي، ستياناس,,تباهي، بربادي، ستياناس
ruins,ڊٺل جاءِ، ويرانو، سڃ,,ڊٺل جاءِ، ويرانو، سڃ
rule,قاعدو- حڪومت- عمل داري- دستور- حڪم,,قاعدو- حڪومت- عمل داري- دستور- حڪم
ruler,حڪمران,,حڪمران
rules,قاعدا,,قاعدا
ruling,حڪم- فيصلو- حڪمران,,حڪم- فيصلو- حڪمران
rum,شراب جو هڪ قسم,,شراب جو هڪ قسم
run,ڊوڙڻ- جاري ڪرڻ- هلائڻ,,ڊوڙڻ- جاري ڪرڻ- هلائڻ
runaway,ڀاڄوڪڙ، ڀڄندڙ,,ڀاڄوڪڙ، ڀڄندڙ
runner,ڊوڙندڙ، تيز رفتار قاصد,,ڊوڙندڙ، تيز رفتار قاصد
running,جاري- هلندڙ- وهندڙ,,جاري- هلندڙ- وهندڙ
rupee,رپيو، هندستاني ۽ پاڪستاني سڪو,,رپيو، هندستاني ۽ پاڪستاني سڪو
rural,ڳوٺاڻي/ ڳوٺاڻو- ٻهراڙيءَ جو- ديهي,,ڳوٺاڻي/ ڳوٺاڻو- ٻهراڙيءَ جو- ديهي
rush,هجوم- ميڙ- تڪڙ,,هجوم- ميڙ- تڪڙ
rust,زنگ- ڪٽ,,زنگ- ڪٽ
rustic,سادو، ٻهراڙيءَ جو دهقاني,,سادو، ٻهراڙيءَ جو دهقاني
rusty,ڪٽيل، ڪسيل، زنگيل,,ڪٽيل، ڪسيل، زنگيل
ruth,رحم، قياس، ڪهل,,رحم، قياس، ڪهل
rye,اَن جو قسم، رائي,,اَن جو قسم، رائي
s,انگريزي الفابيٽ جو اوڻيهون اکر,,انگريزي الفابيٽ جو اوڻيهون اکر
sabbath,يهودين ۾ هفتي جي پڇاڙيءَ ۾ آرام جو ڏينهن، آچر، آرتوار,,يهودين ۾ هفتي جي پڇاڙيءَ ۾ آرام جو ڏينهن، آچر، آرتوار
sac,ڳوٿري، ٿيلهي,,ڳوٿري، ٿيلهي
sack,ٿيلهو- ٻورو- ٿيلهي- ڳوٿري,,ٿيلهو- ٻورو- ٿيلهي- ڳوٿري
sacred,مقدس- پاڪ,,مقدس- پاڪ
sacrifice,قرباني- ايثار,,قرباني- ايثار
sad,اداس، غمگين، مغموم، غمناڪ,,اداس، غمگين، مغموم، غمناڪ
saddle,زين- هنو- پاکڙو,,زين- هنو- پاکڙو
sadly,غم سان، ڏک ۾,,غم سان، ڏک ۾
sadness,غم، اُداسي، غمگيني,,غم، اُداسي، غمگيني
safe,ٽجوڙي- محفوظ- تحفظ- حفاظت,,ٽجوڙي- محفوظ- تحفظ- حفاظت
safeguard,حفاظت- بچاءُ- تحفظ,,حفاظت- بچاءُ- تحفظ
safety,سلامتي- حفاظت,,سلامتي- حفاظت
saga,ڳالهه، داستان، تاريخي داستان,,ڳالهه، داستان، تاريخي داستان
sage,سالڪ- رشي- ڏاهو- عقل وارو- نوڙت,,سالڪ- رشي- ڏاهو- عقل وارو- نوڙت
said,مذڪوره- مٿي ذڪر ٿيل,,مذڪوره- مٿي ذڪر ٿيل
sail,سڙهه- بادبان,,سڙهه- بادبان
sailor,ملاح- ٻيڙي هلائيندڙ,,ملاح- ٻيڙي هلائيندڙ
saint,ولي، سنت، پير، اولياءَ,,ولي، سنت، پير، اولياءَ
sake,غرض، سبب، لحاظ، خاطر، واسطي، سانگو,,غرض، سبب، لحاظ، خاطر، واسطي، سانگو
sal,لوڻ، لوڻاٺ ، نمڪ، لوڻو,,لوڻ، لوڻاٺ ، نمڪ، لوڻو
salad,ڪچي ساڳ جو آچار، ڪچالو,,ڪچي ساڳ جو آچار، ڪچالو
salary,پگهار,,پگهار
sale,کاپو- وڪرو- نيلام,,کاپو- وڪرو- نيلام
sales,وڪرو- نيلام,,وڪرو- نيلام
saline,لوڻياٺي- کاري- نمڪين,,لوڻياٺي- کاري- نمڪين
sally,جهڙپ، سپاهين جو اوچتو حملو، خوش خيال,,جهڙپ، سپاهين جو اوچتو حملو، خوش خيال
salmon,هڪ قسم جي مڇي,,هڪ قسم جي مڇي
saloon,سينگاريل ڪمرو- ملاقاتي ڪمرو,,سينگاريل ڪمرو- ملاقاتي ڪمرو
salt,لوڻ,,لوڻ
salute,سلام ڪرڻ- سلامي ڏيڻ,,سلام ڪرڻ- سلامي ڏيڻ
salvage,ٻڏندڙ، جهاز يا مال کي بچائڻ لاءِ انعام يا معاوضو,,ٻڏندڙ، جهاز يا مال کي بچائڻ لاءِ انعام يا معاوضو
salvation,ڇوٽڪارو- نجات- مُڪتي,,ڇوٽڪارو- نجات- مُڪتي
same,هڪجهڙو- ساڳيو,,هڪجهڙو- ساڳيو
sample,نمونو- مثال- جنس,,نمونو- مثال- جنس
sampling,نمونو ڏيکارڻ,,نمونو ڏيکارڻ
sanction,منظوري- منظوري ڪرڻ,,منظوري- منظوري ڪرڻ
sanctions,حدون- شرط,,حدون- شرط
sanctuary,پناهه گاهه (جانورن جي افزائش لاءِ)- متبرڪ آثار,,پناهه گاهه (جانورن جي افزائش لاءِ)- متبرڪ آثار
sand,واري- ريتي- راءُ,,واري- ريتي- راءُ
sandal,چاکڙي، سينڊل,,چاکڙي، سينڊل
sandwich,سنبوسو,,سنبوسو
sandy,واريءَ وارو- ريتيلو,,واريءَ وارو- ريتيلو
sane,سالم دماغ,,سالم دماغ
sang,ٻاهر نڪتل ڏند,,ٻاهر نڪتل ڏند
sanitary,تندرستيءَ يا حفظ صحت بابت,,تندرستيءَ يا حفظ صحت بابت
sanitation,صحت صفائي جو بندوبست,,صحت صفائي جو بندوبست
sanity,عقل سالم,,عقل سالم
sap,رس، عرق، ڳر سُت (رس ڪڍڻ، ست ڪڍڻ),,رس، عرق، ڳر سُت (رس ڪڍڻ، ست ڪڍڻ)
sapphire,نيلم,,نيلم
satan,ابليس، شيطان,,ابليس، شيطان
satellite,مواصلاتي سيارو يا گرهه,,مواصلاتي سيارو يا گرهه
satin,ساٽين، اطلنس,,ساٽين، اطلنس
satire,طنز مزاح,,طنز مزاح
satisfaction,اطمينان- ادائگي- بي باقي- خاطري,,اطمينان- ادائگي- بي باقي- خاطري
satisfactory,خاطرخواهه- تسلي بخش- دلپسند,,خاطرخواهه- تسلي بخش- دلپسند
satisfied,مطمئن,,مطمئن
satisfy,خوش ڪرڻ، راضي ڪرڻ، بيباق ڪرڻ,,خوش ڪرڻ، راضي ڪرڻ، بيباق ڪرڻ
saturated,پُسيل,,پُسيل
saturation,پُسڻ واري حالت,,پُسڻ واري حالت
saturday,ڇنڇر جو ڏينهن,,ڇنڇر جو ڏينهن
saturn,زحل تارو,,زحل تارو
sauce,چٽڻي، چاشني، شوخي,,چٽڻي، چاشني، شوخي
sausage,قيمي وارو سمبوسو,,قيمي وارو سمبوسو
savage,وحشي، جهنگلي آڻ آريه,,وحشي، جهنگلي آڻ آريه
savanna,وسيع ميدان,,وسيع ميدان
save,بچت ڪرڻ- بجاءِ ان جي,,بچت ڪرڻ- بجاءِ ان جي
saver,بچت ڪرڻ وارو- بچائيندڙ- ڪفايت شُعار,,بچت ڪرڻ وارو- بچائيندڙ- ڪفايت شُعار
saving,بچت,,بچت
saw,ڪرٽ- آري بليڊ,,ڪرٽ- آري بليڊ
sawyer,ڪاٺ چيريندڙ,,ڪاٺ چيريندڙ
say,ڳالهائڻ، چوڻ، راءِ ظاهر ڪرڻ (گفتگو، ٻول چال),,ڳالهائڻ، چوڻ، راءِ ظاهر ڪرڻ (گفتگو، ٻول چال)
saying,چوڻي يا پهاڪو,,چوڻي يا پهاڪو
scale,ساهميءَ جو پُڙ- پيمانو- گريڊ,,ساهميءَ جو پُڙ- پيمانو- گريڊ
scan,جاچڻ، تقطيع ڪرڻ,,جاچڻ، تقطيع ڪرڻ
scandal,بدنامي، بدناموسي، خواري، بي عزتي,,بدنامي، بدناموسي، خواري، بي عزتي
scanning,اسڪيننگ، مواد يا فوٽو جو ھر نقطو نقل ڪرڻ,,اسڪيننگ، مواد يا فوٽو جو ھر نقطو نقل ڪرڻ
scar,زخم جو نشان- داغ,,زخم جو نشان- داغ
scarce,ٿورو- گهٽ- ناڪافي,,ٿورو- گهٽ- ناڪافي
scare,ڊيڄارڻ، خوف ڏيارڻ,,ڊيڄارڻ، خوف ڏيارڻ
scarf,چادر- بوڇڻ- اوڍڻي- پردو- رومال,,چادر- بوڇڻ- اوڍڻي- پردو- رومال
scarlet,ڳاڙهو رنگ- قرمچي- رتول,,ڳاڙهو رنگ- قرمچي- رتول
scattering,انتشار,,انتشار
scenario,منظرنامو,,منظرنامو
scene,نظارو- جڳهه- ڏيک- تماشو,,نظارو- جڳهه- ڏيک- تماشو
scenery,منظر، نظارو,,منظر، نظارو
scent,عطر، خوشبوءِ، سرهاڻ، بانس,,عطر، خوشبوءِ، سرهاڻ، بانس
schedule,جدول- طريقه ڪار- يادداشت- طي ٿيل وقت,,جدول- طريقه ڪار- يادداشت- طي ٿيل وقت
scheduled,فهرست موجب- يادداشت موجب- طي ٿيل,,فهرست موجب- يادداشت موجب- طي ٿيل
scheme,رٿ- تجويز- منصوبو,,رٿ- تجويز- منصوبو
schizophrenia,ذهن جو ٽٽي جدا ٿيڻ (هڪ ذهني بيماري),,ذهن جو ٽٽي جدا ٿيڻ (هڪ ذهني بيماري)
scholar,عالم- ڄاڻو- ماهر- شاگرد- وظيفو,,عالم- ڄاڻو- ماهر- شاگرد- وظيفو
scholarship,وظيفو- هوشياري- علميت,,وظيفو- هوشياري- علميت
scholarships,وظيفا,,وظيفا
scholastic,عالماڻو- علمي- عالِم جو,,عالماڻو- علمي- عالِم جو
school,مڪتب- مدرسو- اسڪول- فرقو- زمانو,,مڪتب- مدرسو- اسڪول- فرقو- زمانو
schooling,سکيا- تعليم- تربيت,,سکيا- تعليم- تربيت
schools,اسڪول,,اسڪول
science,سائنس- علم- ڄاڻ- حڪمت- هنر- معلومات,,سائنس- علم- ڄاڻ- حڪمت- هنر- معلومات
sciences,علم- سائنس,,علم- سائنس
scientific,سائنسي- علمي- حڪمت جو,,سائنسي- علمي- حڪمت جو
scientist,عالم، اصول علوم جو ماهر، سائنسدان,,عالم، اصول علوم جو ماهر، سائنسدان
scissors,قينچي,,قينچي
scoop,چمچو، ڪيوي، ڏوئي,,چمچو، ڪيوي، ڏوئي
scope,گنجائش- حدون- دائرو- جاءِ- مقصد- ميدان,,گنجائش- حدون- دائرو- جاءِ- مقصد- ميدان
score,ليکو- تعداد- حساب,,ليکو- تعداد- حساب
scoreboard,ليکو ڏيکاريندڙ- اسڪور بورڊ,,ليکو ڏيکاريندڙ- اسڪور بورڊ
scorecard,ليکي وارو ڪارڊ,,ليکي وارو ڪارڊ
scoring,نشان سازي، نشان ھئڻ جو عمل,,نشان سازي، نشان ھئڻ جو عمل
scotch,اسڪاٽلنڊ جو,,اسڪاٽلنڊ جو
scout,اسڪائوٽ- جاسوس,,اسڪائوٽ- جاسوس
scouting,اسڪائوٽنگ- اسڪائوٽن جو ڪم,,اسڪائوٽنگ- اسڪائوٽن جو ڪم
scrabble,رهڙون ڪڍڻ، رهڙڻ، گهمڻ، ليڪا ڪڍڻ,,رهڙون ڪڍڻ، رهڙڻ، گهمڻ، ليڪا ڪڍڻ
scrap,ردي (لوهه وغيره)- پرزو- ڪٻاڙ,,ردي (لوهه وغيره)- پرزو- ڪٻاڙ
scrapbook,اخباري ڪٽنگ لاءِ خالي ڪاپي، اخباري تراشن جي رڪارڊ ڪاپي,,اخباري ڪٽنگ لاءِ خالي ڪاپي، اخباري تراشن جي رڪارڊ ڪاپي
scratch,رهڙ- زخم- کرڙڻ,,رهڙ- زخم- کرڙڻ
scream,چيخ ڪرڻ، رڙڻ، ڪيڪون ڪرڻ (ڪيڪ، دانهه، چيخ),,چيخ ڪرڻ، رڙڻ، ڪيڪون ڪرڻ (ڪيڪ، دانهه، چيخ)
screen,پردو- قنات,,پردو- قنات
screening,عڪس ريزي- ڇاڻڻ,,عڪس ريزي- ڇاڻڻ
screenplay,فلم يا ڊرامي جو مسودو,,فلم يا ڊرامي جو مسودو
screw,پيچ- ور وڪڙ- چوڙيدار,,پيچ- ور وڪڙ- چوڙيدار
script,مسودو- رسم الخط,,مسودو- رسم الخط
scripture,پاڪ ڪتاب، انجيل، ويد، پران، شاستر,,پاڪ ڪتاب، انجيل، ويد، پران، شاستر
scroll,ويڙهيل ڪاغذ- فهرست- جدول,,ويڙهيل ڪاغذ- فهرست- جدول
scrub,گندگاهه- مهٽ- رڳڙ,,گندگاهه- مهٽ- رڳڙ
scrutiny,ڇنڊڇاڻ- جاچ,,ڇنڊڇاڻ- جاچ
sculpture,سنگتراش- مجسمي سازي,,سنگتراش- مجسمي سازي
sculptures,پٿر جون ٺاهيل شيون يا آثار,,پٿر جون ٺاهيل شيون يا آثار
sea,سمنڊ- بحر,,سمنڊ- بحر
seal,مُهر,,مُهر
sealed,مُهربند,,مُهربند
sealing,مُهر بندي,,مُهر بندي
seam,سيبو، ٽوپو، ڳنڍ، درز، کير، داغ، سنڌ، نشان,,سيبو، ٽوپو، ڳنڍ، درز، کير، داغ، سنڌ، نشان
search,ڳولا- تلاش- کوجنا,,ڳولا- تلاش- کوجنا
season,رُت- موسم-مُند,,رُت- موسم-مُند
seasonal,موسمي,,موسمي
seasoned,تجربي ڪار,,تجربي ڪار
seat,ويهڪ- ويهڻ جي جاءِ- نشست- هنڌ- مقام,,ويهڪ- ويهڻ جي جاءِ- نشست- هنڌ- مقام
seating,مجموعي طور تي نشستون- ويهڻ جي گنجائش,,مجموعي طور تي نشستون- ويهڻ جي گنجائش
second,ٻيو- ثاني- دوئم- تائيد ڪرڻ,,ٻيو- ثاني- دوئم- تائيد ڪرڻ
secondary,ثانوي- ٻيو- ضمني- ذيلي,,ثانوي- ٻيو- ضمني- ذيلي
seconded,حمايت ڪئي وئي,,حمايت ڪئي وئي
secrecy,ڳُجهه- رازداري,,ڳُجهه- رازداري
secret,ڳجهه- راز- لڪل- مخفي,,ڳجهه- راز- لڪل- مخفي
secretariat,سيڪريٽريٽ,,سيڪريٽريٽ
secretary,سيڪريٽري,,سيڪريٽري
secretion,علحدگي- خارج ٿيڻ,,علحدگي- خارج ٿيڻ
sect,فرقو,,فرقو
section,شعبو- حصو- فرقو- ڌُر- شق,,شعبو- حصو- فرقو- ڌُر- شق
sectional,شعبي وار- شعبي جا- فرقي وارا,,شعبي وار- شعبي جا- فرقي وارا
sections,شعبا- حصا- ڀاڱا,,شعبا- حصا- ڀاڱا
sector,حلقو,,حلقو
secular,دنيوي- غير مذهبي- لادين,,دنيوي- غير مذهبي- لادين
secure,محفوظ ڪرڻ- حاصل ڪرڻ,,محفوظ ڪرڻ- حاصل ڪرڻ
secured,محفوظ ٿيل,,محفوظ ٿيل
securities,ضمانتون,,ضمانتون
security,حفاظت- بچاءُ- سلامتي- ضمانت- ڪفالت- ضامن,,حفاظت- بچاءُ- سلامتي- ضمانت- ڪفالت- ضامن
sedan,پالڪي، ڏولي,,پالڪي، ڏولي
sediment,لٽ- چڪڻ- گيرٽ- رءُ يا لٽ,,لٽ- چڪڻ- گيرٽ- رءُ يا لٽ
see,ڏسڻ- ملاحظه ڪرڻ,,ڏسڻ- ملاحظه ڪرڻ
seed,ٻج- تخم,,ٻج- تخم
seeing,نظارو، نگاهه,,نظارو، نگاهه
seem,نظر اچڻ، ڏسڻ ۾ اچڻ، معلوم ٿيڻ، ڀانئجڻ,,نظر اچڻ، ڏسڻ ۾ اچڻ، معلوم ٿيڻ، ڀانئجڻ
seemingly,ڏسڻ ۾ ظاهري,,ڏسڻ ۾ ظاهري
seen,ڏٺو ويو- ڏٺل,,ڏٺو ويو- ڏٺل
segment,ڦاڪ- ڦار- ٽڪرو- حصو- ڀاڱو,,ڦاڪ- ڦار- ٽڪرو- حصو- ڀاڱو
segregation,تفريق- علحدگي,,تفريق- علحدگي
seismic,زلزلي بابت- ڌرتيءَ جي ڌڏُڻ بابت,,زلزلي بابت- ڌرتيءَ جي ڌڏُڻ بابت
seize,قبضو ڪرڻ,,قبضو ڪرڻ
seized,قبضو ڪيل,,قبضو ڪيل
seizure,قبضو,,قبضو
seldom,ورلي، بعض، اوقات,,ورلي، بعض، اوقات
select,چونڊڻ,,چونڊڻ
selected,چونڊيل,,چونڊيل
selection,انتخاب- چونڊ,,انتخاب- چونڊ
selective,مخصوص خاص- چونڊ بابت,,مخصوص خاص- چونڊ بابت
selector,چونڊ ڪندڙ,,چونڊ ڪندڙ
self,خود- نفس- ذات- پاڻ- آتم- شخصيت- انفراديت- خودي,,خود- نفس- ذات- پاڻ- آتم- شخصيت- انفراديت- خودي
selfish,خود غرض، مطلبي,,خود غرض، مطلبي
sell,وڪڻڻ- وڪرو ڪرڻ,,وڪڻڻ- وڪرو ڪرڻ
seller,وڪرو ڪندڙ,,وڪرو ڪندڙ
selling,وڪرو,,وڪرو
semantics,معنويات- لفظن جي مفهوم جو اڀياس,,معنويات- لفظن جي مفهوم جو اڀياس
semester,نصف تعليمي سال- تعليمي سال جو هڪ ايڪو,,نصف تعليمي سال- تعليمي سال جو هڪ ايڪو
semi,نيم- نصف- اڌ,,نيم- نصف- اڌ
seminar,سيمينار- مذاڪرو,,سيمينار- مذاڪرو
seminary,مذهبي درسگاهه- درس گاهه,,مذهبي درسگاهه- درس گاهه
sen,جاپاني سڪو,,جاپاني سڪو
senate,سينيٽ- قانون ساز ادارو,,سينيٽ- قانون ساز ادارو
senator,سينيٽر- سينيٽ جو رڪن,,سينيٽر- سينيٽ جو رڪن
send,موڪلڻ,,موڪلڻ
sender,موڪليندڙ,,موڪليندڙ
senior,اعليٰ- ڪبير- وڏو,,اعليٰ- ڪبير- وڏو
sensation,هيجان- سنسني,,هيجان- سنسني
sense,مفهوم- حس- احساس,,مفهوم- حس- احساس
sensible,فهم وارو- معقول- عقل مند- سمجهه وارو,,فهم وارو- معقول- عقل مند- سمجهه وارو
sensitive,حساس,,حساس
sensitivity,حساسيت- اثر پذيري,,حساسيت- اثر پذيري
sensor,خابرو، حواسي,,خابرو، حواسي
sensory,حِس متعلق,,حِس متعلق
sensual,نفس پرست، عياش، حواس کي خوش ڪندڙ,,نفس پرست، عياش، حواس کي خوش ڪندڙ
sent,موڪليل,,موڪليل
sentence,فقرو- جملو- سزا,,فقرو- جملو- سزا
sentencing,سزا ڏيندڙ,,سزا ڏيندڙ
sentiment,جذبو,,جذبو
sentinel,پهريدار سپاهي، سنتري,,پهريدار سپاهي، سنتري
separate,علحده- الڳ- جدا,,علحده- الڳ- جدا
separated,جدا ٿيل,,جدا ٿيل
separating,جدائي,,جدائي
separation,علحدگي- ورهاست- طلاق,,علحدگي- ورهاست- طلاق
separator,جدا ڪندڙ,,جدا ڪندڙ
september,سيپٽمبر، انگريز سال جو نائون مهينو,,سيپٽمبر، انگريز سال جو نائون مهينو
septic,روڳي,,روڳي
sequel,پٺيان ايندڙ، پويون حصو,,پٺيان ايندڙ، پويون حصو
sequence,سلسلو- تواتر- ترتيب,,سلسلو- تواتر- ترتيب
sequential,سلسليوار، مسلسل، سلسلو,,سلسليوار، مسلسل، سلسلو
sergeant,سارجنٽ,,سارجنٽ
serial,سلسليوار- سلسلو,,سلسليوار- سلسلو
series,سلسلو- قطار- صف,,سلسلو- قطار- صف
serious,ڳنڀير- سنگين- سنجيده- خطرناڪ,,ڳنڀير- سنگين- سنجيده- خطرناڪ
sermon,خطبو- وعظ- نصيحت,,خطبو- وعظ- نصيحت
serpent,نانگ- چال باز,,نانگ- چال باز
serum,رت جا جزا,,رت جا جزا
servant,ملازم- نوڪر- خدمتگار,,ملازم- نوڪر- خدمتگار
serve,خدمت ڪرڻ- ملازم ٿيڻ,,خدمت ڪرڻ- ملازم ٿيڻ
service,سروس- خدمت- ملازمت- تعميل,,سروس- خدمت- ملازمت- تعميل
services,خدمتون,,خدمتون
servicing,جاري ڪرڻ,,جاري ڪرڻ
serving,مقرر ٿيل- تعميل,,مقرر ٿيل- تعميل
sesame,تر,,تر
session,اجلاس- تعليمي سال- سيشن- مقرر ٿيل وقت,,اجلاس- تعليمي سال- سيشن- مقرر ٿيل وقت
sessions,سيشن,,سيشن
set,ڪمند جي ڳري، ڳري، قلم،ڄمائڻ، لڳائڻ، کوڙڻ,,ڪمند جي ڳري، ڳري، قلم،ڄمائڻ، لڳائڻ، کوڙڻ
sets,سيٽ (جمع),,سيٽ (جمع)
setting,لڳائڻ- ترتيب ڏيڻ- مرتب ڪرڻ- ترتيب- ترڪيب,,لڳائڻ- ترتيب ڏيڻ- مرتب ڪرڻ- ترتيب- ترڪيب
settle,بي باق ڪرڻ- بندوبست ڪرڻ,,بي باق ڪرڻ- بندوبست ڪرڻ
settled,بي باق ٿيل- بندوبست ٿيل,,بي باق ٿيل- بندوبست ٿيل
settlement,آبادڪاري- بندوبست,,آبادڪاري- بندوبست
settling,تھ بندي، چڪائڻ، ترو وٺڻ,,تھ بندي، چڪائڻ، ترو وٺڻ
setup,ترتيب ڏيڻ- ڍانچو,,ترتيب ڏيڻ- ڍانچو
seven,ست (7),,ست (7)
seventeen,سترهن (17),,سترهن (17)
seventh,ستون,,ستون
seventy,ستر,,ستر
several,ڪيترائي- مختلف- منفرد- متعدد,,ڪيترائي- مختلف- منفرد- متعدد
severe,سخت- شديد,,سخت- شديد
severity,شدت,,شدت
sew,سبڻ، سلائي ڪرڻ,,سبڻ، سلائي ڪرڻ
sewer,گندي پاڻيءَ جي ڪَسي,,گندي پاڻيءَ جي ڪَسي
sewing,سلائي- سبڻ,,سلائي- سبڻ
sex,جنس- صنف,,جنس- صنف
sexual,صنفي- جنسي,,صنفي- جنسي
shade,ڇانوَ- پناهه- نمونو- پردي,,ڇانوَ- پناهه- نمونو- پردي
shaded,ڇانوَ وارو- ڇانو ۾,,ڇانوَ وارو- ڇانو ۾
shadow,پاڇو- پناهه- عڪس- فرضي,,پاڇو- پناهه- عڪس- فرضي
shady,ڇانو وارو، شڪي، کوٽو,,ڇانو وارو، شڪي، کوٽو
shaft,تير، سرنگهه,,تير، سرنگهه
shah,شاهه، بادشاهه,,شاهه، بادشاهه
shake,لوڏڻ- ملائڻ- ڌوڏڻ- ڏڪڻ,,لوڏڻ- ملائڻ- ڌوڏڻ- ڏڪڻ
shall,ڪندو- ڪندا- ڪندي (زمان مستقبل جي نشاني),,ڪندو- ڪندا- ڪندي (زمان مستقبل جي نشاني)
shallow,گهٽ اونهو,,گهٽ اونهو
shame,شرم، ندامت، لڄ، حياءُ، بي عزتي، بدنامي,,شرم، ندامت، لڄ، حياءُ، بي عزتي، بدنامي
shampoo,(بدن کي) زور سان مهٽڻ,,(بدن کي) زور سان مهٽڻ
shape,شڪل- ڊول- صورت- گهاٽ- ٺاهڻ,,شڪل- ڊول- صورت- گهاٽ- ٺاهڻ
shaping,گهڙڻ- شڪل ڏيڻ,,گهڙڻ- شڪل ڏيڻ
share,حصو- ڀاڱو- پتي- ورڇ,,حصو- ڀاڱو- پتي- ورڇ
shared,گڏيل- مشترڪ,,گڏيل- مشترڪ
shareholder,ڀائيوار,,ڀائيوار
shares,حصا- ڀاڱا,,حصا- ڀاڱا
sharing,شرڪت,,شرڪت
shark,وڏي شاڪر مڇي، مڪار، فريبي,,وڏي شاڪر مڇي، مڪار، فريبي
sharp,تيز- چالاڪ- نوڪدار- تيز فهم- استاد,,تيز- چالاڪ- نوڪدار- تيز فهم- استاد
sharper,ٺڳ، دغاباز، عيار,,ٺڳ، دغاباز، عيار
she,هوءَ يا هيءَ (عورت),,هوءَ يا هيءَ (عورت)
shear,ڪَتر- ڪئنچي- قئنچي,,ڪَتر- ڪئنچي- قئنچي
sheep,رِڍ,,رِڍ
sheer,عمودي- سڌو- محض,,عمودي- سڌو- محض
sheet,شيٽ- تختو- چادر,,شيٽ- تختو- چادر
sheikh,شيخ,,شيخ
shelf,الماڙي- جارو,,الماڙي- جارو
shell,خول- کل- بم گولو- ڇلڻ- گولا اڇلائڻ- سپي- ڪوڏي,,خول- کل- بم گولو- ڇلڻ- گولا اڇلائڻ- سپي- ڪوڏي
shellfish,سپي پڪڙڻ,,سپي پڪڙڻ
shelter,پناهه گاهه- پناهه جي جاءِ,,پناهه گاهه- پناهه جي جاءِ
shelters,پناهه گاهون,,پناهه گاهون
shepherd,ريڍار,,ريڍار
sheriff,مکي يا شهر جو وڏو حاڪم,,مکي يا شهر جو وڏو حاڪم
sherry,اسپين جو هڪ شراب جو قسم,,اسپين جو هڪ شراب جو قسم
shield,ڍال- پناهه- حمايت,,ڍال- پناهه- حمايت
shift,نوبت- وارو- دؤر,,نوبت- وارو- دؤر
shifting,جڳهه مٽائڻ- منتقل ڪرڻ- منتقل ٿيڻ- منتقلي,,جڳهه مٽائڻ- منتقل ڪرڻ- منتقل ٿيڻ- منتقلي
shilling,شلنگ، هڪ انگريزي سڪو,,شلنگ، هڪ انگريزي سڪو
shin,ٽنگ جو اڳيون حصو، ٻنيءَ جو اڳيون حصو (چلڪو),,ٽنگ جو اڳيون حصو، ٻنيءَ جو اڳيون حصو (چلڪو)
shine,چمڪڻ، چلڪڻ، رونق دار ٿيڻ,,چمڪڻ، چلڪڻ، رونق دار ٿيڻ
shining,چِلڪ، چمڪ,,چِلڪ، چمڪ
shiny,چمڪندڙ، منور,,چمڪندڙ، منور
ship,جهاز- بحري جهاز,,جهاز- بحري جهاز
shipment,جهازي بار برداري,,جهازي بار برداري
shipping,جهاز راني,,جهاز راني
shire,ضلعو، علائقو,,ضلعو، علائقو
shirt,قميص- پهراڻ- خميس,,قميص- پهراڻ- خميس
shock,صدمو- جهٽڪو- ڏک,,صدمو- جهٽڪو- ڏک
shocking,ڏڪائيندڙ، دهشت انگيز، صدمو پهچائيندڙ,,ڏڪائيندڙ، دهشت انگيز، صدمو پهچائيندڙ
shoe,جوتو- جُتي,,جوتو- جُتي
shoot,نشانو لڳائڻ- شاخ (نباتات)- نال,,نشانو لڳائڻ- شاخ (نباتات)- نال
shooting,شڪار- فلم بندي- گولي هلائڻ- نشاني بازي,,شڪار- فلم بندي- گولي هلائڻ- نشاني بازي
shop,دوڪان,,دوڪان
shopping,خريداري,,خريداري
shore,ساحلي,,ساحلي
shoreline,ساحلي پٽي,,ساحلي پٽي
short,گهٽ- مختصر- ننڍو- ٿورو- بندرو- ڇوٽو,,گهٽ- مختصر- ننڍو- ٿورو- بندرو- ڇوٽو
shortage,اڻاٺ- کوٽ- ڪمي- گهٽتائي,,اڻاٺ- کوٽ- ڪمي- گهٽتائي
shortcut,ننڍو رستو، وچون رستو,,ننڍو رستو، وچون رستو
shorter,گهڻو مختصر- گهڻو ويجهو,,گهڻو مختصر- گهڻو ويجهو
shortest,تمام گهڻو ننڍو- تمام گهڻو بندرو- تمام گهڻو ويجهو,,تمام گهڻو ننڍو- تمام گهڻو بندرو- تمام گهڻو ويجهو
shortly,جلدي اختصار ۾,,جلدي اختصار ۾
shorts,ڀوسو,,ڀوسو
shot,گولي- ڇيرو- ڌڪ- مار- نشانو,,گولي- ڇيرو- ڌڪ- مار- نشانو
shotgun,ڇيري واري بندوق,,ڇيري واري بندوق
should,گهرجي، کپي,,گهرجي، کپي
shoulder,ڪُلهو,,ڪُلهو
show,نمائش- تماشو- ظاهر ڪرڻ,,نمائش- تماشو- ظاهر ڪرڻ
shrimp,جهينگو، گهانگهٽ، هڪ قسم جي مڇي,,جهينگو، گهانگهٽ، هڪ قسم جي مڇي
shrine,درگاه- مقبرو,,درگاه- مقبرو
shrink,سُڪڙجڻ- سُسڻ,,سُڪڙجڻ- سُسڻ
shut,بند ڪرڻ- ويڙهڻ,,بند ڪرڻ- ويڙهڻ
shutdown,وقتي طور بند ڪرڻ,,وقتي طور بند ڪرڻ
shutter,دري، کڙڪي,,دري، کڙڪي
shuttle,هٿ جو نڙو,,هٿ جو نڙو
shy,شرميلو، لڄارو,,شرميلو، لڄارو
sibling,ڀيڻ يا ڀاءُ,,ڀيڻ يا ڀاءُ
siblings,ھم مادر پدر، ھم ولد، ساڳيو نسل، ھم جنس، ھڪ نسل جا ٻچا، ھڪ جي اولاد، ڀاءُ ڀيڻ,,ھم مادر پدر، ھم ولد، ساڳيو نسل، ھم جنس، ھڪ نسل جا ٻچا، ھڪ جي اولاد، ڀاءُ ڀيڻ
sick,اگهو- بيمار- مريض,,اگهو- بيمار- مريض
sickness,اگهائي- مرض- روڳ,,اگهائي- مرض- روڳ
side,رخ- طرف- شعبو- پاسو,,رخ- طرف- شعبو- پاسو
siding,پاسي واري پٽڙي,,پاسي واري پٽڙي
siege,گهيرو- ڇڪتاڻ,,گهيرو- ڇڪتاڻ
sight,نظر- نظارو- شست- بصارت,,نظر- نظارو- شست- بصارت
sign,نشان- علامت- اشارو- صحي ڪرڻ,,نشان- علامت- اشارو- صحي ڪرڻ
signal,اشارو- اشارو ڪرڻ- نشاني- سگنل,,اشارو- اشارو ڪرڻ- نشاني- سگنل
signalling,اشارن وارو,,اشارن وارو
signature,صحي- دستخط,,صحي- دستخط
signed,صحي ٿيل- صحي ڪئي وئي,,صحي ٿيل- صحي ڪئي وئي
significance,اهميت- مطلب- قدر- ضرورت- وزن,,اهميت- مطلب- قدر- ضرورت- وزن
significant,فائدي وارو- معنيٰ خيز,,فائدي وارو- معنيٰ خيز
significantly,اثرائتي طور، واقع طور، پر مطلب,,اثرائتي طور، واقع طور، پر مطلب
silence,خاموشي,,خاموشي
silent,خاموش,,خاموش
silently,خاموشيءَ سان، ماٺ ۾,,خاموشيءَ سان، ماٺ ۾
silhouette,روشنيءَ جي پاڇي تي نڪتل تصوير، ھڪ رخو شڪلي پاڇو,,روشنيءَ جي پاڇي تي نڪتل تصوير، ھڪ رخو شڪلي پاڇو
silk,ريشم- ريشمي ڪپڙو,,ريشم- ريشمي ڪپڙو
silky,ريشمي,,ريشمي
silly,بيوقوف، مورک، نادان,,بيوقوف، مورک، نادان
silver,چاندي- روپو,,چاندي- روپو
similar,ساڳيو- هوبهو- هڪ جهڙو,,ساڳيو- هوبهو- هڪ جهڙو
similarity,هڪجهڙائي، مطابقت، مشابهت,,هڪجهڙائي، مطابقت، مشابهت
similarly,ساڳي نموني، اهڙيءَ طرح,,ساڳي نموني، اهڙيءَ طرح
simple,سادو,,سادو
simplicity,سادگي,,سادگي
simply,صاف صاف، رڳو، فقط، ڇڙو,,صاف صاف، رڳو، فقط، ڇڙو
simulate,نقل ڪرڻ، تقليد ڪرڻ، ويس بدلڻ، بهانو ڪرڻ,,نقل ڪرڻ، تقليد ڪرڻ، ويس بدلڻ، بهانو ڪرڻ
simulation,بناوت، ظاهرداري، مڪر,,بناوت، ظاهرداري، مڪر
simultaneous,ساڳئي وقت,,ساڳئي وقت
simultaneously,ساڳئي وقت- هڪ ئي وقت- گڏوگڏ,,ساڳئي وقت- هڪ ئي وقت- گڏوگڏ
sin,گناهه، پاپ، خطا,,گناهه، پاپ، خطا
since,جڏهانڪر- ڇاڪاڻ ته- کان وٺي- لاڪر,,جڏهانڪر- ڇاڪاڻ ته- کان وٺي- لاڪر
sincere,مخلص- سچو- ايماندار,,مخلص- سچو- ايماندار
sincerely,مخلص- اخلاص سان- خلوص مان,,مخلص- اخلاص سان- خلوص مان
sing,ڳائڻ، بيت ۾ ٻڌائڻ,,ڳائڻ، بيت ۾ ٻڌائڻ
singer,راڳي- گويو- ڳائڻو- گلوڪار,,راڳي- گويو- ڳائڻو- گلوڪار
singing,ڳائڻ,,ڳائڻ
single,ڇڙهوڇانڊ- غير شادي شده- واحد- اڪيلو- مفرد- مجرد,,ڇڙهوڇانڊ- غير شادي شده- واحد- اڪيلو- مفرد- مجرد
singular,واحد- مفرد- هڪ- اڪيلو- عجيب- غير رواجي,,واحد- مفرد- هڪ- اڪيلو- عجيب- غير رواجي
sinister,خراب، منحوس، نامبارڪ، دغاباز,,خراب، منحوس، نامبارڪ، دغاباز
sink,غرق ٿيڻ- پاڻيءَ لاءِ کڏو- ڪَسي- موري,,غرق ٿيڻ- پاڻيءَ لاءِ کڏو- ڪَسي- موري
sinking,کوٽائي- بي باقي,,کوٽائي- بي باقي
sinus,شگاف، کڏ، سوراخ، خليج,,شگاف، کڏ، سوراخ، خليج
sir,سائين- جناب عالي- صاحب- هڪ خطاب,,سائين- جناب عالي- صاحب- هڪ خطاب
sire,جناب عالي- حضور- جيئندا قبلا!- پيءُ- سردار,,جناب عالي- حضور- جيئندا قبلا!- پيءُ- سردار
sirius,هڪ وڏي چمڪندڙ تاري جو نالو، قلب الجباد,,هڪ وڏي چمڪندڙ تاري جو نالو، قلب الجباد
sis,ڇوڪري، محبوبه,,ڇوڪري، محبوبه
sister,ڀيڻ,,ڀيڻ
site,زمين- جڳهه- هنڌ- موضوع- پَٽ,,زمين- جڳهه- هنڌ- موضوع- پَٽ
sitting,اجلاس- نشست- ويهڻ,,اجلاس- نشست- ويهڻ
situated,واقع,,واقع
situation,صورت حال- موقعو- جاءِ- جڳهه- حالت- عهدو- نوعيت,,صورت حال- موقعو- جاءِ- جڳهه- حالت- عهدو- نوعيت
six,ڇهه- شِش,,ڇهه- شِش
sixteen,سورهن (16),,سورهن (16)
sixth,ڇهون,,ڇهون
sixty,سٺ,,سٺ
size,ماپ- قد- جسامت- ڪاڇو,,ماپ- قد- جسامت- ڪاڇو
sizing,ڪلف ڏيڻ- سائيز- قد ڪاٺ- ليپو يا تهه ڏيڻ وارو عمل,,ڪلف ڏيڻ- سائيز- قد ڪاٺ- ليپو يا تهه ڏيڻ وارو عمل
skeleton,ڪرنگهو- ڍانچو- قالب,,ڪرنگهو- ڍانچو- قالب
sketch,خاڪو- رٿ- بيان- نقشو,,خاڪو- رٿ- بيان- نقشو
skill,مهارت- هنر- فن- ڪاريگري,,مهارت- هنر- فن- ڪاريگري
skilled,هوشيار- ڄاڻو- ماهر- هنرمند,,هوشيار- ڄاڻو- ماهر- هنرمند
skin,کل- چمڙي- کل لاهڻ,,کل- چمڙي- کل لاهڻ
skinny,کل وارو، لاغر، ڏٻرو,,کل وارو، لاغر، ڏٻرو
skip,ٽپو ڏيڻ، ڇڏي وڃڻ، ڇڏي ڏيڻ,,ٽپو ڏيڻ، ڇڏي وڃڻ، ڇڏي ڏيڻ
skirt,ڪنارو، حاشي، دامن، سايو، گهاگهرو,,ڪنارو، حاشي، دامن، سايو، گهاگهرو
skull,کوپري,,کوپري
sky,آسمان، اُڀ، فلڪ، آڪاش,,آسمان، اُڀ، فلڪ، آڪاش
slab,سنگ مرمر پٿر يا ڪاٺ جو لسو تختو,,سنگ مرمر پٿر يا ڪاٺ جو لسو تختو
slack,ڍلو- ماٺو (بازار),,ڍلو- ماٺو (بازار)
slang,بازاري گفتگو,,بازاري گفتگو
slate,سليٽ، پٿر جي تختي,,سليٽ، پٿر جي تختي
slaughter,ڪوس- قتل- خونريزي- ڪُهڻ,,ڪوس- قتل- خونريزي- ڪُهڻ
slave,غلام- ٻانهو,,غلام- ٻانهو
slavery,غلامي، ٻانهپ,,غلامي، ٻانهپ
sle,سسٽميٽڪ ليويس اريٿرو ميٽوسز نالي بيماري جو مخفف Abbreviation for systemic lupus erythromatosis,,سسٽميٽڪ ليويس اريٿرو ميٽوسز نالي بيماري جو مخفف Abbreviation for systemic lupus erythromatosis
sleek,چمڪيلو ۽ لسو,,چمڪيلو ۽ لسو
sleep,ننڍ، آرام، خمار,,ننڍ، آرام، خمار
sleeper,سمهڻ وارو- ريل جو سليپر,,سمهڻ وارو- ريل جو سليپر
sleeping,ننڊ,,ننڊ
sleepy,ننڊاکڙو، خواب آلوده,,ننڊاکڙو، خواب آلوده
sleeve,ڪوٽ جي ٻانهن- آستين,,ڪوٽ جي ٻانهن- آستين
slender,سنهو، ڪمزور، ضعيف,,سنهو، ڪمزور، ضعيف
slide,سلائيڊ (خوردبين)- گسڪڻي تختي (ٻيلا),,سلائيڊ (خوردبين)- گسڪڻي تختي (ٻيلا)
slight,معمولي- مختصر,,معمولي- مختصر
slightly,ٿورو، قدري، قليل، سرسري، ڪڇ,,ٿورو، قدري، قليل، سرسري، ڪڇ
slim,پتلو، ڪمزور، نازڪ، سنهو، باريڪ,,پتلو، ڪمزور، نازڪ، سنهو، باريڪ
sling,کانڀاڻي,,کانڀاڻي
slip,ڪاغذ جو ٽڪر- سَهو- ڀُل چُڪ- چِٽڪي,,ڪاغذ جو ٽڪر- سَهو- ڀُل چُڪ- چِٽڪي
slippery,ترڪڻو، ناپائيدار، غيرمستقل، بي ڀروسي,,ترڪڻو، ناپائيدار، غيرمستقل، بي ڀروسي
slips,ٽڪرا,,ٽڪرا
slogan,نعرو,,نعرو
slope,لاهه- لاهي- ليٽ- لاڙو,,لاهه- لاهي- ليٽ- لاڙو
slot,سوراخ- ڇيد- چير,,سوراخ- ڇيد- چير
slow,سست- آهستي,,سست- آهستي
slowly,آهستي آهستي، سستيءَ سان,,آهستي آهستي، سستيءَ سان
sludge,گپ چڪ,,گپ چڪ
slug,تعارفي سرخي، اکرن جو ڌاتوئي ڪنارو,,تعارفي سرخي، اکرن جو ڌاتوئي ڪنارو
slut,غليظ عورت,,غليظ عورت
small,ننڍو- هلڪو- ٿورو,,ننڍو- هلڪو- ٿورو
smart,چست، چالاڪ، حاضر جواب، کڙو تڙو,,چست، چالاڪ، حاضر جواب، کڙو تڙو
smash,ٽڪرا ٽڪرا ڪرڻ,,ٽڪرا ٽڪرا ڪرڻ
smell,سنگھڻ، بوءِ، ڌپ، مھڪ,,سنگھڻ، بوءِ، ڌپ، مھڪ
smith,لوهار، سونارو، ٺاٺارو، زرگر,,لوهار، سونارو، ٺاٺارو، زرگر
smoke,دونهون- تماڪ ڇڪڻ,,دونهون- تماڪ ڇڪڻ
smoking,تماڪ ڇڪڻ,,تماڪ ڇڪڻ
smoky,دونهي جهڙو، دونهي دار,,دونهي جهڙو، دونهي دار
smooth,لسو- هموار- سهوليت سان,,لسو- هموار- سهوليت سان
smoothly,سهوليت سان- هموار طريقي سان,,سهوليت سان- هموار طريقي سان
snack,حصو، ڀاڱو، بخرو,,حصو، ڀاڱو، بخرو
snake,نانگ,,نانگ
snow,برف,,برف
snowy,برف سان ڀريل، اڇو، سفيد,,برف سان ڀريل، اڇو، سفيد
so,انهيءَ طرح، ائين، انهيءَ ڪري، اهڙو، ايترو، ايڏو، ڀلا، تنهنڪري,,انهيءَ طرح، ائين، انهيءَ ڪري، اهڙو، ايترو، ايڏو، ڀلا، تنهنڪري
soap,صابڻ,,صابڻ
sober,پرهيزگار، متقي، باهوش، سنجيدو، گنڀير,,پرهيزگار، متقي، باهوش، سنجيدو، گنڀير
social,معاشرتي- سماجي,,معاشرتي- سماجي
socialism,سماجي هڪجهڙائي,,سماجي هڪجهڙائي
socialist,سماجي هڪ جهڙائي چاهيندڙ,,سماجي هڪ جهڙائي چاهيندڙ
societal,سماجي- معاشرتي- سڀائي,,سماجي- معاشرتي- سڀائي
society,سنگت، صحبت، فرقو، شرڪت، گروهه، مجلس,,سنگت، صحبت، فرقو، شرڪت، گروهه، مجلس
sociology,علم معاشرت، علم تمدن,,علم معاشرت، علم تمدن
sock,جوراب,,جوراب
socket,خانو، پيالو، کوپو، کانچو,,خانو، پيالو، کوپو، کانچو
soda,کار، سوڊا,,کار، سوڊا
sodium,سوڊيم(ڪيميائي عنصر),,سوڊيم(ڪيميائي عنصر)
sofa,ڪوچ، گديلن واري ڪرسي,,ڪوچ، گديلن واري ڪرسي
soft,نرم، ملائم، نازڪ، ڪونئرو، صاف,,نرم، ملائم، نازڪ، ڪونئرو، صاف
softly,نرمائي سان، آهستي آهستي,,نرمائي سان، آهستي آهستي
software,سافٽ ويئر، ڪمپيوٽر پروگرام,,سافٽ ويئر، ڪمپيوٽر پروگرام
soho,شڪاريءَ جو آواز,,شڪاريءَ جو آواز
soil,گندو ڪرڻ، ڌٻو لڳائڻ، ڀاڻ وجهڻ (مٽي، زمين ڪچرو، ڌٻو، نجاست),,گندو ڪرڻ، ڌٻو لڳائڻ، ڀاڻ وجهڻ (مٽي، زمين ڪچرو، ڌٻو، نجاست)
solar,سج جو، شمسي,,سج جو، شمسي
solder,ٽاڪو ھڻڻ، ريھھ ڏيڻ,,ٽاڪو ھڻڻ، ريھھ ڏيڻ
soldier,سپاهي، لشڪري، بهادر، سورمو,,سپاهي، لشڪري، بهادر، سورمو
sole,هڪڙوئي، تنها، اڪيلو، مجرد، جوتي جوترو، هڪ قسم جي مڇي,,هڪڙوئي، تنها، اڪيلو، مجرد، جوتي جوترو، هڪ قسم جي مڇي
solely,صرف، رڳو، فقط,,صرف، رڳو، فقط
solicitor,وڪيل، مختيار، طالب,,وڪيل، مختيار، طالب
solid,سخت، قائم، مسلم، مضبوط، صحيح، سچو، اصيل، نهري چيز,,سخت، قائم، مسلم، مضبوط، صحيح، سچو، اصيل، نهري چيز
solidarity,يڪجهتي، برابر جي جوابداري، اتحاد,,يڪجهتي، برابر جي جوابداري، اتحاد
solitaire,گوشي نشين، گلي جو هڪ قسم جو زيور,,گوشي نشين، گلي جو هڪ قسم جو زيور
solitary,اڪيلو، تنها، هيڪلو,,اڪيلو، تنها، هيڪلو
solo,اڪيلو پردار,,اڪيلو پردار
soluble,ڳرڻ جهڙو يا ڳرڻ جي قابل,,ڳرڻ جهڙو يا ڳرڻ جي قابل
solution,تحليل، ڳارو، سمجهاڻي، تصريح,,تحليل، ڳارو، سمجهاڻي، تصريح
solvent,قرض ادا ڪرڻ جهڙو,,قرض ادا ڪرڻ جهڙو
soma,جسم، بدن، رس، طبع,,جسم، بدن، رس، طبع
some,بعض، ڪو، ڪجهه، ٿورو,,بعض، ڪو، ڪجهه، ٿورو
son,پٽ، فرزند، ولد,,پٽ، فرزند، ولد
song,گانو، ڪافي,,گانو، ڪافي
soon,جلدي، جلد، جهٽ,,جلدي، جلد، جهٽ
soprano,عورت جو وڏو آواز,,عورت جو وڏو آواز
sore,زخم، ناسور، ڦٽ، گهاءُ، رنج، غم,,زخم، ناسور، ڦٽ، گهاءُ، رنج، غم
sorrow,ڏک، افسوس، رنج، غم، پڇتاءُ,,ڏک، افسوس، رنج، غم، پڇتاءُ
sorry,شرمنده، دلگير، غمگين، متفڪر، ناچيز,,شرمنده، دلگير، غمگين، متفڪر، ناچيز
sort,قسم، نمونو، طور، ڍنگ,,قسم، نمونو، طور، ڍنگ
soul,روح، جان، دل، عقل,,روح، جان، دل، عقل
soup,شورو، رس,,شورو، رس
sour,ترش، تيز، کٽو، تلخ,,ترش، تيز، کٽو، تلخ
source,اصل، بنياد، منڍ، منبع، چشمو,,اصل، بنياد، منڍ، منبع، چشمو
south,ڏکڻ، جنوب، ڏاکڻو، جنوبي,,ڏکڻ، جنوب، ڏاکڻو، جنوبي
southern,دکني، ڏاکڻو، جنوبي,,دکني، ڏاکڻو، جنوبي
souvenir,يادگار، نشان (انگلنڊ جو سوني جو سڪو),,يادگار، نشان (انگلنڊ جو سوني جو سڪو)
sovereign,اعليٰ، عظيم، مطلق، بالاتر، خودمختيار، فرمانروا,,اعليٰ، عظيم، مطلق، بالاتر، خودمختيار، فرمانروا
sovereignty,فوقيت، سرداري، بادشاهت، راج، شهنشاهي,,فوقيت، سرداري، بادشاهت، راج، شهنشاهي
spa,معدني پاڻيءَ جو چشمو,,معدني پاڻيءَ جو چشمو
space,فاصلو، جاءِ، ڪشادگي، وٿي، عرصو,,فاصلو، جاءِ، ڪشادگي، وٿي، عرصو
spacing,وٿ بندي,,وٿ بندي
spacious,ڪشادو، فراخ، وسيع، ويڪرو,,ڪشادو، فراخ، وسيع، ويڪرو
span,گرانٽ، نوانچ، وقفو، مدت، ڊيگهه,,گرانٽ، نوانچ، وقفو، مدت، ڊيگهه
spanish,اندلسي، اندلسي ٻولي,,اندلسي، اندلسي ٻولي
spank,چماٽ هڻڻ,,چماٽ هڻڻ
spark,اُلو، چڻنگ، چنگاري، عشق باز,,اُلو، چڻنگ، چنگاري، عشق باز
sparkle,چمڪ ڌمڪ,,چمڪ ڌمڪ
sparrow,جهرڪ,,جهرڪ
sparse,پکڙيل، ڇتو,,پکڙيل، ڇتو
spatial,ڪشادگيءَ متعلق,,ڪشادگيءَ متعلق
spawn,(مڇيءَ جي) آني، ڏيڏر جا آنا,,(مڇيءَ جي) آني، ڏيڏر جا آنا
speaker,ڳالهائيندڙ، مجلس جو صدر,,ڳالهائيندڙ، مجلس جو صدر
spear,ڀالو، نيزو، بڻڇي,,ڀالو، نيزو، بڻڇي
special,ڪشادگيءَ بابت,,ڪشادگيءَ بابت
specialist,ڪنهن خاص ڪم جو ماهر,,ڪنهن خاص ڪم جو ماهر
speciality,خصوصيت,,خصوصيت
specialization,ڪنھن ھڪ مضمون ۾ خاص مھارت، مڪمل ڄاڻ,,ڪنھن ھڪ مضمون ۾ خاص مھارت، مڪمل ڄاڻ
specialize,خاص مھارت رکڻ,,خاص مھارت رکڻ
specialized,پارکو، ماھر، خاص، مخصوص,,پارکو، ماھر، خاص، مخصوص
species,قسم، جنس، ذات,,قسم، جنس، ذات
specific,ذاتي، قيمتي خاص، خاص مرضيءَ لاءِ، مخصوص,,ذاتي، قيمتي خاص، خاص مرضيءَ لاءِ، مخصوص
specification,تشخيص، تفصيل، خاصيت، خصوصيت، ڪيفيت، حد ، نقشو,,تشخيص، تفصيل، خاصيت، خصوصيت، ڪيفيت، حد ، نقشو
specificity,خاص عمل، خصوصيت,,خاص عمل، خصوصيت
specified,خاص، مخصوص,,خاص، مخصوص
specify,جنس، وڙ، مثال، قسم، نمونو,,جنس، وڙ، مثال، قسم، نمونو
specimen,نمونو,,نمونو
spectator,ڏسندڙ، تماشو ڏسندڙ,,ڏسندڙ، تماشو ڏسندڙ
spectral,ڀوت سان تعلق رکندڙ,,ڀوت سان تعلق رکندڙ
spectrum,صورت جيڪا اکين کي روشنيءَ مان ڦيرڻ بعد نظر اچي,,صورت جيڪا اکين کي روشنيءَ مان ڦيرڻ بعد نظر اچي
speculation,خيال، تصور، سٽو,,خيال، تصور، سٽو
speech,تقرير,,تقرير
speed,رفتار- تيزي,,رفتار- تيزي
speeding,تيز ڪرڻ,,تيز ڪرڻ
speedy,يڪدم- جلد,,يڪدم- جلد
spell,سحر، جادو، افسانو، قصو، ٿورو وقت، بدلي,,سحر، جادو، افسانو، قصو، ٿورو وقت، بدلي
spelling,هجي، (روان جي ابتڙ),,هجي، (روان جي ابتڙ)
spencer,صدري,,صدري
spend,خرچ ڪرڻ,,خرچ ڪرڻ
spent,خرچ ڪيل- بيڪار,,خرچ ڪيل- بيڪار
sperm,توليدي مادو- مَنيءَ جي قطري جو سيل يا جزو,,توليدي مادو- مَنيءَ جي قطري جو سيل يا جزو
sphere,دائرو- حلقو,,دائرو- حلقو
spherical,ڪُروي-گولاٽون,,ڪُروي-گولاٽون
spice,گرم مصالحو- مرچ مصالحا,,گرم مصالحو- مرچ مصالحا
spicy,مصالح دار، تيز,,مصالح دار، تيز
spider,ڪوريئڙو,,ڪوريئڙو
spike,چھنبياري سيخ,,چھنبياري سيخ
spill,ڇلڪائڻ، ڇلڪڻ، ھارڻ، پاڻيءِ جي ھار وير، سلاخ,,ڇلڪائڻ، ڇلڪڻ، ھارڻ، پاڻيءِ جي ھار وير، سلاخ
spin,خبر کي خاص رنگ ڏيڻ,,خبر کي خاص رنگ ڏيڻ
spinal,ڪرنگھي واري ھڏيءَ جو,,ڪرنگھي واري ھڏيءَ جو
spindle,ٽَڪ (ائٽ جو)- وٽڻو- چڪرو- چرخو,,ٽَڪ (ائٽ جو)- وٽڻو- چڪرو- چرخو
spine,ھڏيءَ جو ڪنڊو,,ھڏيءَ جو ڪنڊو
spinning,ڪتڻ,,ڪتڻ
spiral,چڪردار- ڦيريدار,,چڪردار- ڦيريدار
spirit,اسپرٽ-نفس-جذبو-روح-الڪوحل شراب,,اسپرٽ-نفس-جذبو-روح-الڪوحل شراب
spiritual,روحاني -غيرجسماني,,روحاني -غيرجسماني
spit,ٿُڪ- ٿُڪڻ,,ٿُڪ- ٿُڪڻ
spite,بغض، ڪينو، عداوت، وير، ساڙ,,بغض، ڪينو، عداوت، وير، ساڙ
splash,گپ يا مٽيءَ جو داغ,,گپ يا مٽيءَ جو داغ
splendid,عظيم الشان، عاليشان، منور، روشن، ڀڀڪيدار,,عظيم الشان، عاليشان، منور، روشن، ڀڀڪيدار
splinter,ڏارڻ- ڦورڻ (ڪاٺ ٽُڪرا),,ڏارڻ- ڦورڻ (ڪاٺ ٽُڪرا)
split,ورھائڻ- تقسيم ڪرڻ- جُدا ڪرڻ,,ورھائڻ- تقسيم ڪرڻ- جُدا ڪرڻ
splitting,تقسيم ٿيڻ-ٽُڪرا ڪرڻ,,تقسيم ٿيڻ-ٽُڪرا ڪرڻ
spoken,ڳالهه ٻولهه ٿي- ڳالهه ٻولهه ڪئي وئي,,ڳالهه ٻولهه ٿي- ڳالهه ٻولهه ڪئي وئي
spokesman,ترجمان- ٻئي جي پاران ڳالھائيندڙ,,ترجمان- ٻئي جي پاران ڳالھائيندڙ
sponge,اسفنج- مفت خور- سوراخ دار ڍانچي وارو آبي جانور,,اسفنج- مفت خور- سوراخ دار ڍانچي وارو آبي جانور
sponsor,ديني پيءُ، ضامن,,ديني پيءُ، ضامن
sponsoring,ضمانت- ضامن پوڻ,,ضمانت- ضامن پوڻ
sponsorship,تعاون- سھڪار- ضمانت,,تعاون- سھڪار- ضمانت
spontaneous,پاڻ مرادو-پاڻھي- خودبخود,,پاڻ مرادو-پاڻھي- خودبخود
spoon,چمچو,,چمچو
sport,راند، کيل، تفريح، کل مسخري، شڪار,,راند، کيل، تفريح، کل مسخري، شڪار
sports,راند- شڪار,,راند- شڪار
spot,جڳهه- ھنڌ- يڪدم- حاضر,,جڳهه- ھنڌ- يڪدم- حاضر
spotted,داغدار، داغيل، عيب دار,,داغدار، داغيل، عيب دار
spouse,زال يا مڙس- گھوٽ يا ڪنوار,,زال يا مڙس- گھوٽ يا ڪنوار
spray,ڦوھارو- ڇڻڪار,,ڦوھارو- ڇڻڪار
spread,ڦھلائڻ،پکيڙڻ، پکڙجڻ،پکڙڻ، وسعت، ڦھلاءُ، پکيڙ,,ڦھلائڻ،پکيڙڻ، پکڙجڻ،پکڙڻ، وسعت، ڦھلاءُ، پکيڙ
spring,چشمو- ڪماڻي- بھار جي مند,,چشمو- ڪماڻي- بھار جي مند
sprint,تيزيءَ سان ڊوڙڻ,,تيزيءَ سان ڊوڙڻ
spruce,نفيس، عمدو، سٽائتو,,نفيس، عمدو، سٽائتو
spur,اڙي- مهميز,,اڙي- مهميز
squad,اسڪواڊ دستو- سپاھين جي ننڍڙي پلٽون,,اسڪواڊ دستو- سپاھين جي ننڍڙي پلٽون
squadron,سوارن جو دستو، جهازن جو دَسُ,,سوارن جو دستو، جهازن جو دَسُ
square,چؤرس,,چؤرس
squares,چؤرس,,چؤرس
squash,مھٽڻ- ڦيهڻ- نپوڙڻ اسڪوائش (راند),,مھٽڻ- ڦيهڻ- نپوڙڻ اسڪوائش (راند)
squeeze,زور زبردستيءَ سان وصول ڪرڻ- پيڙهڻ- نپوڙڻ,,زور زبردستيءَ سان وصول ڪرڻ- پيڙهڻ- نپوڙڻ
squirrel,نوريئڙو,,نوريئڙو
squirt,ڦوهارو، پچڪاري,,ڦوهارو، پچڪاري
stab,ڇُري هڻڻ- خنجر- قتل ڪرڻ- ڀؤنڪڻ,,ڇُري هڻڻ- خنجر- قتل ڪرڻ- ڀؤنڪڻ
stability,مظبوطي- استحڪام- پائيداري- جٽاداري,,مظبوطي- استحڪام- پائيداري- جٽاداري
stabilization,مضبوط ڪرڻ- جٽاءُ ڏيڻ-پائيدار بنائڻ,,مضبوط ڪرڻ- جٽاءُ ڏيڻ-پائيدار بنائڻ
stable,قائم- محفوظ- پڪو- مستحڪم,,قائم- محفوظ- پڪو- مستحڪم
stadium,اسٽيڊيم- راند جو وڏو ميدان,,اسٽيڊيم- راند جو وڏو ميدان
staff,عملو,,عملو
staffing,عملي جي مقرري- عملو مقرر ڪرڻ,,عملي جي مقرري- عملو مقرر ڪرڻ
stag,ڦاڙهو، ٻارهن سنڱن وارو هرڻ,,ڦاڙهو، ٻارهن سنڱن وارو هرڻ
stage,مرحلو- منزل- تماشي جي جاءِ,,مرحلو- منزل- تماشي جي جاءِ
stages,ڏاڪا- مرحلا-منزلون,,ڏاڪا- مرحلا-منزلون
stain,داغ لڳائڻ، رنڱڻ، داغ، چٽو، ٽڪو، رنگ,,داغ لڳائڻ، رنڱڻ، داغ، چٽو، ٽڪو، رنگ
stained,داغ دار، داغيل، رتو,,داغ دار، داغيل، رتو
staining,رنڱڻ,,رنڱڻ
stainless,پاڪ، بي عيب، صاف,,پاڪ، بي عيب، صاف
stair,ڏاڪڻ، سيڙهي,,ڏاڪڻ، سيڙهي
stake,ميخ، ٿوڻي، جڳهه، بازي، شرط,,ميخ، ٿوڻي، جڳهه، بازي، شرط
stall,چبوترو، طنبيلو، پڙي، ڪڙهه، دڪان,,چبوترو، طنبيلو، پڙي، ڪڙهه، دڪان
stamp,ٺپو ھڻڻ، ڇاپڻ، ڇاپ، ٺپو، ڇاپو، مھر,,ٺپو ھڻڻ، ڇاپڻ، ڇاپ، ٺپو، ڇاپو، مھر
stamping,ٺپڻ، ڇاپڻ، پورڻ، ڇرڻ,,ٺپڻ، ڇاپڻ، پورڻ، ڇرڻ
stand,بيھڪ، گھوڙي، اڏو، ٽيڪ، چبوترو، گھاٽاڻ,,بيھڪ، گھوڙي، اڏو، ٽيڪ، چبوترو، گھاٽاڻ
standard,درجو، انداز، پيمانو، ٿوڻي، وزن، دستور، رسم,,درجو، انداز، پيمانو، ٿوڻي، وزن، دستور، رسم
standardization,معياربندي- معياري عمل- معيار موافق,,معياربندي- معياري عمل- معيار موافق
standards,درجا، پيمانه ، معيار، انداز، مستوازن ڳينون,,درجا، پيمانه ، معيار، انداز، مستوازن ڳينون
standing,دائمي، پائدار، برقرار، قائم بيٺلائي,,دائمي، پائدار، برقرار، قائم بيٺلائي
standpoint,موقع، اصول,,موقع، اصول
staple,بازار، منڊي، سودو، خاص پيدائش، ريشو، جنس تند ڪنڊو، مکيه,,بازار، منڊي، سودو، خاص پيدائش، ريشو، جنس تند ڪنڊو، مکيه
star,تارو، ستارو، مشهور آدمي,,تارو، ستارو، مشهور آدمي
starch,ڪلف، پيڻ، نشاستو، باضابطگي، باقاعدگي,,ڪلف، پيڻ، نشاستو، باضابطگي، باقاعدگي
stare,گهورڻ، تڪڻ، (گهور، ٽڪٽڪي),,گهورڻ، تڪڻ، (گهور، ٽڪٽڪي)
stark,سخت، مضبوط، پورو، بلڪل، مطلق، ڏاڍو,,سخت، مضبوط، پورو، بلڪل، مطلق، ڏاڍو
start,ھلڻ چلڻ,,ھلڻ چلڻ
starter,مشين چالو ڪرڻ جو بٽڻ، چالو پرزو,,مشين چالو ڪرڻ جو بٽڻ، چالو پرزو
stat,جلدي,,جلدي
state,حالت، وضع، طور، درجو، فرقو، رتبو، رياست، سرڪار,,حالت، وضع، طور، درجو، فرقو، رتبو، رياست، سرڪار
statement,بيان، اظهار، ڪيفيت، زباني,,بيان، اظهار، ڪيفيت، زباني
statesman,مدبر، سياستدان,,مدبر، سياستدان
static,سڪون ۾ چيزن بابت,,سڪون ۾ چيزن بابت
station,مقام، منصب، درجو، رتبو، جاءِ، آگ گاڏيءَ جي بيهڻ جي جڳهه,,مقام، منصب، درجو، رتبو، جاءِ، آگ گاڏيءَ جي بيهڻ جي جڳهه
stationary,ساڪن، مقيم، متعن، هڪ هنڌ بيٺل,,ساڪن، مقيم، متعن، هڪ هنڌ بيٺل
stationery,شيون (پنا، قلم، مس پينسل وغيره),,شيون (پنا، قلم، مس پينسل وغيره)
statistic,شماري، شمارياتي، عدد ۽ شماريات متعلق، شماريات جو جزو يا ايڪو. شمارياتي حقيقت جنهن کي انگن ۽ عددن سان ثابت ڪري سگهجي، جئين سراسري .,,شماري، شمارياتي، عدد ۽ شماريات متعلق، شماريات جو جزو يا ايڪو. شمارياتي حقيقت جنهن کي انگن ۽ عددن سان ثابت ڪري سگهجي، جئين سراسري .
statistical,انگن اکرن متعلق، علم شماريات متعلق، شمارياتي,,انگن اکرن متعلق، علم شماريات متعلق، شمارياتي
statistics,انگ اکر، ملڪ وغيره ۾ ڪنهن چيز جا انگ اکر,,انگ اکر، ملڪ وغيره ۾ ڪنهن چيز جا انگ اکر
statue,بت، مورت,,بت، مورت
status,درجو، مرتبو، حالت، حيثيت، معاملات,,درجو، مرتبو، حالت، حيثيت، معاملات
statute,قاعدو، آئينو، قانون,,قاعدو، آئينو، قانون
statutory,قانوني,,قانوني
stays,چولي، انگي، سيني بند,,چولي، انگي، سيني بند
steady,مستقل، هموار، پڪو، مضبوط، برابر,,مستقل، هموار، پڪو، مضبوط، برابر
steak,ڳئون جي گوشت جي ڀڳل ٻوٽي,,ڳئون جي گوشت جي ڀڳل ٻوٽي
stealth,چوري، پوشيده ڪم,,چوري، پوشيده ڪم
steam,ٻاڦ، بخار,,ٻاڦ، بخار
steel,رڪ، فولاد,,رڪ، فولاد
steep,اُڀو، کڙو,,اُڀو، کڙو
stellar,تارن بابت,,تارن بابت
stem,ڏانڊي، ٿڙ، نسل، بنياد، جهاز جو اڳ,,ڏانڊي، ٿڙ، نسل، بنياد، جهاز جو اڳ
step,مرحلو، مفاصلو، ويڳو، ساٽيلو ڀاءُ، قدم، وک ، ڏاڪو ، گام,,مرحلو، مفاصلو، ويڳو، ساٽيلو ڀاءُ، قدم، وک ، ڏاڪو ، گام
sterile,بنجر، غيرآباد، سنڊ، وانجهه,,بنجر، غيرآباد، سنڊ، وانجهه
sterling,انگريزي سڪو، مقرر سڪو، خالص، صاف,,انگريزي سڪو، مقرر سڪو، خالص، صاف
stern,سخت، بيرحم، پڪو، درشت، جهاز جي پڇاڙي,,سخت، بيرحم، پڪو، درشت، جهاز جي پڇاڙي
steroids,پتي تيزاب مرڪب، الڪوحل نما,,پتي تيزاب مرڪب، الڪوحل نما
stick,مصرع، تڪ، قطار، صف,,مصرع، تڪ، قطار، صف
sticker,چھٽڻي پرچي، ڪاغذ جو ھڪ قسم,,چھٽڻي پرچي، ڪاغذ جو ھڪ قسم
sticky,لڳ لڳدار، چيڙهالو,,لڳ لڳدار، چيڙهالو
stiff,سخت، ڏاڍو، ضدي، سرڪش، تيز,,سخت، ڏاڍو، ضدي، سرڪش، تيز
stimulate,جوش ڏيارڻ، قوت ڏيڻ، تحرڪ ڏيڻ، اڀارڻ، ڪنهن زبردست جذبي يا ترغيب ذريعي اُڪسائڻ يا ڪم لاءِ اڀارڻ، گهڻو جوش ۽ جذبو پيدا ڪرڻ,,جوش ڏيارڻ، قوت ڏيڻ، تحرڪ ڏيڻ، اڀارڻ، ڪنهن زبردست جذبي يا ترغيب ذريعي اُڪسائڻ يا ڪم لاءِ اڀارڻ، گهڻو جوش ۽ جذبو پيدا ڪرڻ
stimulation,ترغيب، جوش، تحرڪ,,ترغيب، جوش، تحرڪ
stimuli,عمل تيز ڪندڙ داوئون، محرڪ,,عمل تيز ڪندڙ داوئون، محرڪ
stimulus,ترغيب، جوش، تحرڪ,,ترغيب، جوش، تحرڪ
stitch,ٽاڪو، ٽوپو، بخشو,,ٽاڪو، ٽوپو، بخشو
stochastic,(1) قياسي (2) غير متوقع تخمينو,,(1) قياسي (2) غير متوقع تخمينو
stock,موڙي، سرمايو، ذخيرو، سامان، نسل، چوپايو مال,,موڙي، سرمايو، ذخيرو، سامان، نسل، چوپايو مال
stockings,جوراب، موزا,,جوراب، موزا
stole,چورايو، هڪ قسم جو لنبو ڪرتو,,چورايو، هڪ قسم جو لنبو ڪرتو
stolen,چورايل,,چورايل
stomach,معدو، شڪم، ڍڍ، اوجھري، اِشتھا، بک، گجي,,معدو، شڪم، ڍڍ، اوجھري، اِشتھا، بک، گجي
stone,پٿر، پهڻ، سنگ، جواهر، رتن، پٿري، ستن سيرن جو وزن,,پٿر، پهڻ، سنگ، جواهر، رتن، پٿري، ستن سيرن جو وزن
stony,پٿريلو، سنگين، سخت,,پٿريلو، سنگين، سخت
stood,بيٺو,,بيٺو
stool,بنا ٻانهن ڪرسي، صندلي، ٽورو، دست، موڙو,,بنا ٻانهن ڪرسي، صندلي، ٽورو، دست، موڙو
stop,بند، روڪ، روڪڻ، جھلڻ، بيھارڻ، بيھڪ پردو، ٿمڻ,,بند، روڪ، روڪڻ، جھلڻ، بيھارڻ، بيھڪ پردو، ٿمڻ
storage,ڀرتي، سٿڻ، گدام جو محصول,,ڀرتي، سٿڻ، گدام جو محصول
store,انبار، ڍڳ، کوڙ، ذخيرو، گدام، ذخيري گاھ، ڀانڍو,,انبار، ڍڳ، کوڙ، ذخيرو، گدام، ذخيري گاھ، ڀانڍو
storm,آنڌي، طوفان، هنگامو، فساد، حملو,,آنڌي، طوفان، هنگامو، فساد، حملو
story,قصو، ڳالهه، حڪايت، آکاڻي، بيان، طبقو,,قصو، ڳالهه، حڪايت، آکاڻي، بيان، طبقو
stout,مضبوط، متارو، بهادر، سخت,,مضبوط، متارو، بهادر، سخت
straight,سڌوسنئون راست سچو، منصف، درست,,سڌوسنئون راست سچو، منصف، درست
straightforward,سڌو، مستحڪم، ايماندار، عادل,,سڌو، مستحڪم، ايماندار، عادل
strait,تنگ، مشڪل، سوڙهو، سخت، ڳچي سمنڊ,,تنگ، مشڪل، سوڙهو، سخت، ڳچي سمنڊ
strand,ڪنارو، ساحل، رسيءَ جو سر,,ڪنارو، ساحل، رسيءَ جو سر
strange,ڌاريو، غير، خلاف دستور، عجيب,,ڌاريو، غير، خلاف دستور، عجيب
stranger,اجنبي، ڌاريو، غيرملڪ جو ماڻهو,,اجنبي، ڌاريو، غيرملڪ جو ماڻهو
strategic,ترڪيب ڪاري,,ترڪيب ڪاري
strategy,جنگي فن، علم جنگ,,جنگي فن، علم جنگ
straw,ڪک، بوسو، خسيس چيز,,ڪک، بوسو، خسيس چيز
strawberry,هڪ قسم جو انگريزي ميوو,,هڪ قسم جو انگريزي ميوو
stream,نهر، ندي، چشمو,,نهر، ندي، چشمو
street,گهٽي، گلي، رستو، سڙڪ,,گهٽي، گلي، رستو، سڙڪ
strength,طاقت، سگهه، زور، مضبوطي، توانائي,,طاقت، سگهه، زور، مضبوطي، توانائي
stress,دباءُ، زور، ٻوجهه، تاڪيد، ڇڪ,,دباءُ، زور، ٻوجهه، تاڪيد، ڇڪ
stretch,وسعت، ڇڪ، پکيڙڻ، پکيڙ، ڦھلاءُ، وڌاءُ، وڌائڻ، ڇڪڻ,,وسعت، ڇڪ، پکيڙڻ، پکيڙ، ڦھلاءُ، وڌاءُ، وڌائڻ، ڇڪڻ
strict,سخت، چست، تنگ، پابند، پورو، سچو,,سخت، چست، تنگ، پابند، پورو، سچو
strictly,سختيءَ سان,,سختيءَ سان
strike,هڙتال,,هڙتال
striking,عجيب، اثرائتو,,عجيب، اثرائتو
string,رسي، ڏوري، ڏور، تند، تاندورو، تندو، ڌاڳو,,رسي، ڏوري، ڏور، تند، تاندورو، تندو، ڌاڳو
stringent,سخت، تاڪيدي، ضروري,,سخت، تاڪيدي، ضروري
striped,پٽاپٽي، ليڪن وارو,,پٽاپٽي، ليڪن وارو
stroke,چوٽ، ضرب، صدمو، ٺڪاءُ، ڌڪ، ليڪو,,چوٽ، ضرب، صدمو، ٺڪاءُ، ڌڪ، ليڪو
strong,مضبوط، ڏاڍو، پڪو، زوردار، مؤثر، اثرائتو,,مضبوط، ڏاڍو، پڪو، زوردار، مؤثر، اثرائتو
structural,بناوتي، اڏاوتي، بناوت، متعلق، جوڙجڪي، ساختي، ترڪيبي,,بناوتي، اڏاوتي، بناوت، متعلق، جوڙجڪي، ساختي، ترڪيبي
structure,ڊول، گهڙت، بناوت، عمارت,,ڊول، گهڙت، بناوت، عمارت
stud,ٿرڻي، ٻيڙي (خميس جي) وڏي مٿي سان ميخ، گل ميخ,,ٿرڻي، ٻيڙي (خميس جي) وڏي مٿي سان ميخ، گل ميخ
student,طالب علم، شاگرد، ختابي,,طالب علم، شاگرد، ختابي
studied,اڳ ئي سوچيل,,اڳ ئي سوچيل
studio,مصور يا نقاش جو دڪان,,مصور يا نقاش جو دڪان
study,سوچ ويچار، مشاھدو، جائزو، فڪر، مطالعو، اڀياس,,سوچ ويچار، مشاھدو، جائزو، فڪر، مطالعو، اڀياس
stuff,خام جنس، مال، جنس، اسباب، سامان، وٿ، وکر,,خام جنس، مال، جنس، اسباب، سامان، وٿ، وکر
stunt,وڌڻ نه ڏيڻ,,وڌڻ نه ڏيڻ
stupid,بيوقوف، ڪند فهم,,بيوقوف، ڪند فهم
sturdy,مضبوط، زور آور، ڏٽو مٽو,,مضبوط، زور آور، ڏٽو مٽو
style,نمونو، ڊول، صورت، شڪل، خطاب، وضع,,نمونو، ڊول، صورت، شڪل، خطاب، وضع
stylesheet,رنگين ڪاغذ,,رنگين ڪاغذ
stylish,ڏيکدار، ٺاهوڪو، وضع دار,,ڏيکدار، ٺاهوڪو، وضع دار
sub,ننڍو، زيردست، زير، ھيٺ، گھٽ ، نيم، تحت,,ننڍو، زيردست، زير، ھيٺ، گھٽ ، نيم، تحت
subdivision,ضلعي جو ڀاڱو,,ضلعي جو ڀاڱو
subject,تابع، زيرحڪم، رعيت، مضمون، فاعل,,تابع، زيرحڪم، رعيت، مضمون، فاعل
subjective,فاعلي,,فاعلي
sublime,بلند، عالي، اوچو، وڏو، ممتاز، عمدو,,بلند، عالي، اوچو، وڏو، ممتاز، عمدو
submarine,ٽوٻو جهاز، سمنڊ هيٺ,,ٽوٻو جهاز، سمنڊ هيٺ
submission,اطاعت، تابعداري، فرمانبرداري,,اطاعت، تابعداري، فرمانبرداري
subordinate,زيردست، تابع,,زيردست، تابع
subscriber,چندو ڀريندڙ، صحيح ڪندڙ,,چندو ڀريندڙ، صحيح ڪندڙ
subscription,چندو,,چندو
subsequent,پويون,,پويون
subsequently,پوءِ، مابعد,,پوءِ، مابعد
subsidiary,مددگار,,مددگار
subsidy,پيسن جي مدد,,پيسن جي مدد
substance,تت، سار، مال، مطلب,,تت، سار، مال، مطلب
substantial,نهرو، مايدار، وٽ وارو، پڪو,,نهرو، مايدار، وٽ وارو، پڪو
substantive,اسم، نالو، پڪو,noun,اسم، نالو، پڪو
substitute,عيوضي، بدلي، عيوض، بدر,,عيوضي، بدلي، عيوض، بدر
substitution,عيوض، بدلو,,عيوض، بدلو
substrate,خوارڪ، غذا، کاڄ، نباتي گودو، خوراڪي مادو,,خوارڪ، غذا، کاڄ، نباتي گودو، خوراڪي مادو
subtitle,ھيٺيون عنوان، ننڍو عنوان، پيٽي عنوان,,ھيٺيون عنوان، ننڍو عنوان، پيٽي عنوان
subtle,عيار، مڪار، دغاباز، چالاڪ، تيزفهم، حرفتي,,عيار، مڪار، دغاباز، چالاڪ، تيزفهم، حرفتي
suburb,پسگردائي، دامن شهر,,پسگردائي، دامن شهر
suburban,پسگردائيءَ جو، شهر جي آس پاس جو,,پسگردائيءَ جو، شهر جي آس پاس جو
subversion,بربادي، بگاڙو، پائمالي، ستياناس,,بربادي، بگاڙو، پائمالي، ستياناس
succeeding,پيڙھي، ايندڙ نسل، پشت,,پيڙھي، ايندڙ نسل، پشت
success,ڪاميابي، فتحمندي، سوڀ,,ڪاميابي، فتحمندي، سوڀ
succession,متواتر، قطار، نسل، جانشيني، حق وارثت,,متواتر، قطار، نسل، جانشيني، حق وارثت
successive,متواتر، لڳاتار، هڪ ٻي پٺيان,,متواتر، لڳاتار، هڪ ٻي پٺيان
successor,قائم مقام، وارث، جاءِ نشين,,قائم مقام، وارث، جاءِ نشين
such,اهڙيءَ طرح جو، اهڙو، ههڙو,,اهڙيءَ طرح جو، اهڙو، ههڙو
suction,ڌائڻ، چوسڻ جو عمل,,ڌائڻ، چوسڻ جو عمل
sudden,اچانڪ، اوچتو، ناگهاني، يڪايڪ,,اچانڪ، اوچتو، ناگهاني، يڪايڪ
suddenly,يڪايڪ، ناگهاني، اوچتو,,يڪايڪ، ناگهاني، اوچتو
sufficient,ڪافي، پورو، بس، بقدر لياقت، لائق، قابل,,ڪافي، پورو، بس، بقدر لياقت، لائق، قابل
sufficiently,از بس، بقدر ضرورت,,از بس، بقدر ضرورت
suffix,پٺيان گڏيل اکر، علامت,,پٺيان گڏيل اکر، علامت
sugar,کنڊ، شڪر، چيني,,کنڊ، شڪر، چيني
suggestion,ڏس، اشارو، مشورو، صلاح، چتاءُ,,ڏس، اشارو، مشورو، صلاح، چتاءُ
suicide,خودڪشي، آپگهات,,خودڪشي، آپگهات
suit,دعويٰ، فرياد، مقدمو، استدعا، وڳو,,دعويٰ، فرياد، مقدمو، استدعا، وڳو
suite,عملو، ترتيب، ڪمرا,,عملو، ترتيب، ڪمرا
sulphur,پيلي معدنيات ، گندرف، گندھڪ,,پيلي معدنيات ، گندرف، گندھڪ
summary,سرسري، خلاصو، مختصر، تات پرج، لبلباب، اختصار,,سرسري، خلاصو، مختصر، تات پرج، لبلباب، اختصار
summer,اونهارو، گرميءَ جي مند,,اونهارو، گرميءَ جي مند
summit,چوٽيءَ سرو، اوج، بلند,,چوٽيءَ سرو، اوج، بلند
sun,سج، سورج، آفتاب، شمس، اُس ۾ رکڻ,,سج، سورج، آفتاب، شمس، اُس ۾ رکڻ
sunday,آچر جو ڏينهن,,آچر جو ڏينهن
sunflower,سورج مکي گل,,سورج مکي گل
sunny,روشن، اُس وارو، گرم,,روشن، اُس وارو، گرم
sunrise,طلوع آفتاب، سج جو اڀرڻ,,طلوع آفتاب، سج جو اڀرڻ
sunset,غروب آفتاب، سج جو لهڻ,,غروب آفتاب، سج جو لهڻ
sunshine,اُس، ڌوپ,,اُس، ڌوپ
superannuation,ٻڍاپو، ٻيري، ڪراڙپ,,ٻڍاپو، ٻيري، ڪراڙپ
superb,عظيم، عمدو، شانائتو، اوچو,,عظيم، عمدو، شانائتو، اوچو
superficial,مٿاڇرو، بيروني، ٻاهران، خام,,مٿاڇرو، بيروني، ٻاهران، خام
superintendent,نگهبان، منتظم,,نگهبان، منتظم
superior,اعليٰ، بزرگ تر، بهتر، بالادست، بزرگ، وڏو,,اعليٰ، بزرگ تر، بهتر، بالادست، بزرگ، وڏو
supernatural,عجيب، اعجازي، خدائي,,عجيب، اعجازي، خدائي
supervision,نگراني، سنڀال، انتظام,,نگراني، سنڀال، انتظام
supervisor,نگران، ناظر، مهتم,,نگران، ناظر، مهتم
supper,رات جي ماني,,رات جي ماني
supplement,ضميمو، تتِمو,,ضميمو، تتِمو
supplementary,وڌيڪ، زائد، الحافي، ترميمي,,وڌيڪ، زائد، الحافي، ترميمي
supply,رسد، پھچ,,رسد، پھچ
support,پٺڀرائي- حمايت- مدد- تائيد,,پٺڀرائي- حمايت- مدد- تائيد
supporter,حامي- ساٿ ڏيندڙ- پٺ ڀرائي ڪندڙ,,حامي- ساٿ ڏيندڙ- پٺ ڀرائي ڪندڙ
supporting,تائيدي- حمايت ۾- معاون,,تائيدي- حمايت ۾- معاون
supposed,خيالي- فرضي- فرض ڪيل- مفروضو,,خيالي- فرضي- فرض ڪيل- مفروضو
suppressed,دٻيل-چيڀا ٽيل- روڪيل- لِڪل,,دٻيل-چيڀا ٽيل- روڪيل- لِڪل
suppression,دٻاءُ-زور- چيڀاٽڻ جي حالت- لڪائڻ,,دٻاءُ-زور- چيڀاٽڻ جي حالت- لڪائڻ
supra,مٿيون-کان اڳي- کانسواءِ,,مٿيون-کان اڳي- کانسواءِ
supreme,وڏو- مکيه- اعليٰ- بالادست-عھدي ۾ مٿانھون,,وڏو- مکيه- اعليٰ- بالادست-عھدي ۾ مٿانھون
surcharge,وڌيڪ رقم وٺڻ- اضافي محصول,,وڌيڪ رقم وٺڻ- اضافي محصول
sure,پڪ، يقين، قائم، سچو، مضبوط، ٺيڪ,,پڪ، يقين، قائم، سچو، مضبوط، ٺيڪ
surely,بي شڪ، يقيناً,,بي شڪ، يقيناً
surf,لهرن جي لڳڻ ڪري سمنڊ ۾ جيڪا گجي پيدا ٿيندي آهي,,لهرن جي لڳڻ ڪري سمنڊ ۾ جيڪا گجي پيدا ٿيندي آهي
surface,سطح- مٿاڇرو,,سطح- مٿاڇرو
surge,لهر، موج,,لهر، موج
surgeon,سرجن- جراح- حڪيم,,سرجن- جراح- حڪيم
surgery,جراحي- وڍ ٽُڪ,,جراحي- وڍ ٽُڪ
surgical,جراحي متعلق,,جراحي متعلق
surname,آڪهه جو يا خانداني نالو- ذات- لقب,,آڪهه جو يا خانداني نالو- ذات- لقب
surplus,واڌو- اضافي- فالتو,,واڌو- اضافي- فالتو
surprise,اوچتو- اچرج ۾ وجھڻ-حيرت- تعجب,,اوچتو- اچرج ۾ وجھڻ-حيرت- تعجب
surprising,حيرت انگيز، عجيب، نادر,,حيرت انگيز، عجيب، نادر
surrender,هٿيار ڦٽا ڪرڻ- حوالي ڪرڻ- پيش ڪرڻ,,هٿيار ڦٽا ڪرڻ- حوالي ڪرڻ- پيش ڪرڻ
surrounding,قرب و جوار، اوسو پاسو، گهيرو,,قرب و جوار، اوسو پاسو، گهيرو
surveillance,نگراني,,نگراني
survey,ماپ- جائزو- انگ اکر گڏ ڪرڻ,,ماپ- جائزو- انگ اکر گڏ ڪرڻ
surveyor,ماپ ڪندڙ، پيماش ڪندڙ، سروير (پيماش),,ماپ ڪندڙ، پيماش ڪندڙ، سروير (پيماش)
survival,پس ماندگي، باقي بچڻ، ڪنهن واقع يا شخص کان پوءِ,,پس ماندگي، باقي بچڻ، ڪنهن واقع يا شخص کان پوءِ
survivor,پسپامنده، جو ڪنهن بعد زنده رهي,,پسپامنده، جو ڪنهن بعد زنده رهي
susceptibility,قابليت احساس، جوش دل، اثر پذيري,,قابليت احساس، جوش دل، اثر پذيري
susceptible,متحمل، اثر، پذير,,متحمل، اثر، پذير
suspense,تذبذب، پس و پيش، توقف، دير، شڪ، شبو,,تذبذب، پس و پيش، توقف، دير، شڪ، شبو
suspension,لڙڪڻ، معطلي، ڪجهه ڏينهن لاءِ التوا، مهملي، موقوفي، مهملي,,لڙڪڻ، معطلي، ڪجهه ڏينهن لاءِ التوا، مهملي، موقوفي، مهملي
suspicion,بدگماني، شڪ شبو، بي اعتباري,,بدگماني، شڪ شبو، بي اعتباري
suspicious,شڪي، بدگمان، وهمي، بدظن,,شڪي، بدگمان، وهمي، بدظن
sustain,قائم رکڻ، پرورش ڪرڻ، پالڻ، سهڻ، برداشت ڪرڻ، روڪڻ,,قائم رکڻ، پرورش ڪرڻ، پالڻ، سهڻ، برداشت ڪرڻ، روڪڻ
swallow,ابابيل پکي,,ابابيل پکي
swan,بدڪ، راج هنس، هڪ قسم جو پکي,,بدڪ، راج هنس، هڪ قسم جو پکي
swap,مٽاسٽا,,مٽاسٽا
sweater,هڪ اوني گنجي، سئيٽر,,هڪ اوني گنجي، سئيٽر
sweet,مٺو، شيرين، خوشگوار، تازو، حليم، وڻندڙ,,مٺو، شيرين، خوشگوار، تازو، حليم، وڻندڙ
sweets,مٺائي,,مٺائي
swelling,سوڄ، واڌ، ٿوٿر، سوزش,,سوڄ، واڌ، ٿوٿر، سوزش
swift,تيز، تکو,,تيز، تکو
swimming,ترڻ، چڪر، ڦيري، گهمري,,ترڻ، چڪر، ڦيري، گهمري
swiss,سوئزرلينڊ ملڪ جو رهندڙ,,سوئزرلينڊ ملڪ جو رهندڙ
swivel,ڪنڊو، ڪڙو,,ڪنڊو، ڪڙو
sword,ترار، تلوار,,ترار، تلوار
syllabus,خلاصو، انتخاب، تات پرج,,خلاصو، انتخاب، تات پرج
symbol,نشان، علامت,,نشان، علامت
symbolic,صورت نما، نشاني طور,,صورت نما، نشاني طور
symmetry,ڊولائي، سڊولي، تناسب، خوش اندازي,,ڊولائي، سڊولي، تناسب، خوش اندازي
sympathetic,غمخوار، همدرد,,غمخوار، همدرد
sympathy,همدردي، دردمندي، رحم، ترس,,همدردي، دردمندي، رحم، ترس
symphony,همسازي، خوش آهنگي، سر جو ميلاپ,,همسازي، خوش آهنگي، سر جو ميلاپ
symposium,مذاڪري جي ويھڪ,,مذاڪري جي ويھڪ
symptom,نيشاني، علامت، اثار، مرض، آثار,,نيشاني، علامت، اثار، مرض، آثار
syn,ساڻ، گڏ، باھم,,ساڻ، گڏ، باھم
synchronization,هم ٿيڻ/ هجڻ، هم / عصري، وقت ملائڻ,,هم ٿيڻ/ هجڻ، هم / عصري، وقت ملائڻ
syndicate,مجلس، جماعت، مجمع، منتظمان,,مجلس، جماعت، مجمع، منتظمان
syndrome,بيمارين جو مجموعو، ڳوڙھو، ڪنهن هڪ بيماري ۾ گڏيل علامتون,,بيمارين جو مجموعو، ڳوڙھو، ڪنهن هڪ بيماري ۾ گڏيل علامتون
synergy,ھم عملي,,ھم عملي
synonym,هم معنيٰ لفظ,,هم معنيٰ لفظ
synopsis,خلاصو، تات پرج,,خلاصو، تات پرج
syntax,ترڪيب ڪلام قاعده، علم نحو، گرامر جو قاعدو,,ترڪيب ڪلام قاعده، علم نحو، گرامر جو قاعدو
synthesis,آميزش، ملاوت، ترڪيب,,آميزش، ملاوت، ترڪيب
synthetic,مصنوعي،ترڪيبي، ھٿرادو، ٺاھيل، مرڪبي، ملاوٽي,,مصنوعي،ترڪيبي، ھٿرادو، ٺاھيل، مرڪبي، ملاوٽي
syrup,شربت,,شربت
system,ريت، طريقو، دستور، ترتيب، قاعدو، سرشتو,,ريت، طريقو، دستور، ترتيب، قاعدو، سرشتو
systematic,باترتيب، ريتائتو، سرشتيتوار,,باترتيب، ريتائتو، سرشتيتوار
systematically,باقاعده، ترتيب وار، سرشتي موجب,,باقاعده، ترتيب وار، سرشتي موجب
systemic,جسماني نظام، بدني ، جسمي,,جسماني نظام، بدني ، جسمي
t,انگريزي الفابيٽ جو ويهون اکر,,انگريزي الفابيٽ جو ويهون اکر
tab,ڪابه ننڍي چيز ٻي وڏيءَ سان ڳنڍيل، بوٽ جي ڌاڳي جي چهنب، فولڊر کان ٻاهر نڪتل ٽڪرو,,ڪابه ننڍي چيز ٻي وڏيءَ سان ڳنڍيل، بوٽ جي ڌاڳي جي چهنب، فولڊر کان ٻاهر نڪتل ٽڪرو
table,ميز، کاڌو، فهرست، تختو، نقشو، جدول,,ميز، کاڌو، فهرست، تختو، نقشو، جدول
tablet,تختي، پٽي، گوري، ٽڪي,,تختي، پٽي، گوري، ٽڪي
tableware,کاڌي جي ميز لاءِ پليٽون، چمچا، ڪپ، ڪانٽا وغيره,,کاڌي جي ميز لاءِ پليٽون، چمچا، ڪپ، ڪانٽا وغيره
taboo,مذهبي ممانعت، بندش، جهل,,مذهبي ممانعت، بندش، جهل
tactical,جنگي فن بابت,,جنگي فن بابت
tactics,جنگي فن، حڪمت عملي,,جنگي فن، حڪمت عملي
tag,ڌاتوءَ جي ڪنڍي جيڪا نوڙي جي منهن ۾ لڳل هجي,,ڌاتوءَ جي ڪنڍي جيڪا نوڙي جي منهن ۾ لڳل هجي
tail,پڇ، پڇاڙي، پويون حصو,,پڇ، پڇاڙي، پويون حصو
tailor,درزي,,درزي
taj,تاج، ڇٽ,,تاج، ڇٽ
tale,داستان، حڪايت، قصو، آکاڻي، ڳالهه,,داستان، حڪايت، قصو، آکاڻي، ڳالهه
talent,لياقت، قابليت، هوشياري، وزن,,لياقت، قابليت، هوشياري، وزن
talented,قابل، هوشيار,,قابل، هوشيار
talking,ڳالهائيندڙ,,ڳالهائيندڙ
tall,ڊگهو، دراز قد، اوچو، لنبو، بلند، قداور,,ڊگهو، دراز قد، اوچو، لنبو، بلند، قداور
tamil,ڏکڻ هندستان جي هڪ ٻولي، تامل,,ڏکڻ هندستان جي هڪ ٻولي، تامل
tan,ڇوڏو,,ڇوڏو
tang,مشيني ھٿئي جي چھنب,,مشيني ھٿئي جي چھنب
tangible,هٿ لائڻ جهڙو- ڇهڻ جهڙو- واضح- مادي- محسوساتي,,هٿ لائڻ جهڙو- ڇهڻ جهڙو- واضح- مادي- محسوساتي
tank,حوض، ٽانڪي، تلاءُ,,حوض، ٽانڪي، تلاءُ
tanner,چمار، رنگ ڏيندڙ,,چمار، رنگ ڏيندڙ
tape,پٽي، فيٿ,,پٽي، فيٿ
tapestry,هڪ قيمتي نفيس پردو، ڀرت جو ڪم,,هڪ قيمتي نفيس پردو، ڀرت جو ڪم
tar,ڏامر,,ڏامر
target,ڍال، سپر، چاند ماري، نشانو، هدف,,ڍال، سپر، چاند ماري، نشانو، هدف
tariff,مال تي محصول جو نرخ نامو، محصول جي اگهوتري,,مال تي محصول جو نرخ نامو، محصول جي اگهوتري
task,سبق، ذمي جو ڪم,,سبق، ذمي جو ڪم
taste,ذائقو يا سواد وٺڻ، ذائقو، پسند، شوق، سواد، لذت,,ذائقو يا سواد وٺڻ، ذائقو، پسند، شوق، سواد، لذت
tasty,مزيدار، سوادي، لذيذ، خوش ذائقه,,مزيدار، سوادي، لذيذ، خوش ذائقه
tattoo,بگل يا نغاري جو آواز,,بگل يا نغاري جو آواز
taurus,برج ثور، برک راس,,برج ثور، برک راس
tavern,مي خانو، گتو، شراب خانو,,مي خانو، گتو، شراب خانو
tax,خراج، محصول، ڍل، (محصول وجهڻ),,خراج، محصول، ڍل، (محصول وجهڻ)
taxable,محصول پذير,,محصول پذير
taxation,محصول بندي,,محصول بندي
taxi,ڀاڙي جي موٽرگاڏي,,ڀاڙي جي موٽرگاڏي
taxpayer,محصول ڏيندڙ,,محصول ڏيندڙ
tea,چانهه يا چانهه جون پتيون,,چانهه يا چانهه جون پتيون
teacher,استاد، معلم، پاڙهيندڙ,,استاد، معلم، پاڙهيندڙ
teaching,تعليم، سکيا,,تعليم، سکيا
teak,ساڳ جي ڪاٺي,,ساڳ جي ڪاٺي
teal,مرغابي، هڪ قسم جو پکي,,مرغابي، هڪ قسم جو پکي
team,منڊلي، جماعت، ٻاري، ڍڳن جي جوٽيل جوڙي,,منڊلي، جماعت، ٻاري، ڍڳن جي جوٽيل جوڙي
tear,ڳوڙهو، آنسو، لڙڪ,,ڳوڙهو، آنسو، لڙڪ
technical,ڪنهن فن يا هنر متعلق، هنري، فني,,ڪنهن فن يا هنر متعلق، هنري، فني
technician,ڪاريگر، مستري، فني ماھر,,ڪاريگر، مستري، فني ماھر
technics,علم ھنر ۽ ڪاريگري ، علم فن,,علم ھنر ۽ ڪاريگري ، علم فن
technique,هنر، فن، ڪاريگري,,هنر، فن، ڪاريگري
technological,ھنري، حرفي,,ھنري، حرفي
technology,فن ۽ هنرن جو ڪتاب,,فن ۽ هنرن جو ڪتاب
teens,11 کان 19 ورهين جي عمر جو,,11 کان 19 ورهين جي عمر جو
teeth,ڏند ، ھوڙون، ڏاٺون,,ڏند ، ھوڙون، ڏاٺون
tele,ڏور، گھڻو پري,,ڏور، گھڻو پري
telecommunication,ڪئبل، ٽيليگراف، ٽيليفون، جوال، ريڊئي ۽ ٽي وي جي رابطي ڪاري,,ڪئبل، ٽيليگراف، ٽيليفون، جوال، ريڊئي ۽ ٽي وي جي رابطي ڪاري
telegraph,تار، تار برقي,,تار، تار برقي
telephone,دور ٻڌڻ جو اوزار، ٽيليفون,,دور ٻڌڻ جو اوزار، ٽيليفون
telescope,دوربيني,,دوربيني
teller,بيان ڪندڙ، بينڪ جو آفيسر جو چيڪ جا پيسا ادا ڪندو آهي,,بيان ڪندڙ، بينڪ جو آفيسر جو چيڪ جا پيسا ادا ڪندو آهي
telling,اثرائتو، ڪارگر,,اثرائتو، ڪارگر
temper,مزاج، طبيعت، خصلت (مزاج نرم ڪرڻ),,مزاج، طبيعت، خصلت (مزاج نرم ڪرڻ)
temperature,گرمي ۽ سرديءَ جي ڪيفيت,,گرمي ۽ سرديءَ جي ڪيفيت
temple,مندر، ٽڪاڻو، شوالو,,مندر، ٽڪاڻو، شوالو
tempo,چال، رفتار,,چال، رفتار
temporal,دنيوي، فاني، عارضي,,دنيوي، فاني، عارضي
temporary,عارضي، ٿوري وقت لاءِ,,عارضي، ٿوري وقت لاءِ
temptation,لالچ، ترغيب,,لالچ، ترغيب
ten,ڏهه,,ڏهه
tenacious,مضبوط، مستحڪم، سرڪش، چهٽي پوندڙ,,مضبوط، مستحڪم، سرڪش، چهٽي پوندڙ
tenant,مسواڙي، ڪرايدار، ڪڙمي,,مسواڙي، ڪرايدار، ڪڙمي
tendency,رغبت، ميل، رخ، جهڪائڻ,,رغبت، ميل، رخ، جهڪائڻ
tender,تازو، ڪچڙو، نازڪ، ملائم، ضعيف، نرم، ڏکڻو,,تازو، ڪچڙو، نازڪ، ملائم، ضعيف، نرم، ڏکڻو
tennis,کينهوءَ جي هڪ راند، ٽينس راند,,کينهوءَ جي هڪ راند، ٽينس راند
tenor,روش، طريقو، معمول,,روش، طريقو، معمول
tense,فعل جو زمان (n)، ڇڪيل، سوٽ، تاڻيل,verb,فعل جو زمان (n)، ڇڪيل، سوٽ، تاڻيل
tension,ڇڪتاڻ، زوري، ناسازي,,ڇڪتاڻ، زوري، ناسازي
tent,تنبو، خيمو,,تنبو، خيمو
tentative,امتحاناً، بطور آزمائش، ڪچو,,امتحاناً، بطور آزمائش، ڪچو
tenth,ڏهرن,,ڏهرن
tenure,دخل، قبضو، ملڪيت، نوعيت، مدو,,دخل، قبضو، ملڪيت، نوعيت، مدو
term,حد، مدت، عرصو، مدو، نالو، اصطلاح,,حد، مدت، عرصو، مدو، نالو، اصطلاح
terminal,شش ماهي، انتهائي، حد جو، آخرين,,شش ماهي، انتهائي، حد جو، آخرين
terminology,محاورو، اصطلاح,,محاورو، اصطلاح
terms,شرط شروط,,شرط شروط
terrace,چبوترو، بالاخانو، ٿلهو,,چبوترو، بالاخانو، ٿلهو
terrestrial,خاڪي، دنيوي,,خاڪي، دنيوي
terrible,هولناڪ، خوفناڪ، مهيب، ڀيانڪ,,هولناڪ، خوفناڪ، مهيب، ڀيانڪ
territorial,ملڪي، ارضي، ملڪ جو,,ملڪي، ارضي، ملڪ جو
territory,ملڪيت، ملڪ، قبضو، علائقو، عملداري,,ملڪيت، ملڪ، قبضو، علائقو، عملداري
terror,خوف، دهشت، ڀو، هراس,,خوف، دهشت، ڀو، هراس
terrorism,دهشت جي حالت,,دهشت جي حالت
tertiary,سوم، ٽئين درجي يا زماني جو,,سوم، ٽئين درجي يا زماني جو
test,آزمائڻ، پرکڻ (v) آزمائش، پرک، امتحان (n),,آزمائڻ، پرکڻ (v) آزمائش، پرک، امتحان (n)
testament,وصيت نامو، انجيل پاڪ جو هڪ حصو,,وصيت نامو، انجيل پاڪ جو هڪ حصو
testimony,شهادت، گواهي، تصديق,,شهادت، گواهي، تصديق
text,اصل مضمون، اصل نسخو,,اصل مضمون، اصل نسخو
textbook,درسي ڪتاب,,درسي ڪتاب
textile,اُڻڻ لائق، اُڻيل ڪپڙو,,اُڻڻ لائق، اُڻيل ڪپڙو
textual,موادي، متن بابت,,موادي، متن بابت
texture,بناوت، اُڻت، ساخت، اوڃ,,بناوت، اُڻت، ساخت، اوڃ
than,بنسبت، کان,,بنسبت، کان
thankful,شڪرگذار,,شڪرگذار
thanks,مهرباني، احسان,,مهرباني، احسان
that,هو، اهو، جو، ته، جيڪو، اهڙو، جوڪ,,هو، اهو، جو، ته، جيڪو، اهڙو، جوڪ
the,حرف تنڪير، اهو، اهوئي، اڳ، ذڪر ڪيل,,حرف تنڪير، اهو، اهوئي، اڳ، ذڪر ڪيل
theatre,ناٽڪ، تماشي گاهه، ناچ گهر، کيل گهر,,ناٽڪ، تماشي گاهه، ناچ گهر، کيل گهر
thee,توکي,,توکي
theft,چوري,,چوري
their,هنن جو,,هنن جو
theirs,انهن جو,,انهن جو
them,هنن کي، کين,,هنن کي، کين
thematic,موضوعاتي,,موضوعاتي
theme,مدعا، منشا، مضمون,,مدعا، منشا، مضمون
themselves,هو پاڻ,,هو پاڻ
then,ته، تڏهين، پوءِ، تنهن کان پوءِ,,ته، تڏهين، پوءِ، تنهن کان پوءِ
thence,هتان,,هتان
theology,علم دينيات، علم معرفت,,علم دينيات، علم معرفت
theorem,دعويٰ، مسئلو، ثباتي شڪل,,دعويٰ، مسئلو، ثباتي شڪل
theoretical,متعلق، اصول، خيالي، قياسي، غيرمعمولي,,متعلق، اصول، خيالي، قياسي، غيرمعمولي
theory,اصول، قاعدو، مسئلو، قياس,,اصول، قاعدو، مسئلو، قياس
therapeutic,شفابخش,,شفابخش
therapist,طبيب ، معالج,,طبيب ، معالج
therapy,شفائي علاج، ورتاءُ، علاج، طريقي علاج,,شفائي علاج، ورتاءُ، علاج، طريقي علاج
there,هتي,,هتي
therefore,تنهنڪري,,تنهنڪري
thermal,حرارتي، تپشي، حراري، گرم، گرمي، گرمي لاڳو، حرارت بابت.,,حرارتي، تپشي، حراري، گرم، گرمي، گرمي لاڳو، حرارت بابت.
thermometer,گرمي ماپڻ جو اوزار,,گرمي ماپڻ جو اوزار
thesaurus,ٿيسارس، تفصيلي لغت,,ٿيسارس، تفصيلي لغت
these,هي، اهي,,هي، اهي
thesis,مضمون، ڳالهه,,مضمون، ڳالهه
they,هو، اهي,,هو، اهي
thick,ٿلهو، گهاٽو، ڳوڙهو، ڪثيف,,ٿلهو، گهاٽو، ڳوڙهو، ڪثيف
thickness,ٿولهه، ٿلهاڻ,,ٿولهه، ٿلهاڻ
thief,چور,,چور
thigh,ران، سٿر,,ران، سٿر
thin,سنهو، ڏٻرو، باريڪ، نازڪ، دٻلو، پتلو,,سنهو، ڏٻرو، باريڪ، نازڪ، دٻلو، پتلو
thing,شي، چيز,,شي، چيز
third,ٽيون,,ٽيون
thirteen,تيرهن,,تيرهن
thirty,ٽيهه,,ٽيهه
this,هيءُ، اهو، هيءَ، اها,,هيءُ، اهو، هيءَ، اها
thistle,ڪانڊيرو,,ڪانڊيرو
thong,چم جو پٽو، تنگ,,چم جو پٽو، تنگ
thorough,سراسر، تمام، ڪامل، ڀورو، پڪو,,سراسر، تمام، ڪامل، ڀورو، پڪو
thoroughly,سراسري، بلڪل، خوب,,سراسري، بلڪل، خوب
those,هو، آهي,,هو، آهي
thou,تون,,تون
though,اگرچ، يا غرض، توڻي، باوجوديڪ، جيتوڻيڪ,,اگرچ، يا غرض، توڻي، باوجوديڪ، جيتوڻيڪ
thought,اِدراڪ، فڪر، قوت خيال، سوچ,,اِدراڪ، فڪر، قوت خيال، سوچ
thousand,هزار,,هزار
thread,ڌاڳو، سٽ، سڳو، تار,,ڌاڳو، سٽ، سڳو، تار
three,ٽي (عدد),,ٽي (عدد)
threshold,دروازو، اندر گهڙڻ جي جاءِ، چانئٺ,,دروازو، اندر گهڙڻ جي جاءِ، چانئٺ
thrice,ٽهر، ٽي ڀيرا، ٽي دفعا,,ٽهر، ٽي ڀيرا، ٽي دفعا
thrill,سنسي پيدا ڪرڻ، ٿرٿلو وجهڻ (لرزش، ڏڪڻي، سنسي),,سنسي پيدا ڪرڻ، ٿرٿلو وجهڻ (لرزش، ڏڪڻي، سنسي)
throat,نڙي، گلو,,نڙي، گلو
throne,تخت شاهي، مسند، گدي,,تخت شاهي، مسند، گدي
through,سراسر، آرپار، ذريعي، وسيلي,,سراسر، آرپار، ذريعي، وسيلي
throughout,سرتا پاءُ، سراسر، سڄوئي، آخر تائين,,سرتا پاءُ، سراسر، سڄوئي، آخر تائين
throw,اُڇلڻ، ڦٽو ڪرڻ,,اُڇلڻ، ڦٽو ڪرڻ
thumb,آڱوٺو,,آڱوٺو
thursday,خميس جو ڏينهن,,خميس جو ڏينهن
thus,اهڙيءَ طرح، هن طرح، هيئن,,اهڙيءَ طرح، هن طرح، هيئن
thy,تنهنجو,,تنهنجو
thyroid,ڳچي وارو،ڳلي لاڳو،ورقي ڍال چھڙو، گھنڊي,,ڳچي وارو،ڳلي لاڳو،ورقي ڍال چھڙو، گھنڊي
tick,ٽڪ ٽڪ، اعتبار، اوڌر، چچڙ,,ٽڪ ٽڪ، اعتبار، اوڌر، چچڙ
ticket,ٽڪيٽ، پروانو، چٺي,,ٽڪيٽ، پروانو، چٺي
tidal,ويرن جي لهڻ ۽ چڙهڻ بابت,,ويرن جي لهڻ ۽ چڙهڻ بابت
tide,وير، وقت، موسم,,وير، وقت، موسم
tidy,صفا سٿرو، آرادم ده، پر سليقه,,صفا سٿرو، آرادم ده، پر سليقه
tier,صف، درجو، قطار، جبلن جي قطار,,صف، درجو، قطار، جبلن جي قطار
ties,ڳنڍ، ٻڌ,,ڳنڍ، ٻڌ
tiff,سرڪي، ردبدل، تڪرار,,سرڪي، ردبدل، تڪرار
tiger,چيتو، واگهه,,چيتو، واگهه
tight,جڪڙيل، مضبوط، سوگهو، سخت,,جڪڙيل، مضبوط، سوگهو، سخت
tile,نيسارو، فرش لاءِ سر، کپرو,,نيسارو، فرش لاءِ سر، کپرو
tilt,گاڏن ڍڪڻ لاءِ پال، نيزي بازي,,گاڏن ڍڪڻ لاءِ پال، نيزي بازي
timber,عمارتي ڪاٺ,,عمارتي ڪاٺ
time,وقت، ايام، موقعو، زمانو، مهلت,,وقت، ايام، موقعو، زمانو، مهلت
timely,بروقت، موقع تي، باموقع، ڪافي سوير، وقت سير,,بروقت، موقع تي، باموقع، ڪافي سوير، وقت سير
timetable,وقت جو خاڪو,,وقت جو خاڪو
timing,مقرر وقت,,مقرر وقت
tin,ٽين، ٽين جو دٻو، (قلعي ڪرڻ),,ٽين، ٽين جو دٻو، (قلعي ڪرڻ)
tiny,ننڍو، سنهو، ننڍو ذرو,,ننڍو، سنهو، ننڍو ذرو
tip,سرد، نوڪ، چوٽي، چهنب، پڇاڙي، خرچي,,سرد، نوڪ، چوٽي، چهنب، پڇاڙي، خرچي
tipping,پنن جي ڪنارن تي کؤنر يا لئي ھڻڻ,,پنن جي ڪنارن تي کؤنر يا لئي ھڻڻ
tired,ٿڪل، ڪڪ، عاجز، تنگ,,ٿڪل، ڪڪ، عاجز، تنگ
tissue,زربفت، بادلو، ڪيمخاب، رڳ، مغز، سلسلو,,زربفت، بادلو، ڪيمخاب، رڳ، مغز، سلسلو
titanic,تمام وڏو، پربت جيڏو,,تمام وڏو، پربت جيڏو
title,لقب، خطاب، سرنامو، حق، پيشاني، دعويٰ,,لقب، خطاب، سرنامو، حق، پيشاني، دعويٰ
to,کي، ڏانهن، جانب، تائين، وٽ,,کي، ڏانهن، جانب، تائين، وٽ
tobacco,تماڪ,,تماڪ
today,اڄ، امروز,,اڄ، امروز
toe,پير جي آڱر,,پير جي آڱر
together,همراز، گڏ، باهم، گڏوگڏ، گڏجي,,همراز، گڏ، باهم، گڏوگڏ، گڏجي
toilet,هار سينگار، سينگارميز,,هار سينگار، سينگارميز
token,علامت، نيشان، يادگار,,علامت، نيشان، يادگار
tolerance,قوت برداشت، تحمل، سهڻ شڪتي,,قوت برداشت، تحمل، سهڻ شڪتي
toll,محصول، گهنڊ جو آواز,,محصول، گهنڊ جو آواز
tomb,مقبرو، مزار، قبر,,مقبرو، مزار، قبر
tome,وڏو جلد، شاهي ڪتاب,,وڏو جلد، شاهي ڪتاب
ton,28 مڻن جو وزن، ٽن,,28 مڻن جو وزن، ٽن
tone,صدا، سر، آواز، لهجو,,صدا، سر، آواز، لهجو
tongue,ڄڀ، زبان، ٻولي، گفتار,,ڄڀ، زبان، ٻولي، گفتار
tonight,اڄ رات,,اڄ رات
too,به، بلڪل، زياده، علاوه ازين، بي حد,,به، بلڪل، زياده، علاوه ازين، بي حد
tool,اوزار,,اوزار
tools,اوزار,,اوزار
tooth,ڏند,,ڏند
top,ڇوٽي بلندي، بلند ترين درجو، لاٽئون,,ڇوٽي بلندي، بلند ترين درجو، لاٽئون
topaz,پکراج,,پکراج
topic,مضمون، مسئلو، ڳالهه، مدعا,,مضمون، مسئلو، ڳالهه، مدعا
topical,موجوده حالتن يا مقامي واقعات بابت,,موجوده حالتن يا مقامي واقعات بابت
torch,مشڪل، قنديل، ڏياٽي,,مشڪل، قنديل، ڏياٽي
tornado,طوفان، آنڌي، واچوڙو,,طوفان، آنڌي، واچوڙو
torrent,تيز ڌار، برساتي نئين، تکو وهڪرو,,تيز ڌار، برساتي نئين، تکو وهڪرو
tort,حق تلفي، نقصان,,حق تلفي، نقصان
torture,اذبيت، عذاب، تڪليف، پيڙا,,اذبيت، عذاب، تڪليف، پيڙا
total,جملو، مجموع، تمام، جمع، جوڙ,,جملو، مجموع، تمام، جمع، جوڙ
tough,سخت، مضبوط، چيڙهالو,,سخت، مضبوط، چيڙهالو
tour,گشت، دورو، سير، سياحت,,گشت، دورو، سير، سياحت
tourism,سياحت,,سياحت
tourist,سيلاني، سياح,,سيلاني، سياح
tournament,فن، سپاهگيري جي بازي، نيزي بازي، راندين جو مقابلو,,فن، سپاهگيري جي بازي، نيزي بازي، راندين جو مقابلو
tout,دلال,,دلال
toward,ڏانهن، طرف، جانب,,ڏانهن، طرف، جانب
towel,ٽوال,,ٽوال
tower,برج، مينار، منارو، ٺُل,,برج، مينار، منارو، ٺُل
town,شهر، قصبو,,شهر، قصبو
toxic,نقصانڪار دوا، زھر آلود، زھر، زھري، زھريلو,,نقصانڪار دوا، زھر آلود، زھر، زھري، زھريلو
toxicity,زھر جو اثر، زھريلي، زھرات، زھريت زھرگدلاڻ ، زھراتي اثر رکڻ .,,زھر جو اثر، زھريلي، زھرات، زھريت زھرگدلاڻ ، زھراتي اثر رکڻ .
toxicology,زهرات جو علم,,زهرات جو علم
toxins,زھريلا مادا، زھريلا مرڪب,,زھريلا مادا، زھريلا مرڪب
toy,رانديڪو، کيڏوڻو,,رانديڪو، کيڏوڻو
tracing,اُتارڻ، مٿان رکي ليڪڻ,,اُتارڻ، مٿان رکي ليڪڻ
track,پيرو، رستو، پيچرو، گس,,پيرو، رستو، پيچرو، گس
tract,علائقو، ملڪ، ديس، ضلعي، زمين ٽڪر، رسالو,,علائقو، ملڪ، ديس، ضلعي، زمين ٽڪر، رسالو
trade,واپار، تجارت، سوداگري، ڪاروبار، ڌنڌو,,واپار، تجارت، سوداگري، ڪاروبار، ڌنڌو
trademark,ڌنڌي جو نشان، ڇاپ، لڪ,,ڌنڌي جو نشان، ڇاپ، لڪ
trader,واپاري، سوداگر، وڻجار,,واپاري، سوداگر، وڻجار
trading,واپاري- تجارتي- واپار- تجارت,,واپاري- تجارتي- واپار- تجارت
tradition,قصو، حديث، روايت,,قصو، حديث، روايت
traditional,روايتي,,روايتي
traffic,آمد رفت (n) تجارت ڪرڻ (v),,آمد رفت (n) تجارت ڪرڻ (v)
tragedy,غمناڪ ۽ خوفناڪ واقعو,,غمناڪ ۽ خوفناڪ واقعو
tragic,غمناڪ، دکدائڪ,,غمناڪ، دکدائڪ
trail,تارو ليڪ، لوساٽ، دونھي جو نشان,,تارو ليڪ، لوساٽ، دونھي جو نشان
trained,سکيل، آزمودگار,,سکيل، آزمودگار
trainer,سيکاريندڙ,,سيکاريندڙ
training,سکيا، تعليم,,سکيا، تعليم
trait,وصف، نشان، اولاد، نسل، پيڙھي، خاصيت، پونير,,وصف، نشان، اولاد، نسل، پيڙھي، خاصيت، پونير
traits,خصوصيتون، لڪيرون، نشانان، علامتون، وصفون,,خصوصيتون، لڪيرون، نشانان، علامتون، وصفون
trance,بي هوشي، بيخودي,,بي هوشي، بيخودي
trans,گذر، آرپار,,گذر، آرپار
transaction,ڪاروبار، سودو، وهنوار، ڏيتي ليتي,,ڪاروبار، سودو، وهنوار، ڏيتي ليتي
transcend,چڙهڻ، بلند ٿيڻ، گوءِ کڻڻ، فوقيت وٺي وڃڻ,,چڙهڻ، بلند ٿيڻ، گوءِ کڻڻ، فوقيت وٺي وڃڻ
transcript,نقل,,نقل
transcription,نقل نويسي، نقل,,نقل نويسي، نقل
transfer,منتقل ڪرڻ، تبديل ڪرڻ، بدلي ڪرڻ (بدلي تبديل),,منتقل ڪرڻ، تبديل ڪرڻ، بدلي ڪرڻ (بدلي تبديل)
transferable,بدلائڻ جوڳو، بدلي جوڳو,,بدلائڻ جوڳو، بدلي جوڳو
transformation,روپ مٽائڻ، گھٽائڻ وڌائڻ,,روپ مٽائڻ، گھٽائڻ وڌائڻ
transient,جلدي گذرڻ وارو، ناپائدار، عارضي,,جلدي گذرڻ وارو، ناپائدار، عارضي
transit,گذر، روانگي، رستو,,گذر، روانگي، رستو
transition,روانگي، تبادلو، مٽاسٽا,,روانگي، تبادلو، مٽاسٽا
transitional,عبوري,,عبوري
translate,ترجمو ڪرڻ,,ترجمو ڪرڻ
translation,ترجمو، انتقال,,ترجمو، انتقال
translator,مترجم، ترجمان,,مترجم، ترجمان
transmission,روانگي,,روانگي
transmit,منتقل ، روانو، پھچائڻ,,منتقل ، روانو، پھچائڻ
transparency,شفافو,,شفافو
transparent,شفاف، صاف,,شفاف، صاف
transplant,هڪ جڳهه مان ڪڍي ٻي هنڌ پوکڻ، رنبڻ,,هڪ جڳهه مان ڪڍي ٻي هنڌ پوکڻ، رنبڻ
transport,باربرداري، روانگي، جلاوطن ڪرڻ، مال هڪ هنڌان ٻي هنڌ نيڻ,,باربرداري، روانگي، جلاوطن ڪرڻ، مال هڪ هنڌان ٻي هنڌ نيڻ
transportation,جلاوطني، ڪارو پاڻي، روانگي,,جلاوطني، ڪارو پاڻي، روانگي
transverse,ترڇو، آڏو,,ترڇو، آڏو
trash,معمولي چيز، ڪن ڪچرو,,معمولي چيز، ڪن ڪچرو
trauma,جراحت، زخم، صدمو,,جراحت، زخم، صدمو
traumatic,زخمي دوا، جراحتي دوا، زخم جي دوا، مرھم، ملم پٽي,,زخمي دوا، جراحتي دوا، زخم جي دوا، مرھم، ملم پٽي
traveller,مسافر,,مسافر
traverse,ترڇو، آڏو، آرپار، انڪار,,ترڇو، آڏو، آرپار، انڪار
tray,خوانچو، ٿالهه، طشتري,,خوانچو، ٿالهه، طشتري
tread,ڪچلڻ، لتاڙڻ، پير رکڻ,,ڪچلڻ، لتاڙڻ، پير رکڻ
treasure,خزانو، گنج، روڪڙ، وغيره,,خزانو، گنج، روڪڙ، وغيره
treasurer,خزانچي,,خزانچي
treasury,خزاني رکڻ جي جاءِ,,خزاني رکڻ جي جاءِ
treatment,سلوڪ، برتاءُ، هلت,,سلوڪ، برتاءُ، هلت
tree,وڻ، شجر، درخت,,وڻ، شجر، درخت
trek,گاڏو گهلڻ,,گاڏو گهلڻ
tremendous,هيبتناڪ، ڏڪائيندڙ، تمام وڏو، هولناڪ,,هيبتناڪ، ڏڪائيندڙ، تمام وڏو، هولناڪ
trench,خندق، کڏ کڻڻ، مورچو ٺاهڻ، خندق، کاهي، گڏ مورچو,,خندق، کڏ کڻڻ، مورچو ٺاهڻ، خندق، کاهي، گڏ مورچو
trend,لاڙو، رخ,,لاڙو، رخ
tri,ٽي، ٽيڻو، ٽي ڀيرا,,ٽي، ٽيڻو، ٽي ڀيرا
trial,امتحان، آزمائش، جانچ، پرک، مقدمو,,امتحان، آزمائش، جانچ، پرک، مقدمو
triangle,ٽڪنڊو,,ٽڪنڊو
tribe,فرقو، قوم، ذات، قوفو,,فرقو، قوم، ذات، قوفو
tribunal,محڪم عدالت، مسند انصاف,,محڪم عدالت، مسند انصاف
tribute,اخراج، نذر، ڏن,,اخراج، نذر، ڏن
trick,مڪر، فريب، حرفت، اٽڪل,,مڪر، فريب، حرفت، اٽڪل
tried,آزمايل، پرکيل، سچو، وفادار,,آزمايل، پرکيل، سچو، وفادار
trigger,بندوق جو گهوڙو,,بندوق جو گهوڙو
trilogy,ھڪ ئي موضوع وارا ٽي ناول، اوپيرا ۽ ناٽڪ,,ھڪ ئي موضوع وارا ٽي ناول، اوپيرا ۽ ناٽڪ
trim,ڪترڻ، ٺيڪ ڪرڻ، آراسته ڪرڻ، ٺاهوڪو,,ڪترڻ، ٺيڪ ڪرڻ، آراسته ڪرڻ، ٺاهوڪو
trimmed,سڌاريل، سنواريل، گھڙيل، سٺي ترتيب ڏنل,,سڌاريل، سنواريل، گھڙيل، سٺي ترتيب ڏنل
trinity,تثليث، تر مورتي,,تثليث، تر مورتي
trio,ٽن راڳن جو ميل، ٽن چئن جي ياري,,ٽن راڳن جو ميل، ٽن چئن جي ياري
trip,تفريح، سفر، مسافري,,تفريح، سفر، مسافري
triple,ٽيڻو,,ٽيڻو
tripod,ٽپائي,,ٽپائي
triumph,ڪاميابي، فتحيابي,,ڪاميابي، فتحيابي
trivial,ناچيز، خسيس، حضيف، هيچ، تج,,ناچيز، خسيس، حضيف، هيچ، تج
troll,گهمائڻ,,گهمائڻ
trolley,ٻھ يا چار ڦيٿي گاڌي، ٽرالي گاڏو,,ٻھ يا چار ڦيٿي گاڌي، ٽرالي گاڏو
troop,فوج، گروهه، ٽولي,,فوج، گروهه، ٽولي
trophy,فتح جي نيشاني,,فتح جي نيشاني
tropical,گرم ملڪن جو، گرم,,گرم ملڪن جو، گرم
trousers,پاجامو، سلوار، سٿڻ، پتلون,,پاجامو، سلوار، سٿڻ، پتلون
truck,لين دين ڪرڻ، (مال گاڏي، بار گاڏو),,لين دين ڪرڻ، (مال گاڏي، بار گاڏو)
true,سچو، سچار، ٺيڪ، بجا، راست، حقيقي,,سچو، سچار، ٺيڪ، بجا، راست، حقيقي
truly,سچي، ٺيڪ ٺيڪ، درحقيقت,,سچي، ٺيڪ ٺيڪ، درحقيقت
trump,رنگ جو پتو (جنهن جي ڪري کٽجي),,رنگ جو پتو (جنهن جي ڪري کٽجي)
trunk,وڻ جو ٿڙ، هاٿيءَ جي سونڍ، ڌڙ، لوهه جي پيتي,,وڻ جو ٿڙ، هاٿيءَ جي سونڍ، ڌڙ، لوهه جي پيتي
trust,وقف- اماني,,وقف- اماني
trustee,امانتدار، ذميدار,,امانتدار، ذميدار
truth,سچائي، ايمانداري، صداقت، راست بازي، سچ,,سچائي، ايمانداري، صداقت، راست بازي، سچ
trying,مشڪل، ڪٺن، ڏکيو,,مشڪل، ڪٺن، ڏکيو
tub,پيپ,,پيپ
tube,پيپ جي قسم جو هڪ برتن,,پيپ جي قسم جو هڪ برتن
tuberculosis,سلهه، ڦڦڙن جي بيماري,,سلهه، ڦڦڙن جي بيماري
tubular,نليءَ جهڙو، نلن لڳل,,نليءَ جهڙو، نلن لڳل
tuesday,اڱاري جو ڏينهن,,اڱاري جو ڏينهن
tulip,هڪ قسم جو گل، گل لاله,,هڪ قسم جو گل، گل لاله
tumble,اونڌي منهن ڪرڻ، قلابازي پائڻ,,اونڌي منهن ڪرڻ، قلابازي پائڻ
tumor,ڳنڍ، ڳوڙھي، سوڄ، رسولي,,ڳنڍ، ڳوڙھي، سوڄ، رسولي
tune,آواز، راڳ، سرور، خوش آهنگي، سَر,,آواز، راڳ، سرور، خوش آهنگي، سَر
tunnel,سرنگهه، زمين هيٺان رستو,,سرنگهه، زمين هيٺان رستو
turbine,چرخي يا نار جو قسم,,چرخي يا نار جو قسم
turbulence,سورش، فساد، هنگامو,,سورش، فساد، هنگامو
turf,سرسبز ميدان، لسائي، گاهه سان ميدان,,سرسبز ميدان، لسائي، گاهه سان ميدان
turkey,ترڪن جو ملڪ، ترڪي، هڪ قسم جو پکي، فيل مرغ,,ترڪن جو ملڪ، ترڪي، هڪ قسم جو پکي، فيل مرغ
turner,ڦيرائيندڙ، جنڊيءَ وارو,,ڦيرائيندڙ، جنڊيءَ وارو
turning,ور، ڦيرو، جنڊيءَ جو ڪم,,ور، ڦيرو، جنڊيءَ جو ڪم
turnover,واري واري سان (ڪرڻ),,واري واري سان (ڪرڻ)
turquoise,فيروزي رنگ,,فيروزي رنگ
turtle,ڪڇئون، ڪمي,,ڪڇئون، ڪمي
tutor,سرپرست، استاد، سيکاريندڙ، ولي,,سرپرست، استاد، سيکاريندڙ، ولي
tutorial,استاد جو,,استاد جو
twain,جوڙو، ٻه,,جوڙو، ٻه
tweed,هڪ قسم جو اوني ڪپڙو,,هڪ قسم جو اوني ڪپڙو
twelve,ٻارهن,,ٻارهن
twenty,ويهه,,ويهه
twice,ٻيهر، دوباره، ٻه مرتبا,,ٻيهر، دوباره، ٻه مرتبا
twilight,نماشام، منهن اونداهي، سج اڀرڻ کان اڳ يا لهڻ بعد، جهڪي روشني,,نماشام، منهن اونداهي، سج اڀرڻ کان اڳ يا لهڻ بعد، جهڪي روشني
twin,جاڙو، همزاد,,جاڙو، همزاد
twink,ٽمڪ، ٽمڪو، اک ڇنڀ,,ٽمڪ، ٽمڪو، اک ڇنڀ
twisted,مڙيل، موڙيل,,مڙيل، موڙيل
two,ٻه,,ٻه
tyne,ناس ٿي وڃڻ,,ناس ٿي وڃڻ
type,نيشان، نمونو، نرخ، قسم، ڇاپي جو اکر، ڇاپو,,نيشان، نمونو، نرخ، قسم، ڇاپي جو اکر، ڇاپو
typed,ٽائيپ ٿيل,,ٽائيپ ٿيل
typical,علامتي، خاص نموني جو,,علامتي، خاص نموني جو
typo,ڇپائي,,ڇپائي
tyr,جنگ جو ديوتا,,جنگ جو ديوتا
tyranny,ستم، ظلم، زبردستي، زور، جور ۽ جفا,,ستم، ظلم، زبردستي، زور، جور ۽ جفا
tyre,پوشاڪ، ويس، وڳو، پٽو، ڦيٿي جو رٻڙ,,پوشاڪ، ويس، وڳو، پٽو، ڦيٿي جو رٻڙ
u,انگريزي الفابيٽ جو ايڪيهون اکر,,انگريزي الفابيٽ جو ايڪيهون اکر
ubiquitous,هرهنڌ حاضر,,هرهنڌ حاضر
ugly,بدصورت، بدشڪل، بداخلاق، بڇڙو,,بدصورت، بدشڪل، بداخلاق، بڇڙو
ultimate,تمام پري، پڇاڙيءَ وارو، آخرين,,تمام پري، پڇاڙيءَ وارو، آخرين
ultimately,نيٺ، آخر، پڇاڙيءَ ۾,,نيٺ، آخر، پڇاڙيءَ ۾
ultra,تمام گهڻو، بي حد، پري، پرينءَ ڀر,,تمام گهڻو، بي حد، پري، پرينءَ ڀر
ultrasonic,گھڻ آوازي علم، علم زيادھ آواز,,گھڻ آوازي علم، علم زيادھ آواز
umbrella,ڇٽي، اُس ڇٽي,,ڇٽي، اُس ڇٽي
un,نه، نا، بي، اڻ، ري لا، غير,,نه، نا، بي، اڻ، ري لا، غير
unable,لاچار، ناقابل، عاجز، مجبور,,لاچار، ناقابل، عاجز، مجبور
unanimous,يڪ راءِ، بلا اختلاف، متفق راءِ,,يڪ راءِ، بلا اختلاف، متفق راءِ
unanimously,يڪ راءِ ٿي، يڪ زبان ٿي، متفق,,يڪ راءِ ٿي، يڪ زبان ٿي، متفق
unauthorized,ري موڪل، بنا اختياري,,ري موڪل، بنا اختياري
unavailable,غير موجود، اڻ ميسر,,غير موجود، اڻ ميسر
unaware,اڻڄاڻ، بي خبر، اڻ واقف,,اڻڄاڻ، بي خبر، اڻ واقف
unbiased,بي تعصبو,,بي تعصبو
uncertain,شڪي، بي بقا، بي يقين، مبهم,,شڪي، بي بقا، بي يقين، مبهم
uncertainty,بي اعتباري، شڪ، شبهه,,بي اعتباري، شڪ، شبهه
unclassified,اڻ ورڇيل,,اڻ ورڇيل
uncle,چاچو، مامو، پڦڙ، ماسڙ,,چاچو، مامو، پڦڙ، ماسڙ
uncomfortable,بي آرام، اهنجو، ڏکي، ناخوش,,بي آرام، اهنجو، ڏکي، ناخوش
uncommon,اڻ لڀ، عجيب، نرالو، غيرمعمولي,,اڻ لڀ، عجيب، نرالو، غيرمعمولي
unconscious,بي هوش، بي خبر، نامعلوم,,بي هوش، بي خبر، نامعلوم
uncut,اڻ ڇانگيل، اڻ ڪٽيل,,اڻ ڇانگيل، اڻ ڪٽيل
undefined,غير مؤصوف، تشريح نه ڪيل,,غير مؤصوف، تشريح نه ڪيل
under,هيٺ، هيٺان، هٿ هيٺ، گهٽ,,هيٺ، هيٺان، هٿ هيٺ، گهٽ
underage,نابالغ، صغير,,نابالغ، صغير
undergraduate,ڊگري نه ورتل ڪاليجي شاگرد,,ڊگري نه ورتل ڪاليجي شاگرد
underground,زير زمين,,زير زمين
underline,نقشي يا شڪل جي ھيٺيان وضاحتي لکت، ڪنھن لفظ يا سٽ کي ڏنل ھيٺين ليڪ,,نقشي يا شڪل جي ھيٺيان وضاحتي لکت، ڪنھن لفظ يا سٽ کي ڏنل ھيٺين ليڪ
underneath,هيٺ، هيٺان، جي هيٺان,,هيٺ، هيٺان، جي هيٺان
understanding,سمجهه، پروڙ، عقل، شرط، ٺاهه,,سمجهه، پروڙ، عقل، شرط، ٺاهه
undertaking,ڪم، ذمو، انجام، جوابداري,,ڪم، ذمو، انجام، جوابداري
underwear,اندران پهرڻ جا ڪپڙا,,اندران پهرڻ جا ڪپڙا
underwood,وڏن وڻن جي هيٺان ڦٽندڙ ننڍا وڻ,,وڏن وڻن جي هيٺان ڦٽندڙ ننڍا وڻ
underworld,ننڍو ڪم,,ننڍو ڪم
undoubtedly,بي شڪ، يقينا، تحقيق,,بي شڪ، يقينا، تحقيق
unemployed,بيڪار، بيروزگار، واندو,,بيڪار، بيروزگار، واندو
unemployment,بي روزگاري,,بي روزگاري
unfair,غير واجب، نامناسب، کوٽو,,غير واجب، نامناسب، کوٽو
unfinished,اڻ پورو، اڌورو، نامڪمل,,اڻ پورو، اڌورو، نامڪمل
unfortunate,بدنصيب، نڀاڳو، بدبخت,,بدنصيب، نڀاڳو، بدبخت
unfortunately,بدنصيبيءَ سان، ڪم نصيباً,,بدنصيبيءَ سان، ڪم نصيباً
unhappy,ناخوش، دکي، بي آرام,,ناخوش، دکي، بي آرام
uni,واحد، ھڪ، ھيڪلو، اڪيلو,,واحد، ھڪ، ھيڪلو، اڪيلو
uniform,وردي، هم شڪل، برابر، هڪ جهڙو,,وردي، هم شڪل، برابر، هڪ جهڙو
union,ٻڌي، ايڪو، اتفاق، جماعت,,ٻڌي، ايڪو، اتفاق، جماعت
unique,بي مثل، لاثاني، يگانو، بي نظير,,بي مثل، لاثاني، يگانو، بي نظير
unit,ايڪو، ايڪائي، هڪ، عدد يا ماپ,,ايڪو، ايڪائي، هڪ، عدد يا ماپ
unite,ملائڻ ، ڳنڍڻ، جوڙڻ، گڏڻ,,ملائڻ ، ڳنڍڻ، جوڙڻ، گڏڻ
united,گڏيل، متحد,,گڏيل، متحد
unity,اتفاق، وحدت، ٻڌي، ميلاپ، عدد,,اتفاق، وحدت، ٻڌي، ميلاپ، عدد
universal,عالمگير، ڪل، سڀ جو، سڄو,,عالمگير، ڪل، سڀ جو، سڄو
universe,عالم، جهان، مخلوقات,,عالم، جهان، مخلوقات
university,دارالعلوم، مڪتب جتي سڀني علمن جي تعليم ۽ سند ملندي آهي,,دارالعلوم، مڪتب جتي سڀني علمن جي تعليم ۽ سند ملندي آهي
unknown,اڻڄاڻ، غير واقف، نامعلوم,,اڻڄاڻ، غير واقف، نامعلوم
unlawful,قانون يا شرح خلاف، ناجائز، حرام قانون خلاف ميڙ,,قانون يا شرح خلاف، ناجائز، حرام قانون خلاف ميڙ
unless,انهيءَ کان سواءِ، مگر، متان، جيستائين,,انهيءَ کان سواءِ، مگر، متان، جيستائين
unlike,مختلف، ناموافق، اڻ ٺهندو,,مختلف، ناموافق، اڻ ٺهندو
unlikely,نه ٿيڻ جهڙو، ناممڪن، خلاف قياس,,نه ٿيڻ جهڙو، ناممڪن، خلاف قياس
unlimited,بي حد، بي انت، غير مقرر,,بي حد، بي انت، غير مقرر
unnecessary,غيرضروري، فضول,,غيرضروري، فضول
unofficial,سرڪاري طرح، خانگي,,سرڪاري طرح، خانگي
unpleasant,اڻ وڻندڙ، ناخوش,,اڻ وڻندڙ، ناخوش
unprecedented,غيرمعمولي، بي مثل، غيررواجي,,غيرمعمولي، بي مثل، غيررواجي
unpublished,اڻ ڇپيل,,اڻ ڇپيل
unreal,غيرحقيقي، ڪوڙو، بي وجود,,غيرحقيقي، ڪوڙو، بي وجود
unreasonable,غير واجبي، ڪم عقل، اندازي کان وڌيڪ,,غير واجبي، ڪم عقل، اندازي کان وڌيڪ
unregistered,داخل نه ٿيل، بنا داخلا,,داخل نه ٿيل، بنا داخلا
unsafe,بي سلامت، بي امن، خوفناڪ,,بي سلامت، بي امن، خوفناڪ
unseen,اڻ ڏٺو، غير درسي,,اڻ ڏٺو، غير درسي
unsolicited,اڻ گهريو,,اڻ گهريو
unstable,بي بقا، ناپائدار، بيقرار، چنچل,,بي بقا، ناپائدار، بيقرار، چنچل
unsuccessful,ناڪامياب، نامراد، بدنصيب,,ناڪامياب، نامراد، بدنصيب
until,جيستائين، جيسين، تائين,,جيستائين، جيسين، تائين
unto,کي، ڏانهن، تائين,,کي، ڏانهن، تائين
unusual,غيرمعمولي، عجيب، بي دستور,,غيرمعمولي، عجيب، بي دستور
unwilling,ناخوش، ناراض، بي دلو,,ناخوش، ناراض، بي دلو
up,مٿي، تائين، اوج تي، بلنديءَ تي,,مٿي، تائين، اوج تي، بلنديءَ تي
upon,تي، مٿان، ويجهو، ڀرسان,,تي، مٿان، ويجهو، ڀرسان
upper,مٿيون، اوچو، بالا، صدر,,مٿيون، اوچو، بالا، صدر
upright,سڌو، سنئون، سچو، ايمانداري,,سڌو، سنئون، سچو، ايمانداري
upside,مٿيون ڀاڱو,,مٿيون ڀاڱو
upstairs,مٿي ماڙيءَ تي,,مٿي ماڙيءَ تي
upstream,اوڀارو,,اوڀارو
upward,مٿي، مٿڀرو، مٿين طرف,,مٿي، مٿڀرو، مٿين طرف
urban,شهري، شهر جو,,شهري، شهر جو
urgency,ضرورت، تنگي، لاچاري، تاڪيد,,ضرورت، تنگي، لاچاري، تاڪيد
urgent,ضروري، تاڪيدي,,ضروري، تاڪيدي
urinary,پيشاب جو، گردي جو، مثاني جو,,پيشاب جو، گردي جو، مثاني جو
urine,مٽ، پيشاب,,مٽ، پيشاب
urology,علم پيشاب عضوا، علم گردا، علم پيشاب,,علم پيشاب عضوا، علم گردا، علم پيشاب
us,اسان کي,,اسان کي
usable,ڪم آڻڻ جهڙو,,ڪم آڻڻ جهڙو
usage,سلوڪ، رواج، دستور,,سلوڪ، رواج، دستور
use,استعمال، گهرج، فائدو، رسم، دستور,,استعمال، گهرج، فائدو، رسم، دستور
used,ڪم آيل، واپرايل,,ڪم آيل، واپرايل
useful,ڪارائتو، ڪمائتو، فائدي وارو,,ڪارائتو، ڪمائتو، فائدي وارو
usefulness,مفيد هئڻ، سودمندي، فائديمندي,,مفيد هئڻ، سودمندي، فائديمندي
useless,اجايو، فضول، نڪمو,,اجايو، فضول، نڪمو
user,واپرائيندڙ، ڪم آڻيندڙ,,واپرائيندڙ، ڪم آڻيندڙ
usher,نائب ماستر، ملاقات ڪرائيندڙ، ملاقات ڪرائڻ، اڳواڻي ڪندڙ,,نائب ماستر، ملاقات ڪرائيندڙ، ملاقات ڪرائڻ، اڳواڻي ڪندڙ
usual,معمولي، هميشه جو، دستور مطابق,,معمولي، هميشه جو، دستور مطابق
usually,اڪثر ڪري، هميشه، عام طرح,,اڪثر ڪري، هميشه، عام طرح
utility,فائديمندي، فائدو، نفعو، ڪم,,فائديمندي، فائدو، نفعو، ڪم
utilization,استعمال، فائديمندي,,استعمال، فائديمندي
utilize,استعمال ڪرڻ,,استعمال ڪرڻ
utmost,بيحد، بلڪل، تمام گهڻو، حتي المقدور,,بيحد، بلڪل، تمام گهڻو، حتي المقدور
utopia,خيالي ملڪ يا رياست,,خيالي ملڪ يا رياست
utter,چوڻ، بيان ڪرڻ، پڌرو ڪرڻ، جاري ڪرڻ، بنهه سمورو، نسورو,,چوڻ، بيان ڪرڻ، پڌرو ڪرڻ، جاري ڪرڻ، بنهه سمورو، نسورو
utterly,نهايت، بلڪل، سراسر، تمام,,نهايت، بلڪل، سراسر، تمام
v,انگريزي الفابيٽ جو ٻاويهون اکر,,انگريزي الفابيٽ جو ٻاويهون اکر
vacancy,خالي جاءِ، خالي عهدو يا نوڪري، بي شغلي,,خالي جاءِ، خالي عهدو يا نوڪري، بي شغلي
vacant,خالي، بي شغل، واندو، سکڻو,,خالي، بي شغل، واندو، سکڻو
vacation,فرصت، موڪل، ڇوٽي، تعطيل,,فرصت، موڪل، ڇوٽي، تعطيل
vaccination,ٽڪا هڻڻ,,ٽڪا هڻڻ
vaccine,ڳئونءَ بابت يا ڳئون مان نڪتل، ٽڪن جو,,ڳئونءَ بابت يا ڳئون مان نڪتل، ٽڪن جو
vacuum,خال، ڪنهن چيز کان سواءِ برتن,,خال، ڪنهن چيز کان سواءِ برتن
vagina,مياڻ، گرڀ نلي,,مياڻ، گرڀ نلي
vague,مشڪوڪ، مبهم، اڻ چٽو,,مشڪوڪ، مبهم، اڻ چٽو
vail,فائدي مند ٿيڻ، ڪيرڻ، آڻ مڃڻ، پڙدو,,فائدي مند ٿيڻ، ڪيرڻ، آڻ مڃڻ، پڙدو
vain,بي سود، اجايو، بي فائدو، ٽرڙو,,بي سود، اجايو، بي فائدو، ٽرڙو
vale,وادي، ماٿري,,وادي، ماٿري
valet,خدمتگار، نوڪر چاڪر,,خدمتگار، نوڪر چاڪر
valid,جائز، درست، قطعي، مضبوط,,جائز، درست، قطعي، مضبوط
validation,توثيق، جواز نامو,,توثيق، جواز نامو
validity,مضبوطي، درستي، واجبيت، جائزگي,,مضبوطي، درستي، واجبيت، جائزگي
valley,وادي، ماٿري,,وادي، ماٿري
valuable,بيش قيمت، قيمتي، قابل قدر,,بيش قيمت، قيمتي، قابل قدر
valuation,قيمت جو انداز، تخمينو,,قيمت جو انداز، تخمينو
value,قدر، قيمت، ملهه، ماليت,,قدر، قيمت، ملهه، ماليت
valve,هڪ پاسي کلندڙ سوراخ,,هڪ پاسي کلندڙ سوراخ
vampire,مئل ماڻهو جو ڀوت جيڪو رات جو قبر مان اٿي اچي,,مئل ماڻهو جو ڀوت جيڪو رات جو قبر مان اٿي اچي
van,مهڙ، فوج جو اڳيون حصو، اڳواڻ، بار جو گاڏو,,مهڙ، فوج جو اڳيون حصو، اڳواڻ، بار جو گاڏو
vanguard,فوج جو هر اول دستور,,فوج جو هر اول دستور
vanity,بيهودگي، خودنمائي، هلڪڙائي، آڪڙ,,بيهودگي، خودنمائي، هلڪڙائي، آڪڙ
vantage,سبقت، فضيلت، فوقيت,,سبقت، فضيلت، فوقيت
variability,ڦرت گھرت، ڦيرو، گردان,,ڦرت گھرت، ڦيرو، گردان
variable,متغير، ڦرڻو گهرڻو,,متغير، ڦرڻو گهرڻو
variance,نااتفاقي، اختلاف، ڦوٽ، ناسازي,,نااتفاقي، اختلاف، ڦوٽ، ناسازي
variant,مختلف، ڦريل,,مختلف، ڦريل
variation,تبديلي، ڪمي، بيشي، ڦيرگهير,,تبديلي، ڪمي، بيشي، ڦيرگهير
varied,مختلف، گوناگون، قسمين قسمين,,مختلف، گوناگون، قسمين قسمين
variety,مختلف چيزون، قسم، اختلاف,,مختلف چيزون، قسم، اختلاف
various,مختلف، گوناگون، طرح طرح جا,,مختلف، گوناگون، طرح طرح جا
vary,مختلف ، فرق رکندڙ، مٽجڻ، بدلجڻ,,مختلف ، فرق رکندڙ، مٽجڻ، بدلجڻ
vascular,رڳدار، نسن وارو,,رڳدار، نسن وارو
vase,برتن، گلدان، ڦولدان,,برتن، گلدان، ڦولدان
vast,عظيم، بي شمار، وسيع، تمام,,عظيم، بي شمار، وسيع، تمام
vat,حوض، جام، پيمانه,,حوض، جام، پيمانه
vault,گنبذ، محرابدار ڇت، تهه خانو، بهرو، غفا,,گنبذ، محرابدار ڇت، تهه خانو، بهرو، غفا
vector,مرض حامل، بيماري پکيڙيندڙ، کڻندڙ، رسائيندڙ,,مرض حامل، بيماري پکيڙيندڙ، کڻندڙ، رسائيندڙ
vega,سڌو زمين ٽڪر,,سڌو زمين ٽڪر
vegetable,ڀاڄي، ترڪاري، نباتات,,ڀاڄي، ترڪاري، نباتات
vegetarian,ڀاڄي خور، ويشنو,,ڀاڄي خور، ويشنو
vegetation,نشود نما، اوڀر، نباتات، وڻ ٽڻ,,نشود نما، اوڀر، نباتات، وڻ ٽڻ
vehicle,سواري، گاڏي، وسيلو,,سواري، گاڏي، وسيلو
veil,نقاب، پردو، برقعو (پردو ڪرڻ),,نقاب، پردو، برقعو (پردو ڪرڻ)
vein,رڳ، نس,,رڳ، نس
veins,ٽوٽل سموريون، رڳون (نسون)، جيڪي رت دل ڏانھن واپس پھچائن ٿيون,,ٽوٽل سموريون، رڳون (نسون)، جيڪي رت دل ڏانھن واپس پھچائن ٿيون
velocity,تيز، رفتار، تيکه، تيز رفتاري,,تيز، رفتار، تيکه، تيز رفتاري
velvet,بخمل,,بخمل
vendor,وڪڻندڙ,,وڪڻندڙ
vengeance,انتقام، بدلو، دير,,انتقام، بدلو، دير
venom,زهر، بغض، ڪينو، ساڙ,,زهر، بغض، ڪينو، ساڙ
ventilation,هوا جو گذر، بادڪشي، ظاهر نمائي,,هوا جو گذر، بادڪشي، ظاهر نمائي
ventricular,پيٽ جي ھيٺن پاسي بابت، شڪمي، ڌڙائون,,پيٽ جي ھيٺن پاسي بابت، شڪمي، ڌڙائون
venue,موقع، واردات، جلسي جي جڳهه,,موقع، واردات، جلسي جي جڳهه
venus,عشق ۽ محبت جي ديوي، زهره، شڪرگره,,عشق ۽ محبت جي ديوي، زهره، شڪرگره
verb,فعل، ڪيا,verb,فعل، ڪيا
verbal,زباني، لفظي، فعل جو,verb,زباني، لفظي، فعل جو
verbatim,لفظ به لفظ، هوبهو,,لفظ به لفظ، هوبهو
verdict,جوريءَ جي راءِ، فيصلو، فتويٰ، راءِ,,جوريءَ جي راءِ، فيصلو، فتويٰ، راءِ
verification,تحقيق، تصديق، چڪاس، پڙتال,,تحقيق، تصديق، چڪاس، پڙتال
verify,تپاسڻ، تصديق، چڪاسڻ,,تپاسڻ، تصديق، چڪاسڻ
versatile,ڦرڻ، يا مڙڻ جي قابل، ڦرڻو گهرڻو، هر فن مولا,,ڦرڻ، يا مڙڻ جي قابل، ڦرڻو گهرڻو، هر فن مولا
verse,مصرع، بندي، شعر، بيت، نظم,,مصرع، بندي، شعر، بيت، نظم
version,ترجمو، بيان,,ترجمو، بيان
versus,خلاف، برخلاف,,خلاف، برخلاف
vertex,چوٽي، نوڪ، سمت الراس، اوج,,چوٽي، نوڪ، سمت الراس، اوج
vertical,عمودي، اُڀو,,عمودي، اُڀو
very,تمام، ڏاڍو، بلڪل، اهوئي، ساڳيو,,تمام، ڏاڍو، بلڪل، اهوئي، ساڳيو
vessel,برتن، ٿانءُ، ٻيڙي، جهاز، رڳ، شريان,,برتن، ٿانءُ، ٻيڙي، جهاز، رڳ، شريان
vest,لباس، پوشاڪ، صدري,,لباس، پوشاڪ، صدري
vet,طبيب ، ويڄ,,طبيب ، ويڄ
veteran,آزمودگار، جهونو,,آزمودگار، جهونو
veterinary,جانورن جي علاج جو,,جانورن جي علاج جو
veto,منسوخي، حاڪمانه انڪار، نامنظوريءَ جو حق,,منسوخي، حاڪمانه انڪار، نامنظوريءَ جو حق
via,براسته، جي رستي، ازراه,,براسته، جي رستي، ازراه
viability,ڦٽڻ جي سگھ، جياپي جي طاقت,,ڦٽڻ جي سگھ، جياپي جي طاقت
viable,رهڻ جي لائق,,رهڻ جي لائق
vibration,جنبش، لوڏو، لرزش، لهر، حرڪت,,جنبش، لوڏو، لرزش، لهر، حرڪت
vice,بدڪاري، نقص، گناهه,,بدڪاري، نقص، گناهه
vicious,شرير، بدڪار، سرڪش,,شرير، بدڪار، سرڪش
victor,فتح مند، سوڀارو، ظفرياب، کٽندڙ,,فتح مند، سوڀارو، ظفرياب، کٽندڙ
victory,فتح، جيت، سوڀ، ڪاميابي,,فتح، جيت، سوڀ، ڪاميابي
video,تصوير ڏيکاريندڙ مشين,,تصوير ڏيکاريندڙ مشين
view,روپ، نظارو، ڏيک، منظر، نقشو، خاڪو,,روپ، نظارو، ڏيک، منظر، نقشو، خاڪو
viewer,ٽيليويزن ڏسندڙ، مشاھدو ڪندڙ,,ٽيليويزن ڏسندڙ، مشاھدو ڪندڙ
viewpoint,نقطھ نظر، راءِ، خيال,,نقطھ نظر، راءِ، خيال
vigorous,زور ڀريو ، زور سگھارو,,زور ڀريو ، زور سگھارو
villa,وڏي جاءِ جيڪا ٻهراريءَ ۾ تفريح لاءِ ٺاهيل هجي,,وڏي جاءِ جيڪا ٻهراريءَ ۾ تفريح لاءِ ٺاهيل هجي
village,ڳوٺ، واهڻ، ديهاتي,,ڳوٺ، واهڻ، ديهاتي
vine,انگور جي ول,,انگور جي ول
vinegar,سرڪو,,سرڪو
vineyard,انگور جو باغ,,انگور جو باغ
vintage,انگور جو فصل، انگور لڻڻ يا ڇنڻ جو وقت,,انگور جو فصل، انگور لڻڻ يا ڇنڻ جو وقت
violate,ڀڃڻ، ٽوڙڻ، انحرافي ڪرڻ، عدولي حڪمي ڪرڻ,,ڀڃڻ، ٽوڙڻ، انحرافي ڪرڻ، عدولي حڪمي ڪرڻ
violation,ڀڃڪڙي، انحرافي، حڪم عدولي، بگاڙ، زوري زنا,,ڀڃڪڙي، انحرافي، حڪم عدولي، بگاڙ، زوري زنا
violence,زيادتي، ڏاڍائي، زبردستي، زور,,زيادتي، ڏاڍائي، زبردستي، زور
violent,سخت، زور وارو، زبردست، تند، غيرطبعي,,سخت، زور وارو، زبردست، تند، غيرطبعي
violet,گل بنفشو، سوسني رنگ، واڱڻائي,,گل بنفشو، سوسني رنگ، واڱڻائي
violin,سارنگي، رباب، سرندو، ستار,,سارنگي، رباب، سرندو، ستار
viper,کپر زهريلو نانگ، ڪميني طبيعت جو آدمي,,کپر زهريلو نانگ، ڪميني طبيعت جو آدمي
viral,وائرس بابت، زھري وبا، زھري وبائن متعلق,,وائرس بابت، زھري وبا، زھري وبائن متعلق
virgin,ڪنواري دوشيزه,,ڪنواري دوشيزه
virginia,هڪ قسم جو تماڪ,,هڪ قسم جو تماڪ
virtual,اصلي، حقيقي، ذاتي، مؤثر,,اصلي، حقيقي، ذاتي، مؤثر
virtually,اصل ۾ درحقيقت، ظاهراً,,اصل ۾ درحقيقت، ظاهراً
virtue,نيڪي، صفت، گڻ، خاصيت، وصف، پارسائي,adjective,نيڪي، صفت، گڻ، خاصيت، وصف، پارسائي
virus,ڪائي به زهري چيز، زهر,,ڪائي به زهري چيز، زهر
visibility,ظاهر، نموداري، ڏيکاري,,ظاهر، نموداري، ڏيکاري
visible,ظاهر، نمودار، پڌرو، ڏسڻ ۾ ايندڙ,,ظاهر، نمودار، پڌرو، ڏسڻ ۾ ايندڙ
vision,نظر، خيالي صورت، ديدار,,نظر، خيالي صورت، ديدار
visionary,خيالي، وهمي، غير حقيقي,,خيالي، وهمي، غير حقيقي
visitor,ملاقاتي، ملڻ وارو، مهمان,,ملاقاتي، ملڻ وارو، مهمان
visor,نقاب، برقعو,,نقاب، برقعو
vista,وڻن جي ميڙ جو نظارو، منظر,,وڻن جي ميڙ جو نظارو، منظر
visual,نظر جو، ڏسڻ جو، ظاهر,,نظر جو، ڏسڻ جو، ظاهر
visualization,ذھني خاڪو، تصور,,ذھني خاڪو، تصور
vita,جاندار، زندگي، حياتي، جياپو، حيواني، حياتي،,,جاندار، زندگي، حياتي، جياپو، حيواني، حياتي،
vital,جاني، زندگيءَ جو، لوازم حيات، حياتيءَ جهڙو ضروري، ضروري,,جاني، زندگيءَ جو، لوازم حيات، حياتيءَ جهڙو ضروري، ضروري
vitality,قوت جواني، حيات جانداري، زور، طاقت,,قوت جواني، حيات جانداري، زور، طاقت
vitamin,کاڌي ۾ طاقت ڏيندڙ جزو,,کاڌي ۾ طاقت ڏيندڙ جزو
vivid,واضح، صاف، چٽو، روشن,,واضح، صاف، چٽو، روشن
viz,يعني، جيئن ته,,يعني، جيئن ته
vocabulary,فرهنگ، لغت,,فرهنگ، لغت
vocal,آواز جو، الطاني، زباني، گلي جو,,آواز جو، الطاني، زباني، گلي جو
vogue,وضع، دستور، رواج، طريقو، عام استعمال رسم,,وضع، دستور، رواج، طريقو، عام استعمال رسم
voice,آواز، صدا,,آواز، صدا
void,خالي، خال، فضول، رد، باطل، نڪمو,,خالي، خال، فضول، رد، باطل، نڪمو
volcano,آتش فشان جبل، برندڙ جبل,,آتش فشان جبل، برندڙ جبل
volt,بجليءَ جي داٻ جو مقرر ڪيل ماپو,,بجليءَ جي داٻ جو مقرر ڪيل ماپو
volume,ڪتاب، جلد، جسامت، حقدار,,ڪتاب، جلد، جسامت، حقدار
voluntarily,ازخود، پاڻيهي، ديده و دانسته، پاڻ مرادو,,ازخود، پاڻيهي، ديده و دانسته، پاڻ مرادو
voluntary,خودبخود، با اراده، پاڻ مرادو، پنهنجي مرضيءَ سان,,خودبخود، با اراده، پاڻ مرادو، پنهنجي مرضيءَ سان
volunteer,رضاڪار جو پنهنجي خواهش تي نوڪري ڪري,,رضاڪار جو پنهنجي خواهش تي نوڪري ڪري
vortex,ڪن، گردان، ڀنور,,ڪن، گردان، ڀنور
vote,رايو، ووٽ,,رايو، ووٽ
voter,ووٽ ڏيندڙ,,ووٽ ڏيندڙ
voucher,شاهد، دستاويز، سند، رسيد,,شاهد، دستاويز، سند، رسيد
vox,آواز، سر,,آواز، سر
voyage,بحري سفر، سامونڊي سفر، هوائي سفر,,بحري سفر، سامونڊي سفر، هوائي سفر
voyager,دريائي مسافر، مسافر,,دريائي مسافر، مسافر
vulnerable,قابل زخم,,قابل زخم
w,انگريزي الفابيٽ جو ٽيويهون اکر,,انگريزي الفابيٽ جو ٽيويهون اکر
wage,محنتاڻو، معاوضو، اجرت,,محنتاڻو، معاوضو، اجرت
wages,پگهار، عيوضو، مزوري، اجرت,,پگهار، عيوضو، مزوري، اجرت
waist,چيلهه، ڪمر,,چيلهه، ڪمر
waiting,التوا- (التوا جو مدو) (2) منتظر,,التوا- (التوا جو مدو) (2) منتظر
wall,ڀت، ديوار، ڀت ڏيارڻ,,ڀت، ديوار، ڀت ڏيارڻ
wallet,جهولي، ٿيلهي، خورزين، ڪچڪول,,جهولي، ٿيلهي، خورزين، ڪچڪول
wallpaper,ديواري ڪاغذ، خوبصورتيءَ لاءِ ڀتين کي رنگ بجاءِ لڳندڙ ڪاغذ,,ديواري ڪاغذ، خوبصورتيءَ لاءِ ڀتين کي رنگ بجاءِ لڳندڙ ڪاغذ
walnut,اکروٽ,,اکروٽ
wan,پيلو منهن، بيمار,,پيلو منهن، بيمار
wand,لٺ، لڪڻ، عصا، سؤنٽو,,لٺ، لڪڻ، عصا، سؤنٽو
want,گهرج، ضرورت، اڻ هوند، تنگي، غريبي,,گهرج، ضرورت، اڻ هوند، تنگي، غريبي
wanting,بنا، کان سواءِ، اوڻو، گهٽ,,بنا، کان سواءِ، اوڻو، گهٽ
wants,گهرجون- ضرورتون,,گهرجون- ضرورتون
war,لڙائي، جنگ، ويڙهه، وڙهڻ، لڙڻ,,لڙائي، جنگ، ويڙهه، وڙهڻ، لڙڻ
ward,سنڀال، سنڀال هيٺ صغير، زير نظر، پنڊال,,سنڀال، سنڀال هيٺ صغير، زير نظر، پنڊال
wardrobe,توشه خانو، ڪپڙن رکڻ جي جاءِ، ڪپڙا,,توشه خانو، ڪپڙن رکڻ جي جاءِ، ڪپڙا
ware,هوشيار، خبردار، مال,,هوشيار، خبردار، مال
warehouse,گودام، ڀانڊو، گودام ۾ رکڻ,,گودام، ڀانڊو، گودام ۾ رکڻ
warfare,جنگ بازي، ويڙهه، چٽاڀيٽي,,جنگ بازي، ويڙهه، چٽاڀيٽي
warm,گرم، ڪوسو، تند مزاج,,گرم، ڪوسو، تند مزاج
warmth,گرمي، تپش، شوق، جوش,,گرمي، تپش، شوق، جوش
warning,تاڪيد، تنبيهه، چتاءُ,,تاڪيد، تنبيهه، چتاءُ
warp,تاڃي، (ڏنگو ڪرڻ، موڙڻ، مڙڻ),,تاڃي، (ڏنگو ڪرڻ، موڙڻ، مڙڻ)
warrant,گرفتاريءَ جو پروانو، حڪم نامو، سند,,گرفتاريءَ جو پروانو، حڪم نامو، سند
warranty,اختيار، ضمانت، انجام,,اختيار، ضمانت، انجام
warrior,سورهيه، پهلوان، سورمو، بهادر,,سورهيه، پهلوان، سورمو، بهادر
wash,بارو (متل ڳڙ ۽ ٻٻر جي ڇوڏي جنهن مان شراب ٺهي),,بارو (متل ڳڙ ۽ ٻٻر جي ڇوڏي جنهن مان شراب ٺهي)
waste,غيرآباد، سڃو، اجايو خرچ,,غيرآباد، سڃو، اجايو خرچ
wasting,برباد ڪندڙ، اندران ئي اندران کائيندڙ,,برباد ڪندڙ، اندران ئي اندران کائيندڙ
watch,پهرو ڏيڻ، نگهباني ڪرڻ، واچ، پهر، پهرو,,پهرو ڏيڻ، نگهباني ڪرڻ، واچ، پهر، پهرو
water,پاڻي (پاڻي ڏيڻ، ريج ڏيڻ),,پاڻي (پاڻي ڏيڻ، ريج ڏيڻ)
waterfall,آبشار، جهرڻو,,آبشار، جهرڻو
waterproof,جنهن ۾ پاڻيءَ داخل نه ٿي سگهي، پاڻي روڪ,,جنهن ۾ پاڻيءَ داخل نه ٿي سگهي، پاڻي روڪ
waterways,آبي رستا,,آبي رستا
wave,ڇولي، لهر، موج، لوڏو,,ڇولي، لهر، موج، لوڏو
wax,موم، ميڻ، ڄؤ، مر (ڪن جي),,موم، ميڻ، ڄؤ، مر (ڪن جي)
way,رستو، نمونو، پاسو، ريت، دستور,,رستو، نمونو، پاسو، ريت، دستور
weak,ضعيف، ڪمزور، نٻل، جهڪو، نرم,,ضعيف، ڪمزور، نٻل، جهڪو، نرم
weakness,ضعف، هيڻائي، ڪمزوري,,ضعف، هيڻائي، ڪمزوري
wealth,دولت، ناڻو، ملڪيت، ڌن,,دولت، ناڻو، ملڪيت، ڌن
wealthy,دولتمند، شاهوڪار، تونگر، دنيادار,,دولتمند، شاهوڪار، تونگر، دنيادار
weapon,هٿيار، اوزار، صلاح,,هٿيار، اوزار، صلاح
wear,گسڻ، گاٺ,,گسڻ، گاٺ
weary,ٿڪل، ماندو، بيزار، سست,,ٿڪل، ماندو، بيزار، سست
weather,موسم، مند، هوا، موسمي حالت,,موسم، مند، هوا، موسمي حالت
weaver,ڪوري، اُڻڻ وارو,,ڪوري، اُڻڻ وارو
web,ڪپڙو، ٿان، ڄارو، ڄاري,,ڪپڙو، ٿان، ڄارو، ڄاري
website,ويب سائيٽ، انٽرنيٽ جي مک سرور ۾ رکيل مواد جو پتو يا ھنڌ,,ويب سائيٽ، انٽرنيٽ جي مک سرور ۾ رکيل مواد جو پتو يا ھنڌ
wedding,شادي، نڪاح، وهانءُ,,شادي، نڪاح، وهانءُ
wedge,ڇيڻي، چپڙ,,ڇيڻي، چپڙ
wednesday,اربع جو ڏينهن,,اربع جو ڏينهن
wee,ٿورڙو، ننڍڙو,,ٿورڙو، ننڍڙو
weed,ڪک پن، ڪن ڪچرو، بيڪار شيءِ,,ڪک پن، ڪن ڪچرو، بيڪار شيءِ
weeds,ڪک ڪانا، بيوه زال جو ماتمي لباس,,ڪک ڪانا، بيوه زال جو ماتمي لباس
week,هفتو، ستن ڏينهن جي مدت,,هفتو، ستن ڏينهن جي مدت
weekday,آرتوار کان سواءِ ٻيو ڪوبه ڏينهن,,آرتوار کان سواءِ ٻيو ڪوبه ڏينهن
weekly,هفتيوار، هفتي هفتي، هفتي جو,,هفتيوار، هفتي هفتي، هفتي جو
weight,وزن، تور، زور، بار، قدر,,وزن، تور، زور، بار، قدر
weights,وزن، ماپو، وٽ،ماڻ، تور,,وزن، ماپو، وٽ،ماڻ، تور
weir,پاڻيءَ جي سطح کي مٿي ڪرڻ لاءِ درياءَ جو بند، ٻانڌو,,پاڻيءَ جي سطح کي مٿي ڪرڻ لاءِ درياءَ جو بند، ٻانڌو
weird,جادو، اسرار، نرالو، عجيب، نصيب، جادوگر,,جادو، اسرار، نرالو، عجيب، نصيب، جادوگر
welfare,خير خيريت، خوشحالي، آسودگي، بهبودي,,خير خيريت، خوشحالي، آسودگي، بهبودي
well,چشمو، کوه، تندرست، خوش، سلامت ڀلا,,چشمو، کوه، تندرست، خوش، سلامت ڀلا
welsh,ويلس ملڪ جو رهاڪو,,ويلس ملڪ جو رهاڪو
wen,ماس جو ڳوڙهو، ڏپو,,ماس جو ڳوڙهو، ڏپو
were,هُئا,,هُئا
west,الهندو، مغرب، اولهه ۽ اتر,,الهندو، مغرب، اولهه ۽ اتر
western,مغربي، الهندي واري,,مغربي، الهندي واري
wet,آلو، گهميل، پسيل، آلاڻ، مينهوڳي، برساتي,,آلو، گهميل، پسيل، آلاڻ، مينهوڳي، برساتي
whale,مانگرمڇ، ويسر,,مانگرمڇ، ويسر
wharf,گهاٽ، بندر، جهازن جي بيهڻ جي جاءِ,,گهاٽ، بندر، جهازن جي بيهڻ جي جاءِ
what,ڇا، ڪهڙو، ڪيتري قدر,,ڇا، ڪهڙو، ڪيتري قدر
whatever,جيترو، جيڪي به، ڪوبه,,جيترو، جيڪي به، ڪوبه
whatsoever,جيتري قدر، جيڪو ڪجهه,,جيتري قدر، جيڪو ڪجهه
wheat,ڪڻڪ,,ڪڻڪ
wheel,چاڪ، چڪرو، ڦيٿو,,چاڪ، چڪرو، ڦيٿو
wheeled,ڦيٿن وارو,,ڦيٿن وارو
when,ڪهڙي وقت ، ڪڏهن، جڏهن,,ڪهڙي وقت ، ڪڏهن، جڏهن
whenever,جڏهن به، جڏهن ڪڏهن، ڪهڙي به وقت,,جڏهن به، جڏهن ڪڏهن، ڪهڙي به وقت
where,ڪٿي، ڪهڙي هنڌ,,ڪٿي، ڪهڙي هنڌ
whereas,انهيءَ لحاظ کان، جيئن ته,,انهيءَ لحاظ کان، جيئن ته
whereby,جنهن کان، جنهن ڪري,,جنهن کان، جنهن ڪري
wherein,جنهن ۾، تنهن ۾,,جنهن ۾، تنهن ۾
whether,جيڪڏهن، يا، الاجي، خواه,,جيڪڏهن، يا، الاجي، خواه
which,ڪهڙو، ڪير، جو، جيڪو,,ڪهڙو، ڪير، جو، جيڪو
whichever,جو به، جو، جيڪو به,,جو به، جو، جيڪو به
while,عرصو، مدت، جيتري ۾، جڏهن ته,,عرصو، مدت، جيتري ۾، جڏهن ته
whilst,جيستائين، جيتري ۾,,جيستائين، جيتري ۾
whip,چهبڪ، درو,,چهبڪ، درو
whipping,درا هڻڻ، ڦٽڪن جي سزا,,درا هڻڻ، ڦٽڪن جي سزا
whirlpool,ڪن، گردان، نڪونج,,ڪن، گردان، نڪونج
whisky,وسڪي شراب,,وسڪي شراب
whisper,سس پس ڪرڻ، ڪنن جون ڳالهيون نڪرڻ,,سس پس ڪرڻ، ڪنن جون ڳالهيون نڪرڻ
white,سفيد، بگو، اڇو,,سفيد، بگو، اڇو
who,ڪير، ڪهڙو ماڻهو، جو,,ڪير، ڪهڙو ماڻهو، جو
whoever,ڪوبه ماڻهو، جيڪو به، ڪير به,,ڪوبه ماڻهو، جيڪو به، ڪير به
whole,سمورو، سڄو، سڀو، ڪل، سربستو,,سمورو، سڄو، سڀو، ڪل، سربستو
wholesale,ٻڌو وڪرو,,ٻڌو وڪرو
wholesaler,ٻڌو واپاري- ٿوڪ واپاري,,ٻڌو واپاري- ٿوڪ واپاري
wholly,سڄوئي، سموروئي، بلڪل,,سڄوئي، سموروئي، بلڪل
whom,ڪنهن کي، جنهن کي، جن کي,,ڪنهن کي، جنهن کي، جن کي
whore,رنڊي، ڪڃري، طوائف,,رنڊي، ڪڃري، طوائف
whose,ڪنهن جو، جنهن جو,,ڪنهن جو، جنهن جو
why,ڇو، ڇالاءِ، ڪهڙي سبب جي ڪري,,ڇو، ڇالاءِ، ڪهڙي سبب جي ڪري
wicked,بدڪار، شرارتي، بڇڙو، پاپي,,بدڪار، شرارتي، بڇڙو، پاپي
wicker,کجيءَ جو ٺهيل، ٽارين جو ٺهيل، تيلي يا چهو,,کجيءَ جو ٺهيل، ٽارين جو ٺهيل، تيلي يا چهو
wide,وسيع، چوڙو، ڪشادو، ويڪرو,,وسيع، چوڙو، ڪشادو، ويڪرو
widely,دور دور، پري پري، جاءِ بجاءِ,,دور دور، پري پري، جاءِ بجاءِ
widespread,هر جاءِ ڦهليل، هر جڳهه کليل,,هر جاءِ ڦهليل، هر جڳهه کليل
widow,رن زال، بيوه، وڌوا,,رن زال، بيوه، وڌوا
width,چوڙائي، ويڪراڻ، عرض (ماپ) موڪرائي,,چوڙائي، ويڪراڻ، عرض (ماپ) موڪرائي
wife,عورت، زال، جوءِ,,عورت، زال، جوءِ
wig,مصنوعي وارن جي ٺهيل ٽوپي، ڇنڊ ڪڍڻ,,مصنوعي وارن جي ٺهيل ٽوپي، ڇنڊ ڪڍڻ
wight,ڄڻو، شخص، ماڻهو، عورت يا مرد، پهر,,ڄڻو، شخص، ماڻهو، عورت يا مرد، پهر
wild,اڻ پاليل، جهنگلي، ناشائستو، شرير، اڻ سڌريل,,اڻ پاليل، جهنگلي، ناشائستو، شرير، اڻ سڌريل
wilderness,بيابان، ويراني,,بيابان، ويراني
will,زمان مستقبل جي نشاني,,زمان مستقبل جي نشاني
willing,راضي، پسنديدو، خودبخود,,راضي، پسنديدو، خودبخود
willow,بيد جو وڻ,,بيد جو وڻ
wind,ريح، بادي، بد هوا، سهڪي ۾ ڀرجڻ,,ريح، بادي، بد هوا، سهڪي ۾ ڀرجڻ
winding,چڪردار، ورن وڪڙن وارو,,چڪردار، ورن وڪڙن وارو
window,روشندان، ننڍو در، دري، کڙڪي,,روشندان، ننڍو در، دري، کڙڪي
windy,بادي، وائکو، هوادار، خالي,,بادي، وائکو، هوادار، خالي
wine,انگوري شراب، نشو، شراب نوشي,,انگوري شراب، نشو، شراب نوشي
wing,کنڀ، پر، لشڪر يا عمارت جو حصو,,کنڀ، پر، لشڪر يا عمارت جو حصو
winged,بازو وارو، پر وارو، تيز، تڪڙو,,بازو وارو، پر وارو، تيز، تڪڙو
winner,فاتح، فتح ڪندڙ، کٽيندڙ,,فاتح، فتح ڪندڙ، کٽيندڙ
winning,جوا جو کٽيل، موهيندڙ، دلربا، دلڪش,,جوا جو کٽيل، موهيندڙ، دلربا، دلڪش
winter,سيارو، غيردلچسپ، واقعو، سيارو گذارڻ,,سيارو، غيردلچسپ، واقعو، سيارو گذارڻ
wire,تار برقي، تند، تار ڪرڻ,,تار برقي، تند، تار ڪرڻ
wireless,بنا تند جي تار,,بنا تند جي تار
wisdom,علم، ڄاڻ، عقل، فهم، دانائي,,علم، ڄاڻ، عقل، فهم، دانائي
wise,عالم، دانا، سياڻو، عقلمند,,عالم، دانا، سياڻو، عقلمند
wish,چاهڻ، آرزومند هجڻ، خواهش ڪرڻ، مرضي,,چاهڻ، آرزومند هجڻ، خواهش ڪرڻ، مرضي
wit,سمجهه، تميز، ظرافت، عقل، هوش، حاضر جوابي,,سمجهه، تميز، ظرافت، عقل، هوش، حاضر جوابي
witch,جادو ڪرڻ، جادوگرڻ، ساحره، ڏائڻ,,جادو ڪرڻ، جادوگرڻ، ساحره، ڏائڻ
with,ساڻ، مع، همراه، وَٽ,,ساڻ، مع، همراه، وَٽ
withdrawal,وري ڪڍڻ، ٽارو,,وري ڪڍڻ، ٽارو
within,درميان، وچ ۾، اندر ۾,,درميان، وچ ۾، اندر ۾
without,سواءِ، اگر نه، ٻاهر، پري، بغير,,سواءِ، اگر نه، ٻاهر، پري، بغير
witness,گواه، شاهد، شاهدي,,گواه، شاهد، شاهدي
witty,حاضر جواب، ظريف، تيزفهم، چرچائي,,حاضر جواب، ظريف، تيزفهم، چرچائي
wizard,جادوگر، ساحر، ڏائڻ جو مڙس,,جادوگر، ساحر، ڏائڻ جو مڙس
wolf,بگهڙ، نهر,,بگهڙ، نهر
woman,عورت، استري، مائي، زال,,عورت، استري، مائي، زال
wonder,حيرت، تعجب، معجزه,,حيرت، تعجب، معجزه
wonderful,نرالو، عجيب، حيرت انگيز,,نرالو، عجيب، حيرت انگيز
wonderfully,عجيب طرح سان، نهايت، بلڪل,,عجيب طرح سان، نهايت، بلڪل
wont,عادي، دستور، عادت، معمول، رسم,,عادي، دستور، عادت، معمول، رسم
wood,جهنگ، ٻيلو، تلهڙ، ڪاٺ,,جهنگ، ٻيلو، تلهڙ، ڪاٺ
wooden,ڪاٺيءَ جو,,ڪاٺيءَ جو
woodland,ٻيلو، جهنگ,,ٻيلو، جهنگ
woody,جهنگ سان ڀريل، ٻيلو,,جهنگ سان ڀريل، ٻيلو
wool,پشم، اُن,,پشم، اُن
word,اکر، لفظ، انجام، پيغام، حڪم,,اکر، لفظ، انجام، پيغام، حڪم
wording,اکر، بيان ڪرڻ جو نمونو,,اکر، بيان ڪرڻ جو نمونو
work,ڪم، ڪم ڪرڻ، محنت ڪرڻ، ڪوشش ڪرڻ، هلائڻ، تصنيف,,ڪم، ڪم ڪرڻ، محنت ڪرڻ، ڪوشش ڪرڻ، هلائڻ، تصنيف
workbook,مشق ڪاپي، مشقي ڪتاب,,مشق ڪاپي، مشقي ڪتاب
worker,ڪم ڪندڙ,,ڪم ڪندڙ
working,ڪارگذاري,,ڪارگذاري
workload,ڪم جو بار,,ڪم جو بار
workplace,ڪم ڪرڻ جي جاءِ,,ڪم ڪرڻ جي جاءِ
works,ڪارخانو، افعال، عمل، عمل اعمال,,ڪارخانو، افعال، عمل، عمل اعمال
worksheet,ڪم جي ورھاست وارو ڪاغذ,,ڪم جي ورھاست وارو ڪاغذ
workshop,ڪارخانو، گودي,,ڪارخانو، گودي
world,دنيا، جهان، جڳ,,دنيا، جهان، جڳ
worldwide,عالمگير، دنيا ۾ ظاهر,,عالمگير، دنيا ۾ ظاهر
worm,ڪيئون، پشيماني، ڪيڙو,,ڪيئون، پشيماني، ڪيڙو
worms,پيٽ جا ڪيڙا، ڪنيئان، ڪيڙا,,پيٽ جا ڪيڙا، ڪنيئان، ڪيڙا
worn,پاتل، گٺل، کٿل، پهريل، ڪتب آيل,,پاتل، گٺل، کٿل، پهريل، ڪتب آيل
worries,پريشانيون، ڳڻتيون، خفو,,پريشانيون، ڳڻتيون، خفو
worse,بدتر، وڌيڪ خراب، اُبتو,,بدتر، وڌيڪ خراب، اُبتو
worship,پرستش، تعظيم، عبادت، پوڄا,,پرستش، تعظيم، عبادت، پوڄا
worst,سڀ کان خراب، بدترين، سڀني کان برو,,سڀ کان خراب، بدترين، سڀني کان برو
worth,خوبي، جوهر، قدر، قيمت، ملهه، ملهه جو,,خوبي، جوهر، قدر، قيمت، ملهه، ملهه جو
worthwhile,فائدي وارو، تڪليف لائق,,فائدي وارو، تڪليف لائق
worthy,مناسب، قابل، لائق، شايان، سڄڻ,,مناسب، قابل، لائق، شايان، سڄڻ
wound,گهاءُ، ڦٽ، زخم,,گهاءُ، ڦٽ، زخم
wounded,ڦٽيل، زخميل، گهايل,,ڦٽيل، زخميل، گهايل
woven,اُڻيل,,اُڻيل
wrapper,لبادو، ويڙهندڙ، لفافو، پوش، ڍڪ، بجڪو,,لبادو، ويڙهندڙ، لفافو، پوش، ڍڪ، بجڪو
wrath,قهر، غضب، غصو، ڪاوڙ,,قهر، غضب، غصو، ڪاوڙ
wretch,بدنصيب، آفت زده، نڀاڳو، ڪميڻو,,بدنصيب، آفت زده، نڀاڳو، ڪميڻو
wright,ڪاريگر، بنائيندڙ، ٺاهيندڙ,,ڪاريگر، بنائيندڙ، ٺاهيندڙ
wrist,ڪارائي، ڪارائيءَ جو ڪم، ڪارائيءَ جي لچڪ,,ڪارائي، ڪارائيءَ جو ڪم، ڪارائيءَ جي لچڪ
writ,پروانو، ڪورٽ جو حڪمنامو، نوشتو,,پروانو، ڪورٽ جو حڪمنامو، نوشتو
write,لکڻ,,لکڻ
writer,مصنف، ڪاتب، راقم، مؤلف، منشي، لکندڙ,,مصنف، ڪاتب، راقم، مؤلف، منشي، لکندڙ
writing,دستاويز، ڪتاب، مضمون، تصنيف، لکڻ جو ڪم، اکر,,دستاويز، ڪتاب، مضمون، تصنيف، لکڻ جو ڪم، اکر
written,قلمي، لکيل,,قلمي، لکيل
wrong,قانون جي برخلاف، بي جا، بد، غلط، ظلم، زيادتي، غلط الزام لڳائڻ، نقصان,,قانون جي برخلاف، بي جا، بد، غلط، ظلم، زيادتي، غلط الزام لڳائڻ، نقصان
wrongful,بي جا، ناجائز، ناحق,,بي جا، ناجائز، ناحق
x,انگريزي الفابيٽ جو چوويهون اکر,,انگريزي الفابيٽ جو چوويهون اکر
xerox,ڪاپي يا نقل ڪندڙ مشين,,ڪاپي يا نقل ڪندڙ مشين
y,انگريزي الفابيٽ جو پنجويهون اکر، دوشاخو رستو,,انگريزي الفابيٽ جو پنجويهون اکر، دوشاخو رستو
yacht,ڊونگو، هلڪي بادبان ٻيڙي هوا خوريءَ لاءِ اميرن جي سير لاءِ ننڍو آگبوٽ,,ڊونگو، هلڪي بادبان ٻيڙي هوا خوريءَ لاءِ اميرن جي سير لاءِ ننڍو آگبوٽ
yahoo,انسان جي شڪل جو حيوان، جانور جهڙو ماڻهو,,انسان جي شڪل جو حيوان، جانور جهڙو ماڻهو
yankee,اميريڪا جي رياست نيو انگلنڊ جو باشندو,,اميريڪا جي رياست نيو انگلنڊ جو باشندو
yard,وال، گز,,وال، گز
yarn,تاندورا، ڌاڳو، سُٽ,,تاندورا، ڌاڳو، سُٽ
ye,تون، توهان، هاڻي رڳو شعر,,تون، توهان، هاڻي رڳو شعر
yea,هان! اونهون! اوهو! البت، بلڪ,,هان! اونهون! اوهو! البت، بلڪ
year,سال، سنه، ورهيه، 365 ڏينهن,,سال، سنه، ورهيه، 365 ڏينهن
yearbook,اهڙي سالياني اشاعت جنهن ۾ ڪنهن ساري سال جي خبرچار ڇپيل هجي,,اهڙي سالياني اشاعت جنهن ۾ ڪنهن ساري سال جي خبرچار ڇپيل هجي
yearly,هر سال,,هر سال
yeast,ڦيڻ، خمير، بار (شراب چڪائڻ لاءِ),,ڦيڻ، خمير، بار (شراب چڪائڻ لاءِ)
yell,چيخڻ، رڙيون ڪرڻ,,چيخڻ، رڙيون ڪرڻ
yellow,پيلو، زردو، شڪ ۽ شبهي جون نظرون، نامرد، بزدل، ساڙوچان,,پيلو، زردو، شڪ ۽ شبهي جون نظرون، نامرد، بزدل، ساڙوچان
yen,جپاني سڪو جو هڪ آني جي برابر ٿئي ٿو,,جپاني سڪو جو هڪ آني جي برابر ٿئي ٿو
yes,ها، اڇا، جيءُ، اڙي، ڀلي، هام ڀرڻ,,ها، اڇا، جيءُ، اڙي، ڀلي، هام ڀرڻ
yesterday,ڪلهه، گذريل ڏينهن، ڪالهوڪي ڏينهن,,ڪلهه، گذريل ڏينهن، ڪالهوڪي ڏينهن
yet,ان کان سواءِ، اڃا وڌيڪ، علاوه,,ان کان سواءِ، اڃا وڌيڪ، علاوه
yield,پيداوار، اپت، اتارو,,پيداوار، اپت، اتارو
yielding,ملائم، نرم، دٻجڻ وارو، رضامند، رضامنديءَ جو,,ملائم، نرم، دٻجڻ وارو، رضامند، رضامنديءَ جو
yoga,هنود ۾ رياضت جو هڪ خاص طريقو,,هنود ۾ رياضت جو هڪ خاص طريقو
york,ڪرڪيٽ جي بال کي اڇلڻ لاءِ رانديگر,,ڪرڪيٽ جي بال کي اڇلڻ لاءِ رانديگر
yorker,ڪرڪيٽ جي بال کي اڇلڻ لاءِ رانديگر,,ڪرڪيٽ جي بال کي اڇلڻ لاءِ رانديگر
yorkshire,انگلنڊ جو هڪ شهر,,انگلنڊ جو هڪ شهر
you,تون، توهان، توهان کي، پنهنجو پاڻ کي,,تون، توهان، توهان کي، پنهنجو پاڻ کي
young,ننڍو، جوان، صغيرسن، اڻ آزمودگار، اڻڄاڻ,,ننڍو، جوان، صغيرسن، اڻ آزمودگار، اڻڄاڻ
your,تنهنجو، توهان جو,,تنهنجو، توهان جو
yours,تنهنجو، توهان جو,,تنهنجو، توهان جو
yourself,تون خود، توهان خود، توهان پاڻ، پنهنجو پاڻ کي,,تون خود، توهان خود، توهان پاڻ، پنهنجو پاڻ کي
youth,جواني، نوجواني، عالم شباب,,جواني، نوجواني، عالم شباب
z,انگريزي الفابيٽ جو ڇويهون اکر,,انگريزي الفابيٽ جو ڇويهون اکر
zebra,گورخر، نيل گناءِ آفريڪا جو جانور,,گورخر، نيل گناءِ آفريڪا جو جانور
zenith,چوٽي، ڪاپار، عروج، عوج,,چوٽي، ڪاپار، عروج، عوج
zeppelin,جرمنيءَ جو وڏو جنگي هوائي جهاز,,جرمنيءَ جو وڏو جنگي هوائي جهاز
zero,صفر، ٻڙي، ندارو، حد عدم,,صفر، ٻڙي، ندارو، حد عدم
zinc,جست، ٽامي ۽ جرمن سلور جو ميلاپ,,جست، ٽامي ۽ جرمن سلور جو ميلاپ
zion,قديم جيروسلم جي ٽڪري، آسماني حڪومت,,قديم جيروسلم جي ٽڪري، آسماني حڪومت
zip,بندوق جي گولي وانگر هوا ۾ گذرڻ وانگر آواز,,بندوق جي گولي وانگر هوا ۾ گذرڻ وانگر آواز
zodiac,راس منڊل، منطق البروج، راس چڪر,,راس منڊل، منطق البروج، راس چڪر
zone,پٽو، ڪمربند، منطقه,,پٽو، ڪمربند، منطقه
zoning,علائقي بندي,,علائقي بندي
zoo,چڙيا گهر، جانور خانو، جانورن جو باغ,,چڙيا گهر، جانور خانو، جانورن جو باغ
zoology,علم حيوان,,علم حيوان
zoom,هوائي جهاز کي تمام تکو سڌو مٿي اڏائڻ,,هوائي جهاز کي تمام تکو سڌو مٿي اڏائڻ
