score,english,sindhi,english_definition
13,cor,قُلْبانُ,Cor
11,etc,برابر,etc.
11,etc,براهمڻ,etc.
11,etc,بي ڍنگو,etc.
11,etc,بهَڻ,etc.
11,etc,ڀانِسالُ,etc.
11,etc,ڀيدُ,etc.
11,etc,تَنوارَ,etc.
11,etc,توبَ,etc.
11,etc,بادِشاهُ,etc.
11,etc,گُرﯘ,etc.
11,etc,پَرَديسُ,etc.
11,etc,پِئادِ,etc.
11,etc,ڦولڙِو,etc.
11,etc,جُوانُ مَرْدُ,etc.
11,etc,جُنئي,etc.
11,etc,جهوڳَڻُ,etc.
11,etc,چَچُاو,etc.
11,etc,چَڪاسَڻُ,etc.
11,etc,چنجهائيِ,etc.
11,etc,ڏشْٽُ,etc.
11,etc,رِڪلبُ,etc.
11,etc,سَنياسُ,etc.
11,etc,سيوا,etc.
11,etc,فِرَنگُہ,etc.
11,etc,ڪَنواٺيِ,etc.
11,etc,ڪنواٺيِ,etc.
11,etc,ڪالهہ,etc.
11,etc,ڪَڙاهو,etc.
11,etc,ڪَيْسَرِ,etc.
11,etc,گُڻُ,etc.
11,etc,عالمگير,etc.
11,etc,ڳهلو,etc.
11,etc,ڍاڪُنئَون,etc.
11,etc,لونَبڙُ,etc.
11,etc,لۇنارُ,etc.
11,etc,ماٹهو,etc.
11,etc,ماتاب,etc.
11,etc,مَرْدُ,etc.
11,etc,مُرْسُ,etc.
11,etc,مَهِينو,etc.
11,etc,لَعْنَتَ,etc.
11,etc,نِسِچو,etc.
11,etc,نِئاتِ,etc.
11,etc,نِئازُ,etc.
11,etc,نِئاءُ,etc.
11,etc,وارِثُ,etc.
11,etc,ويچارَڻُ,etc.
11,etc,وِئُٽَ,etc.
11,etc,هِنئَرَ,etc.
11,etc,تاڪيو,etc.
11,etc,پُڦيِ,etc.
8,abs,کَرائيِ,abs. n of
8,abs,کَڙائيِ,abs. n of
8,abs,نِروڳو,abs. n
8,abs,وِسائيِ,abs. n of
8,adv,تَٿان پَٿان,adv. In extremis
8,adv,جِٿي,adv. See
8,cor,سَنتَرُ,cor of Center.
8,cor,سَنتِريِ,cor of Sentry.
8,cor,ڪانِسُ,Cor of Cornice.
8,cor,ڪائِجو,Cor of
8,cor,ڪَپِتانُ,cor of Captain.
8,cor,ڪِرْسِتانُ,cor of Christian.
8,cor,ڪَرِنيلُ,cor of Colonel.
8,cor,ڪَمانيِ,cor of Commander.
8,cor,ڪَنتِرو,cor of Decanter.
8,cor,کَٿو,cor of
8,cor,لَيْن,cor of Line.
8,cor,ميلُ,cor of Madam.
8,cor,ٻالاسُ,cor of Balance.
8,cor,ڪِٽِليِ,cor of Kettle.
8,corr,تَتُ,corr of
8,corr,سَوَ,corr of
8,etc,جاڎان,etc).
8,etc,جيسِتائِين,etc).
8,nom,آنئًَين,nom. pl ) of
8,pl,اَنواع,pl. of
8,prep,مَٿون,prep. See
8,pres,ڏيِندو,pres. p of
7,cor,رَئُنَ,"cor of Round). A round, patrol."
7,cor,فِرَنگُ,cor of Frank; Europe.
7,cor,لاٽُ,cor of Lord) The Viceroy.
7,cor,وَرْتو,cor of Order. A uniform.
7,etc,حُقو,", etc."
7,etc,شاگِرِدُ,", etc."
7,falling,گيارس,falling on the 11th of
7,prevalence,واسِرو,Prevalence (of a disease). a. See
7,till,تاسيِن,"Till then, so long ( corr of"
7,washing,طَهارَتَ,Washing either partially or fully; See
6,among,وِڌِ,"Among Hindus, the defilement brought on others by one dying in a state of uncleanness, or on one's self from causing the death of a cat, &c. A defect (in a metal). See"
6,complaining,مُتَشَڪيِ,Complaining; See under
6,cor,فِرَنٽِ,"cor of Front.) Rebellious, ready to fight."
6,etc,براهمڻيِ٬ برهمڻ,etc. See
6,etc,ڀَوڻُ,"etc. Eccentricity, pride."
6,etc,جَڎهاڪُرَ,etc.).
6,etc,جَڎهِن,etc.) تَڎْهوڻِڪو، تَڎْهوڪو
6,etc,جِئَن,etc.)
6,etc,پاڙوسيِ,etc. under پارون، پاڙو See
6,etc,جانمَْردُ,etc. See
6,etc,جِتِ,etc. جِٿَئون،جِٿانئَون،جِٿان
6,etc,ميٿيِ,"etc.), a cluster."
6,etc,چۇنجهائيِ,etc. See
6,etc,ڏُهيلو,etc. See
6,etc,مُڙْسُ,etc. See
6,etc,مَهِنو,etc. See
6,etc,نِيازُ,etc. See
6,etc,وغيره,"Etc., et cetera."
6,etc,عَهُدو,"etc., under"
6,etc,کَٽوليِ,etc.).
6,till,تيسيِنتوئِين,"Till then, so long, up to that time or place. ( corr of"
5,etc,جَڎْهوڪو,etc.). A long time since.
5,etc,پاروسيِ,"etc.) Neighbouring, vicinal. A neighbour."
5,etc,ڳُڻاريِڪ,etc. under ڳُڻوانُ . ڳُڻُ Possessing excellent qualities.
5,sound,سُکوپَتِ,"Sound sleep, deep sleep. سُکِياڻيِ، سُکِيو، سُکيِ See under"
5,sound,نِدا,Sound; ( gram See under
5,turn,ويرُ,"Turn, turn. See under"
4,abs,پارﯘٿو,Stale abs. n
4,abs,جۇکو,Moneyless. abs. n
4,abs,شفاياب,Convalescent. abs. n
4,abs,نيڪ بخت,Fortunate; dutiful. ( abs
4,abs,هريوڀريو,Idem. ( abs. n
4,actions,عمل,") Actions, conduct."
4,addressed,سيڻُ,so addressed.
4,afghan,پَٺاڻُ,"An Afghan, Pathan."
4,agreeing,قائِلُ,"Acquiescing, agreeing, convinced."
4,agreeing,مُتَفِقُ,"United, agreeing, unanimous."
4,agreeing,هامَ,"Assent, agreeing."
4,ah,ووءِ,Alas! ah!
4,altered,مُبَدِّلِ,"Changed, altered."
4,am,اَناالحَقُّ,I am God.
4,american,عشق پيچُ,The American Jasmine.
4,analyze,تَفْرِيقَ ڪَرَڻُ,To analyze.
4,ancestors,اَباواَجْدا,"Forefathers, ancestors."
4,andrew,جعفرزٽليِ,Merry Andrew.
4,angles,متبدل ڪنڊوُن,Alternate angles.
4,annoying,کِيدِرو,"Troublesome, annoying."
4,ant,اُڏوهيِ,A white ant.
4,ant,چٍيهو,A small ant.
4,anything,ڪَنچَنُ,Gold. Anything delicate.
4,approaching,وارُ,"Coming, approaching."
4,arab,عِراقيِ,An Arab horse.
4,arguing,ردبدل ردقد,"Disputing, arguing."
4,arguing,وادُ,"Disputing, arguing."
4,aries,ميشُ,The sign Aries
4,aries,ميکُہ,The sign Aries
4,arranging,ٺاهَ,"Inventing, arranging, assorting."
4,arrive,رَسائِڻُ,"). To arrive, reach."
4,arrive,وارَدُٿئَڻُ,To arrive.
4,atoms,ڀورِ,"Crumbs, atoms, powder."
4,atoms,چۇرو,"Powder, filings, atoms."
4,bark,بهۇڙ,A bark.
4,bark,ڀَونڪَڻُ,To bark.
4,bark,ڀَونڪَ,A bark.
4,beating,ٻُِلهَہ,"Punishment, beating; scolding."
4,beck,ڪنجڪ لڳہ,Under beck & call.
4,believed,پَتِجَڻُ,To be believed. پَتِوَنتُ،پَتِ وارو
4,billiard,ڪَتيِ,( Billiard ) Canon.
4,birds,چُڳَڻُ,) Food o birds.
4,blamed,حرف اَچڻ,To be blamed.
4,blamed,نِنِتو,"Censured, reproved, blamed."
4,blessings,صَلْواتَ,"Prayer, benedictions, blessings."
4,bodies,اِجرام,n. pl Bodies.
4,bodies,اِجرام سما,Heavenly bodies.
4,boiled,دِمَ,n. pl Boiled
4,boiled,ڪيهَرُ,Grain boiled dry.
4,bot,اوڌَ,"( bot ) Soboles, sucker."
4,bot,رَجَ,Dust ( bot ) Pollen.
4,bot,سدابهار,"( bot ) Evergreen, perennial."
4,bot,گَوْنٽُ,Kernel. ( bot ) Corolla.
4,bot,اوٽِيڙو,( bot ) A tiller.
4,breaking,اَنجاميِ ڪۇڙو,One breaking promises.
4,breaking,ڊۇنڊۇن,"Farting, breaking wind."
4,bricks,پَٿيرَڻُ,To mould (bricks).
4,brutal,حَيْنوانيِ,"Animal, brutal."
4,bullying,دٻاءُ,"Threatening, menacing, bullying."
4,cards,تاشَ,Brocade). Playing cards.
4,causing,واتَوارو,Emetic causing vomiting.
4,center,سَنتَرُ,cor of Center.
4,ceremonies,پَتِرَڪَْرمُ,Funeral ceremonies.
4,changed,تَغَيُّرُٿِيَڻُ,To be changed.
4,checked,پَلِجَڻُ,To be checked.
4,cheers,جئيِ جئيِ ڪارِ,"Rejoicings, cheers, exultation."
4,chips,ڀَوانيِ,Thin chips.
4,chosen,بَرگُزيِدو,"Elect, chosen."
4,chosen,پَسَندِ,"Approved, chosen."
4,chosen,ڪَسِ,"Approved, chosen."
4,chosen,ناپئد,"Rare, chosen, unequalled."
4,cleaned,ٻِِثَٻُهيِ,Ill cleaned grain.
4,collected,اُڳڙڻ,To be collected.
4,collected,ڪَٺو,"Together, collected."
4,collectively,زمينات,Lands collectively.
4,collectively,ساه پتاه,"Jewellry, jewels collectively."
4,collectively,سِپاهُ,"Soldiery, soldiers collectively."
4,color,وساڻل,Faded (color).
4,colored,ميندئَيِ رَتَڙيِ,Henna colored.
4,colors,چِٽَ چِٽَ,Variegation of colors.
4,com,سۇجَ,( com ) Gross (weight).
4,com,کوٽِپو,( com ) Wastage.
4,com,اصل مال,( com ) Prime quality.
4,com,مُدي پُنيِ,( com ) Mature.
4,com,موڙومچڪو,Idem. ( com ) Dull.
4,coming,ايِندَڙِ,While coming.
4,commissioned,سَنَديِ,"Covenanted, commissioned, accredited."
4,comp,آميزِ,(in comp ) Mixed.
4,comp,ٽِنجَ,"Conceit, foppery. ( comp"
4,comp,چَؤ,(In comp ) Four.
4,comp,سُوَّ,(In comp ) Self.
4,comp,عَلي,(In comp ) On.
4,comp,گۇنُ,(In comp ) Colour.
4,comp,نِويِسُ,(In comp ) Writer.
4,comp,ياوَرُ,(In comp ) Keeping.
4,competence,دال روٽيِ,fig ) Moderate competence.
4,competence,سَرَڻُ,"Means, competence."
4,computing,ڳَڻَڻُ,") Counting, computing."
4,consequences,آڳوپيڇوڳڻڻ,To weigh consequences.
4,considerable,ڳَچَجيتِرو,A considerable quantity.
4,considering,ڳَڻَتورَ,"Calculating, considering."
4,constrained,مَجْبۇرُ,"Compelled, forced. constrained,"
4,continent,کَنڊُ,A continent.
4,continually,ٻارهوئيِ,"Always, ever, continually."
4,continually,هَرَهَرَ,"Constantly, continually, repeatedly."
4,continually,هَميشَهَ,"Always, ever, continually."
4,continuous,ماضيِ مدامي,Past continuous tense.
4,converse,واڪَڻُ,"To talk, converse."
4,copier,اُتاريندڙ,A copier.
4,cor,زِڪَ,( cor
4,cor,قائِزو,( cor of
4,cor,ڪافُ,n. cor of
4,cor,ڪڳَرُ,( cor of
4,cor,کَڦَڻُ,( cor of
4,cor,کَرَ,( cor of
4,cor,کَسَمُ,( cor of
4,cor,مُسَطَحَ,( cor
4,coral,پارِجاتِ,The coral free.
4,cork,ٻۇچُ,A cork.
4,corn,اُتيهﮡ,To hull (corn).
4,corn,ڪَنڊِ,Threshing corn.
4,corn,مَڪائِڻِ,"Indian corn, maize."
4,corpse,لاشَ,A corpse.
4,corpse,مَڙَهُ,A corpse. See
4,corpse,مَيَتُ,A corpse.
4,corrupted,نِبْتَرِ,"Lost, abandoned, corrupted."
4,corrupted,نبيرڻ,"Spoiled, corrupted, abandoned."
4,cosmos,ڀۇن وديا,"Creation, the cosmos."
4,costly,مَهَنگو,"Dear, costly."
4,cottage,ڪُٽيِ,A cottage.
4,cottage,نِجُهرو,"A hut, cottage."
4,cottage,ڇَڄو,"A cottage, house."
4,cough,کِرْْکِٽيِ,Whooping cough.
4,cough,کُرْٽو,Whooping cough.
4,cough,کنگهڻ,To cough.
4,cough,گَٻَهْريِ جيِ کَنگهِہ,Whooping cough.
4,cough,وڎيِ کنگهہ,Whooping cough.
4,counted,ڳاڻ ڳڻيو,"Allocated, designated, counted."
4,coupled,ٻِيجَڙِ,"In couples, coupled."
4,couples,ٻِيجَڙِ,"In couples, coupled."
4,courage,جُراَتَ,"Bravery, courage."
4,courage,ڌوتيِ ڇوڙڻ,To lose courage.
4,courage,ڍڍرڍراٿيڻ,To lose courage.
4,courtyard,اَيْوانُ,A courtyard.
4,courtyard,صَحَنُ,A courtyard.
4,crab,سِيانتو,The river crab.
4,crawl,ريِڙهيِ پائِڻُ,To crawl.
4,created,سُپِجَڻُ,To be created.
4,creator,اُپائٹهار,The Creator.
4,creator,خالِقُ,The Creator.
4,creator,سِرْجَڻَهارُ,The Creator.
4,creator,ڪرتار,The Creator.
4,creator,ڪَلتْارُ,"The Creator, God."
4,creature,ويڇاڙُ,A useless creature.
4,crooked,آڏَِترﮁو,"Uneven, crooked."
4,crooked,آڏوٽيڏو,"Awry, crooked."
4,crooked,ٽوُرو,"Bent, crooked."
4,cross,ڇِڙٻيل,"Snappish, cross."
4,cross,سَنڪۇ,( survey ) Cross staff.
4,cross,صَليبُ,"A cross, crucifix."
4,cross,اُڪِرَڻُ,To cross.
4,crow,اَلُ,A young crow.
4,crow,غَرابُ,A crow.
4,crow,ڪانويليِ,A female crow.
4,crow,ڪانِرو,A young crow.
4,cruel,بي رَحِمُ,"Merciless, cruel. ("
4,cry,رڙڪو,A cry.
4,cry,نَعْرو,"A cry, shout."
4,cry,آلابُ,"Sound, cry."
4,cry,ٽيرَ,A cry.
4,crying,رودَنُ,"Weeping, crying."
4,crying,رئڻائيِ,"Weeping, crying."
4,crying,اُٻِڪارَ,"Sighing, crying."
4,cucumber,پَٽَتﯘريِ,A wild cucumber.
4,cucumber,چِڀِڙُ,The pubescent cucumber.
4,cucumber,وَنگو,The common cucumber.
4,cue,ڏَسُ,"Direction, cue, hint."
4,cuff,بُجو,"A cuff, slap."
4,cuff,ٿًپَڙُ,"A cuff, thump."
4,cuff,چَپاٽَ,"A slap, cuff."
4,cups,پيِتَلُ,"Drunk, in cups."
4,cured,تازوتَوانو,"Refreshed, cured, renovated."
4,curl,ڪُنڍِڙو,"A curl, tress."
4,curry,اَڳرو پوڻ,To curry favor.
4,curse,بِنْبالُ,Pest; calamity; curse.
4,curse,پاراتو,"A curse, anathema."
4,curse,پِٽَ,Cursing; a curse.
4,curse,پِٽِڻو,A curse. See
4,curse,ڪانيِ هڻڻ,To curse.
4,curse,نِپُٽو,Sonless (a curse). نِپُنْسَڪُ، نِپَنْسَڪُ
4,curtain,درپردو,A door curtain.
4,curtain,مڇرداني,A mosquito curtain.
4,curtain,مَهاری,A mosquito curtain.
4,curved,مُدَوَرُ,"Arched, curved, circular."
4,dancing,نَچَڻُ,") A dance, dancing."
4,david,زَبۇرَ,Psalms of David.
4,dealings,ڏيتيِ ليتيِ,"Buying & selling, dealings."
4,dealings,لَڙهُ وَچُڙُ,"Business, dealings; intimacy."
4,degrees,درجيِ بدرجيِ,By degrees.
4,designated,ڳاڻ ڳڻيو,"Allocated, designated, counted."
4,destroyed,بَرِباد,"Ruined, destroyed, lost."
4,destroyed,ڀَثِڻِ,"Ruined, destroyed."
4,destroyed,ڪُٽُ,"Gelt, castrated; destroyed."
4,disappeared,رَفَعَ,"Finished. Removed, disappeared."
4,dishes,اُگهيِ اُٿڻ,Empty out (dishes).
4,does,ڪَرَڻُ,What one does.
4,dogs,ڪُتَنِ هابِ,Fit for dogs.
4,doing,بدڪاريِ,Evil doing.
4,dolphin,دُلْفيِنُ,A dolphin.
4,doors,بَجَرَڪَپاٽَ,Adamantine doors.
4,drawers,اَڳَٺُ,Tape for drawers.
4,dried,سڪو,"Dry, dried."
4,dried,کارِڪَ,A dried date.
4,dried,ڳنڍربصر,A dried onion.
4,drinking,ڏوگهِرُ,One constantly drinking.
4,earlier,سويرڙو,Somewhat earlier.
4,ect,سٺائتو,"or Opportune, ect."
4,educated,خواندو,"Lettered, educated, (as"
4,engaged,مَشْغوُلُ,"Employed, busy, engaged"
4,etc,تِڎُ,"A grasshopper, etc"
4,etc,پِڃارو,etc. See under
4,etc,چِڙيِ,etc. See under
4,etc,چَمِڙيِ٬ چَمِڙو,etc. See under چَمڙاپوشُ . چَمُ
4,etc,ڇِڪڙ٬ ڇِڪَ,"etc., See under"
4,etc,ڪاراٽِجَڻُ,etc. See under
4,etc,مُتَعْديِ,etc. See under
4,events,سَوانَحِ,"Incidents, events."
4,exchanged,مٽجڻ,To be exchanged.
4,extractor,صورت وَندُ,"Handsome, beautiful. extractor."
4,extremely,نِهايَتُ,"Exceedingly, extremely."
4,faced,مُنهُن,") Faced, as"
4,fairly,حَقِ,"Deservedly, fairly, justly."
4,favor,اُپڪار,"Benevolence, favor."
4,favor,اَڳرو پوڻ,To curry favor.
4,favor,تَوَجَهَ,"Attention; condescension, favor."
4,favor,ياوَريِ,"Assistance, favor."
4,favor,ڎَتُ,"Kindness, favor."
4,feeling,بيِ حس,Without feeling.
4,feminine,ٻيِ,The feminine of
4,feminine,ساڌٹيِ,The feminine of
4,feminine,مسخرياٹيِ,The feminine of
4,filings,ٻۇرو,"Sawdust, filings, powder."
4,filings,چۇرو,"Powder, filings, atoms."
4,filled,ٽِپائيِ,"Sated, filled. Satiety."
4,filthy,اَڌوتو,"Unwashed, impure, filthy."
4,filthy,گۇنٺُ,"Dirty, filthy."
4,filthy,مَلِينُ,"Dirty, filthy."
4,filthy,ميرو,"Dirty, filthy, foul."
4,filthy,نِڌۇ,"Exceedingly dirty, filthy."
4,filthy,نِڪَ,Very dirty; filthy.
4,finder,لَهَڻُ,") Finder, discoverer."
4,finder,يابَندَهَ,"A finder, recipient."
4,firefly,کَرْکَٽُ,A firefly.
4,flavored,جَسَ ڀَريو,Decent. Flavored.
4,flooded,زيرآب,"Under water, flooded."
4,forgiveness,بخشائڻ,To ask forgiveness.
4,forgiveness,عَفْوَ,"Pardon, forgiveness."
4,forgotten,وِسِرَڻُ,To be forgotten.
4,forming,جوڙِڻي,"Making, forming."
4,fowler,مارُ,A fowler.
4,frequently,دفعيِ دفعيِ,"Constantly, frequently."
4,friends,شيرشڪر,fig ) Intimate friends.
4,fulfill,بجاءِآڻڻ,"To execute, fulfill."
4,fulfilled,مَنْظوُرُ,"Sanctioned, fulfilled."
4,fundamentals,اَصليت,"Roots, elements, fundamentals."
4,georgian,گَرْجيِ,A Georgian.
4,getting,نيباهُ,"Living, getting on."
4,gives,حُڪُميِ,Who gives orders.
4,giving,اِمْدادُ,"A gift, giving."
4,giving,کيريتو,"Milch, giving milk."
4,got,سَهيِ سَنبَهيِ,Having got ready.
4,grains,ڏُٿُ,Wild grains.
4,grandfather,پَرَنانو,A grandfather (maternal).
4,grandfather,ڏاڏو,A paternal grandfather.
4,grandmother,ڏاڏيِ,A paternal grandmother.
4,grapes,پَٽَپيرﯘن,"Foxes' grapes, nightshade."
4,grapes,جهنگ جيِ ڊاکہ,(Wild grapes) Physalisminima
4,guessing,ڌڪيِ باريِ,Scuffling. Guessing.
4,gui,سَتارَ,A gui tar.
4,habits,رَهَتِ,"Manners, habits."
4,has,هنجيی هليٿيِ,He has influence.
4,having,اَختياريِ وارو,One having authority.
4,having,اَڌڪاريِ,One having authority.
4,having,اولاديِ,& One having children.
4,having,پَهُچَوارو,"Powerful, having authority."
4,having,ڏاٺر,"Tusked, having tusks."
4,having,ريکِيارو,(One) having such.
4,having,سَرَندُ,One having means.
4,having,نسبتي,"Relative, having reference."
4,headed,ڪج فهم,Wrong. headed.
4,heard,سُيو,) To be heard.
4,heavens,اُﭛ,"The heavens, sky."
4,heavens,آسمانُ,"The sky, heavens."
4,heavens,اَنْبَرُ,The heavens.
4,heavens,رامُ رامُ,inter Good heavens !
4,hindi,وانجِهہ,( Hindi
4,hindi,ويچَڻُ,( Hindi
4,hindu,ڀُڄَڻُ,(Hindu).
4,hindu,تِرْمۇرتيِ,The Hindu Triad.
4,hindu,ڪتيِ,(Hindu fast days).
4,hindu,پاٺِشالا,A school (Hindu).
4,hindu,مَعْرِڪو,(Hindu).
4,hindu,راءِ,A Hindu title.
4,hindu,سوچيِ,A Hindu shoemaker.
4,hindu,مَساڻ,A Hindu crematory.
4,hindu,واجهو,A Hindu schoolmaster.
4,hindu,واڻِيو,) Of a Hindu.
4,hindu,واڻِياڻيِ,A female Hindu.
4,hindu,هٽواڻيو,A Hindu shopkeeper.
4,hindu,هندڪو,Of a Hindu.
4,hindu,هِندُئاڻيِ,A female Hindu.
4,hindu,شاسِتْرُ,The Hindu scriptures.
4,holes,ٽُنگِرُ,Full of holes.
4,honestly,سپتيو,"Honest, Honourably, honestly."
4,honor,آدرستڪار,"Welcome, honor."
4,honor,بنده نوازَ,Your honor!
4,honor,پَتِلاڄَ,"Fair name, honor."
4,honor,جَنابُ,Your Honor.
4,horns,واٽُوان,Curled (horns).
4,householder,گِرْهَسْتُ,"A householder, layman."
4,householder,گهرائيِ,A householder.
4,ideas,مَنوراجُ,"Fancies, foolish ideas."
4,inf,اُڌاڻو,Went away. inf
4,informed,آگاهُ,Acquainted informed of.
4,insects,سريل,Eaten by insects.
4,instruct,تاڪيد ڪَرَڻُ,"To enjoin, instruct."
4,intend,اِرادو کرﮡ,"To resolve, intend."
4,interests,حَقُ حقُۇقُ,Rights and interests.
4,interpreting,ڪَٿا,"Preaching, interpreting Scriptures."
4,jewelry,ڌَڙِ,( Jewelry ) Girdle. ( Weaving
4,joke,کل کاٻاريِ کلاسريِ,"Laughing, ridicule, joke."
4,jump,ٺينگُ,"A leap, jump."
4,jump,خيزُ,"A leap, jump."
4,jump,ڪۇدَڻُ,To jump.
4,keystone,چاٻئيِ جوپٿر,The keystone.
4,kindness,ڀَلاڻيِ,Goodness; kindness; advantage.
4,kindness,شَفَقَتَ,"Condolence, kindness."
4,kindness,ڪارۇن,A kindness.
4,kindness,مهرباني,"Friendliness, kindness, favour."
4,kindness,مَيا,"Pity, compassion, kindness."
4,kindness,هِتُ,"Love, friendship, kindness."
4,kinds,نَوْعَ,") Sorts, kinds."
4,kinds,قسمين قسمين,Of various kinds.
4,kings,شاهنشاه,King of kings.
4,kissing,چُم چُم,Constant kissing.
4,knees,دۇزانو,The two knees.
4,knowing,پَڪوازُ,"Clever, shrewd; knowing."
4,knowing,فارسيِ دان,Persian knowing). داناهُ، داناءُ
4,knows,ڄاڻي ڄاڻَڻَهارُ,God knows.
4,kos,ڳاهۇ,A kos (2 miles.)
4,later,پانهيرو,A little later.
4,leadership,هِدايَتَ,"Guidance, leadership."
4,leaves,پَليِ,The leaves of
4,leaves,پَنِرُ,Having leaves; leafy.
4,leaves,ڦِس,The leaves of
4,leaves,سون مَڪائيِ,"Senna leaves, cassia."
4,lessons,سَبَقَ,Object lessons.
4,lies,اَستﭔولڻ,To tell lies.
4,lies,ڌوڌو,"Fraud, cheating, lies."
4,liquids,ماڻي,Measure for liquids.
4,listener,سامَعَ,"A hearer, listener."
4,looking,پوچارَ,"Care, looking after."
4,looking,دَرْپَنُ,A looking glass.
4,losing,هارجيت,Winning and losing.
4,lots,پکُووجَهڻُ,To cast lots.
4,loving,پِريميِ,"Affectionate, loving; devout."
4,lush,رسائتو,"Juicy, sappy, lush."
4,ly,هَفْتيِ وارُ,or Weekly -ly.
4,mach,چَڪرِيۇن,( mach ) Gearing.
4,mah,فَريدُ,A Mah saint.
4,mah,نِمازَ,Prayer ( Mah
4,mah,ٻُرْڙو,A Mah caste.
4,marry,لائۇن لهڻ,To marry.
4,marry,وَرَڻُ,To marry.
4,mas,ساڍا,nom. plu. mas (
4,mas,کارُ,( mas ) (
4,med,خُماقَ,( med ) Quinsy.
4,med,سُفۇفُ,( med ) Powder.
4,med,ڪِڇُ,( med ) Leucorrhœa.
4,med,نيِسائِڻُ,( med ) To resolve.
4,med,وِرِ,"( med ) Sinus, fistula."
4,med,اَنبُ,( med ) Pterygium.
4,med,تَشْخِيصِ,Specification; ( med ) diagnosis.
4,med,عَرْقُ الِسا,( med ) Sciatica.
4,med,ناسۇرُ,( med ) Sinus.
4,medicines,پُنجَ,( ) Heaps (of medicines).
4,melt,آٽﮡ,To melt.
4,melt,پَگهِْرجَڻَ,To melt.
4,mention,ڳائووائو,"Talk, mention."
4,metals,رَچُ,Granulation (of metals.)
4,miles,ڳاهۇ,A kos (2 miles.)
4,millions,اَربِ,A thousand millions.
4,millions,ڪِروڙ,Ten millions.
4,moderately,هالورو,Waving. moderately.
4,moses,مۇسيٰ,The Prophet Moses.
4,motley,پٽو,") Striped, motley, variegated."
4,necessarily,جائيِ,"Positively, necessarily."
4,neighbours,اوڙو پاڙو,"Neighbourhood, vicinity; neighbours."
4,noah,نۇحُ,The patriarch Noah.
4,nom,تَوِهين,The nom. pl
4,nom,مِڙِيوئي,All ( nom. pl
4,notes,ٽِپُ,To take notes.
4,obtained,پِراپَتِ,"Acquired, obtained."
4,obtained,حاصل ٿئڻ,To be obtained.
4,offended,وِڎۇڻو,"Angry, offended."
4,oneself,ڦاسيِ کائِڻُ,To hang oneself.
4,oneself,لڱہ موڙڻ,To stretch oneself.
4,oneself,مزاڪرڻ,To enjoy. oneself.
4,opp,اِسٿۇل,Gross ( opp to
4,opp,ڏۇتو,Income ( opp to
4,opp,سُجَهندو,Light ( opp to
4,opp,سَراوَندو,( Opp
4,opp,ڪَبِيرُ,"Great, opp to"
4,opp,ڪِٺُ,"Heartwood, opp to ڪِٺُ . ڪَچُ"
4,opp,مقررَيِ,"Appointment, opp to"
4,opp,ونجوڳُہ,"Discord, opp to"
4,opp,يَڪِلانگو,"Sidesaddle, opp to"
4,opp,اُڀَڪَ,"Standing, opp to"
4,opp,اَڀَهۇ,"Scanty, opp to"
4,opp,اُجَهندو,"Dusk, opp to"
4,opp,اَڳَڍائو,"Well born, opp"
4,opp,ڀۇتو,"Expenditure, opp to"
4,opposed,وِرُڌِ,"Contrary, opposed, against."
4,opposing,نابِرُ,"Denying, opposing, adverse."
4,ornaments,جَڙِتِ,Settings in ornaments. جَڙَڻيِ،جَڙْتِ،جَڙَتِ
4,overwhelmed,آلۇدو,"Bedaubed; defiled, overwhelmed."
4,pant,سَهَڪَڻُ,"To pant, wheeze."
4,pant,هُڦِجَڻُ,To pant.
4,pat,ٽِپِڙ,"To tap, pat."
4,pat,ٺاپُرَڻُ,To pat.
4,pearls,پوتِ,"Small pearls, beads."
4,pearls,موتِيُنِ جيِ جهانئيِ,Seed pearls.
4,pearls,ڪِلَ,Glimmer (of pearls).
4,pelican,پيڻِ,A pelican. پيڻاڍِيو، پيڻاڍيِ See
4,pelican,ڦيڻاهيِ,A pelican (
4,perceived,مَحْسۇسُ,"Perceptible, perceived, felt."
4,perform,اَداڪرڻ,"To perform, discharge."
4,perform,نِئَتُڻُ,"To do, perform."
4,perform,وضۇسارڻ,To perform ablutions.
4,peru,عَباسيِ,Marvel of Peru.
4,peru,عباسيِ,Marvel of Peru
4,physiol,آڪُڙَ,( physiol ) Sympathy.
4,pieces,تَهَباردُن,n. pl Pieces.
4,pieces,ٽُڪِراٺو,"Fragments, pieces."
4,pieces,اُڌاڻَڻُ,"Halves, two pieces."
4,pinnacle,اَڻيِ,A pinnacle; selfishness.
4,pl,اِجرام,n. pl Bodies.
4,pl,اَحڪام,n. pl Orders.
4,pl,آنئًَين,nom. pl ) of
4,pl,بوراڪۇن,n. pl Barracks.
4,pl,ٻَچَ,n. pl Dovetail.
4,pl,ڀِرۇن,n. pl Eyebrows.
4,pl,تَوِهين,The nom. pl
4,pl,تَهَباردُن,n. pl Pieces.
4,pl,پَرَهَڻُ,n. pl Clothings.
4,pl,پَنڌِرَنِ,The pl. oblique
4,pl,سُڪلَ ڇيڻا,n. pl Casings.
4,pl,ڇيهۇن ڇيهۇن,n. pl
4,pl,دِمَ,n. pl Boiled
4,pl,عَناصِرُ,n. pl Elements.
4,pl,ڪَپِچا,n. pl Rubble.
4,pl,ڪَسَڙَ,n. pl Weeds.
4,pl,لُڳْڙَٽُڳْڙَ,n. pl Rags.
4,pl,مِڙِيوئي,All ( nom. pl
4,pl,چِڙِۇن,n. pl of
4,playing,تاشَ,Brocade). Playing cards.
4,playing,چِڌو,A playing marble.
4,pleased,ثُٺو,). To be pleased.
4,pleased,خُرَمُ,"Happy, merry, pleased."
4,pleased,خۇشنۇد,"Happy, pleased, merry."
4,pleased,شادِ,"Joyful, happy, pleased."
4,pleased,مَحَظۇظُ,"Happy, joyful, pleased."
4,possess,ماڻَڻُ,To enjoy; possess.
4,possessed,ڀۇتارِيَلُ,One possessed.
4,praise,ساراهَ,"Applause, praise, applauding."
4,praise,سوڀَ,Victory. Praise.
4,praise,واکائَڻس,"To praise, applaud."
4,pressed,ڇيڙو,A pressed labourer.
4,prices,نِراڙُ,of prices current.
4,promises,اَنجاميِ ڪۇڙو,One breaking promises.
4,published,شايَعَ,"Divulged, issued, published."
4,punish,ڪَڍَڻُ,To punish severely.
4,punish,جوڙَپُڄائِڻُ,"To punish, chastise."
4,punjab,پَنجابيِ,Of the Punjab.
4,push,ٿيلهو,A push.
4,push,پِيلَڪَ,A push.
4,qualities,وَصْفَ,") Signs, qualities."
4,questioning,پُڇَ,"Asking, questioning. پُڇَ ڳَڇَ، پُڇاڳاڇا"
4,quicker,وَڌَنديِ وِکَہ,A quicker pace.
4,quietly,هَرين هَرين,"Slowly, quietly."
4,realise,ٻِيث پَوَڻُ,"To realise, understand."
4,rebound,اُٿڙ,A rebound. (
4,rebound,اُوسِڙو,A rebound.
4,rebound,ٿيڙُکائِڻُ,To rebound.
4,recognise,سڃاتو,"To recognise, identify."
4,recognised,سُڃاپَڻُ,To be recognised.
4,recognizing,سُڃاڻَ,"Acquaintance, recognizing."
4,regards,نِئازَ,"Respects, regards."
4,rely,ڀَرِڏِيَڻُ,"To rely, depend."
4,renovated,تازوتَوانو,"Refreshed, cured, renovated."
4,repairing,جوڙَجَڪَ,"Arrangement. Repair, repairing."
4,repairing,مَرامَتَ,"Mending, repairing."
4,repealed,مَنْسۇخُ,Cancelled repealed.
4,residing,واسيِ,"or Resident, residing."
4,respected,قُرْبِوَندُ,"Loved, respected."
4,respected,والِدَهِ,"Mother, respected mother."
4,resting,آسري جيِ جاءِ,A resting place. !
4,resting,مڙه مقام,A resting place.
4,returning,اوٽ موٽ,Going and returning.
4,ribs,پاسِريِ,The ribs.
4,riddle,پِروليِ,"A riddle, enigma."
4,riddle,ڏِٺَپِروليِ,"A riddle, enigma"
4,riddle,ڳجهارت,A riddle enigma.
4,rings,واگهۇ,ear rings.
4,rinse,آڇلائڻ,To rinse.
4,roast,ڪَبابُ,"Roasted meat, roast."
4,rob,ڦُرَڻُ,To rob.
4,roots,پِنڊَئون,From the roots.
4,ropes,لَڄَ,) ( naut ) Ropes.
4,rub,رَڳِڙَڻُ,"To rub, grate."
4,rub,گَهِڪو,A rub.
4,ruined,اُجڙ,"Desolate, ruined."
4,ruined,چوڙ,"Destroyed, ruined, waste."
4,ruined,خَرابَُ,"Bad, evil; ruined."
4,rumble,گُڙْڪَڻُ,"To rumble, purr."
4,safely,سلامت,"or Safe, safely."
4,scaled,ڇِلُرُ,") Scaled, scaly, squamous."
4,scorpio,ڀَثُنئَڙيِ,). 'Scorpio.'
4,scriptures,ڪَٿا,"Preaching, interpreting Scriptures."
4,scriptures,شاسِتْرُ,The Hindu scriptures.
4,secretly,چُپُ چُپاتِ,"Silently, secretly."
4,secretly,ڳجهائتو,"or Secret, secretly."
4,secretly,منجهائتو,"or Secret, secretly."
4,secretly,چورئيَ,"Stealthily, secretly."
4,seeds,بي داغائيِ,"Seedless, without seeds."
4,seeds,ڪارازيريِ,Common carraway seeds.
4,seeds,ڪارِيجِيريِ,Common carraway seeds.
4,seeds,کَسْکَسِ,Poppy seeds.
4,seeds,کَراڙو,Paddy seeds.
4,seeker,گهورو,"A seeker, searcher."
4,seeker,نهارو,"A searcher, seeker."
4,seth,سيٺياڻيِ,Of a seth
4,severely,ڪَڍَڻُ,To punish severely.
4,severely,گُڎُڀَڃَڻُ,To beat severely.
4,shaking,ڌانڌولُ,A shaking.
4,shaking,ڌوڏَ,"A jolt, shaking."
4,sharply,تَمَڪَ سان,"Curtly, sharply, harshly."
4,shave,ڪۇڙَڻُ,To shave.
4,shaving,سُوارٿيِ,"Adornment, beautifying. Shaving."
4,shaving,سيرَپَ,"Hair-cutting, shaving."
4,shed,گئۇشالا,A cow shed.
4,shed,ڳاڙڻ,To shed tears.
4,shed,ڳوڙهاڳاڙڻ,To shed tears.
4,shed,هنجۇن هارڻ,To shed tears.
4,sheets,ڪَٺورو,( naut ) Stern sheets.
4,shelving,لاڙئون,"Sloping, slanting, shelving."
4,shoots,ٻۇنگَرُ,Top shoots of
4,shoulders,ڪَلَهنئِان,From the shoulders.
4,shout,ٻاڪارَ,"To shout, bawl."
4,shout,سَڏُ,"Call, calling, shout."
4,shout,نَعْرو,"A cry, shout."
4,shout,هوڪارو,A shout.
4,sides,ٻِپارو,From both sides.
4,sigh,ٿڌوساه ڪڻڻ,To sigh.
4,sigh,شۇڪارڻ,To sigh.
4,sigh,شۇڪارو,A sigh.
4,signs,ميڇ ڏئڻ,To make signs.
4,signs,وَصْفَ,") Signs, qualities."
4,sip,ڍُڪُ,"A sup, sip."
4,sip,ڍُڪَڻُ,To sip.
4,sip,سرڪو,To sip.
4,sip,سرڪيِ,A sip.
4,sit,ٺِنڀي هَڻَْنُ,To sit silent.
4,sit,ويهَڻُ,To sit.
4,slap,بُجو,"A cuff, slap."
4,slap,تَماچو,A slap.
4,slap,چَپاٽَ,"A slap, cuff."
4,slap,چَماٽَ,A slap.
4,smaller,ڪمَتر,"Less, lesser, smaller."
4,smaller,لاٺائيِ,Somewhat smaller.
4,smile,پاٻوهَ,A smile.
4,smile,پاٻوهَڻُ,To smile.
4,smile,مُشْڪَڻُ,To smile.
4,smoked,دۇنهاٽڻ,To be smoked.
4,smoker,چَنڊۇليِ,A smoker of
4,snap,ٽُٽَڻُ,"To break, snap."
4,snap,کَسَڻُ,") A snatch, snap."
4,snatch,جهٽَڻُ,"To snatch, pluck."
4,snatch,کَسَڻُ,") A snatch, snap."
4,sold,اَگهائجڻ,To be sold.
4,sold,وڪجڻ,To be sold.
4,soldiers,سِپاهُ,"Soldiery, soldiers collectively."
4,somewhat,جيڪيِسو,"Some little, somewhat."
4,somewhere,ڪاٿي,Where? Somewhere.
4,somewhere,ڪاڏي,Where? Somewhere.
4,somewhere,ڪيڎَهِين,Where? Somewhere.
4,sorts,نَوْعَ,") Sorts, kinds."
4,sorts,ناناپِرْڪارَجا,Of various sorts.
4,sorts,ناناپرڪارجو,Of various sorts.
4,souls,جنم جنم,Transmigration of souls.
4,sound,ڦَهَڪاءُ,A slapping sound.
4,sound,جهانئيِ,"Noise, sound, voice."
4,sound,چيِچاٽُ,A creaking sound.
4,sound,چيِنگهاٽُ,A creaking sound.
4,sound,کَڙْڪائڻ,"To knock, sound."
4,sound,گُڙْڪو,A rumbling sound.
4,sound,لَلْڪارَ,"Melody, sweet sound."
4,sound,ٻِرْڪَ,A sound.
4,sound,رِمِ جِهمِ,A pleasing sound.
4,speak,ﮘا لها ئڻ نٿواُڪليِ,Cannot speak.
4,speak,آلائڻ,To speak.
4,spirited,هِنئين ڎاڍو,"Courageous, spirited."
4,spirits,غيب عالم,Evil spirits.
4,spirits,مَدُرا,"Wine, spirits."
4,spirits,مُندُ,"Wine, spirits."
4,spy,چاريِ,A spy.
4,stairs,چَرْڻيِ,"A ladder, stairs."
4,stars,ثَوابِتَ,The fixed stars.
4,stay,تالِيو,( naut ) A stay.
4,steal,چورائِڻُ,To steal.
4,stew,دَمَڻُ,To stew.
4,still,ڪَرْڻَڦُلُ,"A still, alembic."
4,still,نِوائو,"Windless, calm, still."
4,stores,ذَخيِرو,"Provisions, stores, treasure."
4,stories,پَڙْٻاٽَ,"Boasting, lying stories."
4,stories,لَپوڙَ,Boasting; braggart stories.
4,stray,اُلِهيڙُ,A stray animal.
4,strengthening,قوتی,"Strong, strengthening."
4,stroll,گُهُمڻُ,") A stroll, ramble."
4,stroll,گهمڻ ڦرڻ گهتڻ,To stroll about.
4,submit,آڻ مڃڻ,To submit.
4,submit,تات مَڃَڻَ,To submit.
4,suburbs,پَسِگِرْدائيِ,"Environs, suburbs, vicinity."
4,suburbs,گِرْدِنَواحيِ,"Neighbourhood, suburbs."
4,suck,چَڳِڙَڻُ,To suck.
4,suck,ڌاتو,) To suck.
4,sucked,ڌاپجڻَ,To be sucked.
4,sucking,ٻَٺُ,A sucking pig.
4,suffer,ٽولاڪاکائِڻ,To suffer hardships.
4,suffer,چماٽ لڳڻ,To suffer loss.
4,suffer,ڇيئو پائڻ,To suffer loss.
4,suffer,دُڪَہ ڏسڻ,To suffer.
4,suffer,مَرائِڻُ,To suffer sodomy.
4,suffering,اندوهُ,"Pain, sorrow, suffering."
4,suffering,ڏوسُ,"Sin, fault; suffering."
4,suffering,ڪڇر,One so suffering.
4,suitable,جوڙائِتو,"or Suitable, suitably."
4,sup,ڍُڪُ,"A sup, sip."
4,sup,سَهارو,"Hope, sup-"
4,suspect,شڪڻ,To fancy; suspect.
4,suspend,لٽْڪائِڻُ,"To hang, suspend."
4,swallowing,ڳِتَ,A swallow; swallowing.
4,sweep,ٻُهارَڻُ,To sweep.
4,sweep,جهاڙۇڏئڻ,To sweep.
4,sweetheart,راوَلُ,A sweetheart.
4,sweetheart,ساجَنُ,"A lover, sweetheart."
4,sweetheart,سُپِريِ,"A lover, sweetheart."
4,sweetheart,ڌِيِرُ,"A comforter, sweetheart."
4,swell,آماسِجَڻُ,To swell.
4,swell,ٿوٿِرَڻُ,To swell.
4,swell,ڦُنڊائِڻُ,To swell. ڦُنڊَڻُ، ڦُنڊِجَڻُ
4,swim,اڻتارۇ,Unable to swim.
4,switch,ڪانٽومٽائڻ,To switch.
4,tack,گوسُ اُٿارَڻُ,( naut ) To tack.
4,take,ٿَڪُ ڀَحيَڻُ لاهِڻُ,To take rest.
4,take,ٽِپُ,To take notes.
4,take,دامن وٺڻ,To take refuge.
4,take,ناس ڏئڻ,To take snuff.
4,take,ويرُوَٺَڻُ,To take revenge.
4,taking,پِئَڻُ,) Taking of water.
4,taking,ڏي وٺ,Giving and taking.
4,tales,ٽِٻَ پَڙَهُڻ,To tell tales.
4,talk,اورَڳُ,Kind friendly talk.
4,talk,بحرڦاڙڻ,To talk tall.
4,talk,بڪوادِ,"Prattle, foolish talk."
4,talk,پَچارَڻُ,To talk about.
4,talk,ڍيڪَ ڇَڎَڻُ,To talk nonsense.
4,talk,گوياگفتار,"Conversation, talk."
4,talk,مَقالُ,"Saying, talk, conversation."
4,talk,واڪَڻُ,"To talk, converse."
4,talk,واڻيِ,"Language, talk."
4,talk,وِنڌاپَڻُ,"Chatter, talk nonsense."
4,talk,اورَڳُہ,Kind friendly talk.
4,tap,ٽِپِڙ,"To tap, pat."
4,teach,سِکائِڻُ,To teach.
4,tears,آب ديدد,"In tears, tearful."
4,tears,رُئَڻَهارِڪو,"Tearful, in tears."
4,tears,ڳاڙڻ,To shed tears.
4,tears,ڳوڙهاڳاڙڻ,To shed tears.
4,tears,هنجۇن هارڻ,To shed tears.
4,tease,ڪرڻ,To tease.
4,tell,اُتﮡ,"To say, tell."
4,tell,اَستﭔولڻ,To tell lies.
4,tell,آکہُ,") To tell, inform."
4,tell,ٽِٻَ پَڙَهُڻ,To tell tales.
4,termination,تَماميِ,"The end, termination."
4,termination,توڙُ,"End, conclusion, termination."
4,terribly,مَڌَمَچَڻُ,To stink terribly.
4,thanksgiving,حَمْدُ,"Praise, thanksgiving."
4,think,خيال ڪرڻ,To think.
4,thoughtful,خياليِ,"Imaginary, fanciful; thoughtful."
4,threat,ڌمڪيِ,A threat.
4,threaten,ڀَڙْڪَڻِ,"To threaten, intimidate."
4,threaten,دئيِ ڪرڻ,"To frighten, threaten."
4,threatening,ڍِنگُمَٽَرُ,A threatening expression.
4,throttle,گهٽوڎيڻ,"To strangle, throttle."
4,throttle,ڎئڻ,To throttle.
4,thunder,گَجَڻُ,"To thunder, roar. ("
4,tie,وَنگَہ,To tie.
4,tightly,سوگهوجَهَلڻُ,To catch tightly.
4,times,صدبار,Hundred times.
4,times,وقتي,At times; perchance.
4,tire,ٿَڪائِڻُ,"To tire, fatigue."
4,touch,ڇُهْيو,) To touch.
4,touching,دَرْدَاَنگيزِ,"Painful; pathetic, touching."
4,trace,پيروکَڻَڻُ,To trace footsteps. پيڻاڍئيِ، پيريواڍيِ، پيريِ، پيراڍۇ
4,tracker,پَڳيِ,A tracker.
4,tracker,پيريِ,A tracker. پيراگۇن، پيرانگو
4,tracker,پيڻاڍِيو,A tracker.
4,train,آگ گاڎيِ,A railway train.
4,train,ريلَ,A railway train.
4,transferred,بدلي ٿيڻ,To be transferred.
4,trap,ڦِڙْڪَ,"Snare, trap."
4,trap,ڪُؤامارُ,A rat trap.
4,travelling,سَفَرُ,"Journey, travelling, march."
4,travelling,گَشْتُ,"Circuit. travelling, tour."
4,troops,ڪُمَڪُ,"Auxiliary troops, reinforcement."
4,trouble,اُچائڻ,"To trouble, annoy."
4,trouble,اَڳلي کي هلاک ٿوکرين,You trouble one.
4,trouble,جاڳَرُ,Demand. (?) Trouble. (?)
4,trouble,جُکَ,"Pain, sorrow, trouble."
4,trouble,دق ڪرڻ,"To trouble, annoy."
4,trouble,ڏانجهَہ,"Pain, trouble."
4,trouble,ڪَهَڪُ,"Pain, distress, trouble."
4,trouble,کاپارو,"Annoyance, trouble, botheration."
4,trouble,ڳَهَڻُ,") Trouble, toil, fagging."
4,trouble,مَشَقَّتِ,"Labour, trouble, difficulty."
4,trouble,وِماسُ,"Anxiety, grief, trouble."
4,trouble,وِياڪُلُ ڪرڻ,"To annoy, trouble."
4,trouble,هَرْجُ,"Loss, detriment. Trouble."
4,trouble,هلاکہ ڪرڻ,"To trouble, annoy."
4,trouble,هَلاوَتَ,"Distress, annoyance, trouble."
4,troubled,وِياڪُلُ,"Confounded, troubled."
4,trumpet,صۇر,A trumpet.
4,turn,ڦيرُڦارُ-گهيرِ,"). A turn, twist."
4,turn,چرخ مارڻ,To turn round.
4,turn,گَرْدانَڻُ,To turn ( Shah
4,turn,لِڱو,"Time, turn, occasion."
4,turn,لَهْڪارِجَڻُ,To turn pale.
4,turn,وارو,"Time, tour, turn. ("
4,twist,ڦيرُڦارُ-گهيرِ,"). A turn, twist."
4,uncovered,نَنگو,"Naked, uncovered."
4,undergo,جوڳُ پَچائِڻُ,To undergo hardships.
4,undergo,ڪروٽ کائڻ,To undergo hardships.
4,understand,ٻِيث پَوَڻُ,"To realise, understand."
4,understand,سُرْجَهڻُ,"To understand, comprehend"
4,understand,اُجَهڻُ,"To understand, as"
4,upset,ليٽائڻ,"To upset, overturn."
4,venetian,سِيتاراميِ,A Venetian coin.
4,verified,مُحَقَقُ,"Authenticated, verified; positive."
4,verses,بَيْتِ بازيِ ڪرڻ,To cap (verses).
4,vicinity,اوڙو پاڙو,"Neighbourhood, vicinity; neighbours."
4,vicinity,پَسِگِرْدائيِ,"Environs, suburbs, vicinity."
4,vicinity,ڇَڪَ,"Surroundings, vicinity."
4,vicinity,ويجهائيِ,"Nearness, proximity, vicinity."
4,visit,روُئَتَ,"Appearance, sight, visit."
4,visit,مُلاقاتَ,"Meeting, interview, visit."
4,visiting,زيارَتَ,"A pilgrimage, visiting."
4,vomiting,واتَوارو,Emetic causing vomiting.
4,votes,غلبي,Majority of votes.
4,wait,تَرْسَڻُ,To wait.
4,wait,جۇهَ,Lying in wait.
4,wait,سيِڙَڻُ,"To delay, wait."
4,walk,کُڙيِ کَڻَڻُ,To walk astf.
4,walking,پَنڌُ,"Distance; journeying, walking."
4,walking,پيرين پَنڌِ,On foot; walking.
4,wander,ڀَوڻو,"To wander, roam."
4,wander,پَنجاڪَڇَڻُ,To wander aimlessly.
4,wander,چڪرَکائڻ,To wander about.
4,wander,ڇِرَڻُ,"To wander, roam."
4,wandering,ڀنوارُ,One wandering about.
4,wandering,ڦيرِيدارُ,A wandering mendicant.
4,wandering,لوٿِڪو,"Stray, wandering about."
4,wandering,ڀۇڻِ,"Travelling, wandering. Knowledge."
4,washed,ڌوئِجَڻُ,To be washed.
4,washed,ڌئارڻ,To get washed.
4,watching,جاڳَرْتِ,"Waking, watching, vigilance."
4,watching,سَهيڙَ,"Carefulness, watching, vigilance."
4,ways,ڀيتِ,"Habits, ways."
4,ways,رَوَشِ,"Behaviour, conduct, ways."
4,ways,ڪُچالَ,"Misconduct, evil ways."
4,weaving,اُڻاڻيِ,Cost of weaving.
4,weaving,ڌَڙِ,( Jewelry ) Girdle. ( Weaving
4,weaving,باسِڪارِيۇن,( weaving ) Lease-rods.
4,weigh,آڳوپيڇوڳڻڻ,To weigh consequences.
4,weigh,تورَڻُ,To weigh.
4,weigh,ٽَلَڻُ,To weigh.
4,weigh,جوکَڻُ,To weigh.
4,welcome,اَجيِ,"Honor, welcome."
4,welcome,جييِءُ ڪري,) You are welcome.
4,welcome,مَرَحْبا,inter Hail! welcome!
4,welcome,مَرَحْباڪَرَڻُ,To welcome.
4,welcome,نِچُ آيَئِن,You are welcome.
4,welcome,نچ چوڻ,To welcome.
4,welcome,هانمُشْڪا,"Greeting, welcome."
4,whistle,سيِٽَ,"Whistling, whistle"
4,whistle,سيٽ ؤڄائِڻُ,To whistle.
4,whistle,سيِنڌَ,"A whistle, whistling."
4,whistle,سيِنڌارَڻُ,To whistle.
4,whistler,سِيِٽُر,A whistler.
4,whistler,سينڌائيِ,A whistler.
4,willingness,خۇشدليِ,"Pleasure, satisfaction, willingness."
4,wink,اَکہ ڀﭸڻ,To wink.
4,wink,ٽَپَڻُ,To wink.
4,wink,جِهمائِڻُ,To wink (eyes).
4,wipe,اُگَهڻُ,To wipe.
4,wisely,سَنڌُ ڪمائِڻ,To act wisely.
4,words,لَفْظُ,"). Words, terms."
4,words,تُڪانتَ,Rhyme of words.
4,words,حيص بيص ڪَرڻَ,To bandy words.
4,words,ڪِٺس,"Indecent words, scurrility."
4,words,رَٽَڻُ,") Speech, words."
4,worlds,دارينِ,The two worlds.
4,worlds,تِرْلوڪ,The three worlds (
4,worried,تالان,"Annoyed, worried; plundered."
4,worry,ريڙائڻ,"To worry, harass.."
4,worry,گِهِلَڻُ,"See گِهِل گيِنداڙَ . گِهِرَڻُ Harassment, worry."
4,years,سالَها,For years.
4,years,وِسانگَ ويساندَرَ,Many many years.
3,abs,اَلَغَْرضُ,"Thoughtless, indifferent, careless. abs. n"
3,abs,اُمراهيِ,"A grandee, noble. abs. n"
3,abs,ڀورِڙو,"Artless, innocent, simple; silly, abs"
3,abs,تَجَڻُ,"To abandon, give up. abs"
3,abs,پاڻڀَرو,"Independent, self-reliant. ( abs. n"
3,abs,پاءِ بَندُ,"Bound, restrained, fettered. ( abs. n"
3,abs,پائِبَنديِ,"Constant, stable, lasting. ( abs. n"
3,abs,پَٽِڙاڻِ,"Thin, watery, washy. ( abs. n"
3,abs,پُرْڌو,"). To understand, comprehend. ( abs. n"
3,abs,پَليِتُ,"Defiled, impure. ( abs. n"
3,abs,پَوِتِرُ,"Pure, holy, undefiled. abs. n"
3,abs,پِئَرو,"Yellow, saffron-coloured, sallow. ( abs. n"
3,abs,ڦِلهو,"Flaccid, puffy; lazy. ( abs. n"
3,abs,ڦيڦو,"Puffy, bloated, flabby. abs"
3,abs,جانِبازُ,"Risking life, venturesome. ( abs. n"
3,abs,جهۇنگارَ,"Old, ancient. abs. n"
3,abs,حَليِمُ,"Mild, forbearing, abs. n"
3,abs,خاصوکيسو,On intimate terms. abs. n خاصِئَتَ .خاصائيِ
3,abs,خَبِيثُ,"Impure, wicked. ( abs. n"
3,abs,خَسْتو,"Vexed, annoyed, abs. n"
3,abs,دستگير,A patron. abs دستمال .دستگيريِ A handkerchief.
3,abs,دلگيريِ,"Sorrowful, melancholy. abs. n"
3,abs,دَوْنسو,"Stout, fat, lusty. abs. n"
3,abs,ديانتدار,"Faithful, conscientious, honest. abs. n"
3,abs,ديندار,"Religious, pious, righteous. abs. n"
3,abs,ديوانو,"Mad, frantic. abs. n"
3,abs,ڊِڙهِ,"Stable, firm, resolute. abs. n"
3,abs,رفۇگر,A darner. abs. n
3,abs,ريِجَهڻُ,"Crooked, mischievous. abs. n"
3,abs,سَڦِرو,"Good, excellent, nice. abs. n"
3,abs,سُجاکو,"Awake, wakeful, wary. abs. n سُجاڳہ .سُجاکائيِ"
3,abs,سرفرارڪرڻ,"To exalt, honor. abs. n"
3,abs,سرگردان,"Perplexed, distracted. ( abs. n"
3,abs,سرخرۇٿيڻ,To curry favour. abs. n
3,abs,سَنجيِدو,"Grave, considerate; solemn. abs. n"
3,abs,سۇجهو,Dim-sighted. abs. n
3,abs,شَرِيرُ,"Wicked, rascally, bad. abs. n"
3,abs,غَليِظُ,"Thick; filthy, nasty. abs. n"
3,abs,ڪَٺَنُ,"Hard, difficult; penurious. abs. n"
3,abs,ڪم ياب,"Rare, scarce. ( abs. n"
3,abs,لاٺو,"Small, little, short.( abs. n"
3,abs,مَدُّ,"Bad, ill. abs. n"
3,abs,مُلائِيمُ,"Soft, tender; mild. abs.n"
3,abs,نابالغ,"A minor, ward. ( abs. n"
3,abs,ناپاڪ,"Polluted, impure, unclean. ( abs. n"
3,abs,ناچاڪ,"Sick, indisposed. abs. n"
3,abs,ناداريِ,"Ignorant, foolish. ( abs. n"
3,abs,نِرْجو,"Shameless, incorrigible. abs. n"
3,abs,نِرْدَئي,"Hardhearted, cruel. ( abs. n"
3,abs,نِسَتُ,"Feeble, weak. abs. n"
3,abs,آڪِرو,Rough (sea). abs. n
3,accurately,سوڏِيتُ,"or indic ) True, correct, accurately."
3,actions,ڪِرْتُ,"Acts, actions. Made, written, composed."
3,adv,سلسلي وار,"Consecutive, serial; unbroken. adv. Seriatim"
3,ah,حَيْفُ,Shame. inter Alas ! ah !
3,ah,هاءِ,inter Alas! oh! ah!
3,ah,هوءِ,inter Alas! Ah! also
3,ah,هَيْ,inter Ah! oh! alas!
3,aiming,سَڃَ,"Pointing at, aiming; ffoering."
3,ali,عَلْويِ,A descendant of Ali
3,am,اُلَسْتُ,liter Am I not?) Eternity.
3,am,وسْتارُ,"Expansion, extension, am plification; prolixity."
3,among,اُٽي ڪرﮡ,To break friendship among children.
3,among,اُسِتو,"A master, headman among artizans."
3,among,ڦِڪَتُ,A coldness among friends.
3,among,ڌۇنئَون,"A sect (among Fakirs, &c.)."
3,among,مَنجِهہ,"In, within, among, into."
3,amusing,مزي جهڙو,"Interesting, pleasant; amusing; odd, queer."
3,ancestors,شعبان,to commemorate ancestors. A letter.
3,ancestors,ايِچۇن پِيچۇن,Shortcomings of another's ancestors.
3,animals,ڏَنگِہ,A large fly attacking animals.
3,animals,ساڳو,A string of loaded animals.
3,annoyed,خَسْتو,"Vexed, annoyed, abs. n"
3,annoyed,هَلاڪُ,"Bothered, annoyed, wearied, trouble, vexed."
3,annoying,چِمْتڪَارُ,Brightness; astonishment; an annoying thing.
3,annum,وَرْهِيووَرْهِ,"Year by year, per annum."
3,ant,ڪِئُليِ,A small kind of ant.
3,ant,ماڪوڙو,A large black ant. ( dim
3,ant,مُڙهيِ,A small white ant.
3,anything,اَجهڪائيِ,To scramble (for anything).
3,anything,اَنديِ,Selvage; the edge of anything.
3,anything,بڻاڻيِ,The cost of making anything.
3,anything,ٿَڪَ جيِ مُهرَ,fig ) Anything transient or ephemeral.
3,apartments,اوطاق,The men's apartments.
3,apartments,زَنانِخانو,"The female apartments, zenana, harem"
3,arab,اَعِرابي,An Arab of the desert.
3,arguing,شِدَ,"Doggedness, insistence, arguing, disputing unreasonably."
3,arrangements,ٽِڪِساٺُ,A plan. Elaborate arrangements.
3,arrangements,مانڊاڻو منڊڻ,To make elaborate arrangements.
3,arrive,پَهُتو,") To arrive, reach extend."
3,arrive,ڍُڪائِڻُ,To cause to arrive.
3,asked,مَڱڻُ,") Asked for, borrowed, on loan."
3,attacking,ڏَنگِہ,A large fly attacking animals.
3,attending,ڄاڃيِ,One attending such a procession.
3,backs,هٽڻو,"(An animal) who backs, obstinate."
3,backwards,لَنگَهہ,Passing backwards and forwards.
3,backwards,هَٽائِڻُ,"To repel, drive backwards."
3,baking,تَئَو,A bread baking pan.
3,baking,پَچاڻيِ,The price for baking.
3,bark,ڪهيريِ,The bark used in dyeing.
3,bark,يَخيِ,A loud bark. Prattling.
3,bark,باهوڙَ,The bark of a dog.
3,barking,بَهيِ,The barking of a dog.
3,bars,ڎَنڊُ,( gymnastics ) Pressing between bars.
3,baskets,ڇِڪائيِ,A maker of such baskets.
3,beating,تَڙَ,"Driving away; beating game, battue."
3,beating,ڪندُريِ,The beating clothes in washing.
3,beating,کاٽائۇ,One heedless of beating.
3,beating,مَهَميزَ,"A spur: correction, chastise-ment, beating."
3,belonging,ڄَٽِڪو,"Of, or belonging to a"
3,belonging,ساڌۇڻو,"Of, or belonging to a"
3,belonging,ڪافوريِ,"Of, or belonging to camphor."
3,belonging,مڱہ,of or belonging to
3,belonging,هندستانيِ,Indian; belonging to N. India.
3,belonging,ياقۇتيِ,"Of, or belonging to rubies."
3,bending,نَوَتِ,"Bowing, bending down, humility."
3,bending,نِئُڙَتَ,"Bowing, bending down; humility, meekness,"
3,ber,صوفيِ ٻيرُ,A species of ber (jujube).
3,billed,هَنجُ,The spotted billed goose. ( dim
3,birds,جهار,A flock of birds.
3,birds,سانگہ ڪري اچڻ,To migrate (as birds).
3,birds,طُرو,given to birds of prey.
3,birds,ڪوڙِڪر,A snare for birds.
3,birds,گيوَرُ,The urine of birds.
3,birds,واهِپو,"A roost for birds, roosting"
3,bitches,ڪَتِ,The periodical heat of bitches. (
3,blush,اکيون لڄائڻ,To blush for shame(eyes).
3,boats,نَواڙو,A fleet of boats.
3,boats,بوڙُ,A fleet of boats.
3,boiled,بَرٿو,Vegetables boiled and then bruised.
3,boiled,پيهيِ,Rice boiled and dried.
3,boiled,خُشْڦڪو,Rice boiled plain without seasoning.
3,boiled,کِچُ,A dish of boiled bajri
3,boiled,يَخِنيِ دارُپُلاهُ,pullah boiled in broth.
3,books,ٻنڌاڻيِ,"Cost of binding, (books, etc)."
3,books,پُرانُ,The Hindu mythological books. پَرانهﯘن،پَرانهون
3,bored,ناسُفْتو,"Not bored, without a hole."
3,borrowed,مَڱڻُ,") Asked for, borrowed, on loan."
3,bot,ماديِ,See مادي وارُ .مادِ ( bot ) A pistil
3,boys,شينهن ٽَپي راندِ,Name of a boys' play.
3,boys,ڪَوَڙَوَڎيِ,A kind of boys' play.
3,boys,گَنجيِ پِٽَڻ,A kind of boys' game.
3,boys,هُدِڙيِ,A boys' game. هُدايدارُ ، هُدو See
3,breaking,ڀَاڃِ,"A breaking, turning; a crease."
3,breaking,شِڪنيِ,"(In comp )Breaking, as"
3,breasts,ڏُڪِرِ,One having such breasts.
3,bricks,اوساريِ ڪرڻ,To lay bricks on.
3,bricks,ڀِيِلو,"Under burnt (bricks, &c.)."
3,bricks,پَٿيرو,A moulder of bricks.
3,bringing,سَڦَلُ,"Profitable, bringing gain, efficacious."
3,brings,سُڌِتي ٻُڌِ,Fresh news brings new expedients.
3,built,ڪَمائِڻُ,A house built of wood.
3,bullying,اَنڌير,"Injustice, wrong, outrage; misrule; bullying."
3,buried,گارُٿِيَڻُ,To be buried; See
3,burned,اُماڙيِ,"A half burned log, firebrand."
3,burned,لوٺِ,Any thing burned or black.
3,burnt,آهۇتيِ,A burnt offering of ghi
3,burnt,ڀِيِلو,"Under burnt (bricks, &c.)."
3,cakes,موڻيو,"(Cakes, &c.), in which much"
3,canine,ڪاڻيٺو,A canine tooth. ڪاواٺيو، ڪاواٺو See
3,cards,پيِسَ,A deal (of cards).
3,cards,دَهِلو,The ten at cards.
3,cards,ڏَهَلو,The ten in cards. ڏُهيرو، ڏهِلو
3,cards,ڊيلَ پۇلِيسَ,A game at cards.
3,cards,طاسَ,A bowl. Brocade. Playing cards.
3,cards,کَنکَڙُ,"Fruitless, nothing (in playing cards). کُنگهو ، کِنگو ، کنُگو"
3,cards,نَوَلُ,The nine at cards.
3,cards,نَهَلو,The nine at cards.
3,carried,کَڻَڻُ,") To be carried, lifted, raised."
3,carried,لَهَرَ,) One carried away by waves.
3,carrots,آهِريِ,A looking-glass. Pickled carrots
3,carrots,ڪُرْڪُٽيِ,A kind of pickled carrots.
3,carrots,گَجَرَ,) The green tops of carrots.
3,carrots,گاجريِ,A seller of carrots.
3,carved,چيروان,A sawyer. Having nitches carved.
3,carving,پَتِْرِڻيِ,A goldsmith's carving instrument.
3,catcher,تيتِريِ,A catcher of partridges.
3,caught,ماٽئيِ جوپلو,palla fish caught by a
3,causes,باديِ,"Flatulency. Flatulent, what causes flatulency."
3,causing,ٿَڌائِتو,"Cold, causing cold, chilly, cooling."
3,causing,عجيِبائيِ,The causing surprise or wonder.
3,ceased,بَنْدِ,"Fastened, closed, in captivity; ceased."
3,ceremonies,پﯘڄاپاٺُ,Religious ceremonies or rites.
3,changed,وانهۇنداوَرِيا,The wind has changed.
3,cheers,تاڙيۇوَڄائِڻُ,"To clap, give cheers."
3,chew,اوڳَارڻ,"To chew the cud, ruminate."
3,chew,چَٻَڻُ,"To chew. masticate, gnaw."
3,chick,چُنَڻُ,"Common chick pea, gram."
3,chosen,اشٽ ديوُ,A deity specially chosen.
3,chosen,چۇنڊَ,"Election; gleaning, Chosen; choice, best."
3,christians,نَصارا,"Nazareth; Nazarenes, Christians.Radius."
3,cleared,صفن صفا,"Totally void, empty, cleared out."
3,clouds,ڇَمَڙُ,"Cloudiness, vapour; thin clouds."
3,clouds,کَنڊَکَنڊَٿَيڻُ,"To scatter, disperse (as clouds)."
3,clouds,گهَٽا,Heavy clouds; a close crowd.
3,coins,ٽَڪَڻُ,To mill (edges of coins).
3,coins,ڇِڪو,"The stamp on coins; coinage,"
3,coins,لَمو,Blunt; worn (as coins).
3,collected,اوڳاهيِ,"The collecting (money); money collected,"
3,color,رَوْنَقَ,"Complexion, color; beauty. elegance, splendour."
3,colored,ريٽو,Red. A red colored
3,colors,چِٽِڪاري,Painting in divers colors.
3,colors,دۇرَنگو,"Of two colors, piebald; hypocritical."
3,colours,چِٽِسالي,Painted in various colours.
3,colours,کهنباٽيِ,A dyer of plain colours.
3,com,پِئاسَ,Thirst; craving. ( com ) Demand.
3,com,چاوَتِ,"Spite, ill-will. ( com ) Competition."
3,com,لَليِ,See للوڏيڻ .للوهنج com ) To square (accounts)
3,com,موڙيِ,( com ) Dull or weak market.
3,com,وَڎو,") Largeness, bulk, size. ( com ) Speculation."
3,com,وڪڻڻ جوڳيِ,( com ) Negotiable (a hundi
3,com,ڀَئِڪائِڻُ,( com ) To inflate (the cur-rency).
3,com,حاضُريِ,( com ) Spot or ready (rate).
3,coming,ايندڙويندڙ,While coming and going.
3,coming,ڀيِرو ڀَڃَڻُ,To miss going or coming.
3,coming,ميڙائو,"Meeting, joining, coming together."
3,commenced,شُرۇعُ,"Begun, commenced. Beginning, commencement."
3,comp,اَنگيزُ,(in comp ) Exciting. Lust.
3,comp,اَهْلِ,"(in comp ) One, an individual."
3,comp,بَردار,(In comp ) A bearer.
3,comp,پُرِ,(Mostly used in comp as
3,comp,خانه,(In comp ) A house.
3,comp,خُورِ,"(In comp ) Eating, drinking."
3,comp,دارُ,"(In comp ) Having, holding, (as"
3,comp,دانُ,"(In comp ) Knowing, (as"
3,comp,دواسازيِ,"Pharmacy. (In comp ) Two, double"
3,comp,ريزُ,"(In comp ) Pouring, scattering, as"
3,comp,زادِ,"(In comp ) Born, as"
3,comp,زالَ,"(In comp ) Place, multitude, as"
3,comp,سَرْو,"(In comp ) All, more."
3,comp,شِڪَنُ,"(In comp ) Breaker, as"
3,comp,شِڪنيِ,"(In comp )Breaking, as"
3,comp,شِناسُ,(In comp ) Knowing as
3,comp,فِروشُ,"(In comp ) Seller, as"
3,comp,ڪُشا,"(In comp ) Opening, expanding, (as"
3,comp,گاهِ,(In comp ) Time (as
3,comp,گَرْديِ,"(In comp ) Change, revolution."
3,comp,گيِرُ,"(In comp ) Taking; holder as,"
3,comp,مارُ,(In comp ) Killer as
3,comp,نَجْمُ,(In comp ) A star.
3,comp,نِشِينُ,"(In comp ) Sitting, sitter, as"
3,comp,نَوازُ,"(In comp ) Cherisher, as"
3,comp,نويسيِ,"(In comp ) Writership, as"
3,comp,والا,"(In comp ) Exalted, as"
3,comp,واليِ,"). (In comp ) Of, as"
3,comp,وانُ,"(In comp ) Possessing, as"
3,comp,وَرُ,"(In comp ) Possessing, as"
3,comp,هَرَڻُ,"(In comp ) Taking, removing, as"
3,comp,يابُ,"(In comp ) Finding, as"
3,comp,يابيِ,"(In comp ) Finding, as"
3,comp,دانيِ,"(In comp ) Place, pot, as"
3,competence,چارپئسا,lit Four pice) Money; competence.
3,compliments,سَلامُ,"Peace; adieu, farewell; salutation. Compliments."
3,conceived,سَنجَڻُ,"To be conceived, or created."
3,concluded,ڀوڳ پَوَڻُ,To be so concluded.
3,concluded,صلح ٿيڻ,To be concluded (a peace).
3,connecting,جَڙْڻيِ,"Joining, connecting; setting jewels; inlay."
3,connections,پَرْوارُ,"Family, relations, connections Manifest."
3,connections,کانڀاڻيِ ڇڎڻ,To sever all connections'
3,consciousness,ڀاسَ,"Perception, consciousness; presentiment, intimation."
3,consciousness,ڄاڻُ,"Presentiment, inward consciousness, inkling; intimation."
3,conserve,مَرْبو,"A conserve, confection, jam, preserve."
3,considering,پَهيِ,"Reflection, counsel, considering. Trouble, annoyance."
3,considering,مَٿَڻُ,") Churning (milk). Thinking, considering, counsel."
3,contained,مامَڻُ,"To be contained, find space."
3,containing,ٻِجارو,"or Seedy, containing seed."
3,containing,وِکُہ,") Containing poison; poisonous, venomous."
3,continually,هڪ ڌاڙو,"Remittent (fever). Continually, unintermittedly."
3,converse,گُلْقَندُ,A converse of roses.
3,cooked,آکَرُ,The scum of cooked butter.
3,cooked,لِپيٽَ,Thick gravy (of cooked meat.)
3,cooked,هَڎَڳَرِيَلُ,"Soft, or well cooked (rice)."
3,cope,جاءِهُئَڻُ,"To match, cope, with."
3,cope,دال ڳرڻ,To cope or match with.
3,cor,ڪارِتۇسُ,n. cor of Cartridge.
3,cor,ڪانپَ,n. cor of Camp.
3,cor,ڪَٻَٽُ,n. cor of Cupboard.
3,cor,ڪوئِنُ,n. cor of Quinine.
3,cor,گاسِليٽُ,( cor of Gaslight). Kerosine oil.
3,cor,ماروٽِ,( cor of Marble) Marbled paper.
3,cork,ٻُنجو,"A large cork, plug."
3,corn,آﭜوُن,Sweet unripe ears of corn.
3,corn,ڀُثو,A small ear of corn.
3,corn,کُتيِ,"A stump, stub of corn."
3,corpse,پِرانيِ,A living being. A corpse.
3,corpse,لوٿَ,"A corpse, dead body, carcass."
3,corpse,مُرْدو,"A corpse, dead body. Carrion."
3,corpse,مَيْٿُ,"A corpse, dead body."
3,corpse,نِهُرَڻُ,To bury (a corpse).
3,corr,تَڎْهاڪُرُ,Since then ( corr of
3,corr,تيتِرو,So much ( corr of
3,corr,جيڏو,So small ( corr of
3,corrupted,وٿِْرجَڻُ,To be spoiled or corrupted.
3,costly,گهڻ خرچو,"or Costly; sumptuous, sumptuously; extravagant."
3,cot,کُٽولو,"A cot, plain bedstead. ( dim"
3,cot,جهولَ ٿَيِڻُ,To sag (as a cot).
3,cottage,ڀُِنگيِ,"A cottage, hut, hovel."
3,cottage,جهۇپِڙو,"A hut, hovel, cottage."
3,cough,ڀُڪَ کَنگهِہ,A heavy dry cough.
3,cough,کَنگِهہ,A cough (the disease)
3,countless,اَڳاڃو,"Incalculable, countless; profound. Antiquity. اوڳڙ، اُڳاڙ"
3,courage,ڇاتيِ,"The breast, chest; boldness, courage."
3,courage,هِمَتَ,"Spirit, resolution, courage, bravery; energy."
3,courage,همت ڪرڻ,To take heart or courage.
3,courage,همت هارڻ,To lose one's courage.
3,courage,همتائڻ,"To give courage, encourage. همتوان ، همت ڀريو"
3,cows,گورَمُ,A herd of cows.
3,cows,گَوْميڌُ,The sacrifice of cows.
3,cows,گوهَرِ,A herd of cows.
3,cracker,ڦَٿاڪو,"A cracker, a squib."
3,cracks,ڦوٽِرُ,That which cracks or splits.
3,crawl,بانبِڙاڏِيَڻُ,To crawl (as a child).
3,created,اُپڄﮡ,To be created or produced.
3,created,سَنجَڻُ,"To be conceived, or created."
3,created,مَخْلوُقُ,"A created being, a creature."
3,creator,پِرْجاپَتيِ,The Creator; a king.
3,creature,ڳوڀَ,"A dumb creature, an animal."
3,creature,مَخْلوُقُ,"A created being, a creature."
3,cricket,تِڎيِ,Kinds of cricket or cockroach.
3,crisp,کَڙو,"Erect, standing, upright; crisp (as"
3,crops,نظرديد,"Inspection, esp of crops."
3,cross,تَرُ,"). To pass over, cross; surmount."
3,cross,ڇڙٻائتو,"or Snappish, snappishly, cross."
3,crow,ڌمالۇهڻڻ,To crow (as a cock).
3,crow,زاعُ,A crow. Black (pigeon).
3,crowded,سوڙهوسنگهوڙو,"Closely packed, serried, crowded."
3,crowded,گَپاگَپَ,"A crowded mass, a throng."
3,cruel,ڪَٺورُ,"Unfeeling, cruel, harsh; ( gram ) hard."
3,cruel,نِرْدَئي,"Hardhearted, cruel. ( abs. n"
3,cruel,وَحْشيِ,"Savage; brutish, cruel; not civilized."
3,cry,ٻاڏائڻُ,"To cry, lament, weep."
3,cry,ٻَرورَ,The cry of a bird.
3,cry,ٽِڪْلوُٽِڪْلوُ,The cry of a
3,cry,ريِهارَ,"A cry, bawl, scream."
3,cry,صَدا,"Sound, voice, echo. Mendicant's cry."
3,cry,کُٽِ کُٽِ,The cry of young pigs.
3,cry,نِنَڻُ,"To weep, cry. To beg."
3,cry,وۇئڻ,"To scream, screech, cry."
3,crying,اوڇِنگارَ,Loud weeping or crying.
3,crying,دانهون دانه لائڻ,To be crying out incessantly.
3,crying,راماڻُ,"Noise, tumult; quarrel, weeping, crying."
3,crying,رئيِ ڎيڻ,To burst out crying.
3,crying,ريِن ريِن,The crying (of a child).
3,cucumber,بادرَنْگُ,A sort of cucumber.
3,cucumber,تۇريِ,"Acute-angled cucumber, or luffa."
3,cucumber,پاٻيِ,A kind of cucumber.
3,cups,نسي۾,) To be in one's cups.
3,curl,وراڪڻ,"To twist, to curl, twine,"
3,curry,سرخرۇٿيڻ,To curry favour. abs. n
3,curse,مَلامُ,"A curse, execration, reproach."
3,curse,نسن وڍيو,"Indolent, sluggish (a curse)."
3,cursed,سراپجڻ,To be cursed; be terrified.
3,curtain,ڪيِباڙو,A door; curtain; deceit.
3,curved,وڪڙو,A low temporary curved bund
3,cuts,ياراڻيِ ڦٽائڻ,To be cuts with.
3,dal,دال وارو,A seller of dal
3,dancing,جهِمِريِ,Circular movements in dancing.
3,dancing,ڪڃر,a dancing girl; a prostitute.
3,daughters,نئَاڻيِ سئَاڻيِ,The daughters of a family.
3,dealings,ليتيِ ڏيتيِ,"Giving and taking, traffic, dealings."
3,debts,اوڌَر,"Credit, money lent, outstanding debts."
3,debts,اُڳاڙڻ,"To collect (money), recover (debts)."
3,decorate,سيِنگارَڻُ,"To adorn, decorate; ornament."
3,decorate,وِنگاسَڻُ,"To adorn, to decorate."
3,decorated,زينت ڀريو,"Adorned, decorated, fine, elegant."
3,deeply,اَلۇپُ,"Dead drunk, deeply intoxicated."
3,delighted,خوُشِ,"Happy, pleased, delighted, glad, well-off."
3,demanded,مَطْلوُبُ,"Desired; demanded, called for."
3,descendants,آل اَولاد,"Family, descendants, off-spring."
3,designs,زَهَرُ,"Poison, venom; malevolence, evil designs."
3,desires,گُهرْيو,"What the mind desires, heart-pleasing."
3,destroyed,چَٽُ,"Finished, destroyed, exterminated, extinct, waste."
3,destroyed,فنا ٿئڻ,"To perish, to be destroyed."
3,destroyed,کَيِٴ,"Destruction, ruin. Destroyed, ruined."
3,detained,سَنگَہ,To be detained for custom-dues.
3,devoted,سَرڌالۇ,"Faithful, devoted in belief."
3,devoted,فِدا,"Sacrifice, devotion. Devoted, dying for."
3,directing,چُسْتَ,"Aim, the directing a missile."
3,disciples,سِکيِ,Discipleship. The Sikh religion. Disciples.
3,disclosed,ڍڪيِ,"Concealment, the not being disclosed."
3,disposed,واڪِ ٿيَڻُ,To be disposed (to do).
3,dogs,لوڌيِ,A pack of dogs.
3,dogs,ٽيِپۇ,A name given to dogs.
3,doing,لُلَ مَئَڻُ,To be doing nothing.
3,doo,ڪُڪُڙۇڪۇ,Cock-a-doodle doo.
3,doors,چؤبارو,A room having four doors.
3,dragged,تَڻَڻُ,"To be pulled, dragged, drawn."
3,drawers,ڪانچَ,Loose pantaloons or drawers.
3,dried,ٺﯘنٺُ,A bare dried up tree.
3,dried,پيهيِ,Rice boiled and dried.
3,dried,ڇُهارو,A kind of dried date.
3,dried,ڪَچِريِ,Vegetables sliced and dried.
3,drinking,خُورِ,"(In comp ) Eating, drinking."
3,drinking,ڏوگهَہ,Constant drinking from thirst.
3,drinking,ڏوگهَڻُ,To be constantly drinking.
3,drinking,سَهَجيِ,One given to drinking Bhang
3,drinking,فِنجانُ,A small drinking glass.
3,drunken,ڪَيْفيِ,"A drunken man, a drunkard."
3,drunken,مستاڻو,Of a drunken man.
3,earlier,اڳڀرو,A little further or earlier.
3,earring,مُرْڪيِ,A kind of earring.
3,ears,آﭜوُن,Sweet unripe ears of corn.
3,ears,ڏَٻو,Lop (ears or horns). Piebald.
3,ears,ڪَنِرُ,or Having ears; an eavesdropper.
3,ears,گوشِماليِ,Pulling the ears; chastisement; reproof.
3,eaten,اَلوِليۇن,Trash eaten by children.
3,eaten,سرجڻ,To be eaten (by insects).
3,edges,ٽَڪَڻُ,To mill (edges of coins).
3,ends,پﯘرائيِ سﯘرائيِ ڪَرَڻُ,To make both ends meet.
3,ends,ذَروپُرْزو,A little. odds and ends.
3,entertaining,رِهاڻِ,"Pleasant conversation, entertaining chat."
3,er,داخِتَرُ,"A doctor, medical practition er."
3,esp,تَعْبيِرَ,Interpretation (esp. of a dream).
3,esp,چۇن چۇن,"Chirping, esp of a sparrow"
3,esp,نظرديد,"Inspection, esp of crops."
3,esp,وَبا,"An epidemic, esp cholera."
3,esp,اَڳوهو,"A guide, esp to Hinglaj"
3,etc,ٻنڌاڻيِ,"Cost of binding, (books, etc)."
3,etc,دَسْيِ,"Tightness, etc; poverty, distress."
3,etc,ٽاٽارَڻُ,"To foment (a sore, etc)."
3,etc,ٽاڄو,"A collection (of utensils, etc)."
3,etc,برْبِلِ,etc.). Agreeing with the stomach.
3,etc,ڇُرَ,etc. n. See under
3,etc,سختائيِ,"Severity, hardness; hardship, etc; inflexibility."
3,etc,سۇٽَهَڙُ,"A carpenter. (cloth, etc)."
3,etc,کليِ,"Open (court, market, etc). Openly"
3,etc,ليٿڙيِ,"A roll, rolling etc, wallowing."
3,etc,مُنهاپَوَڻُ,"To be disliked (milk, etc)."
3,everybody,عَلانِيَه,Openly; in public; before. everybody.
3,everyday,ساڌارَڻُ,"Common, everyday; middling, fair."
3,exactly,تَزِ,"Just at the mark, exactly."
3,exactly,سُڌِپُڌِ,"As if, in appearance, exactly."
3,exactly,هيِن,"Emphatic affix , or Very, exactly."
3,excitement,تاءُ,"Heat, passion, excitement, strong feeling."
3,exciting,اَنگيزُ,(in comp ) Exciting. Lust.
3,exciting,فتۇريِ,"Quarrelsome, seditious, exciting quarrels. Deceitful."
3,excuses,مۇسَٽُ,"False excuses, sham, pretence."
3,extracted,سيِڦو,The blubber extracted from fish.
3,eyed,ٽيڏو,or Squint eyed. Slanting.
3,eyed,رۇنئارو,Golden eyed garret (a bird).
3,faculties,اُرُ,"Good memory, aptitude, sharp faculties."
3,falling,پَوْٹائيِ,"Loss, deficiency, falling off."
3,faults,ڏَڌَرَپَڌراڪرڻ,To expose one's faults.
3,favor,ٿو وُ,"Obligation, debt of gratitude, favor"
3,favor,پَکَرَ,"Mercy, favor. Iron armour."
3,favored,ڀاڳُ کُلُڻُ لَڳُڻُ,To be favored by fortune.
3,feat,ڪارِسْتانُ,"An exploit achievement, feat."
3,feat,کيپ کٽڻ,To perform a feat.
3,feathers,کَنڀِرُ,Feathered; having much feathers.
3,feeling,تاءُ,"Heat, passion, excitement, strong feeling."
3,feelings,گهاءُ ڪرڻ,To wound; injure one's feelings.
3,feminine,زالاڻو,"Womanly feminine; womanish, effeminate"
3,feminine,مادِ,"Female, feminine. A female."
3,filled,ڪَرَڻُ,"To be glutted, sated, filled"
3,filthy,زَحمَتَ,"Disease, sickness. Filthy. Importunate, troublesome."
3,filthy,غَليِظُ,"Thick; filthy, nasty. abs. n"
3,filthy,گَدِلو,"Dirty, filthy, slovenly, squalid."
3,filthy,گدۇديِ,or A dirty filthy fellow.
3,filthy,نَرْڳُ,"Hell, hades. Stinking, foul, filthy."
3,fireworks,سَرْرِ,"The sound of fireworks, &c."
3,fishermen,ميهارُ,A class who are fishermen.
3,flames,مَچَڻ,") Flames, blaze, heat, fire."
3,flamingo,لاکيڄاڃيِ,The flamingo (a bird).
3,flavor,رَسْنا,"The tongue; taste, flavor."
3,flavor,لاءُ,"Habit, task. Flavor, taste, (as"
3,flavor,نہ لاءُ نہ ساءُ,"No taste, no flavor)."
3,flowers,بڪارِڻِ,A woman who sells flowers.
3,flowers,ڦُلارِڻِ,A woman who sells flowers.
3,follows,ذَيْلِ,"What follows, the undermentioned."
3,forgiveness,کِما,"Pardon, forgiveness; patience, forbearance."
3,forgotten,اَويساءُ,"Not forgotten, fresh in memory."
3,formed,سُڊَوْلو,"or Well-shaped or formed, shapely."
3,formed,واڻُ,A rope formed of the
3,forwards,لَنگَهہ,Passing backwards and forwards.
3,frequently,مٽُِ مُٽُِ,Passing urine frequently; drizzling.
3,fried,بيسڻ,made like vermicelli & fried.
3,friends,ڦيڏۇرو,"Rupture, disunion (between friends)."
3,friends,ڦِڪَتُ,A coldness among friends.
3,gained,نِيابُ,"Not gained, not attainable. نِياتيِرو ، نِياتِ See"
3,games,گِرْديِ,A die (for games); jobbery.
3,gems,نورتن,Nine kinds of gems.
3,generations,ٽِپِيڙهِيو,"From, or upto three generations."
3,getting,نِباهُ,"Living, getting on. Completion, settlement."
3,giving,ٽِڻْمِڻِ,"Bragging, conceit, giving oneself airs."
3,giving,خَيْرُ,"Happiness, health. Giving alms."
3,giving,دۇنهارو,"Smoky, giving forth smoke."
3,giving,ڏاهَ,"The giving intelligence, informing."
3,giving,سَوْنپَ,"Entrusting, giving in charge."
3,giving,نَقْديِ,"For cash, by giving cash."
3,goats,ٻاڪَرِ,A flock of goats.
3,grains,بيسَڻُ,Flour of pulse grains.
3,grandfather,تَڙَڎاڎو,"A great, great grandfather (paternal)."
3,grandfather,تَڙَنانو,"A maternal great, great grandfather."
3,grandfather,پَرَڏاڏو,A great grandfather (paternal).
3,grandmother,نانيِ,"A mother's mother, maternal grandmother."
3,grapes,ڪانئِلَپيرۇن,Fox's grapes— solanum incertum
3,gray,اَڇاڪڍڻ,To put on gray.
3,greater,اَسيئَۇڻ,Eighty times more or greater.
3,greater,کائۇ,A greater eater; a bribe-taker.
3,guru,اَڪاليِ,A follower of Guru Gobindsing.
3,guru,ڪَلَنگيِ ڌَرُ,A title of Guru Govindsing.
3,guru,گُرُئَپوٽو,A descendant of Guru Nanik.
3,hands,هٿ ٻنڌيِ,Joining the hands in supplication.
3,has,ڪِتو,What has been spun.
3,has,کيڻَ پاڻُ ڪَڍِيوآهيِ,The food has become stale.
3,has,لاچارکيِ سڀ روا,Necessity has no law).
3,has,وانهۇنداوَرِيا,The wind has changed.
3,having,اَرٿا ئۇ,"One having need, or object."
3,having,بَرْکہُ,"Respected; honored, having influence."
3,having,ٻِِڄِڀو,"Double-tongued, having a forked tongue."
3,having,ٻولاهيِ,A coot (having a
3,having,ڀُنيون,"Acquainted with, having knowledge of."
3,having,ٿِرائِتو,"Steady, having a fixed place."
3,having,پَتيداريِ,"Sharing, having a share."
3,having,پُٽيتو,One having a son.
3,having,جانِبازيِ,or Having life; an animal.
3,having,جۇٺو,Defiled from having been used.
3,having,چَپُ,). Having big lips; a camel.
3,having,چؤبارو,A room having four doors.
3,having,چَؤدَرو,or Having four door-ways.
3,having,چيروان,A sawyer. Having nitches carved.
3,having,دارُ,"(In comp ) Having, holding, (as"
3,having,ڏُڪِرِ,One having such breasts.
3,having,سپتو,One having a son.
3,having,سِڱِرُ,"Horned, having long horns."
3,having,ڪَنِرُ,or Having ears; an eavesdropper.
3,having,کَنڀِرُ,Feathered; having much feathers.
3,having,لاڳائۇ,"Connected with, having relation to."
3,having,للائتو,Mannerly; having some stuff.
3,having,مُکِيارُ,Independent; having an option.
3,hawks,اَڏﭗ,A block (for hawks).
3,headed,ٺومِو,A shaven headed mulah
3,heard,ٻڌو,) To be heard or known.
3,heard,گذار,"or Reported, heard; a hearer"
3,hearted,ڏاناسُرُ,"Unmerciful, hard hearted.( dim"
3,heavily,لڙهيِ لائڻ,To pour heavily (as rain).
3,herpes,ڏَڍُ,"Ringworm, herpes, tetter, fetter."
3,hi,هاها,inter Ha ha! hi hi!
3,hides,ڇوڙائيِ,A dealer in hides.
3,highlands,ڇِپِرو,Of the hills or highlands.
3,hills,ڇِپِرو,Of the hills or highlands.
3,hills,لوه لاڪِڙو,Iron wood of the hills.
3,hindu,آکاڙُ,Fourth Hindu month—(June—July).
3,hindu,ٻارهن ماسيِ,The death anniversary (Hindu).
3,hindu,پُرانُ,The Hindu mythological books. پَرانهﯘن،پَرانهون
3,hindu,پَرْهيِاڻيِ,A Hindu marriage ceremony
3,hindu,پَنڊِتُ,"A learned man, teacher (Hindu)."
3,hindu,پﯘرَبُ جَنَمُ,Previous birth ( Hindu belief
3,hindu,ڄيٺُ,3rd Hindu month (May-June).
3,hindu,سَرِوَڃَڻُ,To attend a Hindu funeral.
3,hindu,سمرڻيِ,A Hindu rosary of 108 beads.
3,hindu,سَنبَتُ,A Hindu era. A year.
3,hindu,سيوِڙو,A class of Hindu faqirs
3,hindu,شِيڪِشْڻُ,The Hindu deity Krishna.
3,hindu,ڪُويرُ,The Plutus of Hindu mythology.
3,hindu,لَڪْڙا,( ) Burning a Hindu body.
3,hindu,لُنڊُ,The Hindu intercalary month.
3,hindu,مانگهُہ,The 11th Hindu month (Jan-Feb.).
3,hindu,مهاڄڻ,"A merchant, banker; Hindu community,"
3,hindu,واڻيو,). A Hindu layman (not Brahmin).
3,hindu,ويتَرِنيِ,A river of hell ( Hindu
3,hindu,ويساکُہ,The 2nd Hindu month (April-May.)
3,hindu,آڌوتيِ,A class of Hindu faqirs
3,honor,پِتي واروُ,Sensitive of honor ( opposed to
3,honor,پَيْجَ,"Fair name, honor, credit."
3,honor,سرفرارڪرڻ,"To exalt, honor. abs. n"
3,honor,شُبُ,A screen; secret; honor.
3,honored,بَرْکہُ,"Respected; honored, having influence."
3,hopes,ڪاٺَ جوببوڏيڻ,"To hold out false hopes,"
3,horde,لڏو,A load. Flitting. A horde.
3,horns,ڏَٻو,Lop (ears or horns). Piebald.
3,horns,سِڱِرُ,"Horned, having long horns."
3,horseback,ٽيلَهہ,"Three together (on horseback, &c)."
3,horses,نعلبنديِ,The shoeing of horses.
3,householder,گرهست آشرم,The state of a householder.
3,householder,گهرٻاريِ,"A family man, a householder."
3,hyderabad,لاڙُ,"Lower Sind, south of Hyderabad."
3,inches,گَزيِ,A measure of 22½ inches.
3,including,سَپاڙو,"With, or including the roots."
3,informing,چُغِليِ,"Backbiting, informing, tale-bearing, peaching."
3,informing,ڏاهَ,"The giving intelligence, informing."
3,insects,سرجڻ,To be eaten (by insects).
3,instruct,سيکارَڻُ,"To teach, instruct. To induce."
3,israel,بَنيِ اِسرائيِلَ,"The children of Israel, Jews."
3,jewelry,ڏاڪُ,Fuel for steamers. ( jewelry
3,jews,بَنيِ اِسرائيِلَ,"The children of Israel, Jews."
3,joined,ٻِثو,"Coupled, joined, paired, double."
3,joke,چَٿَڙَ,"Joking, joke, ridicule, jesting."
3,joke,مَزاخَ,"A joke, jest, pleasantry."
3,jump,ٻِڻِگَ,"A jump, a leap."
3,jump,ٽَپائِڻُ,"A jump, leap. A note."
3,jump,ڇالَ,"A leap, jump, prance."
3,kept,باسيِ,"Stale, long kept (food)."
3,kept,واسانگاڳائڻُ,To be kept in suspense.
3,killing,آهيڙو,"Hunting, pursuing or killing game."
3,killing,ڪيِسُ,"Murder, killing; an inhuman act."
3,killing,گهاتُ,"Opportunity. Deceit. Slaughtering, killing."
3,kindness,رَحَمُ,"Compassion, mercy, pity, kindness."
3,kindness,رحمت,"Pity, kindness. Repose, peace."
3,kindness,نيڪيِ,"Goodness, kindness, virtue, good name."
3,kindness,هُشيِ,Improper kindness which spoils one.
3,kinds,ٻيرُ,). There are three kinds: صۇفيِ ، سنڌيِ and
3,kinds,ڏُڍُ,) Milk of all kinds; milking.
3,kinds,ڪوڙيِ,Different kinds of cowrces
3,kinds,گۇناگۇن,"Various, of different kinds."
3,kinds,نورتن,Nine kinds of gems.
3,knowing,دانُ,"(In comp ) Knowing, (as"
3,knowing,ڌَمْتَرُ,"Clever, shrewd, knowing, cunning."
3,knowing,شِناسُ,(In comp ) Knowing as
3,knows,وَاَللهُ اَعلْمُ,"God knows, (I don't)."
3,kos,مَيْلُ,"A mile, half a kos"
3,krishna,شِيڪِشْڻُ,The Hindu deity Krishna.
3,laid,اُجڙڻ,To be laid waste.
3,lamps,چراغِبَنديِ,An illumination by lamps.
3,lands,ڏيريدار,The lands attached to a
3,larger,ڊگهيرڙو,"Somewhat long or larger, tallish."
3,later,پَسِ پيشِ,"At last, sooner or later."
3,laughing,پاڻئيِ جو للوهنج,The white-fronted or laughing goose.
3,layers,تَهائِتو,"In layers, in succession"
3,leaves,رُڪو,Dry (leaves or trees).
3,leaves,روڙَڻُ,To strip off (as leaves).
3,leaves,ساٿَرَ,Origanoid —its leaves used medicinally.
3,leaves,سائي ڀاڄيِ,"Vegetables, leaves, greens, pot-herbs."
3,leaves,ڪانَولَ,The leaves of the kailperu
3,lifted,اَکَجُ,That cannot be lifted; unwieldy.
3,lifted,کَڻَڻُ,") To be carried, lifted, raised."
3,lips,چَپُ,). Having big lips; a camel.
3,lips,چپ ڊۇلاڪرڻ,To pout the lips.
3,lips,زبان مان نڪرڻ,To escape one's lips.
3,lit,پاوَنگُ,( lit Rampant). A brave man.
3,lit,خَميِسَ,( lit The fifth) Thursday. See
3,lit,کنڊکيڙائو,( lit A searcher). A seaman.
3,lit,ٻاوَنُ,( lit 52) Capot (in whist).
3,loaded,ساڳو,A string of loaded animals.
3,looking,بالابِينُ,One looking from above.
3,looking,سارسنڀارسنڀال,"Remembrance; looking after, care."
3,loosely,ڍرائتو,"or Loose, loosely, slow, slowly."
3,losing,گمراهيِ,"The losing one's way, perplexity."
3,loved,مَعْشوُقُ,"A loved object, mistress, sweetheart."
3,loving,نيهيِ,"Affectionate, loving, fond; zealous."
3,mah,اَنجمنُ,"A society, an association. ( Mah"
3,mah,تَڪْبِيرَ,Repetition of the Mah. creed.
3,mah,جامَع مَسْجَدَ,The principal Mah. mosque.
3,mah,جَمادي اَلاَْوَلِ,The 5th Mah. month.
3,mah,جَماديِ اُلْثّانيِ,The 6th Mah. month.
3,mah,جِهادُ,A Mah. religious war.
3,mah,خواجڪو,A Khoja (a Mah. tribe).
3,mah,دَرْسُ,A lesson. A Mah. tribe.
3,mah,ذۇاَلْقَعْدُ,The 11th month (Mah).
3,mah,رِبِيعُ اَلْفّانيِ,The 4th month ( Mah ).
3,mah,رَجِبُ,The 7th month ( Mah
3,mah,رَمْضانُ,The ninth month ( Mah
3,mah,شَعَبانُ,The 8th month ( Mah ).
3,mah,شَوالُ,The 10th month ( Mah ).
3,mah,صَفَرُ,The 2nd month ( Mah
3,mah,ڪَفْنيِ,A dress (of Mah. faqirs
3,mah,ڪلميِ ڀائيِ,A co-religionist ( Mah ).
3,mah,مَخْدُومُ,Master; a Mah priest.
3,mah,مُلو,A Mah school-master or priest.
3,mah,مَوْلِويِ,A Mah professor or doctor. مولِهيو، مولهاٽو
3,mah,نِڪاح,"Matrimony, marriage, a wedding ( Mah )."
3,mah,وَنئُرو,A Bori (a Mah caste).
3,marry,پَرْڻائِڻُ,To cause to marry.
3,marry,پَرْڻِجَڻُ,"To be married, to marry."
3,marvel,اَچنڀو,"A wonder, marvel. Wonderful."
3,mas,ڄَڻو,"A person, individual ( mas"
3,mas,ساڍَنِ,"plu. mas in obl , and"
3,mats,سيبارو,A maker of mats.
3,meals,ڇاندوڪرڻ,To take one's meals.
3,med,چَرَ,"A drain, ditch. ( med ) Sinus."
3,med,ڊِٻُڙُ,"( med ) A pomphy, wheal."
3,med,نَنِگرو,( med ) Mycetoma. An ant's nest.
3,melissa,بادِرَنْجِبۇيہَ,Bee balm ( melissa officinalis
3,melt,آئُٽَڻُ,"To melt. To wrangle, bicker."
3,membranes,ڄَؤَرَرَهڻُ,Retention of the fetal membranes.
3,mention,مَذْڪوُرُ,"Saying, mention, what is said."
3,mention,نانؤُڳنهڻ,To mention by name.
3,metals,پاڻِيِ,Water. Temper of metals.
3,millions,کَرْْبُ,A hundred thousand millions.
3,miracles,ڪرامتيِ,"Miraculous, one performing miracles."
3,missiles,گُهٻَڻ,A sling for throwing missiles.
3,modes,ڪانِڙو,One of the musical modes.
3,motley,رنگارنگيِ,"Various, many coloured, motley."
3,moved,هِنئاءُ ڀرجيِ اَچڻ,To be moved to tears.
3,mus,تَندرو,A stringed mus. instrument.
3,mus,چؤتارو,A four-stringed mus. instrument.
3,mus,مَرْغولُ,A crenated arch. ( mus ) Slur.
3,musicians,ڏۇمُ,A caste of wandering musicians.
3,necessarily,لابُدُ,"Unavoidable, inevitable; involuntarily. Necessarily, undoubtedly."
3,negotiations,ڳالِهہ ٻولِهہ مُهارِ,"Talk, chit-chat, conversation; negotiations."
3,neighbours,جنڊو جنڊي سين ڏيئَيِ وِهَڻُ,To be next door neighbours.
3,ninth,رَمْضانُ,The ninth month ( Mah
3,nom,تخَّلُصِ,A poet's nom de plume
3,notes,جهِيلَ,A drum producing treble notes.
3,novo,سَرِنَوْ,"A fresh, anew, de novo"
3,null,نيسِتِ,"Non-existent; null, void."
3,numbered,ماڻ ڀرجڻ,To be numbered (one's days).
3,oaks,بِسِفائِج,Polypody of the oaks.
3,observing,ڀيدِواديِ,One observing distinctions; a sectarian.
3,obtained,ڍَئِجَڻُ,To be obtained or found.
3,obtained,سَپْڄَڻُ,To be found or obtained.
3,obtained,لَڌو,"To be found, obtained,"
3,occasions,دُبَرِ,"Twice, again, on two occasions."
3,offered,سيسا,Victuals offered to the river.
3,oneself,ٽِڻْمِڻِ,"Bragging, conceit, giving oneself airs."
3,oneself,پاڻُ پَچائِڻُ,To bring oneself under.
3,opp,پيڪا,) A wife's relations ( opp to
3,opp,جهولَ,The leeward ( opp to
3,opp,سامِتُ,"Settled, quiet, still; silent ( opp"
3,opp,سَڀَهۇ,"Plenty, abundant, ( opp to"
3,opp,ڪُٻيليِ,"or A bad companion, ( opp"
3,opp,ڪَڙالۇ,Bitter as opp to
3,opp,ڪنڊيِ وارو,"Sensitive, thin-skinned, opp to"
3,opp,لِڪَ,"Concave, opp to لَڪائيِ .اُپٽيو Concavity."
3,opp,نِکَرُ,"Plebian, vulgar, opp to"
3,opp,اُگَمُ,"Inaccessible; difficult, opp to"
3,opposed,پِتي واروُ,Sensitive of honor ( opposed to
3,others,پَرَپَچارَ,Speaking ill of others.
3,others,پَرَگُهَر,"Care, thought for others."
3,others,ديِدَ,"Modesty, consideration for others."
3,packs,هَڙَڇُڙَ,"The picking packs, thieving."
3,paired,ٻِثو,"Coupled, joined, paired, double."
3,passions,اِندريْ دَمَنُ ڪرڻ,To subdue the passions.
3,paw,ڏوراهڻڻ,To paw (as a horse).
3,pearls,گوهريِ,"A seller of pearls,"
3,peck,ٺﯘنگارَڻُ,To peck (as a bird).
3,peck,چنَڻ,To peck up (food).
3,peel,گوروڪڍڻ,"To enucleate, peel out."
3,perceived,ڀاسڻُ,To seem; be perceived.
3,perform,پِنڊُ پائِڻُ,To perform this ceremony.
3,perform,پِنيِ پائِڻُ,To perform the above ceremony.
3,perform,کڳيِ هڻڻ,To perform the khagi
3,perform,کيپ کٽڻ,To perform a feat.
3,perform,هومڻ,To perform or offer a
3,performing,ڪرامتيِ,"Miraculous, one performing miracles."
3,persist,رَڌُڪُڎائِڻُ,"To persist, to be disobedient."
3,persuade,هِرْکائڻ,To induce; to persuade.
3,pertaining,وِهانِئتو,"Hymeneal, pertaining to marriage."
3,pieces,ٽُڪَرَ ٽُڪَرَڪَرَڻُ,To shiver into pieces.
3,pieces,چَڪْناچۇرُ,"Dashed to pieces, bruised."
3,pieces,ڇيِهَڙ,"Manners, good behaviour. Pieces, scraps."
3,pieces,ديگچينيِ,Old pieces of iron.
3,pigs,ٻَلهَرَ,"A farrow, litter of pigs."
3,pigs,کُٽِ کُٽِ,The cry of young pigs.
3,pl,آثار,"n. pl Signs, traces, vestiges."
3,pl,اَطلس,n. pl Deeds; conduct.
3,pl,اَفعالَ,n. pl Manners; deeds.
3,pl,بُشْڪۇن,n. pl The horse's mane.
3,pl,پَٽَ پَٽيِهَرَ,n. pl Rich apparel.
3,pl,پوٺِيﯘن,n. pl ( naut ) Backstays.
3,pl,جِنِ,The obl. pl of
3,pl,جُنڊا,n. pl Short hair.
3,pl,جورابُ,"n. pl Stockings, socks. جورو،جوراٹو See زورو،زوراٹو under"
3,pl,چَٽا,n. pl ( naut ) Gasket.
3,pl,چَئِنِ,The obl. pl of
3,pl,چَئين,The obl. pl of
3,pl,حُرۇفِ تَهَجيِ,n. pl Lettersof the alphabet.
3,pl,حَشْراتِ,"n. pl Reptiles, creeping things."
3,pl,خيالات,n. pl Fancies; anxiety.
3,pl,دادَدَوْرَ,n. pl Palmy days.
3,pl,ڏُوائۇن,"n. pl Reproach, malediction."
3,pl,رِوِشَ,"n. pl Features, lineaments."
3,pl,عَوام,n. pl The common people.
3,pl,ڪِسابَ,n. pl Time immemorial.
3,pl,ڪُلَڇَڻَ,n. pl Ill manners.
3,pl,گهِچا,"n. pl Entrails, intestines, excrement."
3,pl,يَخورا,"n. pl Dainties, cates."
3,pl,بَدِاَفعالَ,n. pl Ill-manners.
3,pl,ٻَنِڌيۇن,n. pl Swaddling clothes.
3,pl,تۇتَرَ,n. pl Husks (of rice).
3,placing,وجهڻي,"Casting, pouring, placing, laying."
3,playing,تُرْپُ,Trump (in card playing).
3,playing,ٽِپَڻُ,A shot in playing marbles.
3,playing,ٺيڙهيِ,A small playing marble.
3,playing,پَلْٿو,Fencing; playing at single sticks.
3,playing,چڌي راند,The playing at marbles.
3,playing,خورَکائِڻُ,To finesse (in whist playing).
3,playing,ڍارو,A die (for playing).
3,playing,طاسَ,A bowl. Brocade. Playing cards.
3,playing,کلڻائيِ,"Laughing and playing; merriment, risibility."
3,playing,کَنکَڙُ,"Fruitless, nothing (in playing cards). کُنگهو ، کِنگو ، کنُگو"
3,playing,کينۇڙو,A ball for playing with.
3,playing,خَرْچُ,(In card playing ) An outer-card.
3,pleased,پَسَندِڪَرَڻُ,"To like, be pleased with."
3,pleased,خوُشِ,"Happy, pleased, delighted, glad, well-off."
3,pleased,ڪوڎِيو,"Happy, pleased, fond of."
3,pleasures,ڀوڳي,"Given to pleasures, concupiscent."
3,pleasures,ڪاڙَرَسُ,The pleasures of venery.
3,plunge,ٽُٻائِڻُ,"To dip, duck, plunge."
3,plunge,ٽُٻيِ,"A dive, dip, plunge. ٽوٻو، ٽوٻرُ، ٽٻِئار، ٽُٻِيَرُ"
3,pluto,جَمُ,The Pluto of the Hindus.
3,postponed,مَوْقۇفُ,"Ceased, deferred, postponed, abolished; dismissed."
3,pots,نار,on which the pots work.
3,practise,مٺ هڻڻ,"To practise onanism, to masturbate."
3,praise,ساراهڻ,"To praise, applaud, commend laud."
3,praise,سَراهَڻُ,"To praise, applaud, commend."
3,praise,شابَسِ,"inter Bravo! well-done! Praise, commendation."
3,praised,آلَ جالَ,inter God be praised!
3,preparations,آگَمَ,"Futurity. Preparations for rain, brewing."
3,prepared,هَڪِئو,"Ready, prepared, at hand, present."
3,pres,هُئَڻُ,( p. t pres. part
3,preserved,مَحْفوُظُ,"Guarded, preserved; secure, safe."
3,pressed,بيگاريِ,A pressed labourer; a coolie.
3,pressed,تَنگِ ٿِيَڻُ,To be hard pressed.
3,pressed,ڇيڙَ,A body of pressed labourers.
3,pressed,سَٿُ,"Stored, hoarded. Pressed down."
3,prey,دَرندو,Ravenous. A beast of prey.
3,prey,شِڪارُ,"Hunting, chase, shooting, prey, game."
3,prey,شَهودُ,A beast of prey.
3,prey,طُرو,given to birds of prey.
3,prices,ڏڪراٺو,High or famine prices.
3,produced,اُپڄﮡ,To be created or produced.
3,producing,بَهابرڪت,An inherent blessing producing success.
3,producing,جهِيلَ,A drum producing treble notes.
3,proudly,هٺائتو,"or Proud, proudly, stubbornly."
3,pulled,تَڻَڻُ,"To be pulled, dragged, drawn."
3,pundit,پَنڊِتَ جِنِ کي چَيائِين,He said to the pundit
3,punish,ساسِنائۇن ڌِيَڻُ,"To chastise, punish; snub."
3,punish,ڪرنهن لاهڻ,To punish (a person).
3,punish,کل اُتارڻ,To flay; to punish severely.
3,punish,گهچاڪڍڻ,"To crush, punish severely."
3,punjab,پَنجابُ,(Five waters) The Punjab.
3,purposes,عمارتيِ,Fit for building purposes.
3,pursuing,آهيڙو,"Hunting, pursuing or killing game."
3,push,تُلَ,"A push, pressure; support."
3,push,ٿيلهَڻُ,"To push, shove, elbow, jostle."
3,push,ڌِڪَڻُ,"To push, shove, jostle."
3,putting,ٽالو,"Evasion, shuffling, putting off."
3,putting,رَکُرَکان,"Evading, putting off, waiting."
3,putting,گُگِهر,Place for putting money.
3,putting,گوٿناٿ,"Evading, evasion, putting off."
3,putting,ناٽارَ,"Evasion, putting off, shirking."
3,qualities,تاڳاپو,"Lasting qualities, durability, continuance."
3,qualities,ڇَٽِيهَ لَکِڻو,"Of excellent qualities, accomplished."
3,quarters,مُنِڙيِ,Three quarters (of a gazu
3,rama,چيٽ,the birthday of Rama
3,reached,اِبهيِٴڪڙيِ آيوآهيِ ڇا؟,Has he reached this stage?.
3,reaching,مٿانهون,"Higher, reaching further, upward."
3,realize,وصولڻ,"To collect (money), realize."
3,recognise,اوکاڻڻ,To exemplify. To recognise.
3,regions,دوزخيِ,"Hell, the infernal regions."
3,relate,وَرْنَنُ ڪَرَڻُ,"To relate, describe, expatiate."
3,relating,ماتمي,"Of, or relating to mourning."
3,rely,ڀاڙَڻُ,To hire. To rely on.
3,remain,رهجيِ وڃڻ,"To be left behind, remain."
3,remain,سٿوسهڻ,"To keep, remain unimpaired."
3,remain,وِچِ رَهَڻُ,To remain hidden or secret.
3,removing,هَرَڻُ,"(In comp ) Taking, removing, as"
3,represent,ڪرڻ,To represent a character.
3,represent,وَڻَنائِڻُ,"To explain, represent, See"
3,resemble,شِڪِلائِڻُ,To resemble in appearance.
3,respected,قربائتو,"or Respected, venerable, venerably, honourable."
3,respects,اِسِبَنِ نِسبَنِ,"Wholly, in all respects."
3,respects,نِسِ پَسُ,"Wholly, entirely, in all respects."
3,resting,وِهْرو,A resting place; rest.
3,returning,وَرِ,"Turning, returning, a turn."
3,revealed,شُرْتيِ,"The revealed law, the Vedas"
3,ribs,ڪَرَنگَهرُ,"The head, back-bone, ribs."
3,riddle,ٻُجهارَتَ,"A riddle, an enigma."
3,riddle,دُراهو,"An enigmatical verse, a riddle."
3,rip,اُڊوڙﮡ,"To rip, burst, unstitch."
3,rivers,دُوابَ,A land between two rivers.
3,roads,وائکوٿيڻ,To settle (as roads).
3,rooted,راسِخُ,"Firm, rooted, constant; sincere."
3,roots,سَپاڙو,"With, or including the roots."
3,ropes,پاراڌيِ,A maker of ropes.
3,ropes,لاڎيِ,The ropes of a boat.
3,roses,گلزار,A garden of roses.
3,roses,عَطُرُ,Scent: otto of roses.
3,roses,گُلْشَنُ,"A bed of roses, garden."
3,roses,گُلْقَندُ,A converse of roses.
3,rub,گهرڙو,"A rub, grind, scrape, grate."
3,ruined,ڏَڀَڻُ,"To be ruined, done up."
3,ruined,کَيِٴ,"Destruction, ruin. Destroyed, ruined."
3,rushing,دۇسِ دۇسان,"Pressing, cramming, rushing in."
3,safely,بِلائِتو,"or Trustworthy; safe, safely."
3,sandals,کَرْڪِڻو,A pair of sandals.
3,savings,ڪِٺيِ,"Earnings, savings, profit. Toil."
3,scales,اَهَنُ,The balancing of scales.
3,scales,تارازيِ,A pair of scales.
3,scales,ٽَڪِڙيِ,A pair of scales.
3,scales,ساهِمي,A large kind of scales.
3,scales,ڪُهاڙيِ,). A case for goldsmiths' scales.
3,scales,مَراريِ,A jeweller's scales.
3,scattered,اِست وِست,"or In confusion, scattered, disorderly."
3,scattered,ڪيڻ ڪيڻ,"Here and there, scattered."
3,scattered,کنڊرڻ,"To be scattered, to disperse."
3,scraps,ڇيِهَڙ,"Manners, good behaviour. Pieces, scraps."
3,secretly,ڳُجهو,"or Secret, concealed, secretly, mysterious."
3,secrets,اَنترجاميِ,Knower of one's secrets (God).
3,secrets,ڀيِديِ,Having knowledge of one's secrets.
3,seeds,گهڻ ٻجو,"Having many seeds, seedy."
3,seek,ڳورَڻُ,"To search for, seek."
3,seek,لڪلڪاڻيِ-لڪلڪوٺيِ,Hide and seek (the play).
3,seek,وڄائڻ,"To inquire, search, seek out."
3,seeker,ڳولو,"A seeker, a searcher."
3,sells,بڪارِڻِ,A woman who sells flowers.
3,sells,ڦُلارِڻِ,A woman who sells flowers.
3,sells,ماهيڙياڻي,A woman who sells milk.
3,sells,وڎڪاسائيِ,A butcher who sells beef.
3,senses,کڙوتڙو,"Smart, active; come to senses"
3,senses,هوش جاءِاَچڻ,To come to one's senses.
3,serenity,ٺَهَرَ,"Calmness, serenity, patience. ( or"
3,severely,ڊَڙَڻُ,"To thrash, beat severely."
3,severely,کل اُتارڻ,To flay; to punish severely.
3,severely,گهچاڪڍڻ,"To crush, punish severely."
3,shaking,جُنبَشَ,"A shaking, a shock; motion."
3,shaking,وِلوڙو,"Churning, shaking up, agitation."
3,sharply,جِهڻِڪِ,") To reprove sharply, snub"
3,sharply,ڇِڙٻڻ,"To rebuke, speak sharply to."
3,shave,پاڪيِ ڪَمائِڻُ-کَڻَڻُ,To shave the pubes
3,shave,پاڪيِ ڪمائڻ,To shave the private parts.
3,shave,پاڪيِ کڻڻ,To shave the privates.
3,shaved,سِرُبَدْرِڪَرائِڻُ,To get the head shaved.
3,shaved,مُنائِڻُ,To have shaved (one's hair).
3,shaving,تِرْڇَڻُ,"See تِرْڇَ .تِڇَڻُ Peeling, paring, shaving."
3,shed,ڇَنو,"A shed, house, shelter."
3,shed,مَنڊَپُ,A temporary building or shed.
3,shells,غُبارو,A mortar for throwing shells.
3,ships,ڍيِنگَ ڍَريا,Big ships foundered.(Shah.)
3,ships,دَسُ,A fleet (of ships).
3,shoes,جُتيِ,A pair of shoes.
3,shoes,جُتِيَرُ,A seller of shoes. جِٿَهيِن،جِٿِ
3,shout,وات ڪرڻ,To shout; use abusive language.
3,shower,اوهِيرو,A shower of rain.
3,shower,وَرْکا,"A shower, rain, raining."
3,shower,وَسْڪارو,"A shower of rain, raining."
3,showing,بي مُحابو,"Disobliging, showing no regard. ("
3,showing,نَوازَ,"Kindness, showing kindness or liberality."
3,shuffle,ڳالهہ ملائڻ,To try to shuffle
3,sides,پَهَلۇدارُ,"Having facets, or sides."
3,sides,ڇَڪُنڊو,"Hexagonal, of six sides."
3,sides,ڌاريِ پاسيِ,"Around, on all sides."
3,sides,سَمَدَرْشيِ,"Impartial, equally viewing both sides."
3,sigh,شِيڪاروڀَرَڻُ,To heave a sigh.
3,signs,آثار,"n. pl Signs, traces, vestiges."
3,signs,ميڇر,"Wry, wry-looking; one making signs."
3,sind,سينڌِڙُ,Of Sind (a camel).
3,sind,لاڙُ,"Lower Sind, south of Hyderabad."
3,sind,وَتو,and in Upper Sind
3,sind,اُڀَڻُ,To stand). North Sind. Vertical.
3,sit,پَلْٿيِ مارَڻُ,To sit on the buttocks.
3,sit,جهيڪَڻُ,To cause to sit down.
3,sit,هشڻ,To sit down (a camel).
3,slice,ٻيرو,A slice of fish.
3,sliced,ڪَچِريِ,Vegetables sliced and dried.
3,smoker,حُقائيی,A great smoker of
3,smoker,گانجائيِ,A smoker of ganja
3,smoker,گَڊُ,"Deep (drinker, or smoker, as"
3,snakes,نيچائيِ,A maker of huqqa snakes.
3,snatch,جهاٽَ,"A snatch, haste, pluck."
3,snatch,هرت ڪرڻ,To take or snatch away.
3,sneak,ٿِڙَڻُ,"To slip; evade, sneak, shirk."
3,sneak,ڪاهِلُ,"A lazy person, a sneak."
3,sneak,گُسائۇ,"An evader, shirker, sneak."
3,sneak,گَهِرُ,"or Headstrong, obstinate; a sneak."
3,soak,پُسائِڻُ,"To damp, soak, moisten; infuse."
3,soak,پُسَڻُ,"To soak, become wet."
3,soar,اُڌَڻُ,"To rise, to soar high."
3,socks,جورابُ,"n. pl Stockings, socks. جورو،جوراٹو See زورو،زوراٹو under"
3,soldiers,گهاگهِراپَلْٽَڻِ,Kilted soldiers; Highland Regiments.
3,solicitation,سُوالُ,"A solicitation, request; a question."
3,solve,ڀوروڀَڃَڻُ,To solve a mystery.
3,solve,کوڙوڀڃڻ,To solve a mystery.
3,solving,دل ڪشا,"Heart-expanding); solving, (as"
3,somebody,آساميِ,A person; customer; a somebody.
3,something,دخل ۾ آڻڻ,To count for something.
3,somewhat,اَندراهون,"A little in, somewhat inside."
3,somewhat,چَنَرِپِسيِ,a game somewhat like ludo.
3,somewhat,ڪُٻَهِڙيِ,A flea. Somewhat black.
3,somewhere,ڪِٿيِ,Where? in what place? Somewhere.
3,sooner,پَسِ پيشِ,"At last, sooner or later."
3,sorts,طرحين طرحين,"Various, of different sorts."
3,sound,آواز,"A sound, noise, voice."
3,sound,بي عَيْبُ,"or Faultless, sound, spotless."
3,sound,تَنْدُرُسْت,"Healthy, sound in body."
3,sound,ٿَڦِ ٿَڦِ,Patting; the sound of patting.
3,sound,چَٻِڪو,The sound made in chewing.
3,sound,ڇڻڪاٽ,A rattling or jingling sound.
3,sound,ڇيڄُ,"A jarring, a discordant sound."
3,sound,سَرْرِ,"The sound of fireworks, &c."
3,sound,سَلِيمُ,"Mild, affable; sound, healthy, right."
3,sound,ڪنوڪڍڻ,To sound (a person).
3,sound,ڳالهاءُ,"Talk, sound of speaking."
3,sound,مُسَلَّمُ,"Entire, whole, sound; sound; accepted."
3,speak,ڇِڙٻڻ,"To rebuke, speak sharply to."
3,speak,ست ٻولڻ,To speak the truth.
3,speak,ڪُڇَڻُ,"& To speak, talk, sure, size."
3,speak,ڪُشْڪَڻُ,"To say, talk, speak."
3,speak,گنگائيِ,"Dumbness, incapacity to speak"
3,speak,ڳالهائڻ,"To speak, say, talk."
3,speaking,ڳالهاءُ,"Talk, sound of speaking."
3,speaking,مخاطب ٿيڻ,To address one in speaking.
3,specially,اشٽ ديوُ,A deity specially chosen.
3,spices,مَصالِحُ,"Materials, ingredients; drugs, spices, seasoning."
3,spirits,پِريتُ لوڪُ,The abode of such spirits.
3,spirits,عَرْقُ,Any liquid distilled; spirits.
3,spirits,مَڌُ,"Liquor, wine, spirits. Bad smell."
3,splits,ڦوٽِرُ,That which cracks or splits.
3,spots,اَکِرُ,Having eyes or spots.
3,spots,ڏاجهِہ,Black spots on the face.
3,spun,ڪِتو,What has been spun.
3,spy,جاسۇسُ,"A spy, scout, an emissary."
3,spy,چارِئَپو,The business of a spy.
3,spy,مُخَبِرُ,"An informer, emissary, a spy."
3,stack,کوڙُ,"A heap, stack, pile."
3,started,ڇرڪ ڀرڻ مارڻ,"To start, to be started."
3,stay,دم وٺڻ,"To stay, rest one self."
3,stay,اَچيِ سهڙڻ,"). To sojourn, stay, live."
3,stay,وِرِمَڻُ,"To stop, stay, wait."
3,steal,هرڻ,"To take, to seize; steal."
3,steps,پونيون,under پوئين پيرين موٽَڻُ .پﯘنياريِ To retrace one's steps.
3,sticking,وَچُڙَ,"Adhering, sticking to, importuning."
3,sticks,پَلْٿو,Fencing; playing at single sticks.
3,sticks,پَوْنسارُ,Treadle threads and sticks.
3,sticks,ڏاندِريِ,A seller of tooth sticks
3,sticks,مَدَنُ,The sticks supporting a
3,still,توُن,"Then, therefore, still. (Shah)"
3,still,حالَ,"Now, at this time. Still."
3,still,سامِتُ,"Settled, quiet, still; silent ( opp"
3,stocking,موزو,"A boot, a stocking."
3,stopping,ٻَجهاءُ,"Bond, fastening, tie, stopping."
3,stopping,هڪ لس لۇه,"Without stopping, straight, direct."
3,storey,طَبْقو,A storey. Régime.
3,storey,ماڙيِ,The upper room or storey.
3,stories,ٽِٻُ,"Lying tales, extravagant stories."
3,stories,پَڙْٻاٽيِ,A teller of such stories.
3,strap,تَسْمو,A strap of leather; bewit.
3,strap,خُرْدَمُ,A strap for the waist.
3,stray,ڇِنوڇورو,"A waif, stray, an orphan."
3,streak,لِيڪَ,"A line, row, streak, stripe."
3,strengthen,سَگهائِجَڻُ,"To strengthen, become strong."
3,strip,چِيوَٽُ,A strip of cloth.
3,strip,روڙَڻُ,To strip off (as leaves).
3,stripe,لِيڪَ,"A line, row, streak, stripe."
3,stripe,ليڪو,"A line (drawn), a stripe."
3,stripes,ليڪانئون,"Striped, in stripes, streaked."
3,striving,جَتَنُ,"Care, carefulness; diligence labour, striving."
3,striving,چارو,"Help, remedy; striving, exertion."
3,stub,کُتيِ,"A stump, stub of corn."
3,submit,نَنيو,") To bow, nod, incline; submit."
3,suck,چۇسَڻُ,"To suck up, absorb."
3,suffer,ڀوڳِناڀوڳَڻُ,To suffer pain or misery.
3,suffer,ڀوڳڻُ,"To suffer, undergo. To enjoy."
3,suffer,ڏوراپجڻ,To suffer reproaches or upbraidings.
3,suffer,سَٺو,") To suffer, endure, bear, tolerate."
3,suffer,شه کائڻ,To suffer a defeat.
3,suffer,ڪڙاڪاکائڻ,"To suffer much, endure hardships."
3,suffer,گهاٽوپائڻ,"To lose, suffer a loss"
3,suffer,هَرْجُ پَوَڻُ,To suffer damage or loss.
3,suffering,چۇچو,(One) suffering from such.
3,suffering,دُڪُہ,"Pain, suffering; grief, sorrow,"
3,suitable,جُڙائِيندو,"or Suitable, fitting, proper, properly."
3,suitable,صۇلائِتو,"or Becoming, suitable, suitably, cogenial."
3,suitable,لائِقُ,"Worthy, fit, suitable, becoming, proper."
3,sum,ميزان وٺڻ,"To sum up, foot up."
3,supplies,رسدرسائڻ,To furnish supplies; to cater.
3,supports,مَدِيانُ,The supports to a
3,suppose,مانون,"or Grant, suppose, as if."
3,surround,گهِرَڻُ,"To surround, encompass, besiege, encircle."
3,suspect,شڪائڻ,To cause to suspect.
3,suspend,ٽَنگَڻُ,"To hang up, suspend."
3,suspended,لَڙْڪَڻُ,"To hang, be suspended."
3,swallowing,تِڪَ,A gulp in swallowing. Also See
3,swamp,گَپِڻِ,"A quagmire, marsh swamp."
3,swamp,گَرَڻِ,"A quagmire, swamp, mire, mud."
3,sweat,ريڳِڙاڳَڙَڻُ,To exude profusely (as sweat).
3,sweep,ڍيِچَڪُ,"A swape, or sweep."
3,sweep,مُهاڙو,The sweep (of a scythe).
3,sweetheart,پَپَنُ پِريِ,"A darling, sweetheart. cuckoo."
3,sweetheart,پِريِ,"or Beloved, dear; a sweetheart."
3,sweetheart,پِئيِ,) A father. A sweetheart.
3,sweetheart,جانِ,"Life, spirit, soul. A sweetheart."
3,sweetheart,جانِبُ,"One beloved, a sweetheart, lover."
3,sweetheart,دلبر,"Heart-ravishing, lovely. A sweetheart."
3,sweetheart,دلدار,or Charming; a sweetheart.
3,sweetheart,ڍولِيو,"A darling, fondling, sweetheart, friend."
3,sweetheart,صَنَمُ,"An idol. ( poet ) Mistress, sweetheart."
3,sweetheart,گلبۇءِ,Sweet scent. A sweetheart.
3,sweetheart,مِٺَلُ,"A darling, fondling, sweetheart,"
3,sweetheart,مَحَبۇبُ,"A lover, a sweetheart."
3,sweetheart,مَعْشوُقُ,"A loved object, mistress, sweetheart."
3,sweetheart,من ميليِ,"Heart-attracting, pleasing. A friend, sweetheart."
3,swell,ڦُلائِڻُ,"To expand, swell; to flatter."
3,swell,ڦۇڪِڻِ,"See ڦوڪِجَڻُ .پِيئَڻِ To swell, be distended."
3,swell,موجوڪرڻ,To swell (as the sea).
3,swim,تَڙْڳَڻُُ,"To bathe, or swim much."
3,swing,پِينَگهہ,A swing for swinging in.
3,swing,لوڏڻ,"To shake, swing, jolt, rock."
3,swinging,پِينَگهہ,A swing for swinging in.
3,switch,چَهو,"A switch, rod, twig, wand."
3,symptoms,ٽاڪي,Secondary symptoms of syphilis.
3,tack,ريزاميحَ,A small tack or nail.
3,tack,هڻڻ,"To tack, stitch together, baste."
3,take,بروڀانئَڻ,To take ill or amiss.
3,take,ٿَڌاڻِ,To take a cooling draught.
3,take,ٺيِڪوکَڻَڻُ,To take a contract.
3,take,پوچارَڻُ,To take care of.
3,take,جهپ ڪرڻ,To take a nap.
3,take,ڇاندوڪرڻ,To take one's meals.
3,take,حجت اُٿارڻِ,"To take exception, demur."
3,take,دل ۾ ڪرڻ ٿيڻ,"To feel, take to heart."
3,take,ڌمڪڻ,"To fear, take fright."
3,take,رُنڀائِڻُ,"To occupy, take up, engage."
3,take,ساه ڪڻڻ,"To breathe, take breath."
3,take,سِڱوٽي,"To take care, regard, attend."
3,take,عبرت وَٺَڻُ,To take warn-ing.
3,take,ڪڎکڻڻ,To take a fancy.
3,take,لام لڳڻ,To take the protection of.
3,take,ميل ڪڍڻ,com To take stock.
3,take,نِهَڻُ,"To take away, remove."
3,take,نِيندو,") To take away, lead, carry."
3,take,وِهْتو,") To take a bath, bathe."
3,take,هرت ڪرڻ,To take or snatch away.
3,take,هرڻ,"To take, to seize; steal."
3,take,پاڻتي,) To take upon one's self.
3,take,همت ڪرڻ,To take heart or courage.
3,taken,ڌوڪوکائڻ,To be taken in.
3,taken,نِڪْتَلُ,"Abstracted, taken out; expelled; protuberant."
3,taking,سانڍَ,"Carefulness, taking care of, preservation."
3,taking,سنڀال,"Watching, taking care, guarding"
3,taking,گيِرُ,"(In comp ) Taking; holder as,"
3,taking,ليتيِ ڏيتيِ,"Giving and taking, traffic, dealings."
3,taking,هَرَڻُ,"(In comp ) Taking, removing, as"
3,tales,ٽِٻُ,"Lying tales, extravagant stories."
3,tales,شِرڙڦاڙَڻُ,To tell such tales.
3,talk,اوَر,To talk over (one's misfortunes.)
3,talk,بحري,"Maritime, naval. Extravagant in talk."
3,talk,ٽْون ٽْون,"Chattering, idle talk, gabbling."
3,talk,ٽْونڪو,"Chattering, idle talk and quarrelling."
3,talk,ڦَٿاڪَ,"Boasting, a tall talk."
3,talk,ڦَستو,"Foolish talk, nonsense, prattle."
3,talk,ڏکڙواورڻ,To talk over one's griefs.
3,talk,ڍَنڍين پِٽِجَڻُ,To be a common talk.
3,talk,فِضۇلُ,"Useless, idle (talk), extravagant (expenditure)."
3,talk,قِيلُ وقالُ قِيلُ مَقالُ,"Confabulation, familiar talk; logomachy."
3,talk,ڪانويلائيِ,"Loquacity, talkativeness, much talk."
3,talk,ڪُڇَڻُ,"& To speak, talk, sure, size."
3,talk,ڪڍڪرڻ,"To argue, talk immensely."
3,talk,ڪُشْڪَڻُ,"To say, talk, speak."
3,talk,گِڙْٻِڙِ,"Confusion, noisy confused talk; disorder."
3,talk,گُڙْٻُڙِ,"Indistinct talk, jabber, mumbling."
3,talk,گوشِٽِ,"Conversation, a talk on religion."
3,talk,لَٻِ لَٻِ,Idle and foolish talk.
3,talk,لُغَتِ,"A dictionary. Speech, talk."
3,talk,مَرْمَڻُ,"To chatter, to talk idly."
3,talk,واتُ,"The mouth. Talk, chatter"
3,talk,وارِتا,"Tidings, news; talk, tale. Prose."
3,talk,وِياچَڻُ,To talk of one's griefs.
3,teach,سيکارَڻُ,"To teach, instruct. To induce."
3,tears,هِنئاءُ ڀرجيِ اَچڻ,To be moved to tears.
3,tease,تَائِڻَ تَپائِڻُ,"To tease, vex, trouble."
3,tell,آکاڻيِ کڻڻ,To tell a story.
3,tell,شِرڙڦاڙَڻُ,To tell such tales.
3,tell,ڳالهہ کڻڻ,To tell a story.
3,tend,ٽَهورَڻُ,"To watch, tend, look after."
3,termination,حَدَ,"Boundary, restriction, limit, termination."
3,termination,نڇيڙو,"Decision, settlement, arrangement, conclusion, termination."
3,tester,پارِکُہ,"An examiner, a tester."
3,testing,پَرْکاٹيِ,The fee for testing coin.
3,th,نماز,The 16 th part of a
3,th,زمين دوز,Flat on th ground.
3,th,گُڎَ,"Pounding, thumping. Hoeing. Th kneebone."
3,things,اُٿامار,"Doing things offhand, dabbling."
3,things,حَشْراتِ,"n. pl Reptiles, creeping things."
3,things,اِدِرِگِدِرِڪَرَڻُ,To do things superficially.
3,think,سوچَڻُ,"To ponder on, reflect, think."
3,thinking,مَٿَڻُ,") Churning (milk). Thinking, considering, counsel."
3,thoughts,ڪُمَتِ,"Bad thoughts, folly; bad advice."
3,thoughts,مَنُ,"The mind, thoughts; inclination."
3,threads,تَندۇن تاران,"In threads, worn into threads."
3,threads,پَوْنسارُ,Treadle threads and sticks.
3,threads,زريِ,"Gold threads, gold lace."
3,threaten,اَکہ ڏيکارڻ,"To scowl; be stern, threaten."
3,threatening,تابُ,"Dread, terror; threatening, menace."
3,threatening,جُٺِ,"Dishonouring, abusing, threatening, punishment; persecution."
3,threatening,ڌَمَ,"Smell, odour; force, threatening."
3,throttle,گهٽڻ,"To choke, suffocate; strangle, throttle."
3,throttle,نِگَهۇسارُڪَرَڻُ,To throttle to death.
3,throwing,غُبارو,A mortar for throwing shells.
3,throwing,گُهٻَڻ,A sling for throwing missiles.
3,thrown,رديِ,"Rejected, thrown away, waste."
3,thrust,ٽُنبَڻُ,"To pierce, prick, thrust into."
3,thrust,چوڪَ,"A prick, poke, thrust, stab."
3,thrust,چۇنگڻ,"To stab, poke, spur, thrust."
3,tie,ٻَجهاءُ,"Bond, fastening, tie, stopping."
3,tie,سَنڌِرو,The tie of the waistcloth.
3,tie,ڪانب ڪڍڻ,To tie the kamba
3,times,اَسيئَۇڻ,Eighty times more or greater.
3,times,ڀِرکو,"A time, succession of times."
3,times,يارُهوڻو,Eleven-fold or 11 times.
3,tire,پاٽو,The tire of a wheel.
3,tire,وِرْچائِڻُ,"To weary, fatigue, tire."
3,titan,دانَيٴُ,"A demon. Titan, giant."
3,toast,حوٽيِ حاضريِ,The morning tea or toast.
3,tolerant,مُتَحْمِّلُ,"Long-suffering, patient, tolerant."
3,tolerate,سَٺو,") To suffer, endure, bear, tolerate."
3,tops,گَجَرَ,) The green tops of carrots.
3,toss,بل کائڻ,To toss about in sickness.
3,tossed,اُڇِرڻُ,To be tossed up.
3,totally,سروسَرِ,"Wholly, completely, entirely, quite, totally. سَرْوَسَڳْت، سَرْوَسَڪِتِيوانُ"
3,touch,بوٺِ,"Feverishness, touch of fever."
3,touch,جهيِڻَ-جهيِڻائيِ,A touch (of fever).
3,touch,ڇُهِڻيِ,A touch. A tangent.
3,touched,اَڇُت,"Not touched, intact; pure, clean."
3,tow,هودارَڻُ,( naut ) To tow (a boat).
3,towards,مُتَوَجَهُ,"Turned towards, attentive, favourable."
3,trace,اَنگارڻ,To trace (an outline).
3,trace,پيرُ,") A footprint; a vestige, trace."
3,traces,آثار,"n. pl Signs, traces, vestiges."
3,traces,اُهاڙُ,Observing of traces; ( mil ) reconnoissance.
3,traditions,حَدِيثَ,Tradition; the traditions of Mahomed.
3,train,ڇيترِڻُِ,To train (as an ox).
3,train,حَمْلو,"An attack. Retinue, train."
3,train,مُقَدِّمومَسِلْسِلُ,logic ) A train of reasoning.
3,transformed,ڪايا پلٽ ٿيڻ,To be transfigured or transformed.
3,travelling,سَيْلانُ,"A journey, travelling, picnic, feast."
3,travelling,ڪَهَ,"Labour, toil, journeying, travelling."
3,travels,سفرنامو,A book of travels.
3,treaty,پَيْمانُ,"A promise, treaty, engagement."
3,trees,جَهَمٽُ,A grove of trees.
3,trees,جَهنگَلِ شِگافيِ,Clearing of trees and brushwood.
3,trees,رُڪو,Dry (leaves or trees).
3,tricks,چَرْتِر,"Story, history; wiles, tricks."
3,tricks,کيڎَ,"Play, tricks, expedients, dodge."
3,tricky,ڇَٽيلو,"or An artful dodger, tricky."
3,trouble,آزارﮡ,"To hurt, trouble, pain."
3,trouble,تالان والان ڪَرَڻُ,"To trouble, worry, to confound."
3,trouble,تَائِڻَ تَپائِڻُ,"To tease, vex, trouble."
3,trouble,ٺوٺاچَٻائِڻُ,"To harass, give trouble."
3,trouble,پَهيِ,"Reflection, counsel, considering. Trouble, annoyance."
3,trouble,ڏَنجُ,"Sickness, pain. sorrow, trouble."
3,trouble,ڏوڪِڙيِ,"Pain, trouble, misery, wretchedness."
3,trouble,سَتائِڻُ,"To vex, annoy, trouble' persecute."
3,trouble,سَندائِڻُ,"To vex, irritate, trouble."
3,trouble,ڪَشالو,"Toil, trouble, affliction, distress, discomfort."
3,trouble,ڪَلْپائڻُ,"To anger, vex, trouble"
3,trouble,هَلاڪُ,"Bothered, annoyed, wearied, trouble, vexed."
3,trouble,هلاڪت,"Annoyance, bother, vexation, trouble."
3,troubled,اَوْکو,"Difficult, hard; pained, troubled."
3,troubled,گَهٻِراَئِجَڻُ,"To be confounded, agitated, troubled."
3,trumpet,نَفِيريِ,) A horn or trumpet.
3,try,اَزمائﮡ,"To try, test, examine."
3,try,مٿامۇنا هڻڻ,To try one's utmost.
3,try,ڳالهہ ملائڻ,To try to shuffle
3,try,هٿ پيرهلائڻ,"To work, to try hard."
3,turn,اُٿلﮡ,To turn over or back.
3,turn,اُونڌَڻُ,To turn over and empty.
3,turn,ٻاهرڪَرَڻُ ڪَڍَڻُ,To turn out; oust. ٻاهَرون، ٻاَهَرنئَن، ٻاَهران
3,turn,ڦِرِڙائِڻُ,To cause to turn.
3,turn,کيرکرجڻ,"To lopper, to turn sour."
3,turn,گيڙَڻُ,To turn a water-wheel.
3,turn,ٿيڻ,To turn to clay.
3,turn,منهن موڙڻ,To turn away the face.
3,turn,واري,"Sand. Time, tour, turn."
3,turn,وَتَڻُ,"To wander, to turn."
3,turn,وراڪو,"Twist, turn, twisting, wind, winding."
3,turn,وَرِ,"Turning, returning, a turn."
3,turn,وِلْٽَڻُ,"To turn, tumble. Tumbler (pigeon)."
3,turned,اُلِٽائڻ,"To be reversed, turned over."
3,twist,مروٽڻ,"To twist violently, to wrench."
3,twist,موڙَ,") To bend, twist, sprain, wrench."
3,twist,وراڪڻ,"To twist, to curl, twine,"
3,tying,سڳڙيِ,The ceremony of tying the
3,uncover,اُپٽڻ,"To open, uncover; expand."
3,undergo,ڀوڳڻُ,"To suffer, undergo. To enjoy."
3,understand,پُرْڌو,"). To understand, comprehend. ( abs. n"
3,understand,پَرُوڙَڻُ,"To understand, to investigate."
3,understand,سهي ڪرڻ,"To understand, know, make out."
3,upset,زيرويچار,"To be upset, or topsy-turvy."
3,upset,ندان قيمت,"Reserved price, upset price."
3,upto,ٽِپِيڙهِيو,"From, or upto three generations."
3,urge,تاهۇت لائِڻُ,To urge great promptness.
3,uses,وِڙْواندُ,Who uses bad language; abusive.
3,using,تُنبڙْيو,A fisherman using a
3,utensils,ٽاڄو,"A collection (of utensils, etc)."
3,vegetables,ڪَچِرو,Leavings or remnants of vegetables.
3,venetian,بَدِڪيِ,A venetian ( coin ). A whim.
3,venetian,جِهرْمِريٍ,"A shutter, a venetian blind."
3,vessels,ڪُتَنِ جي چَٺِ,Very unclean (said of vessels).
3,victim,قرباني,A sacrifice; a victim.
3,vie,ريسائڻ,"To compete, rival, vie."
3,vie,واري اچڻ,"To match, mate, vie."
3,viewing,سَمَدَرْشيِ,"Impartial, equally viewing both sides."
3,visit,پَڌِراڻيِ,A visit from a
3,visit,مُنَهنڪاڻِ,Condolence; a visit of condolence.
3,visit,منهن ڪاڻ لاهڻ,To pay such a visit.
3,voices,چِئۇن مِئۇن,"Chattering, noise of voices."
3,voices,سُرِپُرِ,"Whispering, murmuring; noise of voices."
3,wait,اوسيڙجڻ,"To be delayed, wait anxiously."
3,wait,ڇه ماريِ وهڻ,To lie in wait.
3,wait,واسِرائِڻُ,To wait for anxiously.
3,wait,وِرِمَڻُ,"To stop, stay, wait."
3,waiver,لادعويٰ,"A deed of relinquishment, waiver."
3,wake,اوجاڳَ,"The remaining awake, vigil, wake."
3,wake,ساڄوٿِيَڻُ,To brighten up; wake up.
3,walk,ٽَهَلَ,"An airing, walk, drive."
3,walking,جَوْلانُ,"Motion, walking round; agitation, anger."
3,walking,لَڪُڻُ,"A walking stick, staff."
3,walls,نۇنيِ,Saline efflorescence on walls.
3,wander,اُجهڙڻ,To wander in the sun.
3,wander,ڀَمَڻُ,To wander about uselessly.
3,wander,ڀُڻَڻُ,"To wander about, roam."
3,wander,وَتَڻُ,"To wander, to turn."
3,wandering,ڏۇمُ,A caste of wandering musicians.
3,wandering,وائِوِڪِرِ,"Scattered, wandering; helpless and harmless."
3,wandering,وَتي گُهمنَدو,He is wandering about.
3,wanted,کَپيِ,"Is wanted. Should, ought, must."
3,washed,ڌوتو,p. p of ڌوتَلُ . ڌُئَڻُ Washed.
3,washing,پَڪاڪَرَڻُ,To calculate washing charges of.
3,washing,ڌئارڻيِ,The cost of washing.
3,washing,ڪَچاوَٽُ,A slight washing (of clothes).
3,washing,ڪندُريِ,The beating clothes in washing.
3,waters,پَنجابُ,(Five waters) The Punjab.
3,waves,ڇولِرُ,"Rippling, rising in small waves."
3,waves,دَڙَ,"The splashing of waves, roaring."
3,waves,لَهَرَ,) One carried away by waves.
3,ways,ڀَيتِتي پِيَلُ,Accustomed to (the master's) ways.
3,ways,جَهانِداريِ,The ways of the world.
3,ways,لوڪ مرجات,The ways of the world.
3,wearing,بيکِڌاريِ,One wearing a faqir's garb.
3,wearing,حوليو,One wearing a helmet.
3,wearing,ڏارِڦاڙِ,Tendency to tear wearing apparel.
3,wearing,کٿيرو,One wearing a khatho
3,wearing,گهگهيريِ,One wearing a ghagho
3,weave,اُڻڻ,"To weave, knit, net."
3,weave,واڻڻ,To intertwine or weave with
3,weaving,چۇنڊڪرڻ,(in weaving ) To design.
3,weaving,ڪامِڙو,( weaving ) A lease rod.
3,weaving,ورڇڻي,Dividing. Designing (in weaving
3,weighing,وَٽَهَڙُ,A weight for weighing with.
3,wheels,چَرْخِشُماريِ,Counting the Persian wheels; rambling.
3,win,جيِتَڻُ,"To conquer, win; defeat, overcome."
3,wings,پَرَهَڻَڻُ,To flutter one's wings.
3,wings,هَٻو,Having the wings clipped.
3,wisely,عقلائتو,"or Rational, rationally; wise, wisely."
3,wishing,طمعيِ,"Covetous. desirous, wishing for."
3,women,ستردار,"Veiled, concealed, shut up (women)."
3,women,گهگهو,One worn by Beluchi women.
3,won,ٻاَونُ,All points won in whist.
3,wonders,لِيلاَ,"Amorous sports; phenomena, wonders."
3,words,مِسِ مِسِ ڪرڻ,To whisper flattering words.
3,worked,جاٺو,A flour-mill worked by cattle.
3,worlds,تِرْلوڪُ,"The three worlds, the universe"
3,worry,تالان والان ڪَرَڻُ,"To trouble, worry, to confound."
3,would,جيڪَرَ,"If, although. inter Would that."
3,would,شالَ,"inter Would that, pray that."
3,wrench,مروٽڻ,"To twist violently, to wrench."
3,wrench,موڙَ,") To bend, twist, sprain, wrench."
3,wrench,پانو,A spanner; a wrench.
3,writes,سَڄوڎيِنهنُ ڀُڻولِکيِ,He writes away all day.
3,years,ٽِهاڻ,A camel three years old.
3,years,ٽِئاسِ,A young she-buffalo of 3 years.
3,years,ڇاڪارِيو,A camel of six years.
2,abs,سنگدل,"Stony-hearted, hard-hearted, cruel. ( abs. n"
2,carefully,نِڪْڻِيان,"With care, carefully."
2,cruel,سنگدل,"Stony-hearted, hard-hearted, cruel. ( abs. n"
2,earns,کٽڻهار,One who earns.
2,eats,اَهاريِ,One who eats.
2,et,وغيره,"Etc., et cetera."
2,etc,اُدميِ,Industrious etc.
2,etc,اَڻائيِ,"Contrariness, etc. اَڻڀاڻِ، اَڻڀُ"
2,etc,باسَ,"Confession, etc."
2,etc,بي وقۇفائي,"Folly, etc."
2,etc,ٻاجهارو,"Gracious, etc."
2,etc,ٻِلۇنگِڙو,"A pup, etc."
2,etc,ٻِيثَ,Closing etc.
2,etc,ڀِڙْڪَ,"A threat, etc."
2,etc,تاتيندَڙُ,"& A protector, etc."
2,etc,نتَپاسُ,"Investigation, etc."
2,etc,تَراشُ,"Paring, etc."
2,etc,ترتيب وارِ,"or Methodical, etc."
2,etc,ٿَڌِڙاڪَﮃَڻُ,To rub etc.
2,etc,ٿولِهہ,"Fatness, etc."
2,etc,ٽوپَ,"The boring, etc."
2,etc,ٽَهورَ,"Watching, etc."
2,etc,ٺَهائِتو,"or Suitable, etc."
2,etc,ٺَلهاڻِ,"Emptiness, etc."
2,etc,ٺينگُ ٽَپو,"Frisking, etc."
2,etc,پَرْپَنچيِ,"Artful, insidious, etc."
2,etc,پَرْنَ,"Intrusting, etc."
2,etc,پَرْوَسْتيِ,"Care, etc."
2,etc,پَڪائيِ,"Ripeness, expertness, etc."
2,etc,پﯘريِ,"Capricious, uncertain, etc."
2,etc,پورِائِتو,"or Whimsical, etc."
2,etc,پَهَڻُ,"To consider, etc."
2,etc,ڦُْردو,"Plundering, etc."
2,etc,ڦَيْلَڻُ,"To spread, etc."
2,etc,جاءِنِشيِنيِ,"Succession, etc."
2,etc,جَڏِڙو,"Maimedness, mutilation, etc."
2,etc,جُزْويِ طورِ,"Occasionally, etc."
2,etc,جَسيِ,"Famous, etc."
2,etc,جلويدار,"Radiant, etc."
2,etc,جُهاريِ,The visiting etc.
2,etc,جَهَليِ,"Passionate, etc."
2,etc,جهانجهرائيِ,"Quickness, etc."
2,etc,جِهٻُ,"Besmeared, etc., wet."
2,etc,چالاڪي,"Activity, etc.; trickery."
2,etc,چترائيِ,"Cunning; cleverness, etc."
2,etc,چهنبارو,"Beaked, etc."
2,etc,چيتَ,"Care, thoughtfulness, etc."
2,etc,چيِڙهُہ,"Stickiness, etc. Malleability."
2,etc,چيڙالائيِ,"Glutinousness, etc. Sordidness."
2,etc,خلليِ,"Quarrelsome, etc."
2,etc,ڌُتارَ,"Seduction, etc."
2,etc,ڌِڪَ,"Jostling, etc."
2,etc,ڏاتو,"See ڏاتاريِ . داتا Generosity, etc."
2,etc,پکو,"(matting, etc.)"
2,etc,ڏَڪِڻيِ,"Trembling, shaking, etc."
2,etc,ڏنگائي,"Crookedness, etc."
2,etc,ڌاتۇرو,"cotton plant, etc."
2,etc,ڊونگليِ,"A braggart, etc."
2,etc,ڍِرائيِ,"Looseness; slowness, etc."
2,etc,رنڀ,"Lowing, screaming, etc."
2,etc,رهڙۇ,"A tricker, etc."
2,etc,ريٽو,"Passing over, etc."
2,etc,ريجاڻو,Irrigated etc.
2,etc,سرهاڻ,"Perfumery. Fragrance, etc."
2,etc,شَناخَتَ,سناسيِ، سَناسُ etc. See
2,etc,سَنْهاڻِ,"Thinness, tenuity, etc."
2,etc,سَڻِڀاڻِ,"Oiliness, etc."
2,etc,سۇتَڪيِ,Unclean from etc.
2,etc,سوءَ,"Weeding, etc."
2,etc,سَهائِپَ,Making difficulties etc.
2,etc,شَناسَ,"Acquaintance, etc."
2,etc,ڪَٺورِتا,"Hard-heartedness, etc."
2,etc,ڪَپِٽيِ,"Deceitful, etc. ڪُپُٽُ ، ڪَپُٽُ"
2,etc,ڪۇنئَراڻ,"Softness, etc."
2,etc,کَٻو,"Left (hand, etc.)"
2,etc,کَڙو,"). Smartness, etc."
2,etc,کنگهاڻ,"Washiness, etc."
2,etc,گدلاڻُ,"Dirtiness, etc."
2,etc,گنڀيرائيِ,"Staidness, etc. swell."
2,etc,گورشيِ,"Zealous, etc."
2,etc,ڳؤراڻ,"Weightiness; heaviness, etc."
2,etc,ڳوڙهائيِ,"Density, etc."
2,etc,ليلڙاٽيِ,"Beseeching, etc."
2,etc,ماٺيِٹائيِ,"Quietness, etc."
2,etc,مرنئَڪو,"Brutal, etc."
2,etc,مشيريِ,"Assessorship, etc."
2,etc,مطالع ڪرڻ,"To read, etc."
2,etc,مَعْماري,"Architecture, etc."
2,etc,موڳائيِ,"Dullness, stupor, etc."
2,etc,مهڻاگور,"An upbraider, etc."
2,etc,نامدار,"Renowned, etc."
2,etc,نِراسُ,"See etc., under"
2,etc,نرتائتو,"Intelligent, etc."
2,etc,نزاڪتدار,"Beautiful, etc."
2,etc,نزديڪيِ,"Nearness, etc."
2,etc,وَڻُ ٽِڻُ,"Trees, shrubs, etc."
2,etc,وِڻو وِجهَڻُ,"To abuse, etc."
2,etc,وهميِ,"Whimsical, etc."
2,etc,هٻڪاريِ,"Fragrant, etc."
2,etc,آؤُتۇ,"Forward (goods, etc.)."
2,etc,ڎُچو,"Gnats, mosquitoes, etc."
2,friends,اُٽي,Cuts (with friends).
2,having,چَٽائيِ,Being sweet-toothed; the having sweet-tooth.
2,krishna,سانوَلُ,"Swarthy; title for Krishna, and also for, or in praise of, lovers."
2,loved,مُحُبُّ,"A sweetheart, a person loved, also a lover."
2,pays,ڎانيِ,One who pays
2,rub,ٿَڌِڙاڪَﮃَڻُ,To rub etc.
2,screaming,رنڀ,"Lowing, screaming, etc."
2,shaking,ڏَڪِڻيِ,"Trembling, shaking, etc."
2,shrubs,وَڻُ ٽِڻُ,"Trees, shrubs, etc."
2,suitable,ٺَهائِتو,"or Suitable, etc."
2,suitable,جوڳِڻِ,"). A snake-charmer, serpent-charmer. Befitting, suitable."
2,sweetheart,مُحُبُّ,"A sweetheart, a person loved, also a lover."
2,swell,گنڀيرائيِ,"Staidness, etc. swell."
2,threat,ڀِڙْڪَ,"A threat, etc."
2,visiting,جُهاريِ,The visiting etc.
1,abs,کِکو,Stinking (fish). ( abs. n کِکاڻِ ، کِکَہ etc.).
1,abs,نامڙداٹو,"Cowardly, pusillanimous, etc. ( abs."
1,arguing,بحثائتو,"or With arguing, obstinate; obstinately."
1,arrived,سامايل,Having arrived at etc.
1,attacked,ٻَرْجَڻُ,To be attacked with fever.
1,attacked,تَپِجَڻُ,To be attacked with fever.
1,attacked,ڇِڙْڪِجَڻُ,To be attacked with hydrophobia.
1,attacked,مائيِ نڪرڻ,To be attacked with small-pox.
1,beats,نَغارِچيِ,One who beats a kettle-drum.
1,boiled,ڪَلْجُڳُ,Meat boiled with soup.
1,boiled,ڪُهَريِ,One who sells boiled grain.
1,boys,گَلَرِ,"A crowd (of boys, etc.)."
1,breeds,ڏوج,One who breeds quarrels.
1,burned,لهسجڻ,"To be burned, etc."
1,casts,منترباز,One who casts spells.
1,charmed,مَفْتۇنُ,"Fascinated, charmed, mad with love."
1,cheats,گِدِيارُ,One who cheats in play.
1,cheeks,مِٽَ,). One with full fat cheeks.
1,clusters,ڇِڳارو,"Growing in clusters, etc., tufted."
1,coming,وَرَڻُ,") Next, coming (month, etc.)."
1,commits,آتم گهاتيِ,One who commits suicide.
1,consultation,مَچَڻُ,"Council, consultation, See under"
1,continually,ويراويرِ,"Constantly, continually, with continuance."
1,cooked,مرچائي,Flavoured or cooked with pepper.
1,cry,پُڪارَڻُ,"To cry out, etc."
1,cry,ميڪَڻُ,"To cry, weep, etc."
1,culinary,ويَٽرُ,"Water for culinary purposes, etc."
1,delighted,ريِڌو,"To be delighted, etc."
1,denies,مُنْڪِرُ,One who denies; an athiest.
1,disclosed,اُگهِڙڻ,"To be disclosed, etc."
1,ears,ڪَرو,A goat with small ears.
1,eats,ٿورَکائوُ,or One who eats little.
1,eggs,خصيِ,"). Giving eggs (hen, etc.)"
1,etc,آبوهﮡ,To soak (barley etc.)
1,etc,اُجرڻ,To be bright etc.
1,etc,اَدائيِ,"Performance, discharge (of duty, etc.)"
1,etc,اَرهجﮡ,"To be dissatisfied, etc."
1,etc,اَسو,"A wart, mole, etc."
1,etc,اَکو پائڻ,To make grain etc.)
1,etc,اُگهِڙڻ,"To be disclosed, etc."
1,etc,اَگهائيِ,"To become weak, etc."
1,etc,اُنائيِ,The howl of etc.
1,etc,خصيِ,"). Giving eggs (hen, etc.)"
1,etc,اَنگڙجڻ,"To be entangled, etc. اَنگشتانو، اَنگُسِتانو"
1,etc,بۇجَرُ,"Unravelled threads; tangled hair, etc."
1,etc,بيگَرِ,"Impressment of workmen, etc."
1,etc,ٻُِِلهَہ,Inflating the urinal etc.
1,etc,ٻۇثَڻُ,"To close, shut (eyes, etc.)"
1,etc,ٻيِڻُ,"Bight of an elbow, etc."
1,etc,ڀَڃيِ ڎِيَڻُ,"To deduct from wages, etc."
1,etc,ڀُڳو,"). To be fried, parched, etc."
1,etc,ڀُڎيِ,"The husk of sesamum, etc."
1,etc,ڀوڳڙِائيِ,"Parcher of gram, etc."
1,etc,تاتيِ,"& Submissive. Talkative. A guardian, etc."
1,etc,تاڪيد ڪَيدڻُ,"To send an expedite, etc."
1,etc,تَڳڻُ,"To stitch (a quilt, etc.)"
1,etc,تحصيلداريِ,"The office, etc. of a"
1,etc,تونبو,The act of carding etc.
1,etc,ڪَرَڻُ,"To fold (cloth, etc.)."
1,etc,ٿورائيِ,"Fewness, scarcity, shortness, etc."
1,etc,ٽامِٹيِ هَٹڻُ ٽِيَڻُ,"To be sunburnt, etc."
1,etc,ٽَرْڙو,"or A vain fellow, etc."
1,etc,ٽَهَلَڻُ,"To take the air, etc."
1,etc,ٺَهَڻُ,"To be reconciled, etc."
1,etc,پاڇَ,"Gruel of rice, juari , etc."
1,etc,پَلِجَڻُ,"To be brought up, etc."
1,etc,پامَڪَ,"Lace (of silk, cotton, etc.)"
1,etc,پَرْڇُ,"A sheet (of iron, etc.)"
1,etc,پُڙيِڪو,A packet of etc.) پَڙُهو،پَڙهاڏو
1,etc,پُڪارَڻُ,"To cry out, etc."
1,etc,پۇتو,"). To thread, string (beads, etc.)"
1,etc,پُئاٹيِ,"The cost of stringing, etc."
1,etc,پِيچَڪَ,"Lees of liquor, etc."
1,etc,ڦانٽَ,"An allotment, a share etc."
1,etc,ڦوڪَٽُ,"Causelessly; without trouble, etc."
1,etc,ڦَهَڪَڻُ,"To be fixed, fastened, etc. ڦَهَڪارو،ڦَهَڪاٽُ"
1,etc,جوکم جومال,"Valuables as ornaments, etc."
1,etc,جهڙپ,A stroke of etc.
1,etc,جهِينگَرَ,"To beat slightly, etc."
1,etc,چانديِ هئڻ,"To have great profits, etc."
1,etc,چَتْرُ,"A painting, picture, etc."
1,etc,چَڪاسَ,"Inspecting, etc. ( math ) Verification."
1,etc,سۇرڻ,"A cake of (soap, etc.)"
1,etc,چم چچڙ,A tick that etc.
1,etc,چيڙَ,"Irritating, etc. A nickname."
1,etc,ڇَڙَهڻ,"To pestle. (rice, etc.)"
1,etc,ڇاڙُه,"One who pounds, etc"
1,etc,ڇڪيۇن پائيِ وٺڻ,"To extort (money, etc.)"
1,etc,ڇِڳارو,"Growing in clusters, etc., tufted."
1,etc,ڇنڊا وجهڻ,"To spatter (clothes, etc.)."
1,etc,ڇوهُ ڇنڊڻ,"To vent one's anger, etc."
1,etc,حقائتو,"or Rightful, rightfully, lawful, etc."
1,etc,خالِصُ,"Pure, unadulterated, plain (spirits, etc.)."
1,etc,داسُ ڪرڻ,"To stew (vegetables, etc.)."
1,etc,هُرَڻُ,"); to seem right, true, etc."
1,etc,دل وٺڻ,"To humour (a child, etc.)."
1,etc,دۇنهن دکڻ,"To brew (as mischief, etc.)."
1,etc,دَهَلِجَڻُ,"To be alarmed, etc."
1,etc,ڌَڪَڻُ,"To scotch (a snake, etc.)."
1,etc,ڏاڍائيِ,"Hardness, etc.; tyranny, compulsion, etc."
1,etc,ڏِکَڻُ,To anoint a bridegroom etc.
1,etc,ڍنگڻ,To tie a cow etc.
1,etc,رَڙڪَڻُ,"To munch (gram, etc.)"
1,etc,رساڪاريِ,"Ability to please, etc."
1,etc,ريِڌو,"To be delighted, etc."
1,etc,زبردستيِ,"Force, oppression, highhandedness etc."
1,etc,سامايل,Having arrived at etc.
1,etc,سڄڻڪو,"Of a friend, etc."
1,etc,سُڌِرَڻُ,"To improve, reform, etc."
1,etc,سرپوش,"Cover of a dish, etc."
1,etc,سَندَءِ,"Thy own (sons, etc.)."
1,etc,سَندُءِ,"Thy, thy own (son, etc.)."
1,etc,سۇتَڪِجَڻُ,To become impure from etc.
1,etc,قُلْفيِ,"A mould for ice-cream, etc."
1,etc,کِکو,Stinking (fish). ( abs. n کِکاڻِ ، کِکَہ etc.).
1,etc,گذريل,"Past, last (month, etc.)."
1,etc,گَلَرِ,"A crowd (of boys, etc.)."
1,etc,گنڊجڻ,"To be confused, etc."
1,etc,گهٽجڻ,"To be cloked, etc."
1,etc,لاڳيدار,"One entitled to fees, etc."
1,etc,لهسجڻ,"To be burned, etc."
1,etc,مُتَصَرّفُ ٿَيڻُ,"To enjoy profits, etc."
1,etc,موچَ,"Sprain (of the ankle, etc.)."
1,etc,مهاتما,"A pious man saint, etc."
1,etc,ميڪَڻُ,"To cry, weep, etc."
1,etc,نامڙداٹو,"Cowardly, pusillanimous, etc. ( abs."
1,etc,ناٽائۇ,"or An evader, etc."
1,etc,نقش ٿيڻ,"To be engraved, impressed, etc."
1,etc,نَهْرو,"Long-horned (a deer, etc.)."
1,etc,وامڻيِ,"The casting goods, etc., jettisam."
1,etc,وانجِ,"Passing over, go-by, etc."
1,etc,واڻاڻيِ,"The expense of intertwining, etc."
1,etc,وڎوتپ,"( colloq ) Typhoid fever, etc."
1,etc,وِرْچاڻيِ,"The being worried, etc."
1,etc,وَرَڻُ,") Next, coming (month, etc.)."
1,etc,وفاڪرڻ,"To be loyal, true, etc."
1,etc,ويَٽرُ,"Water for culinary purposes, etc."
1,etc,هَٺِيائِڻُ,"To become proud, obstinate, etc."
1,etc,هُرْيائيِ,"Levity, lackness of earnestness, etc."
1,etc,هَضَمُ ٿِيَڻُ,"To be digested, etc."
1,etc,ڀُڻِڪَ,"Bubbles in glass, etc."
1,etc,چَؤڙيِ,"A leg (of mutton, etc.)."
1,fears,خُداتَرْسُ,One who fears God. Godfearing.
1,feathers,ٽيڙَنِ ٽُٽو,"(With feathers broken) Lazy, slothful."
1,filled,سَڱوئِجَڻُ,To be filled with milk.
1,filled,بَڪُلِيو,"Soiled, filled (with dust)."
1,finds,ٽوڪِڻو,or One who finds fault.
1,fires,گرجائيِ,One who fires a gurjo
1,flowers,گيِهولِ,A creeper with red flowers.
1,frequently,مُٽاکرو,One who passes urine frequently.
1,fried,ڀُڳو,"). To be fried, parched, etc."
1,gets,مَنجَهہ ڳُڻو,One who gets another's secret.
1,gives,ڦۇسِرُ,One who gives a
1,gives,جۇڻِيَتُ,One who gives such information.
1,giving,خصيِ,"). Giving eggs (hen, etc.)"
1,habits,حرف علت,See under علتيِ .حرف Of bad habits.
1,has,جُٺِيارو,One who has been ill-treated.
1,honor,تَشْريِف فَرْماٿِيَڻُ,To honor with one's presence.
1,horns,ٿوُنو,Butting with the horns.
1,joined,مُشْتَرَڪُ,"Shared, joined, See under"
1,joins,جهِمِريِ,One who joins in the
1,keeps,ڪَبۇتِرائي,One who keeps pigeons.
1,knows,گهڻ ڄاڻ,One who knows much.
1,knows,مَنجهُہ,) One who knows another's secrets.
1,layers,دۇبيِنائيِ,See دۇتهو .دُئيِ (With two layers). Stout.
1,learns,سيکائۇ,One who learns; a scholar.
1,lets,چوٽير,One who lets his
1,mah,شرعاً,According to Mah law
1,mah,ۇضۇ,Ablution before prayer ( Mah ).
1,makes,نؤديِ,One who makes or sells
1,melt,پَگهارَڻُ,To melt; dissolve with heat.
1,moved,دل ڀرجڻ,To be moved with tears.
1,moved,وهڻ,To be moved with compassion.
1,nails,نهنڊو,A scratch with the nails.
1,ones,يٿاشڪت,According to ones' means. يَٽلِيِ ، يَٽُ See زَٽلِيِ ، زَٽُ
1,oneself,ڍَءُ جَهَلَڻُ,To contain oneself. ڍئڻ ، ڍئجڻ See under
1,ornaments,جوکم جومال,"Valuables as ornaments, etc."
1,passes,مُٽاکرو,One who passes urine frequently.
1,patches,اَڳڙيارو,"Ragged, covered with patches."
1,patches,اَڳڙيائون,"Patched, covered with patches."
1,pipes,آنچيِ,"Cane used for ""Huqah"" pipes."
1,plays,ڍولِڪْيو,One who plays on one.
1,pleased,هش تيِ خوش ٿيڻ,To be pleased with flattery.
1,pounds,ڇاڙُه,"One who pounds, etc"
1,profits,چانديِ هئڻ,"To have great profits, etc."
1,profits,مُتَصَرّفُ ٿَيڻُ,"To enjoy profits, etc."
1,proudly,اۇچيِ ڳاٽِ,"With head erect, proudly."
1,purchases,منبئيدار,One who purchases Government grain.
1,purposes,ويَٽرُ,"Water for culinary purposes, etc."
1,puts,ڦَڏائيِ,& One who puts hitches.
1,qualities,ڳُڻاريِڪ,etc. under ڳُڻوانُ . ڳُڻُ Possessing excellent qualities.
1,raises,اَڙيِگوڙُ,One who raises hitches.
1,raises,آنگاسيِ,One who raises an (
1,rents,مسواڙي,One who rents a house.
1,rows,ٽہ لڙهوهار,A necklace with three rows).
1,rub,آڍﮡ,To rub (with oil.)
1,secrets,مَنجهُہ,) One who knows another's secrets.
1,sells,ڪُهَريِ,One who sells boiled grain.
1,sells,نؤديِ,One who makes or sells
1,severely,ڀَرُڪَري,"With violence, (striking)severely."
1,sneak,گوٿِناٿُ,A sneak; one who shirks.
1,soak,آبوهﮡ,To soak (barley etc.)
1,sons,سَندَءِ,"Thy own (sons, etc.)."
1,spells,منترباز,One who casts spells.
1,spirits,خالِصُ,"Pure, unadulterated, plain (spirits, etc.)."
1,stew,داسُ ڪرڻ,"To stew (vegetables, etc.)."
1,stories,شِرڙيِ,One who tells such stories.
1,struck,حَيْرَتَجَڻُ,To be struck with astonishment.
1,stuffed,پَڪوڙو,Pastry stuffed with pease meal.
1,take,ٽَهَلَڻُ,"To take the air, etc."
1,talks,زٽليِ,One who talks nonsense.
1,tears,دل ڀرجڻ,To be moved with tears.
1,tells,شِرڙيِ,One who tells such stories.
1,tells,هوريِ,One who tells such.
1,threads,بۇجَرُ,"Unravelled threads; tangled hair, etc."
1,tie,ڍنگڻ,To tie a cow etc.
1,treat,ٿُڪَڻُ,To treat with disdain.
1,trouble,ڦوڪَٽُ,"Causelessly; without trouble, etc."
1,uses,سراڻو,One who uses one.
1,vegetables,داسُ ڪرڻ,"To stew (vegetables, etc.)."
1,vent,ڇوهُ ڇنڊڻ,"To vent one's anger, etc."
1,welcome,نِچُ,"With a welcome, well."
1,worried,وِرْچاڻيِ,"The being worried, etc."
1,writes,لڪڻهار,"A writer, one who writes."
0,annoyed,وِڪَنو,"Tired of, disgusted with, annoyed. وِڪِڻَڻُ ، وِڪَڻُ See under"
0,cards,سَتو,The number seven (in cards). See under
0,caring,تانگهَہ,"Need, want, caring for. Also See under"
0,etc,تدارڪ ڪرڻ,"To redress etc., to see to, bring under discipline."
0,etc,پَکُہ,(2). پُڇاڻو،پُڇا،پُڇَ etc. See under
0,etc,رنديِ,Intoxication with etc.
0,etc,رن ذاتيرو,نوڙ، رنڙ، رنذاتيو etc. See under
-1,agreeing,برْبِلِ,etc.). Agreeing with the stomach.
-1,bullying,هيِسَ,"Treating with violence, etc., bullying."
-1,causes,جَنجاليِ,"One who causes trouble, etc."
-1,cheats,خريبيِ,"One who cheats, etc."
-1,cooked,تانهِريِ,"Rice cooked with sugar, etc."
-1,etc,تانهِريِ,"Rice cooked with sugar, etc."
-1,etc,ٽِڻي,A knuckle. ٽوٻو،ٽوٻِرُ etc. See under
-1,etc,جَنجاليِ,"One who causes trouble, etc."
-1,etc,خريبيِ,"One who cheats, etc."
-1,etc,مينديِٴ رتو رتڙو,"stained with (sin, etc.)."
-1,etc,رِڪَتيِ,One who obstructs by etc.
-1,etc,رمليِ,One who can divine etc.
-1,etc,سُڪارِجَڻُ,To be blessed with etc.
-1,etc,ڪٿڪ,One who interprets etc. ڪِٿَهُن، ڪِٿان
-1,etc,ڪِنِڙو,"The herb plantain. ڪُنَ ، ڪَنَ سوپاريِ ، ڪَنڙِوڎيڻ, کوٽڻيِ etc. See under"
-1,etc,وناهير,One who sits etc.
-1,etc,هيِسَ,"Treating with violence, etc., bullying."
-1,sits,وناهير,One who sits etc.
-1,trouble,جَنجاليِ,"One who causes trouble, etc."
-2,etc,جَهڪائِڻُ,"To cause to gabble etc. See under جَهڪَڻُ .جَهڪو To talk foolishly, chatter."
