english,sindhi,english_definition
cork,ٻُنجو,"A large cork, plug."
cork,ٻُنجيِ,"A cork, plug, stopper. The knob or button in wooden sandals fixed on the toes."
cork,ٻۇچُ,A cork.
cork,ڏَٽَڻُ,"To cork up, plug; to bury."
cork,ڏَٽو,"A cork, plug, bung, stopple. That part of the huqa connecting the tubes with the bottom. A piece of stick attached to drum strings for tightening them with. Fat, stout."
profits,چانديِ هئڻ,"To have great profits, etc."
profits,مُتَصَرّفُ ٿَيڻُ,"To enjoy profits, etc."
twentieth,ويِهون,Twentieth.
banks,چَهيِ,"A staked dam fixed across, or for the support of the banks. A small twig"
banks,ڀَرِيۇنِ پائِڻُ,To wear away the banks of a river.
layers,تَهائِتو,"In layers, in succession"
layers,پالُ,"A small tent; an awning. Layers of straw, leaves, etc. in which unripe mangoes, etc. are ripened."
layers,دۇبيِنائيِ,See دۇتهو .دُئيِ (With two layers). Stout.
reached,اِبهيِٴڪڙيِ آيوآهيِ ڇا؟,Has he reached this stage?.
reached,لاهۇتُ,The fourth stage supposed to be reached by Sufis when wholly absorbed in the Deity; absorption.
flames,ٻِلاثو,Having two flames; shining two ways.
flames,مَچَڻ,") Flames, blaze, heat, fire."
dragging,جَهڙڪو,"Dragging, pushing."
dragging,گيِسِکَ,"The dragging one's self along the ground in a sitting posture. Delaying, dilly-dallying."
stealing,چورن جيِ چلهہ,One to whose house thieves take goods after stealing them.
stealing,مُٺو,") To cause loss, injury, or annoyance by stealing or removing any thing."
discarded,چۇپو,"A suck. The discarded sucked remnants of sugar-cane, etc."
takes,پَرَنَنگو,One who takes upon himself another's shame.
takes,ڇِڪِرُ,One who takes things by force; a plucker.
takes,رُشْوُتخِورُ,"One who takes bribes, venal. رشوتخ.ريِ Bribery."
takes,سانگيِ,One who takes the character or dress of another; a pretender. A companion.
takes,ڪَهيريِ,One who takes about monkeys and bears to dance.
takes,کَسَڻُ,") One who takes any thing by force, a ravisher."
takes,موافقت,"One who takes much bhang , opium, or other intoxicating drug. Intoxicated with opiates."
takes,ننگيِ,"Honourable, high principled; one who takes on himself another's shame."
takes,وَڍِخورُ,"or One who takes bribes, venal."
takes,هچارو,"A murderer, one who takes life. Inhuman, bloody; sinful."
continents,کَنڊَکيڙائۇ,A searcher of continents; a seaman.
viva,زبانيِ,"or Verbally, by word of mouth, oral, viva voce , by rote. ( law ) A statement."
babes,لوليِ,"A lullaby, song to still babes. See under لولی ڏيڻ .لولو To sing a lullaby. لۇمِڙی، لۇمَڙُ See"
trailing,ڀَِنِگرو,Trailing eclipta.
trailing,پَلْٿَرُ,Any thing loose & trailing; an awkward fellow.
viii,اۇئان اۇئان,The wailing of an infant. Page vii Page viii
viii,بَٽانو,A green pea. Page viii Page ix
pounds,ڇاڙُه,"One who pounds, etc"
rats,ٽُڪَڻُ,To gnaw (as rats or insects do). To quarry (rocks); cut (stones). To bite (as fish do a bait).
rats,ٽُڪُ,"A cut, hole (made by rats, etc.)."
rats,ڪَؤاڪِرِ,( lit Earth thrown up by rats). Ant-hill.
cousin,سَوْٽُ,A cousin by the father's side.
cousin,قالِبُ,Crœsus who flourished in 400 B.C.; also supposed to be Korah the cousin of Moses by Mahomedans. Proverbially applied to all misers.
debts,اوڌَر,"Credit, money lent, outstanding debts."
debts,اُڳاڙڻ,"To collect (money), recover (debts)."
debts,اُڳاڙو,A collector of debts or small sums. Former.
debts,پيٺِ,"Debts, liabilities. An offering given to a superior."
debts,ڏئڻ وٺڻ,Giving and taking debts and credits.
books,ٻنڌاڻيِ,"Cost of binding, (books, etc)."
books,ٽِڪِڙو,"An ornament for the forehead, Pieces of glass worked on dresses. A kind of cake. Small spots of paint by Hindus on religious books, on goats before sacrifice, etc."
books,پُرانُ,The Hindu mythological books. پَرانهﯘن،پَرانهون
books,دَفْتَرُ,"Office records, account books; archives; an office."
books,سُرْخُرۇ,"Unabashed, nulla culpa pallescens ; in the good books of."
books,سَرَهو,"Happy, pleased, glad; in the good books of."
books,ڪاتُ,A tool for cutting the edges of books with; a large knife.
books,گُرُدُئارو,"The place where a guru lives, keeps his books, &c"
carving,پَتِْرِڻيِ,A goldsmith's carving instrument.
dedicated,وَڏيِ ٿَڌِڙي,"respectively, dedicated by Hindus to the goddess of small pox when cold food is eaten."
dedicated,نِئَازُ,"Supplication, petition. Humility. A thing dedicated, an offering, oblation"
earliest,نَئَي وَٽَ,") First fruits, or fruits and other articles of food the earliest of the season. The miraculous power attributed to some fakirs Moistening, moisture. ("
chick,چُنَڻُ,"Common chick pea, gram."
colored,چاندِني,"A white cotton coverlet with colored, gen red borders and made up of two short breadth cloths. Name of a bird."
colored,ريٽو,Red. A red colored
colored,ميندئَيِ رَتَڙيِ,Henna colored.
rip,اُڊوڙﮡ,"To rip, burst, unstitch."
rip,اُکولڻ,"To untie, disjoin rip, unfold, untwine, unravel. (passive"
seats,ڪُرْلُ,A piece of wood by which the planks or seats of a boat are stayed. Name of a bird that preys on fish.
strokes,چيِنجهَہ,"Fine writing and with thin strokes; thin straws or sticks, &c.; small fine pearls, grains, etc. A collective body of any articles thin and fine is so called."
strokes,گهايۇن ڎِيَڻُ,"To roll, beat a drum with rapid, continuous strokes."
strokes,گهَچَرُ,The strokes on the gong at the end of a watch.
baking,ٻُرَ,"The nap of cloth; down on the limbs; the mane of a horse, etc. Water. A slight application of ghee on the surface of a cake before baking."
baking,تَئَو,A bread baking pan.
baking,ٿوٻي,A flag for baking bread on.
baking,پَچاڻيِ,The price for baking.
baking,دانگيِ,An earthen pan for baking bread on.
baking,لوئِڻُ,"To moisten with water, &c., (flour in baking). To soil (as clothes by being saturated or covered with blood, dirt, &c.) To dye (the beard). To smear, saturate; to implicate (a person)."
dropped,گولَڪَ,"A till, a closed box with a clip at the top through which money is dropped."
shaking,آلڙَڻُ,"To be shaking as a tooth, post, etc; to tilt; to be ricketty."
shaking,ڦَٿِڪائِڻُ,"To shake violently, or give a violent shaking; handle severely, subject to a severe examination."
shaking,جُنبَشَ,"A shaking, a shock; motion."
shaking,جُهٻَ,"Shaking, churning."
shaking,ڇُلْڪو,The shaking water up; the water so moved; the noise of water shaken or dashing against any thing.
shaking,ڌنڌولڻ,"To shake backwards and forwards, to give a shaking, pull about."
shaking,ڌانڌولُ,A shaking.
shaking,ڌڏڻ,) One who gives a shaking; an earthquake.
shaking,ڌوڏَ,"A jolt, shaking."
shaking,ڌُڏِ ڌُڏِ,Shaking.
shaking,ڌۇنڌاڙَڻُ,"To shake roughly, give a shaking."
shaking,ڏَڪِڻيِ,"Trembling, shaking, etc."
shaking,لَڙْلَڙِ,"Shaking; chattering, prattle."
shaking,لوڏَ,Shaking.
shaking,لوڏو,"Swinging, shaking; a shock; convulsion; jolting, a swing, oscillation, vibration."
shaking,مُرْڪَڻُ,") A smile, smiling. The shaking of the voice in singing."
shaking,وِلوڙو,"Churning, shaking up, agitation."
excuses,مۇسَٽُ,"False excuses, sham, pretence."
excuses,ناٽَڪُ,"Sorcery, bewitching. A play, drama. Feigning, making false excuses, tricks."
pleased,ڀِرَڻُ,"To go, meet; set out; gather (as clouds). To be pleased."
pleased,ثُٺو,). To be pleased.
pleased,پَرْسَنُ,"Happy, pleased; in health. A species of divinition. ( abs. n"
pleased,پَسَندِڪَرَڻُ,"To like, be pleased with."
pleased,خُرَمُ,"Happy, merry, pleased."
pleased,خوُشِ,"Happy, pleased, delighted, glad, well-off."
pleased,خۇشنۇد,"Happy, pleased, merry."
pleased,رانئِڻُ,To scatter coloured paints on persons on festivities. To winnow. To work up grain so that the dirt may fall to the bottom. To weep. To be pleased; be reconciled.
pleased,رُچُ,"To excite desire; to be agreeable, to please. To be pleased, content."
pleased,سُرْحالُ,"Pleased, happy."
pleased,سَرَهو,"Happy, pleased, glad; in the good books of."
pleased,شادِ,"Joyful, happy, pleased."
pleased,ڪوڎِيو,"Happy, pleased, fond of."
pleased,ڳُِڻاٽجَڻُ,To be pleased with the language of any one.
pleased,ماڪَ تي مورَڻُ,To be pleased with false hopes.
pleased,مَحَظۇظُ,"Happy, joyful, pleased."
pleased,مَگهَنُ,"Immersed (in thought, &c.); pleased, happy."
pleased,نِهالُ,"Exalted, pleased, happy, delighted, glad. A young plant, a shoot."
pleased,هش تيِ خوش ٿيڻ,To be pleased with flattery.
peel,اُٿوڙﮡ,"To knock, or throw off with a kick or sharp blow. To cause to rebound. To clear out, open (as the tube of a pipe to make it draw). To cause to be dismissed, removed. To peel off. Melting, fusion."
peel,تِڇَڻُ,"To peel, plane, pare; to cut, wound."
peel,ڇِلُ,"Peel, skin, rind, shell, filings, shavings."
peel,ڇِلَڻُ,"To peel, bark, husk, decorticate; to scale (fish); to dress (stone)."
peel,ڇوڏيِ,"The bark of the Babul tree used in preparing spirits, and in tanning. The peel of the pomegranate. Mugil dussumieri —a marine fish; small fry."
peel,ڇيلِوون,"Formed of pared or peeled wood, devoid of skin or peel; shaped or squared (timber). Scaly (a fish)."
peel,کَلَ,"Skin, bark, rind, shell husk, peel crust; a hide generally of a goat or sheep; leather."
peel,گوروڪڍڻ,"To enucleate, peel out."
peel,اَنبَ چۇرُ,Mango peel dried in the sun.
analyze,تَفْرِيقَ ڪَرَڻُ,To analyze.
families,ڏيراڻيِ,The wife of a ڏيرپو.ڏير Families of one's husband's brothers.
families,صاحِبُ,"A lord, master, a respectful title for Europeans, the ladies of high Mussalman families, or the Sikh Granth &c. A gentleman."
families,ڌامو,when all the male members of Brahmin families are invited.
stocking,موزو,"A boot, a stocking."
christians,نَصارا,"Nazareth; Nazarenes, Christians.Radius."
attacking,اُليِ,"Bulimy, a ravenous appetite; ravenousness. An aphis attacking oil seeds."
attacking,پَڏِ,An insect like a butterfly attacking paddy crops.
attacking,ڇِڙْٻَ,"Attacking with a sharp voice, snapping at one; a rebuff."
attacking,ڏَنگِہ,A large fly attacking animals.
sinks,ڪامَ,"( med ) Aphthæ. A beam of wood, a joist. A wand, thin stick, a withe. ( naut ) Draught, the depth to which a ship sinks in water when atloat. An arrow."
attending,پانڊيِ,The musician attending a dancing girl.
attending,ڄاڃيِ,One attending such a procession.
attending,عَقِيقو,The first tonsure of a Mah infant; the ceremonies attending this tonsure.
attending,مزاجي,"Of obstinate or flighty disposition, who acts without attending to others, proud. Fastidious."
songs,لاڎو,A bridegroom. Songs in praise of a bridegroom sung at a wedding.
bon,لَطيِفو,"A witticism, a witty story, bon mot"
shelving,لاڙئون,"Sloping, slanting, shelving."
invited,مجلسيِ,One invited to an assembly; social.
invited,ڌامو,when all the male members of Brahmin families are invited.
builds,سَرْچِڙو,Name of a bird which builds its nest suspended from branches.
kh,اَکَڻِٽِيجَ,A Hindu festival—(1st or 2nd day of Wesàkh).
virtues,ٻَِهُگُڻو,"Accomplished, possessing many virtues and excellences. Also See"
shout,ٻاڪارڻ,"To ""baa"" as a sheep. To shout, bawl. ("
shout,ٻاڪارَ,"To shout, bawl."
shout,ٻُرَڻُ,"To ring or emit a ringing sound (as a plate, &c.) To shout, yell, din. To drip (as ghee , etc)"
shout,ٻَِڙْڪَڻُ,"To cry, to scream, to shout."
shout,دانهَن,"An outcry, crying, exclaiming, a scream, shout. A complaint."
shout,ڏَرَڻُ,"To cry aloud, shout. To fear dread. To split in two; to grind, coarsely, to split pulse grains by grinding. To guzzle."
shout,رَڙِ,"An outcry, roaring, screeching, yelling; scream, yell, shout."
shout,سَڏُ,"Call, calling, shout."
shout,ڪَڙْڪائِڻُ,To shout; to call to prayers (as
shout,ڪۇڪَ,"A screech, roar, yell, scream, shout, cry."
shout,نَعْرو,"A cry, shout."
shout,وات ڪرڻ,To shout; use abusive language.
shout,واڪو,"Outcry, screech, roar, loud call, scream, exclaiming, shout."
shout,ووڪَ,"n. See ووڪَڻُ . واڪو To cry out, shout."
shout,هوڪَ,The cry or shout of a hawker or pedlar.
shout,هوڪارو,A shout.
delivered,پيرَلَهَڻُ,To be delivered (of a child).
delivered,ڄايو,") To bring forth (young), to be delivered of (a child)."
delivered,سَمَهْڙو,Easily delivered (said of a young one).
delivered,وَصِيَتَ,"A last will or testament orally delivered, nuncupative will."
delivered,ويائيِ,To bring forth young. To be delivered.
delivered,ويايل,Delivered (a woman).
delivered,اَمَهَڙو,Delivered with difficulty (a young one).
delivered,ڇُٽَڻُ,To start (a railway train); to be delivered (of a child).
rocks,ٽُڪَڻُ,To gnaw (as rats or insects do). To quarry (rocks); cut (stones). To bite (as fish do a bait).
crimson,قرمزيِ,"Crimson, scarlet."
temples,چَئۇڻو,"A sidelock of hair, the hair on the temples. Grain given to birds to peck, or as a bait; food, victuals; means of subsistence, living; life."
temples,ڌَوْن ڌَوْن,The sound of bellows at the time of blowing; the throbbing (of the temples).
temples,رَبابيِ,"A player on one; a class of Mah. musicians who attend Sikh temples, funerals, etc."
temples,لۇتي سۇرُ,A pain over the eyes or in the temples.
temples,لوڻو,The temple of the head; the hair on the temples.
temples,نَوْبَتَ,"A certain tune or set of notes played on a kettle-drum or trumpet at the gates of great men's houses or at temples at fixed intervals. A time, turn tour. ( agr ) Rotation."
heated,هُٻَ,"The vapour arising from rain fallen on ground previously heated, miasma."
jan,پوهُ,Name of a Hindu month (Dec. and Jan.).
storing,مَٽَرُ,"used as a vegetable. A kind of mat-bag for grain, &c. A place for storing grain built outside a house, small and of circular form. ("
storing,سَٿَ,Storing.
storing,گُنديِ,A large vessel made of earth for storing grain in. ( dim
welcome,اَجيِ,"Honor, welcome."
welcome,آدرستڪار,"Welcome, honor."
welcome,ڀَليِن آيئَن,Welcome! You are welcome.
welcome,جييِءُ ڪري,) You are welcome.
welcome,مَرَحْبا,inter Hail! welcome!
welcome,مَرَحْباڪَرَڻُ,To welcome.
welcome,نِچُ,"With a welcome, well."
welcome,نِچُ آيَئِن,You are welcome.
welcome,نچ چوڻ,To welcome.
welcome,هانمُشْڪا,"Greeting, welcome."
jews,بَنيِ اِسرائيِلَ,"The children of Israel, Jews."
excitement,تاءُ,"Heat, passion, excitement, strong feeling."
excitement,لوهُ,"A wave, billow, surge; emotion, excitement, fit of passion; ecstasy, rapture; a paroxysm, fit. Wavy pattern embroidery, or coloured clothes or painting."
dealers,وَکَرُ,Goods sold by small dealers; wares. ( dim
spices,پُڙو,"A plantation of sugar-cane, etc. A packet, or parcel (of drugs, spices, any perfume, etc.). The mammary gland of a mare. ( dim"
spices,پَنجِتﯘلُ,"""Bhang"" prepared with spices, sugar, etc."
spices,ڪَڙهيِ,A dish of meal of pulse ( chana ) dressed with spices and sour milk.
spices,گهُٽَ,"A purgative consisting of aloes, spices and borax given to new born infants to clear out the meconium."
spices,مَٺاڻِ,") Bad; weak, diluted, lessened in force, &c. Base (as coin), coin with some inferior metal mixed in it, alloyed. ( com ) In small demand, dull. Sluggishly, lazily, feebly, weakly, with small force. A dish made of tyre or coagulated milk mixed with water, spices, &c."
spices,مَصالِحُ,"Materials, ingredients; drugs, spices, seasoning."
spices,وَگهارُ,"Seasoning of spices, &c., put in food."
obtained,پِراپَتِ,"Acquired, obtained."
obtained,پَنِجڙيِ,Five obtained in a throw of dice.
obtained,پَيْد,"Born, created; produced, discovered; obtained, appeared."
obtained,ڦَٻِجَڻُ,"To obtain one's desires, to succeed. To be digested. To be embezzled, obtained by chicanery. To be fastened."
obtained,جوڙَڻُ,") To be built, made; prepared, managed, mended or adjusted, to be ready. To fit, accord with, answer, serve, agree. To come to hand, be obtained."
obtained,حاصل ٿئڻ,To be obtained.
obtained,خالصيِ جيِ نانگليِ,A thing that can easily be obtained or easily done.
obtained,ڏوڌيِ,"A milkman, milkseller. Milk-like water obtained from a mixture of flour and water and put into soup, etc. to thicken it."
obtained,ڍَئِجَڻُ,To be obtained or found.
obtained,سَپْڄَڻُ,To be found or obtained.
obtained,سِڌو,"To be acquired, gained, obtained. To become softened in cooking, be seethed; to be pained (as in suffering); to be knocked up. To seethe."
obtained,سِنهَتَڪُندِرۇ,A gum resin obtained from a pistachio in Khorasan.
obtained,ڪَتِيلو,"A gum resembling tragacanth, obtained from Sterculia ursen"
obtained,گَوْلوچَنُ,"A yeliow substance obtained from the cow's urine, or the concrete bile of the cow."
obtained,ڳاڙُئون,Obtained by oozing or dripping.
obtained,ڳانو,An iron collar put on for punishment. A camel's collar. A string of black woolen thread obtained at the tomb of Lall Shahbaz at Sehwan.
obtained,لالِڙيِ,A red and black berry which forms a jeweller's weight (obtained from the abrus precatorious
obtained,لَڌو,"To be found, obtained,"
obtained,لَهَڻُ,") A thing found or obtained, a find."
obtained,سَرُ,out of which a soft rope is obtained.
obtained,مَحَصِلُ ٿِئَڻُ,"To be obtained, to be got."
obtained,مِلُ,") To be found, obtained, to come to hand, find, met with, mixed: to blend, correspond, match, tally, be joined, meet, mingle, be amalgamated; to meet, visit; to collude, combine together (as thieves); to coincide."
obtained,ملهائتو,"Bought, obtained or obtainable at a price, of proper price; priced."
obtained,مۇصِلي,"n. Hypoxis orchioides —a medicinal root of two kinds: black and white, the latter being obtained from asparagus adscendens"
obtained,وَرَڻُ,"To come out (of), be obtained (as good, profit, etc.)."
obtained,ورڻو,"A thing to be obtained or gained, good, benefit."
crunch,ڪَرْٽَڻُ,To grate the teeth together. To crunch.
gives,ٻِِلهاڙو,A kind of wrestling; a game in which one person gives a push while the other attempts to catch him.
gives,ڀاڙيُت,"That has lost its calf, but gives milk on being given food (a cow, etc.)"
gives,ڦۇسِرُ,One who gives a
gives,جَرْڦُلانئون,That gives forth many sparks (a firework).
gives,جۇڻِيَتُ,One who gives such information.
gives,حُڪُميِ,Who gives orders.
gives,ڌڏڻ,) One who gives a shaking; an earthquake.
gives,ڏاليِ,A present of fruit or vegetables; a number of fruits which the purchaser of the fruit of a garden gives to the owner. Sweetmeats made in the shape of fruit.
gives,ڏاهُ,"An informer, one who raises a hue and cry, or gives intelligence of the approach of robbers."
gives,ڏَپُ,"The property that gives excellence to any thing, as strength, beauty, youth, brightness, sweetness, &c."
gives,رجوگڻيِ,"One who gives way to sensual pleasures, etc."
gives,ڪانڌيِ,"One who gives a shoulder to carry a corpse, a corpse-bearer, a pall-bearer."
gives,ڪمتيِ,One with evil thoughts or who gives bad advice.
gives,کُڻْڪُ,"Suspicion, idea, slight knowledge which gives one a suspicion of any thing."
gives,ڳَهَڙْيو,One who gives a hint; a relator of a story. ڳَهْْلو ، ڳَهِلو
gives,گهورُ,A tambourine that gives a fine sound. The rumbling noise of wind in the stomach.
gives,مَصْلَحَتانُ,"One who gives advice, a counsellor, adviser."
gives,نَرُ,"A male; man; a title of respect. Masculine, male. In a pair of kettle-drums that which gives the bass or deep sound."
gives,هُڎيِ,). One who gives rebuffs. Rice that will not boil soft.
shuffle,ٺَپَڻُ,"To beat out (metals). To affix a seal on property, to impress, print. To beat clothes with a stick in washing. To shuffle (cards)."
shuffle,ڳالهہ ملائڻ,To try to shuffle
crocodile,سيسارُ,A large species of crocodile or alligator. A porpoise ( Murray
crocodile,واگهۇ,"A crocodile, alligator, or any water monster."
turkish,تُرْڪيِ,Turkish. The Turkish language.
quilts,دَڦُ,"A number of quilts, etc., covering one in bed. A tambourine, a drum."
threatening,تابُ,"Dread, terror; threatening, menace."
threatening,جُٺِ,"Dishonouring, abusing, threatening, punishment; persecution."
threatening,دٻاءُ,"Threatening, menacing, bullying."
threatening,ڌَمَ,"Smell, odour; force, threatening."
threatening,ڊَوْنگَلُ,"Foolish threatening or bragging, ill language."
threatening,ڍِنگُمَٽَرُ,A threatening expression.
respected,بَرْکہُ,"Respected; honored, having influence."
respected,عَزِيزُ,Respected; dear. A relation.
respected,قربائتو,"or Respected, venerable, venerably, honourable."
respected,قُرْبِوَندُ,"Loved, respected."
respected,شيخُ,"but used in the sing ). Chief, a man respected or venerated for his religion or learning."
respected,والِدَهِ,"Mother, respected mother."
demanding,ڌَرْڻوڏيڻ مارڻ,"The sitting fasting at one's door demanding payment of, or compliance with some demand, dunning."
beasts,پَنجوڙُ,A net for catching wild beasts in.
beasts,چَرْيو,") To graze, browse, feed (as beasts of pasture.)"
beasts,ڪَڍَ,"Extracting. Prolixity, unmeaning length of discourse or business. A trace for beasts in draught. Desire, longing."
dragged,تَڻَڻُ,"To be pulled, dragged, drawn."
dragged,ڇيڪائۇ,A puller A great smoker; a dunner; one who works a whetting stone; a beast that has to be dragged along.
tents,ڪِلو,"A large peg driven into the ground to picket horses, support tents, &c. ( dim"
fowler,مارُ,A fowler.
pierced,شَبِڪو,"Ornamental holes pierced through anything. ( arch ) Foil. A method for reducing coins, weights, &c., to a lower denomination, the account being worked out in a parallelogram or divided by diagonal lines after a certain fashion. Polianthus tuberosa"
beck,سَڏَوَهيِڻو,Ready at one's beck and call.
beck,ڪنجڪ لڳہ,Under beck & call.
juices,ڪَيْمۇسُ,"Chyme, juices of the body; humour."
prevents,جَهلَڻُ,"). A keeper, guardian; prop, support; what hinders or prevents. One who suffers patiently. Lasting, durable."
dangers,سَهائِڻُ,"To make difficulties about any thing in order to increase the obligation. To make up one's mind to all dangers and difficulties, and resolve to face them; to endure, make ready."
dealings,ڏيتيِ ليتيِ,"Buying & selling, dealings."
dealings,لَڙهُ وَچُڙُ,"Business, dealings; intimacy."
dealings,له چڙهہ,"Ascending and descending. Dealings with any one. An interval or delay allowed for the payment of any money. Affection, love."
dealings,ليتيِ ڏيتيِ,"Giving and taking, traffic, dealings."
cypress,لانڪُڙُ,"Wattles of the bastard cypress used for fences, walls for huts, &c."
cypress,لَئو,The large bastard cypress tree or tamarisk— tamarix articulata ; a generic term used with the prefix guz asree
boats,ٽُئَيِ,"A kind of flooring of wattles, etc placed in the bottom of boats. Three."
boats,ڪِڙو,"A wicker or reed frame for doors walls, &c.; a hurdle. A mat of woven wattles placed in the bottom of boats, etc"
boats,ڪَلْميِ,A kind of small sail for boats.
boats,گَجْڪو,A kind of flag used in boats.
boats,مِيرِدَهو,A customs officer who examines cargoes of boats.
boats,نَواڙو,A fleet of boats.
boats,بوڙُ,A fleet of boats.
stayed,ڪُرْلُ,A piece of wood by which the planks or seats of a boat are stayed. Name of a bird that preys on fish.
sparks,جَرْڦُلُ,A dried rose bud. A spangle. The sparks from fireworks.
sparks,جَرْڦُلانئون,That gives forth many sparks (a firework).
performing,اَهَنَرُ,A bridegroom's man performing certain ceremonies.
performing,بازيِ,"Play, sport, game; a wager; cheating, circumvention. The performing feats of activity, rope-dancing, tumbling, a somersault."
performing,پوپَٽي هَڻَڻُ,To emit a certain sound from the lips in performing a dance.
performing,ڦَڻيِ ڦۇڪارو,The act of performing the toilette; toilette.
performing,ڇۇڪارَڻُ,"To blow with the breath in performing incantations on any sore, or spot bitten by a venomous animal, &c."
performing,ڌامَڙو,An earthenware vessel filled with milk and water used in performing certain funeral ceremonies. ( Hind
performing,منترساڌڻ,To acquire the power of performing incantations.
performing,شئ ٿئَڻ,To be sufficient for one. The carrying out the request or wish of another. The performing an obligation.
performing,ڪرامتيِ,"Miraculous, one performing miracles."
performing,کُڻُُُ,"Interval, space of time, term allowed for paying money or performing any duty"
performing,مراقبوڪڍڻ,To cover the head in a particular form at the time of performing prayer.
performing,نارائِنَ ٻَلي,Performing an extra funeral ceremony for a person who has died of an accidental death.
performing,وَناهُ,"See وَناهِجَڻُ . وَنَواهُ To sit performing, or to perform the ceremony wanah"
among,اُٽي ڪرﮡ,To break friendship among children.
among,اُستاد,"A teacher, school-master, preceptor; a headman among artizans. Clever."
among,اُسِتو,"A master, headman among artizans."
among,ايِشَِورُ,"The manifested God (among Hindus), God."
among,ڀاڄيِ,"Vegetables, pot herbs. Food, sweets &c. distributed among relations, etc."
among,ڀَتُ,"Boiled rice (among Mahomedans). Porridge, gruel."
among,ٺاڪُرُ,"Lord, master; a chief among Rajputs. A god, an idol."
among,پاٿاريِ,"The spot where one sleeps, a bed; station or stage (of cattle-lifters), a gang. Family, race (among faqirs"
among,پَٿَرُ,"A stone. A mat, etc. spread out for the relatives of a deceased person in mourning; the mourning so carried on. A family or race (among Beluchis)."
among,پيروڪَڄَڻُ,To visit the house of the bride's family as the bride and bridegroom do among Hindus after the marriage on the same day.
among,ڦِڪَتُ,A coldness among friends.
among,ڇاندو,A share of division among Fakirs; a lump of any cake or dish.
among,داڻو,"A grain, berry, bead, one among pearls or of any kind of jewel. The mark of small-pox, a speckle, pustule, A spot on a playing card."
among,ڌۇنئَون,"A sect (among Fakirs, &c.)."
among,راٺوڙُ,(A caste among Rajpoots). A hardy bold man.
among,رَنگِيلو,A mate among the class of
among,سَماڙهو,Foot and mouth disease (among cattle.)
among,سَويمِبَرُ,"The public election of a husband by a princess, or lady of rank from among a number of assembled suitors."
among,ڪلاتِريِ,"Headman or chief among boatmen, fishermen, weavers, &c."
among,ڪَنياريِ,A disease among cows when the chops swell.
among,ڪوٺاريِ,A crucible. One who among a body of faqirs looks after the provisions.
among,لوئيِ,Up. S ). A caste among Mahomedans.
among,گَرو,"A plait or strand of a rope. A religious preceptor, pastor, a family priest; one among goldsmiths, himself being of the same caste. A cave."
among,گهُٽْڪو,"A gulp of water. A gasp, attempt to catch breath. Malignant sore throat (among cattle), glossanthrax."
among,لالا,"Sir, master, a title among Hindus."
among,مَڇيِ,) A fisherman. A low class among Mahomedans.
among,مَنجِهہ,"In, within, among, into."
among,مَهَنتُ,The chief or head man among Hindu Fakirs ; an abbot.
among,مين,"In, among, between, during. The sound made by a goat."
among,ناديِ ڪرڻ,To auction any article among partners.
among,نَفَرُ,A man cook or house servant (among Hindus).
among,واڌاڻو,"Congratulation. The first ceremony in a Hindu marriage when jilebis , etc., are distributed among relations and friends. A course of dishes cooked one after the other in the same utensils. The working of the mortar in pounding rice to clean it. A wooden ladle or spoon."
among,وِچِ,"In the centre, in the middle, in the midst, amidst, among, between."
among,وِڌِ,"Among Hindus, the defilement brought on others by one dying in a state of uncleanness, or on one's self from causing the death of a cat, &c. A defect (in a metal). See"
among,هاهۇڪَرَڻُ,"( slang ) To make one's presence felt, to impress fear (among the people)."
among,هَرِيهَرِ,A mode of salutation among some Fakirs
among,اَسيِ ڦُليِ,Purging (among cattle.) Page iv Page v
melted,پَتِ,"Good name, character; reputation, credit, confidence. Melted treacle, etc."
melted,گُدازُ,"Melted, dissolved."
melted,وِجُهلَڻُ,"To be grieved, to weep, to be melted with grief; to murmur."
charmed,اَڪَنُ ڇَڪَنُ,"Charmed, fascinated, mad with love."
charmed,مَفْتۇنُ,"Fascinated, charmed, mad with love."
tested,چَرَجوسَنهُن,A kind of ordeal in which the person tested runs through a drain over fire.
tested,مُجَرِّبُ,"Tested, proved, tried, expert."
doing,اُٿامار,"Doing things offhand, dabbling."
doing,اٌُهينئَين,"Without saying anything, or doing the thing; gratuitously; for no particular reason or purpose; gratis, in vain."
doing,بدڪاريِ,Evil doing.
doing,پاڻُ ڀَلائِڻ,To honor one's self by doing a kindly act.
doing,ڏَتُ,"Leisure, opportunity, time for doing any thing."
doing,رَهَڙَ,"Doing anything hastily or with negligent precipitation. Scrawling, scratching, a scratch. A beaten path."
doing,سِجِلِ,"Knowledge of the correct manner, or custom of doing any thing, taste, neatness, arrangement, order, method, regularity, system."
doing,کرائيِ,"The disposition of a donkey; mischief, evil doing."
doing,وَهولَ ڳائِڻُ,"To sit idle, be doing nothing."
doing,لُلَ مَئَڻُ,To be doing nothing.
cricket,تِڎيِ,Kinds of cricket or cockroach.
cricket,مَڪِڙيِ,"A kind of cockroach or cricket. A kind of small locust or grasshopper. The handle of a spinning wheel, &c., fixed in the axle. The stick fixed horizontally and across the hole in an upper millstone, in which is a hole for a spike to connect it with the bottom stone. The slip of wood fixed in the lintel of a door frame in which a spike from the door works as a hinge. A boat."
pres,ڏيِ,pres. p
pres,ڏيِندو,pres. p of
pres,هُئَڻُ,( p. t pres. part
symptoms,اَرکانَ,"n. pl Pillars; manners, habits, traits; symptoms."
symptoms,ٽاڪي,Secondary symptoms of syphilis.
pressed,بيگاريِ,A pressed labourer; a coolie.
pressed,تَنگِ ٿِيَڻُ,To be hard pressed.
pressed,ڇيڙَ,A body of pressed labourers.
pressed,ڇيڙو,A pressed labourer.
pressed,سَٿُ,"Stored, hoarded. Pressed down."
pressed,کَڙُ,"The dregs of mustard seed, etc, after the oil is pressed out; oil cake. Very dirty or oily."
pressed,نارِ,The quantity of oil-seeds put into a pressing mill at one time; the pressed circular lump of remnants that issue from the machine. Catgut. A woman. Gulf. Gun. A fire.
gems,آبائتو,"Respectable, dignified. Water; lustre (in gems), temper (in metals)."
gems,نورتن,Nine kinds of gems.
gems,ويِنجهارُ,"An engraver, a polisher of gems; lapidary. A very clever or ingenious person."
steps,پَوڙيِ,A flight of steps; a ladder; th bridge-board (of a boat). A verse in poetry.
steps,پونيون,under پوئين پيرين موٽَڻُ .پﯘنياريِ To retrace one's steps.
medicines,پُنجَ,( ) Heaps (of medicines).
holes,ٽُنگِرُ,Full of holes.
holes,پِڃِرانئون,"Open worked or with holes (done in wood, or with mortar, etc); latticed."
holes,سُنبو,The betelnut. A punch for punching holes in iron.
holes,شَبِڪو,"Ornamental holes pierced through anything. ( arch ) Foil. A method for reducing coins, weights, &c., to a lower denomination, the account being worked out in a parallelogram or divided by diagonal lines after a certain fashion. Polianthus tuberosa"
holes,کٻڻ,"To trample into holes, as cattle do soft ground."
favorite,تَڪْيَہ ڪَلامُہ,"An expletive, a favorite phrase as ""Do you see?"", etc."
favorite,خاصِ,"Excellent, noble, pure; particular, chief; favorite; ( gram ) proper; especial. Especially, particularly."
bears,ڀۇڪُ,"The centre stalk which an onion bulb bears when replanted for seed. A blockhead, a fool."
bears,سَهَڻو,"Sufferable; one who bears or endures. Endurable, patient, tolerable."
bears,ڪَهيريِ,One who takes about monkeys and bears to dance.
bears,کراڎينهن,"When a hundi bears these two words, it entitles the holder to no discount"
thereof,وِرْڇَ,"Dividing, distribution, a share. Rations, or money given in lieu thereof generally every six months."
thereof,هَواوهَوَسُ,The desires of the flesh and the lust thereof.
ver,هاسيِ,"Laughter, joking. Fear ( Ver. 5th Book)."
belonging,ٽَپاليِ,"A postman. Of, or belonging to"
belonging,جانِبُ,Belonging to life.
belonging,ڄَٽِڪو,"Of, or belonging to a"
belonging,جهۇنجهارِڪو,"Of, or belonging to a hero."
belonging,حبِيباڻو,Belonging to a beloved one.
belonging,ڌيِئَڙيِ,A word of endearment for a ڌئاڻو . ڌيِءُ Belonging to a daughter.
belonging,راڄڪو,Of or belonging to a body of husbandmen or subjects or any class in the community.
belonging,ساڌاڻو,"Of, or belonging to a ساڌَٻُڌيِ .ساڌ A religious turn of mind. ساڌپو،ساڌپٹو،ساڌپڻ،ساڌپائيِ،ساڌائيِ"
belonging,ساڌۇڻو,"Of, or belonging to a"
belonging,سامُنڊيِ,"Of or belonging to the sea, oceanic. A steed. A seaman."
belonging,سِرائيِ,"An inhabitant of Siro. Of, or belonging to Siro. A title of a Mah. gentleman."
belonging,سَرْهِيانڻو,"Of, or belonging to the grain mustard."
belonging,سَماجِڪُ,"Held in common, belonging to a society."
belonging,شاهۇڪاريِ,"Richness, opulence. Of or belonging to a wealthy person; mercantile."
belonging,شَهَري,"A citizen. A rogue. Of, or belonging to a city, civic."
belonging,شَهَريچو,"Of, or belonging to a city or town."
belonging,عيداٹو,"Of, or belonging to a festival."
belonging,فراقِيو,"Of, or belonging to the pain of separation."
belonging,فَصْليِ,"Of, or belonging to the Mahomedan era, reckoning by the return of the yearly seasons."
belonging,فوطو,A sum of ready money; a certain amount of money belonging to any particular account.
belonging,قاصداڻو,"Of, or belonging to a qasidu. n Pay or hire of a qasidu"
belonging,ڪاپاريِ,"Of, or on the crown of the head. Of, or belonging to the zenith; perpendicular."
belonging,ڪافَراڻو,"Of, or belonging to an infidel."
belonging,ڪافوريِ,"Of, or belonging to camphor."
belonging,لَڪَڙْيارو,Belonging to a mountain pass.
belonging,لوڪاڻو,"National; of, or belonging to a nation."
belonging,مانجهو,"A paste mixed with pounded glass, etc., and applied to kite-string. Of, or belonging to a buffalo."
belonging,مُتَوَسِّطُ,"Intermediate, belonging to the middle class, ordinary, common."
belonging,مخادمی,"The duties or rights of a mukhadim. a Of, or belonging to a mukhadim"
belonging,مسلمانڪو,"Of, or belonging to a Mahomedan or Mussalman."
belonging,مَعْدَنيِ,"Belonging to a mine, mineral."
belonging,مُلْکيِ,"Belonging to one's country, indigenous; national; political. Revenue."
belonging,مڱہ,of or belonging to
belonging,ميئَڪو,"Of, or belonging to a fisherman."
belonging,نباتي,"Of, or belonging to a vegetable, belonging to vegetation."
belonging,وڻجارڪو,"Of, or belonging to a merchant; mercantile."
belonging,هندستانيِ,Indian; belonging to N. India.
belonging,ياقۇتيِ,"Of, or belonging to rubies."
belonging,يتيماڻو,"Of, or belonging to an orphan."
using,تُنبڙْيو,A fisherman using a
using,سَگهائِتو,"or Able, strong, possessing power or efficacy; with power using one's best efforts."
using,وجهڻ,To be inimical. To cheat by using a false weight.
loving,ڀَڳِتيِ,"Loving devotion, ardent worship."
loving,تالِرُ,Full of blandishments and loving airs.
loving,پِريميِ,"Affectionate, loving; devout."
loving,نيهيِ,"Affectionate, loving, fond; zealous."
balls,ڀِنڊَ,A kind of raw sugar made up in balls.
balls,جهانئي,"Any thing put inside a hollow body to make a rattling noise; small jingling brass balls. Down, or soft under-feathers."
balls,ڪُلْفَتَ,Chopped meat made up in balls.
balls,کسيِ لڎۇن,A kind of sweetmeat made in balls.
balls,کَنڊُڀُڳِڙو,"A sweetmeat made in little balls covering parched gram, etc."
balls,لاڎُئون,A kind of sweetmeat made up in balls.
balls,لَڏۇن,A kind of sweetmeat made up in balls.
swinging,پِينَگهہ,A swing for swinging in.
swinging,پيِنگهو,"A swinging cradle; a swing. A kind of noosed rope for trying up buffaloes, &c., with by one foot."
swinging,لوڏو,"Swinging, shaking; a shock; convulsion; jolting, a swing, oscillation, vibration."
repay,پيِچائِڻُ,"To repay (a debt), liquidate. To complete; to wear out, to press violently. To boil (rice) without straining out water. To shoot into a hole (a marble)."
repay,لاهُ,"To strip off, cause to descend, lower, to degrade; to put down(a boy in a lower class); pull off (as clothes), take down or off, to take (pots)off(a potter's wheel); to cut or shave (hair); to reap down (a field); disembark; to cut off (one's head); to lay (an egg); to adjust, settle or close (an account); to take out, efface; to pay off, liquidate (a debt); to repay (an obligation); to abolish; finish(a work).To deduct, subtract (in accounts); to cure (a disease), to turn out (of caste); to quench (thirst), to calm, appease."
repay,موڪڻ,"To release any thing pawned, to redeem. To repay an obligation, &c.; to requite."
uncover,اُپٽڻ,"To open, uncover; expand."
uncover,پَٽَڻُ,"To pluck out, pull up, uproot. To open, uncover."
praying,ٽاهِ ٽاهِ,Protection given by the Deity; the praying for such.
praying,جَپُ,"Counting silently the beads of a rosary, praying."
praying,قِبْلو,The temple of the kabah in Mecca; the direction in which Moslems look when praying. A title of respect applied to kings and great men.
praying,نِمازيِ,"Devout, one who performs his prayers regularly. Pure, fit for praying in (clothes)."
purchases,منبئيدار,One who purchases Government grain.
apartments,اوطاق,The men's apartments.
apartments,تپدار,the settlement of a chieftain. Women's apartments. a zenana; the females of a family. A granary. ( Up. S
apartments,ڏيڍيِ,"A kind of earring or ear ornament. An antechamber, porch, gate-house; the wall forming a screen to the doorway to the women's apartments; a zenana, harem. The door and adjoining rooms for door keepers."
apartments,زَنانِخانو,"The female apartments, zenana, harem"
tally,مِلُ,") To be found, obtained, to come to hand, find, met with, mixed: to blend, correspond, match, tally, be joined, meet, mingle, be amalgamated; to meet, visit; to collude, combine together (as thieves); to coincide."
favor,اُپڪار,"Benevolence, favor."
favor,اَڳرو پوڻ,To curry favor.
favor,تَوَجَهَ,"Attention; condescension, favor."
favor,ٿو وُ,"Obligation, debt of gratitude, favor"
favor,ٿَڌوٿورو,Favor done with a purpose.
favor,ٿورومَحَيڻُ,"To acknowledge a favor, feel grateful."
favor,پَکَرَ,"Mercy, favor. Iron armour."
favor,نوازش نامو,"A kind note, ""your favor,"" a letter."
favor,ياوَريِ,"Assistance, favor."
favor,اَنگِرَهُ,"Favor, kin dness."
favor,ڎَتُ,"Kindness, favor."
blows,ٻساڪَرَڪُثو,"( liter ). Slaughter of goats; dealing blows right and left; outcry, bawling."
blows,ڌوڪَڻُ,To ram down or in; to drive in by blows; to work a bellows.
blows,کاءُ,"). To eat. To bite, sting. To erode, wash away (as the river does the bank); to wear or consume (by attrition).To receive (blows, etc.); endure, bear up (as abuse). To destroy. To cost. To take bribes. Food, a meal."
blows,هٿيليِ,A wind which blows at times in autumn from the north-east and levels the crops.
considering,پَهيِ,"Reflection, counsel, considering. Trouble, annoyance."
considering,ڳَڻَتورَ,"Calculating, considering."
considering,مَٿَڻُ,") Churning (milk). Thinking, considering, counsel."
waiver,لادعويٰ,"A deed of relinquishment, waiver."
continent,پَرَهيزيِ,Continent; temperate.
continent,ديِپُ,"An island, a region or clime. (There are said to be seven such). A continent."
continent,کَنڊُ,A continent.
ethiopian,هِندۇ,"( orig A black Arabian, Indian, or Ethiopian) A Hindu."
lamps,چراغِبَنديِ,An illumination by lamps.
lamps,چۇچِڙيِ,"A stick used to light lamps, &c., with; a fuse."
lamps,ڏئي ٻرئي,At the time of lighting lamps; at nightfall.
produced,اُٺﮡ,"To fall (rain), to rain. To be produced, spring up."
produced,اُپڄﮡ,To be created or produced.
produced,پاتَڪُ,Sin. Uncleanness supposed to be produced by the birth of a child.
produced,پَيْد,"Born, created; produced, discovered; obtained, appeared."
produced,پَيْداٿِيَڻُ,To be created; be produced; to appear.
produced,رَبِيعَ,"The spring, the spring harvest, grain produced in the spring."
produced,رَجهَہ,Rotting. Rot—a disease produced by a fluke or parasitic worm in the liver of sheep.
produced,ساوِڙي,The name of a very small grain and of the grass from which it is produced.
produced,قدرتيِ,"Divine, not made or produced by man, natural."
produced,ڪانبِرۇ,"Of Kambar, a species of rice produced there."
produced,ڪُمُندو,"or Produced out of season, at an unusual time."
produced,کَڳيِ,A dance in which the head is moved and a strange sound produced from the mouth.
produced,کورِواهيِ چانوَرَ,A kind of rice produced at Khorewah in Guni.
produced,گاجِ,A superior kind of wheat produced in Kutch. Thunder; a loud noise.
produced,متو,") To increase, to fatten; to rise to full strength, or give forth full flavour, &c.; to be flourishing, in full swing, etc. To be fermented. To be kindled properly (fire); be excited, be produced (a quarrel, &c)."
produced,مَڻِ,"A bone or pebble said to be produced in the head of the cobra and used as a cure for venomous bites or stings. A jewel, gem. See"
produced,نڪتو,") To issue, appear (as the sun); to go out (as one's breath), go forth or out, to be abstracted; be extracted, derived, produced; to be dismissed, expelled; to appear (as a boil, etc.); to set out, depart; to rise, spring, result."
feminine,اِستريِ لنگ,Feminine gender.
feminine,ٻيِ,The feminine of
feminine,زالاڻو,"Womanly feminine; womanish, effeminate"
feminine,ساڌٹيِ,The feminine of
feminine,قَيۇمُ,"Established, firm. A prefix in composition, denoting ill, bad, evil, mis Or, that. An interrogative expletive. Any, some. pro The feminine of"
feminine,مادِ,"Female, feminine. A female."
feminine,مسخرياٹيِ,The feminine of
feminine,مُؤَنِّثُ,Feminine (gender). مونجهِہ، مونجهُہ، مونجهَہ
feminine,نِپۇسَڪُ,"Neuter, neither musculine nor feminine. A hermaphrodite."
charms,مَنڊُ,") One who performs incantations or charms; a charmer, a serpent charmer."
tops,ٿَڌو,The rubbing gently one's limbs with the tops of fingers.
tops,ٽُرْڙُ,"Single, solitary, deserted. Pollard, or a tree with tops cut off."
tops,ڦَرَٽُ,"The tops and empty pods of oil-grains given as food for camels, etc."
tops,گَجَرَ,) The green tops of carrots.
tops,ماٿَرِ,"Low ground below a hill, a valley, a vale, dale, high level land stretching between the tops of hills."
cons,تورَڻُ تَڪَڻُ,"To consider well, to weigh pros cons ("
watering,تَڙُ,"Bathing; a bath. A landing, or watering place, a bathing ghat"
watering,پيڄُ,The watering of land after sowing; irrigating.
watering,ڇاٽار,Sprinkling of water or from rain; watering.
watering,روڻيِ,The first watering given to land before sowing.
watering,ريجُ,Irrigation. The first watering given to land before sowing
thrive,وَڌَڻُ,"To become large, grow, increase, multiply, thrive. To spread (as a metal). To dish (food)."
thrive,ويِنجَهڻُ,"To increase, become greater (in extent, not size), thrive."
joined,ٻِثو,"Coupled, joined, paired, double."
joined,جَڙَ,"The rivet, etc., by which hard brittle substances are joined. A nail."
joined,رَلائِڻُ,") To be mixed, joined, connected, mix; to fit in, agree."
joined,شامِلُ,"Joined, connected; associated; concerned; attached, appended."
joined,گوپيِ,"A female cowherd joined as companion to the image of Krishna, a milkmaid."
joined,ماهِلُ,"Joined, mixed, mingled."
joined,مِرِچِڙيِ,A blow or slap with the index and middle fingers joined.
joined,مُشْتَرَڪُ,"Shared, joined, See under"
joined,مِلُ,") To be found, obtained, to come to hand, find, met with, mixed: to blend, correspond, match, tally, be joined, meet, mingle, be amalgamated; to meet, visit; to collude, combine together (as thieves); to coincide."
joined,هاڻو,"Joined with. An affix signifying ""touched with"", etc., as"
joined,هَٿِيالو,A ceremony in marriage in which the hands of the bride and bridegroom are joined palm and palm together.
joined,هڪ رت,"Related by blood, joined in consanguinity."
hands,اَنْبوڇيِ,A dance in which hands are clapped and thrown about.
hands,اَهارَ,"Under protection of, in the hands of."
hands,بان بانهنَ ڀرڻ,"To relinquish in weariness, give in, wash one's hands off."
hands,ٻُڪُ,The full of the palms of both hands closed.
hands,ٿاڦوڙو,"The slapping the water with the hands; the striking, patting, or pawing water."
hands,ٽُنڊو,"or Maimed in the hands, contracted or with the body drawn up into a small space."
hands,ٽنڊائِڻُ,"To be crippled in the hands, or walk lazily as if one was so."
hands,ٽنگاٽولي,or Lifting one by the hands and feet.
hands,ٺﯘنٺو,"Handless, a cripple, with maimed or crooked hands."
hands,پِڇوڙِڪيِ-پَڇوڙِڪيِ ٻَڌَڻُ,"To tie the hands behind the back, to pinion."
hands,پَنجِسَنانيِ,"Washing the hands, feet and head."
hands,پَنگُلو,"or A cripple, one maimed in hands and feet."
hands,جَهٻَڻُ,To rub any thing with the hands in water.
hands,چَڪَليِ,"A ringlet, or girls' play, in which they make a circle by uniting hands, a gyre."
hands,چڪليِ پائڻ,"To unite hands in a circle, & go round and round."
hands,چَؤکَنڀو,"The tying one's hands and feet, pinioning."
hands,داڦوڙو,Striking out with hands and feet in swimming. The foot of a camel. A splay-foot. Splay-footed.
hands,دَسْمَرُ,"A kind of poultice of flour and ghee rubbed up in the hands used to put on a boil, &c."
hands,ڏَنڊُ,"The horn of the ibex, &c., used for blowing. A kind of exercise in which the upper body supported from the ground on the hands is worked up and down."
hands,رُڪوُعُ,"Bowing the body, the hands placed on the knees in"
hands,سيِتانگُ,"Hyperidosis, excessive perspiration of the hands and feet."
hands,قُنۇت,Standing with the head inclined forwards and hands on either side of the face.
hands,قِيامَ,Standing erect with the hands down by the sides.
hands,کِرْوِکِرو,"or Unhandy, weak in the hands; with disorder, slovenly, disorderly, untidy."
hands,لِمَڻُ,"To stretch and yawn lazily, loll, to roll along asleep when walking. To rub tobacco in the palms of the hands, preparing it for the pipe."
hands,لولو,A kind of sweet cake; a small cake patted with hands and baked. ( dim
hands,مَلَڻُ,"To rub, polish, burnish, clean (pots and pans), furbish, scour. To groom (a horse). To take up (room or place), enlarge or extend (one's boundaries or position), lay hands on (in interference). To cause indigestion To knead (dough), work up with fists or fingers. ("
hands,منڊيۇن پائڻ,To interjoin the fingers of the hands and press the palms forward.
hands,موُڙهَ سوُڙهَ,"Lying with the hands and legs contracted all in a lump, contracted."
hands,وَٽِ,"The wick of a lamp. An embroidered edge on cloth; the edge of anything. Near, to, for, in exchange for (speaking of the price of any thing), with, in the hands of."
hands,وَرِچَڙَهڻُ,To fall into one's hands or power.
hands,وَسِيڪو,"Subject, ready. In one's power, placed in one's hands, as"
hands,هَٿِ اَچَڻُ,To come into one's hands or power.
hands,هٿ ٻنڌيِ,Joining the hands in supplication.
hands,هَٿَ جوڙَ,"Clasping the hands in making a request; servility, humility."
hands,هٿ دارزيِ,"Fiddling, moving the hands & fingers restlessly."
hands,هٿ لڳڻ,To suffer at the hands of. To be touched (by an untouchable).
hands,هَٿِيالو,A ceremony in marriage in which the hands of the bride and bridegroom are joined palm and palm together.
hands,هَٿيِڪو,"or Secure, safe. Secured, fast, firm. In one's hands or power. Trustworthy; having a fixed residence."
hands,هَٿين,"By means of hands, on hands."
hands,هَٿوراڙيِ ڎَيڻُ,"To grope with the hands, fumble."
repeating,لانئُي,"The repeating certain prayers by the Brahmin at a marriage. The knocking together of the heads of the bride and bridegroom seven times, being a part of the marriage ceremony of Hindus."
toast,حوٽيِ حاضريِ,The morning tea or toast.
toast,سيڪڻ,To toast warm anything before or with fire; to foment. To smart (as a person after having been punished.)
rebound,اُٿڙ,A rebound. (
rebound,اُٿوڙﮡ,"To knock, or throw off with a kick or sharp blow. To cause to rebound. To clear out, open (as the tube of a pipe to make it draw). To cause to be dismissed, removed. To peel off. Melting, fusion."
rebound,اُوسِڙو,A rebound.
rebound,ٿيڙُکائِڻُ,To rebound.
rebound,لَمُ,Rebound of a ball. ( Up. S ).
totally,سروسَرِ,"Wholly, completely, entirely, quite, totally. سَرْوَسَڳْت، سَرْوَسَڪِتِيوانُ"
totally,صفن صفا,"Totally void, empty, cleared out."
readers,ناظِرِينَ,"n. pl Beholders, readers, our readers."
washed,چَرْنامِرْتُ,"The water in which an idol's, or Brahmin's feet have been washed."
washed,ڌوتو,p. p of ڌوتَلُ . ڌُئَڻُ Washed.
washed,ڌوپڻ,"To be washed, be at the wash."
washed,ڌوئِجَڻُ,To be washed.
washed,ڌئارڻ,To get washed.
washed,لَحَدِ,The hollow in which a corpse is washed; a niche in the side of a sepulchre in which corpses are deposited.
smile,پاٻوهَ,A smile.
smile,پاٻوهَڻُ,To smile.
smile,مُرْڪَڻُ,") A smile, smiling. The shaking of the voice in singing."
smile,مُشْڪَڻُ,To smile.
gates,نَوْبَتَ,"A certain tune or set of notes played on a kettle-drum or trumpet at the gates of great men's houses or at temples at fixed intervals. A time, turn tour. ( agr ) Rotation."
bruce,سانباهو,"White scavenger vulture, or Pharaoh's hen of Bruce."
mar,بِگاڙَڻَ,"To spoil, mar, corrupt. To pervert."
mar,ڀڃڪڙي وجهَڻُ پائِڻُ,"To throw an obstacle, to mar, frustrate, spoil."
mar,خراب ڪرڻ,"To spoil, mar; deprave, pollute; deflour."
playing,بِساطَ,"A board or marked cloth for playing chess, and other games on."
playing,ٻُچِڪارَ,"The sound caused by drawing in the air between closed lips, as done in playing with infants, calling or stopping cattle, etc."
playing,ڀَنڊُ,"One of a caste who go about acting and playing. An importunate fellow, a dunner. ( fem"
playing,تاشَ,Brocade). Playing cards.
playing,تاڪُ,A playing card. A stick for levelling the top of a grain measure. A wooden shelf.
playing,تُرْپُ,Trump (in card playing).
playing,تُنبيرُ,One playing on a mus. instrument.
playing,ٽاڪُلو,"Gold-fronted chioropsis (a bird). The piece of potsherd, etc. used in playing"
playing,ٽاهوُ,A method of playing on the kettle drum.
playing,ٽِپَڻُ,A shot in playing marbles.
playing,ٽُڪَڻُ,"The stone of a ring. Fixedness of position, steadiness. A small looking-glass. The figure three (in card playing)."
playing,ٽِڪو,"A stain, blot, slur. The figure three in card playing."
playing,نَوْٽِڻِ,The raised spot on which a ball or marble is placed to be shot at in playing. Opportunity.
playing,تَنبۇرو,The playing a higher card in a game of cards.
playing,ٺاسُ,Pomp; grandeur. A method of playing on the
playing,ٺيڙهيِ,A small playing marble.
playing,ٺيڪو,A certain beat on a drum or cymbal in playing such.
playing,پانُ,The betel-leaf ( Piper betel ). Hearts (in card playing).
playing,پَتو,"A playing card. A post card. A card (of thread). Indication, direction, clue; the address of a person."
playing,پَلْٿو,Fencing; playing at single sticks.
playing,چاٽيِ,The beating or playing on the
playing,چِڌو,A playing marble.
playing,چڌي راند,The playing at marbles.
playing,چَلْتو,"Enticement, inveigling; sleight of hand. The shot of a marble or ball in playing."
playing,چِڻيِ,"A playing marble. A printing block for marking cloth for embroidering, dyeing, &c.; the pattern so delineated."
playing,چيليِ,"Certain places on the boards for playing chess, etc. The rut (of a cart)."
playing,خورَکائِڻُ,To finesse (in whist playing).
playing,داڻو,"A grain, berry, bead, one among pearls or of any kind of jewel. The mark of small-pox, a speckle, pustule, A spot on a playing card."
playing,ڏائيِ,"Any thing used as a mark or signal; a head of earth thrown up to mark a road; a pole put up to mark the rise of the river; a sign made by putting out a certain number of fingers under a cloth as secret intimation of an offer in purchasing goods; a signal flag. An assignation, appointment. The putting up two fingers in playing the"
playing,ڏَهَيو,To stop a ball in playing.
playing,ڍاوَلُ,A caste of Mussalmans playing on instruments and going about begging.
playing,ڍارو,A die (for playing).
playing,طاسَ,A bowl. Brocade. Playing cards.
playing,طاقي,A small wooden shelf. A playing card. A length of 200 feet marked for clearance in a canal.
playing,ڪوٽُ,A fort. A coat. ( card playing ) Pique. Ten millions.
playing,کلڻائيِ,"Laughing and playing; merriment, risibility."
playing,کَنکَڙُ,"Fruitless, nothing (in playing cards). کُنگهو ، کِنگو ، کنُگو"
playing,کينۇڙو,A ball for playing with.
playing,گِڎِ,"A hole in the ground for burning fire in at an angasu during the Muhorrum. A hole in the ground for playing cat and dog, &c. The hole or socket in the lower cross stick ( bharini ) confining the axle or upright beam of a Persian wheel."
playing,گَنجِفو,"Playing cards, a pack of cards."
playing,گولو,"A slave. Jack, or the knave of a suit of playing cards. See under"
playing,ڳيِٽيِ,"A piece of flint prepared for use. The pieces used in playing choupar ( surg ) Garrot, a stick for tightening a bandage."
playing,لٿو,"To throw (a playing card). To go or get down, dismount, alight. To descend, come down, disembark; set (as the sun); to be taken down or off; to be settled, adjusted (an account); to take up quarters, to stop at. To be turned out (of caste). To be cured (a disease). To subside (a flood of water), abate, fall. To be reduced (said of a sick man)."
playing,مِضِرابُ,"A plectrum, a hook or wire ring for playing on the sitar"
playing,مڱڻهار,A kind of beggar who goes from door to door playing on a musical instrument.
playing,مَنگَتو,"A petitioner, beggar. A class who go about begging and playing on musical instruments."
playing,واڄو,"A musical instrument. Playing a drum, a round on a drum."
playing,هائيِ,A word of endearment used while playing with a baby.
playing,خَرْچُ,(In card playing ) An outer-card.
puts,ڦَڏائيِ,& One who puts hitches.
puts,ڄِڀِرُ,"Large tongued, what puts out its tongue; having a long depending hump."
puts,مونکي سڪ تی ٿولنگهائي,He puts me off with false hopes.
appeared,پَيْد,"Born, created; produced, discovered; obtained, appeared."
repealed,مَنْسۇخُ,Cancelled repealed.
color,ڀۇرو,"Brownish (hair) or brown, of fair complexion; of a whitish color (a cow, etc.) Having brown, complexion, brown (hair). A white, a European. abs"
color,تِکو,"or Quick, fleet, active; vivid (color), rapid (a stream); sharp (a sword, etc,), keen (appetite) pure (gold); pungent (pepper, etc.); passionate, fiery; intense (heat). A tumbler pigeon. abs. n"
color,پِسْتائيِ,"Of the pistachio nut; of the color of the same, light green."
color,پِئَرائِڻُ,To have a tincture of the yellow color.
color,جَهڪو,"or Faint, lessened (in force, beauty, value, color, etc.); calmed, subsided, quiet; dull (market), gentle, humbled; weak, not potent. abs. n"
color,رَوْنَقَ,"Complexion, color; beauty. elegance, splendour."
color,ڪَچو,"Raw; undressed; not cooked or baked (as food, earthenware, etc.); built of unbaked earth, clay-built; brittle, weak, frail; not fast (color); defective, deficient; green, inexperienced, new; below a certain standard of weight or measure; mixed, alloyed; unauthenticated, not genuine, unstamped; loose, vague, uncertain; incredible, unreliable; weak; yielding; rough, approximate; blind (boil). Low alluvial lands lying below a bank or hill or lately thrown up by the river. Dishonour, disgrace, defect. Foul language, abuse. A day-book, journal. ڪچائيِ ، ڪچاڻ"
color,گَڊو,"A mongrel hybrid. Asby, dull (color)."
color,وَرْنُ,"Caste, (there being 4 Hindu castes: Brahmins, Kshatriyas, Vaishyas, Sudras ); division, class, species. Color; features."
color,وساڻل,Faded (color).
color,هالاريِ,Of Hala. Of good color. ( Shah
color,هَلْڪو,"Light (in weight, color, or character); poor, not fertile; moderate, low; cheap; easy; silly, frivolous, insignificant, trivial."
color,هَوا,"Wind, air. Desire, lust. Shade of (a color)."
occurring,هِڪَ مَهَلو,or At one time; quotidian or occurring daily (fever).
ended,نِبَهَڻُ,"To get through time, live, exist, get on. To be ended, etc."
remotely,ڏۇرِ,"or Distant. remote, remotely, at a distance, far."
surveyed,نَمْبَرُ,Number; a surveyed piece of cultivable land.
consciousness,ڀاسَ,"Perception, consciousness; presentiment, intimation."
consciousness,پَرو,"Idea, consciousness, intimation; search. ( hunt ) The driving together to one spot wild animals. Acquainted."
consciousness,ڄاڻُ,"Presentiment, inward consciousness, inkling; intimation."
consciousness,سارَ,"Remembrance, recollection, consciousness. Reckoning, counting. Immediately on, at the moment of."
consciousness,سُڌِ,"Knowledge, consciousness, intelligence; sensation; information, news."
consciousness,لَکَہ,"Consciousness, knowledge, information. A mark."
looks,ڪوٺاريِ,A crucible. One who among a body of faqirs looks after the provisions.
looks,گهرڪيِ,"A rebuff, brow-beating, sharp repulse in looks or words."
notes,آلاپڻ,"To tune the voice, run over the notes to catch the proper key."
notes,ٽِپُ,To take notes.
notes,راڳ,also one of the seven notes.
notes,جهِيلَ,A drum producing treble notes.
notes,رِشْڀُ,The second of the seven Sura or notes of the Hindu gamut.
notes,نَوْبَتَ,"A certain tune or set of notes played on a kettle-drum or trumpet at the gates of great men's houses or at temples at fixed intervals. A time, turn tour. ( agr ) Rotation."
taxes,خراجيِ,"One paying taxes; (land) taxed, taxable, subject to assessment, tributary."
taxes,ڍَلائِتو,"or Taxable, paying taxes, on a rent"
taxes,فرع,the branch of a tree) properly means any thing received beyond the ordinary fixed taxes.
taxes,ناڪائيِ,"One who sits at the entrance to a town, &c., to collect taxes."
suffer,بندِجَڻُ,"To be confined, etc. To suffer from laminitis (as a horse)."
suffer,ٻاٿۇن کائِڻُ,To suffer indignities or pushes (vainly in search of bread). To wait in enforced idleness.
suffer,ڀوڳِناڀوڳَڻُ,To suffer pain or misery.
suffer,ڀوڳڻُ,"To suffer, undergo. To enjoy."
suffer,ٽولاڪاکائِڻ,To suffer hardships.
suffer,جَرَڻُ,"To endure, suffer with patience. To burn."
suffer,چماٽ لڳڻ,To suffer loss.
suffer,چوٽ کائڻ,To suffer defeat. To measure swords. To bid (at an auction).
suffer,ڇڪيِ اَچڻ,To suffer loss. To miscarry (as a woman).
suffer,ڇيئو پائڻ,To suffer loss.
suffer,دُڪَہ ڏسڻ,To suffer.
suffer,ڏوراپجڻ,To suffer reproaches or upbraidings.
suffer,رَندو,A carpenter's plane. A kind of abscess or running sore from which camels suffer.
suffer,سَٺو,") To suffer, endure, bear, tolerate."
suffer,شه کائڻ,To suffer a defeat.
suffer,غم کائڻ,"To have patience, to suffer a wrong patiently."
suffer,ڪڙاڪاکائڻ,"To suffer much, endure hardships."
suffer,پائڻ,To suffer just retribution for one's crimes; get tit for tat; receive one's deserts.
suffer,کاٻاڙِجَڻُ,"To suffer loss, injury or hurt; to be removed from (service)."
suffer,گانِڊمَرائِڻُ,slang ) To suffer sodomy (as a catamite).
suffer,ڳُئيِ مَرائِڻُ,To suffer sodomy (as a catamite).
suffer,گهاٽوپائڻ,"To lose, suffer a loss"
suffer,لُڇَڻُ,"To be tossed about, racked or agitated by pain, grief, anger, &c.; to be disquieted, to suffer anguish. لڇڪارو، لڇ لڇ"
suffer,لوڙَڻُ,"To receive one's deserts, to suffer for one's deeds."
suffer,مِٺوڪري ڀوڳڻ,To suffer patiently or with resignation.
suffer,مَرائِڻُ,To suffer sodomy.
suffer,هٿ لڳڻ,To suffer at the hands of. To be touched (by an untouchable).
suffer,هَرْجُ پَوَڻُ,To suffer damage or loss.
pairs,ٻِثَ,"or In pairs, by couples, two together, inseparable. A pair, couple"
pairs,ٻَِِلَهڙِ,In pairs or couples; two together.
pairs,ٻيلَهِڙ,"In pairs; two together on horseback, &c."
pairs,ٻيلاسَ,"or In couples, double, in pairs."
pairs,ٽِپَنِ,Trifoliate. An indigo fera with three pairs of leaflets to each leaf.
pairs,ڏڪڙ,"A painted club used in pairs and knocked together for music A round pointed stick used in ornamental ceilings, etc.("
pairs,سَلهاڙَڻُ,"To couple, join in pairs (animals)."
pairs,سَلَهڙُ,"or In pairs, coupled (cattle). A pair or couple of animals."
slaves,ٻانَهوثِ,Slaves.
tailed,پُڇِرُ,Tailed.
visit,ڀيِثَڻُ,"To compare. To complete or perform. To interview, visit."
visit,ڀيروکَرَڻَ,"To visit, put in an appearance. of a"
visit,پَڌارِجَڻُ,"To come, or go; set out; pay a visit (as a"
visit,پَڌارَڻُ,To bring to visit (as a
visit,پَڌِراڻيِ,A visit from a
visit,پَرْچاڻيِ,Condolence; a visit of consolation so paid.
visit,پيروڪَڄَڻُ,To visit the house of the bride's family as the bride and bridegroom do among Hindus after the marriage on the same day.
visit,جُهارَڻُ,"To bow, to make reverence to. To visit a newly married couple after the honey-moon. جُهارو،جُهارَ"
visit,ڄاڻاڻيِ,A visit of condolence to a distant place.
visit,دَرْسَنس,"An interview, a visit; the sight of a guru , an image of a god, etc.; (or"
visit,رجوعات,"Inclination, leaning; reference to a person for arbitration, etc; the coming in of many people on a visit, etc."
visit,روُئَتَ,"Appearance, sight, visit."
visit,فاتح خوانيِ,"The reciting prayers for the dead, a ceremony which goes on for some days after the death of a Mussalman, when the friends of the family all pay a visit and receive some food."
visit,گهُمَڻُ,"To wander, ramble; take a walk; turn, revolve, To see, visit (places)."
visit,مانجهاندو,"A lunch or slight afternoon repast, tiffin. A visit paid by a married woman after child-bearing to her relatives."
visit,مُلاقاتَ,"Meeting, interview, visit."
visit,مِلُ,") To be found, obtained, to come to hand, find, met with, mixed: to blend, correspond, match, tally, be joined, meet, mingle, be amalgamated; to meet, visit; to collude, combine together (as thieves); to coincide."
visit,مُنَهنڪاڻِ,Condolence; a visit of condolence.
visit,منهن ڪاڻ لاهڻ,To pay such a visit.
visit,نيکيٽيِ,The visit paid by a bride and her husband to her parents after the honeymoon.
gui,سَتارَ,A gui tar.
attempts,ٻِِلهاڙو,A kind of wrestling; a game in which one person gives a push while the other attempts to catch him.
attempts,هۇنگِڙيِ,"Senseless chattering or babbling of an infant, its first attempts at talking."
speaking,ٿورَڳالهائوُ,"Not loquacious, speaking little; grave, sedate, quiet, taciturn."
speaking,پَرَپَچارَ,Speaking ill of others.
speaking,چوڙُ,"Power of endurance, wear, strength (speaking of cloth, etc.)"
speaking,کَلو,A shoe (used only in speaking of beating with such).
speaking,گَوْن گَوْن,Speaking indistinctly.
speaking,ڳالهاءُ,"Talk, sound of speaking."
speaking,لُٽْڪو,"Blandishment, a winning mode of speaking. Grace, elegance; bloom, gorgeousness; graceful bearing."
speaking,لليِ چپيِ,"Favouring another in speaking on any matter, not speaking the entire truth out of regard to another, mealy-mouthedness."
speaking,مخاطب ٿيڻ,To address one in speaking.
speaking,موچِڙو,A shoe (used chiefly when speaking of a blow with a shoe).
speaking,نِمِتِ,"On account of, for the sake of (used only in speaking of pious offerings)."
speaking,وَٽِ,"The wick of a lamp. An embroidered edge on cloth; the edge of anything. Near, to, for, in exchange for (speaking of the price of any thing), with, in the hands of."
speaking,وِٺِ,"The excrement of birds. Obstruction to speaking,."
speaking,وڌيڪائيِ,"Exceeding, going beyond proper bounds in speaking or asking; extravagance, prevalence, superfluity, superabundance."
speaking,هَيو,A term of rebuke or contempt in accosting or speaking of one.
billed,هَنجُ,The spotted billed goose. ( dim
firefly,ٽانڊيِ,Fiery. A firefly; a mischievous boy.
firefly,کَرْکَٽُ,A firefly.
traces,آثار,"n. pl Signs, traces, vestiges."
traces,اُهاڙُ,Observing of traces; ( mil ) reconnoissance.
stack,دَن,"A stack or heap of straw, grass, grain, &c."
stack,کوڙُ,"A heap, stack, pile."
stack,گَنجُ,"A heap, stack; hoard, treasure. A nest of boxes. A market, mart."
corners,ڀاڃو,Also turning down the corners of a book.
corners,گۇندو,"The corners of a cloth tied by a knot so as to form a bag in which are put the heads of grains in reaping, &c. A warren, a place for keeping fish in a river. A joint, socket (of the knee, etc.)."
corners,نِيلَ,"A pinnacle or small spire placed on the corners of a mosque, &c., generally of glazed earthenware."
belongs,مٽئيِ جوماڻهو,"A man of clay, said of one who is beaten as if he belongs to no one."
interpreting,ڪَٿا,"Preaching, interpreting Scriptures."
extending,جيِلُ,Fetters extending from the feet to the neck.
fulfill,بجاءِآڻڻ,"To execute, fulfill."
tied,اَڳيا ڙيِ,"The ropes by which a horse is tied in front; the front part of the head; the first part of a period, beginning."
tied,بَنديِ,A native account book. A silk cord tied round the neck of boys on the last Wednesday of the month
tied,بيدَڪَ,A bundle tied against the back.
tied,ٻَڌو,") To be bound, tied, fastened; to be congealed, be coagulated (as milk); to be shut out (as water by an embankment), cease flowing, stagnate. To be completed (a line or sentence of writing, etc)."
tied,ٻۇٿاڙيِ,"A halter tied round the mouth of a horse, etc. when difficult to manage."
tied,ٻيلَهڻُ,Two cross pieces of stick tied to the mouth of a calf to prevent him from drinking the milk of cow mother while grazing.
tied,ڀِِينڊيِ,"Edible ochro ( hibiscus esculentus ). A cloth tied over the head by women. Virginity, maidenhood."
tied,ٽَلي,"A set of fowls, etc. tied and carried on a stick."
tied,پَٽِڪو,"A loose cloth tied round the head, a turban."
tied,پيرَڻ,Ropes tied round the feet by thieves.
tied,ڦيٿو,A small piece of cloth tied as a turban.
tied,جالَنگُ,A net tied over the udder of cattle to prevent their young from sucking.
tied,جۇڙو,The hair of the head tied up in a knot on the crown.
tied,جُهَرڻُ,A small bundle (of fuel). The hair of the crown of the head tied up in a lump. A tassel.
tied,داٻَ,A rope with which the fore and the hind leg of a horse are tied to prevent him from running away. A crowbar or lever (wooden).
tied,دٻڪيِ,"). A spot; a rope with which the neck, fore-foot, and hind-foot of an animal are tied when sent out to graze."
tied,دَسْتيِ,"A kind of small huqa held in the hand when smoking. A kind of bracelet. The piece of cloth, leather, &c., covering the hand on which a hawk sits. A sword knot. A bundle of papers tied up in a cloth. The place in a spear where it is held in the hand. A wall-plate. A shoulder of mutton"
tied,ڌاڳو,"A thread, twine. A cord or thread tied on the body as a charm or wound round the head by certain Fakirs as a sectarial mark."
tied,ڏورِڙو,A red silken cord tied round the upper arm by Hindus at the full moon of the month Bado.
tied,ساٽِڪِيۇن,n. pl Pieces of slender ropes tied round a furled sail.
tied,سانڀَرُ,"A big bell tied round the neck of a sheep, etc."
tied,سَڳڙو,A kind of purse for money. A cotton thread tied as a charm round the wrist. سَڳِڙئيِ واريِ، سَڳِڙيِ See under
tied,سَڳيِ,"A braid by which a woman's plaited tail of hair is tied at the end, sometimes with a bow and ornaments."
tied,سيلهو,A rope or string of hair or silk tied round the head.
tied,سيلهيِ,A rope or string of goat's hair; a string with or without cowries hung round an animal's neck; strings tied round a Fakir's cap.
tied,ڪانبو,A bundle tied on the back of a man in a cloth; a cloth tied round the waist and over the back for filling in the heads of grain in plucking them.
tied,ڪَنگَڻُ,"A kind of bracelet, bangle. A thread tied round the wrist at marriages."
tied,گۇندو,"The corners of a cloth tied by a knot so as to form a bag in which are put the heads of grains in reaping, &c. A warren, a place for keeping fish in a river. A joint, socket (of the knee, etc.)."
tied,ڳاڌيِ,"The lever of a water-wheel, to which a beast is tied."
tied,ڳِراهو,A looped rope round an animal's neck by which it is tied up.
tied,ڳِرْبو,An ankle. The peg in a boat's side to which the oar is tied.
tied,ڳُهْيَلُ,"Tired, wearied. Under obligations, tied down by debt or obligation. ڳَهيلو ، ڳَهيلائيِ ، ڳَهيلائِڻُ ، ڳَهيلاڻو See"
tied,لاٽۇڻيِ,The piece of stick passed through the nostril of a camel to which the rein is tied.
tied,لاڻَ,"Calumny, slander. A string tied round the ankle at certain religious ceremonies."
tied,لَٽْڪَڻُ,"A stone, &c., tied to a cord and thrown up to drag down a kite by boys in play. Drops in the ears; any thing pendant; a pendulum. A wooden stand for a"
tied,لُنگُ,The linga or phallus of Siva. Membrum virile The piece of cloth tied round the loins.
tied,مۇرُ,A lump of any thing or small bundle tied up in a cloth. ( dim
tied,مولهو,"A cloth tied loosely round the head as a turban; also said of a dull, sickly bird, esp bulbul"
tied,مُئيِ,"A small brush for painting with or scrub of straw for cleaning with, a malkin. A piece of cloth with certain ingredients tied up in it forming a medicine for sore eyes, it is wetted and the juice squeezed into the eye. Rock or stone fish."
tied,ميڙِه,"A post fixed in the centre of the threshing floor to which the cattle are tied as they turn round to tread out the corn, a threshing post."
tied,ناڪيلي,A wooden pin passed through the camel's nose to which the mahar is tied.
tied,نِقابو,"A cloth tied round the head by Mah women at the time of prayer, a veil."
tied,نُوْڃَڻِ,A rope by which a cow's hind foot is tied in milking.
tied,نورو,A kind of purse tied round the waist like a girdle.
tied,واڳڻ,"To tie a boat to the shore, tie up a horse, &c.; to connect with a string (as one camel tied behind another); to halter, to tether"
tied,هَڙَ,"A knot in the corner of cloth or garment. A bundle tied up in a cloth; a parcel. One's own property, as"
tied,ٻانڌِڻو,Cloth dyed after tying it in different places to prevent the parts tied from receiving the dye.
passes,ڦۇڪِمُنڊيِ,The eye of a shuttle. through which the thread passes.
passes,لانگهو,"Shallow, fordable. A ford; a path or way by which any thing passes; a passage, course."
passes,مُٽاکرو,One who passes urine frequently.
passes,وِچَوارو,"One who passes between two others in any matter, a go between, a mediator."
passes,ويساکيِ,"The day on which the sun passes into Aries, kept as a festival."
bells,جَنگَمُ,"One of a class of faqirs who go about ringing bells. That moves or has life; animate, moveable."
bells,ڇيڻيِ,A chisel. A wedge. The tinkling bells attached to a tambourine.
albert,چَوْڪَسُ,"Albert, watchful."
degrees,درجيِ بدرجيِ,By degrees.
faults,تِرْڪَڻِبازيِ,"Slippery ground. ( fig ) Uncertainty, or risky position due to severe treatment of faults."
faults,خطاکائڻ,To receive the due punishment for one's faults.
faults,ڏَڌَرَپَڌراڪرڻ,To expose one's faults.
faults,ڍَڪَڻُ,"To cover, shade; put on (clothes, &c.), muffle. To shut up (cattle), pound or impound. A cover, lid. A coverer, or concealer of another's faults, &c. A Bengal light(a firework)."
faults,سَتارُ,"A coverer of others' faults, merciful, compassionate. A title for the Deity."
faults,ويڪارو,"or Unsound, defective; showing another's faults, censorious."
faults,ويڪِرُ,"One who searches for faults, censorious."
niger,(ڪاريِ),Christmas rose; the root—Black hellebore— helleborus niger
riddle,ٻُجهارَتَ,"A riddle, an enigma."
riddle,ڀَڳو,"). To break, split, crack; infringe; frustrate. To turn down (as a corner of a book). To multiply. To change (money). To twist (a rope); to crease (a sheet of paper). To decipher; solve (a riddle)."
riddle,پِروليِ,"A riddle, enigma."
riddle,دُراهو,"An enigmatical verse, a riddle."
riddle,ڏِٺَپِروليِ,"A riddle, enigma"
riddle,ڳاهَ,"Slaughter, mortality. A kind of verse. The reverse end of a sword blade where it joins the handle. A sign; an enigma, riddle."
riddle,ڳجهارت,A riddle enigma.
pots,نار,on which the pots work.
pots,پاڙو,The trough into which the water of the pots of a water-wheel falls.
pots,قَلعِيگرُ,"A tinner of pots, worker in tin, a tinker."
pots,ڪَناگهَڙَڻُ,lit To make pots). To idle away time.
pots,گُڙِندُ,The pieces of twine by which the pots of a water-wheel are attached to the circular ropes malha
pots,لاهُ,"To strip off, cause to descend, lower, to degrade; to put down(a boy in a lower class); pull off (as clothes), take down or off, to take (pots)off(a potter's wheel); to cut or shave (hair); to reap down (a field); disembark; to cut off (one's head); to lay (an egg); to adjust, settle or close (an account); to take out, efface; to pay off, liquidate (a debt); to repay (an obligation); to abolish; finish(a work).To deduct, subtract (in accounts); to cure (a disease), to turn out (of caste); to quench (thirst), to calm, appease."
pots,مالَهہ,The rope encircling the water-wheel to which the pots are attached. There are three kinds;
pots,مَلَڻُ,"To rub, polish, burnish, clean (pots and pans), furbish, scour. To groom (a horse). To take up (room or place), enlarge or extend (one's boundaries or position), lay hands on (in interference). To cause indigestion To knead (dough), work up with fists or fingers. ("
examines,مِيرِدَهو,A customs officer who examines cargoes of boats.
strap,بالاتَنْگُ,The strap coming over a saddle to which the girth is attached; a surcingle.
strap,تَسْمو,A strap of leather; bewit.
strap,پُسْتَنگُ,A kicking strap for a horse.
strap,جَنۇئيِ,"The breastplate, or strap in horse furniture."
strap,چِپِتِرو,"Flat (as a strap, some kinds of rope, &c.)"
strap,چَمُ,") The strap of leather, &c., connecting the spindle with the frame of an"
strap,ڇَمْڪيِ,A strap of leather used as a whip.
strap,خُرْدَمُ,A strap for the waist.
strap,شاکَتَ,A strap of horse's furniture passing round the hind quarters merely for ornament.
strap,ڪَشُ,"A strap of leather, a thong. A servant; one in subjection."
strap,ڪَشْڻو,A strap or thong generally of leather.
strap,ڪَمَندُ,Sugar-cane. A strap from the saddle across a horse's chest and attached to the martingale.
strap,کَڙْيو,The back strap of a shoe fixed to the heel for raising it by.
strap,ڳَليِ,"A lane, alley, street. The strap of leather through which stitches pass connecting the upper and side piece of leather in a country shoe."
ck,ڊَڙَڻُ,To plu ck (in an examination).
occasions,دُبَرِ,"Twice, again, on two occasions."
occasions,رَکِڙيِ,"A cotton thread with knots worn round the wrist, etc., on certain occasions ( Hind"
rushing,جهوڪو,"The rushing of the river on one point which wears away the bank; a push from contact in passing, a poke."
rushing,دۇسِ دۇسان,"Pressing, cramming, rushing in."
rushing,رۇنڀَ,"The rushing of a dog, etc. at one with barking."
rushing,سۇسِراٽُ,"A whiz, any rushing noise of wind, of a flock of birds or of fireworks; a hissing sound as of cold water thrown on hot iron. A twinge of pain."
cannabis,گانجو,"Common hemp— cannabis sativa , being the dried flowering plant from which the resin is not removed, used for smoking."
birds,اُورِ,"A flight (of birds.), a crowd."
birds,بَڪُبَڪُ,The social noise of birds and animals; the cooing of pigeons.
birds,ٻچتائيِ,To make bare (ears of corn as birds do).
birds,ٻوليِ,"Language; speech, dialect. The singing of birds, warbling."
birds,تَنوارَ,"The chirping or music of birds, warbling, the sound of a voice. A gentle breeze. The flutter (of a fan); a touch (of fever)."
birds,تۇرُ,A brood or hatch of birds. The keeping the fast called
birds,پَرَمارُ,(A bird living on the prey caug by other birds). An eagle.
birds,پَکَڻُ,Birds; the feathered tribe.
birds,حُقو,"in which the tobacco & fire are placed. The knob on a shield, or the top of a sword handle, etc. The tuft of silk to which a spike is affixed for blowing through a hollow tube at birds, &c. A cautery. A written amulet. The menses. The bones and ashes of a dead body after burning."
birds,جهار,A flock of birds.
birds,جهولي,"A scrip, wallet, bag. The collection made by fakirs on a certain day in the name of Mahadeo. A skirt taken up to hold any thing in. A nest of eggs; a brood of young birds. A body of men, a troop."
birds,چڙيِ چاندنيِ,Birds in general.
birds,چُڳَڻُ,) Food o birds.
birds,چوڳو,Food of birds; food brought up from the crop by birds to feed their young.
birds,چَئۇڻو,"A sidelock of hair, the hair on the temples. Grain given to birds to peck, or as a bait; food, victuals; means of subsistence, living; life."
birds,ڇِڳُو,"A bunch of flowers, keys, stars, etc., a flock (of birds); a tuft."
birds,دُغْزو,A net fixed on poles to catch birds of prey.
birds,دُوارُ,"A number of birds, a flock of nightingales."
birds,ڏَڏِرَڻُ,"To pound or ground coarsely. To chop to pieces, hack; to peck at and spoil (as birds do fruit.)"
birds,ڍَٻُ,"A basket for trapping birds in ( dim ڍٻيِ/si>). Manner, art; shape; manners."
birds,روهاڪيِ,Of a hilly country (as birds).
birds,سانگہ ڪري اچڻ,To migrate (as birds).
birds,سرڪڻيِ,A trap for birds let off by pushing a cord. A running knot or noose on a rope; a springe.
birds,سَنگهارَ,"A string of beads, &c.; kind of necklace, a chain; a flock or flight of birds. سِنگهارو، سُنگهارو"
birds,سۇسِراٽُ,"A whiz, any rushing noise of wind, of a flock of birds or of fireworks; a hissing sound as of cold water thrown on hot iron. A twinge of pain."
birds,طُرو,given to birds of prey.
birds,ڪانگَہ تَڙو,( lit A scarecrow). A person who scares away birds in a standing crop.
birds,ڪَرْڪَڻُ,"To cry with a screeching noise as some birds do ( e.g , the hanju"
birds,ڪُرِيزَ,Moulting of birds. Beating and abuse.
birds,ڪوڙِڪر,A snare for birds.
birds,ڪوڙِڪيِ,A kind of trap or snare for birds and animals. A springe.
birds,کاڌَلُ,"Eaten; tasted; injured by insects, birds, etc. (as cloth, grain, fruit, etc.) worm-eaten, damaged; eroded; abused, deflowered (a maid); corrupted, (said also of one who has taken a bribe); indebted, under obligation."
birds,کُڎيِ,"A hole or nest made for birds, rabbits, etc., to nestle in. A niche. A temple of Hindus."
birds,کَنڌيِ,A kind of net for catching birds.
birds,کيدو,"A strong bird, esp a bulbul , which beats & drives away other birds. A blockhead, a foolish or silly person."
birds,گُجيِ,"The craw, crop or first stomach of birds, the gizzaad; entrails."
birds,گيوَرُ,The urine of birds.
birds,ڳاه,"A bait for fish, birds, &c."
birds,مارڻ,"To smite, strike, hit, beat; kill; control (the mind); get over (ground in travelling). To tan (leather). To reduce to powder by fire, calcine (metals); temper, pug (clay). To catch (birds, fish, etc.). To keep down, bear up (hunger, etc.)."
birds,واهِپو,"A roost for birds, roosting"
birds,وِٺِ,"The excrement of birds. Obstruction to speaking,."
birds,وَلَرُ,"A flock of sheep, &c., a herd of deer or cattle, flock of birds &c."
birds,وَهْيو,"n. Jowari bird, commonly called 'starling', also 'seven sisters'. The noise made to frighten away birds from a field."
accompanied,سۇڌو,"or With, along with, accompanied by; until, upto, till, included, inclusive of."
begins,ڏاوڻ ڪپڻ,To perform the ceremony of cutting the thread when a child begins to walk.
begins,گُريِ,"The space between two knots or joints in any kind of cane, a joint. The segment (of an insect). A stage in the growth of grain when the plant begins to form knots. The office or duty of a guru A precipice. The bulge (of a ship). Ender groats."
freshly,ريتيِ,Sand or filings for absorbing ink on freshly written paper.
bearings,نِشانُ,"A flag, ensign, banner; a signal, a sign; armorial bearings, a coat of. arms."
shower,اوهِيرو,A shower of rain.
shower,ڦَهَ ڦَهَ,"Beating, striking; the sound of a slap or blow (in quick succession), a shower (of abuse); a thud."
shower,جُهو,"A blast of wind; a smart shower of rain; a thicket of trees, copse, coppice."
shower,جَهٽْڪو,"A shower of rain; a blast of wind; a burst of passion, &c.; a whisk, snatch, spring. Slaughtered with a sword at a stroke (a goat, &c.), as by Khalsas"
shower,ڇَٽَ,"Scattering of seed, broad-cast; the sprinkling of water; a slight shower."
shower,ڇَلْڪو,"A shower of rain, a blast of wind; a burst of passion, etc."
shower,ڇَلْڪيِ,A band or body of men; a bevy; a troop. A shower of rain.
shower,ڇَهو,"A shower of rain; a burst of passion, etc.; a gust of wind. or"
shower,رِمِ جهِمِ,"Drizzle! drizzle! Continual drizzling; the sound of a light shower. Merriment, pleasure, joy."
shower,وَرْکا,"A shower, rain, raining."
shower,وَسْڪارو,"A shower of rain, raining."
transmitted,جَگيِرَ,Cash transmitted by a banker. A money bag.
commenced,شُرۇعُ,"Begun, commenced. Beginning, commencement."
tossed,پُڙْدُ,"Anything used as tinder. Paper, cloth, etc, torn up or tossed together."
tossed,گَنڊُگوڙ,"Things tossed about or tangled together, trash, dirt, rubbish; a tangle, perplexity, disorder."
tossed,لُڇَڻُ,"To be tossed about, racked or agitated by pain, grief, anger, &c.; to be disquieted, to suffer anguish. لڇڪارو، لڇ لڇ"
tossed,لڇڪو,"The being tossed about or disturbed, writhing from pain; inquietude, disquiet, uneasiness."
tossed,اُڇِرڻُ,To be tossed up.
reaching,دَوْڪيِ,The reaching the age expressed by a
reaching,گِڊيِ,A warm padded coat reaching to the ankles.
reaching,ڳانۇ,The stay of a boat's mast reaching to the front of a boat.
reaching,گهيرۇ,The stay of a boat's mast reaching forward.
reaching,مٿانهون,"Higher, reaching further, upward."
springs,سُرۇدُ,"Singing, a song, melody. A kind of guitar with catgut springs, a lyre."
fascinating,ڪامِڻِ,"A fascinating woman, a handsome lady."
fascinating,موهَنُ,"One whe fascinates; sweetheart. An epithet of Krishna. a Fascinating, charming, captivating."
fascinating,موهني,"Fascination; charm, a philter; an enchantress, one who fascinates; a fille de joie. a ( fem ) Fascinating."
carried,تابۇتُ,A coffin; a model of the Mausoleum of Husain carried during
carried,تُنبيِ,A small gourd (or bowl) carried by faqirs
carried,ٽَلي,"A set of fowls, etc. tied and carried on a stick."
carried,پَٿَرُ,"A stone. A mat, etc. spread out for the relatives of a deceased person in mourning; the mourning so carried on. A family or race (among Beluchis)."
carried,پُڦانُ,The square reed-frame carried by the
carried,پَخالَ,The extrement of hawks and pigeons. A large leathern water-bag carried on bullocks.
carried,چۇڙِ,"A set of ornaments of ivory, &c. for the lower arm. The hip or that part of the side on which a child is seated in being carried."
carried,روڻِ,A hole or concealed fissure into which water meant for cultivation is carried off.
carried,ساندارو,A leather water bag carried over the shoulder. The crossing the river by working about up or down and then running towards the other bank.
carried,سرِ,"To be completed, carried on, managed. To get on. (as"
carried,سُنجُ,"Any implement, article, etc. by which any business is carried out, equipment."
carried,سينَهو,A piece of cloth rolled in a circle and put under a pot carried on the head. ( dim
carried,ڪَڇُڙِ,The side of one's body below the armpits on which any thing is carried.
carried,کَپُرُ,n. Echis carinata —a poisonous snake. Name of a fabulous person said to have dug a tunnel through a hill near Jherruck and carried off a king's daughter; thence a great house-breaker or thief.
carried,کَڻَڻُ,") To be carried, lifted, raised."
carried,لَهَرَ,) One carried away by waves.
carried,لوڙهڻ,"To cause to float away or be carried off in a stream, to drift. To pluck by the roots (as munga"
carried,وَرْڄَڻُ,"To be carried away, to be driven, to drift."
carried,هَنجَ,"A tear (in weeping). Lap, the part above the hip-bone on which infants sit in being carried; the hip, the lap."
ber,صوفيِ ٻيرُ,A species of ber (jujube).
carbonate,کارُ,"( fem ) Alkali, impure carbonate of potash; an eschoratic, the potential country caustic. کارائِڻِ ، کاراڻِ"
vie,برابريِ ڪرڻ,"To cope with, vie, compete, match."
vie,ريسائڻ,"To compete, rival, vie."
vie,سينوساهَڻُ,To vie with another in greatness.
vie,ڪلهوهڻڻ,"To vie with another in strength, etc."
vie,واري اچڻ,"To match, mate, vie."
ringing,ٻُرَڻُ,"To ring or emit a ringing sound (as a plate, &c.) To shout, yell, din. To drip (as ghee , etc)"
ringing,جَنگَمُ,"One of a class of faqirs who go about ringing bells. That moves or has life; animate, moveable."
ringing,گهَڻْڪارَ,"The sound of a ball, ringing, tinkling."
ancestors,شعبان,to commemorate ancestors. A letter.
ancestors,پِتَرَ,"n. pl Ancestors, manes of the dead."
ancestors,پَتَندَرُ,One's father's ancestors (a term of abuse).
ancestors,سِراڌُ,Feeding Brahmins in memory of deceased ancestors in the month of Bado
ancestors,کيرِ,"Origin, ancestors, (used in reproach, as"
ancestors,وڎا,"Ancestors, patriarchs."
ancestors,اَباواَجْدا,"Forefathers, ancestors."
ancestors,ايِچۇن پِيچۇن,Shortcomings of another's ancestors.
backs,هٽڻو,"(An animal) who backs, obstinate."
began,ڳالهائڻ لڳو,"Began to speak); to get aground (a boat); to rot, be spotted (fruit); to match with; to follow, to listen to, believe, rely on (what another says); to reach; to appertain; join. To strike (as a stone); to strike (the mind)."
sind,اُتراﮄيِ,Of the north; ( colloq ) of Upper Sind.
sind,ٿَرُ,The desert lying to the east of Sind; any arid desert. Dirt. ٿَريِ، ٿَاريلو
sind,ٿَڙو,"A buttock. The pad underneath a saddle, a bolster. A terrace. (L. Sind)."
sind,ڄامُ,"A title of the old Sind princes, lord."
sind,سِرو,The end of any thing; extremity ( arch ) Capital. A heading. Total amount. The Province of Sind north of Sehwan.
sind,سرِيوالُ,Of Siro —north part of Sind.
sind,سِنڌُ,"The country of Sind; a sea, ocean."
sind,سينڌِڙُ,Of Sind (a camel).
sind,عامِلُ,A government officer; now applied to a class of Sind Hindus who generally enter Government service.
sind,قانبِرۇ,(Rice) of Kambar in Up. Sind.
sind,ڪوهِسْتانُ,"A high land, a hilly country, name of a district in Sind."
sind,کيِرولِ,A kind of plum of which there are but a few trees in Sind. A kind of animal creeper.
sind,لاڙُ,"Lower Sind, south of Hyderabad."
sind,لَسَ,"Dark thick clouds, cloudiness. A kind of sickle with a smooth edge. A sandbank, a quicksand. Smoothness, level smooth land, &c. The country to the west of Sind. Innumerable, many."
sind,وَتو,and in Upper Sind
sind,وچولو,"Middle, midst. The central portion of Sind."
sind,اُڀَڻُ,To stand). North Sind. Vertical.
spells,داڻوپڙهيِ هڻڻ,To charm or perform spells with grain after a certain fashion.
spells,منترباز,One who casts spells.
faculties,اُرُ,"Good memory, aptitude, sharp faculties."
breasts,ڏُڪِرِ,One having such breasts.
mats,پَکانئون,"Made of mats (a hut, etc.)"
mats,پَکائيِ,A maker or seller of mats.
mats,پَنِ,"Elephant grass from which mats, etc., are made, & whose pollen is made into نَنڍيِ پَنِ .ٻﯘراٹيِ The lesser bulrush."
mats,پَنِڪائيِ,A grass from which mats are made for roofing.
mats,سيبارو,A maker of mats.
mats,گوراگَلِ,The clay put over mats on the roofs of houses.
mats,نکائيِ,A maker of date mats. One of the same family with another.
mats,ڎِيرِ,"A kind of grass, out of which mats are made."
feb,ڦاڳُ,"The gambols and plays of the ""Holi"". Name of a Hindu month (Feb.-March)."
feb,ڦَڳُڻُ,The 12th Hindu month (Feb.-March).
vii,اَڻَ گَهڙْيو,"Undressed, not polished; rude, awkward, boorish. Page vi Page vii"
vii,اۇئان اۇئان,The wailing of an infant. Page vii Page viii
jump,ٻِڻِگَ,"A jump, a leap."
jump,ٽِپَڻُ,"To leap, jump, frisk; to throb."
jump,اَکِہ ٽَپَڻُ,To cause to jump; to toss or throw up and down. To transfer an item from one account to another.
jump,ٽَپائِڻُ,"A jump, leap. A note."
jump,ٺينگُ,"A leap, jump."
jump,ڇالَ,"A leap, jump, prance."
jump,خيزُ,"A leap, jump."
jump,ڪُڎُ,"A leap, spring, jump, frisk; fancy, vagary."
jump,ڪڎائڻ,To cause to leap or jump; to toss or throw up and down.
jump,ڪُڎَڻُ,"To leap, jump, frisk, play; to prance; to boast; to presume upon another's protection. A jumper, one who frisks and plays."
jump,ڪۇدَڻُ,To jump.
jump,لانگ ورائڻ,"To vault, jump or leap over."
jump,لاهُ,"Descent, going down, slope. Subsiding (of a flood). Jump or bound (of an animal, etc.)."
titles,خانِدانُ,Dynasty; a good family. Of a high family. خان صاحب، خان بهادر Titles of honor.
touched,اَڇُت,"Not touched, intact; pure, clean."
touched,ڇُتو,) To be touched by any polluted thing.
touched,ترولڳڻ,To strike the bottom; ( fig ) to be touched to the quick.
touched,وِنگو,See under وارُوِنگونَہ ٿِئَڻُ .وَنگُ Not a hair to be touched; not to be harmed in the least.
touched,هاڻو,"Joined with. An affix signifying ""touched with"", etc., as"
touched,هٿ لڳڻ,To suffer at the hands of. To be touched (by an untouchable).
keystone,چاٻئيِ جوپٿر,The keystone.
sometimes,اَلِفُ,The first letter of the alphabet. Sometimes used for God. A thousand.
sometimes,بعضي بعضي,Sometimes.
sometimes,جيِ,"prep. fem of Of, (used when qualifying a fem noun in the nom. sing ). inter Sir, madam, a title of respect. The inflection of the noun it follows is sometimes affixed to it, as"
sometimes,سَڳيِ,"A braid by which a woman's plaited tail of hair is tied at the end, sometimes with a bow and ornaments."
sometimes,ڪڎهين,"Now and then, rarely, occasionally, sometimes."
sometimes,گاهيِ گاهيِ,Sometimes.
sometimes,مَوادي,"Sometimes, occasionally."
sometimes,مَهَتو,"An Amil; all Hindus sometimes so called by Mussalmans. A title for a father-in-law, also for the relationship of two persons whose children have inter-married."
sometimes,نيِ,"A redundant or emphatic particle sometimes signifying ""then""."
sometimes,وقت بي وقت,In season & out of season; sometimes.
sometimes,وِماڻُ,"A chariot of the gods, sometimes serving as a seat, and sometimes carrying them through the skies; a baloon."
sometimes,هُڙْديِ,The frame in which a reel is sometimes worked.
secondly,ٻيوتہ,Secondly.
stove,سۇن سۇن,"Sniffing, snuffing. The hiss of water falling on a hot stove."
stove,مَڪالُ,"A metallic vessel for fire to warm oneself at, a chafing dish, a stove."
psalms,زَبۇرَ,Psalms of David.
comprising,ٽيتا,"The second or silver age comprising 1,290,000 years."
comprising,ست جڳہ,"The first or golden age, comprising 1,728,000 years of mortals (Hind.)"
benjamin,لوبانُ,"Incense, benzoin (resin), frankincense, olibanum, gum Benjamin tree."
straps,چَوْراسِ,"A ring like the frame of a buckle through which the straps are passed, attaching a sword scabbard to a waist-belt. See under"
straps,ڪَنجَڪَ,The loose leather straps hanging down from a saddle and laid hold of by footmen.
inequalities,سَندِرَڻُ,"To level, smooth (land or ground), free from inequalities."
respond,سڏ ڏيڻ,To respond; to help. To give an invitation or call.
exposed,کَلَ,"To open, be opened; be unravelled, be untied or unfastened; to be let loose; to be removed (obstacles); to be cut or opened (a passage, line, etc.); to be disclosed, get wind; be exposed or betrayed; to be clear; to mellow (as sound); to brighten, shine; to look well, become; to begin, commence; to be set up."
exposed,وائکائي,A place exposed to the wind. Fair weather.
exposed,وائکجڻ,To be aired or exposed to the wind.
exposed,وائکو,"Open or exposed to the wind, airy, ventilated, windy."
burned,اُماڙيِ,"A half burned log, firebrand."
burned,لوٺِ,Any thing burned or black.
burned,لهسجڻ,"To be burned, etc."
burned,ميلاپڙو,A bundle of straw burned during the Divali
muhammad,مَوْلا,Poetry chanted before the bier of a deceased person. A song in praise of Muhammad.
ed,ڇيڙو,"A perplexing affair, a troublesome suit. End, termination. The ornament. ed end of a turban. ( naut ) A cable."
capped,ڪَڇوراڙيِ,Capped elbow.
taking,ايلَ,The seizing or taking people captive; pressing for forced labour; captivity; subjection.
taking,ڀَرٿاڻُ,"Extension, taking up much time or space."
taking,ٽورو,"Roaming about, taking the air. walking. A stool, evacuation. A company, gang; a herd of cattle, flock of sheep, etc."
taking,پِئَڻُ,) Taking of water.
taking,چرخو,"A spinning-wheel; a large water-wheel worked by a camel or two bullocks; the wheel of fortune. Taking the four pieces of an opponent in the game چرخيِ .چؤپڙ A spinning jenny; a machine for twisting ropes with; a windlass; a ginning machine; a kind of firework, catherine-wheels. Watered by a Persian wheel."
taking,دَومِسومٍِ,"In the lump, taking all together, roundly."
taking,ڌراڻيِ,The expense of taking care of any thing.
taking,ڏئڻ وٺڻ,Giving and taking debts and credits.
taking,ڏي وٺ,Giving and taking.
taking,سانڍَ,"Carefulness, taking care of, preservation."
taking,سَتاڙو,lit Seventh day). The ceremony of the husband taking his bride home a day or two subsequent to the wedding after she has visited her friends.
taking,سَٽو,"Exchanging, the giving or taking in exchange. A leaf or shoot of a palm tree. See"
taking,سنڀال,"Watching, taking care, guarding"
taking,سَنڪَلَپُ,"The taking water in the palm of the hand at the time of making a promise, &c. Desire, wish."
taking,سَنڪَلْپَڻُ,To give alms by taking water etc.; to vow.
taking,سيِلُ,"Perambulation, taking the air, an airing, walk, excursion. A feast, picnic."
taking,شَيْلُ,"Perambulation, taking the air, a walk; recreation, amusement."
taking,صَلاحِتو,"or With counsel, taking advice, advisedly, judiciously."
taking,کَڻَتِ,"Taking up goods in account, tick, debt."
taking,گيِرُ,"(In comp ) Taking; holder as,"
taking,لارهاڻي,"The cost of taking off, etc."
taking,ليتيِ,"Taking, receiving."
taking,ليتيِ ڏيتيِ,"Giving and taking, traffic, dealings."
taking,ليٽ پيٽ,"Rolling about, taking a roll, lounge."
taking,مائِلُ,"Inclined towards, taking delight in; biassed; (in comp"
taking,وارَڻُ,") Offering in sacrifice, devoting. Taking up the room or place of another. Turn, tour, time. A song in praise of any one."
taking,وِرۇنهَ,"The taking amusement by pleasant talk, &c.; amusement."
taking,هَرَڻُ,"(In comp ) Taking, removing, as"
cop,پانديِ,"A cop, or roll of thread taken off the spindle."
cop,ناڙيِ,"The roll of spun thread as taken off the spindle, cop. The pulse, a vein, artery. Stubble left in a field. A seed drill."
demands,مانيِ,One who demands or requires much respect and attention.
stripes,چِلَْمڙْدو,The stripes of leather fixed across a saddle frame.
stripes,لهردار,"(Cloth, &c.) coloured or embroidered or painted in wavy stripes, wavy."
stripes,ليڪانئون,"Striped, in stripes, streaked."
tolerant,سهن سيل,Tolerant.
tolerant,مُتَحْمِّلُ,"Long-suffering, patient, tolerant."
nov,ناهَريِ,The 9th Hind month (Nov.—Dec.
villages,دِهاتِ,"Villages, country."
xv,پانزيبُ,An anklet. Page xiv Page xv
xv,سُرْڳَ پُريِ,). Family. Page xv Page xvi
terribly,مَڌَمَچَڻُ,To stink terribly.
ways,ٻِلاثو,Having two flames; shining two ways.
ways,ٻِواثو,A spot where two ways meet.
ways,ڀَتِ,"Ways, manner, habit."
ways,ڀيتِ,"Habits, ways."
ways,ڀَيتِتي پِيَلُ,Accustomed to (the master's) ways.
ways,ٿَڙِجَڻُ,"To become corrupted, get into bad ways."
ways,پارُ,"A mark, sign. Behaviour, ways, manners. Boot ("
ways,پَرِ,"Description, manner. Custom, habit, ways. Side. On, upon."
ways,جَهانِداريِ,The ways of the world.
ways,دنياداريِ,"The world, the ways or rules of wordly guidance. The being rich, opulence."
ways,ڏنگُہ,"A bend crook, curve; deviation from truth, opposition, crooked ways or acts."
ways,ڏنگو,"Crooked, bent, awry, uneven, oblique; naughty, full of opposition or crooked ways."
ways,رَوَشِ,"Behaviour, conduct, ways."
ways,مُڃَ,"The world, the ways of the world. An arrow. An iron instrument for marking clothes ornamentally; the mark so made; a crease. A tank, pond. The Hindu crematory."
ways,شَهۇرُ,"Knowledge of the ways of acting in the world, knowing how to conduct one's self, manners."
ways,ڪُچالَ,"Misconduct, evil ways."
ways,گَتِ,"Condition, plight, predicament; habits, ways. Funeral rites; salvation. Tune, air (in music). Knowledge, information."
ways,ڳوٺائتو,"or Of a village or town, of one's village, according to the ways of one's village."
ways,لوڪ مرجات,The ways of the world.
unacceptable,ناپسند,"Unacceptable, rejected."
chem,ڪَکُہ,"A piece of straw, hay or grass, a straw. A snake. ( chem ) A calx of any metal."
recognise,اوکاڻڻ,To exemplify. To recognise.
recognise,سڃاتو,"To recognise, identify."
wells,بيل,An instrument for cleaning out wells with A shovel. One working with a
wells,ڪيِڻُ,"A scraper, an instrument drawn by oxen, etc., for scraping earth. A kind of bag for raising earth from the bottom of wells. In what direction?"
valued,مَشَهَديِ,A rupee of a certain coinage valued at more than the current rupee.
undermine,سرنگهہ ڪرڻ,To mine; to undermine; to plot against.
parents,سَڳو,"A twisted thread, twine. Full, own, related (of the same parents)."
parents,ماتا پِتا,Parents.
parents,مُهاڇِڙو,"A child born after the death of a child of the same parents, is considered to be always nervous and timorous, and is thus called. Easily affected to tears, liable to cry, lachrymose."
parents,نيريِ,"The first crop of a field of sugar-cane, cotton, etc. Said also of a marriage in which the bridegroom & the bride are the first-born children of their parents."
parents,نيکيٽيِ,The visit paid by a bride and her husband to her parents after the honeymoon.
parents,والِدَيْنِ,Parents.
packets,ڪاشُ,A small bag made with double packets to throw across a b east of burden.
disciples,سِکيِ,Discipleship. The Sikh religion. Disciples.
suitable,بابَ خو,Suitable.
suitable,ٺَهائِتو,"or Suitable, etc."
suitable,جُڙائِيندو,"or Suitable, fitting, proper, properly."
suitable,جُڳائِتو,"or Becoming, befitting, proper, suitable, in a fitting manner."
suitable,جوڙُ,"Forming, junction; addition, total, sum. A match, fit, fellow. A crowd or body of faqirs. a Suitable, fit. Well, in good health."
suitable,جوڙائِتو,"or Suitable, suitably."
suitable,جوڳَ,"A yoke of oxen, &c. The duty of a ""Jogi""; religious meditation, union with the deity by means of abstract contemplation. The junction of stars, &c., (in astrology). Certain divisions of a great circle measured on the ecliptic. A fortunate moment, a good time. The dregs or strainings of strained bhang. a Fit, suitable, becoming, proper. To, for, (used in letters and hundis in respectful indication of the addressee or payee)."
suitable,جوڳو,"Suitable, fit, proper, sufficient; liable."
suitable,جوڳِڻِ,"). A snake-charmer, serpent-charmer. Befitting, suitable."
suitable,صۇلائِتو,"or Becoming, suitable, suitably, cogenial."
suitable,لائِقُ,"Worthy, fit, suitable, becoming, proper."
suitable,وَڎائتو,"Fit, proper, suitable, excellent, kind, obliging, seemly."
later,پَسِ پيشِ,"At last, sooner or later."
later,پانهيرو,A little later.
physiol,آڪُڙَ,( physiol ) Sympathy.
preparations,آگَمَ,"Futurity. Preparations for rain, brewing."
palma,هيرَ,"Castor oil plant ( ricinus communis , or palma Christi"
wn,ڪيپِراٽيِ,"The cranium, pate, cro wn of the head."
swamp,ڌُٻَڻِ,"A quagmire marsh, morass, fen, swamp."
swamp,گَپِڻِ,"A quagmire, marsh swamp."
swamp,گَرَڻِ,"A quagmire, swamp, mire, mud."
studying,شاگرديِ,"Learning under a master; studying, discipleship."
drops,چُڪو,"A few drops, a small quantity of any liquid."
drops,داڻِ داڻِ,"In drops, or seeds. Vesicular eruptions."
drops,لَٽْڪَڻُ,"A stone, &c., tied to a cord and thrown up to drag down a kite by boys in play. Drops in the ears; any thing pendant; a pendulum. A wooden stand for a"
drops,مِنهَن ڦُڙيِ,A form of embroidery like drops of rain.
drops,وَڎَڦڙُو,Of large drops. Rain in big drops.
heard,ٻڌو,) To be heard or known.
heard,سُيو,) To be heard.
heard,سُڻاڻي,"Notoriety, ill fame, dishonour. The ceremony of visiting and condoling with one who has heard of the death of a relation in another place."
heard,ڪَنِ پَوَڻُ,"To be heard, steal upon the ear."
heard,گذار,"or Reported, heard; a hearer"
heard,هَفَوائيِ,Heard by report. Report.
skies,وِماڻُ,"A chariot of the gods, sometimes serving as a seat, and sometimes carrying them through the skies; a baloon."
applying,ريخَ,"A line; the black lines between the teeth, made by applying missi"
applying,زَڪاتَ,"The preparing for the applying an incantation by austerities &c. Alms, a fixed percentage of income given in alms. Customs duty."
applying,لُئو,"A bundle of grass, &c. lighted for applying fire to any thing,"
applying,هِڪَ چِتو,"Attentive, applying the mind, intent. ( abs. n"
cards,بَراتِ,A suit at cards. The 14th day of the month
cards,ٻارهو,The figure or number twelve. The twelfth day after a death (Hindu). 1st anniversary obsequies (Mahomedan). The king at cards which counts for twelve; twelve at a game.
cards,ٻِڪو,The number two. The deuce at cards.
cards,تاشَ,Brocade). Playing cards.
cards,تَنبۇرو,The playing a higher card in a game of cards.
cards,ٺَپَڻُ,"To beat out (metals). To affix a seal on property, to impress, print. To beat clothes with a stick in washing. To shuffle (cards)."
cards,پَنجو,"The number five; five at cards or dice. And five or with five (prefixed to a hundred, &c, to express one hundred and five, &c.)"
cards,پيِٺو,). To grind; bruise down by attrition. To deal (cards).
cards,پيِسَ,A deal (of cards).
cards,چَنگُ,A handful. The jew's harp. A kind of musical instrument like a fiddle. Name of one of the suits at cards.
cards,چِْڻيا,Club (a figure of a suit of cards). ( Up. S
cards,چَوْنڪُ,"A frame of a door or window. A square. The square of a city; a cross-road; a quadrangle. Cater (of cards, etc.). The state of a crop of grain when about to shoot into ear."
cards,چَوْنڪِڙيِ,A body of four things; the number four. Diamond (a figure of a suit of cards).
cards,ڇَڪو,"Much, a large quantity. Six of any thing; the sixth (at cards, etc.). A die (used in gaming). A certain position in ڇَڪَ پَنؤ تيِ .ڇَوْپَڙ On the point of being finished, over, etc."
cards,خُدۇ,Spade (a figure of a suit of cards). ( Up. S ).
cards,چؤپڙ,"One's turn to play at cards, &c. A kind of red earth or ochre."
cards,دَوْليِ,The getting the number 24 in a hand of a kind of cards with which a game is played.
cards,دۇئو,The two or deuce in cards or dice. The odd two above the reckoning by fours in the game of
cards,دَهِلو,The ten at cards.
cards,ڏَهَلو,The ten in cards. ڏُهيرو، ڏهِلو
cards,ڏيهُ,"Name of the figure ten; the ten in cards. Ten days kept as a fast, &c. The tenth day after a death; the funeral ceremonies then performed."
cards,ڊيلَ پۇلِيسَ,A game at cards.
cards,رُنگَ,"Colour. Amusement, merriment, mirth, pastime; a wonder. A suit (at cards)."
cards,رنگمار,A game of cards in which cards of a suit follow in succession.
cards,سَتو,The number seven (in cards). See under
cards,سُرْخُ,A tent pole. Name of one of the eight suits in cards.
cards,سُفيدُ,White. Name of one of the eight suits in cards.
cards,طاسَ,A bowl. Brocade. Playing cards.
cards,غُلامُ,A slave; name of one of the eight suits of cards.
cards,فِلووَرُ,Club (one of the suits of cards).
cards,ڪاٽ ڪرڻ,To deduct; cut (a pack of cards).
cards,ڪاٽڻ,"To deduct, strike out an item in account; retrench; to spend, pass (time). To cut cards."
cards,ڪارو,"Black. Spade, a figure of a suit of cards. Clear (said of stagnant water)"
cards,ڪُماشُ,One of the 8 suits of Indian cards.
cards,کدۇ,Spade (a figure of a suit of cards).
cards,کَنکَڙُ,"Fruitless, nothing (in playing cards). کُنگهو ، کِنگو ، کنُگو"
cards,کيلُ,A play. A suit of cards.
cards,گَنجِفو,"Playing cards, a pack of cards."
cards,گولو,"A slave. Jack, or the knave of a suit of playing cards. See under"
cards,ميرو,"A chief, leader, a title given to grandees, a nobleman; a king (at cards)."
cards,نَوَلُ,The nine at cards.
cards,نَهَلو,The nine at cards.
cards,يَڪِلو,The having certain cards in the game of badshah chung
cards,يَڪو,"The ace (in cards). Alone, single."
cards,بَدُ,Cards other than trump.
corn,آﭜوُن,Sweet unripe ears of corn.
corn,اُتيهﮡ,To hull (corn).
corn,اَڱاريِ,Scurvy. A weed which starves juari Smut in ripening corn.
corn,ٻچتائيِ,To make bare (ears of corn as birds do).
corn,ڀُثو,A small ear of corn.
corn,پﯘرارو,A thin meal cake fried in ghee A sheaf of corn.
corn,ڦَسُ,"Wearied, tired, done up. An ear of corn."
corn,ڦُلو,"Popped corn. Leucoma, albugo. Lamp black, the snuff of a candle."
corn,سِرَ,A brick. An awn of corn.
corn,سُنڍو,"Stubble, or the roots of corn."
corn,سَنگُہ,"A head of grain, an ear of corn, a cob of maize. A cone-shaped or pyramidical lump of sugar-candy. Computation."
corn,سُڻَڻُ,An awn of corn ( survey ) An arrow.
corn,ڪَتَرُ,"A husk of corn, a particle of bran. A small piece of fish."
corn,ڪُسَرُ,"A bad stalk of corn, a bad reed."
corn,ڪَڪِرو,A pebble; a small lump left in any thing pounded or ground. The gravel (disease). A corn on the foot.
corn,کُتيِ,"A stump, stub of corn."
corn,کيپ کرو,The place where the harvest corn is kept.
corn,ڳَلْڦاڙُ,or A plant of corn bursting into ear; the bursting of the ear.
corn,مُٺِيو,"A kind of sweatmeat made up in the palm of the hand. A lump of cowdung, &c. The handle of a plough; a tiller (of a rudder. A handful (of ears of corn). Pastern (of a horse)."
corn,ڪَنڊِ,Threshing corn.
corn,مَڪائِڻِ,"Indian corn, maize."
corn,ميڙِه,"A post fixed in the centre of the threshing floor to which the cattle are tied as they turn round to tread out the corn, a threshing post."
corn,سِرْٽيِ,A thin or meager ear (of corn).
england,اِنگلستانُ,England.
england,وِلائِتُ,"A foreign country, as England, etc."
nom,آنئًَين,nom. pl ) of
nom,تخَّلُصِ,A poet's nom de plume
nom,تَوِهين,The nom. pl
nom,جُہ,"When, as soon as. fem Who. An inflection of the Of, used when the noun, on which it depends, is in the nom pl. masc"
nom,جۇن,"An inflection from Of, used when the noun which it qualifies is in the nom. pl. fem A plural form of the respectful title"
nom,جِئَڻُ,"To live. The inflected form of Of. The nom. pl of Who. If, although."
nom,جيِ,"prep. fem of Of, (used when qualifying a fem noun in the nom. sing ). inter Sir, madam, a title of respect. The inflection of the noun it follows is sometimes affixed to it, as"
nom,ساڍا,nom. plu. mas (
nom,ساڍَيۇن,nom. plu. fem
nom,مِڙِيوئي,All ( nom. pl
frequently,دفعيِ دفعيِ,"Constantly, frequently."
frequently,مُٽاکرو,One who passes urine frequently.
frequently,مٽُِ مُٽُِ,Passing urine frequently; drizzling.
folds,چَپِڙيِ,"An application of cooling ingredients put on the crown of childrens' heads to cool the blood. A kind of unleavened bread or cake, baked in two or more folds. The washer or roller adjoining a wheel. ( surg ) A splinter."
folds,گهنججڻ,"To be gathered into folds, plaits, or wrinkles, be ruffled; to shrivel up."
folds,لانگَ,Folds of dhoti passed between the thighs; a cloth worn between the legs; the girding one's self in this way.
prot,پاڄيِ,"One subservient to another; a servant, slave, protégé; one living on another."
blush,لڄائڻ,"To bring to shame, cause to blush, to abash."
blush,اکيون لڄائڻ,To blush for shame(eyes).
blush,لڄيِ ٿيڻ,"To blush, be put to shame."
bags,ويِٽو,"A bale of cloth, &c., a roll of (bags)."
decorate,سيِنگارَڻُ,"To adorn, decorate; ornament."
decorate,وِنگاسَڻُ,"To adorn, to decorate."
drives,ڪاڍو,"Desire, inclination for. Prolixity, length of discourse. One who turns out or drives off anything. A vessel for drawing water."
drives,کيدو,"A strong bird, esp a bulbul , which beats & drives away other birds. A blockhead, a foolish or silly person."
faces,مُچُْڪو,"Making faces, contorting the countenance, a grimace."
mountains,هِمالِيَهَ,( lit the abode of snow). The Himalaya mountains.
supplies,توشو,"Provision for a journey, supplies. Name of a sweetmeat."
supplies,رَسَدِ,"Imports, esp of grain; a store of grain; commissariat supplies for an army, etc; rations."
supplies,رسدرسائڻ,To furnish supplies; to cater.
supplies,سُرْساتَ,"Ingredients for making up food. Provision, fodder, supplies."
prevalence,واسِرو,Prevalence (of a disease). a. See
prevalence,وڌيڪائيِ,"Exceeding, going beyond proper bounds in speaking or asking; extravagance, prevalence, superfluity, superabundance."
obtaining,جۇڻيِ,Obtaining and giving information as regards criminals.
obtaining,سَهَسائِڻُ,"To endure the loss of, give up hopes of, despair of obtaining any thing or of any one's recovery, &c."
obtaining,هج پائي اَچڻ,To come with the expectation of obtaining a favour.
verbs,زيوَرُ,"Jewels, trinkets, ornaments (of gold, silver, &c.) for the person. A particle affixed to nouns, verbs, prepositions, &c., to express the 3rd per. pro. sing of him, her , or it, to him, her, or it , &c."
verbs,سَهَڙَڻُ,"To arrive. (The past. conj. part past of the verbs to ""come,"" ""go,"" &c., are required before this as"
verbs,کڻڻ,"used often before other verbs for mere emphasis, (as"
verbs,ليئيءَپيئيء,"( homely ). In sickness, while one is ill. A negative affix answering to un, dis, im , &c. Pado A prohibitive particle affixed to the imperative of verbs, not."
verbs,هارُ,"An affix to verbs, signifying 'actor' or 'doer', as"
verbs,هان,"Yes. An emphatic particle used with verbs, meaning ""Certainly, quickly,"" &c. inter An exclamation expressing surprise. From, out of."
serenity,ٺَهَرَ,"Calmness, serenity, patience. ( or"
serenity,سانتِ,"Quiet, calm, appeased, tranquil. Quiet, calmness, serenity."
serenity,سانتيڪائيِ,"Serenity, stillness, quietness."
syria,شامُ,Syria.
pens,ٿُٻيِ,"A small bundle of grass, a wisp; a bundle of reed pens, of tooth sticks, etc."
pens,کُڙيِئو,A wooden case for ink and pens. ( Up. S ).
pens,گڎو,"A bundle of grass or straw, a sheaf, a bundle of reed pens, tooth cleaners, etc. ( dim"
pens,نَڙو,"A pipe tube; a long hollow case for pens, &c. A shuttle."
pens,واسِتِينَ,The dark coloured reed from which native pens are made.
anything,اُتر,"The north; the northern breeze. An answer. Anything given to make an exchange equal, boot."
anything,اَجهڪائيِ,To scramble (for anything).
anything,اَڙﮡ,"To be caught by anything, detained, worried."
anything,آلونۇرُ,"Anything worthless, spoiled, etc. abs. n"
anything,اَنديِ,Selvage; the edge of anything.
anything,اُڻَهَٺِ,The heart or core of anything The nib of a pen: a point of the nail sticking out from the side of the finger.
anything,اٌُهينئَين,"Without saying anything, or doing the thing; gratuitously; for no particular reason or purpose; gratis, in vain."
anything,ايِلَ,The first offer or refusal of anything.
anything,بڻاڻيِ,The cost of making anything.
anything,تاندۇرو,"A fibre, a tendril; a string or thread drawn out from anything."
anything,تَرو,The sole of a shoe. The bottom of anything; the seat of honor of a man. Grounds or dregs (also
anything,تُڪمو,A button; a knob at the end of anything for catching it by.
anything,ٿَڪَ جيِ مُهرَ,fig ) Anything transient or ephemeral.
anything,ٽِڪيِ,A fried wheaten cake. A sweetmeat consisting of flour thickly coated with sugar. A cake of anything; a wafer; a lozenge; a wad for a gun; the disk of the gun. The torus of the water-lily. The figure three in card-playing.
anything,ٺُشائِڻُ,( slang ) To slip off with anything secretly.
anything,ٺِكَرُ ڀَڇَڻُ,"To calumniate, to cast the odium of anything upon another."
anything,پُڙْدُ,"Anything used as tinder. Paper, cloth, etc, torn up or tossed together."
anything,پَلَؤجَهلَڻُ,To hold out one's skirt to receive anything.
anything,پَهَلۇ,"A side, facet; flank, wing. A piece of anything put to support another."
anything,پيٽُ,"The belly; womb; the fœtus in the womb; pregnancy. The bed (of a river, etc.); inside cavity of anything. Secret. Breadth, diameter, width."
anything,ڦانڊَ,"The skirt of a garment taken up to hold anything; the lap a lapful, skirtful. Allotment, share; subscription."
anything,ڦۇڪِڻو,"A blister on the skin, a vesication. A bubble, anything swelled out in the wind; a kind of light cowrie shell."
anything,جاچِنا,"Request, asking for anything. Ascertaining, investigating."
anything,جهالو,The flashing or sparkling of anything bright.
anything,جُهڳِٽو,"The tuft of hair at the end of a tail, a tuft of anything; a clump of trees"
anything,مُٿارَ,"). The losing one's way, difficulty, perplexity. A skirt taken up to hold anything in."
anything,ڍۇما,To fail in search for anything.
anything,رَهَڙَ,"Doing anything hastily or with negligent precipitation. Scrawling, scratching, a scratch. A beaten path."
anything,سَڌَ,") One who wishes or desires to buy or do anything, but is too miserly to purchase or has not strength Straightness. of mind to act."
anything,سَوْدو,"Trade, traffic, merchandize, bargain, marketing; anything bought, wares."
anything,سيڪڻ,To toast warm anything before or with fire; to foment. To smart (as a person after having been punished.)
anything,شَبِڪو,"Ornamental holes pierced through anything. ( arch ) Foil. A method for reducing coins, weights, &c., to a lower denomination, the account being worked out in a parallelogram or divided by diagonal lines after a certain fashion. Polianthus tuberosa"
anything,ضِيقَ,The winding gold or silver thread tightly round anything.
anything,طافُ,"Anything dividing a plain from a mountain, a border."
anything,قَلِيو,Boiled flesh or meat dressed with anything.
anything,ڪاڍو,"Desire, inclination for. Prolixity, length of discourse. One who turns out or drives off anything. A vessel for drawing water."
anything,ڪَچو,") Anything brittle, glass. Sapwood, opp to"
anything,ڪُڇُ,"Somewhat, aught, something, anything, ever so little, whatever."
anything,ڪَنچَنُ,Gold. Anything delicate.
anything,کَڎَ,"A hole in the ground or in anything where it does not pass through, a pit, cavity; socket; a dimple (on the chin)."
anything,گيسرائڻ,"To drag one's self along the ground in a sitting posture. To do anything lazily, to dilly-dally."
anything,گَهشو,"A pushing or pressing anything down violently. A rub, scrape. A pull of a huka"
anything,لَڙائيِ,"). To shake, vibrate (as anything suspended); hang, dangle. To swerve, deviate, go round, turn aside, recede, make a circui. (to reach any place), to pass off to one side. To be past the meridian, or commence to descend, decline (the sun). To lengthen out (the afternoon shadows), to incline to one side. To move off from, get out of the way (in shunning or avoiding). To pass or slip by to one side. To slope or be inclinedt ( naut ) To scud, be driven swiftly."
anything,شڪل لڳڻ,"To resemble in appearance); to affect; to be defiled (by a touch); to be operative, have effect (as medicine); to cost; to be worth anything; to be shut, closed (as the eye); (an auxiliary ) to begin, commence (as"
anything,مڙهاڻی,"Expense of covering or casing anything with leather, &c."
anything,نالوڪرڻ,"To put in an appearance for name's sake, do anything nominally"
anything,وَٽِ,"The wick of a lamp. An embroidered edge on cloth; the edge of anything. Near, to, for, in exchange for (speaking of the price of any thing), with, in the hands of."
anything,بِشَئي,Anything perceptible to the senses; subject.
anything,عيد,anything laid by against the evil day.
arising,بِرِهُ,"Separation of (lovers), or the pain arising therefrom."
arising,دۇريِ,"Separation from a friend, pain arising there."
arising,هُٻَ,"The vapour arising from rain fallen on ground previously heated, miasma."
fragments,ٽُڪِراٺو,"Fragments, pieces."
rely,ڀاڙَڻُ,To hire. To rely on.
rely,ڳالهائڻ لڳو,"Began to speak); to get aground (a boat); to rot, be spotted (fruit); to match with; to follow, to listen to, believe, rely on (what another says); to reach; to appertain; join. To strike (as a stone); to strike (the mind)."
rely,وِسَهُ,"To trust, have faith in, believe, rely on."
rely,ايمان آڻڻ,To believe; to rely on ; to be converted to the faith.
rely,ڀَرِڏِيَڻُ,"To rely, depend."
attacks,ٻوڙيِ,"A passerine, gregarious bird which attacks spring crops."
drowning,غوطو,"Sinking as one drowning. Fancying, apprehension."
drowning,غوطا کائڻ,To rise and sink as a drowning man.
drowning,گهوتو,"Sinking as one in drowning. Hesitancy, vacillating."
drowning,گهوتاکائڻ,"To rise and sink as a drowning person. To hesitate, balance."
was,ٻَجهائِڻُ,To silence in argument; to stop something which was being performed by another.
was,ٽنڊائِڻُ,"To be crippled in the hands, or walk lazily as if one was so."
was,ڪَرْبَلا,A place in Iraq where Hussain the younger son of Ali was slain and buried.
was,ڪُنْ فَيْڪۇن,"(God said:) Let it be, then it was."
was,آذَرُ,Name of Abraham's father (really uncle)who was an idol-maker; an infidel Fire.
snap,ٽُٽَڻُ,"To break, snap."
snap,چاپُٽو,"A snap of the fingers. A pinch (of flour, etc.)."
snap,چهڙپائڻ,"To snap at one angrily, snarl."
snap,ڇِنو,") To break, snap, break down. To subside (a flood of water). To disperse; to be detached."
snap,ڇنو,") To pluck (fruit, flowers, &c.). To snap or break by plucking (a rope); to break (friendship, a match etc.,) to detatch; to separate."
snap,ڏاڙَڻُ,"To bite (as a dog, &c.); to snap at one angrily."
snap,کَسَڻُ,") A snatch, snap."
hearts,پانُ,The betel-leaf ( Piper betel ). Hearts (in card playing).
hearts,لَعْلُ,"Red; ruddy, florid; adorned, beautiful. Darling, dear. A title for the river and for certain shrines, as Oderalall, Lall Shahbaz , &c. Hearts (in card-playing)."
surround,گهِرَڻُ,"To surround, encompass, besiege, encircle."
surround,وَرائِڻُ,"To turn, to turn back, give back, cause to return. To close (a door). To reject. To enwrap, wrap, lap over or double (as the edge or cloth); surround."
surround,وَڪوڙَڻُ,"To twine or twist round. To surround, complicate, wind, encompass."
surround,ويڙهڻ,"To wrap up, fold, roll; encircle, surround, besiege, envelop, entwine."
sucked,چۇپو,"A suck. The discarded sucked remnants of sugar-cane, etc."
sucked,ڌاپجڻَ,To be sucked.
cuts,دَوْڪُ,A camel after it cuts its first pair of teeth in its 5th year. A horse in the 3rd year of its age.
cuts,ياراڻيِ ڦٽائڻ,To be cuts with.
cuts,اُٽي,Cuts (with friends).
verses,بَيْتِ بازيِ ڪرڻ,To cap (verses).
verses,جاٽَ,A series of furrows left by a plough. A set of sacred verses repeated by the officiating Brahmin at a marriage ceremony.
verses,جَپُ صاحِبُ,A book of verses composed by Nanik Shah.
verses,رَچِيو,"To plan, design; compose (verses) To create, invent, form."
verses,سِٺَڻُ,"To make or compose (verses, &c. but never sacred, &c.,) generally in abuse of some one, to satirise."
verses,ڳَنڍَڻُ,"To connect, fasten together, join: compose (verses, &c.) ; stitch (shoes, &c.) ; to piece (in weaving)."
denies,مُڪِرُ,"Name of a large fish. One who denies or refuses, a denier."
denies,مُنْڪِرُ,One who denies; an athiest.
practiced,معمۇلی,"Customary, practiced. Held on mamul tenure."
train,آگ گاڎيِ,A railway train.
train,ڇيترِڻُِ,To train (as an ox).
train,حَمْلو,"An attack. Retinue, train."
train,ريلَ,A railway train.
train,سِلْسِلو,"A chain, a series, succession; a train of reasoning."
train,مُقَدِّمومَسِلْسِلُ,logic ) A train of reasoning.
train,ڇُٽَڻُ,To start (a railway train); to be delivered (of a child).
train,ڇُڙَڻُ,To start (as a railway train).
scales,اَهَنُ,The balancing of scales.
scales,ڀيِڎيِ هَڻَڻُ,To deceive in weighing by manipulating the scales.
scales,تارازيِ,A pair of scales.
scales,تُراڙو,"A pair of scales, a balance."
scales,تُلُ,A pair of scales. ( astr ) Libra.
scales,ٽَڪِڙيِ,A pair of scales.
scales,ڌَڙو,A weight for weighing with; amount in weight; one turn of the full scales in weighing.
scales,ساهِمي,A large kind of scales.
scales,ڪانو,"The stalk of the plant sara ; a reed; a stalk of juari, bajri , &c. The beam of a pair of scales. A superficial measure. ( weaving ) A lease rod."
scales,ڪاڻ لاهڻ,To balance or regulate scales. ( fig ) To set (one) right. ڪاڻيارو، ڪاڻياتو
scales,ڪنڊو,"A thorn. The thorn tree— prosopis spicigera A bone; a fish bone; the back bone. A pair of scales; a box in which scales are kept. ( fig ) A sense of honor, moral sensibility."
scales,ڪُهاڙيِ,). A case for goldsmiths' scales.
scales,مَراريِ,A jeweller's scales.
scales,نَڪو,The point of suspension of the beam of a pair of scales fulcrum; also. the hole itself at each end of the balance. The head or thick end of a needle.
senses,اِندريِ,The organ of generation; one of the five senses.
senses,اوسان,"The senses; sense, presence of mind."
senses,چيتن,"In possession of one's senses, awake, rational. Sensation, feeling; a sentient being, soul spirit; the Divine essence ( Hind. phil )."
senses,حَواسُ,An organ of sense. The senses.
senses,سنڀالڻ,"To take care of, nurture, guard, watch. To check, control; to manage (a firm, etc.); to assort (clothes as a washerman does). To be seized with the pains of labour. To come to one's senses, recover, revive from a faint of sickness, come to the age of discretion. To beware, reform, amend. To remember, call to mind."
senses,کَڙيِ ريِوڙيِ,"); fair (a day); come to senses, convalescent."
senses,کڙوتڙو,"Smart, active; come to senses"
senses,مَتِ کِسَڻُ-مارِجَڻُ,"To lose one's senses, be in one's dotage."
senses,وشَيٴِ,"An object of sense, the senses; sensuality; subject, subject-matter."
senses,هوش جاءِاَچڻ,To come to one's senses.
senses,بِشَئي,Anything perceptible to the senses; subject.
senses,تالَ مۇلَ گُمِ,"All senses gone, at one's wits' end."
senses,دَمُ,Subduing; subduing the senses or passions.
lbs,سيرُ,"A seer equal to 2.2055 lbs. avoirdupois, one fortieth of a maund."
informed,آگاهُ,Acquainted informed of.
fingers,ٻِثيِ,Two together. Two fingers (used singularly as a term of abuse).
fingers,ٻُرْکائِڻُ,"To scatter or let fall through the fingers (as salt on meat); to sprinkle or cast (pepper, etc.) ("
fingers,ٻِيکَڙُ,The space between two fingers or two branches.
fingers,تُنباڙَڻَ,"To card cotton, etc by pulling it out with fingers. To beat severely."
fingers,ٿَڌو,The rubbing gently one's limbs with the tops of fingers.
fingers,ٽِپَڻُ,To crush or squeeze between the fingers.
fingers,چاپُٽو,"A snap of the fingers. A pinch (of flour, etc.)."
fingers,چَموتو,A pinch with the fingers. ( dim
fingers,چَنَگُلُ,A handful as taken up between the extended fingers. Name of an ear ornament. A claw. A stretcher.
fingers,چُهِنڊِڙو,"A pinch, or nip (of the fingers)."
fingers,ڇاڱو,"One with 6 fingers, or 6 toes on each hand or foot."
fingers,ڏائيِ,"Any thing used as a mark or signal; a head of earth thrown up to mark a road; a pole put up to mark the rise of the river; a sign made by putting out a certain number of fingers under a cloth as secret intimation of an offer in purchasing goods; a signal flag. An assignation, appointment. The putting up two fingers in playing the"
fingers,ڍولَڪَ,A small drum beaten on both sides with the fingers.
fingers,سيرڏِئَڻُ,To open the hair with the fingers and pick out lice.
fingers,فِنڊَڪَ,A fillip; jerking any thing with a sharp blow of the fingers.
fingers,لُٻَ,") The mixing up or disordering food when dished, and disarranging it with the fingers in eating. A reproach.stories."
fingers,لِٻۇڙَڻُ,To mix or mash up food; spoil it by working the fingers.
fingers,مِرِچِڙيِ,A blow or slap with the index and middle fingers joined.
fingers,ميٽُ,&c.) in water with the fingers.
fingers,مَلَڻُ,"To rub, polish, burnish, clean (pots and pans), furbish, scour. To groom (a horse). To take up (room or place), enlarge or extend (one's boundaries or position), lay hands on (in interference). To cause indigestion To knead (dough), work up with fists or fingers. ("
fingers,منڊيۇن پائڻ,To interjoin the fingers of the hands and press the palms forward.
fingers,وِڇوڙَڻُ,A kind of ring shaped like a scorpion worn on the fingers or toes.
fingers,هٿ دارزيِ,"Fiddling, moving the hands & fingers restlessly."
answering,اَڻَ,"A prefix answering to im-, in-, un-, etc."
answering,ليئيءَپيئيء,"( homely ). In sickness, while one is ill. A negative affix answering to un, dis, im , &c. Pado A prohibitive particle affixed to the imperative of verbs, not."
medina,هِجِريِ,The flight of Mahomed to Medina; the Mah era from 15th July 622 A.D.
remembered,يادِ,Remembered.
consists,ليٽ ڪبۇتر,Name of a boys' play which consists in those of one party guessing which of those of the other is covered up in a sheet.
cucumber,بادرَنْگُ,A sort of cucumber.
cucumber,تۇريِ,"Acute-angled cucumber, or luffa."
cucumber,پاٻيِ,A kind of cucumber.
cucumber,پَٽَتﯘريِ,A wild cucumber.
cucumber,چِڀِڙُ,The pubescent cucumber.
cucumber,ڪَڪِڙيِ,The stone of a fruit. A kind of cucumber.
cucumber,مِهِڻو,A species of gourd or cucumber citrullus vulgaris See under
cucumber,وَنگو,The common cucumber.
exchanged,مٽجڻ,To be exchanged.
ceilings,ڏڪڙ,"A painted club used in pairs and knocked together for music A round pointed stick used in ornamental ceilings, etc.("
eggs,خصيِ,"). Giving eggs (hen, etc.)"
eggs,تِيَرڻُ,To spawn (eggs as fish does). To purge (said of animals).
eggs,جهولي,"A scrip, wallet, bag. The collection made by fakirs on a certain day in the name of Mahadeo. A skirt taken up to hold any thing in. A nest of eggs; a brood of young birds. A body of men, a troop."
eggs,ڇارُ,The nest of eggs on which a hen sits.
eggs,ڏنو,"). To give, grant, let, allow, offer. To produce, yield, to lay (eggs)."
eggs,کوپو,The shell of a cocoanut or of eggs; the upper shell of the bill of a bird; any empty shell; a cocoon. A bowl-shaped wicker or leathern hood put on cattle's eyes when working water-wheels.
hears,نَوْدُ,"Felt. Stupid, as is the intellect of one who remembers not what he hears or learns (as a needle stuck in felt and withdrawn leaves no hole)."
sleeps,پاٿاريِ,"The spot where one sleeps, a bed; station or stage (of cattle-lifters), a gang. Family, race (among faqirs"
keys,ڇِڳُو,"A bunch of flowers, keys, stars, etc., a flock (of birds); a tuft."
extracting,ڪَڍَ,"Extracting. Prolixity, unmeaning length of discourse or business. A trace for beasts in draught. Desire, longing."
extracting,نپۇڙِڻُ,"To press or squeeze, generally in extracting water, &c., from any thing, to wring (clothes)."
darts,آنچيِ ڦۇل,The play of blowing small darts through a pipe.
subjects,راڄُ,"Government, rule, administration; state, realm. A body of husbandmen or subjects; a body of persons of any particular trade or class in the community. Peasantry. Relations, kinsmen, family, race, brotherhood."
subjects,راڄڪو,Of or belonging to a body of husbandmen or subjects or any class in the community.
subjects,رِعايا,") A subject, or subjects; a tenant. Peasantry, tenantry."
afghanistan,قُوتي,A little wooden box in which grapes are exported from Afghanistan.
rewards,اِنعام اِڪرامَ,Rewards and dignities.
complaining,رنگهَہ,"Crying, complaining, fretting (of a child from sickness)."
complaining,شڪايتيِ,Complaining.
complaining,ڪيِنَرُ,"A musical instrument like a fiddle. Crying, complaining. ڪَيْنسِريِ ، ڪَيْنَسرِ See"
complaining,مُتَشَڪيِ,Complaining; See under
complaining,هَوْن هَوْن,Complaining from being dissatisfied.
weave,اُڻڻ,"To weave, knit, net."
weave,واڻڻ,To intertwine or weave with
egypt,فَرَعۇنُ,"Pharaoh, title of the ancient kings of Egypt."
egypt,مِصْرُ,Egypt.
blessings,صَلْواتَ,"Prayer, benedictions, blessings."
struggle,ڦَٿِڪَڻُ,"To writhe, flounce, be convulsed (as one in a fit, a fish out of water, &c.). To be agitated, to flutter; to struggle, to try one's best."
andrew,جعفرزٽليِ,Merry Andrew.
falling,اوٽِ,The falling of rain; fallen rain.
falling,گيارس,falling on the 11th of
falling,ٽَپِڪو,"Falling of ripened fruit (esp. mangoes), a windfall. ( e. g"
falling,پَوْٹائيِ,"Loss, deficiency, falling off."
falling,جَهٽَڻُ,To catch any thing moving through the air or falling.
falling,چَنَرِ,The falling of cowries with the slit downwards in
falling,ڇَهُ,Dried leaves and stalks falling to the ground.
falling,دَٻِڪو,A crash (of many things falling).
falling,سۇن سۇن,"Sniffing, snuffing. The hiss of water falling on a hot stove."
falling,ڪَٽَهڙو,"A balustrade, railing, palisade; a raised edging round any thing as a defence to keep things from falling off."
falling,ڪَڙاڪو,"A crash (of a falling house, etc.); a rigid fast."
falling,ڪڙڪاٽ,"A crackling noise, crack or crash (of a falling house); the pealing of thunder."
falling,ڪوتاهُ,"a. See ڪوتاهيِ . ڪوتَهُ Shortness, not bringing to completion, omission, deficiency, default, falling off, scantiness."
falling,گَڙْکاٽُ,"The noise of falling water, &c. Thunder."
falling,ڳَٿو,A hole in a wall from the falling out of a lump of earth. A break in the bank of a canal or dike
falling,گهٽيِ,"Deficiency, falling short; humiliation, lowering of one's dignity, compromise of one's position."
falling,وارَچَرو,"Alopecia, falling off of the hair."
spirits,پِريتُ لوڪُ,The abode of such spirits.
spirits,جِنائيِ,"One who invokes spirits, or knows the science of the genii."
spirits,ڇوڏيِ,"The bark of the Babul tree used in preparing spirits, and in tanning. The peel of the pomegranate. Mugil dussumieri —a marine fish; small fry."
spirits,حاضِراتِ,Invocation of spirits and offerings made to them to beat off an evil spirit to whose shadow one's illness is ascribed.
spirits,خالِصُ,"Pure, unadulterated, plain (spirits, etc.)."
spirits,سادوڦۇل,"plain (spirits, etc.); artless, sincere, frank. abs. n"
spirits,ٽسرو,"Threefold, three ply. Wine, spirits, liquor."
spirits,عَرْقُ,Any liquid distilled; spirits.
spirits,غيب عالم,Evil spirits.
spirits,مَدُ,"Pride, arrogance. Spirits, wine, spirituous liquor. Rut."
spirits,مَدُرا,"Wine, spirits."
spirits,مَڌُ,"Liquor, wine, spirits. Bad smell."
spirits,مُندُ,"Wine, spirits."
spirits,واماچارُ,"The doctrine of the tantras ; the left-hand ritual, use of flesh, spirits, etc."
cough,اوٻاهيِ,"A long-drawn, loud, whooping inspiration in cough."
cough,ڀُڪَ کَنگهِہ,A heavy dry cough.
cough,ٽَْونڪارَ,"Clattering, a noise, a din. A touch ( e. g of cough)."
cough,چاٽو,"A cough mixture; a medicine for a cold, a tincture."
cough,کِرْْکِٽيِ,Whooping cough.
cough,کَنگِهہ,A cough (the disease)
cough,کُرْٽو,Whooping cough.
cough,کنگهڻ,To cough.
cough,گَٻَهْريِ جيِ کَنگهِہ,Whooping cough.
cough,وڎيِ کنگهہ,Whooping cough.
purified,ريوِڙيِ,"A sweetmeat, being a bit of purified sugar covered with sesamum."
dispatched,جاگِيرَ,"Rent-free grant, an estate, a fief, an alienated land. A sum of ready money dispatched by one banker to another."
pundit,پَنڊِتَپَٹو,The being a Pundit; the duty or office of a
pundit,پَنڊِتَ جِنِ کي چَيائِين,He said to the pundit
countless,اَڳاڃو,"Incalculable, countless; profound. Antiquity. اوڳڙ، اُڳاڙ"
countless,اڻ ڳِڻَتُ,"Countless, innumerable, incalculable."
ia,طِبَ,"A medicinal book, a work on medicine, pharmacopœia."
anybody,چور,"(Black thief). Anybody, nobody; a ghost."
whistler,سِيِٽُر,A whistler.
whistler,سينڌائيِ,A whistler.
throwing,بُلُ,"Throwing up a kite, a ball, etc. A joint of the sugar-cane, etc."
throwing,ٻَريِ ٺَريِ,Throwing the ashes into the river immediately the corpse is burnt.
throwing,ڏوتيِ,"etc., in front by crossing the ends and tucking them in. A cloth thrown loosely over the shoulders. A mode of wearing a loongi by throwing it over the shoulder and then bringing it round the waist."
throwing,راتِرَهۇ,Keeping the ashes of a corpse one night after burning before throwing them into the river.
throwing,غُبارو,A mortar for throwing shells.
throwing,گُهٻَڻ,A sling for throwing missiles.
throwing,نيزي بازيِ,"Throwing the lance, tilting."
throwing,اَفِگِنَديِ,"Throwing, casting."
bending,لَچِڪَدارُ,"Bending, elastic."
bending,نَوَتِ,"Bowing, bending down, humility."
bending,نِئُڙَتَ,"Bowing, bending down; humility, meekness,"
tablets,کيڙيِ,"Chalk, or rather saponaceous earth used in writing on wooden tablets, etc."
touching,ڇوتِ,Defilement from touching an impure thing; an impure touch.
touching,دَرْدَاَنگيزِ,"Painful; pathetic, touching."
touching,دلگير,"Touching, pathetic."
wrench,سَهَٽَ,Desire. The desire or yearning for one absent. A twist or wrench.
wrench,مَرۇئَتَ,"Twisting, a twist; twist, wrench, a gird."
wrench,مروٽڻ,"To twist violently, to wrench."
wrench,مروڙڻ,"To twist, writhe, contort, distort, wrench; to rub the hair in washing it."
wrench,موڙَ,") To bend, twist, sprain, wrench."
wrench,پانو,A spanner; a wrench.
stands,ڏيڍنئون,"That which stands in the one and a half place, the first with a half, consisting of one and a half; one and a half per cent."
stands,سَوائون,"That which stands in the one and one fourth place, first with a quarter"
stands,مَنجيِ,"A kind of low chair, a buffet, stool, footstool. A pedestal. The projecting bottom of any vessel, &c., on which it stands or is supported; the frame or stool for a spinning wheel. A transverse stick laid along the ground on which posts are supported. A name for the Sikh Scripture."
freshwater,ڄَرِڪو,"Murrel—a freshwater fish; a greedy person, ( fig ) a shark."
compelled,لاچارُ,"Helpless; without remedy on excuse; compelled, forced; poor."
compelled,مَجْبۇرُ,"Compelled, forced. constrained,"
bengal,ڍَڪَڻُ,"To cover, shade; put on (clothes, &c.), muffle. To shut up (cattle), pound or impound. A cover, lid. A coverer, or concealer of another's faults, &c. A Bengal light(a firework)."
bengal,ڍَڪِڻيِ,"A small cover for a pot, etc. The knee-cap, knee-pan. The circular piece at the top of a sword handle. A Bengal light (small)."
liter,اُلَسْتُ,liter Am I not?) Eternity.
liter,ٻساڪَرَڪُثو,"( liter ). Slaughter of goats; dealing blows right and left; outcry, bawling."
liter,پوشِ,liter
wings,ڀِِينڊَ,A beetle with bright wings. A lump of hardened dung from a dunghill.
wings,پَرَهَڻَڻُ,To flutter one's wings.
wings,ساهَڻُ,"To pull tight, tighten. To flap the wings as a bird. To get ready, prepare for. To lay aside all thought of danger, or agree to risk them."
wings,هَٻو,Having the wings clipped.
mic,رت پؤڻو,Anæmic.
strive,ڏُکَہ سﯘرَپِٽَڻُ,"To strive laboriously, rack the brain."
strive,پاپڙ,"To try every expedient, strive hard."
titan,دانَيٴُ,"A demon. Titan, giant."
gets,چؤسالُ,A horse when it gets its first four teeth.
gets,ڪَچْڪولُ,"A wallet; all sorts of food which a beggar gets in a wallet, hotch-potch; disorder."
gets,مَنجَهہ ڳُڻو,One who gets another's secret.
tries,کَڎَهَرُ,One who tries to injure or destroy another; a mischief-maker.
vegetables,بَرٿو,Vegetables boiled and then bruised.
vegetables,بَڪُر,"Vegetables and fruit, greens."
vegetables,ٻوڙُ,"Meat, vegetables, etc., eaten with bread or rice."
vegetables,ڀاڄيِ,"Vegetables, pot herbs. Food, sweets &c. distributed among relations, etc."
vegetables,ٽَٽَوَکَرُ,"Green vegetables, etc.; the eating of a mixture which is injurious. Few-leaved indigo."
vegetables,داسُ ڪرڻ,"To stew (vegetables, etc.)."
vegetables,ڏاليِ,A present of fruit or vegetables; a number of fruits which the purchaser of the fruit of a garden gives to the owner. Sweetmeats made in the shape of fruit.
vegetables,سائي ڀاڄيِ,"Vegetables, leaves, greens, pot-herbs."
vegetables,سوئِڻُ,"To weed, to pick out straws and dirt from vegetables, grain, &c. To clean the pipe of a huqa , barrel of a gun, &c., with a long pricker or ramrod."
vegetables,ڪَچِرو,Leavings or remnants of vegetables.
vegetables,ڪَچِريِ,Vegetables sliced and dried.
vegetables,ڪۇنجِڙو,"Name of a caste who sell vegetables. or Subservient to; a servant, dependent, under influence of, a scullion."
vegetables,کُنڌيِ,"An instalment in paying money, etc. A heap of fruit or vegetables."
vegetables,لائي لائي کائڻ,"To eat scantily of the meat, vegetables, or whatever is taken as a condiment with one's bread."
vegetables,واڙيِ,"A field of vegetables. The barley plants sown in a dwelling house in honour of Bhawani at the time of Naurat Offspring, descendants."
vegetables,وِهَراجُ,"Transplanting or replanting young rice plants, vegetables, &c.; the plants so replanted."
appears,تَرْڪُ,"Abandoning, renunciation. Cleavage-a quality in diamonds etc. of splitting in certain directions. The contracted pupil of a cat's eye as it appears in the day. Breaking off in the middle."
appears,ڏِسَڻَ جوٽۇهُ,A person who appears well but is really shallow.
appears,چنڊرات,The night when the new moon first appears.
planted,روٿَ,A fat round thing; a number of seeds or young plants planted together.
ceremonies,اَهَنَرُ,A bridegroom's man performing certain ceremonies.
ceremonies,تَڪْبيِرَڪَرَڻُ وَهائِڻُ وجَهڻُ,To slaughter an animal with the Mah. ceremonies.
ceremonies,پَتِرَڪَْرمُ,Funeral ceremonies.
ceremonies,پﯘڄاپاٺُ,Religious ceremonies or rites.
ceremonies,ڌامَڙو,An earthenware vessel filled with milk and water used in performing certain funeral ceremonies. ( Hind
ceremonies,ڌَرْمُ,"Justice, piety, virtue; obligation, duty; religion, faith; conscience, honesty; religious observances, caste ceremonies; caste. A peculiar quality or property. Charity, alms."
ceremonies,ڏَهاڪو,About ten. The number ten. The 10th day after a death; the ceremonies performed on that day.
ceremonies,ڏيهُ,"Name of the figure ten; the ten in cards. Ten days kept as a fast, &c. The tenth day after a death; the funeral ceremonies then performed."
ceremonies,سَنکُہ,A conch which Hindus sound at certain ceremonies. Ten billions. Miserly.
ceremonies,عَقِيقو,The first tonsure of a Mah infant; the ceremonies attending this tonsure.
ceremonies,ڪَرْمُ,"An act, work; religious observances, any act of piety, as sacrifices, marriage ceremonies, funeral obsequies, esp. on the 10th day after a person's death ( Hind ). ( gram ) The object. Fate, destiny. The forehead."
ceremonies,ڪرم ڪانڊ,The whole body of Hind religious ceremonies
ceremonies,کيڪارڻ,"To ask after, etc.; to perform the usual ceremonies of salutation, etc., to greet."
ceremonies,لاڻَ,"Calumny, slander. A string tied round the ankle at certain religious ceremonies."
ceremonies,ميرمجلس,The master of ceremonies; a president or chairman.
ceremonies,واسُ,Perfume of kinds burnt at certain ceremonies; incense.
ceremonies,وَنَهُ,A few days before a wedding when the bride and bridegroom are not to go out of their own homes; or the ceremonies then performed.
discovering,ويڃاڻُ,A charm for discovering a thief; interpretation of a dream.
colours,جِهرْمِرِ,"Beauty from variegation of colours, or diversity of decorations; the effulgence of stars, many lights, etc."
colours,چِٽَڻُ,"To paint in divers colours, speckle, variegate."
colours,چِٽِسالي,Painted in various colours.
colours,روهيِ,"A desert region. ( ). A hone; grind-stone, whetstone; a stone for grinding colours, etc.; a mortar for pounding drugs. The purification ceremony seven days after a child's birth (Hind.)."
colours,کهنباٽيِ,A dyer of plain colours.
colours,مَتاهُ,A bird with a long tail and variegated colours.
earns,کاٽائۇ,"That which brings gain or profit, one who earns. Success."
earns,کٽڻهار,One who earns.
earns,کٽئيِ وارو,(One) who earns or is in employment.
stating,فَوْتيِ نامو,A document stating the death of the incumbent and the name of the heir. Page xxii Page xxiii
cum,لۇطِ,"n. Meœcum argemone —a thistle, used medicinally."
settings,جَڙاءُ,"Jewels, &c., studded in ornaments; settings."
settings,جَڙِتِ,Settings in ornaments. جَڙَڻيِ،جَڙْتِ،جَڙَتِ
deemed,ڏِساسۇلُ,The direction in which it is deemed unlucky to travel on particular days.
wed,پَرْڻَڻُ,"To marry, wed, take in marriage."
producing,بَهابرڪت,An inherent blessing producing success.
producing,جهِيلَ,A drum producing treble notes.
producing,ڇٻراٺو,Producing much
producing,ڊاڀئنون,Of ڊاڀو. ڊڀ The grass (collectively). Producing much
producing,سارِيالُ,"Of rice or paddy, producing rice."
producing,کَوْنرُ,n. Gum Arabic ; also the name of one of the trees producing it— acacia rupestris A sweetmeat made of gum.
producing,هاڙُ,"Wonderfully skilled or knowing, producing astonishment. Summer, the hot weather."
reap,لاهُ,"To strip off, cause to descend, lower, to degrade; to put down(a boy in a lower class); pull off (as clothes), take down or off, to take (pots)off(a potter's wheel); to cut or shave (hair); to reap down (a field); disembark; to cut off (one's head); to lay (an egg); to adjust, settle or close (an account); to take out, efface; to pay off, liquidate (a debt); to repay (an obligation); to abolish; finish(a work).To deduct, subtract (in accounts); to cure (a disease), to turn out (of caste); to quench (thirst), to calm, appease."
reap,لُڻُ,"To reap, cut or gather (crops)."
quarters,ٻِيگهيِ,"Gains coming in from two quarters, a capital opportunity."
quarters,ٽَپاليِ پَنو,Valuing or costing three quarters of a rupee.
quarters,ٽِپاٹِيَڪُ,Three quarters per cent; valuing or costing three quarters of a rupee.
quarters,ٽِپَڻُ,The weight of three quarters of a seer. A tripod. Three-footed.
quarters,پَنئﯘڻِ,The being one quarter less; the three quarters.
quarters,پَؤڻو,) The being one quarter less; the three quarters.
quarters,شاکَتَ,A strap of horse's furniture passing round the hind quarters merely for ornament.
quarters,لٿو,"To throw (a playing card). To go or get down, dismount, alight. To descend, come down, disembark; set (as the sun); to be taken down or off; to be settled, adjusted (an account); to take up quarters, to stop at. To be turned out (of caste). To be cured (a disease). To subside (a flood of water), abate, fall. To be reduced (said of a sick man)."
quarters,مُنِڙيِ,Three quarters (of a gazu
flooded,بوسيِ,"or Land so flooded, or the crop so raised."
flooded,زيرآب,"Under water, flooded."
flooded,سيلاپو,"An inundation, flooding. The wetness or humidity in land after being flooded."
flooded,موڪَ,"A flood of water over a field not raised artificially, flow, small surface channel; the ground so flooded. By irrigation."
sar,قَيْصَرُ,Cæsar; an emperor.
sept,اَسۇ,The seventh Hindu month—(Sept — Oct.)
sept,بَڊو,The sixth Hindu month—(Aug.—Sept.)
perceived,ڀاسڻُ,To seem; be perceived.
perceived,مَحْسۇسُ,"Perceptible, perceived, felt."
laws,سِمِرْتيِ,"Memory; a body of laws, as those compiled by Manu."
laws,شَرِيعَتَ,"The laws of Mahomed ; law, justice, equity."
solving,دل ڪشا,"Heart-expanding); solving, (as"
oneself,بي اَخِتِيارِ,Helpless In spite of oneself; involuntarily.
oneself,ٻۇثوٻارڻ,"To be active, do something creditable, or by oneself."
oneself,ٽِڻْمِڻِ,"Bragging, conceit, giving oneself airs."
oneself,پاڻُ پَچائِڻُ,To bring oneself under.
oneself,ڦاسيِ کائِڻُ,To hang oneself.
oneself,جاواڪرڻ,"To fatten oneself, have a good time of it."
oneself,چميِ ڎَيڻ,"To kiss (another); to let another kiss oneself, give a kiss."
oneself,ڍَءُ جَهَلَڻُ,To contain oneself. ڍئڻ ، ڍئجڻ See under
oneself,ساڻُ,"With, along with, by means of by, including, to. With oneself."
oneself,شغل ڪرڻ,To employ oneself; to enjoy oneself.
oneself,ٻنڌڻ,"To gird the loins, exert oneself."
oneself,گرگ شڪار,"Stalking, a method of hunting by concealing oneself behind a camel, &c., and so approaching the animal to be shot."
oneself,لڱہ موڙڻ,To stretch oneself.
oneself,مزاڪرڻ,To enjoy. oneself.
oneself,مشق پچائڻ,"To exercise oneself in writing, to write from a copy (as boys do)."
oneself,مَڪالُ,"A metallic vessel for fire to warm oneself at, a chafing dish, a stove."
oneself,ملهاليِ,"To shew oneself brave, active, &c., distinguish (oneself)."
oneself,نئازمند,An obedient servant (a humble manner of subscribing oneself). ( abs. n
oneself,وات وڪيل هئڻ,"To be able to speak for oneself, be of age, or a major."
oneself,هلڪوٿيڻ,To become or feel light; to be abated; to ease oneself.
jars,گَهَپِيهَ,"Squabbling, altercation, wrangling, family jars; the foolish importunities of a child."
jars,ٻَهِرۇ,"Two jars, one jar over the other."
lives,ٽڪِريلُ,"One who lives on another, a hanger-on; ( colloq ) (your) humble servant."
lives,چۇتِيو,One who lives on the earnings of his faithless wife; a blockhead.
lives,حرامخور,One who lives on the wages of iniquity.
lives,ڏوٿيِ,"One who lives on a seller of such grains; an inhabitant of the wilds. Zealous, earnest in business."
lives,گُرُدُئارو,"The place where a guru lives, keeps his books, &c"
steal,چورائِڻُ,To steal.
steal,ڪَنِ پَوَڻُ,"To be heard, steal upon the ear."
steal,کِسْڪائِڻُ,"To push towards one, slip into one's hand; to steal. Gliding away, flight."
steal,هرڻ,"To take, to seize; steal."
uses,سراڻو,One who uses one.
uses,گاروڙيِ,One who performs incantations over a snake bite; &c. One who uses much intoxicating drugs or liquors.
uses,وِڙْواندُ,Who uses bad language; abusive.
uses,وَقْفُ,"A religious or charitable endowment, a legacy for pious uses."
sliding,ليَٽڻِ,Sloping ground or an inclined plane for sliding down on. A piece of a distaff.
obstacles,کَلَ,"To open, be opened; be unravelled, be untied or unfastened; to be let loose; to be removed (obstacles); to be cut or opened (a passage, line, etc.); to be disclosed, get wind; be exposed or betrayed; to be clear; to mellow (as sound); to brighten, shine; to look well, become; to begin, commence; to be set up."
rents,مسواڙي,One who rents a house.
traditions,حَدِيثَ,Tradition; the traditions of Mahomed.
traditions,سُنيِ,"A follower of the traditions, equally revering the four successors of Mahomed."
sticks,ٻانهَن,"The arm; a sleeve. A person, individual; a wife, match. One of the sticks connected with a water-wheel."
sticks,ٻائِڙُ,The under sticks of a water-wheel.
sticks,ٻَگهيِ,"A kind of fly that sticks on dogs, horses, etc., a horse-fly."
sticks,ٿاڦو,The cross sticks in the wheel of a water-wheel.
sticks,ٿُٻيِ,"A small bundle of grass, a wisp; a bundle of reed pens, of tooth sticks, etc."
sticks,پَلْٿو,Fencing; playing at single sticks.
sticks,پَوْنسارُ,Treadle threads and sticks.
sticks,ڦَرَهي,A small board; a board used by boys as a slate. The cross sticks in the wheel of a water-wheel. The leguminous plants.
sticks,چيِنجهَہ,"Fine writing and with thin strokes; thin straws or sticks, &c.; small fine pearls, grains, etc. A collective body of any articles thin and fine is so called."
sticks,ڇيڄَ,The beating of time with two sticks for dancers at Hindu marriages etc. Inundation.
sticks,دنداگيريِ حلوو,A kind of hulva that sticks in the teeth.
sticks,ڏاندِريِ,A seller of tooth sticks
sticks,ڍيرو,"A clew or ball of thread. Two cross sticks riveted in the centre for spinning wool, etc."
sticks,سُٿِرو,"Easy, facile. A shameless faqir who goes about knocking two sticks together and begging."
sticks,سَرْدَرُ,"The cross sticks over a door to support the wall, door head."
sticks,قِنارو,A triangle; the three sticks for hanging meat; shambles.
sticks,گُٻِتُ,A sweatmeat made in long sticks.
sticks,لاهِڻُ,One of the cross sticks of the hatho which pass one above and one below the web in a loom. One third of a rupee. See
sticks,لَگارَ,"The sticking or being applied or fixed. That which sticks or adheres; attachment, or thing attached. See"
sticks,لڳڻيِ پيڙيِ,( lit a boat that sticks; ( fig ) a slow-coach.
sticks,مَدَنُ,The sticks supporting a
sticks,مِيانڊيِ,( weaving ) The sticks connecting the two bars of a lathe.
sticks,نائُڪَ,An instrument for rounding sticks or arrows with. An arrow. A species of boat.
upto,ٽِپِيڙهِيو,"From, or upto three generations."
upto,پﯘرو,"Full; precise; exact, appropriate; whole, unbroken (a number); entire complete, perfect: fulfilled, completed; upto (all things as"
upto,رکت,Interval upto some future date assigned. Credit; delay granted for a payment.
upto,سۇڌو,"or With, along with, accompanied by; until, upto, till, included, inclusive of."
upto,مُنهان مُنهِن,Upto the brim.
cups,پيِتَلُ,"Drunk, in cups."
cups,نسي۾,) To be in one's cups.
presented,پَٽوڪِڙو,A buck-board. A dress worked with silk presented by a
curtains,ڇَپَرَکَٽَ,A large kind of bedstead with curtains.
grapes,پَٽَپيرﯘن,"Foxes' grapes, nightshade."
grapes,جهنگ جيِ ڊاکہ,(Wild grapes) Physalisminima
grapes,قِشِمِشِ,"Raisins, or a kind of small dried grapes without stones."
grapes,قُوتي,A little wooden box in which grapes are exported from Afghanistan.
grapes,ڪانئِلَپيرۇن,Fox's grapes— solanum incertum
las,ڪَلاچُ,"A well-known whirlpool in the Arabian Sea about 60 koss up Karachi, on the borders of Las Belo."
raises,اَڙيِگوڙُ,One who raises hitches.
raises,آنگاسيِ,One who raises an (
raises,ڏاهُ,"An informer, one who raises a hue and cry, or gives intelligence of the approach of robbers."
raises,کيٽائيِ,"One whe raises false or frivolous charges or complaints, a lying importuner. Naughty."
moses,تَۇريتِ,"The Pentateuch, the law of Moses."
moses,قالِبُ,Crœsus who flourished in 400 B.C.; also supposed to be Korah the cousin of Moses by Mahomedans. Proverbially applied to all misers.
moses,مۇسيٰ,The Prophet Moses.
killed,ڪُشْتَهَ,"Killed) Calcined metal, calx."
enemies,پُرْجهَہ,"To reconcile (enemies, etc.); quiet (a cross child); lull, pacify. To make happy, to comfort."
melissa,بادِرَنْجِبۇيہَ,Bee balm ( melissa officinalis
georgian,گَرْجيِ,A Georgian.
jonas,يۇنَسُ,Jonas the prophet. Page i ADDENDA.
flows,ڪَوْثَرُ,The name of a well in paradise from which flows a river of nectar.
screaming,رنڀ,"Lowing, screaming, etc."
jokes,چَرْچائيِ,"or One who jokes; jesting, jocular, facetious."
jokes,نَٽُ,"Name of a tribe who are jugglers, rope-drawers, &c.; a mimic. A cheat, knave, rogue. Jokes, wiles, knavery cheating. Name of a musical mode."
annoying,چِمْتڪَارُ,Brightness; astonishment; an annoying thing.
annoying,ڇيڙَ,"Annoying, etc., instigation; a number of persons following and provoking another."
annoying,ڏکڻهاريِ,Name of a small winged insect whose bite is annoying.
annoying,کِيدِرو,"Troublesome, annoying."
laughing,ڏندڪڍڻ,"To show the teeth in laughing, &c.; to grin."
laughing,کِلَ,"Laughing, a laugh, derision."
laughing,کُلارو,"or Laughable, ludicrous, laughing, merry, laughably."
laughing,کل کاٻاريِ کلاسريِ,"Laughing, ridicule, joke."
laughing,کلڻائيِ,"Laughing and playing; merriment, risibility."
laughing,کلڻو,"Laughing, merry, jocular."
laughing,پاڻئيِ جو للوهنج,The white-fronted or laughing goose.
methods,ڪِرْيا,A religious rite or ceremony; ablution and other methods of cleansing from defilement; obsequies. ( gram ) A verb.
sting,پَڇاڙَ,A slight blow or knock; a sting.
sting,ڏَنگُہ,"The bite of a venomous reptile, the sting of an insect, the bite of a leech. A feed (for a cow, etc.), a dose, a meal. Scarification or drawing blood by incisions."
sting,ڏنگڻ,To bite; to sting. To scarify.
sting,ڏگڻيِ,"A bite, sting. A prick (for pricking metals with). Name of a stinging insect. Setaria verticillata —a grass."
sting,کاءُ,"). To eat. To bite, sting. To erode, wash away (as the river does the bank); to wear or consume (by attrition).To receive (blows, etc.); endure, bear up (as abuse). To destroy. To cost. To take bribes. Food, a meal."
sting,هَنيون,") To strike, throw, cast; pitch (a tent); hit, shoot; throw (blame on). To fix, drive (a nail); lag, place, put. To cast (a reproach); thrust (a sting)."
proportions,مودَڪَ,"A kind of sweetmeat of certain proportions of flour, ghee , and sugar eaten on certain Mondays, in honor of Shiva by Hindu women."
collected,اوڳاهيِ,"The collecting (money); money collected,"
collected,اُڳڙڻ,To be collected.
collected,ٻارِ,One of the heaps of grain as collected at harvest. A spot in the river where the water is deep and rushes round. ( poet ) Gulf; sea.
collected,ٽُڪِڙو,A crowd of faqirs collected for an entertainment.
collected,ٺَٽُ,Several things or persons collected together; a crowd.
collected,جَمَعَ,"The credit side of an account; total, aggregate, monies collected; capital. Collected in a body. ( gram ) Plural (number)."
collected,حوصِلو,"The being collected, presence of mind; understanding, intellect, sense, wit."
collected,ڏَلهو,An open wicker basket; a body or company of people collected.
collected,ڪَٺو,"Together, collected."
collected,ڳَهَٽُ,"Crowded together, collected in a crowd. A throng, crowd."
collected,مُراديِ,"A sum of money, ready money. The amount collected each day in a shop till, balance"
collected,مِڙَڻُ,"To meet, to be collected, assembled, gathered together; to thicken (in cooking). To be well dissolved in water ( dal , &c., in cooking). To crowd, throng. To give milk (a cow, &c.) To close (as a wound)."
collected,ميڙِ,"A deputation or body of men visiting any one, &c., to prefer a request, obtain pardon for any one, &c. A subscription feast, or the money collected for it."
collected,ميلو,A concourse collected at a place of pilgrimage or for commercial purposes; a fair. Meeting.
collected,هيڪاندو,"or Congregated, united, collected in one place at once, in a lump, all together."
collected,سَنچِتِ,Collected. A code.
believed,پَتِجَڻُ,To be believed. پَتِوَنتُ،پَتِ وارو
suspend,ٽَنگَڻُ,"To hang up, suspend."
suspend,ٽيڙَڻُ,"To hang, suspend. To cause to open or blow (flowers); to stretch out or extend (one's legs, nostrils, etc.)"
suspend,لٽْڪائِڻُ,"To hang, suspend."
gained,سِڌو,"To be acquired, gained, obtained. To become softened in cooking, be seethed; to be pained (as in suffering); to be knocked up. To seethe."
gained,نِيابُ,"Not gained, not attainable. نِياتيِرو ، نِياتِ See"
gained,وَٽِڻو,"Obtainable, to be gained. A stick or spindle on which thread is twisted. The stick upon which Brahmins prepare their sacred cords."
gained,ورڻو,"A thing to be obtained or gained, good, benefit."
arrive,پُڄِتو,"). To be finished, completed; to suffice. To arrive, reach. To equal, match, cope with."
arrive,پُڄائِڻُ,"To complete, etc; to make up to an amount required; to liquidate; to supply, to cause to arrive. To match with. پُڄِٹاتي،پُڄَنديِ"
arrive,پَهُچائِڻُ,To cause to arrive; to supply
arrive,پَهُتو,") To arrive, reach extend."
arrive,ڍُڪائِڻُ,To cause to arrive.
arrive,رَسائِڻ,"To cause to arrive. To accomplish, perform, transact."
arrive,رَسائِڻُ,"). To arrive, reach."
arrive,رونق اَفروزٿئڻ,"To grace by one's presence, to arrive at a place."
arrive,ساماڻو,") To arrive at the years of discretion, to grow up."
arrive,سَهَڙَڻُ,"To arrive. (The past. conj. part past of the verbs to ""come,"" ""go,"" &c., are required before this as"
arrive,لانگهائۇ,"What enables one to pass over or arrive at, passable. Middling, mediocre. Passenger, a passer-by."
arrive,وارَدُٿئَڻُ,To arrive.
lea,ريلَ,"A rush of water-flood. Green grassy land, sward, lea."
lea,نَهْوَرُ,"Fresh land, virgin soil, lea ground."
females,تپدار,the settlement of a chieftain. Women's apartments. a zenana; the females of a family. A granary. ( Up. S
females,سَتُرُ,"Veiling, concealment, or shutting up of females; private parts."
females,ڪَجائو,"A camel's pannier, a camel's litter in which females travel; also donkeys' dossers for carrying mud."
females,گهَرُ,"A house, abode, family, household. The females of one's family. A sect, religious order. A case for holding any thing. A partition, compartment. A socket. A sign of the zodiac."
fighter,ويڙهۇ,"or One fond of fighting, a fighter, quarrelsome; a brave man, warlike."
roasted,پَڪو,") To be baked or roasted; to ripen; to suppurate, come to a head (a sore); fester. To digest. To burn in the heart, be envious. To be embezzled. پَچاءُ،پَچُ"
roasted,ڪَبابُ,"Roasted meat, roast."
regions,پاتارُ,"Lower, or infernal regions, hell, nadir. The bottom of the sea, etc, the inside bottom of a box, etc."
regions,پِريتُ,The unclean spirit of a deceased person supposed to be doomed for one year to traverse the infernal regions.
regions,دوزخيِ,"Hell, the infernal regions."
regions,شيشُ نانگُ,"The serpent Shesha , king of the lower regions."
meals,ڇاندوڪرڻ,To take one's meals.
disclosed,اُگهِڙڻ,"To be disclosed, etc."
disclosed,ڍڪيِ,"Concealment, the not being disclosed."
disclosed,کَلَ,"To open, be opened; be unravelled, be untied or unfastened; to be let loose; to be removed (obstacles); to be cut or opened (a passage, line, etc.); to be disclosed, get wind; be exposed or betrayed; to be clear; to mellow (as sound); to brighten, shine; to look well, become; to begin, commence; to be set up."
rita,کَڳو,u. Rita buchanani —popularly called Catfish.
sp,ڀَتَرَ,"n. Mycrorhynchus rudicaulis (a plant), or launea sp"
sp,ڦاڙَ,n. Blumea sp (A low bush).
sp,سُکَمَڙْدُ,n. Amaranthus sp —a medicinal plant.
visiting,بيمارپُرسيِ,Visiting the sick.
visiting,پَرَٻَهَرو,"or Passing outside, coming or going direct to or from any place without visiting, or stopping anywhere."
visiting,جُهاريِ,The visiting etc.
visiting,زيارَتَ,"A pilgrimage, visiting."
visiting,سُڻاڻي,"Notoriety, ill fame, dishonour. The ceremony of visiting and condoling with one who has heard of the death of a relation in another place."
visiting,ميڙِ,"A deputation or body of men visiting any one, &c., to prefer a request, obtain pardon for any one, &c. A subscription feast, or the money collected for it."
visiting,واهِپو,"Familiar correspondence, or intercourse, visiting terms."
lips,ٻُچِڪارَ,"The sound caused by drawing in the air between closed lips, as done in playing with infants, calling or stopping cattle, etc."
lips,تَپَ ڦِلۇڻو,"Herpes—an eruption on lips, etc. after fever."
lips,پوپَٽي هَڻَڻُ,To emit a certain sound from the lips in performing a dance.
lips,چَپُ,). Having big lips; a camel.
lips,چُرْپُرِ,"Disquiet, restlessness, commotion. Movement of the lips."
lips,چپ ڊۇلاڪرڻ,To pout the lips.
lips,زبان مان نڪرڻ,To escape one's lips.
lips,مِچْڪائِڻُ,To move the lips (as in eating).
lips,مِرْڪائِڻُ,"To move the lips stealthily in eating without wishing to be seen, to munch, mumble."
lips,مَساڪُ,Walnut bark chewed by women to give their lips a bright red colour.
troubled,اَرمانجـﮡ,To be anxious; disquieted or troubled.
troubled,اَوْکو,"Difficult, hard; pained, troubled."
troubled,پِريشانُ,"Disturbed, perplexed, troubled, wretched. abs. n"
troubled,دِقُ,"Troubled, annoyed. The fulness and pain from surfeit and indigestion."
troubled,گَهٻِراَئِجَڻُ,"To be confounded, agitated, troubled."
troubled,وِياڪُلُ,"Confounded, troubled."
ears,آﭜوُن,Sweet unripe ears of corn.
ears,ٻہَ گهَرَٻارڻ,To set (two persons) by the ears.
ears,ٻُثَ ٻَڌَڻُ,"To tie a cloth round the head and ears to keep off cold, etc."
ears,ٻُثجَڻُ,To be stuffed (as the nose in a cold); to be closed and silent (the mouth); to be choked up (as the ears).
ears,ٻچتائيِ,To make bare (ears of corn as birds do).
ears,ٻُسو,"Crop-eared, having small ears, a shaven or half-shaven head, or a short dress. Destitute of ornament; unornamented."
ears,ڀَچَرُ,A species of dog with long hair and ears.
ears,ٽوپَڻُ,"To bore (ears, etc.); to lance (a sore)."
ears,چانئَُٺي,The dressing the hair by bringing it in a circle over the forehead and drawing the ends back behind the ears; the hair of one side so dressed.
ears,ڏَٻو,Lop (ears or horns). Piebald.
ears,ڏوڌو,The juicy soft state of a grain crop when the ears first spring out full.
ears,ڪَرو,A goat with small ears.
ears,ڪَنَ ڦاڙُ چيِڙُ,A kind of Hindu faqirs with bored ears.
ears,ڪَنِرُ,or Having ears; an eavesdropper.
ears,ڪَنَ سوپاريِ,"A kind of scolopendra which is said to get into the brain through the ears, and cause great pain."
ears,ڪَنَ کائِڻُ,To din in one's ears; to bother.
ears,ڪنوٽِيو,A kind of faqir having his ears bored.
ears,کِيرو,"Green bajri, juari , etc., given to animals for forage; unripe ears of grain. The young of any animal at the time of cutting its first teeth. A male palla fish."
ears,گوشِماليِ,Pulling the ears; chastisement; reproof.
ears,لَٽْڪَڻُ,"A stone, &c., tied to a cord and thrown up to drag down a kite by boys in play. Drops in the ears; any thing pendant; a pendulum. A wooden stand for a"
ears,مُٺِيو,"A kind of sweatmeat made up in the palm of the hand. A lump of cowdung, &c. The handle of a plough; a tiller (of a rudder. A handful (of ears of corn). Pastern (of a horse)."
ears,مَسُ,"Wetting the forehead, ears and neck, being a part of"
ears,وَلِ,"A heap of the reaped ears of grain. A parasitical plant, a creeper. Help. وِلاتيِ ، وِلاتُ See ولائِتيِ ، ولائِتُ"
ears,(ڪَنَ),To erect (ears); to be angry.
bothered,اولجڻ,"To be wearied, bothered. To be caught in a storm"
bothered,ڪَڪِ,"Wearied, bothered, vexed, harassed, worried. Syllable-table. A rash or kind of eruption on the skin."
bothered,هَلاڪُ,"Bothered, annoyed, wearied, trouble, vexed."
headed,ٺومِو,A shaven headed mulah
headed,ڪج فهم,Wrong. headed.
purposes,ڌرمسال,"A place built for charitable purposes, as for travellers to put in, &c. The place where a Nanik Shah Fakir resides."
purposes,عمارتيِ,Fit for building purposes.
purposes,ڪُنڊُ,A hole in the ground for sacred purposes ( Hind ).
purposes,مَحَلَ,"A fine house, mansion, palace; a harem. A sub-division of a taluka separated for administrative purposes."
purposes,ميلو,A concourse collected at a place of pilgrimage or for commercial purposes; a fair. Meeting.
purposes,ويَٽرُ,"Water for culinary purposes, etc."
obj,ذهن نشين ڪرڻ,"To impress upon the mind. obj case of Owner). (In comp ) Possessed of, endowed with, (as"
exactly,بَرابَرِ,"or Even, level, plain, abreast, in a row; equal, alike; exact, right, correct; complete; straight; entirely, continually, unintermitting, regularly, exactly."
exactly,تَزِ,"Just at the mark, exactly."
exactly,ڌڻڪو,"Having an owner. Straight, exactly, in the spot."
exactly,ساڳي,"Exactly, the very same."
exactly,سُڌِپُڌِ,"As if, in appearance, exactly."
exactly,نِکَنڊآڌيِ راتِ,Exactly midnight.
exactly,هۇبَہ هۇ,"Exactly, precisely."
exactly,هيِن,"Emphatic affix , or Very, exactly."
exactly,يَٿارَٿِ,Exactly.
thousands,ٻِروتَرِ,"And two, or with two (prefixed to hundreds, thousands, etc., as"
thousands,ٽِروتَرِ,"And three or with three (prefixed to hundreds, thousands, etc. to express one hundred and three, etc.)."
thousands,ٽِڙو,"With three, or and three (prefixed to hundreds, thousands, etc. to form one hundred and three, etc.)."
thousands,چُڙو,"And four or with four (prefixed to hundreds, thousands, &c., to express one hundred and four, &c.)"
thousands,ڇَهوتَر,"And 6 or with 6 (prefixed to hundreds, thousands, &c., to express 106, &c.)"
thousands,لڪہ لۇٽ,"One who spends or bestows thousands, munificent; extravagant, prodigal."
thousands,هزارون,"Thousands of, or by thousands."
thousands,هزاريِ,Possessing thousands. A commander of a thousand men.
giving,اِمْدادُ,"A gift, giving."
giving,خصيِ,"). Giving eggs (hen, etc.)"
giving,ٻِِلَهہ,Giving milk from two teats (a cow) etc.
giving,ڀَڙْڪيِ,"Splendour, flash, ardour. Giving a rebuff."
giving,ٿيتِ,Fixed custom Regular giving or receiving a certain quantity.
giving,ٽِلَهہ,"Giving milk from three teats only (a cow, etc.)."
giving,ٽِڻْمِڻِ,"Bragging, conceit, giving oneself airs."
giving,جۇڻيِ,Obtaining and giving information as regards criminals.
giving,چَٺِ,Any vessel used in giving unclean animals food or drink.
giving,خَيْرُ,"Happiness, health. Giving alms."
giving,دۇنهارو,"Smoky, giving forth smoke."
giving,ڏاهَ,"The giving intelligence, informing."
giving,ڏورِڻيڇوڙَ,The loosing the pins of a yoke; the giving up work.
giving,ڏئڻ وٺڻ,Giving and taking debts and credits.
giving,ڏئڻيِ,Giving.
giving,ڏيتيِ,Giving.
giving,ڏي وٺ,Giving and taking.
giving,ڍِلو,"Sterile, barren, poor (soil) ; giving little milk (a cow, &c.)."
giving,سارو,"Entire, whole, all. An affix to adjectives giving them intensity as"
giving,سَٽو,"Exchanging, the giving or taking in exchange. A leaf or shoot of a palm tree. See"
giving,سَڳُہ,"A trace, clue; mainor, or one of several stolen articles found, so giving a clue to the rest."
giving,سوکو,"Easy, simple. At ease, happy, comfortable, giving comfort or ease; fat (a kid, etc)."
giving,سَوْنپَ,"Entrusting, giving in charge."
giving,طَلاقَ,"Abandoning or giving up any thing. Divorce, repudiation."
giving,ڪانگهاريِ,"(A cow, &c.), which is getting dry and giving but little milk."
giving,ڪڃادان,Giving the bride in marriage.
giving,کَڙيِ,"Chalk, white clay; a species o steatites with which children learn to write and which is used in giving polish to stucco."
giving,کيريتو,"Milch, giving milk."
giving,لائيِ,"The wages for reaping, or the giving out such. Exciting a quarrel."
giving,ليتيِ ڏيتيِ,"Giving and taking, traffic, dealings."
giving,خادِمُ,"A servant.) One who cultivates land, paying the expenses of canal work, seed, &c., and giving a share of the produce to the peasant for his labour; a farmer. A minister (of religion)."
giving,منترڏيڻ,To make a disciple by giving a mantir
giving,مورِجَڻُ,") The giving forth fresh leaves (a tree); the fresh springing up of a tree or plant after being cut down. Plants of tamarisk, &c., sprung up in a body on a plain. A fresh water fish."
giving,نَقْديِ,"For cash, by giving cash."
giving,نمبرشماريِ,Inspection of such numbers; a statement giving particulars of land according to survey numbers.
notices,چِٺي,"A letter, note chit. Fate. A copy of a bill of exchange given with certain notices of advice on the original being lost."
published,شايَعَ,"Divulged, issued, published."
published,هُلُ,") To be promulgated, be published, or noised abroad."
follows,جيِ,"prep. fem of Of, (used when qualifying a fem noun in the nom. sing ). inter Sir, madam, a title of respect. The inflection of the noun it follows is sometimes affixed to it, as"
follows,ذَيْلِ,"What follows, the undermentioned."
follows,سَجُهہ,"med ) Lochia, the discharge from the womb and vagina which follows child-birth."
follows,ڪانيِ,"The top of the reed sara from the last knot upwards used for making baskets, &c.; a reed pen. The power to curse; a curse from which calamity follows. A thin round rod of silver or pewter with which antimony is applied to the eyes. The stalk or a straw of wheat, rice, &c. A procupine's quill."
follows,مهيسيِ,A kind of devotee who follows Shiva
posts,رانئُٽيِ,"A house of wicker-work, etc. raised upon posts and inhabited during the inundation season; a small tent."
posts,پارڇ,A transverse stick laid along the ground on which posts are supported.
posts,مَنجيِ,"A kind of low chair, a buffet, stool, footstool. A pedestal. The projecting bottom of any vessel, &c., on which it stands or is supported; the frame or stool for a spinning wheel. A transverse stick laid along the ground on which posts are supported. A name for the Sikh Scripture."
posts,مُنو,"A quarter less, either of one or of the aggregate number that may follow. The upright posts in front and rear of a spinning-wheel. Blunt."
lowered,گِهرَڻُ,"To be lowered (as a sail); to slip, or slide down. گهَريتو ، گهَريتِڙيِ ، گهَرَوارو ، گهَرۇ گَهرِيڪُ ، گهَريچو See under"
teachers,جَيْنُ,A sect of Hindus worshipping 24 teachers.
successful,اَگهامڻ,"To be sold, disposed of (in marriage); to be successful, come to profit, succeed."
successful,پاسِ,"A pass (for travelling, free admittance, etc.), passport. Successful in examination."
successful,ڦَلَڻُ,"To give fruit, fructify, bloom, be prosperous or successful; to be with young."
successful,سَڪاجُ,"Successful, complete, accomplished. One whose actions are good."
successful,سَمُرادو,Successful. Amiable.
successful,ڪرتارٿ,Successful.
crisp,پاپَڙُ,"A thin crisp pulse cake, a curry biscuit."
crisp,کاکَرُ,A thin cake baked hard & crisp.
crisp,کڙڪيدار,Crisp.
crisp,کَڙو,"Erect, standing, upright; crisp (as"
gifts,چَڏَ,The necessary gifts made to one's relatives.
sparkling,جهالو,The flashing or sparkling of anything bright.
flavored,جَسَ ڀَريو,Decent. Flavored.
sum,پَنجوٿِ,"A quarter more or additional to any sum. A fifth of one's income given in charity, &c."
sum,جاگِيرَ,"Rent-free grant, an estate, a fief, an alienated land. A sum of ready money dispatched by one banker to another."
sum,جُمْلو,"The total, whole, sum. A sentence."
sum,جوڙُ,"Forming, junction; addition, total, sum. A match, fit, fellow. A crowd or body of faqirs. a Suitable, fit. Well, in good health."
sum,ڏَنُ,"Tribute, a fixed sum paid as a tax; money given to a Fakir; the fixed pay or fee of a Fakir."
sum,فوطو,A sum of ready money; a certain amount of money belonging to any particular account.
sum,ڪَيو,"To do, act, perform; to ply, use, wield (a sword); commit, perpetuate. carry on, transact, discharge (a duty, etc.); to hold (a court); to manage, contrive; complete, finish; solve, work out (a sum, etc.); cook, dress (food); wear, put on (clothes, etc.); engage, take on hire."
sum,ڳَپَلُ,"A lump of any eatable. Much, lump sum."
sum,بَندُ,"). A fixed sum given for Brahmins and fakirs at Hindu marriages. Four in counting. A lump, mass ; tumour. A piece of cut sugar-cane from the joint."
sum,مُٽو,"A contract, an arrangement for the performance of a certain work for a certain sum. Or a fixed rent on land, a lease; a tax levied in a lump sum; a perquisite. A bundle of papers. A kind of sweetmeat."
sum,مُراديِ,"A sum of money, ready money. The amount collected each day in a shop till, balance"
sum,مۇرِڳو,"or Declinable. In the least; at all, even. At par, at prime cost, at the original sum, without profit."
sum,ميزان وٺڻ,"To sum up, foot up."
deposited,لَحَدِ,The hollow in which a corpse is washed; a niche in the side of a sepulchre in which corpses are deposited.
deposited,نَئُن,The earth thrown up or deposited by a river.
ladies,آياِ,A female attendant on children or ladies; an ayah.
ladies,سپاٽو,A pair of slippers generally worn by Hindu ladies.
ladies,صاحِبُ,"A lord, master, a respectful title for Europeans, the ladies of high Mussalman families, or the Sikh Granth &c. A gentleman."
lots,پکُووجَهڻُ,To cast lots.
lots,ڪُڻو,"A method of casting lots for settling the division of property, etc. pro Any, some."
abs,اَلَغَْرضُ,"Thoughtless, indifferent, careless. abs. n"
abs,آلونۇرُ,"Anything worthless, spoiled, etc. abs. n"
abs,اُمراهيِ,"A grandee, noble. abs. n"
abs,ڀورِڙو,"Artless, innocent, simple; silly, abs"
abs,ڀۇرو,"Brownish (hair) or brown, of fair complexion; of a whitish color (a cow, etc.) Having brown, complexion, brown (hair). A white, a European. abs"
abs,تَجَڻُ,"To abandon, give up. abs"
abs,تاڪائۇ,"Covetous, ambitious, eagerly desirous. abs. n"
abs,تِکو,"or Quick, fleet, active; vivid (color), rapid (a stream); sharp (a sword, etc,), keen (appetite) pure (gold); pungent (pepper, etc.); passionate, fiery; intense (heat). A tumbler pigeon. abs. n"
abs,تَلخُ,"Bitter. Strong (liquor), acrid. abs. n تَلْخائيِ، تَلْخاڻِ"
abs,تَنْ پَرْوَرُ,"Self-indulgent, serving the body, selfish. ( abs. n تَنْ تَنَها .تَنْ پَرْوَريِ All alone."
abs,تيزُ,"Sharp, pointed, acute; penetrating, piercing (eye); pungent, hot; fiery, passionate; swift, quick, active, smart (a boy). ( com ) Tight. ( abs. n"
abs,پارﯘٿو,Stale abs. n
abs,پالهو,"Vacant, free, at leisure. abs. n"
abs,پاڻڀَرو,"Independent, self-reliant. ( abs. n"
abs,پاءِ بَندُ,"Bound, restrained, fettered. ( abs. n"
abs,پائِبَنديِ,"Constant, stable, lasting. ( abs. n"
abs,پائِمالُ,"Down trodden, ruined, destroyed. ( abs n"
abs,پَتِرو,"Thin, slim, lean; rarified. abs. n پَتِلاڻ،پُتِرائيِ،پُتِراڻِ"
abs,پَٽِڙاڻِ,"Thin, watery, washy. ( abs. n"
abs,پَخالَ,"Strong, firm, firmly, tight, secure, fast, peremptory. Shrewd, knowing, artful, sly; trustworthy. ( abs. n"
abs,پُرْڌو,"). To understand, comprehend. ( abs. n"
abs,پَرْسَنُ,"Happy, pleased; in health. A species of divinition. ( abs. n"
abs,پِريشانُ,"Disturbed, perplexed, troubled, wretched. abs. n"
abs,پَليِتُ,"Defiled, impure. ( abs. n"
abs,پَوِتِرُ,"Pure, holy, undefiled. abs. n"
abs,پورُ,"A cavity, hollow, vacant space. ( abs. n"
abs,پَوْٹوٿِئَڻُ پَوَڻُ,"To become reduced in circumstances, condition, &c. ( abs. n"
abs,پِئَرو,"Yellow, saffron-coloured, sallow. ( abs. n"
abs,ڦُڙْتُ,"Quick, nimble, active, smart. ( abs. n"
abs,ڦَڙْڪَڻُ,"To tremble, shiver, quake; to flutter, throb. ( abs. n"
abs,ڦِلهو,"Flaccid, puffy; lazy. ( abs. n"
abs,ڦيڦو,"Puffy, bloated, flabby. abs"
abs,جانِبازُ,"Risking life, venturesome. ( abs. n"
abs,جَرِيدو,"or Quick, hasty. Alone, by one's self, unattended. abs"
abs,جَلْدُ,"or Quick, expeditious, prompt' promptly, brisk, briskly, abs"
abs,جُوانُ مَردُ,"Manly, bold, brave, generous. ( abs. n"
abs,جۇکو,Moneyless. abs. n
abs,جَهڪو,"or Faint, lessened (in force, beauty, value, color, etc.); calmed, subsided, quiet; dull (market), gentle, humbled; weak, not potent. abs. n"
abs,جهۇنگارَ,"Old, ancient. abs. n"
abs,وَڏوجهيِنگوجهيِٹو,"or Slight, slightly, gentle, without force, slow (fever, &c.), feeble, abs. n"
abs,چُسْتُ,"or Active, sharp-witted, assiduous, diligent. abs. n"
abs,چُنجهو,"One who has lost the hair of his eyelashes; purblind, short-sighted; confused. abs. n"
abs,چَنچَلُ,"or Restless, fickle, capricious; smart, active. abs. n"
abs,ڇوهو,"A squall, blast, gust. Swift. Fast. abs. n ڇوهيڪار .جهائيِ A storm."
abs,حاضرضامن,Bail security for the appearance of another. abs. n حاضرڪرڻ .حاضرضامنيِ To produce; lay before.
abs,حَليِمُ,"Mild, forbearing, abs. n"
abs,حَيْرانُ,"Confounded, astonished, perplexed, distracted. abs. n"
abs,خاصوکيسو,On intimate terms. abs. n خاصِئَتَ .خاصائيِ
abs,خَبِيثُ,"Impure, wicked. ( abs. n"
abs,خَسْتو,"Vexed, annoyed, abs. n"
abs,خۇدپرست,or Self-indulgent; conceited. abs n خۇد پرستيِ . خۇدپسند Conceited.
abs,خۇمختيار,"Independent, despotic. abs. n خۇدنما .خودمختياريِ Showy. abs. n خۇدمطلب .خۇدنمائيِ Selfish."
abs,دستگير,A patron. abs دستمال .دستگيريِ A handkerchief.
abs,دلگيريِ,"Sorrowful, melancholy. abs. n"
abs,دۇراَنديشُ,"Foreseeing, prudent, sagacious, provident. abs. n دۇربينيِ .دۇراَنديشيِ A telescope, spyglass."
abs,دَوْنسو,"Stout, fat, lusty. abs. n"
abs,ديانتدار,"Faithful, conscientious, honest. abs. n"
abs,ديندار,"Religious, pious, righteous. abs. n"
abs,ديوانو,"Mad, frantic. abs. n"
abs,ڊِڙهِ,"Stable, firm, resolute. abs. n"
abs,راستگۇ,"Truthful. abs. n راستيِ . راستگۇئيِ Veracity, sincerity. Honestly."
abs,رفۇگر,A darner. abs. n
abs,ريِجَهڻُ,"Crooked, mischievous. abs. n"
abs,زبان دراز,"Saucy, impudent; abusive. abs. n زبان درازيِ . زبان ڎيڻ To promise."
abs,زيانخور,"Destructive, injurious. mischievous, hurtful. abs. n"
abs,سادوڦۇل,"plain (spirits, etc.); artless, sincere, frank. abs. n"
abs,سَڀاڳو,"Fortunate, propitious. Of good disposition, amiable. abs. n"
abs,سَسڀَرُ,"Pregnant; well-loaded; filled out, rich. abs. n"
abs,سَڦِرو,"Good, excellent, nice. abs. n"
abs,سُجاکو,"Awake, wakeful, wary. abs. n سُجاڳہ .سُجاکائيِ"
abs,سُجاڳو,"Awake, watchful, wakeful, alert; roused, vigilant. abs. n"
abs,سچو,"True, real, genuine, honest, sincere, faithful, loyal, constant; conscientious; fair, just. ( abs n"
abs,سُچيتُ,"Sensible, attentive; careful, circumspect, alert. abs. n"
abs,سرفرارڪرڻ,"To exalt, honor. abs. n"
abs,سرڪش,"Refractory; mutinous, restive (a horse); revolted, disloyal. abs. n سرگرم .سرڪشيِ Fervent, zealous. ( abs. n"
abs,سرگردان,"Perplexed, distracted. ( abs. n"
abs,سرخرۇٿيڻ,To curry favour. abs. n
abs,سَڳورو,"Propitious, of good omen; blessed. abs. n"
abs,سُگَهڙُ,"Skilful, accomplished; clever, expert; good, virtuous abs. n"
abs,سَنجيِدو,"Grave, considerate; solemn. abs. n"
abs,سنگدل,"Stony-hearted, hard-hearted, cruel. ( abs. n"
abs,سوٽُ,"mas. a Dried up, dry and hard; hard through dryness; taut, stiff; experienced. abs. n"
abs,سۇجهو,Dim-sighted. abs. n
abs,سۇڌو,"Straight, honest, candid, level, upright, nice, fine. abs. n"
abs,شَرِيرُ,"Wicked, rascally, bad. abs. n"
abs,شفاياب,Convalescent. abs. n
abs,غَليِظُ,"Thick; filthy, nasty. abs. n"
abs,ڪَٺَنُ,"Hard, difficult; penurious. abs. n"
abs,ڪَرْڙو,"Hard ( opp to soft); harsh; severe, fierce. abs. n"
abs,ڪم ياب,"Rare, scarce. ( abs. n"
abs,کَرائيِ,abs. n of
abs,کَڙائيِ,abs. n of
abs,کِکو,Stinking (fish). ( abs. n کِکاڻِ ، کِکَہ etc.).
abs,گُرۇ,"A spiritual guide, pastor, teacher. abs"
abs,گَهَرو,"Thick, dense, close, approaching solidity; sound (as sleep), deep (as colour). abs. n"
abs,گيرو,"Insensible, in a state of stupidity from drugs, sleepiness, &c. abs. n"
abs,لاٺو,"Small, little, short.( abs. n"
abs,لانڊارو,"or Dissolute, lewd, immoral, a rake. abs. n"
abs,مَدُّ,"Bad, ill. abs. n"
abs,مَرۇ,"Base, of adulterated metal, alloyed. ( abs. n"
abs,مُلائِيمُ,"Soft, tender; mild. abs.n"
abs,مِنڍِڻو,A silent quiet person but treacherous and ready to injure; cunning like a serpent; slow. abs. n
abs,مُوافِقُ,"Conformable, consonant, according, agreeable to. abs. n"
abs,نابالغ,"A minor, ward. ( abs. n"
abs,ناپاڪ,"Polluted, impure, unclean. ( abs. n"
abs,ناچاڪ,"Sick, indisposed. abs. n"
abs,نادار,"An insolvent, a pauper. ( abs. n"
abs,ناداريِ,"Ignorant, foolish. ( abs. n"
abs,نامڙداٹو,"Cowardly, pusillanimous, etc. ( abs."
abs,نِجَسُ,"or Unclean. Disobedient, wilful; a wretch. abs. n"
abs,نَحَسُ,"Unlucky, inauspicious, bad; one who will not listen to advice, disobedient, untractable. abs. n"
abs,نِدورو,"Wretched, miserable, ill-fated; naughty. abs. n"
abs,نِڌَڙُ,"Bold, daring, fearless, intrepid. abs. n"
abs,نِرْجو,"Shameless, incorrigible. abs. n"
abs,نِرْدَئي,"Hardhearted, cruel. ( abs. n"
abs,نرني,See نْرِوَيْر .نيراڻو One who does not bear enmity or malice. ( abs.
abs,نِرو,"or Pure, unalloyed, mere, only, simple (interest). abs. n"
abs,نِروڳو,abs. n
abs,نِسَتُ,"Feeble, weak. abs. n"
abs,نِڪَمو,"Useless, good for nothing. Unemployed, disengaged. abs. n"
abs,نئازمند,An obedient servant (a humble manner of subscribing oneself). ( abs. n
abs,نيڪ بخت,Fortunate; dutiful. ( abs
abs,وائِڙو,"Stupid, foolish, dull, wonder-struck, stupified, confused (from astonishment, fear, &c.). abs. n"
abs,وِسائيِ,abs. n of
abs,هاريِ,"A ploughman, peasant, cultivator of the soil, husbandman. ( abs. n"
abs,هريوڀريو,Idem. ( abs. n
abs,هڪ جيڎو,"Equal, of the same age. ( abs. n"
abs,هِڪَ چِتو,"Attentive, applying the mind, intent. ( abs. n"
abs,آڪِرو,Rough (sea). abs. n
palms,ٻُڪُ,The full of the palms of both hands closed.
palms,لِمَڻُ,"To stretch and yawn lazily, loll, to roll along asleep when walking. To rub tobacco in the palms of the hands, preparing it for the pipe."
palms,منڊيۇن پائڻ,To interjoin the fingers of the hands and press the palms forward.
stores,جَمَعيِ,One who collects or has charge of Government stores or monies. A body of persons (as fishermen) under charge of any headman.
stores,ڏڪاريِ,or One who stores up grain and so rises prices; a trader who sells dear.
stores,ذَخيِرو,"Provisions, stores, treasure."
stores,ڪِرِياڻيِ,One sent in charge of a merchant's stores to convey them to the consignee; a supercargo.
withdrawn,نَوْدُ,"Felt. Stupid, as is the intellect of one who remembers not what he hears or learns (as a needle stuck in felt and withdrawn leaves no hole)."
lined,سۇسيِ,Lined or striped cloth.
cursed,ڀِِيڻيِ ڀَِِڳَو,Cursed.
cursed,پِٽِڻيِ,Cursed.
cursed,سراپجڻ,To be cursed; be terrified.
cursed,لَعْنتي,Cursed.
cursed,مَلعۇنُ,"Cursed, accursed, execrated."
safely,اڻ سنهون,"See اڻ سوگهائيِ .اسۇنهون Insecurity, the not being safely kept."
safely,بِلائِتو,"or Trustworthy; safe, safely."
safely,بي جوڙائيِ,"or Free from danger or risk; safe, safely, unhurt."
safely,سلامت,"or Safe, safely."
safely,صحيح سالم-سلامت,"or Safe, safely, safe and sound."
aug,بَڊو,The sixth Hindu month—(Aug.—Sept.)
cor,ڏاميجُ ٿِيَلُ,( cor of 'damaged'). Having a stain on one's character.
cor,رَئُنَ,"cor of Round). A round, patrol."
cor,زِڪَ,( cor
cor,سَنتَرُ,cor of Center.
cor,سَنتِريِ,cor of Sentry.
cor,فِرَنٽِ,"cor of Front.) Rebellious, ready to fight."
cor,فِرَنگُ,cor of Frank; Europe.
cor,قائِزو,( cor of
cor,قُلْبانُ,Cor
cor,ڪارِتۇسُ,n. cor of Cartridge.
cor,ڪافُ,n. cor of
cor,ڪڳَرُ,( cor of
cor,ڪانپَ,n. cor of Camp.
cor,ڪانِسُ,Cor of Cornice.
cor,ڪائِجو,Cor of
cor,ڪَٻَٽُ,n. cor of Cupboard.
cor,ڪَپِتانُ,cor of Captain.
cor,ڪِرْسِتانُ,cor of Christian.
cor,ڪَرِنيلُ,cor of Colonel.
cor,ڪَمانيِ,cor of Commander.
cor,ڪَنتِرو,cor of Decanter.
cor,ڪوئِنُ,n. cor of Quinine.
cor,ڪيسُ,A hair. A dye for the hair cor of Case.
cor,کَٿو,cor of
cor,کَڦَڻُ,( cor of
cor,کَرَ,( cor of
cor,کَسَمُ,( cor of
cor,گاسِليٽُ,( cor of Gaslight). Kerosine oil.
cor,گِلاسُ,"( cor of Glass) A glass, cup."
cor,لاٽُ,cor of Lord) The Viceroy.
cor,لَيْن,cor of Line.
cor,ماچيِزَ,n. cor of Match (for lighting fire).
cor,ماروٽِ,( cor of Marble) Marbled paper.
cor,مِسْتِريِ,"( cor of Master). A head artisan, a maistry."
cor,مُسَطَحَ,( cor
cor,ميلُ,cor of Madam.
cor,وَرْتو,cor of Order. A uniform.
cor,ٻالاسُ,cor of Balance.
cor,ڪِٽِليِ,cor of Kettle.
sending,پِريرِڻا,"Causing to do, etc. Act of sending, etc."
infants,ٻُچِڪارَ,"The sound caused by drawing in the air between closed lips, as done in playing with infants, calling or stopping cattle, etc."
infants,پِئَڻُ,"). Rice water, gruel. Pap for infants."
infants,چؤسو,or Of 400 threads; a cotton cloth with 400 threads in the woof. A cotton cloth used for infants' clothes.
infants,چۇپِڻيِ,"A sucking stick for infants, a child's coral. The peg by which a humming top is spun. An ornamental revolving pin of a cradle."
infants,چولو,"A vest or short shift worn by women. A long garment worn by Faqirs, infants, &c."
infants,گهُٽَ,"A purgative consisting of aloes, spices and borax given to new born infants to clear out the meconium."
infants,گهوڙيِ,"A mare. A crutch. A saddle rack or clothes horse, a horse for a cradle, etc.; a kind of fixed cradle for infants. A bridge, piece of ivory for raising he wires of a guitar. An instrument for making vermicelli. A rack for files of paper."
infants,هَنجَ,"A tear (in weeping). Lap, the part above the hip-bone on which infants sit in being carried; the hip, the lap."
esp,ڀيِرَمَہ,"A name of Shiv. The name of a ڀَيِرَْنئَڻُ .اڳُ A name of Shiv, esp an inferior manifestation of that deity. Name of a"
esp,تَحِرِيرَ,"A writing, composition; esp an essay or a written discourse."
esp,تَعْبيِرَ,Interpretation (esp. of a dream).
esp,ٿَاريليِ بربِلِ,"A kind of nightingale, esp. found in Thar"
esp,ٽَپِڪو,"Falling of ripened fruit (esp. mangoes), a windfall. ( e. g"
esp,پاڍَڻُ,"To tether, esp by trying a fore and hind leg by a rope."
esp,پَيْغَمْبَريِ,A mission (esp. of a prophet).
esp,چۇن چۇن,"Chirping, esp of a sparrow"
esp,حاجيِ,"A pilgrim, esp one who has been to Mecca."
esp,رَسَدِ,"Imports, esp of grain; a store of grain; commissariat supplies for an army, etc; rations."
esp,رَنڊيِ,"A woman, esp one of bad character, a wench; a whore."
esp,رَئِيسِ عُضْوا,"The vitals, esp the heart, lungs & brain. inter (used in calling or accosting an inferior). Oh! Hollo! ( fem"
esp,عيدگاه,"The place where Mahomedans assemble for occasional devotions, esp. at"
esp,ڪِرْچُ,"A sword, esp a straight one to thrust with."
esp,ڪَرْمُ,"An act, work; religious observances, any act of piety, as sacrifices, marriage ceremonies, funeral obsequies, esp. on the 10th day after a person's death ( Hind ). ( gram ) The object. Fate, destiny. The forehead."
esp,کيدو,"A strong bird, esp a bulbul , which beats & drives away other birds. A blockhead, a foolish or silly person."
esp,گَدۇدُ,"Coagulated pus. Offal, esp of pieces of the spinal chord, etc., of mutton."
esp,مَحافَو,"A sedan or palanquin, a litter, esp for women."
esp,مَسْتَڪُ,"The head, the forehead, esp of an elephant."
esp,مَمَتُ,"Affection, esp maternal affection. Self-conceit, egotism, boasting."
esp,مولهو,"A cloth tied loosely round the head as a turban; also said of a dull, sickly bird, esp bulbul"
esp,مَهۇرَتُ,"A division of time equal to 48 minutes; an auspicious time, esp for a marriage ( Hind )."
esp,نامُ,"Name, esp of God; fame, reputation. Hopeless, despairing."
esp,نظرديد,"Inspection, esp of crops."
esp,وَبا,"An epidemic, esp cholera."
esp,وَڇاتُ,"A trader, esp one from the moffusil."
esp,وَنِدنا,"Praising, esp the gods or greatmen."
esp,هَزارو,"A double-flower, esp the double poppy."
esp,هۇنگَرَ,"The uttering the sound hun , the sign of attention or listening; a hem; a noise, esp of much talk."
esp,اَڳوهو,"A guide, esp to Hinglaj"
esp,ٿڪو,"A spittoon, esp in a mosque."
conceived,سالَگْرامُ,"An ovoid black quartzoid worn by the action of water, conceived by the Hindus to represent Vishnu."
conceived,سَنجَڻُ,"To be conceived, or created."
wrestling,اَڙيِ,"A trip in wrestling; a charge, an accusation; difficulty, objection, hitch. inter Ho ! Halloo ! (for calling a woman as"
wrestling,آکاڙو,A Hindu monastery; a wrestling house.
wrestling,اَندرين,( fem ) Inner. A trip in wrestling.
wrestling,اَنگُڙيِ,The entanglement of feet in wrestling; inter-twining together (as of trees). A false charge or claim by which another is entangled.
wrestling,ٻِِلهاڙو,A kind of wrestling; a game in which one person gives a push while the other attempts to catch him.
wrestling,ٻِِناٻِِاڙِيِ,A method of tripping in wrestling.
wrestling,ٻَِهَرِين,A method of tripping in wrestling.
wrestling,ڦِسْڪِڻيِ,Slipping; a method of tripping in wrestling.
wrestling,جاٺو,"Smart, strong, vigorous. A method of tripping in wrestling."
wrestling,جِهَمڻُ,"To eat. To stoop, bend (in wrestling)."
wrestling,رهڙو,"A method of tripping in wrestling. Haste, hurry. Scratching with the nails or with claws."
wrestling,سِلَهہ,") Consumption, a hectic fever. A method of raising up one's adversary by the waist in wrestling. Dilatoriness."
wrestling,ڪُشْتيِ,Wrestling.
wrestling,گوڎڙيِ,A trip in wrestling made with the knee.
wrestling,لاپِرْيو,A kind of trip in wrestling.
wrestling,مڪڙي,"The piece of stick attached to the upper cross beam of a water-wheel or oilpress, holding the upright axle of the wheel in its place. A method of tripping in wrestling."
wrestling,مَلَ,Wrestling.
wrestling,ملاکڙو,Wrestling or sport of wrestling; a place for wrestling.
wrestling,مۇنو,) A kind of trip given with the knee in wrestling.
wrestling,وارووَرَڻُ,"To have good fortune.) Andropogon muricatum —its roots used for khaskhas tattis The guinea-worm ( dracunculus ). The stopping of singing when music accompanies it, and having for a time only the music of instruments. A kind of tripping in wrestling. Time, reign, (as"
wrestling,وِچيِن,"One of the times of Mussalman prayer, a short time before sunset. A method of tripping in wrestling."
wrestling,وَنگَ,"The hip or hind quarter of meat without the leg, hip-bone. The felloe of a wheel. Cake in tin given internally as an aphrodisiac. An arch. The entanglement of the feet in wrestling."
wrestling,ونگڻ,To confine by entangling in wrestling.
forming,جُز,A sheet of paper doubled up into leaves in forming a book.
forming,جوڙُ,"Forming, junction; addition, total, sum. A match, fit, fellow. A crowd or body of faqirs. a Suitable, fit. Well, in good health."
forming,جوڙِڻي,"Making, forming."
forming,جيِيءُ,"Life, soul; a living being, an animal. An ear of grain first forming in the stalk. A respectable term of address or assent, sir, madam; well, good."
forming,ڏيڍيِ,"A kind of earring or ear ornament. An antechamber, porch, gate-house; the wall forming a screen to the doorway to the women's apartments; a zenana, harem. The door and adjoining rooms for door keepers."
forming,ريجو,A mould for forming bars of metals.
forming,زِهِبَندُ,A straight slip of wood used by bricklayers for forming their work.
forming,سَريِ,A stick forming part of a waterwheel.
forming,سَناتَ,A caste or a trade forming a separate caste.
forming,ڪَڇِڙيِ,The piece of cloth forming the armpit of a dress.
forming,گڪو,Hump-backed. The name of a stick forming part of a Persian wheel.
forming,لانوان,The mark on the top of a letter forming certain vowels.
forming,موڙَڻُ,") A rubbing of the hair, a twist. Style of turning or forming letters in writing. ( physics ) Refraction."
forming,مُئيِ,"A small brush for painting with or scrub of straw for cleaning with, a malkin. A piece of cloth with certain ingredients tied up in it forming a medicine for sore eyes, it is wetted and the juice squeezed into the eye. Rock or stone fish."
opposing,مُقابِلُ,"Confronting, opposing, against; matching, like, corresponding."
opposing,نابِرُ,"Denying, opposing, adverse."
ii,اُترقطب,The North pole. Page i Page ii
ii,اَچاهُ,Free from desire. Page ii Page iii
recognizing,سُڃاڻَ,"Acquaintance, recognizing."
recognizing,قَدُرُ,"Worth, value, respect; the recognizing another's worth or acknowledging their good deeds; gratitude. Degree, quantity, part."
forms,ٻۇرُ,Blossom; the young heads of grain; plants before the grain forms.
forms,حلال ڪرڻ,To slaughter according to the forms prescribed by the Mussalman religion.
forms,ساٺ سڳڻ سوڻ,"Certain superstitious forms gone through for good luck during weddings, etc."
forms,سُڳُڻُ,"A morsel of food eaten for civility's sake at a house one visits. Certain superstitious forms gone through at weddings for good fortune. Augury, omen."
forms,سندين,"In these instances the governing noun is in the singular; if plural, the forms will be"
forms,ڪُنيمو,"or Irregular, irregularly, contrary to established forms, not at fixed terms."
forms,لالِڙيِ,A red and black berry which forms a jeweller's weight (obtained from the abrus precatorious
forms,مُطْشا,) A kind of ceiling plastered but showing the forms of the beam.
bullying,اَنڌير,"Injustice, wrong, outrage; misrule; bullying."
bullying,داٻُ,"A threat, bullying, menacing. A spot."
bullying,دٻاءُ,"Threatening, menacing, bullying."
bullying,دَهْمانُ,Bullying.
bullying,هيِسَ,"Treating with violence, etc., bullying."
incidents,سَوانَحِ,"Incidents, events."
accurately,سوڏِيتُ,"or indic ) True, correct, accurately."
carefully,چِتارَڻُ,"To inform, tell, report. To apply the mind, fix the thoughts or eye on any thing carefully, to study."
carefully,سهيڙڻ,"To place with care, take readiness. care of, accumulate carefully."
carefully,نِڪْڻِيان,"With care, carefully."
grandmother,ڏاڏيِ,A paternal grandmother.
grandmother,نانيِ,"A mother's mother, maternal grandmother."
thrown,اَنْبوڇيِ,A dance in which hands are clapped and thrown about.
thrown,اوڍڻيِ,"A cloth thrown over the body, a mantle."
thrown,اولِڙو,"The reflection of the sun thrown off water or glass, &c."
thrown,برامديِ,Thrown up by the river.
thrown,ڏوتيِ,"etc., in front by crossing the ends and tucking them in. A cloth thrown loosely over the shoulders. A mode of wearing a loongi by throwing it over the shoulder and then bringing it round the waist."
thrown,ڏائيِ,"Any thing used as a mark or signal; a head of earth thrown up to mark a road; a pole put up to mark the rise of the river; a sign made by putting out a certain number of fingers under a cloth as secret intimation of an offer in purchasing goods; a signal flag. An assignation, appointment. The putting up two fingers in playing the"
thrown,ڏۇرائِڻُ,"To double twine, etc. in spinning. To throw dice a second time when not thrown straight."
thrown,راسيِ,The bright rays thrown on the sky by the setting sun.
thrown,رديِ,"Rejected, thrown away, waste."
thrown,ساتانو,Seven kinds of grain sown together in a pot in a house by women on the 12th of the dark fortnight in Sawan and plucked up and thrown into the river on the first of Bado for good fortune (Hind.).
thrown,سۇسِراٽُ,"A whiz, any rushing noise of wind, of a flock of birds or of fireworks; a hissing sound as of cold water thrown on hot iron. A twinge of pain."
thrown,ڪَچو,"Raw; undressed; not cooked or baked (as food, earthenware, etc.); built of unbaked earth, clay-built; brittle, weak, frail; not fast (color); defective, deficient; green, inexperienced, new; below a certain standard of weight or measure; mixed, alloyed; unauthenticated, not genuine, unstamped; loose, vague, uncertain; incredible, unreliable; weak; yielding; rough, approximate; blind (boil). Low alluvial lands lying below a bank or hill or lately thrown up by the river. Dishonour, disgrace, defect. Foul language, abuse. A day-book, journal. ڪچائيِ ، ڪچاڻ"
thrown,ڪَؤاڪِرِ,( lit Earth thrown up by rats). Ant-hill.
thrown,کُسَڻُ,One side of a double bag or sack thrown across an animal back.
thrown,گُرۇڙو,"Gargling, washing the throat; the water thrown after gargling."
thrown,گُلالُ,The red powder thrown on one
thrown,لَٽْڪَڻُ,"A stone, &c., tied to a cord and thrown up to drag down a kite by boys in play. Drops in the ears; any thing pendant; a pendulum. A wooden stand for a"
thrown,ليٽڻ,"To lie down, recline; slope, or be sloping. To roll on the ground, trundle; to lean, incline, tend, tumble over and over or wallow, whirl round (as any thing thrown up in the air, a tumbling pigeon, &c.); slide down, lean over, upset; flow over or rise (as the river) till it overflows. A tumbler pigeon."
thrown,ناگيلِ ڦۇسيلِ,A kind of boys' play in which stones are placed over one another and a ball thrown at them to knock them down.
thrown,نِرِ,"The bone of the leg or arm, the tibia; any long hollow pipe or tube; a a gun barrel. A cubit measure. A kind of firework. A circular hard lump of the dregs of oil-seeds as thrown out by the pressing machine. A watercourse between a canal and a well pit."
thrown,نَئُن,The earth thrown up or deposited by a river.
till,آگرُ,"Wood of aloes. A money bowl in a shop; a till, tiller."
till,سۇڌو,"&c. affixed). So long, so far, until then, till that time."
till,ايسيِن تاءٍ,"So far, so long; until then, till that time, thus far."
till,تاسيِن,"Till then, so long ( corr of"
till,(تائين),"Till, until, up to."
till,توڙِبن,"Till, up to; as far as."
till,تيسيِنتوئِين,"Till then, so long, up to that time or place. ( corr of"
till,جاسيِن,"(or with تانئِين، توٹيِ &c. affixed). Till, until, till such time, as long as, as far as, to such distance as."
till,جيسِتوٹيِ,"Until, till such time as, as long as, as far as, to such distance as."
till,سيِن,"To, up to, till, until. With."
till,سينهيِ,"Boundary, limit. Till, until. With ( Shah"
till,ڪچاڎينهن,The period of pregnancy till four or five months.
till,کيرپائڻ,"To receive milk from a fakir's thanu daru and give it to a Hindu mother and her child after a birth, till which ceremony milk is not allowed them to drink."
till,گوچانيِ,"A kind of bag in which shopkeepers keep money, a till."
till,گولَڪَ,"A till, a closed box with a clip at the top through which money is dropped."
till,لاڪۇن,"Up to, for, till, until From, from such a time, since."
till,ليٽڻ,"To lie down, recline; slope, or be sloping. To roll on the ground, trundle; to lean, incline, tend, tumble over and over or wallow, whirl round (as any thing thrown up in the air, a tumbling pigeon, &c.); slide down, lean over, upset; flow over or rise (as the river) till it overflows. A tumbler pigeon."
till,مُراديِ,"A sum of money, ready money. The amount collected each day in a shop till, balance"
till,مَعْصوُمُ,"Innocent, guileless, simple. A child till its 7th or 8th year."
till,هيسِين,"Till this time, still, till now; or with توڻي ، توئيِن ، توڙِين ، تائيِن"
till,سۇڌان,"&c. For so long, till such a time. Still, thus far, up to this."
till,تِرَجوڪيِنئون,n. Till leaf roller ( anti gastra catalaunalis ). Page xii Page xiii
cross,اُڪِرڻ,"To cut, engrave, carve. To descend; come out; pass over, cross."
cross,ٻيلَهڻُ,Two cross pieces of stick tied to the mouth of a calf to prevent him from drinking the milk of cow mother while grazing.
cross,تُرْش رِۇءِ,"Cross, surly."
cross,تَرُ,"). To pass over, cross; surmount."
cross,تَرَهَثُ,The lower cross stick of a yoke.
cross,ٿاڦو,The cross sticks in the wheel of a water-wheel.
cross,پِرْڀَڻُ,"To quiet, please, humour (a cross child). ("
cross,پُرْجهَہ,"To reconcile (enemies, etc.); quiet (a cross child); lull, pacify. To make happy, to comfort."
cross,ڦَرَهي,A small board; a board used by boys as a slate. The cross sticks in the wheel of a water-wheel. The leguminous plants.
cross,ڇڙٻائتو,"or Snappish, snappishly, cross."
cross,ڇِڙٻيل,"Snappish, cross."
cross,ڍيرو,"A clew or ball of thread. Two cross sticks riveted in the centre for spinning wool, etc."
cross,رُسَڻُ,"To have a misunderstanding with a friend, sulk, be cross, be huffed, pout, be in the dumps."
cross,سَرْدَرُ,"The cross sticks over a door to support the wall, door head."
cross,سَنڪۇ,( survey ) Cross staff.
cross,صَليبُ,"A cross, crucifix."
cross,ڪاڃَڻِ,"The upper cross stick in the frame of a water-wheel. A tax on water-wheels,"
cross,ڪَتِڻاٺيِ,A cross stick round which yarn is wound as it is being spun by the hand.
cross,ڪَجُ,"Crooked, curved; cross, perverse. ( survey ) A corner."
cross,ڪُلَهَ,The nob terminating on each side of the cross below a sword handle.
cross,گِڎِ,"A hole in the ground for burning fire in at an angasu during the Muhorrum. A hole in the ground for playing cat and dog, &c. The hole or socket in the lower cross stick ( bharini ) confining the axle or upright beam of a Persian wheel."
cross,ڳَلْْواسو,The cross stick on a boat's mast; a ship's yard.
cross,لاهِڻُ,One of the cross sticks of the hatho which pass one above and one below the web in a loom. One third of a rupee. See
cross,لڪ لنگهڻ,To cross a pass; to surmount a great difficulty; to pull through a serious illness.
cross,لَنگُهہ,"To pass over, cross, surmount. To go by, pass by. Fast, fasting."
cross,مڪڙي,"The piece of stick attached to the upper cross beam of a water-wheel or oilpress, holding the upright axle of the wheel in its place. A method of tripping in wrestling."
cross,ميِڙه,"The place where a kardar or an Ijardar is stationed and transacts business in the districts. A post with a cross on the top stuck up at weddings. A pen or fold (of sheep, etc.). A hermit, sage."
cross,اُڪِرَڻُ,To cross.
loses,وٽِرْجَڻُ,"To be defiled, as food, or as a Hindu who loses caste."
highlands,ڇِپِرو,Of the hills or highlands.
highlands,ڇَپَرُ,"An eyelid. Grass thatched on a frame and put up for roofing. Highlands, a range of hills. ("
marriages,دَمَرُ,"and perform other offices in connection with the Brahmin at marriages, deaths, etc. A musician. fem"
marriages,ڇيڄَ,The beating of time with two sticks for dancers at Hindu marriages etc. Inundation.
marriages,ساهو,"The judging from the stars the propitious time for marriages, &c. Of the light half of the month or the 15 days after the new moon."
marriages,ڪَنگَڻُ,"A kind of bracelet, bangle. A thread tied round the wrist at marriages."
marriages,بَندُ,"). A fixed sum given for Brahmins and fakirs at Hindu marriages. Four in counting. A lump, mass ; tumour. A piece of cut sugar-cane from the joint."
hearted,ڏاناسُرُ,"Unmerciful, hard hearted.( dim"
tons,ڀَرتيِ,"Filling, loading; cargo; burden (as a ship of a hundred tons burden ). Addition, aid, accession of strength. Re-inforcements. Recruiting. Flood tide."
persuade,ريجهہ رهاڻ,"See ريجهائڻ . رهاڻ To entertain, divert, amuse, gladden, propitiate. To persuade."
persuade,هِرْکائڻ,To induce; to persuade.
sorts,نَوْعَ,") Sorts, kinds."
sorts,ناناپِرْڪارَجا,Of various sorts.
sorts,سَتَ رَڇيِ,"Dainties, delicious sorts of food, cates."
sorts,طرحين طرحين,"Various, of different sorts."
sorts,عَليِلُ,"Weak, sick, out of sorts. Dead (drunk), very (wild or rabid.)"
sorts,ڪَچْڪولُ,"A wallet; all sorts of food which a beggar gets in a wallet, hotch-potch; disorder."
sorts,ناناپرڪارجو,Of various sorts.
sorts,هرجنس,All sorts & kinds; grain of sorts.
transformed,ڪايا پلٽ ٿيڻ,To be transfigured or transformed.
collects,جَمَعيِ,One who collects or has charge of Government stores or monies. A body of persons (as fishermen) under charge of any headman.
kindly,پاڻُ ڀَلائِڻ,To honor one's self by doing a kindly act.
kindly,پيرُڀَرَڻُ,"To act kindly, to behave well."
kindly,رَهَڻُ,To get on with one kindly or well.
spy,جاسۇسُ,"A spy, scout, an emissary."
spy,چارالَڻُ,"To spy out, discover by scouting or watching privily."
spy,چارِئَپو,The business of a spy.
spy,چاريِ,A spy.
spy,چَڪاسَڻُ,"To spy, watch with artifice, inspect, investigate, examine; verify, check."
spy,سۇنجهڻ,"To look about, spy here and there, look for, pry."
spy,مُخَبِرُ,"An informer, emissary, a spy."
spy,نِهارَڻُ,"To look at, look for, watch, look after, spy, gaze, stare."
firing,مارَ,"A trowel. An enclosure, loophole, porthole or aperture for firing through."
stripe,ٻَنو,"The mark of a stripe, a weal."
stripe,ڦَٽِڪو,"A stripe with a rod, etc."
stripe,ڏَنو,"The mark of a lash or blow, stripe, weal, welt. A hillock, mound."
stripe,ڍوريِ,"The hollow stripe in the blade of a sword. A hollow spot in which water lies, a pond."
stripe,فَتِيلَ,"A strip of paper, &c., a lath or slip of wood, a row or stripe in quilting cloth; a ruler for drawing lines."
stripe,گهاريِ,A stripe left unfinished in any thing; a space in a cloth where one or more threads are deficient. A passage for water from one side of a water course. Dry places left in the bed of a river by a change in its course.
stripe,لِيڪَ,"A line, row, streak, stripe."
stripe,ليڪو,"A line (drawn), a stripe."
corresponding,مُقابِلُ,"Confronting, opposing, against; matching, like, corresponding."
somehow,تَڳڻُ,"To last, continue; get on somehow."
listener,سامَعَ,"A hearer, listener."
arriving,سَهيڙو,Arriving.
cries,وِلاڙَ,Cries of complaint.
bits,ٺِكَرُ ٺوٻَرُ,Same as ٺِكراٺو .ٺِكَرَ Bits of broken earthenware
bits,ريزڪيِ,"By retail; in scraps. Bits, scraps. Of small items."
bits,سۇڙِهيِ,The bits and dust of split pulse grains formed in splitting them or separating the husk in a coarse mill.
bits,شيِخَ,"A spit, ramrod. A course of bits of meat cooked on a spit. An axletree. The spur of a cock."
worlds,تِرْلوڪُ,"The three worlds, the universe"
worlds,دارينِ,The two worlds.
worlds,رحمت العالمين,"The mercy of the worlds, the Prophet is so called."
worlds,تِرْلوڪ,The three worlds (
presumed,سُجَهڻُ,"To seem, appear, to be seen, be presumed; recollect, remember, know of."
hindu,اُتراﮡ,The summer solstice; the Hindu festival kept on that day.
hindu,اَسۇ,The seventh Hindu month—(Sept — Oct.)
hindu,آکاڙُ,Fourth Hindu month—(June—July).
hindu,آکاڙو,A Hindu monastery; a wrestling house.
hindu,اَکَڻِٽِيجَ,A Hindu festival—(1st or 2nd day of Wesàkh).
hindu,اوٿاڙو,A Hindu ceremony of purification performed on the 12th day after the death of any one. A nightmare.
hindu,اوم,The mystic name for the Hindu triad.
hindu,بَڊو,The sixth Hindu month—(Aug.—Sept.)
hindu,برهما,The first person of the Hindu triad (Creator).
hindu,بسنت پَنجَنئَن,A Hindu festival on the 5th day after the new moon in the month of
hindu,بيدُ,"A disease in a horse's foot. A ""Veda"", or Hindu sacred book."
hindu,ٻارهن ماسيِ,The death anniversary (Hindu).
hindu,ٻارهو,The figure or number twelve. The twelfth day after a death (Hindu). 1st anniversary obsequies (Mahomedan). The king at cards which counts for twelve; twelve at a game.
hindu,ٻالو,A kind of bracelet worn by Hindu women.
hindu,ٻَنَٻَِڌِڙِيِ,A Hindu fast following on the 12th of
hindu,ڀُڄَڻُ,(Hindu).
hindu,ڀَوانيِ,A name for the Hindu goddess Kali. Barley sown in honour of
hindu,ڀوڳَ,"Enduring, suffering. Enjoyment, luxury, enjoying sensual pleasures; venery. Food offered to an idol. Solemn ceremony at the conclusion of sacred reading (Hindu)."
hindu,ڀِيِشَمَہ,A Hindu fast kept on the last 5 days of
hindu,تِرْمۇرتيِ,The Hindu Triad.
hindu,ڪتيِ,(Hindu fast days).
hindu,تِلِڪُ,The Hindu sectarian mark made with unguents upon the forehead.
hindu,تِيرِٿُ,Pilgrimage; a place of pilgrimage (Hindu).
hindu,ٽَپِڪي جواَنبُ,Obsequies performed in the third paksh (fortnight) following a death (Hindu).
hindu,ٽَڳو,"Thread, sacred thread of a Hindu sect."
hindu,ٽيِڪو,The Hindu sectarian mark on the forehead.
hindu,پاٺِشالا,A school (Hindu).
hindu,پَتَڻُ,"A ferry; ferriage. A small quantity of grain, etc. left as ferry-hire for the departed soul in carrying a Hindu corpse, or given by Mahomedans to faqirs at the grave. To cause to believe, be reconciled or appeased; to nurse or quiet (a baby). To understand."
hindu,پُرانُ,The Hindu mythological books. پَرانهﯘن،پَرانهون
hindu,پَرْسادُ,"Offering made at a shrine (Hindu). Grace, favour"
hindu,پَرْڪِرْما,"Circumambulation round a temple (Hindu); a covered way or gallery round a temple, etc."
hindu,پَرْهيِاڻيِ,A Hindu marriage ceremony
hindu,مَعْرِڪو,(Hindu).
hindu,پَنچُ,A member of a Hindu association. An arbitrator.
hindu,پِنڊُ,"A ball of flour, etc. offered on account of a deceased relation, or to the manes (Hindu). The body."
hindu,پَنڊِتُ,"A learned man, teacher (Hindu)."
hindu,پﯘرَبُ جَنَمُ,Previous birth ( Hindu belief
hindu,پوهُ,Name of a Hindu month (Dec. and Jan.).
hindu,ڦاڳُ,"The gambols and plays of the ""Holi"". Name of a Hindu month (Feb.-March)."
hindu,ڦَڳُڻُ,The 12th Hindu month (Feb.-March).
hindu,شَهَبازُ,A Hindu ceremony at the birth of a son.
hindu,جوڳيِ,A kind of Hindu Fakir devotee. ( fem
hindu,ڄيٺُ,3rd Hindu month (May-June).
hindu,چَوْنريِ,A kind of small metallic water-vessel. The fee of a Brahmin at a Hindu wedding.
hindu,چيٽُ,The 1st Hindu month (March-April). The spring; the spring crop.
hindu,ڇيڄَ,The beating of time with two sticks for dancers at Hindu marriages etc. Inundation.
hindu,درسن شاستر,) One of the six Hindu philosophies.
hindu,ڌامُ,"A house, residence, place. The 4 great Hindu places of pilgrimage:— Jagannath, Badrinath, Ramnath & Dwarkanath."
hindu,راءِ,A Hindu title.
hindu,رِشْڀُ,The second of the seven Sura or notes of the Hindu gamut.
hindu,ساڙهيِ,A dress consisting of one piece of cloth worn by Hindu women round the body and passing over the head. An earthen pot for keeping milk in.
hindu,سپاٽو,A pair of slippers generally worn by Hindu ladies.
hindu,سۇرج,A Hindu holiday in the month of Phagun
hindu,مُڃَ,"The world, the ways of the world. An arrow. An iron instrument for marking clothes ornamentally; the mark so made; a crease. A tank, pond. The Hindu crematory."
hindu,سَرِوَڃَڻُ,To attend a Hindu funeral.
hindu,سَرْجُ,"One of the 7 musical modes, the 4th note of the Hindu gamut."
hindu,سَماڌِ,"Devout contemplation of the Deity or meditation on his attributes. Austere devotion. A Hindu tomb, a grave."
hindu,سمرڻيِ,A Hindu rosary of 108 beads.
hindu,سَنبَتُ,A Hindu era. A year.
hindu,سنجوڳيِ شيخ,A class of Mah converts who observe Hindu customs.
hindu,سَنْسِڪارُ,An impression. An essential ceremony of Hindu initiation.
hindu,سَنکہ,The bones of a Hindu as left after cremation.
hindu,سوچيِ,A Hindu shoemaker.
hindu,سيوِڙو,A class of Hindu faqirs
hindu,شِۇ,"The Deity as a destroyer, the 3rd member of the Hindu triad."
hindu,شوراتِ,A Hindu festival in honour of Shiva
hindu,شِيڪِشْڻُ,The Hindu deity Krishna.
hindu,صَغِيرُ,The name of a famous Hindu reformer who flourished about the close of the 15th century.
hindu,ڪَتَڻُ,"The 8th Hindu month, (October-November). Autumn; the autumn crop."
hindu,ڪِراڙُ,A Hindu shopkeeper; a lay Hindu.
hindu,ڪَنَ ڦاڙُ چيِڙُ,A kind of Hindu faqirs with bored ears.
hindu,ڪُنگۇ,A bright red dye used for making the Hindu mark on the forehead.
hindu,ڪُويرُ,The Plutus of Hindu mythology.
hindu,کِتْريِ,"The 2nd of the 4 Hindu castes, being that of the military order."
hindu,کُڎِڻو,"The stand in a hunting preserve from which the sportsman watches the approach of animals, and fires, a butt. A miniature house, animal, boal, etc., made for Hindu children during Divali"
hindu,کُنڀُ,The fireplace or kiln over which washermen steam clothes in preparing them for the wash. The 13th day of the waning moon in the month of Jethu on which the Khudawadi Hindu women perform certain worship for the welfare of their sons.
hindu,کيرپائڻ,"To receive milk from a fakir's thanu daru and give it to a Hindu mother and her child after a birth, till which ceremony milk is not allowed them to drink."
hindu,گوپيچندن,A kind of yellow coloured earth for the Hindu mark on the forehead.
hindu,گۇدَڙُ,A padded quilt. Old tattered clothes. A caste of Hindu fakirs
hindu,گورِ,"Fair, white. A cannon ball. The kernel of a cocoanut, etc., the brain of a sheep, etc. A young camel up to his 2nd year. The bones and ashes left after burning a Hindu body. A European, a white person."
hindu,گيِتا,Name of a Hindu sacred book.
hindu,بَندُ,"). A fixed sum given for Brahmins and fakirs at Hindu marriages. Four in counting. A lump, mass ; tumour. A piece of cut sugar-cane from the joint."
hindu,گهوگهو,A Hindu holiday on the 3rd of Sanvan
hindu,لَڪْڙا,( ) Burning a Hindu body.
hindu,لُنڊُ,The Hindu intercalary month.
hindu,مالا,"A Hindu rosary; a necklace, a garland."
hindu,مانگهُہ,The 11th Hindu month (Jan-Feb.).
hindu,مُٽِڪُ,"A crest, diadem, crown, used at a Hindu wedding."
hindu,مَٺُ,"A Hindu college or monastery, convent."
hindu,مَساڻ,A Hindu crematory.
hindu,(١),arch ) Dormant. An affix to Hindu names (as Hassamal).
hindu,مودَڪَ,"A kind of sweetmeat of certain proportions of flour, ghee , and sugar eaten on certain Mondays, in honor of Shiva by Hindu women."
hindu,مهاڄڻ,"A merchant, banker; Hindu community,"
hindu,مَهَنتُ,The chief or head man among Hindu Fakirs ; an abbot.
hindu,نارِدُ,The name of a Hindu saint; ( fig a disputant; a mischief maker.
hindu,نانگو,A class of Hindu Fakirs who go about almost naked and covered with dust.
hindu,نِڪِرْتو,"A filthy person, one who performs not the ablutions, &c., laid down by the Hindu religion."
hindu,نِگَمُ,"The Vedas or Hindu scriptures.even, also."
hindu,نَوْراتو,A Hindu festival twice a year for 9 nights during Asu and Chetu
hindu,نَيون,"New, fresh; modern, novel, recent; young; strange. The first eating of new grain (a Hindu rereligious custom). Newly"
hindu,واجهو,A Hindu schoolmaster.
hindu,واڌاڻو,"Congratulation. The first ceremony in a Hindu marriage when jilebis , etc., are distributed among relations and friends. A course of dishes cooked one after the other in the same utensils. The working of the mortar in pounding rice to clean it. A wooden ladle or spoon."
hindu,واڻِيو,) Of a Hindu.
hindu,واڻِياڻيِ,A female Hindu.
hindu,وٽِرْجَڻُ,"To be defiled, as food, or as a Hindu who loses caste."
hindu,واڻيو,). A Hindu layman (not Brahmin).
hindu,وَرْنُ,"Caste, (there being 4 Hindu castes: Brahmins, Kshatriyas, Vaishyas, Sudras ); division, class, species. Color; features."
hindu,وِشْنُ,The deity (Hindu) in the character of Preserver.
hindu,وشْڻوَهۇ,"A sectary or follower of Vishnu. A Hindu who refrains from meat, fish, or intoxicating liquors."
hindu,ويتَرِنيِ,A river of hell ( Hindu
hindu,ويدُ,A Veda —the original Hindu scriptures.
hindu,ويساکُہ,The 2nd Hindu month (April-May.)
hindu,هٽواڻيو,A Hindu shopkeeper.
hindu,هِندۇ,"( orig A black Arabian, Indian, or Ethiopian) A Hindu."
hindu,هندڪو,Of a Hindu.
hindu,هِندُئاڻيِ,A female Hindu.
hindu,هوريِ,A great Hindu festival held at the approach of the vernal equinox; the song sung at the festival.
hindu,يوگُہ,Junction; the practice of religious abstraction; Hindu clairvoyance & mesmerism.
hindu,آڌوتيِ,A class of Hindu faqirs
hindu,اَنتِڪالو,"Gram, etc., taken out just before a Hindu dies, to be given to a Brahmin."
hindu,شاسِتْرُ,The Hindu scriptures.
hindu,شاسِتِريِ,"or Skilled in Hindu law, a scribe."
ta,ڀَچَٽيِ,Bur desmochœta (a plant).
ta,ڀُرثُ,n. Desmochœta lappacea — a weed eaten by the famine stricken.
bundles,پﯘڻِياٺيِ,A piece of stick used by cotton carders for making up bundles of cotton for spinning.
bundles,ويچُئون,"A rolled up cloth, &c, put between two bundles of grain at the"
obligations,ڏيجِگَرُ,"One who is under obligations to another, a debtor."
obligations,ڳُهْيَلُ,"Tired, wearied. Under obligations, tied down by debt or obligation. ڳَهيلو ، ڳَهيلائيِ ، ڳَهيلائِڻُ ، ڳَهيلاڻو See"
obligations,مَهِڻو,"Reproach, taunt, upbraiding by putting one in mind of obligations unpaid, sarcasm."
operated,پَٿِريِ ڪَڍَائِڻُ,To be operated upon for stone.
seasons,سارِ,"The desire of a female animal for its male at certain seasons, rutting. A piece in the game of"
seasons,سَرَءُ,"The 4th of the 6 seasons, (Asu-Kati). Autumn."
seasons,فَصْليِ,"Of, or belonging to the Mahomedan era, reckoning by the return of the yearly seasons."
seasons,مُهارِ,"The inclination of a female buffalo or goat for the male at certain seasons, rut."
filings,ٻۇرو,"Sawdust, filings, powder."
filings,چَندَنَ چۇرو,The filings or sawdust of sandalwood.
filings,چۇرو,"Powder, filings, atoms."
filings,ڇِلُ,"Peel, skin, rind, shell, filings, shavings."
filings,ريتيِ,Sand or filings for absorbing ink on freshly written paper.
filings,ٽُڪَ,Filings of engravings.
larger,ڏيڍو,"One and a half, of one and a half, one half more or larger, computed at one and a half, consisting of one and a half."
larger,ڊگهيرڙو,"Somewhat long or larger, tallish."
larger,وَنجهيِ,A watercourse for conveying water to the field from a larger canal.
chickens,ٽولَڻُ,To cause to move along; to leave (as a hen does her grown-up chickens.
annoyed,تالان,"Annoyed, worried; plundered."
annoyed,پوسِرَڻُ,"To smart, to burn with jealousy, be annoyed. پوسِراٽُ،پوسَرِ"
annoyed,چُرَ,"A movement or motion. A motion by which another is annoyed or disturbed; fiddling with things. A cave, lair; the hole broken by a burglar into a house."
annoyed,خَسْتو,"Vexed, annoyed, abs. n"
annoyed,دِقُ,"Troubled, annoyed. The fulness and pain from surfeit and indigestion."
annoyed,رَنج,"Angry, offended, vexed, annoyed, grieved, distressed."
annoyed,عاجُزُ,"Annoyed, tormented, vexed."
annoyed,ڪلپڻ,"To become angry, to be annoyed."
annoyed,وِرْتو,"To tire, become worried, jaded, angry, annoyed."
annoyed,وِڪَنو,"Tired of, disgusted with, annoyed. وِڪِڻَڻُ ، وِڪَڻُ See under"
annoyed,هَلاڪُ,"Bothered, annoyed, wearied, trouble, vexed."
tolerate,سَٺو,") To suffer, endure, bear, tolerate."
fulfilled,پَڙَڻُ,"To be equal or quits; to be fulfilled,"
fulfilled,پﯘرو,"Full; precise; exact, appropriate; whole, unbroken (a number); entire complete, perfect: fulfilled, completed; upto (all things as"
fulfilled,مَنْظوُرُ,"Sanctioned, fulfilled."
months,اَٺڙيو,"Sordid, niggardly. Sly, shrewd. An idle talker. A week. Of eight days, (a child) born after eight months' carriage."
months,ڇَٺْرِيو,A child born after 6 months carriage.
months,ڇَماسيِ,A ceremony performed six months after of any one's decease ( Hind
months,سَتِڙِيو,A child born after seven months' pregnancy.
months,سَرْلُ,(A horse) from 20 months up to 30 months of age.
months,ڪچاڎينهن,The period of pregnancy till four or five months.
months,ڪُنڀَڪَرَڻَ واريِ نِنڊَ,"Long sleep, (being an allusion to Kunbhakaran, the brother of Ravan, who is said to sleep for six months continually)."
months,وِرْڇَ,"Dividing, distribution, a share. Rations, or money given in lieu thereof generally every six months."
months,وَهِياتِرو,A child when it is 8 or 9 months old.
months,نِتْيانُ,Food given to a Brahmin for the benefit of the departed soul for the first 12 months.
doomed,پِريتُ,The unclean spirit of a deceased person supposed to be doomed for one year to traverse the infernal regions.
doomed,مَرْڻيِ وَسْتوُ,A thing doomed to die; a mortal.
reads,سِنڌِيَڙُ,One who talks and reads Sindhi; a Sindhi scholar.
xiii,تِرَجوڪيِنئون,n. Till leaf roller ( anti gastra catalaunalis ). Page xii Page xiii
xiii,ٿوڪُ,Page xiii Page xiv
placing,چِڻِگَ,"A spark; small live coal; a burning feeling (in making water, placing down a sleeping limb, &c.); a pang."
placing,مَنْجَڻِ,A fixed frame or couch for sleeping or placing things on. A support for the back fixed on the
placing,نظربنديِ,"Arrest, placing a restraint on one's person. Sleight of hand, legerdemain."
placing,وجهڻي,"Casting, pouring, placing, laying."
st,اَکَڻِٽِيجَ,A Hindu festival—(1st or 2nd day of Wesàkh).
st,ٻارهو,The figure or number twelve. The twelfth day after a death (Hindu). 1st anniversary obsequies (Mahomedan). The king at cards which counts for twelve; twelve at a game.
st,ٿَڌِڙيِ,7th and 21st of
st,پاپيِتو,St. Ignatius's bean.
st,چيٽُ,The 1st Hindu month (March-April). The spring; the spring crop.
st,ڇنڊو,"A sprinkle. ( fig ) Spattering, defaming. A ceremony by Hindus on 11th, 21st and 40th day after small-pox breaks out on a person."
st,مُحَرَمُ,"The 1st month of the Mah year, held sacred on account of the death of Husain; mourning and lamentation."
gathered,ڏۇنڊِڙو,"or Contracted up, gathered up (as to limbs); crouching."
gathered,ڪُهَڙُ,"A heap of roots, thorns, &c., gathered together for burning in the fields."
gathered,گهنججڻ,"To be gathered into folds, plaits, or wrinkles, be ruffled; to shrivel up."
gathered,مِڙَڻُ,"To meet, to be collected, assembled, gathered together; to thicken (in cooking). To be well dissolved in water ( dal , &c., in cooking). To crowd, throng. To give milk (a cow, &c.) To close (as a wound)."
gathered,وانگۇڙو,The hair of the head gathered up into a knot at the top; a top knot.
sums,اُڳاڙو,A collector of debts or small sums. Former.
sums,راڌاويڌيِ,The halving or dividing the difference between the sums offered by the purchaser and asked by the seller; a medium.
rests,پِڙاٺيِ,One of the two opposite beams on which rests the
rests,جَنڊو,"A lock. The end of a house where the ridge pole rests, gable."
rests,ڍورو,"A hollow, a depression where water rests."
consultation,صَلاحَ,"Counsel, advice, consultation. Rectitude. Praise, applauding. The frontage of a mosque."
consultation,مَچَڻُ,"Council, consultation, See under"
consultation,مَشْوَرَتِ,"Consultation, counsel."
consultation,مَصْلِحاتِ,") Counsel, advice; consultation; expedience, good policy."
freed,سَنڪَرُ,"Freed, released. A name of Siva"
nights,مُهارو,The place where a bride and bridegroom pass the first few nights; the place of the honeymoon.
nights,نَوْراتو,A Hindu festival twice a year for 9 nights during Asu and Chetu
suburbs,پَسِگِرْدائيِ,"Environs, suburbs, vicinity."
suburbs,گِرْدِنَواحيِ,"Neighbourhood, suburbs."
muscles,پَهاڙُ,"A mountain, hill. The sprain of a horse's thigh muscles."
contains,ٽوپيِ,"A cap, hat. A gun-cap. The hood of a hawk. The part of a ""huqa"" which contains the tobacco and fire. The head of a pillar."
contains,جوڙيِ,A kind of coarse towelling (it contains 24 cubits).
rub,آڍﮡ,To rub (with oil.)
rub,ٿَڌِڙاڪَﮃَڻُ,To rub etc.
rub,جهانئون,A kind of brick used to rub the dirt from the soles of feet with; a kind of pumice stone for polishing.
rub,جَهٻَڻُ,To rub any thing with the hands in water.
rub,چِيڀاٽَڻُ,"To scrape or rub off the skin from any violence; bruise, jam."
rub,رَڳِڙَڻُ,"To rub, grate."
rub,سۇٽڻ,"To rub, bruise by rubbing. To browbeat, bully, threaten, scold, reprimand."
rub,ڪورَڻُ,"To scrape out, to rub out, to scoop To cut smooth the edges of."
rub,کوليِ,"A piece of edged stick with which shoemakers rub leather to smooth it, a shoe-scraper. A top that misses spinning."
rub,گَٺو,"). To abrade, fret, rub, be abraded."
rub,گشو,A push or rub from contact in passing A bluff (
rub,گَهِڪو,A rub.
rub,گهرڙو,"A rub, grind, scrape, grate."
rub,گَهشو,"A pushing or pressing anything down violently. A rub, scrape. A pull of a huka"
rub,گهوٽو,A rub with the pestle on a stone in grinding down any thing; the pestle so used. Medicine prepared by grinding the ingredients.
rub,لِمَڻُ,"To stretch and yawn lazily, loll, to roll along asleep when walking. To rub tobacco in the palms of the hands, preparing it for the pipe."
rub,مروڙڻ,"To twist, writhe, contort, distort, wrench; to rub the hair in washing it."
rub,مِڪِرُ,"To smear or rub with any unctuous substance, to anoint, grease, oil. To gain, obtain, earn. Butter."
rub,مَلَڻُ,"To rub, polish, burnish, clean (pots and pans), furbish, scour. To groom (a horse). To take up (room or place), enlarge or extend (one's boundaries or position), lay hands on (in interference). To cause indigestion To knead (dough), work up with fists or fingers. ("
rub,مهٽڻ,"To rub; score out, bruise; to put down, crush (a person)."
rub,مِيٽو,"To rub out, wash out, erase, cancel, efface, obliterate; to remove (pain, etc.) To piece (in weaving ). To rub metu over a board for writing"
rub,ميسارَڻُ,"To wipe out, wash out, rub out. To rub metu over a board for writing."
rub,هَٿيليِ,A kind of glove put on the hand to rub down horses with.
utensils,ٽاڄو,"A collection (of utensils, etc)."
utensils,واڌاڻو,"Congratulation. The first ceremony in a Hindu marriage when jilebis , etc., are distributed among relations and friends. A course of dishes cooked one after the other in the same utensils. The working of the mortar in pounding rice to clean it. A wooden ladle or spoon."
popped,ڦُلو,"Popped corn. Leucoma, albugo. Lamp black, the snuff of a candle."
virgins,مينڍو,"A braid of plaited hair in front as worn by virgins, &c."
kings,چَوْمُهِريِ,A state of the game in chess when each side has only one piece in addition to the kings in which event the game is drawn.
kings,ڇَتِرَ,"A large umbrella held over kings, etc."
kings,شاهنشاه,King of kings.
kings,شهنشاه,"A king of kings, an emperor."
kings,فَرَعۇنُ,"Pharaoh, title of the ancient kings of Egypt."
kings,قِبْلو,The temple of the kabah in Mecca; the direction in which Moslems look when praying. A title of respect applied to kings and great men.
detected,عدم پيدا,Not found or detected as a theft.
times,اَٺؤنﮡ,"The eight-fold, eight times more or greater, octuple."
times,اَسيئَۇڻ,Eighty times more or greater.
times,ڀِرکو,"A time, succession of times."
times,ڏَهۇڻِ,"The tenfold, ten times greater or more."
times,سَتۇڻِ,"The septuple, seven times as much, sevenfold."
times,سُهُماڻي,The last of the five Mussulman times of prayer (about 8 or 9 o'clock p. m ). Bed-time.
times,صدبار,Hundred times.
times,لانئُي,"The repeating certain prayers by the Brahmin at a marriage. The knocking together of the heads of the bride and bridegroom seven times, being a part of the marriage ceremony of Hindus."
times,نُقْلُ,"Dessert, sweatmeats to be eaten at odd times."
times,وِچيِن,"One of the times of Mussalman prayer, a short time before sunset. A method of tripping in wrestling."
times,وقتي,At times; perchance.
times,هٿيليِ,A wind which blows at times in autumn from the north-east and levels the crops.
times,يارُهوڻو,Eleven-fold or 11 times.
kicking,پُسْتَنگُ,A kicking strap for a horse.
swim,اڻتارۇ,Unable to swim.
swim,تارَڻُ,"To cause to swim; to save, deliver, redeem. To shake up grain so that the dirt may fall to the bottom."
swim,تَرَڻُ,"To fry (in ghee , etc). To rough-hew (wood). To swim, float. To surpass. To be ferried over, be saved. (Causative"
swim,تَڙْڳَڻُُ,"To bathe, or swim much."
swim,سَنڊَڻُ,To swim by means of a float.
swim,لاٽ پوڻ,"To float, swim with the stream."
swim,اتارۇ,or One who does not know how to swim.
ships,ڍيِنگَ ڍَريا,Big ships foundered.(Shah.)
ships,هوائيِ,"Airy aerial; vain, silly, frivolous. Pale (a colour). A sky rocket. The merchandise saved out of ships sunk or wrecked which becomes as a royal perquisite."
ships,دَسُ,A fleet (of ships).
stirring,ڏاٻَڙُ,"A long wooden stick for stirring up boiling rice, &c., with."
insects,ٽُڪَڻُ,To gnaw (as rats or insects do). To quarry (rocks); cut (stones). To bite (as fish do a bait).
insects,سرجڻ,To be eaten (by insects).
insects,سريل,Eaten by insects.
insects,سُرو,Insects destructive to grain.
insects,کائڻ,") Food, diet; messing charges. Grain injured by insects. Dross. Erosion by the rain. ( med ) Blepharitis, inflammation of the margins of the eyelids."
insects,کاڌَلُ,"Eaten; tasted; injured by insects, birds, etc. (as cloth, grain, fruit, etc.) worm-eaten, damaged; eroded; abused, deflowered (a maid); corrupted, (said also of one who has taken a bribe); indebted, under obligation."
sharply,تَمَڪَ سان,"Curtly, sharply, harshly."
sharply,جِهڻِڪِ,") To reprove sharply, snub"
sharply,ڇِڙٻڻ,"To rebuke, speak sharply to."
plans,شطرنج پکيڙڻ,"To lay out a chessboard; lay extensive plans, make large speculations, &c."
plans,وَسُ,"Strength, power, striving; plans. Choice, option, effort."
shoes,پاتو,") To get, obtain, acquire; to put in, dish (food), pour in. To close (a door), to spread or lay. To errode or wear away. To draw (a line). To bear (enmity). To put on (clothes, shoes, etc.) To slaughter (a goat, etc.) To be inimical."
shoes,جُتيِ,A pair of shoes.
shoes,جُتِيَرُ,A seller of shoes. جِٿَهيِن،جِٿِ
shoes,جوڙو,"A pair, couple. A pair of shoes"
shoes,ڳنڍاڻيِ,Pay or charge for cobbling shoes.&c.
shoes,ڳَنڍَڻُ,"To connect, fasten together, join: compose (verses, &c.) ; stitch (shoes, &c.) ; to piece (in weaving)."
shoes,ڳَنڍِڻيِ,"Joining, connecting; patching or stitching shoes, &c., cobbling. ( in weaving ) Piecing."
shoes,گهيِتلو,A kind of ornamental country-made shoes with a curled point.
shoes,مُٽُ مُٽَڻُ,"To fear, shiver in one's shoes."
shoes,نَعْلُ,"A horse shoe, a piece of iron put on the heels of shoes."
bills,پاسِريِ,"( com ). From, dated from (place, used in bills of exchanges, etc.)"
culinary,ويَٽرُ,"Water for culinary purposes, etc."
childrens,چَپِڙيِ,"An application of cooling ingredients put on the crown of childrens' heads to cool the blood. A kind of unleavened bread or cake, baked in two or more folds. The washer or roller adjoining a wheel. ( surg ) A splinter."
stuck,بانڌيِ,A stump or log of wood stuck or floating in the river; a snag.
stuck,کينجهۇ,A stump of a tree stuck in a shoal in a river; a snag. کينهو ، کينو
stuck,ميِڙه,"The place where a kardar or an Ijardar is stationed and transacts business in the districts. A post with a cross on the top stuck up at weddings. A pen or fold (of sheep, etc.). A hermit, sage."
stuck,نَوْدُ,"Felt. Stupid, as is the intellect of one who remembers not what he hears or learns (as a needle stuck in felt and withdrawn leaves no hole)."
taught,بانوِليِ,"A bird with which hawks, etc. are taught to hunt; an incitement, temptation. Circling, giddiness."
strengthening,خوراڪيِ,"Strengthening (medicine, &c.); eatable. One who feeds and dresses well."
strengthening,زورائتو,"or Strong, powerful; strongly, violently, strengthening."
strengthening,قوتی,"Strong, strengthening."
strengthening,مُقَوّي,"Strengthening, tonic."
having,اَختياريِ وارو,One having authority.
having,اَڌڪاريِ,One having authority.
having,اَرٿا ئۇ,"One having need, or object."
having,اَکِرُ,Having eyes or spots.
having,آنيارو,Having roe (as the palla fish.)
having,آوارو,"or Wandering from having lost a path, in a difficult or uncertain place for passage; gone astray."
having,اوٽَ,Art or knack; (by) the aid (of); the having some idea of; consideration of the context.
having,اولاديِ,& One having children.
having,بِبِرُ,Having large dugs.
having,بَرْکہُ,"Respected; honored, having influence."
having,بيٺل ڪاُر,Having power and position. (
having,بي ساڃاهو,or Having no regard or consideration for others. (
having,بَيْراڳِڻ,A female ascetic. A crooked stick having two cars on the top.
having,ٻِِڄِڀو,"Double-tongued, having a forked tongue."
having,ٻِدِلِيو,"Wavering, unstable, having the attention divided."
having,ٻُسو,"Crop-eared, having small ears, a shaven or half-shaven head, or a short dress. Destitute of ornament; unornamented."
having,ٻِلاثو,Having two flames; shining two ways.
having,ٻِِمُهون,"Double-faced, having two entrances or outlets; two-edged."
having,ٻوڙو,"Deaf; having a hollow or dead sound, mute. A dip; a penful of ink."
having,ٻولاهو,"A blaze (on a horse, etc). (One) having a blaze."
having,ٻولاهيِ,A coot (having a
having,ٻوئِٿو,"Obese, having a fat gross body."
having,ٻِهُڃاڻُ,Having much knowledge; wise.
having,ڀائِتو,Having a brother.
having,ڀُچُ,"Having long straggling hair; barbarous, or barbarous-looking, uncouth Long tangled hair."
having,ڀَِنگَ,Interrupting or spoiling an arrangement; an obstacle. Having a dislike.
having,ڀُنيون,"Acquainted with, having knowledge of."
having,ڀۇچ,"A clown, blockhead. Long straggling hair. Having such hair."
having,ڀۇرو,"Brownish (hair) or brown, of fair complexion; of a whitish color (a cow, etc.) Having brown, complexion, brown (hair). A white, a European. abs"
having,ڀيِديِ,Having knowledge of one's secrets.
having,جُواريِ,having sweet stalks.
having,ٿِرائِتو,"Steady, having a fixed place."
having,ٿَهائِتو,or Having a fixed abode; in proper place.
having,ٽِڻُ,The having three pieces in a row in
having,ٺُرِڙُ,"Leafless, unornamented, destitute, naked, empty; having a shaven head. Miserly."
having,پَتيداريِ,"Sharing, having a share."
having,پُٽيتو,One having a son.
having,پَدارَٿَ وارو,One having the substance of this world.
having,پَنِرُ,Having leaves; leafy.
having,پَنجِڪَلْياڻُ,Having four white feet and a white mark on the forehead (a horse).
having,پَنجَڻِ,"Having five teats (a cow, &c.)"
having,پَهُچَوارو,"Powerful, having authority."
having,پَهَلۇدارُ,"Having facets, or sides."
having,پيئِتو,"Step (brother, etc.,) by the father's side. Having a father alive."
having,جانِبازيِ,or Having life; an animal.
having,جۇٺو,Defiled from having been used.
having,جوئيتو,"One having a wife Womanish, effeminate."
having,ڄِڀِرُ,"Large tongued, what puts out its tongue; having a long depending hump."
having,چالَ,) Having a white tail and feet (a cow or a buffalo).
having,چَتُرَڀُڄُ,Having four arms (said of Vishnu).
having,چَٽائيِ,Being sweet-toothed; the having sweet-tooth.
having,چَپُ,). Having big lips; a camel.
having,چِرْڪو,"or Having delayed, or with delay: late, slowly."
having,چَنِبرُ,Having claws; that which snatches with the claws.
having,چؤبارو,A room having four doors.
having,چَؤدَرو,or Having four door-ways.
having,چۇڙانئون,Any stick in a joiner's work having a tenon.
having,چَوْڳو,A camel 6 years old having 4 teeth
having,چَوْليِ,A bee-hive shaped hut. Having a white tail (a cow).
having,چيتارڻ,"See چيتائتو . چتائڻ or Having one's wits about one, sensible, sensibly."
having,چيروان,A sawyer. Having nitches carved.
having,ڇَسو,"Of 600 threads, a cotton cloth having so many threads in the woof. A fool, blockhead."
having,ڇِڳُو,"A camel of 7 years, having 6 teeth."
having,حوصلائتو,"or Sensible; having presence of mind. Shrewdly, witty,"
having,خفتيِ,"One having a passion, etc.; zealous."
having,دارُ,"(In comp ) Having, holding, (as"
having,ڌرائتو,"or Original, etc. One having influence at his back."
having,ڌڻڪو,"Having an owner. Straight, exactly, in the spot."
having,ڌَوْنرَسِرو,Grey-headed. Having feet partly painted (a bedstead).
having,ڌيڻيوارو,"Having such; hence, in easy circumstances."
having,ڌيئيتو,Having a daughter.
having,ڏاٺر,"Tusked, having tusks."
having,ڏارو,"Grit, groat. Having a loose or obscene tongue, dissolute."
having,ڏاميجُ ٿِيَلُ,( cor of 'damaged'). Having a stain on one's character.
having,ڏَنوَڏارُ,Having a tendency to tear wearing apparel.
having,ڏُچَرُ,"or Having no appetite, a bad grazer ( opp to"
having,ڏُڪِرِ,One having such breasts.
having,ڏندائتو,"Teething, getting teeth; serrated, having teeth."
having,ڏندر,"Having teeth, one with large teeth; serrated. toothed."
having,ڏنگيدار,"Free in motion, that requires no pressure (a horse, &c) Having a slight surface of salt earth (a field)."
having,ڏهسو,Having 1000 threads in the woof (cloth).
having,ڏئڻات,The father or other relation of a bride so called as having to give the dowry; a debtor.
having,ڊِگَهرَسَ,or Having a long tether; with great freedom of action.
having,رَسِيدو,"Arrived; matured, ripe. Having communion with (God)."
having,روسو,Quarrelling or having a disagreement with a friend.
having,رۇماچِتُ,"Having the hair of the body erect; hence, delighted, enraptured."
having,ريکِيارو,(One) having such.
having,سامايل,Having arrived at etc.
having,سائين لوڪ,A holy man. An evil spirit (spoken of as having seized one).
having,ستارپيشانيِ,Having a star in the forehead (a blemish in a horse); said also of an ill-fated person.
having,سَتْسَؤ,Of 700 threads; a species of web having so many threads in the warp.
having,سِپائو,"A tripod, any thing having three feet."
having,سپتو,One having a son.
having,سُچَرُ,Having a constantly good appe tite; voracious.
having,سَڌَرُ,"Stout, lusty, sturdy. Having support, or prop. Rich, well-to-do."
having,سَرَندُ,One having means.
having,سُساڏو,"Having a large quantity of pepper, salt and spice; spicy, piquant."
having,سَڳْتاٹو,"Of a powerful or strong person, of one having power."
having,سِڱِرُ,"Horned, having long horns."
having,سَنجُتو,One having command over his passions. With all apparatus complete; equipped (a horse).
having,سَنگِهريِ,"A necklace having a double row (of beads, &c.)."
having,سۇنهون,"A guide, a pilot; Acquainted, having knowledge of."
having,سَهيِ,"An acquaintance. Acquainted with; conversant, having knowledge of, privy."
having,سيڪڻ,To toast warm anything before or with fire; to foment. To smart (as a person after having been punished.)
having,غمائِتو,"or Having grief or with grief, sunk in grief; mournful, mournfully."
having,ڪَجْلو,Having the eyelids so painted.
having,ڪَمَرَبَسْتو,Having the waist girded up.
having,ڪَنِرُ,or Having ears; an eavesdropper.
having,ڪنڍيِ,"A fish hook, a hook; a hooked needle used in embroidery. A buffalo having ringed horns."
having,ڪُنڍيَٴپۇرِ,With horns having its rings closed.
having,ڪنوٽِيو,A kind of faqir having his ears bored.
having,کاٻڙوٺيِ,"or Having a superficial knowledge, smatterer, shallow, scanty."
having,کاتيدار,One having a separate head to himself in the Tapedar's ledger; the occupant of a separate estate or field.
having,کِچِرُ,A bird having fresh feathers after moulting.
having,کرڎائڻ,To walk as one having a contracted or club foot.
having,کُسِرو,"or One having no hair on the face, smooth-faced, hairless."
having,کِلَ مُکو,"Having a smiling face, affable, merry."
having,کَنڀِرُ,Feathered; having much feathers.
having,کَنڊو,"Toothless, or one having lost some of his teeth. A sword."
having,کڻائتو,"or Given or taken with a fixed term for payment, having a fixed term, according to agreement."
having,گريارو,"Having knots or sections (as sugar-cane, &c.), jointed."
having,گل مُنهون,Having a ruddy face.
having,ڳڀوراڙو,Having a large family of children.
having,گهڻ ٻجو,"Having many seeds, seedy."
having,گهڻ واکتائيِ,The being busy or having much to do.
having,لاڳائۇ,"Connected with, having relation to."
having,لاڳدار,Having a connection or interest.
having,للائتو,Mannerly; having some stuff.
having,لَوْنگيِ,"Containing cloves, having the taste of cloves."
having,لهيڻات,"A creditor, chiefly the father or other relations of a bridegroom so called as having to receive the dowry, etc., from the bride's party, opp to"
having,ماڳائتو,"In the proper place, having fixed residence, stationary."
having,مائتو,"Uterine, born of the same mother, but a different father (a child), opp to مائتوپيئتو .پيئتو True, correct (an account, &c.). Having an owner."
having,مائيدار,"Having substance, or body; substantial, possessing thickness."
having,مٿي ميريِ,Having the menses (a woman).
having,مُخْتِيارُ,"Independent, at full liberty, absolute; having legal power. A steward. An unlicensed pleader."
having,مَرْجادا,"Usage, customs. Modesty, shame ; the having regard to the feelings of one's friends. The proper medium or boundary in acting. مرجات وارو، مرجادوارو"
having,مُرْسيتيِ,Having a husband (a woman) married.
having,مُڪْتو,"Abundant, plentiful, much. Having a short ""A"" inherent in it (a consonant)."
having,مُکِيارُ,Independent; having an option.
having,مورَ,") To give forth fresh leaves or foliage (a tree), to shoot up again after having been cut down; to shoot out (as leaves or foliage), sprout, vegetate."
having,نافِذُ,"Having effect, obeyed, issued, passed (an order, etc.)."
having,نِڀاڳائي,"Ill-fortune, ill-luck. The having an ill-disposition, the being evil or corrupt."
having,نِڌَڻْڪائيِ,The not having an owner or protector; helplessness.
having,نسبتي,"Relative, having reference."
having,ننگانيِ,The having a sense of honor.
having,نيرانو,"Fasting, not having eaten, with an empty stomach."
having,وارووَرَڻُ,"To have good fortune.) Andropogon muricatum —its roots used for khaskhas tattis The guinea-worm ( dracunculus ). The stopping of singing when music accompanies it, and having for a time only the music of instruments. A kind of tripping in wrestling. Time, reign, (as"
having,واقُفُ,"Acquainted, having knowledge of, privy to."
having,وڎخرچو,Having many expenses; expensive.
having,وَرُ,") (A woman) having a husband, married."
having,وسائتو,"or With the option or power; having the option or power. Optional, powerful."
having,وسعت وار,Having means; solvent.
having,ساءُ,Having the taste of poison.
having,ويِرُپَوَڻُ,To perform tricks as having been seized by a demon.
having,هَٻو,Having the wings clipped.
having,هَٿيِڪو,"or Secure, safe. Secured, fast, firm. In one's hands or power. Trustworthy; having a fixed residence."
having,هجائتو,Having the influence of friendship.
having,هنڌائتو,"or In, or to the proper place or station, having a fixed residence."
having,هَنگايو,Having an inclination to stool.
having,يَڪِلو,The having certain cards in the game of badshah chung
having,اَرْجَلُ,"A horse having the lower part of one of his fore feet white, which is considered a great blemish and a vice."
having,اَرِموشُ,A camel five years old after having been a
having,سَهيِ سَنبَهيِ,Having got ready.
supplying,رسائيِ,The system of supplying necessaries gratis or at a nominal price to officials and their establishments whiletouring.
sung,اوٺاڻيِ,A song sung when Mahomedans meet together. A kind of female dirge.
sung,ٺُمِريِ,"A kind of verse sung to music. ٺَنڀَڻُ ,ٺَنڀجَڻُ See"
sung,راڳِٹي,sung in the 3rd watch before evening.
sung,ڌَمالَ,Name of a tune played and sung during
sung,سِٺِڻو,"A marriage song sung by women at weddings, a hymeneal."
sung,ڪامولُ,A musical mode sung at night.
sung,ڪَلِياڻُ,"Welfare, happiness, prosperity; peace; salvation. Name of a rag sung at night."
sung,لاڎو,A bridegroom. Songs in praise of a bridegroom sung at a wedding.
sung,مُلَحْظو,"One of the 6 principal musical modes, sung during the rains. Misty weather, cloudiness."
sung,هنڊولُ,A musical mode sung in spring in the morning.
sung,هوريِ,A great Hindu festival held at the approach of the vernal equinox; the song sung at the festival.
sung,هيرو,The reply in a kind of nuptial song sung at weddings; a hymeneal.
lessons,سَبَقَ,Object lessons.
beams,پِڙاٺيِ,One of the two opposite beams on which rests the
beams,کَڻُ,"The division between two beams in the roof of a house A stitch in sewing; sewing. Name of an animal of the lizard kind said to be venomous, an adder."
amongst,ڪيرو,"Small grains amongst wheat, &c., taken out in cleaning. Spotted fruit (of a garden). Fall of leaves; autumn. See"
extracts,نِئَارو,"Apart, aloof, separate, distinct, neutral; exceptional, anomalous. The scoria left after refining gold, etc. One who extracts precious metals from scoria."
spoke,اَ روَ,A tooth or cog in a wheel. The spoke of a wheel.
spoke,اوڀارو,or Against the stream. A spoke of a wheel.
spoke,ٿانڀو,A spoke (of a wheel) (Up. S)
spoke,وٽ وجهڻ,"To throw an obstacle, put a spoke in the wheel."
substances,جَڙَ,"The rivet, etc., by which hard brittle substances are joined. A nail."
asked,راڌاويڌيِ,The halving or dividing the difference between the sums offered by the purchaser and asked by the seller; a medium.
asked,له ڳه,More or less somewhere about what is asked.
asked,مَڱڻُ,") Asked for, borrowed, on loan."
warned,هُشِ,or inter The cry by which a camel is warned to sit down.
sounds,ڪَڙْڪَڻُ,"To make a crackling or pealing noise; assail by a succession of sharp sounds. To befall, fall upon (as a calamity)."
sounds,مۇرِڇَنا,"Name of a musical mode, one of the 21 sounds."
comp,آميزِ,(in comp ) Mixed.
comp,آنِ,"pro I. (in comp ) From, out of, than. Yes."
comp,اَنگيزُ,(in comp ) Exciting. Lust.
comp,اَهْلِ,"(in comp ) One, an individual."
comp,آيوپايو,"or Gratis, as a gift, for good. Also, too. (In comp ) With; according to (as in"
comp,بَردار,(In comp ) A bearer.
comp,ٽِنجَ,"Conceit, foppery. ( comp"
comp,پاڙو,"A quarter of a city; neighbourhood, vicinity. ( comp. n"
comp,پُرِ,(Mostly used in comp as
comp,چَؤ,(In comp ) Four.
comp,خانه,(In comp ) A house.
comp,خواهِ,"Or, either. (In comp Desiring, requiring. (as"
comp,خُورِ,"(In comp ) Eating, drinking."
comp,دارِ,(in comp ) A house; the world.
comp,دارُ,"(In comp ) Having, holding, (as"
comp,دانُ,"(In comp ) Knowing, (as"
comp,دواسازيِ,"Pharmacy. (In comp ) Two, double"
comp,ذهن نشين ڪرڻ,"To impress upon the mind. obj case of Owner). (In comp ) Possessed of, endowed with, (as"
comp,ريزُ,"(In comp ) Pouring, scattering, as"
comp,زادِ,"(In comp ) Born, as"
comp,زالَ,"(In comp ) Place, multitude, as"
comp,زَدو,"Ashamed, abashed. (In comp ) Struck, smitten, afflicted, as"
comp,ڏانهُنسِ,"(In comp ) A prefix denoting good well, easy, excessive , as سڀر،سلڀ،سلڇڻو،سپٽ (The fem of and corr of pro That"
comp,سازُ,"(In comp ) Making; made; maker, (as"
comp,سَرْو,"(In comp ) All, more."
comp,سُوَّ,(In comp ) Self.
comp,شِڪَنُ,"(In comp ) Breaker, as"
comp,شِڪنيِ,"(In comp )Breaking, as"
comp,شماريِ,"Cardinal (number). (In comp ) Enumeration, as"
comp,شِناسُ,(In comp ) Knowing as
comp,عَلي,(In comp ) On.
comp,فِروشُ,"(In comp ) Seller, as"
comp,ڪُشا,"(In comp ) Opening, expanding, (as"
comp,گاهِ,(In comp ) Time (as
comp,گَرْديِ,"(In comp ) Change, revolution."
comp,گڻيِ,"Virtuous, possessing virtue or efficiency; skilful; learned, skilled in any science. As if, although; notwithstanding that. (In comp only) A speaker (as"
comp,گۇنُ,(In comp ) Colour.
comp,گيِرُ,"(In comp ) Taking; holder as,"
comp,لڙهو,(In comp with a numeral) With rows (as
comp,ماتِرِ,"(In comp ) In the measure or amount of, as ماترا .ترماتر A Hindi vowel or diacritical mark."
comp,مارُ,(In comp ) Killer as
comp,ماڙِ,(In comp with the numerals from two upwards) The upper storey of a house e. g
comp,مائِلُ,"Inclined towards, taking delight in; biassed; (in comp"
comp,مَها,"(In comp ) Great, illustrious; very, extremely; grievous."
comp,مُئي,"Intoxicated, filled with pride, &c., wanton. ( In comp ,). Full of (as"
comp,نِہ,"A negative affix signifying in, dis , &c. (In comp Non, un, dis , etc."
comp,نامه,") A letter; (in comp ) A written document, as"
comp,نَجْمُ,(In comp ) A star.
comp,نِشِينُ,"(In comp ) Sitting, sitter, as"
comp,نَوازُ,"(In comp ) Cherisher, as"
comp,نِويِسُ,(In comp ) Writer.
comp,نويسيِ,"(In comp ) Writership, as"
comp,والا,"(In comp ) Exalted, as"
comp,واليِ,"). (In comp ) Of, as"
comp,وانُ,"(In comp ) Possessing, as"
comp,وَرُ,"(In comp ) Possessing, as"
comp,هَرَڻُ,"(In comp ) Taking, removing, as"
comp,هُمْ,"(In comp ) Mutually, similarly; fellow, co-."
comp,يابُ,"(In comp ) Finding, as"
comp,يابيِ,"(In comp ) Finding, as"
comp,ياوَرُ,(In comp ) Keeping.
comp,دانيِ,"(In comp ) Place, pot, as"
grandfather,تَڙَڎاڎو,"A great, great grandfather (paternal)."
grandfather,تَڙَنانو,"A maternal great, great grandfather."
grandfather,پَرَڏاڏو,A great grandfather (paternal).
grandfather,پَرَنانو,A grandfather (maternal).
grandfather,ڏاڏو,A paternal grandfather.
grandfather,ناگاهِ,"A mother's father, maternal grandfather. ( fem"
sneak,ٿِڙَڻُ,"To slip; evade, sneak, shirk."
sneak,ڪانئِرُ,"A coward, skulker a lazy person, a sneak."
sneak,ڪاهِلُ,"A lazy person, a sneak."
sneak,کسڪڻ,"To slip, slip away, slip out (of the hand, of a knot, &c.), glide away sneak off, skulk away, slink."
sneak,گانڊۇ,"A catamite, sodomite, ( Cinœdus ); a coward, sneak."
sneak,گُسائِڻُ,"or To miss or cause to miss, fail to hit, allow to pass by; to elude, practise evasion, shirk, sneak off."
sneak,گُسائۇ,"An evader, shirker, sneak."
sneak,گُسِيو,"). To miss or be missed, pass by without effect; to fail, not to succeed, miscarry, mistake; to sneak away."
sneak,گوٿِناٿُ,A sneak; one who shirks.
sneak,گَهِرُ,"or Headstrong, obstinate; a sneak."
trees,اَنگُڙيِ,The entanglement of feet in wrestling; inter-twining together (as of trees). A false charge or claim by which another is entangled.
trees,جُهو,"A blast of wind; a smart shower of rain; a thicket of trees, copse, coppice."
trees,جُهڳِٽو,"The tuft of hair at the end of a tail, a tuft of anything; a clump of trees"
trees,جَهَمٽُ,A grove of trees.
trees,جهمر,A tangle (of the branches of trees).
trees,جَهنگَلِ شِگافيِ,Clearing of trees and brushwood.
trees,ڍاڪو,A clump of trees. A hiding place.
trees,رُڪو,Dry (leaves or trees).
trees,ڪُهُڙُ,"A shade made of branches of trees, a booth."
trees,کوڙو,Multiplication tables. A clump or grove of trees.
trees,کَوْنرُ,n. Gum Arabic ; also the name of one of the trees producing it— acacia rupestris A sweetmeat made of gum.
trees,کيِرولِ,A kind of plum of which there are but a few trees in Sind. A kind of animal creeper.
trees,ڳۇڙهو,"Strong, as liquor,; deep coloured, as any dye; deep, strong, as affection; thick, dense, as trees or bushes."
trees,لاءُ,A general term for large tamarisk trees; a tamarisk tree.
trees,وَڻاهُ,Trees.
trees,وَڻُ ٽِڻُ,"Trees, shrubs, etc."
trees,وَڻراهِ,"Trees, a bush or tree in general; the vegetable kingdom. An avenue of trees."
trees,وڻڪار,"A shade of trees, a collection of trees."
trees,ويڙهِ,"A thick dense grove of trees, a thicket."
trees,ويڙهاڪو,"A copse, a clump of trees."
trees,هُڙهيِ,A grove of trees; a tree preserve.
dashboard,سُپِريِ,"The dashboard, splashboard (of a carriage). A brazen vessel for boiling milk, etc. in"
dashboard,پَکَڻُ,"The dashboard, or splashboard (of a carriage). The balance wheel (of a watch)."
crying,اوڇِنگارَ,Loud weeping or crying.
crying,اوراڄو,"Crying, weeping. Calamity, evil, ill fate."
crying,بُڪاءُ,"Crying, weeping, lamenting."
crying,دانهَن,"An outcry, crying, exclaiming, a scream, shout. A complaint."
crying,دانهون دانه لائڻ,To be crying out incessantly.
crying,راڙ,"Crying, roaring, constant crying."
crying,راماڻُ,"Noise, tumult; quarrel, weeping, crying."
crying,رنگهَہ,"Crying, complaining, fretting (of a child from sickness)."
crying,روڄُ,"Crying, weeping."
crying,رودَنُ,"Weeping, crying."
crying,رُئَڻُ,"To weep, cry. To bewail. weep for; to recite (one's sorrowful tale). Weeping, crying."
crying,رئيِ ڎيڻ,To burst out crying.
crying,رئڻائيِ,"Weeping, crying."
crying,رُئِڻو,"A weeper, one easily made to cry or complain; a niggardly person. Crying, weeping."
crying,ريِن ريِن,The crying (of a child).
crying,زاريِ,"Crying, weeping, lamentation. Supplication, entreaty."
crying,ڪيِنَرُ,"A musical instrument like a fiddle. Crying, complaining. ڪَيْنسِريِ ، ڪَيْنَسرِ See"
crying,وَلاڙَ,"Crying, weeping."
crying,وِيتِ وِيتِ,The rubbing a finger of one hand up and down on the palm of the other and crying out these words to any one to anger him.
crying,اُٻِڪارَ,"Sighing, crying."
hills,تلْيِ,A low ground between sand hills.
hills,ٽَڪِرَڻُ,"or Of the hills, hilly, a mountaineer."
hills,جابِلۇ,"Of a hill, of the hills, mountainous."
hills,چانڪو,A cruciferous plant found in the hills.
hills,چوْڎَاريِ,A small plant found on the hills.
hills,ڇِپِرو,Of the hills or highlands.
hills,ڇَپَرُ,"An eyelid. Grass thatched on a frame and put up for roofing. Highlands, a range of hills. ("
hills,ڏونگريِ,"or Of the hills, a mountaineer."
hills,ڏُهَڻُ,"A kind of tune, or verse. A valley between sand hills."
hills,ڪِروٽُ,Skimmed milk cheese made in the hills.
hills,ڪولِمِيرُ,"Species of grantea, etc.—plants growing in the hills."
hills,گنجو,Scald-headed; bald. The hills running south on which Hyderabad is built are called
hills,لَڪُ,A pass between hills or through a mountain.
hills,روهيڙو,Iron wood of the hills ( tecoma undulata
hills,لوه لاڪِڙو,Iron wood of the hills.
hills,ماٿَرِ,"Low ground below a hill, a valley, a vale, dale, high level land stretching between the tops of hills."
currencies,مَٽا,"The excess in the difference of exchange between the coins of two currencies, or what is paid for such exchange; discount."
sue,ڇِڪَڻُ,"To pull, haul, strain; to smoke (a pipe); to dun, importune; to challenge. To distil. ( law ) To sue. To woo."
tibet,سُرَهَ گانئي,The yak of Tartary or bush-tailed bull of Tibet.
toilette,ڦَڻيِ ڦۇڪارو,The act of performing the toilette; toilette.
pat,ٿاپَڻُ,To pat the back in benediction.
pat,ٿاپيِ,"To place an idol in its temple; to enthrone or invest with authority; to appoint to any duty. To fix, ordain (a law, &c.). To stick flat pieces of cowdung against a wall, &c., to dry. To pat and flatten cakes of cowdung, etc."
pat,ٿَڦَڻُ,"To pat, flatten by patting (as a cake); to clap against a wall (as cowdung.) To apply thickly (any medicine)."
pat,ٽِپِڙ,"To tap, pat."
pat,ٺاپُرَڻُ,To pat.
pat,پُٺيِ ٽَپُڙَڻُ,"To pat the back; to say bravo, to encourage."
surroundings,ڇَڪَ,"Surroundings, vicinity."
starts,ٽاهِڙُ,"or One who starts or is frightened at trifles; a shying horse, etc.; timorous, shy; wild."
starts,ڇرڪڻو,"One who, or that which starts."
starts,ڍيِمين ڍيِمين,"Occasionally, seldom. By fits and starts, slowly. Some few, some little; scattered thinly here and there."
causes,باديِ,"Flatulency. Flatulent, what causes flatulency."
causes,ڀاڃۇ,"A breaker, that which causes breakage."
causes,جَنجاليِ,"One who causes trouble, etc."
causes,ڇَٽو,"A stroke of wind that causes madness. A wasp's nest, a bees' hive. Green putrid scum on standing water. Calm. (Shah)."
causes,ڏوکيِ,One who causes pain or grief.
causes,رِپَ,"An enemy; a calamity. Any thing or person that causes awe, fright or astonistment."
causes,سَمِيعُ,"A hearer; one who causes to hear, a title of God."
causes,مُڍو,A disease in horses which causes lameness.
jerking,فِنڊَڪَ,A fillip; jerking any thing with a sharp blow of the fingers.
bred,ٽِڻِڪُ,A low bred or ill-bred fellow; an urchin.
womens,چَڙو,"A small bell for hanging round the necks of cattle. A silk cord in three lashes with which womens' hair is plaited, a braid (of hair)."
everybody,عَلانِيَه,Openly; in public; before. everybody.
feathers,ٽيڙَنِ ٽُٽو,"(With feathers broken) Lazy, slothful."
feathers,طُرو,A cockade a plume of feathers; a nosegay; an ornamental tassel in the turban
feathers,ڪلنگيِ,"A cockade, plume; tuft of feathers on a bird's head; a cock's comb; a helmet."
feathers,کِچا,New feathers of the tail of a bird.
feathers,کِچِرُ,A bird having fresh feathers after moulting.
feathers,کِچو,The fresh young feathers of a bird after moulting. Mixed.
feathers,کَنڀِرُ,Feathered; having much feathers.
feathers,کۇنڌَڻُ,To disentangle; to make clean; to pluck; (feathers).
feathers,مورِڇَلُ,A fan of peacock's feathers for driving away flies.
feathers,موزَپَرُ,A pigeon with feathers on its feet.
feathers,آکاروڪَرَڻُ,To spread feathers (as a peacock).
feathers,پَکيِ,) One who catches water-fowls by putting feathers of a bird on the head.
punished,سيڪڻ,To toast warm anything before or with fire; to foment. To smart (as a person after having been punished.)
punished,مارَڻُ,"Beaten, punished; naughty. A child is so called when scolded by its mother, or a husband by his wife."
relating,پَيْماشيِ,Relating to measuring.
relating,ماتمي,"Of, or relating to mourning."
relating,مَجۇسيِ,"Of, or relating to the magi."
relating,مَسِيحي,"Of or relating to the Messiah, Christ-like, Christian."
relating,نوابيِ,"Relating to a nawab. a Deputyship, a governorship. A kind of thin silk cloth."
caused,اُٿﮡ,"To get up, rise: be caused, or occasioned. To leave (school)."
caused,ٻُچِڪارَ,"The sound caused by drawing in the air between closed lips, as done in playing with infants, calling or stopping cattle, etc."
caused,ڇائۇن,A black spot on the face caused by heat.
caused,ڇِڍُ,"The acts of, or annoyance caused by an evil spirit; a troublesome child."
caused,ڇِلو,"The lying in of a woman. Impurity caused thereby, or an account of small-"
caused,دَهْرَمَ,Inconvenience caused by keeping one in suspense.
caused,وِرِهُ,"Separation of friends or lovers, or the pain caused by such. Name of a tree."
correctly,سُبَتو,"or In a right manner, correctly, proper, favourable or fair (a wind); obverse, right (side)."
correctly,سُواٽُ,"or In the right road, or one moving so, of good disposition, with propriety or one so acting in the right way, amiably, correctly."
correctly,سَيان,"In the straight road; correctly, properly."
decorations,تاڙيۇن,"( ) The flags, decorations, etc. in the ""Mohurrum."""
decorations,جِهرْمِرِ,"Beauty from variegation of colours, or diversity of decorations; the effulgence of stars, many lights, etc."
looked,واهَرَ,"Protection, hope, or one looked to for protection. Aid, assistance, succour; news of one's state or condition."
detained,اَڙﮡ,"To be caught by anything, detained, worried."
detained,سَنگَہ,To be detained for custom-dues.
adv,اُلِٽو,"Upside down, not straight. adv. See"
adv,تَٿان پَٿان,adv. In extremis
adv,جِٿي,adv. See
adv,سلسلي وار,"Consecutive, serial; unbroken. adv. Seriatim"
horses,بَٺارو,"A class who keep horses, etc. for hire. A sutler, hostler. A great eater, greedy person."
horses,ٻَگهيِ,"A kind of fly that sticks on dogs, horses, etc., a horse-fly."
horses,تَگَڙْدُ,A sheet for camels or horses.
horses,توبَهَ,"A bag out of which horses eat gram, etc."
horses,ٺاڻُ,"The place where horses and cattle are kept, a stall in a stable."
horses,راتَبُ,"Livery, daily allowance, ration; a mash for horses, etc."
horses,ساڙُ,"Burning; pain, anguish, envy. A relapsing fever in horses. ( med ) Slough. Rotten (clothes)."
horses,ڪِلو,"A large peg driven into the ground to picket horses, support tents, &c. ( dim"
horses,لِڏِ,"The dung of elephants, horses, &c."
horses,ليڏۇڻو,"A lump of the dung of horses, camels, &c."
horses,مُڍو,A disease in horses which causes lameness.
horses,نعلبنديِ,The shoeing of horses.
horses,نِهاريِ,"A mash for horses, &c. Breakfast ( L. S )."
horses,هَٿيليِ,A kind of glove put on the hand to rub down horses with.
casts,منترباز,One who casts spells.
suck,چَڳَڙَ,A suck or pull at the breast.
suck,چَڳِڙَڻُ,To suck.
suck,چۇپَڻُ,"To suck, extract juice by sucking"
suck,چۇپو,"A suck. The discarded sucked remnants of sugar-cane, etc."
suck,چۇسَڻُ,"To suck up, absorb."
suck,چُٺو,") To soak up, suck up, absorb."
suck,ڌاتو,) To suck.
suck,ڏُڌو,") To milk; to draw out, suck (as leeches do blood); to clear out completely."
suck,کير پياڪ,"A suckling, one still receiving suck."
sweeping,ٻُهارِڻي,The act of sweeping; the pay for sweeping.
sweeping,چوتيِ,Sweeping clean (as by a thief).
sweeping,چَوْنڪو,"The figure four, cater Smearing with cowdung, &c. Sweeping clean as by a thief, or complete loss or destruction of any kind. A certain position of the pieces in the game"
sweeping,سۇمت لاهِڻُ,"To drive uncleanness by sweeping the house, cleaning the teeth, shaving, etc."
sweeping,ميڙسيڙ,"Sweeping up together, the act of sweeping; sweepings."
rave,بڦلڻ,"To talk in sleep; twaddle, prattle; rave."
rave,وائلجڻ,"To be blasted, injured by the blight, to become (food from staleness, &c.), such as to cause flatulency. To become insensible or delirious, talk folly, rave. To be infected (as a boil). To get wind, to be rumoured. To be affected by exposure (a patient)."
suits,ٻثيهوڏاجو,Thirty-two suits given to a bride.
suits,جِيسُ,"A match, what suits or tallies with another, a fellow."
suits,چَنگُ,A handful. The jew's harp. A kind of musical instrument like a fiddle. Name of one of the suits at cards.
suits,سُرْخُ,A tent pole. Name of one of the eight suits in cards.
suits,سُفيدُ,White. Name of one of the eight suits in cards.
suits,غُلامُ,A slave; name of one of the eight suits of cards.
suits,فِلووَرُ,Club (one of the suits of cards).
suits,ڪُماشُ,One of the 8 suits of Indian cards.
suits,نَوِڙو,A dowry of nine suits of clothes given with a bride.
prey,پَرَمارُ,(A bird living on the prey caug by other birds). An eagle.
prey,دَرندو,Ravenous. A beast of prey.
prey,دُغْزو,A net fixed on poles to catch birds of prey.
prey,دُئُريِ,Name of a bird of prey. Also See under
prey,شِڪارُ,"Hunting, chase, shooting, prey, game."
prey,شَوْنڪاڙُ,Name of a bird of prey.
prey,شَهودُ,A beast of prey.
prey,طُرو,given to birds of prey.
prey,ڪَيْْنچِنيِ,Name of a small bird of prey.
prey,گِريبانُ,"To growl, grumble (as a lion over its prey.)"
prey,لامارو,"The hovering of a bird over its prey; a swoop. Slanting, sloping, oblique."
prey,نۇچَ,Fixing the eyes upon (as a lizard does on its prey).
treaty,پَيْمانُ,"A promise, treaty, engagement."
treaty,نامو,A treaty of peace; a deed of compromise.
treaty,عهدنامو,"A writing of agreement, a treaty."
treaty,پئمان,"Articles of agreement, treaty of alliance,"
scented,باسارو,Scented; stinking.
scented,ٻُِڙو,A drop. A piece of cotton scented with essence of rose. A turquoise; any pebble set in jewellery.
scented,جَوْرُ,Scented oleander.
loved,اِڪيِلڌو,"(A child) not loved, or cared for."
loved,دادُلو,"or Darling, fondling, a favourite or much loved child."
loved,فِراقُ,Separation from a loved object; the pangs of separation.
loved,قُرْبِوَندُ,"Loved, respected."
loved,مُحُبُّ,"A sweetheart, a person loved, also a lover."
loved,مَعْشوُقُ,"A loved object, mistress, sweetheart."
strongly,تاءُاَچَڻُ,"To be inflamed, or excited, to feel strongly."
strongly,زورائتو,"or Strong, powerful; strongly, violently, strengthening."
strongly,ڳِجَهہ,A vulture. An importunate person. One strongly addicted to any vice.
phil,تَموگُڻُ,"The principle of darkness, delusion, etc., ( Hind. phil ); anger, passion."
phil,چيتن,"In possession of one's senses, awake, rational. Sensation, feeling; a sentient being, soul spirit; the Divine essence ( Hind. phil )."
phil,مايا,"( Hind. phil ) The delusive appearance of external objects which are in fact nothing but pictures of the mind; idealism, illusion, idle fancy, deception; the works of nature, nature; natural phenomena; power of God. Riches, wealth."
phil,نِرْڳُڻُ,( Hind. phil ) Without passions or qualities (an epithet of God).
shed,ڇاڻَڻُ,"To strain, filter; sift; to investigate, scan. To pluck out or off, to shake down (fruit from a tree); to shed its leaves (as a tree)."
shed,ڇَنَ,"A pond, pool; low ground on which grass has grown. A shed."
shed,ڇَنو,"A shed, house, shelter."
shed,گئۇشالا,A cow shed.
shed,ڳاڙڻ,To shed tears.
shed,ڳوڙهاڳاڙڻ,To shed tears.
shed,لانڍيِ,"A hut made of brushwood and thatched with grass, a shed."
shed,مانڊُئو,"A pavilion, a temporary building or shed."
shed,مَنڊَپُ,A temporary building or shed.
shed,مَنَهُن,"A shed, a thatched roof. A contribution made up at a wedding, &c., for the entertainer."
shed,منهن وڌيو,"An expression of regret at the birth of a daughter, in reference to a shed being needful for her wedding."
shed,وَهائِڻُ,"To cause to flow, to run, effuse; to drive (a pen); to dash off (an article, etc.); to shed (tears). To make one work or labour hard, to fag."
shed,هنجۇن هارڻ,To shed tears.
bark,بَهُڪَڻُ,a. t To bark (as a dog). باهوڙَ ، بَهُڪَ
bark,بهۇڙ,A bark.
bark,ڀوجَ پَتَْرُ,"The bark of a birch tree used in making 'hooqa' snakes, etc."
bark,ڀَونڪَڻُ,To bark.
bark,ڀَونڪَ,A bark.
bark,ڇِلَڻُ,"To peel, bark, husk, decorticate; to scale (fish); to dress (stone)."
bark,ڇوڏو,Bark. A chip. The scab (of a wound). ( Up. S ).
bark,ڇوڏيِ,"The bark of the Babul tree used in preparing spirits, and in tanning. The peel of the pomegranate. Mugil dussumieri —a marine fish; small fry."
bark,ڪانئِڦَلُ,n. Myrica sapida —a medicinal bark.
bark,ڪَنِرو,"Rhizophora mucronata , whose bark is used in tanning."
bark,ڪهيريِ,The bark used in dyeing.
bark,کَلَ,"Skin, bark, rind, shell husk, peel crust; a hide generally of a goat or sheep; leather."
bark,لوڊَ,"The bark of symploco s cratœgoides , used in dyeing and medicinally."
bark,مارُ,"A certain process in tanning by which the hair is separated from the leather; the ingredients by which this is done, tan bark."
bark,مَساڪُ,Walnut bark chewed by women to give their lips a bright red colour.
bark,مَيْدالَڪِڙيِ,"Tetranthera laurifolio , its bark is used in medicine."
bark,يَخيِ,A loud bark. Prattling.
bark,باهوڙَ,The bark of a dog.
tying,بارڪَشُ,A rope for tying a load with.
tying,ٻوکيِ,A method of tying a shawl or cloth round one's waist and shoulders.
tying,پَڳِڙيﯘن,Turban tying ceremony on the day of
tying,پينڍُ,A large rope for tying camels with.
tying,چَؤکَنڀو,"The tying one's hands and feet, pinioning."
tying,دَهَمَڙْدو,A stake fixed in the bank for tying a boat to.
tying,ڏنديِ,Tying a thread on the teeth of a comb for the purpose of getting out the lice from the hair.
tying,ڏورِڻو,The outside pin of a yoke. The cords tying down a camel's saddle cloth.
tying,ڏيٻَڪَ,A method of tying the waistcloth.
tying,ڍَنگُہ,A rope for tying a cow by the leg at the time of milking it.
tying,سڳڙيِ,The ceremony of tying the
tying,ڪَهيِ,"A tie, string for tying, a riband, tape."
tying,ڳاٽيِ,A peculiar way of tying a shawl at the nape of the neck.
tying,واجهُہ,"A rope for tying a bale, &c., with. See واجهائِڻُ . وَجهُہ To use expedients or shifts."
tying,ٻانڌِڻو,Cloth dyed after tying it in different places to prevent the parts tied from receiving the dye.
iv,آرِتِتو,An agent; commission agent. Page iii Page iv
iv,اَسيِ ڦُليِ,Purging (among cattle.) Page iv Page v
cracker,ٽوٽِڪو,"A recipe, receipt. A charm, filter or philter. A kind of small firework, a cracker. A little story, squib."
cracker,ڦَٿاڪو,"A cracker, a squib."
revealed,شُرْتيِ,"The revealed law, the Vedas"
ponds,سارِسانئون,A kind of grass that grows in ponds (its grain is used for food).
roots,اَصليت,"Roots, elements, fundamentals."
roots,بِهُ,"The roots of بيهيِ . پَٻُڻ Of, or prepared with"
roots,رُنبَڻُ,"To transplant, plant. To hoe, clean about the roots of a plant, loosen the earth."
roots,سَپاڙو,"With, or including the roots."
roots,سُنڍو,"Stubble, or the roots of corn."
roots,ڪوڍِيرُ,"A hill creeper, its roots are used as food."
roots,ڪُهَڙُ,"A heap of roots, thorns, &c., gathered together for burning in the fields."
roots,گڊُ,Dust. The small roots of a plant.
roots,لوڙهڻ,"To cause to float away or be carried off in a stream, to drift. To pluck by the roots (as munga"
roots,وارووَرَڻُ,"To have good fortune.) Andropogon muricatum —its roots used for khaskhas tattis The guinea-worm ( dracunculus ). The stopping of singing when music accompanies it, and having for a time only the music of instruments. A kind of tripping in wrestling. Time, reign, (as"
roots,پِنڊَئون,From the roots.
tricks,ڦِڪَلُ,"Tricks, artifice, stratagem."
tricks,چاڳُ,"Tricks, coquetry."
tricks,چاڳُلو,"Full of tricks or coquetry, a coquet."
tricks,چَچُلائيِ,The endearing tricks or fondlings of a child.
tricks,چَرْتِر,"Story, history; wiles, tricks."
tricks,چَشْمِبَنديِ ڪرڻ,"Sleight of hand, legerdemain, conjurer's tricks, juggling."
tricks,رهڙڻ,"To perform any thing, or work hastily and coarsely or in a clumsy manner. To scratch, scrawl, scribble. To get hold of another's goods by tricks and wiles."
tricks,شيطاني,"Devilish, of the devil. Devilment, devil's tricks."
tricks,فَندُ,"A noose, snare. Art, tricks, knavery, wiles. Perplexity, difficulty."
tricks,کيڎَ,"Play, tricks, expedients, dodge."
tricks,لَٽْڪو,"Incantation, philter, conjuring tricks, waggery, sly frauds. A fit of merriment or pleasure."
tricks,ناٽَڪُ,"Sorcery, bewitching. A play, drama. Feigning, making false excuses, tricks."
tricks,نَٽُئو,"A cockscomb, dandy, fop. Full of tricks, a joker."
tricks,نَخِريلي,"or One full of tricks and waggeries; a deceiver, trickish; affected."
tricks,واٽۇڪوٽُ,A winning of all the tricks in whist from the party that declares the trump.
tricks,ويِرُپَوَڻُ,To perform tricks as having been seized by a demon.
tricks,هرتالو,"Skilled in tricks and roguery, ambidextrous."
commissioned,سَنَديِ,"Covenanted, commissioned, accredited."
waters,پَنجابُ,(Five waters) The Punjab.
decay,زَوِاليَتَ,"Decay, ruin, decline."
decay,سَڙَڻُ,"To burn, be inflamed. To rot, decay, fade away, moulder, mortify, wither. To be envious."
decay,ڳارو,"The wasting away from grief, love, etc.; decay."
decay,ڳَرَڻُ,"To melt, dissolve; to waste away, pine away; decay, rot, wither; to seethe, soften in cooking; to be emaciated."
cry,اوناڙڻ,"To howl or cry as dogs, etc."
cry,ٻاڏائڻُ,"To cry, lament, weep."
cry,ٻَرورَ,The cry of a bird.
cry,ٻَِڙْڪَڻُ,"To cry, to scream, to shout."
cry,ٻوکَڻُ,To cry as a goat. To rut (as a he-goat).
cry,ٻوکَ,"The cry of a goat, bawling."
cry,تَنوارَڻُ,"To emit a sound, warble, chirp, cry (as a partridge, etc.); to call with a loud voice; to abuse, slander. To remember. To fan (a fire)."
cry,توبَهَ ڪَرَڻُ,"To repent, &c. to cry peccavi"
cry,ٿوُڪا,"inter In boys' play ""I cry quarter,"" ""I am tired""."
cry,ٽِڪْلوُٽِڪْلوُ,The cry of a
cry,پُڪارَ,"Cry, outcry; a complaint."
cry,پُڪارَڻُ,"To cry out, etc."
cry,بَہ هوش,"With care). inter The cry of warning to move out of the way, ho! hollo!"
cry,ڦاٽَڻُ,"To tear, split, rend, burst. To cry out, screech, howl."
cry,جَڪَڻُ,"To chatter, talk idly, gabble. To cry; to attempt uselessly."
cry,جَکَہ مارَڻُ,"To talk idly, trifle. To cry, attempt uselessly."
cry,چانگهَہ,"The cry of a parrot, &c."
cry,چانگهارَڻُ,"To cry as a parrot, &c."
cry,چِيِهوُ,"Digging, poking, paring with a spade; the place so dug. The whistling teal. A cry, a complaint."
cry,حاديِثو,"A complaint, a cry, a wail."
cry,حَشَرُ مَچائِڻُ,To cry or weep uproariously (as a child).
cry,ڌۇمَ,"Noise, tumult; the loud cry of fame."
cry,ڏاهُ,"An informer, one who raises a hue and cry, or gives intelligence of the approach of robbers."
cry,ڏَرَڻُ,"To cry aloud, shout. To fear dread. To split in two; to grind, coarsely, to split pulse grains by grinding. To guzzle."
cry,رَڙَڻُ,"To cry out; make an outcry, screech, roar, scream, bawl, call out, wail."
cry,رڙڪو,A cry.
cry,رُئَڻُ,"To weep, cry. To bewail. weep for; to recite (one's sorrowful tale). Weeping, crying."
cry,رُئِڻو,"A weeper, one easily made to cry or complain; a niggardly person. Crying, weeping."
cry,ريِهارَ,"A cry, bawl, scream."
cry,سَيْنَ,The cry of a beggar for alms.
cry,صَدا,"Sound, voice, echo. Mendicant's cry."
cry,ڪانگِ,"The cry of a crow; an urgent message, a message sent through a crow."
cry,ڪَرْڪَڻُ,"To cry with a screeching noise as some birds do ( e.g , the hanju"
cry,ڪُڻِڪارَ,"To cry out, to languish; cluck."
cry,ڪۇڪَ,"A screech, roar, yell, scream, shout, cry."
cry,ڪۇنجارَ,The cry of the Indian cuckoo.
cry,ڪۇنجَڻُ,To cry (as the Indian cuckoo).
cry,کُٽِ کُٽِ,The cry of young pigs.
cry,کِکاريِ,The cry or howl of a jackal.
cry,کيِکراٽُ,A cry of a jackal or fox when caught.
cry,ڀرڻ,"To be choking from inclination to cry, &c."
cry,گهوڙاگهوڙا,The cry of one suffering pain. Alack! Help! help!
cry,مَچائِڻُ,"To fatten; to rouse, excite, incite; to stimulate; to set up (a cry); to make flourishing, or lively (a school, etc.). To ferment, brew. ("
cry,مُهاڇِڙو,"A child born after the death of a child of the same parents, is considered to be always nervous and timorous, and is thus called. Easily affected to tears, liable to cry, lachrymose."
cry,ميڪَ,The cry of a bâsho bird.
cry,ميڪَڻُ,"To cry, weep, etc."
cry,نَعْرو,"A cry, shout."
cry,نِنَڻُ,"To weep, cry. To beg."
cry,وانڌو,"A cry, a complaint; dispute, quarrel, uproar."
cry,وڎوسڎ,"A loud cry, the Mussalman's call to prayers."
cry,ووڪَ,"n. See ووڪَڻُ . واڪو To cry out, shout."
cry,وۇئڻ,"To scream, screech, cry."
cry,عَهَدُ,"The cry for driving off a cow. Power of charming away pain, &c."
cry,هُشِ,or inter The cry by which a camel is warned to sit down.
cry,هِشِ,"The cry for driving off a cat, &c., hish."
cry,هَڪارَ,The hoarse cry of an animal.
cry,هَلَ,The cry for driving off a dog. The vertical pole to which the handle and the ploughshare are attached.
cry,هوڪَ,The cry or shout of a hawker or pedlar.
cry,هۇڪَ,"The hoarse cry of an animal. Alarm, consternation; a pain, shooting pain."
cry,هۇن,"inter The cry for driving on a camel; an exclamation of disapprobation, fie!; a grunt shewing the speaker attends; yes; here."
cry,هي هي,A cry to drive a camel.
cry,آلابُ,"Sound, cry."
cry,ٽيرَ,A cry.
stored,سَٿُ,"Stored, hoarded. Pressed down."
dashed,چَڪْناچۇرُ,"Dashed to pieces, bruised."
seek,ڏورَڻُ,"To wander about looking for any thing; to search for, seek."
seek,ڪانگَ اُڏائڻ,To seek an omen from the flying of crows; to long for.
seek,ڳورَڻُ,"To search for, seek."
seek,ڳولَڻُ,"To look for, search for, seek."
seek,گهورَ,") To offer up, give as a sacrifice, devote, immolate. To search for, seek. To sprinkle over."
seek,لڪلڪاڻيِ-لڪلڪوٺيِ,Hide and seek (the play).
seek,لوچَ,"To search for, seek, desire, wish for. لوڇِ، لوڇَ"
seek,وڄائڻ,"To inquire, search, seek out."
seek,وَئُڙَ,"To seek, look for, enquire after."
upset,اُٿلائﮡ,"To turn over, reverse, upset. To revise."
upset,زيرويچار,"To be upset, or topsy-turvy."
upset,ليٽائڻ,"To upset, overturn."
upset,ليٽڻ,"To lie down, recline; slope, or be sloping. To roll on the ground, trundle; to lean, incline, tend, tumble over and over or wallow, whirl round (as any thing thrown up in the air, a tumbling pigeon, &c.); slide down, lean over, upset; flow over or rise (as the river) till it overflows. A tumbler pigeon."
upset,ندان قيمت,"Reserved price, upset price."
doubled,ٿَهيِ,"A small pile; a pad of several clothes doubled up and put on a sore, etc."
doubled,جُز,A sheet of paper doubled up into leaves in forming a book.
enchanted,هرکجڻ,"To delight in, to be enchanted with, be delighted. To be tempted, induced, persuaded."
enchanted,هَڙْڪِجَڻُ,"To be mad or rabid as a dog, &c.; be seized with hydrophobia. To be enchanted."
beings,سَنگَڻُ,"To be suspicious, full of apprehension, timid, to fear (only spoken of human beings)."
sources,ٻِثِڻِ,A certain favourable position in the game of ٻثڻَ مچائِڻُِ . نَوَثِڻِِ To profit from two sources.
enters,گهيڙو,One who enters water first to lead others.
stretched,پَسِرْجَڻُ,"To expand; be stretched out, expand, dilate."
stretched,سَڙُه,Fallen and stretched out (said of a sluggard).
stretched,لَپَهِيرو,A peg fixed in the ground to which a rope is fastened for keeping the web in a loom stretched out.
pearls,پوتِ,"Small pearls, beads."
pearls,جوڙيِ,"A pair, especially of pearls. A kind of alchemy."
pearls,موتِيُنِ جيِ جهانئيِ,Seed pearls.
pearls,چيِنجهَہ,"Fine writing and with thin strokes; thin straws or sticks, &c.; small fine pearls, grains, etc. A collective body of any articles thin and fine is so called."
pearls,خاڪو,"An outline, sketch; a caricature, satire. A number of small pearls and turquoises."
pearls,داڻو,"A grain, berry, bead, one among pearls or of any kind of jewel. The mark of small-pox, a speckle, pustule, A spot on a playing card."
pearls,ڪِلَ,Glimmer (of pearls).
pearls,گوهريِ,"A seller of pearls,"
pearls,لَڙَه,"A string of pearls, etc.; a strand of a rope, etc.; a row, series. A fit, whim."
pearls,مانگهَہ,An ornament generally made of pearls to support a heavy nose-ring.
pearls,موتيو,"flower. Of, or adorned with pearls."
pearls,وِنڌَ,"Piercing or boring pearls, &c.; Gabbling."
pearls,ونڌڻ,"To pierce or bore pearls, &c. To talk nonsense."
washer,چَپِڙيِ,"An application of cooling ingredients put on the crown of childrens' heads to cool the blood. A kind of unleavened bread or cake, baked in two or more folds. The washer or roller adjoining a wheel. ( surg ) A splinter."
clouds,اُڌمڻ,To rise (as clouds or water).
clouds,آگمڻ,"To gather together (as thick clouds), brew."
clouds,ٻَنڌيجُ,"Retention of semen; holding in, (as clouds do rain). A fixed rate or fee. ٻُنڌَائڻ ، ٻُنڌَڻ See"
clouds,ڀَثارو,"Fat, good (an animal). Rainladen (clouds)."
clouds,ڀِرَڻُ,"To go, meet; set out; gather (as clouds). To be pleased."
clouds,ڇَمَڙُ,"Cloudiness, vapour; thin clouds."
clouds,دَلُ,"A host, a large army, a body of living creatures. A large body of clouds."
clouds,غُبارُ,Clouds of dust; mist; weight on the mind.
clouds,ڪارۇنْڀار,"In great quantities, or with great force; lowering (clouds)."
clouds,کَنڊَکَنڊَٿَيڻُ,"To scatter, disperse (as clouds)."
clouds,گهَٽا,Heavy clouds; a close crowd.
clouds,لَسَ,"Dark thick clouds, cloudiness. A kind of sickle with a smooth edge. A sandbank, a quicksand. Smoothness, level smooth land, &c. The country to the west of Sind. Innumerable, many."
clouds,لَسو,"Milk and water, butter-milk and water. Thick heavy clouds obscuring the sky, cloudiness. A sickle with a smooth edge; a pole with a sickle attached to one end for plucking fruit, etc."
bot,اَنگۇرُ,( bot ) A germ; sprout. Granulations in a healing sore.
bot,اوڌَ,"( bot ) Soboles, sucker."
bot,بوُنب,A knob. The round ornament at the top of a dome. ( bot ) Spadix.
bot,ٻُچِو,"An infant, a child; the young of any animal. ( dim ٻَچَِڙْوالُ . ٻَچِِڙو One with a family). Pith. The wrist. A part of a lock. A hardened lump in soft sugar. The kernel of a cocoanut. ( bot ). Soboles, a sucker. The dorsal part of the backbone (of mutton)."
bot,چِٽَڻُ,( bot Plumbago rosea — a medicinal root.
bot,رَجَ,Dust ( bot ) Pollen.
bot,سدابهار,"( bot ) Evergreen, perennial."
bot,ڪُت,"A small light coloured kind of a gnat or mosquito; a sand fly. ( bot ) Pubes, hair on leaves."
bot,ڪَڇو,"The side of a boat. A chuddy, drawers covering only the thighs. ( bot ) A tendril."
bot,گَوْنٽُ,Kernel. ( bot ) Corolla.
bot,لِنگُ,The small smooth conical stone placed on a pedestal which is worshipped as the emblem o Siva ( gram ) Gender. ( bot ) The phallus.
bot,ماديِ,See مادي وارُ .مادِ ( bot ) A pistil
bot,نَرُوارُ,bot ) Stamen
bot,اوٽِيڙو,( bot ) A tiller.
exposing,پِڙيِ,A carriage-stand. A small vendor's stall. An open level piece of ground prepared for any use as exposing grain for sale. ( hunt ) An open space into which pigs are enticed to be shot.
houses,ٽُئَو,"A kind of matting of plaited rushes or twigs used for roofs of houses, etc."
houses,پَکو,"A kind of mat used for roofs of houses, etc. A punkha; a large fan. A place of refuge, roof. ( dim"
houses,گورابُ,A ship.the roofs of houses.
houses,گوراگَلِ,The clay put over mats on the roofs of houses.
houses,نَوْبَتَ,"A certain tune or set of notes played on a kettle-drum or trumpet at the gates of great men's houses or at temples at fixed intervals. A time, turn tour. ( agr ) Rotation."
comparing,قِياسُ,"Measuring or comparing by reason, thought, consideration; kindness. A syllogism."
shave,پاڪيِ ڪَمائِڻُ-کَڻَڻُ,To shave the pubes
shave,پاڪيِ ڪمائڻ,To shave the private parts.
shave,ڪۇڙَڻُ,To shave.
shave,پاڪيِ کڻڻ,To shave the privates.
shave,لاهُ,"To strip off, cause to descend, lower, to degrade; to put down(a boy in a lower class); pull off (as clothes), take down or off, to take (pots)off(a potter's wheel); to cut or shave (hair); to reap down (a field); disembark; to cut off (one's head); to lay (an egg); to adjust, settle or close (an account); to take out, efface; to pay off, liquidate (a debt); to repay (an obligation); to abolish; finish(a work).To deduct, subtract (in accounts); to cure (a disease), to turn out (of caste); to quench (thirst), to calm, appease."
shave,مُنڊَڻُ,"To close, check, stop or transfix, charm (by incantations), make spell-bound. To affix a seal, seal up. To shave (a disciple or a pilgrim)."
ruined,اُجڙ,"Desolate, ruined."
ruined,آجهڙڻ,"To wander about idly, saunter; be lost, ruined."
ruined,بَرِباد,"Ruined, destroyed, lost."
ruined,ڀاڎَ,A very blunt sword. A ruined well or pit.
ruined,ڀَثِڻِ,"Ruined, destroyed."
ruined,تَباهُ,"Ruined, undone."
ruined,تَئيِ,"A hollow frying pan. Heat. Tyranny, oppression. Dried up parched (a crop), ruined, desolate. On, upon, at, against."
ruined,پائِمالُ,"Down trodden, ruined, destroyed. ( abs n"
ruined,چوڙ,"Destroyed, ruined, waste."
ruined,خَرابَُ,"Bad, evil; ruined."
ruined,ڌڪاڻو,"Broken, injured by a blow. Reduced in circumstances, ruined."
ruined,ڏَڀَڻُ,"To be ruined, done up."
ruined,زافُ,Ruined.
ruined,کَيِٴ,"Destruction, ruin. Destroyed, ruined."
ruined,لُٽْڪَڻُ,"To wander, move about; be dissipated, ruined."
ruined,لَئيِ,"For the sake of, because of. Destruction. Destroyed, ruined, mingled. Absorbed (in the Deity.)"
catches,پَکيِ,) One who catches water-fowls by putting feathers of a bird on the head.
stopping,ٻَجهاءُ,"Bond, fastening, tie, stopping."
stopping,ٻُچِڪارَ,"The sound caused by drawing in the air between closed lips, as done in playing with infants, calling or stopping cattle, etc."
stopping,ٿَمُ,"Stopping, ceasing. A lair."
stopping,پَرَٻَهَرو,"or Passing outside, coming or going direct to or from any place without visiting, or stopping anywhere."
stopping,مُنڊَڻُ,") Closing, sealing; a seal or impression of a seal. Stopping any one in any act and transfixing him by incantation. Food given on the 3rd day after a death to friends of the deceased."
stopping,مَئيِ,"A brush or scrub for cleaning with, a malkin. A tuft of grass for setting any thing on fire, or for stopping up the mouth of any vessel containing liquid."
stopping,وارووَرَڻُ,"To have good fortune.) Andropogon muricatum —its roots used for khaskhas tattis The guinea-worm ( dracunculus ). The stopping of singing when music accompanies it, and having for a time only the music of instruments. A kind of tripping in wrestling. Time, reign, (as"
stopping,هِڪَ سارِ,"Without stopping, uninterruptedly, unintermittingly. Alike, of one sort or kind."
stopping,هڪ لس لۇه,"Without stopping, straight, direct."
cords,تارازو,The cords of a scale. The triangular looped string of a paper kite.
cords,مُڃَ,the cords connecting the two sides of the wheel of a spinning wheel. The knee or leg above it used as the lap.
cords,ڏورِڻو,The outside pin of a yoke. The cords tying down a camel's saddle cloth.
cords,سيجِبَندُ,Cords with which the sheet is fastened to the legs of a bed.
cords,وَٽِڻو,"Obtainable, to be gained. A stick or spindle on which thread is twisted. The stick upon which Brahmins prepare their sacred cords."
xi,ٻُچيِ ڏاڙهيِ,"Forked, or French beard. Page x Page xi"
xi,ڀاياڻو,A partner. Page xi Page xii
krishna,ساوَڻُ,which is the birthday of Krishna.
krishna,راسِ,A sign of the zodiac. The circular dance of Krishna and the gopis
krishna,راسَ ڌاريِ,Dancing boys who act the parts of Krishna and the gopis
krishna,راس ليلا,The amorous sports of Krishna etc.; the religious play so called.
krishna,سانوَلُ,"Swarthy; title for Krishna, and also for, or in praise of, lovers."
krishna,شِيڪِشْڻُ,The Hindu deity Krishna.
krishna,ڪانُ,An arrow. A title of Krishna.
krishna,ڪِرْشِنُ,"Dark, black. Krishna, the 10th incarnation of Vishnu, the Apollo of the Hindus."
krishna,گوپيِ,"A female cowherd joined as companion to the image of Krishna, a milkmaid."
krishna,موهَنُ,"One whe fascinates; sweetheart. An epithet of Krishna. a Fascinating, charming, captivating."
bubbles,ڀُڻِڪَ,"Bubbles in glass, etc."
grains,آڻُ,"Grains of tares, &c. found in rice. اُڻَپَ، اُڻَتِ، اُڻاتِ، اُڻاتَ"
grains,بيسَڻُ,Flour of pulse grains.
grains,پَنبو,Fine grains of any thing; any thing pulverized.
grains,ڦَريِ,"The pod, or legume of pulse grains. A plaintain. The clove, or small bulb of garlic."
grains,چۇنگيِ,A few grains of any grain. An octroi tax.
grains,چيِنجهَہ,"Fine writing and with thin strokes; thin straws or sticks, &c.; small fine pearls, grains, etc. A collective body of any articles thin and fine is so called."
grains,ڏُٿُ,Wild grains.
grains,ڏَرَڻُ,"To cry aloud, shout. To fear dread. To split in two; to grind, coarsely, to split pulse grains by grinding. To guzzle."
grains,ڏوٿيِ,"One who lives on a seller of such grains; an inhabitant of the wilds. Zealous, earnest in business."
grains,سَتۇن,"( indic ). Fried grains of wheat, &c."
grains,سۇڙِهيِ,The bits and dust of split pulse grains formed in splitting them or separating the husk in a coarse mill.
grains,ڪورَڙِ,Plants sprung up from seed that had fallen from a previous crop. Grains of pulse that will not soften.
grains,ڪيرو,"Small grains amongst wheat, &c., taken out in cleaning. Spotted fruit (of a garden). Fall of leaves; autumn. See"
grains,کَنيِ,A kind of dish made from barley or other grains. A scrap of bread.
grains,گَڎَهْرو,An insect destructive to pulse grains.
grains,گۇندو,"The corners of a cloth tied by a knot so as to form a bag in which are put the heads of grains in reaping, &c. A warren, a place for keeping fish in a river. A joint, socket (of the knee, etc.)."
grains,ڳارو,Half ground grains left between the stones of a mill. See under
grains,پَنجَ ڪَڻيِ,"Five grains, any thing that is received by way of alms."
greece,يۇنانُ,Greece.
promised,حۇرَ,A virgin of paradise promised by Mahomed to all good Mahomedans in the next world.
thunder,ڌَڌِڪَڻُ,"To roar as thunder, &c., to gurgle."
thunder,رَعْدُ,Thunder.
thunder,ڪڙڪاٽ,"A crackling noise, crack or crash (of a falling house); the pealing of thunder."
thunder,گاجِ,A superior kind of wheat produced in Kutch. Thunder; a loud noise.
thunder,گَجَڻُ,"To thunder, roar. ("
thunder,گَڙْکاٽُ,"The noise of falling water, &c. Thunder."
thunder,گُڙَڻُ,To thunder. To be covered (as a sheep).
thunder,گوڙِ,"Thunder, a peal, a rumbling noise."
monkeys,ڪَهيريِ,One who takes about monkeys and bears to dance.
served,پَهَتِ,"Grain boiled in water and served up thin. The juice of the sugar-cane of the first boiling. Concord, reconciliation; pleasure, choice."
served,پَرْچائۇن,) A dish of food served out for an absent Brahmin at a
engaged,جُنِبيو,") To be zealously employed, be deeply engaged. To make for, go forward."
engaged,رُڌو,") To be engaged busy, busily engaged, occupied. To set to work, engage in."
engaged,رنڀيو,") To be engaged, busy, busily engaged. To set to work, engage in. To be occupied."
engaged,غَلْطانُ,"Sloping, inclining. Sunk, absorbed, deeply engaged, immersed."
engaged,ڪٽولڳڻ,"To taste sour); to be galled, chafed, sore; to have (as good fortune); to pinch (as the shoe); to be employed, engaged in; to be set (on fire), to be kindled; to be wounded, cut (as by a knife, etc.); to take root (as a plant); to shoot, germinate; to seem, look (as"
engaged,مَشْغوُلُ,"Employed, busy, engaged"
faced,مُنهُن,") Faced, as"
establishments,رسائيِ,The system of supplying necessaries gratis or at a nominal price to officials and their establishments whiletouring.
depends,جُہ,"When, as soon as. fem Who. An inflection of the Of, used when the noun, on which it depends, is in the nom pl. masc"
depends,سَندو,"Like Declinable as an objective, and agreeing with the noun it depends on). Of, or the peculiar property of, personal. The pers. pronouns are affixed to it, thus"
rob,ڦُرَڻُ,To rob.
rob,لُٽِ,"). To plunder, pillage, rob. To lavish, waste."
slap,بُجو,"A cuff, slap."
slap,تَماچو,A slap.
slap,ڦوڪو,"A slap with the hollow palm of the hand given in shampooing, a slap on the arms. Obligation, weight of obligation (as"
slap,ڦَهَ ڦَهَ,"Beating, striking; the sound of a slap or blow (in quick succession), a shower (of abuse); a thud."
slap,چَٽَڻُ,") Liking for, desire after, taste for. A slap."
slap,چَپاٽَ,"A slap, cuff."
slap,چَماٽَ,A slap.
slap,چَنبو,"Claws, talons; grasp; pounce; a handful; a slap. The name of a flower tree (""Michelia Champaca"")."
slap,دَسْتَڪُ,A slap with the hand. A summons. A wooden handle used as a knocker.
slap,لَپاٽَ,A slap on the face; a cuff.
slap,مِرِچِڙيِ,A blow or slap with the index and middle fingers joined.
remembers,نَوْدُ,"Felt. Stupid, as is the intellect of one who remembers not what he hears or learns (as a needle stuck in felt and withdrawn leaves no hole)."
stew,داسُ ڪرڻ,"To stew (vegetables, etc.)."
stew,دمپخت,A stew; a kind of دَمُدِلاسو .پلاه False hopes.
stew,دَمَڻُ,To stew.
stew,رَڌو,"To boil (victuals), stew; to cook."
ali,راڳڻيِ,"Of Hussain, the son of Ali, a title for Sayads, faqirs , &c."
ali,خارجيِ,A schismatic; one of a Mah. sect who exclude Ali from the khalifas
ali,دُلِدُلِ,The name of the mule of Mahomed or his son-in-law Ali.
ali,ذۇاَلْفَقارِ,The two edged sword of Ali
ali,شِيعو,A follower of the sect of Ali.
ali,عَلْويِ,A descendant of Ali
ali,ڪَرْبَلا,A place in Iraq where Hussain the younger son of Ali was slain and buried.
sigh,آهَ,"inter Oh ! ah ! A deep sigh evoked under a sense of wrong, a curse. Fondness for, desire to retain. ( poet ) Hope."
sigh,ڀَرَڻُ,"To fill, infuse, saturate, cover with; bedaub; load (a gun), lade (a boat, etc). To pay, re-imburse, pay the penalty, make good. To embroider. To take (a mouthful), heave (a sigh); To repeat (the creed); repeat, take (an oath), bear (witness). To reel, wind (a bobbin). To measure (grain, etc)."
sigh,ٿڌوساه ڪڻڻ,To sigh.
sigh,شۇڪارڻ,To sigh.
sigh,شۇڪارو,A sigh.
sigh,شِيڪاروڀَرَڻُ,To heave a sigh.
goes,سُٿِرو,"Easy, facile. A shameless faqir who goes about knocking two sticks together and begging."
goes,فاتح خوانيِ,"The reciting prayers for the dead, a ceremony which goes on for some days after the death of a Mussalman, when the friends of the family all pay a visit and receive some food."
goes,ڪوٺائو,"A call; one who goes to call another, a messenger."
goes,مادرچوت,"slang ) One who goes wrong with his mother, a term of abuse."
goes,ماشو,", That part of the lock of a matchlock in which the match is fixed; it goes through the stock and is pulled as a trigger."
goes,مڱڻهار,A kind of beggar who goes from door to door playing on a musical instrument.
goes,ميڙائيِ,One who goes to a fair (
goes,هنگڻو,One who goes to stool repeatedly; a coward.
specially,اشٽ ديوُ,A deity specially chosen.
specially,ٽارو,"A branch, specially of the tamarisk tree; a stick, birch."
tester,پارِکُہ,"An examiner, a tester."
tow,رَسِ,The tow line of a boat.
tow,گِرَهڻُ,naut ) To tow or pull (a boat) through water.
tow,هودارَڻُ,( naut ) To tow (a boat).
terrific,ڀيتُ,"Terrific, fearful."
wears,جهوڪو,"The rushing of the river on one point which wears away the bank; a push from contact in passing, a poke."
wears,چوڙائۇ,"Strong (cloth, such as wears well)."
wears,ڪرڻ,A kind of fakir who always wears a godiri
wears,پاکِريِ,One who wears a pâkhar (armour).
lies,اَستﭔولڻ,To tell lies.
lies,ترائيِ,Low ground in which water lies. See under
lies,جُهڪِڻو,A beast that constantly lies down in driving it along.
lies,ڌوڌو,"Fraud, cheating, lies."
lies,ڍوريِ,"The hollow stripe in the blade of a sword. A hollow spot in which water lies, a pond."
oaks,بِسِفائِج,Polypody of the oaks.
fundamentals,اَصليت,"Roots, elements, fundamentals."
denied,ناڪاريو,"Negative, implying denial; what has been denied."
trades,ڪوٽِيو,A kind of vessel that trades along the coast.
pushes,ٻاٿۇن کائِڻُ,To suffer indignities or pushes (vainly in search of bread). To wait in enforced idleness.
counted,ڳاڻ ڳڻيو,"Allocated, designated, counted."
boys,اُس گهنبدُ ڻيِ,A boys' play performed by moonlight.
boys,بَنديِ,A native account book. A silk cord tied round the neck of boys on the last Wednesday of the month
boys,تۇتۇريِ,"A pipe or whistle made by boys of straw, etc. Tight, confined (as clothes)."
boys,ٿوُڪا,"inter In boys' play ""I cry quarter,"" ""I am tired""."
boys,پَٽي,"Waste, devastated. A rafter. A board on which boys learn to write. A bandage, band; a fillet. Insertion (as lace, etc.). A spot, place, space, distance. A sidelock flattened over the temple and brought round behind the ear."
boys,نَنڍيِ پوچَ,"The young generation (said of boys, as"
boys,ڦَرَهي,A small board; a board used by boys as a slate. The cross sticks in the wheel of a water-wheel. The leguminous plants.
boys,ڌائيِ راند,Name of a play played by boys in the water.
boys,راسَ ڌاريِ,Dancing boys who act the parts of Krishna and the gopis
boys,شينهن ٽَپي راندِ,Name of a boys' play.
boys,ڪَوَڙَوَڎيِ,A kind of boys' play.
boys,گَلَرِ,"A crowd (of boys, etc.)."
boys,گَنجيِ پِٽَڻ,A kind of boys' game.
boys,لَٽْڪَڻُ,"A stone, &c., tied to a cord and thrown up to drag down a kite by boys in play. Drops in the ears; any thing pendant; a pendulum. A wooden stand for a"
boys,ليٽ ڪبۇتر,Name of a boys' play which consists in those of one party guessing which of those of the other is covered up in a sheet.
boys,مشق پچائڻ,"To exercise oneself in writing, to write from a copy (as boys do)."
boys,ناگيلِ ڦۇسيلِ,A kind of boys' play in which stones are placed over one another and a ball thrown at them to knock them down.
boys,هارپائيِ,"etc.). A plough bullock. A pair of pallah fish. The chief of a party of boys in a game, others being called"
boys,هُدِڙيِ,A boys' game. هُدايدارُ ، هُدو See
bur,ڀَچَٽيِ,Bur desmochœta (a plant).
bur,صَيْقَلْگَرُ,"A polisher of arms, bur nisher; an armourer."
characters,ٻَهَ رۇپيِ,One who assumes various characters and disguises; a pretender.
logos,شَبْدُ,A sound; a word; the Logos ( Nanakpanthi ) A hymn.
outlines,ليِڪَڻُ,"To streak, mark or delineate before engraving or painting, sketch, to trace outlines, to rule."
cheeks,ڏينڀۇڙيِ,"A tattoo on cheeks, arms, etc. ( Up. S"
cheeks,ڳَلافو,The cheeks inside covering the jaws.
cheeks,مِٽۇنُ ڦۇڪَڻُ,To swell one's cheeks; to get angry.
cheeks,مِٽَ,). One with full fat cheeks.
cheeks,هوڪَ,A helmet; a cloth cap covering the cheeks.
bullets,کيِسو,A pocket; a leathern pouch for bullets.
knows,اَلاجي,"inter God knows! I do not know, perhaps."
knows,جِنائيِ,"One who invokes spirits, or knows the science of the genii."
knows,ڄاڻَڻَهارُ,"or One who knows, acquainted with; omniscient."
knows,ڄاڻي ڄاڻَڻَهارُ,God knows.
knows,حافِظُ,"A protector, guardian. One who knows the Quran by heart."
knows,گهڻ ڄاڻ,One who knows much.
knows,مَنجهُہ,) One who knows another's secrets.
knows,مَعرِفَتَ,"Knowledge, acquaintance. The 3rd degree of sufism when one knows the real Being. By means of, through."
knows,وَاَللهُ اَعلْمُ,"God knows, (I don't)."
knows,هَرْْٻولِيو,One who knows every tongue; one who can imitate different kinds of people.
curved,خمدار,Curved.
curved,ڪَجُ,"Crooked, curved; cross, perverse. ( survey ) A corner."
curved,مُدَوَرُ,"Arched, curved, circular."
curved,وڪڙو,A low temporary curved bund
resides,ڌرمسال,"A place built for charitable purposes, as for travellers to put in, &c. The place where a Nanik Shah Fakir resides."
resides,مَڙهيِ,"The place where a Sanyasi Fakir resides, a covent."
creating,رَچِنا,Invention; the thing created or the creating of it; creation; composition.
trusts,ٿورَويساهو,"One who trusts not others, suspicious, of little faith."
modes,راڳُہ,"One of the six chief modes in music; song, music, tune; air. A tone. Noise."
modes,سَرْجُ,"One of the 7 musical modes, the 4th note of the Hindu gamut."
modes,ڪانِڙو,One of the musical modes.
modes,مالِڪَوْنسُ,One of the six principal musical modes.
modes,مُلَحْظو,"One of the 6 principal musical modes, sung during the rains. Misty weather, cloudiness."
modes,ميگهُہ,A cloud; rain. One of the 6 musical modes appropriate to the wet season.
modes,وَڎَهَنسُ,One of the thirty musical modes.
modes,وِهاڳُہ,One of the modes in music.
pelican,پيڻِ,A pelican. پيڻاڍِيو، پيڻاڍيِ See
pelican,ڦيڻاهيِ,A pelican (
ministers,اَدکان دولت,Ministers of state.
tanning,ڇوڏيِ,"The bark of the Babul tree used in preparing spirits, and in tanning. The peel of the pomegranate. Mugil dussumieri —a marine fish; small fry."
tanning,ڪَنِرو,"Rhizophora mucronata , whose bark is used in tanning."
tanning,مارُ,"A certain process in tanning by which the hair is separated from the leather; the ingredients by which this is done, tan bark."
offered,ڀوڳَ,"Enduring, suffering. Enjoyment, luxury, enjoying sensual pleasures; venery. Food offered to an idol. Solemn ceremony at the conclusion of sacred reading (Hindu)."
offered,پِنڊُ,"A ball of flour, etc. offered on account of a deceased relation, or to the manes (Hindu). The body."
offered,چَڙَهڻُ,"To rise (in price, etc.); mount ascend, climb, get up; embark; improve (in health, etc.); approach the end of any business; be strung (a bow), be braced (a drum). To dry (as a wet land). To be overboiled (as syrup). To be offered up (as a sacrifice)."
offered,راڌاويڌيِ,The halving or dividing the difference between the sums offered by the purchaser and asked by the seller; a medium.
offered,روٽُ,"Thick bread, a kind of sweetmeat offered to the Deities (Hind.)."
offered,سيسا,Victuals offered to the river.
offered,صَدِقو,"A victim, offering, sacrifice; a thing offered up or devoted."
offered,ڪُنيِ,An earthen pot for cooking; victuals offered or consecrated at a saint's shrine and afterwards eaten or given to Fakirs
offered,ڪَڻاهُ,"a piece of bread, &c., offered to the deity."
offered,موکُہ,"Liberation, deliverance, emancipation, absolution, beatitude, salvation, final and eternal happiness. The return offering in money given to a Brahmin in lieu of something offered by him."
offered,مهاپرساد,The food or meat offered to a deity; mutton (a Khalsa term).
treating,سَهَجُ,"Quiet, ease, slowness, (opposite of haste and trouble). Bhang bruised and mixed with water. Treating with respect or consideration. Easy."
treating,هيِسَ,"Treating with violence, etc., bullying."
brings,سُپيرو,"or One who brings luck, well conducted, in a good manner."
brings,سُڌِتي ٻُڌِ,Fresh news brings new expedients.
brings,ڪارڄِڀو,"Black-tongued; that which brings ill-luck, inauspicious."
brings,ڪُلَدِروهيِ,or One who brings disgrace on his family. ڪُلَوَنتُ ، ڪُلَوانُ
brings,کاٽائۇ,"That which brings gain or profit, one who earns. Success."
brings,مهڻائتو,"or That which brings down the reproaches of another, tauntingly."
staying,رِهائِڻُ,"Stay, staying. Manners; life, business, etc."
staying,گوڎاٻيڪڙ,"Not staying long, a speedy return."
agents,سيٺِ,"A rich banker, merchant. The head of a firm in opposition to its agents or smaller sharers; a complimentary title. ( fem"
wonders,حدڪرڻ,"To terminate; to go beyond every thing, do wonders"
wonders,لِيلاَ,"Amorous sports; phenomena, wonders."
uncovered,نَنگو,"Naked, uncovered."
trumpet,تُريِ,A brass trumpet. A jeweller's scale. Certain kinds of
trumpet,صۇر,A trumpet.
trumpet,صۇراِسرافيِل,The trumpet blown by the angel Israfil at the resurrection.
trumpet,قَرْناءِ,"A kind of trumpet, a horn."
trumpet,نادُ,"A large kind of water vessel. A buffalo horn used as trumpet. Sound, roar. A conch shell."
trumpet,نَفِيريِ,) A horn or trumpet.
trumpet,نَوْبَتَ,"A certain tune or set of notes played on a kettle-drum or trumpet at the gates of great men's houses or at temples at fixed intervals. A time, turn tour. ( agr ) Rotation."
connections,پَرْوارُ,"Family, relations, connections Manifest."
connections,کانڀاڻيِ ڇڎڻ,To sever all connections'
covers,گَجُ,"A kind of bodice which covers the breast but is open behind, corset."
guessing,ڌڪيِ باريِ,Scuffling. Guessing.
guessing,ليٽ ڪبۇتر,Name of a boys' play which consists in those of one party guessing which of those of the other is covered up in a sheet.
dressed,چانئَُٺي,The dressing the hair by bringing it in a circle over the forehead and drawing the ends back behind the ears; the hair of one side so dressed.
dressed,چَهَچَٽو,"The variegated show from a number of fine things, or of persons finely dressed, a fine sight."
dressed,ڌَڄُ,Any thing superior in quality; any person or body of persons smartly dressed. Hair.
dressed,قَلِيو,Boiled flesh or meat dressed with anything.
dressed,ڪَڙهيِ,A dish of meal of pulse ( chana ) dressed with spices and sour milk.
spreading,پَکيڙَ,"Spreading out; expansion, extent, area."
spreading,فراس,"Spreading carpets, etc., the business of a"
losing,مُٿارَ,"). The losing one's way, difficulty, perplexity. A skirt taken up to hold anything in."
losing,گمراهيِ,"The losing one's way, perplexity."
losing,هارجيت,Winning and losing.
tap,ٽِپِڙ,"To tap, pat."
tap,ٽَڪورَڻُ,The sound of a drum; a tap.
termination,تَماميِ,"The end, termination."
termination,توڙُ,"End, conclusion, termination."
termination,پاراپو,"Termination, end, limit."
termination,ڇيڙو,"A perplexing affair, a troublesome suit. End, termination. The ornament. ed end of a turban. ( naut ) A cable."
termination,حَدَ,"Boundary, restriction, limit, termination."
termination,نڇيڙو,"Decision, settlement, arrangement, conclusion, termination."
guided,سِيرَ,That part of a stream where the current runs deep and strong; a channel; the deep stream. A crack or split. Name of a fish. The long string by which bullocks are guided in a plough.
varieties,چوراسيِ,Eighty-four. All the varieties of transmigration.
stakes,بَرْسو,The trebling the stakes in gambling.
stakes,جَڪُ,"A dam in the bed of a canal made from stakes filled in with branches, &c. A fit of rage."
stakes,داءُ,"Opportunity. A wager, stake; the doubling the stakes at"
stakes,لَنئُن,"Devotion, constant thought; attachment, love. A net fixed on stakes across a stream for catching fish, a weir."
departed,اوسيِوَنِڙو,A kind of lamentation for the departed; a dirge.
departed,اُتَرُ,"). A form of lamentation for the departed, a dirge."
departed,پَتَڻُ,"A ferry; ferriage. A small quantity of grain, etc. left as ferry-hire for the departed soul in carrying a Hindu corpse, or given by Mahomedans to faqirs at the grave. To cause to believe, be reconciled or appeased; to nurse or quiet (a baby). To understand."
departed,خَتِمو,Reading of the Quran for the departed souls.
departed,هَندَئِن,The first dish of food set apart at a shradh in memory of the departed souls ( Hind ).
departed,نِتْيانُ,Food given to a Brahmin for the benefit of the departed soul for the first 12 months.
washing,ٺَپَڻُ,"To beat out (metals). To affix a seal on property, to impress, print. To beat clothes with a stick in washing. To shuffle (cards)."
washing,پَڪاڪَرَڻُ,To calculate washing charges of.
washing,پَنجِسَنانيِ,"Washing the hands, feet and head."
washing,داٻُڙو,A block on which clothes are beaten in washing.
washing,ڌئارڻيِ,The cost of washing.
washing,ڌئڻيِ,"Washing, a wash."
washing,ڏُڱِريِ,A stick for beating clothes with in washing.
washing,سَٽَ,"Hurt, injury from a blow, &c. Speed, running a race, a sharp push or pull. The dashing clothes on a stone in washing. Pomp. See"
washing,سَٽَڻُ,"To dash (clothes on a stone in washing); to dash or beat on the ground, thrash. To throw, cast."
washing,سٽاڻيِ,"Charges for washing clothes, beating heads of grain, etc."
washing,سٽڻي,Dashing clothes on a stone in washing.
washing,طَهارَتَ,Washing either partially or fully; See
washing,غُسُلُ,"Bathing or washing, commonly of a dead body."
washing,ڪَچاوَٽُ,A slight washing (of clothes).
washing,ڪندُريِ,The beating clothes in washing.
washing,ڪيسيِ سنان,Washing the head.
washing,ڪپڙوکوڙڻ,To smooth clothes after washing and drying by beating them with a stick.
washing,گُرۇڙو,"Gargling, washing the throat; the water thrown after gargling."
washing,گَڙْْگَڙِ,"The sound made in washing the throat, gargling; guggling."
washing,گينڊيِ,"A basin, a hollow vessel for washing."
washing,مٿي ميرو,or Unwashed or without washing (after copulation).
washing,مَروڙَ,"Twisting, a twist; the rubbing (the hair in washing it); contortion, writhe; a griping of the bowels, tenesum, strain."
washing,مروڙڻ,"To twist, writhe, contort, distort, wrench; to rub the hair in washing it."
washing,مَناڙَ,"Shampooing. The preparing clothes for steaming before washing. Feeling, ascertaining by feel. Fatlings."
washing,مناڙڻ,"To shampoo. To prepare clothes for steaming before washing. To feel (a goat), ascertain by feeling."
washing,مَنائِڻُ,"To cause to shampoo. To cause to make up clothes for steaming before washing. To cause to agree or acknowledge. To observe or celebrate (a festival, &c.) To cause to accept (an invitation). To satisfy, soothe, conciliate, coax, cause to agree; propitiate (a deity)."
washing,مَنُ,") To shampoo. To make clothes ready for steaming preparatory to washing. To accede to, obey, acknowledge."
washing,نِنڀو,The leaves of a plant used in washing.
washing,وِهْنجارِڻيِ,The expense of washing a corpse. Bathing.
washing,وَهَڻُ,"To flow; run (a sore). To work (as a knife). To run (as colors in washing). To labour, work hard, fag, toil. To leak. To go ( Thar Dist ). A hamlet, village. A river or sea. A boat."
washing,پَنجَ اِشْنانيِ,"Ablutions, washing the head, two arms and feet."
unused,ڪورو,"New, unwashed, unused, blank (book). A coinage of rupees. A piece of fish."
swords,بيدِمالُ,"A wooden instrument used in polishing swords, etc."
swords,ڦَڙْڪِڻيِ,"The flutter (of a bird, kite, etc.). The loose piece attached to the cover of a book which laps over the front. The broad point of some kinds of swords. A small turban."
swords,چوٽ کائڻ,To suffer defeat. To measure swords. To bid (at an auction).
swords,کَپاٽيِ,"A piece of wood used in polishing swords, etc."
swords,مَڙَهو,"The casing (of leather, &c.), fixed on swords, scabbards, &c. A place of residence."
swords,وَڄائِڻُ,"To cause to sound, to play (a musical instrument); to strike. To wield swords, &c., in fight."
devoted,سَرڌالۇ,"Faithful, devoted in belief."
devoted,صَدِقو,"A victim, offering, sacrifice; a thing offered up or devoted."
devoted,فِدا,"Sacrifice, devotion. Devoted, dying for."
devoted,مستانو,"Intoxicated, mad. Enamoured, devoted to the Deity (a Fakir ); idiotic."
performs,ڀَثُ,"A Punchayet's attendant who performs various offices in marriage, &c. ( fem"
performs,حلاليِ,One who acts honestly or performs faithful service; legitimate.
performs,سڳڙئيِ واريِ,"The bridegroom's sister or other near relation, etc., who performs this ceremony."
performs,ڪرڻيگور,"The Brahmin who performs this ceremony, on the feeding whom on the 11th day the house become pure ( Hind )."
performs,کاهوڙيِ,"One who performs incantations over a snake-bite, etc."
performs,گاروڙيِ,One who performs incantations over a snake bite; &c. One who uses much intoxicating drugs or liquors.
performs,گيسر,One who performs gisi ; a lazy sluggard.
performs,مَنڊُ,") One who performs incantations or charms; a charmer, a serpent charmer."
performs,نِڪِرْتو,"A filthy person, one who performs not the ablutions, &c., laid down by the Hindu religion."
performs,نِمازيِ,"Devout, one who performs his prayers regularly. Pure, fit for praying in (clothes)."
sisters,وَهْيو,"n. Jowari bird, commonly called 'starling', also 'seven sisters'. The noise made to frighten away birds from a field."
has,اَنيڪَ,"Numerous, many. Previous Page [29] Next Page [31] Digital version of the dictionary has content for page 30 on previous page. Please click to next. Previous Page [29] Next Page [31]"
has,ڀاڙيُت,"That has lost its calf, but gives milk on being given food (a cow, etc.)"
has,تَريناڪَ,A sharp clever fellow. A bird of pray that has moulted.
has,ٿانئيڪو,(One) that has a fixed place; stationary; in a good or safe place; respectable.
has,ٺاٺارِڪيِ ٻِليِ,(A copper-smith's cat). One who has become callous.
has,پَليِتائيِ,"The match (of a gun). A paper in which a charm has been written, burnt in exorcising an evil spirit"
has,پوٿو,"A lump of rags used in smearing a room with earth, cowdung, &c. Besmearing, plastering. A cloth in which opium moistened in water has been absorbed and from which it is again expressed as required. ( Weaving ) A brush for wetting the piece of a warp which is being woven."
has,پِئَرِ,The water of the safflower dye left after the strength has been taken out of it.
has,جَجْمانُ,A client to whose custom a Brahmin has a prescriptive claim.
has,جَزْمَ,"The orthographical character ( ) placed over a letter to show that it is quiescent, or has no vowel following it."
has,جَمَعيِ,One who collects or has charge of Government stores or monies. A body of persons (as fishermen) under charge of any headman.
has,جَنگَمُ,"One of a class of faqirs who go about ringing bells. That moves or has life; animate, moveable."
has,چَگهوٽيِ,A woman who has a paramour.
has,چُنجهو,"One who has lost the hair of his eyelashes; purblind, short-sighted; confused. abs. n"
has,چَوْمُهِريِ,A state of the game in chess when each side has only one piece in addition to the kings in which event the game is drawn.
has,ڇيڪائۇ,A puller A great smoker; a dunner; one who works a whetting stone; a beast that has to be dragged along.
has,ڇَنَ,"A pond, pool; low ground on which grass has grown. A shed."
has,حاجيِ,"A pilgrim, esp one who has been to Mecca."
has,حَقِدارُ,One who has a right. Entitled to.
has,حمايتيِ,One who has a protector or patron. An aider.
has,دڏن جوچورُ,A cock that has no spur.
has,دفتربند,One who has charge of office registers or public archives.
has,ڏَڏَرُ,A crop when the grain has formed in the head but is not yet ripe.
has,ڏهاڳِڻِ,A wife who has lost the affection of her husband; a widow.
has,ڏهاڳيِ,One who has lost the affection or regard of others. Blameable.
has,ڏينهن ٺرئي,In the afternoon when the day has cooled.
has,رُنگَ,"The pressing for more etc. A little extra given above what has been purchased, something to boot."
has,رۇنجهو,One who has lost the hair of his eyelids.
has,رَهَدَارُ,One who has started on a journey or entered upon any work.
has,سَتاڙو,lit Seventh day). The ceremony of the husband taking his bride home a day or two subsequent to the wedding after she has visited her friends.
has,سِڌُ,"A holy man or saint, one who has subjected to his will the 8 sidhis"
has,سَڌَ,") One who wishes or desires to buy or do anything, but is too miserly to purchase or has not strength Straightness. of mind to act."
has,سُرۇ,"(A boy) that is tall for his age, or has grown up quickly."
has,سُڻاڻي,"Notoriety, ill fame, dishonour. The ceremony of visiting and condoling with one who has heard of the death of a relation in another place."
has,سُئا,An animal that has lately brought forth young. Dill— Anethum sowa
has,طَرِيقَتَ,"Way; a sect, a religious denomination. The 2nd degree or state through which a Sufi has to pass."
has,فرستو,One who excites a quarrel by letting any person know what another has said to his disadvantage. See
has,ڪِتو,What has been spun.
has,کيڻَ پاڻُ ڪَڍِيوآهيِ,The food has become stale.
has,اِبهيِٴڪڙيِ آيوآهيِ ڇا؟,Has he reached this stage?.
has,ڪُڪُ,"A stalk of juari , &c., that has not gone to head; a crop that has remained earless. ڪِڪائيِ ، ڪِڪاڻو See under"
has,کاڌَلُ,"Eaten; tasted; injured by insects, birds, etc. (as cloth, grain, fruit, etc.) worm-eaten, damaged; eroded; abused, deflowered (a maid); corrupted, (said also of one who has taken a bribe); indebted, under obligation."
has,کنڌائيِ,One with whom one has a running account.
has,کودڙو,"One who has no hair on the face, smooth-faced."
has,گوڎاکوڙُ,"A beast that has a habit of kneeling down, or that works itself on its knees in rising."
has,گۇنهَرِ,A cowrie that has become dirty.
has,ڳڀوراڙيِ,A woman who has a young child.
has,گهُنگهِڻيِ,A small kind of beetle. Boiled munga What is left of the tail of a dumbo (sheep) after the unctuous matter has been extracted by cooking.
has,لاچارکيِ سڀ روا,Necessity has no law).
has,لڳيِ آهي,"There has been an affray, or a melee."
has,لوٺِيو,"One who has no regard for virtue. or honour, a reprobate, abandoned."
has,ڏئڻات,"under لهڻيدار .ڏئارڻ A creditor, one who has to receive a debt."
has,مانهِين,"A grain of juari , &c., which when parched by fire has not swelled or burst. In presence of."
has,مٺائجڻ,To get a taste or liking for any thing one has before enjoyed. To become sweet.
has,مَجْنۇن,The celebrated lover of Lila ; one whom love has turned mad.
has,مورڙو,"A fresh new leaf, a young plant of tamarisk, &c., springing up on the river side when the water has left it."
has,موڻِ,has been put.
has,نارائِنَ ٻَلي,Performing an extra funeral ceremony for a person who has died of an accidental death.
has,ناڪاريو,"Negative, implying denial; what has been denied."
has,وانهۇنداوَرِيا,The wind has changed.
has,ورتيِ,A Brahmin who has a certain set of followers and receives regular dues.
has,مڇئي هاڻو,"Smelling of, or defiled by fish (as a pot in which fish has been cooked, etc.)."
has,هنجيی هليٿيِ,He has influence.
has,ٽيڪَ,) (One) who has formed a habit.
has,جُٺِيارو,One who has been ill-treated.
has,مُڱِرو,The offspring of Brahmin who has married a non-Brahmin.
souls,جنم جنم,Transmigration of souls.
souls,خَتِمو,Reading of the Quran for the departed souls.
souls,هَندَئِن,The first dish of food set apart at a shradh in memory of the departed souls ( Hind ).
demanded,تَهَطَلَبِ,"Quickly, speedily, as quick as demanded."
demanded,مَطْلوُبُ,"Desired; demanded, called for."
numbered,ماڻ ڀرجڻ,To be numbered (one's days).
tickling,ڪِتِڪوئيِ,Tickling.
snakes,ڀوجَ پَتَْرُ,"The bark of a birch tree used in making 'hooqa' snakes, etc."
snakes,نيچائيِ,A maker of huqqa snakes.
elephants,چيِڪاٽُ,"Creaking; the sound made by elephants, a harsh grunting noise."
elephants,ڪُنڍو,"An iron staple. A large hook. The spiked rod for driving elephants, an elephant goad."
elephants,گجپتيِ,"Possessor of elephants; a hero, a king."
elephants,لِڏِ,"The dung of elephants, horses, &c."
elephants,هَوْدو,An open litter for sitting in on elephants.
mus,بَمُ,"Bragging, humbug, a bluff, plausible pretence or story. Show, pomp; airs. ( mus ) Bass; bass-drum."
mus,تُنبو,"A pumpkin used as a float, or for making mus. instruments."
mus,تُنبيرُ,One playing on a mus. instrument.
mus,تَندرو,A stringed mus. instrument.
mus,چؤتارو,A four-stringed mus. instrument.
mus,مَرْغولُ,A crenated arch. ( mus ) Slur.
bodies,اِجرام,n. pl Bodies.
bodies,اِجرام سما,Heavenly bodies.
bodies,جَڙَڻُ,"To rivet, join (hard brittle bodies with fastenings); to set with jewels, stud with ornaments, to inlay."
mondays,مودَڪَ,"A kind of sweetmeat of certain proportions of flour, ghee , and sugar eaten on certain Mondays, in honor of Shiva by Hindu women."
sides,يگهيِ مَچَڻُ,To gain on both sides with little labour; to have a capital opportunity. ٻيلَهہ ، ٻيلَ
sides,پَهَلۇدارُ,"Having facets, or sides."
sides,ڦَڻيِ,A haircomb with teeth on both sides. The comb (of a loom). The sole—a salt water fish ( synaptura orientalis
sides,مُڃَ,the cords connecting the two sides of the wheel of a spinning wheel. The knee or leg above it used as the lap.
sides,چَؤڦيرِ,"or Around, about; on all sides."
sides,چؤڌاريِ,"or On all sides, round about, around, from all sides."
sides,چَوْگْرد,"or On all sides, around, round."
sides,چووائو,An unsteady wind that shifts from all sides.
sides,چَوْوَٽُ,"or Around, on all sides. Talk, conversation."
sides,ڇَڪُنڊو,"Hexagonal, of six sides."
sides,ڌاريِ پاسيِ,"Around, on all sides."
sides,ڍولَڪَ,A small drum beaten on both sides with the fingers.
sides,قِيامَ,Standing erect with the hands down by the sides.
sides,ڪنگيِ,A woman's comb notched on both sides.
sides,مُنڍو,"The ends of a parallelogram or of any long strip of land, &c., so shaped. ( surv ) Offset. The end sides or breadth sides of any thing. ( arch ) A header. The back part, shoulder. Blunt."
sides,ٻِپارو,From both sides.
sides,ٻِڇَلُ,"Being cut from both the sides. Intractable, ungovernable."
sides,سَمَدَرْشيِ,"Impartial, equally viewing both sides."
corrupted,بِگِڙَڻُ,"To be spoiled, corrupted, or deranged. To run riot, revolt."
corrupted,ٿَڙِجَڻُ,"To become corrupted, get into bad ways."
corrupted,ڦِٽِجَڻُ,"To go to ruin, be corrupted; become waste, be destroyed (as colour). To break; to coagulate. To have a difference or quarrel. ڦيٽَهَڙو،ڦيٽاڙو،ڦِٽوڙو،ڦِٽوڙ،ڦِٽاٹيِ"
corrupted,کاڌَلُ,"Eaten; tasted; injured by insects, birds, etc. (as cloth, grain, fruit, etc.) worm-eaten, damaged; eroded; abused, deflowered (a maid); corrupted, (said also of one who has taken a bribe); indebted, under obligation."
corrupted,کَرَڻُ,"To spoil, be damaged, spoiled corrupted, injured; to degenerate. To curdle. To change."
corrupted,نِبْتَرِ,"Lost, abandoned, corrupted."
corrupted,نبيرڻ,"Spoiled, corrupted, abandoned."
corrupted,وٿِْرجَڻُ,To be spoiled or corrupted.
corrupted,ونٺِيَلُ,"Corrupted, lost, abandoned."
corrupted,ڦِٽَڻُ,See under ڦِٽَلُ . ڦِٽائِڻُ In ruins; corrupted. Immoral (a woman). ڦُڦاٽُ ، ڦُڦَرُ ، ڦُڦيِ See
entering,دَخَلُ,"Entering on; interference, meddling."
entering,سَنڪِرانتِ,The sun's entering into a sign of the zodiac.
punish,ڪَڍَڻُ,To punish severely.
punish,جوڙَپُڄائِڻُ,"To punish, chastise."
punish,جهِينگارَڻُ,"To beat slightly, to punish by a light flogging. To go over cotton a third time in cleaning it."
punish,ساسِنائۇن ڌِيَڻُ,"To chastise, punish; snub."
punish,ڪرنهن لاهڻ,To punish (a person).
punish,کل اُتارڻ,To flay; to punish severely.
punish,گهچاڪڍڻ,"To crush, punish severely."
we,اَء,) We.
conserve,مَرْبو,"A conserve, confection, jam, preserve."
et,وغيره,"Etc., et cetera."
wagering,ٽِڪيِ,"(2). Exchange, substitute. ( com ) A wagering contract, speculation. A sale bill, or order for sale of grain."
boxes,ڪَويِٽُ,"Indian wood, or elephant apple, from the shell of whose fruit snuff boxes are made."
boxes,گَنجُ,"A heap, stack; hoard, treasure. A nest of boxes. A market, mart."
contained,سَمائِجَڻُ,"To be contained, find place in, go into. To be finished, come to an end (life). To be mingled together so as to be of like form and colour."
contained,ماپڻ,"To be contained, find space. To measure."
contained,مامَڻُ,"To be contained, find space."
contained,مانئِجَڻُ,"To be contained, find space in, go into."
contained,ويدانتَ,"The theological part of the Veda , as contained in the Upanishads ; a system of pantheistic philosophy, or monism so called."
dogs,اوناڙڻ,"To howl or cry as dogs, etc."
dogs,ٻَگهيِ,"A kind of fly that sticks on dogs, horses, etc., a horse-fly."
dogs,تَوائيِ,"or Adrift (as a ship). At random, without aim or thought, reckless; at fault, out of scent (as dogs in hunting); missed, wandering aimlessly, confused, off the path, scattered here and there."
dogs,ڪِرْفِتيِ,The excrement of man and dogs.
dogs,گۇنَهنَ,"Excrement of men, dogs, cats, &c."
dogs,لوڌَ,A pack of dogs. Driving out
dogs,لوڌيِ,A pack of dogs.
dogs,ڪُتَنِ هابِ,Fit for dogs.
dogs,ٽيِپۇ,A name given to dogs.
walker,پَنڌِڙِيو,"or Afoot, on foot. A walker, pedestrian."
walker,پيرِڙِيو,"or A foot. A walker, footman."
flavor,رَسْنا,"The tongue; taste, flavor."
flavor,لاءُ,"Habit, task. Flavor, taste, (as"
flavor,نہ لاءُ نہ ساءُ,"No taste, no flavor)."
seas,ڳچيِ سمنڊ,"A strait, the narrow passage between two seas."
worked,بَرْمو,A borer worked with a stick.
worked,ٻۇثو,"A bush, shrub, plant. A flower worked or printed on cloth."
worked,ڀَرتۇ,Worked with embroidery. (
worked,ٽِڪِڙو,"An ornament for the forehead, Pieces of glass worked on dresses. A kind of cake. Small spots of paint by Hindus on religious books, on goats before sacrifice, etc."
worked,پَٽوڪِڙو,A buck-board. A dress worked with silk presented by a
worked,پِڃِرانئون,"Open worked or with holes (done in wood, or with mortar, etc); latticed."
worked,پِرِهاٽي,A water-wheel worked with the feet.
worked,پيراٺيِ,A water-wheel worked by the feet.
worked,جاٺو,A flour-mill worked by cattle.
worked,چرخو,"A spinning-wheel; a large water-wheel worked by a camel or two bullocks; the wheel of fortune. Taking the four pieces of an opponent in the game چرخيِ .چؤپڙ A spinning jenny; a machine for twisting ropes with; a windlass; a ginning machine; a kind of firework, catherine-wheels. Watered by a Persian wheel."
worked,ڏَنڊُ,"The horn of the ibex, &c., used for blowing. A kind of exercise in which the upper body supported from the ground on the hands is worked up and down."
worked,ڍيٻو,A hard foundation of earth on which a light earthenware millstone is worked to separate rice from the husk.
worked,رَکَہ,Ashes. The corner or edge of a wall worked out in building. See under
worked,زِهَ,"An ornamental line worked round doorways, &c., in building."
worked,سَراهِ,"A pencil like a rod of silver &c., with which antimony is rubbed on the eyelids. Any round smooth and long rod or stick, a bar, shaft, an auger or the instrument used as such worked with cord, a drill. An axle-tree. The spike on which the bobbin is fixed in a shuttle. ( engineering ) A needle. A stitch."
worked,سيِراهيِ,A kind of gimlet or borer worked with a string.
worked,شَبِڪو,"Ornamental holes pierced through anything. ( arch ) Foil. A method for reducing coins, weights, &c., to a lower denomination, the account being worked out in a parallelogram or divided by diagonal lines after a certain fashion. Polianthus tuberosa"
worked,ڪَٽاهُ,A kind of ornamental flower worked in embroidery.
worked,ڪيِمِخوابُ,"Silk worked with gold and silver flowers; brocade, tissue."
worked,مُرْمِرا,"( Chena meal worked up and made into strings like vermicelli. Swollen, parched wheat, &c."
worked,مقيس,worked or woven into it.
worked,نارُ,"The large water-wheel worked by two bullocks or one camel. The spring or fountain through which water issues into a well. Catgut, a bow-string."
worked,هُرْلو,A Persian water-wheel worked by one bullock.
worked,هُڙْديِ,The frame in which a reel is sometimes worked.
registers,دفتربند,One who has charge of office registers or public archives.
escapes,سانگِهڙيِ,A hole in any water vessel through which the water escapes.
declares,واٽۇڪوٽُ,A winning of all the tricks in whist from the party that declares the trump.
swallowing,تِڪَ,A gulp in swallowing. Also See
swallowing,ڳِتَ,A swallow; swallowing.
swallowing,ڳِهَڻِ,Swallowing.
swallowing,ڳيِتَ,"Swallowing, a swallow, a gulp."
swallowing,اُرِڪَ,Swallowing.
quietly,ڌيرو,"Resolute, firm, sedate, gentle, patient. Composed. or ڌيِريِ . ڌيرائتو Softly, gently, quietly, leisurely."
quietly,سانتيِڪو,"or Of quiet disposition, gentle, placid, serene. quietly. Not highly flavoured or spiced, vegetable (food)."
quietly,گَهس ڦُسِ ۾,"Quietly, in hugger mugger."
quietly,ماٺيٹو,"or Silent, quiet, quietly, calmly, taciturn, serene. ماپُ، ماپَ"
quietly,هَرين هَرين,"Slowly, quietly."
cooled,ڏينهن ٺرئي,In the afternoon when the day has cooled.
cooled,ٺَپَ ٺَرَڻُ,"To be cooled down, be pacified."
spare,فالِٽۇ,"Spare, surplus, overplus."
spare,واندگي,"Disengagement from business, leisure. Spare time."
spare,وَڌيِڪَ,"Exceeding, excessive, greater, more, additional, immoderately, redundant, spare, superabundant, surplus."
divisions,پائو,"The leg of a cot, etc. A quarter, one of the fractional divisions into which grain is considered sub-divided in making the"
divisions,جوڳَ,"A yoke of oxen, &c. The duty of a ""Jogi""; religious meditation, union with the deity by means of abstract contemplation. The junction of stars, &c., (in astrology). Certain divisions of a great circle measured on the ecliptic. A fortunate moment, a good time. The dregs or strainings of strained bhang. a Fit, suitable, becoming, proper. To, for, (used in letters and hundis in respectful indication of the addressee or payee)."
divisions,رَوِيو,"The time the sun remains in each of the 26 divisions of the zodiac (viz., 14 days)."
divisions,کوڙيِ,"A heap of grain, salt, &c. In batai the grain is divided into khoris, i. e , divisions or shares."
divisions,وِئُٽَ,laying out ground for any purpose with marks and divisions.
expressing,ڏهوتر,"And 10 or with 10 (prefixed to &c., in expressing 110, &c.)"
expressing,سَتوتَرِ,"And 7 or with 7 (prefixed to &c., in expressing 107, etc.)"
expressing,نَڙوتَرِ,"And nine, or with nine prefixed to, &c., in expressing 109, etc."
expressing,هان,"Yes. An emphatic particle used with verbs, meaning ""Certainly, quickly,"" &c. inter An exclamation expressing surprise. From, out of."
consumed,کَپِيو,") To be expended, to be consumed, have a ready sale; to be wearied with labour. To be needful, be required. To be peevish, fretful. To nick, cut a nick, notch. ("
carved,چيروان,A sawyer. Having nitches carved.
creep,رِڙهڻُ,"To move slowly, get to one side, crawl, creep."
creep,سَرَنِ,"To creep, move, or be moved, crawl. To itch slightly."
submit,آڻ مڃڻ,To submit.
submit,تات مَڃَڻَ,To submit.
submit,پيشُ,"The vowel point (ُ) .پيشِ پَوَڻُ To surrender, submit."
submit,پيشِ ڪَرَڻُ,"To produce, adduce, urge; to submit."
submit,مَڃُ,") To respect, attend to, regard, observe, obey, heed, acknowledge, agree, assent, confess, yield, submit; believe; revere."
submit,نَنيو,") To bow, nod, incline; submit."
cushions,لَٻَڙَ,"n. pl Lightly padded, saffron-coloured cushions for the bridegroom and the bride at a wedding."
tales,ٽِٻُ,"Lying tales, extravagant stories."
tales,ٽِٻَ پَڙَهُڻ,To tell tales.
tales,شِرڙڦاڙَڻُ,To tell such tales.
tales,ڪَنَ ڀَرَڻُ,"To poison one's ear, backbite, tell tales."
tales,لَٻَڙَچَٽو,"A prattler of idle tales, an idle talker and one who cheats by flattering tales."
tales,هَبۇبُ,"Ridiculous, extravagant and fanciful stories, frightful tales."
padded,ڪُرْتو,A short upper garment padded with cotton; a coat.
padded,ڪرتيِ,A warm padded kind of long coat.
padded,گِڊيِ,A warm padded coat reaching to the ankles.
padded,گۇدَڙُ,A padded quilt. Old tattered clothes. A caste of Hindu fakirs
padded,لَٻَڙَ,"n. pl Lightly padded, saffron-coloured cushions for the bridegroom and the bride at a wedding."
sounding,بُڙْدُ,( indic ) A term used at chess when on one side the King only remains on the board. Destroyed. ( naut ) The sounding line or lead.
sounding,تانَگهہ,Sounding.
sounding,کَڎو,A deep hole. ( naut ) Deep water where the sounding line will not reach the bottom.
sounding,اَنُمانُ,"That is ever sounding, eternal (sound)."
sounding,ڎَنو,"Soundings, a place where a sounding line will reach the bottom, opp to"
nineteenth,اُوڻيِهون,Nineteenth.
edges,ٽَڪَڻُ,To mill (edges of coins).
edges,ڪٽورو,A thick edging woven at the extremities of a web; an ornamental braid sewn on the edges of a dress.
edges,ڪاتُ,A tool for cutting the edges of books with; a large knife.
edges,ڪورَڻُ,"To scrape out, to rub out, to scoop To cut smooth the edges of."
edges,کِيرُ,"A method of sewing together loosely two plain edges of cloth. Congratulation. Comedo, a small nodule on the nose, etc."
bombay,حَجام,A barber; a barber-surgeon. Bummalo or Bombay duck—a salt water fish.
bombay,سِڻي,The Crotularia juncea —Sunn or Bombay hemp.
tells,شِرڙيِ,One who tells such stories.
tells,شرطيِ,"Deceitful, knavish, who tells idle stories."
tells,گوزيِ,One who breaks wind; one who exaggerates or tells extravagant stories.
tells,هوريِ,One who tells such.
knees,توبَهَ ڪَرائِڻُ,To bring one on his knees. To teach an effective lesson.
knees,ڀَڃيِ وِهَڻُ,To sit on heels and knees.
knees,دۇزانو,The two knees.
knees,رُڪوُعُ,"Bowing the body, the hands placed on the knees in"
knees,ڀڃيِ وهڻ,To sit with the weight on the heels and knees; to kneel.
knees,گوڎاکوڙُ,"A beast that has a habit of kneeling down, or that works itself on its knees in rising."
dec,پوهُ,Name of a Hindu month (Dec. and Jan.).
dec,ناهَريِ,The 9th Hind month (Nov.—Dec.
citrus,ڪَرْنو,"A kind of citron— citrus medico An alembic, vessel for distillation."
citrus,لِيمو,"A lime, a lemon; also the tree citrus medica"
births,ڪاجُ,"Work, business. A ceremony of joy at weddings, births, &c. A festivity."
births,ڪارِجُ,"A ceremony of joy at weddings, births, etc. A festivity. Business, affair; object."
addresses,مُخاطِبُ,"A speaker, the person who addresses another."
looking,بالابِينُ,One looking from above.
looking,ڀَوَهَٿيِڪو,To wander about looking for something.
looking,پوچارَ,"Care, looking after."
looking,پُئَواريِ,"The following after to keep up intelligence of any one; remembrance of any thing or person passed or left, looking after, care."
looking,جهاتيِ,"Looking through a hole or round a corner secretly, peeping."
looking,دَرْپَنُ,A looking glass.
looking,دَرْسًَنيِ,Handsome. Payable at sight (a hundi A looking glass.
looking,ديِکَہ,"Looking intensely; excessive strain on eyes; photophobia, or in tolerance of light."
looking,ديکاديکيِ,"The looking at each other, or being within sight (of objects); mere show."
looking,ڏِتِ,"Looking earnestly; making much use of or straining the eyes. Habit, custom. ڏُتِڙْجَڻُ ، ڏُتِرْجَڻُ"
looking,ڏورَڻُ,"To wander about looking for any thing; to search for, seek."
looking,سارسنڀارسنڀال,"Remembrance; looking after, care."
looking,سانگائتو,"or With ease, without much trouble. In looking for one thing finding another also; at a good opportunity. Regardful, needful."
looking,سۇنجَهہ,"Looking about, spying here and there, inquistiveness."
looking,گهۇرَ,"Staring fiercely, looking dark and angry. Remembrance."
looking,لَلو,"Dependence, reliance, trust, hanging on or looking to one, hope."
looking,محتاجي,"Dependence, looking to another for help; indigence."
looking,مِيٽَ,"Closing, contracting, covering, concealing. Watching, looking after."
looking,نِرْتِ,"Sight, looking, eyesight Thought, mind. Dance."
looking,نِرْکَہ,Looking closely.
looking,نِگاهَ,"A look, glance, sight, view; observation, watching, looking after. Lustre, splendour."
looking,نِهارَ,"Looking at, looking for, viewing, staring, watching."
looking,وجهائتو,"or At an opportunity, conveniently, looking out for an opportunity."
looking,هِڎِڪَ,"Expectation, looking for with anxiety, suspense."
looking,هِڪَ ٽِڪَ,"Staring, looking fixedly. Fixed (as a paper kite); firm, constant (in one's word)."
householder,گِرْهَسْتُ,"A householder, layman."
householder,گرهست آشرم,The state of a householder.
householder,گهرائيِ,A householder.
householder,گهرٻاريِ,"A family man, a householder."
lifted,اَکَجُ,That cannot be lifted; unwieldy.
lifted,اڻ ڪَڄُہ,"That cannot be lifted or borne, unwieldy."
lifted,کَڻَڻُ,") To be carried, lifted, raised."
necessarily,جائيِ,"Positively, necessarily."
necessarily,لابُدُ,"Unavoidable, inevitable; involuntarily. Necessarily, undoubtedly."
renders,ڏوجُ,"Disease, sickness. A disease to which mares are subject and which renders them barren. ڏجهارو، ڏُجِرُ، ڏُجارو"
agrees,ٺاهۇ,That which agrees; befitting; pleasing. A peacemaker; one who makes a false show.
got,ڪَمَرْڪَسُ,"A gum resembling Kino , got from the Butea frondosa used in medicine, pterocarpus marsupium"
got,مَحَصِلُ ٿِئَڻُ,"To be obtained, to be got."
got,سَهيِ سَنبَهيِ,Having got ready.
thinking,تاتِنا,"Talk. discourse; ill-speaking. Thinking of one, or keeping one in remembrance. Care, cherishing, nourishing Obeying orders, obedience."
thinking,مَٿَڻُ,") Churning (milk). Thinking, considering, counsel."
thinking,ويِچارُ,"Thinking, consideration, thought."
continuously,ساندَهِ,Continuously alike.
thrust,ٽُنبَڻُ,"To pierce, prick, thrust into."
thrust,پائوٿيِ پَوَڻُ,"To thrust, or force one self upon."
thrust,چوڪَڻُ,"To stick, prick, stab, thrust, spur."
thrust,چوڪَ,"A prick, poke, thrust, stab."
thrust,چۇنگڻ,"To stab, poke, spur, thrust."
thrust,ڪِرْچُ,"A sword, esp a straight one to thrust with."
thrust,هَنيون,") To strike, throw, cast; pitch (a tent); hit, shoot; throw (blame on). To fix, drive (a nail); lag, place, put. To cast (a reproach); thrust (a sting)."
realise,ٻِيث پَوَڻُ,"To realise, understand."
gardens,باغاتِ,Garden produce; garden cultivation; a multitude of gardens.
spends,لڪہ لۇٽ,"One who spends or bestows thousands, munificent; extravagant, prodigal."
supplied,پَرَڻُ,"To be supported, be supplied with food. A sieve, colander."
removing,آنچَڪ,Removing the check (in chess) by bringing forward another piece.
removing,لاڎَڻِ,"Removing from one place to another; the goods, chattels so removed."
removing,لَڏَ,"A bundle of faggots, &c., a load. Flitting, removing from one place to another; the goods and chattels removed. See لڏپلاڻ هئَڻ .اُمت To be constantly on the move, or marching."
removing,لَڏوڪُ,"The removing from a place, a flitting."
removing,مُٺو,") To cause loss, injury, or annoyance by stealing or removing any thing."
removing,هَرَڻُ,"(In comp ) Taking, removing, as"
nowadays,اَڄ,Nowadays.
europeans,صاحِبُ,"A lord, master, a respectful title for Europeans, the ladies of high Mussalman families, or the Sikh Granth &c. A gentleman."
europeans,نيِلِ ڪَنْٺُ,The jay of Europeans in India.
switch,چَهو,"A switch, rod, twig, wand."
switch,ڪانٽومٽائڻ,To switch.
offended,ڏمريل,"Offended, angry."
offended,رُسَڻُ,"Offended, huffed."
offended,رسڻو,"Touchy, easily offended, ready to take huff."
offended,رَنج,"Angry, offended, vexed, annoyed, grieved, distressed."
offended,مٺيان ڀائڻ -لڳڻ,"To feel disgust at, to be indignant, offended."
offended,وِڎۇڻو,"Angry, offended."
built,پَچَڻُ,"Ripe, mature; cooked (food); baked (bricks); suppurated (a boil); firm, strong; built of stone, or baked brick (a house); authenticated, stamped (a paper); certain, sure; fast (colour); shrewd, clever, sharp, wary; expert; consummate (a thief); frugal; full (weight), final (an account). The ripe fruit of"
built,مَٽَرُ,"used as a vegetable. A kind of mat-bag for grain, &c. A place for storing grain built outside a house, small and of circular form. ("
built,جوڙَڻُ,") To be built, made; prepared, managed, mended or adjusted, to be ready. To fit, accord with, answer, serve, agree. To come to hand, be obtained."
built,ڌرمسال,"A place built for charitable purposes, as for travellers to put in, &c. The place where a Nanik Shah Fakir resides."
built,قُبيِ,A small domelike structure built in honour of an evil spirit.
built,ڪَچو,"Raw; undressed; not cooked or baked (as food, earthenware, etc.); built of unbaked earth, clay-built; brittle, weak, frail; not fast (color); defective, deficient; green, inexperienced, new; below a certain standard of weight or measure; mixed, alloyed; unauthenticated, not genuine, unstamped; loose, vague, uncertain; incredible, unreliable; weak; yielding; rough, approximate; blind (boil). Low alluvial lands lying below a bank or hill or lately thrown up by the river. Dishonour, disgrace, defect. Foul language, abuse. A day-book, journal. ڪچائيِ ، ڪچاڻ"
built,ڪَمائِڻُ,A house built of wood.
built,گنجو,Scald-headed; bald. The hills running south on which Hyderabad is built are called
built,نيِمِ چَڪُ,The wooden platform of a well upon which the brick-work is built as a foundation.
intervals,نَوْبَتَ,"A certain tune or set of notes played on a kettle-drum or trumpet at the gates of great men's houses or at temples at fixed intervals. A time, turn tour. ( agr ) Rotation."
aim,تَڪَڻُ,"To think on, consider; guess, conjecture; to estimate expenses. To look at, gaze, pry, stare, take aim at; expect anxiously. To covet, cast an evi eye upon."
aim,تَوائيِ,"or Adrift (as a ship). At random, without aim or thought, reckless; at fault, out of scent (as dogs in hunting); missed, wandering aimlessly, confused, off the path, scattered here and there."
aim,پَرَمارِٿُ,The first aim or object; benevolence.
aim,چُسْتَ,"Aim, the directing a missile."
aim,سَڃَڻُ,"To point at, aim; to offer."
aim,شَسْتُ,Aim; a thumb-stall used by archers.
aim,مَدارُ,"Aim, accomplishment; dependence"
aim,مَطلَبُ,"Object, aim, interest. Meaning, purport, import."
aim,مَقْصۇدُ,"Aim, object, intention."
aim,نِئَتَ,"Intention, design, will, aim. Faith, trust. prep. See"
aim,نواسِطو,"Cause, reason, aim, object; business, concern, interest."
aim,هارِدَيُ,"Purport, essence, object; aim, import. A moral."
aim,تَڪۇن ڪَرَڻُ,"To estimate; to watch; aim, aspire."
lovers,بِرِهُ,"Separation of (lovers), or the pain arising therefrom."
lovers,سانوَلُ,"Swarthy; title for Krishna, and also for, or in praise of, lovers."
lovers,وِرِهُ,"Separation of friends or lovers, or the pain caused by such. Name of a tree."
lovers,وِصالُ,"Meeting, union of lovers; ( Sufis ) death."
ther,آڪاسُ,"The sky; æther, ether."
paw,ٻُڪيۇن اُڇلائِڻُ,"To paw (as an ox, etc., in its wrath)."
paw,پَنجو,"A paw, the grasp of the hand."
paw,ڏوراهڻڻ,To paw (as a horse).
seated,چۇڙِ,"A set of ornaments of ivory, &c. for the lower arm. The hip or that part of the side on which a child is seated in being carried."
seated,ڏکيو,"Unhappy, miserable; irksome, difficult. Inconveniently (seated)."
angles,کنبدو کنبد,"A diagonal, a line joining the opposite angles of a parallelogram."
angles,ڪنگريون هڻڻ,"To pink, cut the edge (of cloth, etc.) in small angles."
angles,متبدل ڪنڊوُن,Alternate angles.
threads,اَٺسو,Of 800 threads. A cloth with 800 threads in woof.
threads,بۇجَرُ,"Unravelled threads; tangled hair, etc."
threads,ٻسو,(Of two hundred). A kind of cloth with 200 threads in the woof.
threads,تارِڪََشيِ,Wire-drawing. Cloth with threads of gold or silver through it.
threads,تَندۇن تاران,"In threads, worn into threads."
threads,ٽِسو,A kind of cloth with 300 threads in the woof.
threads,ٽِنگَ,"Weak, washy, watery. Rice water used by weavers for stiffening their threads, size."
threads,پاٽولي,"A maker of silk ribands, tassels, etc. A seller of silk threads, etc."
threads,پَنجِسو,Of 500 threads; a kind of cloth with 500 threads in the warp.
threads,پَوْنسارُ,Treadle threads and sticks.
threads,چَپَرَ,A wedge. Pieces of leather used by tape-makers for working the threads with; wedge-like pieces of wood.
threads,چؤسو,or Of 400 threads; a cotton cloth with 400 threads in the woof. A cotton cloth used for infants' clothes.
threads,ڇَسو,"Of 600 threads, a cotton cloth having so many threads in the woof. A fool, blockhead."
threads,ڏهسو,Having 1000 threads in the woof (cloth).
threads,زريِ,"Gold threads, gold lace."
threads,ساراڻا,n. pl Pieces of cane passing between the threads of the warp in a loom in weaving.
threads,سَتْسَؤ,Of 700 threads; a species of web having so many threads in the warp.
threads,سِيڻَ,The threads of the taki (part of a loom) between which the warp runs.
threads,کوٿِ,Rejected remnants of silk or other threads.
threads,ڳِراهِٽِڙيِ,A piece of cane placed between the threads of the warp in a loom.
threads,گهاريِ,A stripe left unfinished in any thing; a space in a cloth where one or more threads are deficient. A passage for water from one side of a water course. Dry places left in the bed of a river by a change in its course.
threads,مَنڌِئڙو,A kind of churn staff. Name of a grass. A peg fixed in the frame on which the threads for the warp of a web are laid out to keep down the threads. A sign like this ⨉.
threads,ميٽَ,The twisting together of two or more threads to form one string.
threads,نَوْنسو,"or Of 900 threads, a kind of cloth with 900 threads in the warp."
squared,ڇيلِوون,"Formed of pared or peeled wood, devoid of skin or peel; shaped or squared (timber). Scaly (a fish)."
squared,وَهَنوارُ,"( com ) Correspondence, dealing, nagotiation. Worldly business. True, exact, correct. Cleared, squared (an account), equal, discharged."
fences,لانڪُڙُ,"Wattles of the bastard cypress used for fences, walls for huts, &c."
somewhere,ڪاٿانِهين,"In, or to what place? where? From what place? whence? Somewhere."
somewhere,ڪاٿي,Where? Somewhere.
somewhere,ڪاڏي,Where? Somewhere.
somewhere,ڪِٿانهِين,In or to what place? where? From what place? whence? somewhere.
somewhere,ڪِٿيِ,Where? in what place? Somewhere.
somewhere,ڪيڎَهِين,Where? Somewhere.
somewhere,له ڳه,More or less somewhere about what is asked.
crushed,ڦِٿو,"To burst, split open, be crushed;"
cured,تازوتَوانو,"Refreshed, cured, renovated."
cured,ڇُٽَڻُ,"To get loose, escape, become free, be disengaged; to be cured, heal; to be fired or discharged (a gun)."
cured,ساٺُ,A method of rubbing or patting with the hand or an instrument a sore or painful part by which it is thought to be cured.
cured,لٿو,"To throw (a playing card). To go or get down, dismount, alight. To descend, come down, disembark; set (as the sun); to be taken down or off; to be settled, adjusted (an account); to take up quarters, to stop at. To be turned out (of caste). To be cured (a disease). To subside (a flood of water), abate, fall. To be reduced (said of a sick man)."
nuts,کورُ,"A sweetmeat made of almonds, pistachio nuts & milk. ( Up. S )."
te,دۇبَدۇ,"Face to face, tête-a-tête"
te,وياجيرۇ,Given or taken on in te rest or usury.
canine,ڪاڻيٺو,A canine tooth. ڪاواٺيو، ڪاواٺو See
roses,گلزار,A garden of roses.
roses,عَطُرُ,Scent: otto of roses.
roses,گُلْشَنُ,"A bed of roses, garden."
roses,گُلْقَندُ,A converse of roses.
attacked,اوراڻو,Singing in praise of Devi before a child attacked with small-pox; a lullaby.
attacked,ٻَرْجَڻُ,To be attacked with fever.
attacked,تَپِجَڻُ,To be attacked with fever.
attacked,ڇرڪڻ,"To start, shy, wince. To be attacked with hydrophobia."
attacked,ڇِڙْڪِجَڻُ,To be attacked with hydrophobia.
attacked,مائيِ نڪرڻ,To be attacked with small-pox.
dancing,پانڊيِ,The musician attending a dancing girl.
dancing,پَنبَهيِ,A frisk; a kind of bounding in dancing.
dancing,جهِمِريِ,Circular movements in dancing.
dancing,راسَ ڌاريِ,Dancing boys who act the parts of Krishna and the gopis
dancing,سَمَهَ,Supplication to God; dancing in prayer.
dancing,طائِفو,A band of dancing girls and musicians.
dancing,ڪڃر,a dancing girl; a prostitute.
dancing,لَهَرو,"Quaver, shake, thrill, a lively tune; vibration (in music or dancing). A whim, fancy. Paroxysm, fit."
dancing,مُجِرَو,Respect paid to a pir or other holy person by a dancing girl dancing before him.
dancing,مَڇُ,A woman that begs by dancing. The lever (of a watch).
dancing,نَچَڻُ,") A dance, dancing."
discharges,مُٽِڻو,"A pissabed, one who discharges (urine) involuntarily; timid."
drums,بَجِگَرُ,"A maker of heads for drums, leathern oil vessels, etc."
drums,پِڙُ,"A round level piece of ground, a course, a circle or ring (of a water-wheel, etc.); halo. The threshing floor. The pool (at a game). The place in front of a tomb where people sit and beat drums; also the space round the flagstaff in the پِڙُپائِڻُ.مَحْرَمُ To gallop generally round in a circle. To fail, be bankrupt."
drums,چوٽَ,"A hurt, blow, bruise. A bid at an auction. A quick beat of drums."
drums,دَٻو,") One who makes leathern oil vessels, heads for drums, &c."
drums,ڍَڍَ,A particular tune beaten on the drums of the Ashura
drums,ڍَنڍَ,"A pond, lake, tank. A tune beaten on the drums at the ashura"
hyderabad,گنجو,Scald-headed; bald. The hills running south on which Hyderabad is built are called
hyderabad,لاڙُ,"Lower Sind, south of Hyderabad."
caught,اَٽڪﮡ,"To be stopped, checked; to hesitate, falter; be caught, fastened."
caught,اَڙﮡ,"To be caught by anything, detained, worried."
caught,اولجڻ,"To be wearied, bothered. To be caught in a storm"
caught,ڏَڪِڏَڪَندو,Just caught and fresh (as a palla fish).
caught,کيِکراٽُ,A cry of a jackal or fox when caught.
caught,ماٽئيِ جوپلو,palla fish caught by a
caught,مونجهارو,"Combing, that which is caught with a comb, as loose, tangled hair."
ones,يٿاشڪت,According to ones' means. يَٽلِيِ ، يَٽُ See زَٽلِيِ ، زَٽُ
ones,شَبُ رَکَڻُ,To keep ones secret; to protect one's honor.
stocks,اِشڪَنْجو,Stocks for torture. Bookbinder's press.
stocks,فَلَڪُ,"A kind of stocks for prisoners. Heaven, sky. فِلَنگيِ، فِلَنگُ See"
stocks,ڪاٺُ,"A large stick or beam; timber, wood. The stocks."
stocks,پوڻ,To be put in the stocks; to be confined.
workers,ميگهِواڙُ,"A caste who are workers in leather, a shoemaker."
honored,بَرْکہُ,"Respected; honored, having influence."
bonds,ٻَنڌَڻُ,"A rope; a band. Bonds. ties, restraints. Swaddling clothes. ( poet ) Love."
risen,آڪِرو,"Risen in price, dear; cross-dispositioned."
risen,اُٿِياڪُ,Risen.
risen,اُٿِيَلُ,"Risen; sore (an eye); heavy (sea); longing, yearning (the heart)."
honestly,حلاليِ,One who acts honestly or performs faithful service; legitimate.
honestly,راستگۇ,"Truthful. abs. n راستيِ . راستگۇئيِ Veracity, sincerity. Honestly."
honestly,سپتيو,"Honest, Honourably, honestly."
roast,پَچائِڻُ,"To bake, roast, grill. To cause to ripen. To ease digestion. To torment. Toembezzle. To make firm (a friendship.)"
roast,پوهَڻُ,To roast in the ashes. To cope with.
roast,شيخ پچائڻ,"To roast meat on a spit; ( fig ) to toil and moil, to undergo many hardships."
roast,ڪَبابُ,"Roasted meat, roast."
weighing,ڀيِڎيِ هَڻَڻُ,To deceive in weighing by manipulating the scales.
weighing,تورَتَڪَ,A weight (for weighing with). See
weighing,جوکَہ,Weighing.
weighing,ڌَڙُ,"Weighing, measuring (grain and merchandize)."
weighing,ڌَڙو,A weight for weighing with; amount in weight; one turn of the full scales in weighing.
weighing,چيڻوٺي,") used in weighing precious stones, metals, etc. Mildew, smut. A blast of wind damaging to crops. Fortune, good fortune. A little, small quantity, atom, particle."
weighing,ڪانگڙيِ,"A wheat stalk, a straw of wheat. The seed of of the abrus precatorius coloured red or white with a black spot used for weighing precious metals."
weighing,ڪَسيِرو,One ¼ of a piece; one ¼ of a duko in weighing.
weighing,مَڻْڪَتيِ,"The weighing by maunds, weight in maunds, poundage."
weighing,وَٽُ,"A weight for weighing with. A stone or clod with which a Mahomedan cleanses himself after easing himself or making water. A twist, twisting. The gripes, a griping pain."
weighing,وَٽو,"A kind of metal bowl or cup for drinking from ( Mah ). A weight for weighing with. A piece of string put in a hole bored in the ear, or nose to keep it open for an earring, etc. ( com ) Discount on a hundi ; premium; difference in exchange."
weighing,وَٽَهَڙُ,A weight for weighing with.
weighing,وَزَنُ,"Weight, weighing; a measure of weight; credit, weight; inflence (In prosody ) A metre."
weighing,هڻ ڌڻ,"Trouble, bother. False weighing or. measuring."
aired,وائکجڻ,To be aired or exposed to the wind.
billing,چُماچاٽيِ,"Billing and cooing, caressings."
null,رَدِ۽باطلُ,Null and void.
null,رد۽باطل,Null & void.
null,نيسِتِ,"Non-existent; null, void."
limbs,ٻُرَ,"The nap of cloth; down on the limbs; the mane of a horse, etc. Water. A slight application of ghee on the surface of a cake before baking."
limbs,ٿَڌو,The rubbing gently one's limbs with the tops of fingers.
limbs,چاپَڻُ,"To do any thing with force; to press (cotton, etc.). To tack a boat. To shampoo the limbs."
limbs,چورَلنَگُ,A disease of cattle in which they lose the power of their limbs.
limbs,ڏۇنڊِڙو,"or Contracted up, gathered up (as to limbs); crouching."
limbs,ڪانڊارِجَڻُ,"To stand stiff on end (as the hair of the limbs from cold, &c., or as that on a dog's back in passion)."
limbs,ڳاموڙَ,"Stretching one's limbs, a twitching of the limbs, languor; sickening (for fever, etc.)."
limbs,ڳاموڙجڻ,To stretch one's limbs in lassitude. To stretch (the limbs).
limbs,ڳڍِيِ,"A cramp, a spasm or contraction of the limbs."
limbs,لُنئيِ,The small hair on the body and limbs.
limbs,لۇن,Small hair on the limbs. لۇنيِ، لۇناري، لۇنارُ See
limbs,ماموئيِ,A kind of Fakir. Name of a medicinal root used for broken limbs.
hooked,اَنگڙو,"A bond, note of hand. A hooked pole for plucking fruit. A smith's poker"
hooked,ڇُريِ,"A knife, a kind of knife with a hooked blade. Malice, spite."
hooked,ڪَڙيِ,"An ankle ornament; a metal ring or loop for fastening any thing by; the link of a chain. A hooked piece of iron for striking fire on a flint. A hank (of thread).Boundary, limit, mark of extension; stage. ( med ) Scab, crust."
hooked,ڪنڍيِ,"A fish hook, a hook; a hooked needle used in embroidery. A buffalo having ringed horns."
travellers,ڇِڪو,"A muzzle (for cattle). A netted bag (used by travellers). A scaffold in building, or put over a boat's side. A net (for the feet used by thieves). A kind of hanging basket (to serve as a meat-safe)."
travellers,ڌرمسال,"A place built for charitable purposes, as for travellers to put in, &c. The place where a Nanik Shah Fakir resides."
arrived,راسۇ,"Arrived at excellence, or a state of perfection."
arrived,رَسِيدو,"Arrived; matured, ripe. Having communion with (God)."
arrived,سامايل,Having arrived at etc.
butts,گوليِ مارِ,Butts.
opp,اِسٿۇل,Gross ( opp to
opp,آنِرُ,One with swelled testicles. Not castrated ( opp. to
opp,ٻاَهَرتۇ,"& Of the country (as opp to town), an outsider."
opp,ٻُچو,"One with a small beard, or only a tuft of hair on the chin ( opp to"
opp,تَر,"A raft, a float. Moist, wet, fresh, juicy; oily, rich ( opp to"
opp,پيڪا,) A wife's relations ( opp to
opp,جَڙَ,"Root, origin. See under جَڙُ.جَڙَڻُ Inanimate, blockish, stupid, not broken in (a beast of burden), untrained. An inanimate body; matter ( opp to"
opp,جهولَ,The leeward ( opp to
opp,دُرِ,A prefix opp to Good. (as
opp,ڏُتَڙُ,A bad landing place ( opp to
opp,ڏُچَرُ,"or Having no appetite, a bad grazer ( opp to"
opp,ڏۇتو,Income ( opp to
opp,روانگيِ,"Departure, going away, export. Outward (register) opp to"
opp,روٺو,Hard to crack (an almond) opp to
opp,سامِتُ,"Settled, quiet, still; silent ( opp"
opp,سڀرائيِ,"(Food) moist or soft with clarified butter, &c. opp to"
opp,سَڀَهۇ,"Plenty, abundant, ( opp to"
opp,سُتَڙُ,A good landing place. ( opp to
opp,سُجَهندو,Light ( opp to
opp,سَراوَندو,( Opp
opp,سَکَرُ,"A good man, the head man of a village, a gentleman. opp to"
opp,سُهاڳِڻِ,"A woman beloved by her husband; a married woman whose husband is alive; a favourite wife, opp to سهاڳيِ .ڏهاڳڻ Influential, one (a servant) who pleases or is thought much of; confidential. A confident, favourite."
opp,عمليِ,"Practical, opp to عمْلو .قِياسيِ A crowd; servants, retinue, suite, an establishment. A building. A claim, suit."
opp,ڪَبِيرُ,"Great, opp to"
opp,ڪُٻيليِ,"or A bad companion, ( opp"
opp,ڪِٺُ,"Heartwood, opp to ڪِٺُ . ڪَچُ"
opp,ڪَثِيفُ,"Multitude, plenty, abundance. Multiplicity, opp to"
opp,ڪَچو,") Anything brittle, glass. Sapwood, opp to"
opp,ڪَرْڙو,"Hard ( opp to soft); harsh; severe, fierce. abs. n"
opp,ڪَڙالۇ,Bitter as opp to
opp,ڪُلُ,"All, Universal, every. All the creation. A sufic term, opp to"
opp,ڪنڊيِ وارو,"Sensitive, thin-skinned, opp to"
opp,ڪنؤاريتو,"Of a bride's family, opp to گهوٽيتو . ڪنؤارٻؤٽيِ The aloe— aloe perfoliata"
opp,کَٽَ جُؤاريِ,"A gambler who always wins, opp to"
opp,ڳَلْڦوڙُ,"An eye-splice, opp to ڳَلخورُ . سرندڳنڍ A piece of rope looped round a horse's neck to which the halter is attached."
opp,لائو,"Of the tamarisk tree. Blunt, obtuse. Counterfeit. Too little, short, deficient, below the mark; worse, bad, shabby. That half of a split fish to which the bone is not attached, ( opp to"
opp,لِڪَ,"Concave, opp to لَڪائيِ .اُپٽيو Concavity."
opp,لڳو,"Related by affinity, step, half (brother, etc.), opp to لڳوٻڌو .سڳو Fixed, settled."
opp,لهيڻات,"A creditor, chiefly the father or other relations of a bridegroom so called as having to receive the dowry, etc., from the bride's party, opp to"
opp,ماٽير,opp to
opp,ماڙِواڙُ,"A young camel; any animal born and grown up in one's house, (as opp to bought)."
opp,مائتو,"Uterine, born of the same mother, but a different father (a child), opp to مائتوپيئتو .پيئتو True, correct (an account, &c.). Having an owner."
opp,مايَرِ,"Spawner, a mature female fish, opp to"
opp,مقررَيِ,"Appointment, opp to"
opp,موُجِبو,"Affirmative, positive in (logic or electricity), opp to"
opp,مۇلُ,"Root, origin, principle, foundation, basis. Stock, capital. Original text, text (of a book, opp to comment). The 24, or the 17th or 19th lunar asterism, containing 11 stars, considered unlucky."
opp,مونو,"One who does not keep hair, opp to a"
opp,نِکَرُ,"Plebian, vulgar, opp to"
opp,ونجوڳُہ,"Discord, opp to"
opp,وَنهِيو,"Rich, wealthy, opulent, opp to وَنهِيائي .وِلهو Opulence, richness."
opp,يَڪِتَهو,"Slender, slim, opp to يَڪِجاءِ . دۇتَهو In one place, together."
opp,يَڪِلانگو,"Sidesaddle, opp to"
opp,اُڀَڪَ,"Standing, opp to"
opp,اَڀَهۇ,"Scanty, opp to"
opp,اُجَهندو,"Dusk, opp to"
opp,اُگَمُ,"Inaccessible; difficult, opp to"
opp,اَڳَڍائو,"Well born, opp"
opp,ڀۇتو,"Expenditure, opp to"
opp,داٻوٽو,"A kind of soft sugar, opp to"
opp,ڎَنو,"Soundings, a place where a sounding line will reach the bottom, opp to"
novo,سَرِنَوْ,"A fresh, anew, de novo"
quilting,فَتِيلَ,"A strip of paper, &c., a lath or slip of wood, a row or stripe in quilting cloth; a ruler for drawing lines."
sus,قالِبُ,Crœsus who flourished in 400 B.C.; also supposed to be Korah the cousin of Moses by Mahomedans. Proverbially applied to all misers.
melt,آٽﮡ,To melt.
melt,آئُٽَڻُ,"To melt. To wrangle, bicker."
melt,پَگهارَڻُ,To melt; dissolve with heat.
melt,پَگهِْرجَڻَ,To melt.
melt,رِجائِڻُ,"To melt. To water, irrigate (land by flooding)."
melt,رِجِيو,) To melt. To be watered (land by flooding).
melt,ڳَرَڻُ,") To melt, dissolve; to emaciate; to soften by cooking, fuse; to wither."
melt,وِگهِرَڻُ,To be sorrowful. To melt; to weep. To spread (as a pustule).
meant,روڻِ,A hole or concealed fissure into which water meant for cultivation is carried off.
figured,کامانگيِ,"Puncheon, a figured stamp, etc., used by goldsmiths, etc."
walk,ٿِرِڙاِئڻُ,"To be constantly winking, to blink. To walk unsteadily or with a sight limp, to waddle."
walk,ٽنڊائِڻُ,"To be crippled in the hands, or walk lazily as if one was so."
walk,ٽَهَلَ,"An airing, walk, drive."
walk,ٽَهَلائِڻُ,"To cause to take the air; to walk (a horse, etc.)."
walk,ڄَنگهۇن ڦاڙي هَلَڻُ,To walk with legs wide apart.
walk,ڦِرَڻُ,"To turn, return, walk about, go round; roll, revolve; to rebel"
walk,ڦيرو,"A revolution, turn, gyration; walk, perambulation, the rounds of a guard."
walk,ڄنگهۇن ساهڻ,"To take rest; walk about, take the air."
walk,ڏاوڻ ڪپڻ,To perform the ceremony of cutting the thread when a child begins to walk.
walk,سيِلُ,"Perambulation, taking the air, an airing, walk, excursion. A feast, picnic."
walk,شَيْلُ,"Perambulation, taking the air, a walk; recreation, amusement."
walk,قدم هلڻ,"To walk, move at a walking pace."
walk,کرڎائڻ,To walk as one having a contracted or club foot.
walk,کُڙيِ کَڻَڻُ,To walk astf.
walk,گهُمائِڻُ,"To cause to turn or revolve; to wave, flourish (a weapon, &c.) To cause to walk. To stir (food in a pot)."
walk,گهُمَڻُ,"To wander, ramble; take a walk; turn, revolve, To see, visit (places)."
walk,گهمڻ وڃڻ,To go out for a walk.
walk,لتاڙيِ,"A plank put out from a boat to walk to the bank on, bridgeboard."
walk,وانڪَڻُ,"To walk rolling from side to side, to waddle, toddle. وانگي ، وانگۇ ، وانگُرُ"
walk,هواکائڻ,"To take an airing, go for a walk to go away."
smaller,سيٺِ,"A rich banker, merchant. The head of a firm in opposition to its agents or smaller sharers; a complimentary title. ( fem"
smaller,ڪمَتر,"Less, lesser, smaller."
smaller,لاٺائيِ,Somewhat smaller.
smaller,اَصْغَرُ,Smaller (a war).
turn,اُٿلائﮡ,"To turn over, reverse, upset. To revise."
turn,اُٿلﮡ,To turn over or back.
turn,اُڊَمﮡُ,"To root out, turn up (the earth.)"
turn,آگَ,"The winning a game; a game won, (one's) turn."
turn,اُونڌَڻُ,To turn over and empty.
turn,بيبَڻُ,"To talk in the sleep, to turn out mad; prattle."
turn,ٻاهرڪَرَڻُ ڪَڍَڻُ,To turn out; oust. ٻاهَرون، ٻاَهَرنئَن، ٻاَهران
turn,ڀَڳو,"). To break, split, crack; infringe; frustrate. To turn down (as a corner of a book). To multiply. To change (money). To twist (a rope); to crease (a sheet of paper). To decipher; solve (a riddle)."
turn,ڀُڳو,"). To parch (as grain on fire), fry; turn round meat in a kettle with a ladle ("
turn,پيرُ,"A side, a turn, a mode of folding the turban. Twists and turns, crookedness. A whirlpool. Dress, disguise. Help; a sign, mark Alike."
turn,ڀيِرَڻُ,To turn or revolve. To set agoing.
turn,ڀيِرو,"Turn, time; a revolution, turn."
turn,پاڻَ ڀيريِ,When one's turn comes to do or give.
turn,تَڙَڻُُ,"To turn out or away, expelbeat, drive (game.)"
turn,ٽارَڻُ,"To evade, avoid, parry; prevent; turn side, ward off, quell, repel."
turn,ٽِپَ ٽِپَ تي,"At each turn, every now and then."
turn,ٽَرَڻُ,"To turn aside, get away, be past (time), to pass away (words, etc.); to be warded off."
turn,پُٺِ ڏِيَڻُ,"To turn one's back, retreat, turn tail; refuse to perform. to depart, leave."
turn,پيچُ,"Twist, turn, revolution, coil. Gripes. Perplexity, difficulty, a fix, maze. A screw. Circumvention, cheating; equivoque; tactics."
turn,ڦِرِڙائِڻُ,To cause to turn.
turn,ڦِرَڻُ,"To turn, return, walk about, go round; roll, revolve; to rebel"
turn,ڦيرُڦارُ-گهيرِ,"). A turn, twist."
turn,ڦيرائِڻُ,"To cause to turn, rotate; change, alter, cancel."
turn,ڦيراٽيِ,"A swimming of the head; a turn, revolution. Sleight of hand."
turn,ڦيرو,"A revolution, turn, gyration; walk, perambulation, the rounds of a guard."
turn,ڦيريِ,"A turn, a round. Wind in the head, pride. Giddiness. Hawking. Mendicancy."
turn,چرخ چاڙهڻ,To turn in a lathe. To defame publicly.
turn,چرخ مارڻ,To turn round.
turn,چؤپڙ,"One's turn to play at cards, &c. A kind of red earth or ochre."
turn,دَسُ,"A roll on a drum; volley of musketry. The crow of a cock. A trip, tour, turn."
turn,دَفعو,"A time, turn. A party, body of men, troop, detachment; a batch, set, class."
turn,ڌَڙو,A weight for weighing with; amount in weight; one turn of the full scales in weighing.
turn,ساڌاڻو,"Of, or belonging to a ساڌَٻُڌيِ .ساڌ A religious turn of mind. ساڌپو،ساڌپٹو،ساڌپڻ،ساڌپائيِ،ساڌائيِ"
turn,ڪَڍُ,") To extract, draw out, abstract, take out. To turn out. expel, dismiss, To draw (a picture, line, &c.) & To vomit."
turn,ڪن ٽار لاٽاڪرڻ,"To turn a deaf ear, not heed."
turn,کيرکرجڻ,"To lopper, to turn sour."
turn,گَرْدانَڻُ,To turn ( Shah
turn,گوهيِ,"Evasion, procrastination, putting off, shirking. A time, turn."
turn,گيڙَڻُ,To turn a water-wheel.
turn,گيڙو,"A revolution of a water-wheel, a turn."
turn,گهُمائِڻُ,"To cause to turn or revolve; to wave, flourish (a weapon, &c.) To cause to walk. To stir (food in a pot)."
turn,گهُمِرو,"Time, tour, turn, trip; the rounds of a guard. An eddy, whirlpool."
turn,گهُمَڻُ,"To wander, ramble; take a walk; turn, revolve, To see, visit (places)."
turn,گهيڙو,"The revolution of a water-wheel, a turn."
turn,لاهُ,"To strip off, cause to descend, lower, to degrade; to put down(a boy in a lower class); pull off (as clothes), take down or off, to take (pots)off(a potter's wheel); to cut or shave (hair); to reap down (a field); disembark; to cut off (one's head); to lay (an egg); to adjust, settle or close (an account); to take out, efface; to pay off, liquidate (a debt); to repay (an obligation); to abolish; finish(a work).To deduct, subtract (in accounts); to cure (a disease), to turn out (of caste); to quench (thirst), to calm, appease."
turn,لَڙائيِ,"). To shake, vibrate (as anything suspended); hang, dangle. To swerve, deviate, go round, turn aside, recede, make a circui. (to reach any place), to pass off to one side. To be past the meridian, or commence to descend, decline (the sun). To lengthen out (the afternoon shadows), to incline to one side. To move off from, get out of the way (in shunning or avoiding). To pass or slip by to one side. To slope or be inclinedt ( naut ) To scud, be driven swiftly."
turn,لِڱو,"Time, turn, occasion."
turn,لَنوائِڻُ,"To disregard, turn a deaf ear to."
turn,لوڌَڻُ,"To drive out, turn out, cause to move away."
turn,لَهْڪارِجَڻُ,To turn pale.
turn,لهپ,A turn to throw (in a game of card).
turn,مت اَچڻ,To turn over a new leaf; to learn a lesson.
turn,ٿيڻ,To turn to clay.
turn,مُڙَڻُ,"To bend, turn, yield, be turned back, give way, fall or subside (as a flood &c.), abate, swerve, deviate, warp. To sprain."
turn,مَڻَڻُ,"To turn and move towards, set one's face towards."
turn,موٽڻ,"To return, go or come back, recede, retire, turn back."
turn,منهن موڙڻ,To turn away the face.
turn,ميڙِه,"A post fixed in the centre of the threshing floor to which the cattle are tied as they turn round to tread out the corn, a threshing post."
turn,نَڪُ موڙَڻُ,"To turn up the nose at any thing, to sneer."
turn,نِڪْرَڻُ,"To cause to issue, to turn out, expel; to discover, invent; to extract, deduce."
turn,نَوْبَتَ,"A certain tune or set of notes played on a kettle-drum or trumpet at the gates of great men's houses or at temples at fixed intervals. A time, turn tour. ( agr ) Rotation."
turn,وارَڻُ,") Offering in sacrifice, devoting. Taking up the room or place of another. Turn, tour, time. A song in praise of any one."
turn,وارو,"Time, tour, turn. ("
turn,واري,"Sand. Time, tour, turn."
turn,وَتَڻُ,"To wander, to turn."
turn,وَرُ,"Twist, curve, bend, turn, circuit, coil curl, ringlet, winding. A boon, blessing, especially in the gift of a Brahmin or deity. ( com ) Quality or number of cloth. Circumvention, deceiving. A bridegroom or husband."
turn,وراڪو,"Twist, turn, twisting, wind, winding."
turn,وَرِ,"Turning, returning, a turn."
turn,وَرائِڻُ,"To turn, to turn back, give back, cause to return. To close (a door). To reject. To enwrap, wrap, lap over or double (as the edge or cloth); surround."
turn,وَرَڻُ,"To turn, return, go round, turn over, to go or come back, recede. To bend. To be twisted to the left (a rope). To marry. To ask for, request. To shut, close. A turn (in a river)."
turn,وُڪَڙُ,"A turn or winding as in a river, of a snake, &c.; twist, twinining together. The gripes."
turn,وِلْٽَڻُ,"To turn, tumble. Tumbler (pigeon)."
turn,وَلَڻُ,"To clear land from bushes, &c., prepare land for the seed; to cultivate. To return, turn."
turn,ويرُ,"Turn, turn. See under"
turn,اُٽَنگَڻُ,n. Acanthodium hirtum —a kind of nettle or stinging seed used medicinally. To turn and move towards.
turn,(اَگِيۇن),To turn up (one's eyes) in surprise.
theatrical,ناٽڪيِ,Theatrical.
complaints,کيٽائيِ,"One whe raises false or frivolous charges or complaints, a lying importuner. Naughty."
crimes,پائڻ,To suffer just retribution for one's crimes; get tit for tat; receive one's deserts.
crimes,گنهگار,"under گناهگاريِ . گنه Criminality; a fine for crimes and misdemeanours, expiation."
forgiveness,بَخِشَ,Forgiveness.
forgiveness,بخشائڻ,To ask forgiveness.
forgiveness,عَفْوَ,"Pardon, forgiveness."
forgiveness,کِما,"Pardon, forgiveness; patience, forbearance."
created,اُپڄﮡ,To be created or produced.
created,پَيْد,"Born, created; produced, discovered; obtained, appeared."
created,پَيْداٿِيَڻُ,To be created; be produced; to appear.
created,رَچِنا,Invention; the thing created or the creating of it; creation; composition.
created,سُپِجَڻُ,To be created.
created,سَنجَڻُ,"To be conceived, or created."
created,مَخْلوُقُ,"A created being, a creature."
vi,(اَنگُ),A limb. Page v Page vi
vi,اَڻَ گَهڙْيو,"Undressed, not polished; rude, awkward, boorish. Page vi Page vii"
enforced,ٻاٿۇن کائِڻُ,To suffer indignities or pushes (vainly in search of bread). To wait in enforced idleness.
spinach,اِسفناج,Spinach.
spinach,پالَڪَ,Spinach (a potherb).
deeply,اَلۇپُ,"Dead drunk, deeply intoxicated."
deeply,پاتاريِ,A plank by which the side of a boat is raised to keep out water when deeply laden.
deeply,جُنِبيو,") To be zealously employed, be deeply engaged. To make for, go forward."
deeply,غَلْطانُ,"Sloping, inclining. Sunk, absorbed, deeply engaged, immersed."
deeply,وڎگردو,"Magnanimous, deeply thoughtful, of reserved disposition."
terminate,حدڪرڻ,"To terminate; to go beyond every thing, do wonders"
terminate,نبيرڻ,"To end. conclude, terminate, finish, complete, perfect, perform; settle, decide."
crowded,سوڙهو,"Strait, tight, narrow, confined; crowded, crowded together."
crowded,سوڙهوسنگهوڙو,"Closely packed, serried, crowded."
crowded,گَپاگَپَ,"A crowded mass, a throng."
crowded,ڳَهَٽُ,"Crowded together, collected in a crowd. A throng, crowd."
led,ڪَوْنتَلُ,"A horse, &c., led or taken extra to that mounted on a journey. A kind of boat."
shifts,بي ڍَنْئَو,Mis-shapen; unmannerly. Stupid (as regards shifts or expedients).
shifts,چووائو,An unsteady wind that shifts from all sides.
shifts,واجهُہ,"A rope for tying a bale, &c., with. See واجهائِڻُ . وَجهُہ To use expedients or shifts."
push,ٻث ڏئڻ,"To give a push with force (in play). To check, silence."
push,ٻِِلهاڙو,A kind of wrestling; a game in which one person gives a push while the other attempts to catch him.
push,تُلَ,"A push, pressure; support."
push,ٿيلهَڻُ,"To push, shove, elbow, jostle."
push,ٿيلهو,A push.
push,پِهَڻُ,"To cause to enter, push in, insinuate."
push,پِيلَڪَ,A push.
push,جهوٻو,"A push with the hand, a jolt. A rebuff, etc."
push,جُهڪَڻُ,To push fagots into the fire
push,جهوڪو,"The rushing of the river on one point which wears away the bank; a push from contact in passing, a poke."
push,ڌُڏِڪَڻُ,"To shake (as any thing from a push), to jolt."
push,ڌِڪَڻُ,"To push, shove, jostle."
push,سَٽَ,"Hurt, injury from a blow, &c. Speed, running a race, a sharp push or pull. The dashing clothes on a stone in washing. Pomp. See"
push,کِسْڪائِڻُ,"To push towards one, slip into one's hand; to steal. Gliding away, flight."
push,گشو,A push or rub from contact in passing A bluff (
prepares,جَنڊَآهوڙو,One who roughens mill-stones and prepares them for grinding.
years,ٻِوَرْهِيو,"Of, or for two years; biennial."
years,ٻِهاڻُ,A foal; an animal two years old.
years,ٽِهاڻ,A camel three years old.
years,ٽِئاسِ,A young she-buffalo of 3 years.
years,ٽيتا,"The second or silver age comprising 1,290,000 years."
years,پانجارِجُڻُ,"To be five years old (a horse, etc)."
years,پَنجِسالُ,"Five years old (a horse, etc.)"
years,چَوْڳو,A camel 6 years old having 4 teeth
years,ڇاڪارِيو,A camel of six years.
years,ڇَٽُ,A crown. A camel about 4 years old. The upper wheel of a water-wheel. An umbrella. The green scum on stagnant water.
years,ڇِڳُو,"A camel of 7 years, having 6 teeth."
years,وَرْهيِ,"The influence of Saturn continuing for 7½ years; an evil star, ill luck."
years,سالَها,For years.
years,ساماڻو,") To arrive at the years of discretion, to grow up."
years,ست جڳہ,"The first or golden age, comprising 1,728,000 years of mortals (Hind.)"
years,ڳڀۇر,A boy aged about 5 or 6 years.
years,مَجاڪُ,A camel when between 2 and 3 years of age.
years,نيشُ,"A camel when it is 8 years old, getting its full number of teeth. A sturdy active young man. The fang or tusk of a camel, snake, &c. Superior."
years,وِسانگَ ويساندَرَ,Many many years.
years,وسامڻ,") Lazy, sluggish, slothful. (Land) left fallow for some years."
years,اَرِموشُ,A camel five years old after having been a
judging,ڏٻرو آچارُ,Judging at the lowest estimation.
judging,ساهو,"The judging from the stars the propitious time for marriages, &c. Of the light half of the month or the 15 days after the new moon."
judging,منصفيِ,"The act of judging, duty of a judge, arbitrating, justice."
ornaments,ٿَرُ,Cream; the surface portion of curds. A set of arm ornaments turned out of a piece of ivory.
ornaments,پُتِليِ,"The pupil of the eye. The frog of a horse's hoof. An image; a doll, puppet; small gold ornaments hung round the neck; five rupees."
ornaments,جَڙَڻُ,"To rivet, join (hard brittle bodies with fastenings); to set with jewels, stud with ornaments, to inlay."
ornaments,جَڙاءُ,"Jewels, &c., studded in ornaments; settings."
ornaments,جَڙِتِ,Settings in ornaments. جَڙَڻيِ،جَڙْتِ،جَڙَتِ
ornaments,جَڙْتۇ,"Set with jewels, studded with ornaments."
ornaments,جِنْسارُ,"Clothes and ornaments for the person, dress."
ornaments,جوکم جومال,"Valuables as ornaments, etc."
ornaments,چۇڙِ,"A set of ornaments of ivory, &c. for the lower arm. The hip or that part of the side on which a child is seated in being carried."
ornaments,ڏکڻيِ سکڻيِ شيٴ,"Any precious thing as ornaments, etc., so called, because of being risk y to have in the house."
ornaments,زيوَرُ,"Jewels, trinkets, ornaments (of gold, silver, &c.) for the person. A particle affixed to nouns, verbs, prepositions, &c., to express the 3rd per. pro. sing of him, her , or it, to him, her, or it , &c."
ornaments,ساهِ,"The personal ornaments or jewels of one's person, set of jewels."
ornaments,سَڳيِ,"A braid by which a woman's plaited tail of hair is tied at the end, sometimes with a bow and ornaments."
ornaments,ڪوڎُ,"A kind of shell used as ornaments to hang round necks of cattle, &c Pleasure, desire for, wishing after"
ornaments,کَنجَ,Ivory ornaments worn round the upper arm.
ornaments,مَرْهياڙيِ,"A maker and seller of counterfeit or cheap ornaments, &c.; a huckster; the goods kept by the above."
ornaments,مَڻِيو,"Ornaments for the person trinkets, jewels. A bead."
ornaments,ميچو,"The measure of the circumference of the arm taken as size for ornaments, measurement."
ornaments,جِهنجَهڻُ,"To overload, or make gorgeous with(ornaments). To infest with (lice)."
ant,اُڏوهيِ,A white ant.
ant,چٍيهو,A small ant.
ant,ڪِئُليِ,A small kind of ant.
ant,ماڪوڙو,A large black ant. ( dim
ant,مُڙهيِ,A small white ant.
ing,ڌمڪجڻ,"To be frightened; to tarnish, or lose lustre (as gild. ing)."
hindi,ديومالا,Mythology. ديوناگريِ The Hindi alphabet or language.
hindi,رامائِڻُ,"An epic Sanskrit poem by Valmiki ; also a Hindi poem by Tulsidas , containing the story of Rama"
hindi,ماتِرِ,"(In comp ) In the measure or amount of, as ماترا .ترماتر A Hindi vowel or diacritical mark."
hindi,وانجِهہ,( Hindi
hindi,ويچَڻُ,( Hindi
practices,تَپَشِيا,"Devout austerity, ascetic practices, religious penance."
david,زَبۇرَ,Psalms of David.
sins,سُڌارَڻُ,"To arrange, collate, adjust, put in order, correct, regulate; amend, to improve, reform, civilize. To absolve (one's self or others) from sins by any expiation or mortification."
concluded,ڀوڳ پَوَڻُ,To be so concluded.
concluded,صلح ٿيڻ,To be concluded (a peace).
concluded,نِبْرَڻُ,"To end, be concluded, finished, etc. ("
lit,بالانِشيِنُ,lit high-seated). Sitting high. A high seat.
lit,ٺوٺُ,lit A dried-up tree). A dried-up mass of body; any thing hard from dryness.
lit,پاوَنگُ,( lit Rampant). A brave man.
lit,پُڄَڻُ,"To be lit up (coals by being blown on, etc.). To be jealous."
lit,چارآدميِ,lit Four men) People in general; a jury of arbitrators.
lit,چارپئسا,lit Four pice) Money; competence.
lit,چئن ڎينهن جوچٽڪو,"lit Four day's glimmer). Ephemeral existence, nine days' wonder."
lit,خانه بدوش,lit One's house on his shoulders; nomadic.
lit,خَميِسَ,( lit The fifth) Thursday. See
lit,خۇدڪشيدو,lit Self-drawn). Fancy blend (liquor).
lit,دُوِجُ,( lit twice born). A man of any of the first three castes of Hindus.
lit,رت چۇس,"or ( lit Bloodsucker). Harpy, an extortioner."
lit,سَتاڙو,lit Seventh day). The ceremony of the husband taking his bride home a day or two subsequent to the wedding after she has visited her friends.
lit,سکالڙو,"a. lit Better, but superstitiously so spoken of a sick child by the mother."
lit,ڪاروچور,( lit A black thief). An unknown person.
lit,ڪانگَہ تَڙو,( lit A scarecrow). A person who scares away birds in a standing crop.
lit,ڪنڊاپوکڻ,lit to sow thorns.) To do evil.
lit,ڪَنُ,( lit A treasure). Name of an Arabic treatise on questions of religion.
lit,ڪَناگهَڙَڻُ,lit To make pots). To idle away time.
lit,ڪَؤاڪِرِ,( lit Earth thrown up by rats). Ant-hill.
lit,کنڊکيڙائو,( lit A searcher). A seaman.
lit,لڳڻيِ پيڙيِ,( lit a boat that sticks; ( fig ) a slow-coach.
lit,مهاڄار,"( lit a great net) A difficulty, trouble."
lit,نِرْسُ,"( lit without juice). Of inferior quality, beauty, weight, measure, &c.; alloyed, adulterated; deficient, less."
lit,نِشَسْتِ بَرْخاسِتِ,"lit Sitting and rising). Etiquette, manners."
lit,نڪ وڍڻ,lit To cut the nose; to put to shame.
lit,سرنوشت,"lit What is written on the forehead, destiny."
lit,وريِ اچڻ,( lit ) To come back; to die.
lit,هرديگيِ چمچو,lit ) A ladle for every kettle; spoken of a mischief maker.
lit,هِمالِيَهَ,( lit the abode of snow). The Himalaya mountains.
lit,همراه,"( lit A fellow traveller). An aider, assistant; a coolie."
lit,هَمَهَ اۇاَسْتِ,lit All is He) Pantheism.
lit,اوتِ پوتِ,lit warp & woof) Thoroughly.
lit,بَٿئَيِ جوڪانُ,( lit an arrow in the quiver.) Any thing in reserve.
lit,بُرْدِ,"( lit Carrying off). (In chess ) The king, the only piece remaining on one side of the board."
lit,ٻاوَنُ,( lit 52) Capot (in whist).
lit,عِيدَاَڳِڙيِ,n. lit A rag (clothes) for
sup,دوٻو,A sup or small quantity taken in the palm of the hand of ground opium mixed with water. A drop of ink.
sup,ڍُڪُ,"A sup, sip."
sup,سَهارو,"Hope, sup-"
makes,ٺاهۇ,That which agrees; befitting; pleasing. A peacemaker; one who makes a false show.
makes,پِنڊِ,"pron (peculiar to ""Lar""). Self. It makes its genitive"
makes,دَٻو,") One who makes leathern oil vessels, heads for drums, &c."
makes,غوغائيِ,Noisy; one who makes an outcry or uproar; vociferous.
makes,قِصِر,"A talkative person, one who makes a long story of any thing, a story-teller."
makes,ڪُرَاُجارو,One who makes his family illustrious.
makes,ڪل اُجارو,One who makes his family illustrious.
makes,نؤديِ,One who makes or sells
noah,نۇحُ,The patriarch Noah.
hi,هاها,inter Ha ha! hi hi!
descendants,آل اَولاد,"Family, descendants, off-spring."
descendants,ڏاڏاڻو,Of one's father's father. The family and descendants of one's father's father.
descendants,واڙيِ,"A field of vegetables. The barley plants sown in a dwelling house in honour of Bhawani at the time of Naurat Offspring, descendants."
slash,واڍوڙَ,"A wound or cut from a sword, &c.; a slash, gash."
extractor,صورت وَندُ,"Handsome, beautiful. extractor."
extracted,ڇَڊَ,"The separating the dirt etc.; the dirt, etc., so extracted. Sprinkling. Spray."
extracted,ڇوهيِ,The bran extracted from grain in cleaning.
extracted,دوسو,The juice extracted from the date fruit.
extracted,سيِڦو,The blubber extracted from fish.
extracted,ڪَڎو,An ear or part of an ear of grain after grain is extracted; stalks of the tobacco plant after the leaf is separated. An oyster.
extracted,کَٽَڻُ,"Juice extracted from limes by cooking, used in dyeing. The ashes from a potter's kiln."
extracted,ڳاڙَ,"Dropping, dripping; drainings extracted from any thing, drippings."
extracted,گهُنگهِڻيِ,A small kind of beetle. Boiled munga What is left of the tail of a dumbo (sheep) after the unctuous matter has been extracted by cooking.
extracted,لاکيِ,Of lac; dyed with lac. A red dye extracted from lac. Leather dyed with lac.
extracted,نڪتو,") To issue, appear (as the sun); to go out (as one's breath), go forth or out, to be abstracted; be extracted, derived, produced; to be dismissed, expelled; to appear (as a boil, etc.); to set out, depart; to rise, spring, result."
extracted,ڪۇڪَمُ,"n. Garcinia Indica —used as an acid ingredient in curries, and out of its seeds oil is extracted."
checked,اَٽڪﮡ,"To be stopped, checked; to hesitate, falter; be caught, fastened."
checked,پَلِجَڻُ,To be checked.
surviving,ڇۇتڙو,A bairn (spoken of an only surviving son by a mother).
crow,اَلُ,A young crow.
crow,دَسُ,"A roll on a drum; volley of musketry. The crow of a cock. A trip, tour, turn."
crow,ڌمالۇهڻڻ,To crow (as a cock).
crow,زاعُ,A crow. Black (pigeon).
crow,غَرابُ,A crow.
crow,ڪانگُ,A crow. The hair of the back part of the head above the kiari
crow,ڪانگِ,"The cry of a crow; an urgent message, a message sent through a crow."
crow,ڪانؤ,A crow. The stick supporting the
crow,ڪانويليِ,A female crow.
crow,ڪانِرو,A young crow.
crow,ڪوڪو,"A small kind of nail, a tack. pro Some. inter The sound by which a crow is called."
crow,کِيانتو,"A messenger, an informer (applied to a crow)."
viewing,نِظارو,"Viewing, prospect; an open view; a scenery; splendour, beauty."
viewing,نِهارَ,"Looking at, looking for, viewing, staring, watching."
viewing,سَمَدَرْشيِ,"Impartial, equally viewing both sides."
entertaining,رِهاڻِ,"Pleasant conversation, entertaining chat."
smoked,دۇنهاٽڻ,To be smoked.
smoked,ڪوهيِ ڀَنگَ,"n. Hyoscyamus insanus , whose leaves are smoked to produce intoxication."
smoked,نَئِن,"A mountain torrent, a temporary stream of water from a fall of rain, a rivulet. The hollow stick through which a huqqa is smoked. ( L. S )."
collections,جَمَعَواصُلُ,An abstract of collections and disbursements.
collections,شاهو,An account book of customs collections.
testing,پَرْکاٹيِ,The fee for testing coin.
testing,وَنَڪَ,"A piece of gold, etc., for testing."
testing,ٻِيجِلو,"A piece from a bar of gold, etc., for testing."
killing,آهيڙو,"Hunting, pursuing or killing game."
killing,ڇيرو,Whetting or sharpening by attrition; a whet. Shot of various sizes (for killing game).
killing,ڪُٺو,") To be slaughtered, to die by the sword or knife. Killing, slaughter."
killing,ڪيِسُ,"Murder, killing; an inhuman act."
killing,گئۇهچا,The supposed sin of killing cows.
killing,گهاتُ,"Opportunity. Deceit. Slaughtering, killing."
killing,مارو,"Killing; dying, mortality; massacre. Killer."
killing,ماهو,"A rope or band of leather. Killing, slaying, slaughter. a. See"
axle,ڌُرو,The beam (of a loom); the axle (of a wheel). ( dim
axle,ڏيڍيِ,The beam or axle of the lower wheel in a water-wheel.
axle,ڍيڍيِ,The but end of the axle of a water wheel.
axle,گِڎِ,"A hole in the ground for burning fire in at an angasu during the Muhorrum. A hole in the ground for playing cat and dog, &c. The hole or socket in the lower cross stick ( bharini ) confining the axle or upright beam of a Persian wheel."
axle,ڳُجهَہ,"The axle of a spinning wheel. A small kind of watercourse. Secrecy, mystery."
axle,ڳجهٽ,The axle of a spinning-wheel A cavity or cellar in a wall or in the ground for concealing things in; a hiding place.
axle,لَٺِ,"A stick, cudgel, mace, staff, pole, walking stick; a stem (of the sugar-cane). The axle of a water-wheel connecting"
axle,مڪڙي,"The piece of stick attached to the upper cross beam of a water-wheel or oilpress, holding the upright axle of the wheel in its place. A method of tripping in wrestling."
axle,مَڪِڙيِ,"A kind of cockroach or cricket. A kind of small locust or grasshopper. The handle of a spinning wheel, &c., fixed in the axle. The stick fixed horizontally and across the hole in an upper millstone, in which is a hole for a spike to connect it with the bottom stone. The slip of wood fixed in the lintel of a door frame in which a spike from the door works as a hinge. A boat."
axle,مُهُرۇ,"Face, contenance, van, front. The prow of a ship. A chessman (at chess, &c.) The rubbing of paper to smooth it, or a shell or piece of wood with which it is rubbed: gloss, polish. The upright post which is the axle or beam in a water-wheel. A headstall."
jumps,کيڙِدَلُ,"or One who jumps and runs about, rompish. ( U. S"
getting,دَوْليِ,The getting the number 24 in a hand of a kind of cards with which a game is played.
getting,ڏندائتو,"Teething, getting teeth; serrated, having teeth."
getting,ڏنديِ,Tying a thread on the teeth of a comb for the purpose of getting out the lice from the hair.
getting,قرض ۾ وَهَڻُ,"To work indifferently, or without the hope of getting any wages."
getting,ڪانگهاريِ,"(A cow, &c.), which is getting dry and giving but little milk."
getting,ڪَڙْهَڻُ,"To boil; fret, grieve, be distressed. To die (for getting fame)."
getting,لاسڙياٽ,"A boy up to the time of his getting a beard, a youth, lad, stripling."
getting,نِباهُ,"Living, getting on. Completion, settlement."
getting,نيباهُ,"Living, getting on."
getting,نيشُ,"A camel when it is 8 years old, getting its full number of teeth. A sturdy active young man. The fang or tusk of a camel, snake, &c. Superior."
supports,ساوِڙو,The upper horizontal stick which supports the eaves of a house.
supports,مَدِيانُ,The supports to a
bos,چَنوَرُ,A brush made of the long hair of the bos grunniens for driving away flies; a fly flapper.
preserved,ڪَپُ,"A knife, penknife. Bank of a river, edge, brink, shore. A piece of biha preserved in a certain manner."
preserved,مَحْفوُظُ,"Guarded, preserved; secure, safe."
leads,واريِ رِڍَ,"A bellwether, or a sheep that leads others."
leads,کانچُ,"A faithless, worthless fellow; a rogue, one who leads others astray."
officials,رسائيِ,The system of supplying necessaries gratis or at a nominal price to officials and their establishments whiletouring.
strain,ٻاٿَ کائڻُ,To strain (as a woman in labour).
strain,ڇاڻَڻُ,"To strain, filter; sift; to investigate, scan. To pluck out or off, to shake down (fruit from a tree); to shed its leaves (as a tree)."
strain,ڇِڪَڻُ,"To pull, haul, strain; to smoke (a pipe); to dun, importune; to challenge. To distil. ( law ) To sue. To woo."
strain,ڇِڪَ,"A pall, strain; dunning; longing, yearning; attraction. ( com ) Demand. Single distilled liquor. A rope for hauling in or up a sail."
strain,دَرْدَ,"Heavy calls (on one's purse), strain (on a servant), rush (on a road)."
strain,ديِکَہ,"Looking intensely; excessive strain on eyes; photophobia, or in tolerance of light."
strain,سٽ پوڻ,To have a strain in the loins by lifting a heavy thing.
strain,مَروڙَ,"Twisting, a twist; the rubbing (the hair in washing it); contortion, writhe; a griping of the bowels, tenesum, strain."
strain,نچوئڻ,"To strain. drain off or extract water from food, &c.; to strip (a cow)."
strain,دَڙدَ,"Heavy calls (on one's purse), strain (on a servant), rush (on a road)."
murray,تالَمْہ کاڻو,"A medicinal seed Barlaria longifolia (as Murray), or Hygrophila spinosa (Dymock)."
murray,سيسارُ,A large species of crocodile or alligator. A porpoise ( Murray
crab,سَرْطانُ,The tropic of Cancer. A crab. The sign Cancer. A cancer (disease).
crab,سِيانتو,The river crab.
crab,ڪَرْڪُ,"A crab. The sign Cancer. Poor, penniless."
crab,ڪُڪَئيِ,A kind of insect found in the mud on the seashore. A sea crab.
listening,هۇنگَرَ,"The uttering the sound hun , the sign of attention or listening; a hem; a noise, esp of much talk."
tightly,ڦَهَڪائِڻُ,"To lay on (with force); fix firmly, fasten tightly."
tightly,ڏاڍِيان,"Tightly, firmly; with force, violently; loudly, with intensity."
tightly,سوگهوجَهَلڻُ,To catch tightly.
tightly,سيِٽَڻُ,"To contract tightly, stiffen; to fix firmly or make stiff (a limb); pull tight, tighten. To convulse."
tightly,ضِيقَ,The winding gold or silver thread tightly round anything.
tightly,ڳُتَڻُ,") Plaiting (the hair), stringing tightly together."
possess,ڌارَڻَ,"To have, keep, possess; to rear, support; to engage (a servant)."
possess,رَکُہ,"). To put, keep, set down, place; observe, obey; lay before, present; apply (an ointment, etc.); lay (a wager); to give, or deposit (in pledge); reserve, detain; preserve, lay by, save; to deposit; engage, employ (a servant); keep (a mistress); comply with (one's wishes); possess, own, have; lay (blame); defer, postpone. To wait."
possess,ماڻَڻُ,To enjoy; possess.
hung,پُتِليِ,"The pupil of the eye. The frog of a horse's hoof. An image; a doll, puppet; small gold ornaments hung round the neck; five rupees."
hung,پَڙو,A petticoat hung round the waist.
hung,چَندَنَ هارُ,A kind of necklace to which flat pieces of gold are hung.
hung,حَمائلُ,A sword-belt hung from the shoulders; a small Quran suspended from the neck.
hung,رِڇا,"Keeping, protection. An amulet bound on the arm, or hung round the neck."
hung,سيلهيِ,A rope or string of goat's hair; a string with or without cowries hung round an animal's neck; strings tied round a Fakir's cap.
hung,ڪُنڍَلُ,A kind of earring hung in the lobe of the ear.
hung,کَرْڪيِ,A small bell hung round an animal's neck.
hung,کَنڊِيو,"A bundle hung over the shoulder, half on one side and half on the other."
hung,گهَٽو,"A ram. A large louse. A ball of ivory, etc., two of which are hung together and rattled to amuse children."
hung,گهِنگهِڻو,"A small hollow ball of metal worn on the ankles and jingled by dancers, also hung round the necks of cattle."
hung,لاڙڪيِ,A kind of net hung on a tree for catching hawks in.
seychelles,درياهيِ,"The poisonous cocoanut, the double cocoanut of Seychelles"
others,بي ساڃاهو,or Having no regard or consideration for others. (
others,بي ننڊائيِ,"Shameless, regardless of the opinions of others. ("
others,ٻيلارو,An island; a field situated between two others.
others,ڀاوَڀَريو,"Affectionate, full of charity or regard for others. Polite, respectful."
others,ڀَنڊِڻِ,Importunity; clamouring for alms or payment before others.
others,ٿورَويساهو,"One who trusts not others, suspicious, of little faith."
others,پَرَپَچارَ,Speaking ill of others.
others,پَرَگُهَر,"Care, thought for others."
others,ڇيڻاڀورُ,One who rouses others to quarrel.
others,ديِدَ,"Modesty, consideration for others."
others,ڌَچِڙو,One who curses or wishes ill to others.
others,ڏِٺو,p. p of ڏٺوڪرڻ . ڏِسَڻُ To disgrace (before others).
others,ڏهاڳيِ,One who has lost the affection or regard of others. Blameable.
others,ساڃَهِ,"Acquaintance with, or knowledge of; recognition. Consideration for others; discrimination between persons or things."
others,واريِ رِڍَ,"A bellwether, or a sheep that leads others."
others,سَتارُ,"A coverer of others' faults, merciful, compassionate. A title for the Deity."
others,سُڌارَڻُ,"To arrange, collate, adjust, put in order, correct, regulate; amend, to improve, reform, civilize. To absolve (one's self or others) from sins by any expiation or mortification."
others,کانچُ,"A faithless, worthless fellow; a rogue, one who leads others astray."
others,کَکِڙو,The stone of the beru (Jujube) fruit and others.
others,گائِتِريِ,"A sacred verse from the Rig Veda , used by Brahmins and others in their morning devotions."
others,گهيڙو,One who enters water first to lead others.
others,لاپو,"Allowance given to reapers, field watchmen, and others. An allowance or fixed perquisite; a kind of perquisite exacted by a Tapeder on government revenue paid by Zemindars The payment to a landholder for the right to cultivate his land, lease."
others,ڪانڊو,") applied also to a leg or shoulder of mutton. A tame partridge kept to decoy others, a decoy."
others,مَرْڪَڻُ,"To boast, brag. A boaster, one who is praised by others."
others,مزاجي,"Of obstinate or flighty disposition, who acts without attending to others, proud. Fastidious."
others,مَلُهہ,A standard measure or weight kept as a test for others. A large block of wood or stone used for lifting in gymnastics.
others,وِچَوارو,"One who passes between two others in any matter, a go between, a mediator."
others,وِڌِ,"Among Hindus, the defilement brought on others by one dying in a state of uncleanness, or on one's self from causing the death of a cat, &c. A defect (in a metal). See"
others,ڪجي,"Give something from your own pocket, or from your influence with others."
others,وَڙولَ,"A description or representation of the marks of any thing that it may be known to others, intelligence."
others,وَسائِڻُ,"To cultivate, cause to flourish or be prosperous; to fertilize. To throw missiles or dirt on others, pelt (stones); pour (abuse). To stun."
others,هارپائيِ,"etc.). A plough bullock. A pair of pallah fish. The chief of a party of boys in a game, others being called"
sweat,پَگَهرُ,"Sweat, perspiration."
sweat,ريڳِڙاڳَڙَڻُ,To exude profusely (as sweat).
votes,غلبي,Majority of votes.
manages,جانڊاهيِ,"One who manages a flour-mill, a miller."
manages,ڪارپرداز,One who manages a business; factor.
drinking,آبي,A small flat drinking vessel. Aquatic; cool-tempered.
drinking,ٻيلَهڻُ,Two cross pieces of stick tied to the mouth of a calf to prevent him from drinking the milk of cow mother while grazing.
drinking,پِئَٹيِ,Drinking.
drinking,پيڄُ,Drinking.
drinking,جام,"A guava. A goblet, kind of drinking bowl."
drinking,جَمْنيِ,An earthen saucer used far drinking from. A kind of flat skull-cap. A species of red pebble set in rings.
drinking,خُورِ,"(In comp ) Eating, drinking."
drinking,ڏوگهَہ,Constant drinking from thirst.
drinking,ڏوگهِرُ,One constantly drinking.
drinking,ڏوگهَڻُ,To be constantly drinking.
drinking,سَهَجيِ,One given to drinking Bhang
drinking,فِنجانُ,A small drinking glass.
drinking,ڪِشْتو,The husk of the poisonous cocoanut used as a drinking vessel by faqirs
drinking,مَعْرِڪو,"An assembly, body of men. A meeting together and drinking sherbet at or before a wedding or circumcision festivity. The 3rd day after the decease of a Hindu on which certain rites are performed; the rites then performed."
drinking,وَٽو,"A kind of metal bowl or cup for drinking from ( Mah ). A weight for weighing with. A piece of string put in a hole bored in the ear, or nose to keep it open for an earring, etc. ( com ) Discount on a hundi ; premium; difference in exchange."
believing,مُوَحِّدُ,"Believing in one God, a unitarian."
believing,تَوْحيد,"Unity, believing in the unity of God."
patterns,پورو,"A stamp for stamping on cloth patterns for embroidery, dyeing, &c."
sizes,ڇيرو,Whetting or sharpening by attrition; a whet. Shot of various sizes (for killing game).
earlier,اڳڀرو,A little further or earlier.
earlier,اَڳيرانهون,"or Somewhat in front, a little before, or earlier."
earlier,سَجهُہ,"Early, at an early hour, earlier."
earlier,سويرڙانهون,"or A little earlier, a moment ago."
earlier,سويرڙو,Somewhat earlier.
earlier,سويرانهون,"Early, at an early hour, earlier."
earlier,مهنديرڙو,"or A little before another in time of place; somewhat earlier, a short time ago. A little forward, little in front."
invitations,نينڊو,"One who conveys invitations to wedding feasts, &c."
qualities,تاڳاپو,"Lasting qualities, durability, continuance."
qualities,چؤرنگ,(Of four colors). Of various qualities
qualities,ڳُڻاٽَڻُ,To win over by one's qualities. ڳُڻَچور ، ڳُڻائتو ، ڳُڻاڪاريِ ، ڳُڻچورائيِ See
qualities,ڳُڻاريِڪ,etc. under ڳُڻوانُ . ڳُڻُ Possessing excellent qualities.
qualities,نِرْڳُڻُ,( Hind. phil ) Without passions or qualities (an epithet of God).
qualities,هيري جيِ ڪڻيِ,Said of a person of sterling qualities.
qualities,وَصْفَ,") Signs, qualities."
qualities,ڇَٽِيهَ لَکِڻو,"Of excellent qualities, accomplished."
portland,ڪاروچڻ,Portland cement.
creek,کاڎيِ,"The chin. A gulf, bay, inlet, creek, backwater, frith. A dozen of leeches."
creek,گهارو,"A breakage or breach in a dike, etc. A ravine. A firth or backwater a creek. The furrow of a sword."
creek,نارو,"The spout for conveying rain water down from the roof of a house, a tile. The pipe of a pair of bellows. A creek, frith, backwater. Furrow (of a sword)"
acquiring,لَهَڻُ,") Finding, meeting with. Acquiring, gain, profit."
acquiring,اُسَ ۾ وارَڪَڍَڻُ,To become old without acquiring experience.
runs,ڦِرِڻيِ,"A spinning jenny, whirligig. The roller over a well on which the rope runs."
runs,چَرَجوسَنهُن,A kind of ordeal in which the person tested runs through a drain over fire.
runs,سِيرَ,That part of a stream where the current runs deep and strong; a channel; the deep stream. A crack or split. Name of a fish. The long string by which bullocks are guided in a plough.
runs,سِيڻَ,The threads of the taki (part of a loom) between which the warp runs.
runs,ڪنجڪ,One who runs on foot in company with a horeman.
runs,کيڙِدَلُ,"or One who jumps and runs about, rompish. ( U. S"
runs,گَنگَٿِرْڙو,"or What wabbles in movement, wabbly; a top that runs about and does not hum well."
runs,مالِياٽو,An upright stick in a spinning-wheel through which the string turning the spindle runs.
runs,نيسَرِ,The second trough into which the water runs from a water-wheel.
runs,واڄوٽيِ,In a Persian wheel the piece of stick fastened on the spindle round which the string from the wheel runs.
runs,والهاٽو,The part of the spindle on which the thread which turns it runs.
saved,بَچَڻُ,"To be left over; remain. To be saved, etc; to escape, survive."
saved,تَرَڻُ,"To fry (in ghee , etc). To rough-hew (wood). To swim, float. To surpass. To be ferried over, be saved. (Causative"
saved,هوائيِ,"Airy aerial; vain, silly, frivolous. Pale (a colour). A sky rocket. The merchandise saved out of ships sunk or wrecked which becomes as a royal perquisite."
items,ريزڪيِ,"By retail; in scraps. Bits, scraps. Of small items."
items,کَرْڙو,"A shopkeeper's day-book or journal, the waste book in which items are first entered. or Slimy land marked with cattle tramps. A severe, or rough person."
items,وارَڻُ,"To strike out, score off or out, or mark off items in going over an account. To mark off as one's own, &c. To forbid, prevent. To wheel any thing over one's head by way of sacrifice; offer up sacrifice, devote. To take up room, enlarge or extend one's boundaries or position. To cause to turn or return; to shut, close. See"
levels,هٿيليِ,A wind which blows at times in autumn from the north-east and levels the crops.
crawl,رِڙهڻُ,"To move slowly, get to one side, crawl, creep."
crawl,ريِڙهيِ پائِڻُ,To crawl.
crawl,سَرَنِ,"To creep, move, or be moved, crawl. To itch slightly."
crawl,سرڻو,"An itching, a kind of slight temporary itch, a crawl. A reptile."
crawl,سِئاندو,"The shivering from cold, &c.; trembling, crawl, crispation."
crawl,ڪَرۇ,"One short for his age; a crawl, dwarf."
crawl,گِسِرَڻَ,"To scramble along, to crawl along. To delay."
crawl,بانبِڙاڏِيَڻُ,To crawl (as a child).
plated,ملمعيِ,Plated with gold or silver.
horns,ٻُثو,"Unadorned. Crop-eared, wanting horns. Without a neck (as a bottle). Incomplete, short (as a name)."
horns,ٿوُنو,Butting with the horns.
horns,ڏَٻو,Lop (ears or horns). Piebald.
horns,سِڱِرُ,"Horned, having long horns."
horns,ڪنڍيِ,"A fish hook, a hook; a hooked needle used in embroidery. A buffalo having ringed horns."
horns,ڪُنڍيَٴپۇرِ,With horns having its rings closed.
horns,واٽُوان,Curled (horns).
tables,دستورالعمل,"A regulation, a rule; a body of instructions, tables, &c.; constitution, form of government."
tables,کوڙو,Multiplication tables. A clump or grove of trees.
praised,آلَ جالَ,inter God be praised!
praised,مَرْڪَڻُ,"To boast, brag. A boaster, one who is praised by others."
metals,آبائتو,"Respectable, dignified. Water; lustre (in gems), temper (in metals)."
metals,ٺَپَڻُ,"To beat out (metals). To affix a seal on property, to impress, print. To beat clothes with a stick in washing. To shuffle (cards)."
metals,پاڻِيِ,Water. Temper of metals.
metals,چِپَڻُ,"To press, bruise, stamp, flatten by force, mash; to extend (metals)."
metals,ڏگڻيِ,"A bite, sting. A prick (for pricking metals with). Name of a stinging insect. Setaria verticillata —a grass."
metals,چيڻوٺي,") used in weighing precious stones, metals, etc. Mildew, smut. A blast of wind damaging to crops. Fortune, good fortune. A little, small quantity, atom, particle."
metals,رَچُ,Granulation (of metals.)
metals,رَندَڻُ,"To test precious metals by making a hole in them, &c. To refute."
metals,ريجو,A mould for forming bars of metals.
metals,سوڌَڻُ,"To correct, examine, try. To refine (metals)."
metals,ڪانگڙيِ,"A wheat stalk, a straw of wheat. The seed of of the abrus precatorius coloured red or white with a black spot used for weighing precious metals."
metals,گهَڙَڻُ,"To make, form, shape, forge work (metals), fashion, mould, model."
metals,گهڙاڻيِ,"Price of labour of forging metals, etc. گهَڙِپَ ، گهَڙَپَ ، گهَڙِتَ ، گهَڙَتِ"
metals,مارڻ,"To smite, strike, hit, beat; kill; control (the mind); get over (ground in travelling). To tan (leather). To reduce to powder by fire, calcine (metals); temper, pug (clay). To catch (birds, fish, etc.). To keep down, bear up (hunger, etc.)."
metals,مَٺُ,"Base metal mixed with the precious metals; alloy, dross."
metals,نِئَارو,"Apart, aloof, separate, distinct, neutral; exceptional, anomalous. The scoria left after refining gold, etc. One who extracts precious metals from scoria."
currents,ٻِيڇَلَ,"A conflux, or meeting of currents."
seaside,سۇنهَن,A nail of wood. A grass growing on the seaside.
seaside,کاريِ,"An open basket made of a kind of rush ( Kano ). A grass that grows on the seaside. Malicious, revengeful, spiteful."
oldest,وڎو,"Great, large, big, vast, immence, huge; bulky; grand, noble; eminent; supreme; principal; rich; senior, elder, major, old, oldest; chief, first, head; grave, serious, capital; important. An ancestor."
spying,ٽيٽَ,"Protection; an inkling. Watching, spying out."
spying,جاسۇسيِ,"Spying out, espionage."
spying,چارالَ,"Spying, scoutineg, secret inquiry. چارِپو،چارَپَ،چاراپو"
spying,سۇنجَهہ,"Looking about, spying here and there, inquistiveness."
consisting,ٽِڪيِ,A fried wheaten cake. A sweetmeat consisting of flour thickly coated with sugar. A cake of anything; a wafer; a lozenge; a wad for a gun; the disk of the gun. The torus of the water-lily. The figure three in card-playing.
consisting,ڏيڍنئون,"That which stands in the one and a half place, the first with a half, consisting of one and a half; one and a half per cent."
consisting,ڏيڍو,"One and a half, of one and a half, one half more or larger, computed at one and a half, consisting of one and a half."
consisting,ساڙهيِ,A dress consisting of one piece of cloth worn by Hindu women round the body and passing over the head. An earthen pot for keeping milk in.
consisting,سَنچيِ,A division of a book consisting generally of eight leaves.
consisting,گهُٽَ,"A purgative consisting of aloes, spices and borax given to new born infants to clear out the meconium."
consisting,بَندُ,A verse of a song consisting of two or three couplets.
pap,بُبي,The pap of a man or of a girl.
pap,پِئَڻُ,"). Rice water, gruel. Pap for infants."
pap,ڳَرُ,"The pulp of any fruit or vegetable, pap."
flashing,جهالو,The flashing or sparkling of anything bright.
forgotten,اَويساءُ,"Not forgotten, fresh in memory."
forgotten,وِسِرَڻُ,To be forgotten.
puppets,پائِڻُ-وِجَهڻُ,"To play with puppets, set a puppet show agoing."
followed,بِيَهڪَ,"Stop, stability, the being established, accepted, or followed Form, fashion."
formed,ٻۇرڻ,To bud (as a tree); to become formed (fruit from the flower).
formed,پاتَلَ,A place or trencher formed of leaves.
formed,پِراڪِرْتِ,A popular dialect formed from Sanskrit.
formed,ڇيلِوون,"Formed of pared or peeled wood, devoid of skin or peel; shaped or squared (timber). Scaly (a fish)."
formed,ڏَڏَرُ,A crop when the grain has formed in the head but is not yet ripe.
formed,ڊولائتو,"or Handsome, well formed, good mannered, orderly, in a good manner or style."
formed,سُڊَوْلو,"or Well-shaped or formed, shapely."
formed,سۇڙِهيِ,The bits and dust of split pulse grains formed in splitting them or separating the husk in a coarse mill.
formed,ڪٽو,"Any thing pulverized. A kind of pasteboard formed by pounding paper to a pulp, and drying and pressing it after a certain process."
formed,کاٽو,"The ravine formed by a mountain torrent, the gutter or furrow made by rain, etc; a fissure; a pit."
formed,منهن رڪڻی,A piece of cloth formed into a little canopy over a sleeping child.
formed,واڻُ,A rope formed of the
formed,ٽيڪَ,) (One) who has formed a habit.
iii,اَچاهُ,Free from desire. Page ii Page iii
iii,آرِتِتو,An agent; commission agent. Page iii Page iv
prayers,ٻانگو,The long bead connecting the ends of a Musalman's rosary. One who calls to prayers.
prayers,ڀَڄَڻُ,"To sing, praise, worship, say prayers."
prayers,جَپَڻُ,"To count one's beads, mutter prayers, invoke."
prayers,سَنَدَ,"Any obligatory religious ceremony as circumcision, cutting moustaches, etc.; the traditional sayings and doings of Mahomed recognized by sunnis ; the prayers enjoined by Mahomed."
prayers,فاتَحَ,Prayers for the dead.
prayers,فاتح خوانيِ,"The reciting prayers for the dead, a ceremony which goes on for some days after the death of a Mussalman, when the friends of the family all pay a visit and receive some food."
prayers,ڪَڙْڪائِڻُ,To shout; to call to prayers (as
prayers,لانئُي,"The repeating certain prayers by the Brahmin at a marriage. The knocking together of the heads of the bride and bridegroom seven times, being a part of the marriage ceremony of Hindus."
prayers,نَفِلُ,Certain Mah prayers which are not compulsory.
prayers,نِمازيِ,"Devout, one who performs his prayers regularly. Pure, fit for praying in (clothes)."
prayers,وڎوسڎ,"A loud cry, the Mussalman's call to prayers."
restore,موٽائڻ,"To cause to return, give back, return, restore, reject."
fishermen,جَمَعيِ,One who collects or has charge of Government stores or monies. A body of persons (as fishermen) under charge of any headman.
fishermen,ڪلاتِريِ,"Headman or chief among boatmen, fishermen, weavers, &c."
fishermen,ماڱَرُ,A class of people who are fishermen.
fishermen,مُهاڻو,A class of Mussalmans who are boatmen and fishermen; a sailor
fishermen,ميهارُ,A class who are fishermen.
loads,پﯘرُ,"The party taken over in a ferry-boat, a trip of a ferry-boat; a set of loads in the conveyance of any thing. A side, party. The four in the game of"
loads,لاڎيِ,"An emigrant, or a person accompanying one to look after the loads of kit, &c."
does,اُٿلاﮡ,A cow etc. which does not retain the fœtus.
does,اڻ لَبو,"One who does not take bribes, incorrupt."
does,اَڻ ميلُ,"or That does not agree, inconsistent, inconsistently."
does,اڻ ويِڪو,"Unsullied, unblemished; one who does not find fault."
does,بي حُجَتو,or Indisputed. One who does not argue or cavil.
does,بي دلي,"One who does not take sufficient account of another's friendship, disobliging. Shamefaced."
does,تِيَرڻُ,To spawn (eggs as fish does). To purge (said of animals).
does,ٿورَويِرمو,"(One) who does not make delay, quick, smart."
does,ٽولَڻُ,To cause to move along; to leave (as a hen does her grown-up chickens.
does,پَرْدي نِشِيِن,A lady who does not appear in public.
does,ڦَرَڻُ,"To vibrate with an involuntary convulsive motion, as the eyelids, &c. To bring good luck. To cover (as an ox does)."
does,جهاڙۇوٺڻ,"To search as a policeman does a house, or a person."
does,جَهْڙَپڻُ,"To strike (as the wind, sun, fate, etc. does)."
does,چست وَٺڻ,To bone (as a carpenter does his work).
does,چُگهِہ,") To prick to puncture; punctulate, to pit or mark (as the small-pox does)."
does,رُهيِ,"Cold, cloudy weather when the sun does not come out for some days."
does,ساٺ ڪرڻ,"To touch (the throat, etc. as a doctor does."
does,سَرازُ,"One who does fine work in leather, a shoemaker."
does,سُڪِرْتيِ,One who does good actions; beneficient.
does,سنڀالڻ,"To take care of, nurture, guard, watch. To check, control; to manage (a firm, etc.); to assort (clothes as a washerman does). To be seized with the pains of labour. To come to one's senses, recover, revive from a faint of sickness, come to the age of discretion. To beware, reform, amend. To remember, call to mind."
does,عقدپڙهڻ-ڪرڻ,"To join in wedlock, as a priest does."
does,ڪَرَڻُ,What one does.
does,کاءُ,"). To eat. To bite, sting. To erode, wash away (as the river does the bank); to wear or consume (by attrition).To receive (blows, etc.); endure, bear up (as abuse). To destroy. To cost. To take bribes. Food, a meal."
does,کَڎَ,"A hole in the ground or in anything where it does not pass through, a pit, cavity; socket; a dimple (on the chin)."
does,کڎپوڻ,"To fall into a pit (said in disgust when one does not want a thing, as"
does,کَسَ,) That does not come to a head or give seed (as grain).
does,گَنگَٿِرْڙو,"or What wabbles in movement, wabbly; a top that runs about and does not hum well."
does,گَنئُن ٿئَڻُ,"To be lost, (said of a person who does not return soon from an errand)."
does,ڳَڙَڻُ,"To drop (as water), drip; to ooze milk (as a cow does)."
does,لڳواُٿڙيو,"No sooner struck than rebounded, said when an admonition does not produce an effect"
does,مَڇَڏُ,"That does not give up or abandon, steadfast."
does,مونو,"One who does not keep hair, opp to a"
does,نَڇَڏُ,"That does not give up or abandon, steadfast."
does,نرني,See نْرِوَيْر .نيراڻو One who does not bear enmity or malice. ( abs.
does,نقل ڪرڻ,To copy; to represent (as an actor does).
does,نۇچَ,Fixing the eyes upon (as a lizard does on its prey).
does,نِهوڙَڻُ,"To seize one with force, to snatch away, carry off (as a sickness does). To close up a"
does,وات وجهڻ,"To bite (as a camel, etc does). To ask, make a request To talk loosely."
does,وٽ پچائڻ سارڻ ڪرڻ,"To cleanse the person after making water, etc, (as a Mah does)."
does,اڀَڄُ,"One who does not run away, resolute."
does,اتارۇ,or One who does not know how to swim.
does,وَرائِڻُ,"To turn (water); overtake (as rain does a traveller),"
arranged,سَنوِرَڻُ,"To be arranged etc.; to improve, reform."
arranged,مَرْبوُطُ,"Arranged, grammatical."
arranged,نِڇَڙَڻُ,"To be settled, arranged, brought to a conclusion. To become separate, be disjoined. نِڇيڙَ، نِڇوڙو، نِڇوڙَ"
addressed,سيڻُ,so addressed.
burnt,آهۇتيِ,A burnt offering of ghi
burnt,ٻَريِ ٺَريِ,Throwing the ashes into the river immediately the corpse is burnt.
burnt,ڀِيِلو,"Under burnt (bricks, &c.)."
burnt,پُٺي,"). A layer of pounded earthenware, etc., put round a crucible in a furnace. Earth plastered over the burnt and blackened bottom of a pot. Grape juice, etc. put into liquor or opium to give them flavour. Fixing things at an average price."
burnt,پَليِتائيِ,"The match (of a gun). A paper in which a charm has been written, burnt in exorcising an evil spirit"
burnt,جَلڻُ,"To burn; smart; to be singed; to be burnt up; be envious, have a grudge or ill-will."
burnt,سڙيل,Burnt; envious.
burnt,لَڳَڻُ,"To blow (as wind.) To be applied, apply to; be fixed, attached; be close to, adjoin, touch; to strike (an hour); to strike, hit; to be plastered, applied; to give (attention); to stick or adhere to; get (a fit or an attack); to offer itself (as a chance); to break out (as war); to be attached, or fall in love with; be entangled, form a liaison ; to feel, perceive (as cold, hunger, etc.); to be burnt, scorched (as cooked rice, etc.); to taste (as"
burnt,واسُ,Perfume of kinds burnt at certain ceremonies; incense.
burnt,هومُ,"A kind of burnt offering made by casting ghee , &c., into the sacred fire, inculcated in the Vedas"
inserted,ٽِنبَ,A piece of stick inserted across the mouth of a sack to close it.
inserted,نٿريِ,A small ring inserted in the hilt of a sword.
boundaries,ٻنوڙو,"A small ridge to keep back water, mark boundaries, etc.; the ridge round the top of a house; a boundary."
boundaries,مَلَڻُ,"To rub, polish, burnish, clean (pots and pans), furbish, scour. To groom (a horse). To take up (room or place), enlarge or extend (one's boundaries or position), lay hands on (in interference). To cause indigestion To knead (dough), work up with fists or fingers. ("
boundaries,وارَڻُ,"To strike out, score off or out, or mark off items in going over an account. To mark off as one's own, &c. To forbid, prevent. To wheel any thing over one's head by way of sacrifice; offer up sacrifice, devote. To take up room, enlarge or extend one's boundaries or position. To cause to turn or return; to shut, close. See"
boundaries,والارَڻس,"To take up, occupy (room or space), take possession of (a place), extend (one's boundaries). To choose, select; mark off as one's own."
warmer,ڪنڊوکڻڻ,"To become dear (as fruit, etc.), become warmer (as the day)."
strip,اُگهاڙڻ,"To make naked, lay bare, strip; disclose, expose, draw (a sword)."
strip,پاٺو,A strip of land left uncultivated. Hard & dried up (as
strip,پَٽو,"A band, a broad strip in cloth, a strip of leather, paper, etc. A belt. A band worn by women across the forehead; a fillet. A dog collar. An arm ornament. A lease."
strip,پَکيِ,A bird. A small fan. A strip of cultivated land. Eighty fish in counting them. پَکيڙَڻُ،پَکيڙَ See under
strip,چِيوَٽُ,A strip of cloth.
strip,روڙَڻُ,To strip off (as leaves).
strip,فَتِيلَ,"A strip of paper, &c., a lath or slip of wood, a row or stripe in quilting cloth; a ruler for drawing lines."
strip,ڪوپيِنَ,A narrow strip of cloth worn by faqirs to hide the privities.
strip,ڪورَ,"The stone of the mangoe fruit. Tape, riband, piping, binding on the edge of cloth; an edge or corner in building; a thin strip of leather. Partiality. A coloured figure on cloth. Cutting, peeling."
strip,ڪيٽيِ,A large island in the river or piece of land cut off by a stream of water running round it; a strip of land lying between the river and a lake; delta.
strip,لاهُ,"To strip off, cause to descend, lower, to degrade; to put down(a boy in a lower class); pull off (as clothes), take down or off, to take (pots)off(a potter's wheel); to cut or shave (hair); to reap down (a field); disembark; to cut off (one's head); to lay (an egg); to adjust, settle or close (an account); to take out, efface; to pay off, liquidate (a debt); to repay (an obligation); to abolish; finish(a work).To deduct, subtract (in accounts); to cure (a disease), to turn out (of caste); to quench (thirst), to calm, appease."
strip,ليِڙَ,A strip or slip of cloth.
strip,مُنڍو,"The ends of a parallelogram or of any long strip of land, &c., so shaped. ( surv ) Offset. The end sides or breadth sides of any thing. ( arch ) A header. The back part, shoulder. Blunt."
strip,نچوئڻ,"To strain. drain off or extract water from food, &c.; to strip (a cow)."
ninth,رَمْضانُ,The ninth month ( Mah
ninth,سيجَرات,"The ninth night of the Mohurrum , when the taboots are taken out for perambulation through the town."
ninth,نائون,Ninth. The figure nine.
somewhat,اَڳيرانهون,"or Somewhat in front, a little before, or earlier."
somewhat,اَلبت,"Somewhat; certainly, of course."
somewhat,اَندراهون,"A little in, somewhat inside."
somewhat,اَندرتانهون,"A little in, somewhat inwards or inside."
somewhat,اورتانهون,"Somewhat nearer, a little on this side."
somewhat,ٻاَهِرِتيِ,Somewhat outward.
somewhat,ٿُلهيڙو,Somewhat thick or corpulent; thickish
somewhat,پوئِتانهون,"and A little behind, somewhat in the rear. A little after, shortly, soon."
somewhat,ڦِلهائيِ,"Somewhat flaccid or of soft or loose body; weak, feeble of mind."
somewhat,جيڪيِسو,"Some little, somewhat."
somewhat,چَنَرِپِسيِ,a game somewhat like ludo.
somewhat,ڌوْنرَسَرُ,Somewhat grey (hair).
somewhat,ڊگهيرڙو,"Somewhat long or larger, tallish."
somewhat,سَٻَرُ,Strong and violent; raised or somewhat higher.
somewhat,سرسيڙُ,Somewhat more.
somewhat,سگهيرڙو,or Somewhat quick or quickly; speedily.
somewhat,سَوْکيرِڙو,Somewhat easy.
somewhat,سويرڙو,Somewhat earlier.
somewhat,ڪُٻَهِڙيِ,A flea. Somewhat black.
somewhat,ڪُڇُ,"Somewhat, aught, something, anything, ever so little, whatever."
somewhat,ڪَلِرائِڻُ,To make somewhat dirty by wearing a cloth.
somewhat,ڳوڙهيرڙو,Somewhat thick or dense.
somewhat,لاٺائيِ,Somewhat smaller.
somewhat,منجهانهون,"or Somewhat in, a little in."
somewhat,مهنديرڙو,"or A little before another in time of place; somewhat earlier, a short time ago. A little forward, little in front."
somewhat,ميريرڙو,Somewhat dirty.
somewhat,نيريرڙو,Somewhat blue.
somewhat,وَڌيرِڙو,Somewhat large.
somewhat,وَڎيرڙو,"Somewhat large, biggish, too large."
somewhat,وڎيرو,"A respectful term of address, Sir! An ancestor. The headman of a village. A title for the elder brother of one's husband. Somewhat large, too large."
somewhat,هيٺتي,Somewhat low or lower.
approaches,دَمْدَمو,A raised battery; a causeway; a cavalier (in fortification); approaches to a bridge.
reformed,سڌريل,"Well-behaved (a boy, etc.); improved, amended; reformed; civilized."
rinse,آڇلائڻ,To rinse.
rinse,آگهارڻ,"To rinse, wash; clean out (as a dish.)"
rinse,ڇاڇولَڻُ,"To shake up any liquid, roil; wash out clothes slightly, rinse a vessel."
hundreds,ٻِروتَرِ,"And two, or with two (prefixed to hundreds, thousands, etc., as"
hundreds,ٽِروتَرِ,"And three or with three (prefixed to hundreds, thousands, etc. to express one hundred and three, etc.)."
hundreds,ٽِڙو,"With three, or and three (prefixed to hundreds, thousands, etc. to form one hundred and three, etc.)."
hundreds,پَنجاهو,"And fifty or with fifty (prefixed to hundreds, etc; to express one hundred and fifty, etc.)"
hundreds,چُڙو,"And four or with four (prefixed to hundreds, thousands, &c., to express one hundred and four, &c.)"
hundreds,چوروتَرِ,"And four, or with four (prefixed to hundreds, &c., to express 104, &c.)"
hundreds,ڇَهوتَر,"And 6 or with 6 (prefixed to hundreds, thousands, &c., to express 106, &c.)"
hundreds,سَتَرِيو,"And 70 or with 70 (prefixed to hundreds, &c., to express 170, &c.)."
hundreds,سَتِيو,"And 7 or with 7 (prefixed to hundreds, &c., as"
hundreds,سُٺِيو,"And 60 or with 60 (prefixed to hundreds, &c., to express 160 &c.)."
hundreds,سَوين,"Hundreds, hundreds of, in hundreds."
hundreds,نَووتَرِ,"And, or with 9 (prefixed to hundreds, &c., to form 109, etc)."
mil,اُهاڙُ,Observing of traces; ( mil ) reconnoissance.
mil,سُرِنگهَہ,"( mil ) A mine; subterraneous passage; a tunnel, gallery; an adit."
mil,ڪانؤڪرڻ,"( mil ) To buck, to subject to a mode of punishment."
mil,نائِڪُ,A leader. A menial officer superior to a peon; ( police ) a 4th grade head constable; ( mil ) a corporal.
starting,ڇرڪڻيِ,"Starting, shying."
starting,هُلاچو,"Of starting, of setting out. Noise."
dolphin,دُلْفيِنُ,A dolphin.
rabbits,کُڎيِ,"A hole or nest made for birds, rabbits, etc., to nestle in. A niche. A temple of Hindus."
thereto,ڀَرْکو,"The noise made by a paper kite, or a bow attached thereto for the purpose."
thereto,ٿُڪِ ٿڪِ,"Too much spitting, or inclination thereto !"
blamed,حرف اَچڻ,To be blamed.
blamed,نِنِتو,"Censured, reproved, blamed."
missed,تَوائيِ,"or Adrift (as a ship). At random, without aim or thought, reckless; at fault, out of scent (as dogs in hunting); missed, wandering aimlessly, confused, off the path, scattered here and there."
missed,گُسِيو,"). To miss or be missed, pass by without effect; to fail, not to succeed, miscarry, mistake; to sneak away."
touch,بوٺِ,"Feverishness, touch of fever."
touch,تَنوارَ,"The chirping or music of birds, warbling, the sound of a voice. A gentle breeze. The flutter (of a fan); a touch (of fever)."
touch,ٽَْونڪارَ,"Clattering, a noise, a din. A touch ( e. g of cough)."
touch,پَرْسُ ڪَرَڻُ,"To make wet, bespatter; touch. To enter (as water.)"
touch,جهيِڻَ-جهيِڻائيِ,A touch (of fever).
touch,ڇوتِ,Defilement from touching an impure thing; an impure touch.
touch,ڇُهْيو,) To touch.
touch,ڇُهِڻيِ,A touch. A tangent.
touch,ساٺ ڪرڻ,"To touch (the throat, etc. as a doctor does."
touch,سَجْدو,"Bowing so as to touch the ground in adoration, prostration."
touch,سۇزَنُ,A pricker of a gun. The touch hole of a gun.
touch,سيلاپَڻُ,"To wet, to allow damp or wet to touch or injure any thing."
touch,لَڳَڻُ,"To blow (as wind.) To be applied, apply to; be fixed, attached; be close to, adjoin, touch; to strike (an hour); to strike, hit; to be plastered, applied; to give (attention); to stick or adhere to; get (a fit or an attack); to offer itself (as a chance); to break out (as war); to be attached, or fall in love with; be entangled, form a liaison ; to feel, perceive (as cold, hunger, etc.); to be burnt, scorched (as cooked rice, etc.); to taste (as"
touch,شڪل لڳڻ,"To resemble in appearance); to affect; to be defiled (by a touch); to be operative, have effect (as medicine); to cost; to be worth anything; to be shut, closed (as the eye); (an auxiliary ) to begin, commence (as"
touch,نالوڳنهڻ,To mention by name; touch (a person).
cue,ڏَسُ,"Direction, cue, hint."
cue,ڏَهَنائيِ,"An obscure intimation or hint, cue."
cue,ميڇَ,"Distortion of the face. A face (distorted); grimace; beckoning, winking, a cue."
aries,حَمَلُ,"The sign ""Aries"" in the Zodiac. Pregnancy, the fœtus"
aries,ميشُ,The sign Aries
aries,ميکُہ,The sign Aries
aries,ويساکيِ,"The day on which the sun passes into Aries, kept as a festival."
weddings,تِهاڙو,A season in which many weddings take place; a festival day.
weddings,ساٺ سڳڻ سوڻ,"Certain superstitious forms gone through for good luck during weddings, etc."
weddings,سِٺِڻو,"A marriage song sung by women at weddings, a hymeneal."
weddings,سُڳُڻُ,"A morsel of food eaten for civility's sake at a house one visits. Certain superstitious forms gone through at weddings for good fortune. Augury, omen."
weddings,ڪاجُ,"Work, business. A ceremony of joy at weddings, births, &c. A festivity."
weddings,ڪارِجُ,"A ceremony of joy at weddings, births, etc. A festivity. Business, affair; object."
weddings,لاڳُ,"Perquisite, allowance, fee. The amount fixed at weddings for the friends of the bride and bridegroom to give."
weddings,ميِڙه,"The place where a kardar or an Ijardar is stationed and transacts business in the districts. A post with a cross on the top stuck up at weddings. A pen or fold (of sheep, etc.). A hermit, sage."
weddings,هيرو,The reply in a kind of nuptial song sung at weddings; a hymeneal.
coated,ٽِڪيِ,A fried wheaten cake. A sweetmeat consisting of flour thickly coated with sugar. A cake of anything; a wafer; a lozenge; a wad for a gun; the disk of the gun. The torus of the water-lily. The figure three in card-playing.
wrapping,بُجِڪو,A bundle of cloth or clothes; the cloth for wrapping up a bundle.
wrapping,بَچڪانو,A piece of cloth for wrapping round a child's sash
wrapping,پيِرُ,The cover for wrapping a book in.
wrapping,پوتيِ,A cloth for wrapping over the hea and shoulders of a girl. ( Small
wrapping,دُهُرُ,A double sheet used for wrapping round one in cold weather.
storey,طَبْقو,A storey. Régime.
storey,ماڙِ,(In comp with the numerals from two upwards) The upper storey of a house e. g
storey,ماڙيِ,The upper room or storey.
keeps,جَهلو,A preventer or holder back; an obstructor; a prop; in machinery what keeps any thing from moving from its proper place. Brushwood ( Up.S
keeps,ڪَبۇتِرائي,One who keeps pigeons.
keeps,ڪوڪِڙيِ,One who keeps fowls or poultry. Stupid as a fowl.
keeps,گُرُدُئارو,"The place where a guru lives, keeps his books, &c"
keeps,مالهاٽو,The stick that keeps in its place a
keeps,ميهارُ,One who keeps or grazes buffaloes.
rings,بُڪُ,A kidney. A set of ivory rings for the arm.
rings,پاڃاريِ,A yoke. One of the rings by which a sword is attached to the waist band.
rings,جَمْنيِ,An earthen saucer used far drinking from. A kind of flat skull-cap. A species of red pebble set in rings.
rings,سِبَنديِ,One of the rings by which a sword is attatched to the waist-belt.
rings,ڪُنڍيَٴپۇرِ,With horns having its rings closed.
rings,لوڙَه,"A kind of club with iron rings on it, a cudgel."
rings,واڳِيۇن,) A string with looped ends for suspending ear rings.
rings,واگهۇ,ear rings.
rings,وَرْناڻي,"A tribolet, a goldsmith's tool for making rings."
rings,ايڪِوائيِ,A small anvil for making rings.
events,تاجَڪُ,The science of prognosticating the events of a year.
events,سَوانَحِ,"Incidents, events."
events,وَرْشُ ڦَلُ,The written prognostication of the events of a year.
presents,ڪوٺائو,Certain presents given to a bridegroom at a wedding.
presents,نوازڻ,"To favour, patronize, cherish; to exalt, to give presents."
presents,وَرْسائِڻُ,"To allow perquisites, or cause fees or presents to be given to a dependant, to patronise."
diamonds,تَرْڪُ,"Abandoning, renunciation. Cleavage-a quality in diamonds etc. of splitting in certain directions. The contracted pupil of a cat's eye as it appears in the day. Breaking off in the middle."
honor,اَجيِ,"Honor, welcome."
honor,آدرستڪار,"Welcome, honor."
honor,بنده نوازَ,Your honor!
honor,بيِ جَسو,"or Inglorious, not bringing honor or credit."
honor,ڀَرَمُ,"Honor, good name."
honor,پاڻُ ڀَلائِڻ,To honor one's self by doing a kindly act.
honor,تَرو,The sole of a shoe. The bottom of anything; the seat of honor of a man. Grounds or dregs (also
honor,تَشْريِف فَرْماٿِيَڻُ,To honor with one's presence.
honor,پاڻِيَٺُ,"Watery, moist. Damp, wetness. A pearl (Shah). Honor, respect."
honor,پَتِلاڄَ,"Fair name, honor."
honor,پِتي واروُ,Sensitive of honor ( opposed to
honor,پَڳَ ٻَڌَڻُ,"To tie on the turban of honor, etc."
honor,پَنُ,"A leaf of a tree. Protection, screening, honor."
honor,پَيْجَ,"Fair name, honor, credit."
honor,جَنابُ,Your Honor.
honor,حُضۇرُ,"The presence, the royal presence; Your Honor, or Highness."
honor,خانِدانُ,Dynasty; a good family. Of a high family. خان صاحب، خان بهادر Titles of honor.
honor,ڪنڊيِ,"tree, and at night throw up fireworks in honor of Ram's victory over Ravan."
honor,سرفرارڪرڻ,"To exalt, honor. abs. n"
honor,ڪُرْسيِ نِشِينُ,One entitled to the honor of a chair.
honor,ڪنڊو,"A thorn. The thorn tree— prosopis spicigera A bone; a fish bone; the back bone. A pair of scales; a box in which scales are kept. ( fig ) A sense of honor, moral sensibility."
honor,مَتوميڙوڇڏڻ,"To depart in honor, before the state of things becomes worse in an office, etc."
honor,مودَڪَ,"A kind of sweetmeat of certain proportions of flour, ghee , and sugar eaten on certain Mondays, in honor of Shiva by Hindu women."
honor,مُهُتُ,"Honor, respect. Victory."
honor,ڏه ننگ,"Ten articles. Honour, sense of social honor, high feeling."
honor,ننگانيِ,The having a sense of honor.
honor,شُبُ,A screen; secret; honor.
honor,شَبُ رَکَڻُ,To keep ones secret; to protect one's honor.
gods,آرتيِ,Adoration of God or gods in which the worshippers stand with a platter containing a burning lamp with several wicks.
gods,سُميرُ,"The sacred mountain Meru, the residence of the gods. Well."
gods,وِماڻُ,"A chariot of the gods, sometimes serving as a seat, and sometimes carrying them through the skies; a baloon."
gods,وَنِدنا,"Praising, esp the gods or greatmen."
refuses,مُڪِرُ,"Name of a large fish. One who denies or refuses, a denier."
slippers,سپاٽو,A pair of slippers generally worn by Hindu ladies.
sandals,ٻُنجيِ,"A cork, plug, stopper. The knob or button in wooden sandals fixed on the toes."
sandals,کَرْڪِڻو,A pair of sandals.
wires,گهوڙيِ,"A mare. A crutch. A saddle rack or clothes horse, a horse for a cradle, etc.; a kind of fixed cradle for infants. A bridge, piece of ivory for raising he wires of a guitar. An instrument for making vermicelli. A rack for files of paper."
subscribing,بنده,Your servant (used in subscribing a letter).
subscribing,نئازمند,An obedient servant (a humble manner of subscribing oneself). ( abs. n
instances,سندين,"In these instances the governing noun is in the singular; if plural, the forms will be"
tack,چاپَڻُ,"To do any thing with force; to press (cotton, etc.). To tack a boat. To shampoo the limbs."
tack,ريزاميحَ,A small tack or nail.
tack,هڻڻ,"To tack, stitch together, baste."
tack,ڪوڪو,"A small kind of nail, a tack. pro Some. inter The sound by which a crow is called."
tack,گُلْمي,A nail with a flat head to it; a tack.
tack,گوسُ اُٿارَڻُ,( naut ) To tack.
tack,هيٺارُ,"naul ) Foot, tack of a sail. Bolt rope."
loosely,اُڇاترو,"or Loosely, with a light hand, superficial, superficially."
loosely,ڏوتيِ,"etc., in front by crossing the ends and tucking them in. A cloth thrown loosely over the shoulders. A mode of wearing a loongi by throwing it over the shoulder and then bringing it round the waist."
loosely,ڍرائتو,"or Loose, loosely, slow, slowly."
loosely,کڙوڪرڻ,"To set up (a flag); haul up (a person before a magistrate, etc.); to call attention to; to foment, stir up (a quarrel); to baste sew loosely; to trim. (a fire)."
loosely,کِيرُ,"A method of sewing together loosely two plain edges of cloth. Congratulation. Comedo, a small nodule on the nose, etc."
loosely,مولهو,"A cloth tied loosely round the head as a turban; also said of a dull, sickly bird, esp bulbul"
loosely,وات وجهڻ,"To bite (as a camel, etc does). To ask, make a request To talk loosely."
crooked,آڏَِترﮁو,"Uneven, crooked."
crooked,آڏوٽيڏو,"Awry, crooked."
crooked,اَڙﭔنگ,"Crooked in disposition; perverse, forward."
crooked,اَڻاگو,"or Difficult, adverse; crooked in disposition, perverse, perversely."
crooked,اُ نڌو,"Upside down, inverted, crooked, wrong; wrongheaded"
crooked,بانڪو,"Crooked. Brave, valiant; smart. A fop, coxcomb."
crooked,بَيْراڳِڻ,A female ascetic. A crooked stick having two cars on the top.
crooked,تِرْڇو,"Crooked, awry; turned out (as toes)."
crooked,ٽوُرو,"Bent, crooked."
crooked,ٺﯘنٺو,"Handless, a cripple, with maimed or crooked hands."
crooked,ڦِڏو,"Crooked; club-footed, deformed. ڦِڏْڪو،ڦِڏائيِ Crookedness."
crooked,جِهڪَڻُ,"To be crooked, to bend, incline to one side."
crooked,ڏنگُہ,"A bend crook, curve; deviation from truth, opposition, crooked ways or acts."
crooked,ڏنگو,"Crooked, bent, awry, uneven, oblique; naughty, full of opposition or crooked ways."
crooked,ڏنگوکڙو,"Crooked, zigzag."
crooked,ريِجَهڻُ,"Crooked, mischievous. abs. n"
crooked,سَنئَون,"Same, similar, like, equal. Straight, not crooked, right, even, level; direct, definite. Fair, candid, upright. Sane. With, along with."
crooked,سنئون سنواٽو,"Straight, not crooked: sane, of sound mind."
crooked,ڪَجُ,"Crooked, curved; cross, perverse. ( survey ) A corner."
crooked,وِنگو,Crooked.
crooked,پۇڄا,Crooked.
socks,جورابُ,"n. pl Stockings, socks. جورو،جوراٹو See زورو،زوراٹو under"
congratulations,سُواڏائيِ,Congratulations.
arab,تازيِ,Arab (horse). A swift horse.
arab,عِراقيِ,An Arab horse.
arab,اَعِرابي,An Arab of the desert.
retains,پائِيندَڙُ,"Erroding, etc. One who retains enmity."
disposed,اَگهامڻ,"To be sold, disposed of (in marriage); to be successful, come to profit, succeed."
disposed,رُجۇع,"Inclined, disposed, taken in hand, entered upon, referred to another,"
disposed,واڪِ ٿيَڻُ,To be disposed (to do).
disposed,دل ورڻ,To be disposed to do (the heart).
diseases,ڏاهيِ,A woman skilled in the diseases of children.
diseases,سَرْگيِرُ,Catarrh and other respiratory diseases in animals.
things,اُٿامار,"Doing things offhand, dabbling."
things,اُرسو,A flag-stone for pulverising things on.
things,اَگهوريِ,"or An order of religion mendicants eating things however filthy; a gross, dirty eater; one senseless from liquor or intoxicating drugs."
things,ٻَڌَڻُ,") used adverbially. Wholesale, in the heap, in a lump (things so purchased), by the gross."
things,تِرْوِرا,A disease of the eyes where things appear indistinct.
things,ٿَهو,"A heap of things one above another, a pile,"
things,ٺَٽُ,Several things or persons collected together; a crowd.
things,پُٺي,"). A layer of pounded earthenware, etc., put round a crucible in a furnace. Earth plastered over the burnt and blackened bottom of a pot. Grape juice, etc. put into liquor or opium to give them flavour. Fixing things at an average price."
things,پَسارو,"Entension, expansion. ( colloq ) Much ado. A great crowd or collection of things or persons."
things,پﯘرو,"Full; precise; exact, appropriate; whole, unbroken (a number); entire complete, perfect: fulfilled, completed; upto (all things as"
things,چَٻَ,"Stickling for small things, setting up an unreasonable demand; a stickler; one peevish. Hurt; loss. ( Up.S چِٻارو،چَٻارو"
things,چُرَ,"A movement or motion. A motion by which another is annoyed or disturbed; fiddling with things. A cave, lair; the hole broken by a burglar into a house."
things,چَوْنڪِڙيِ,A body of four things; the number four. Diamond (a figure of a suit of cards).
things,چَهَچَٽو,"The variegated show from a number of fine things, or of persons finely dressed, a fine sight."
things,ڇِڪِرُ,One who takes things by force; a plucker.
things,حَشْراتِ,"n. pl Reptiles, creeping things."
things,دَٻِڪو,A crash (of many things falling).
things,ديکِ,"A caldron, a metallic vessel for boiling things in, a boiler. A little boiled rice given as an offering or oblation to the river god."
things,ساڃَهِ,"Acquaintance with, or knowledge of; recognition. Consideration for others; discrimination between persons or things."
things,ڪَٽَهڙو,"A balustrade, railing, palisade; a raised edging round any thing as a defence to keep things from falling off."
things,ڪَرَڌَرَ,"Putting things to right, manner of arranging things."
things,ڪَڙْڇُ,An iron laddle or sauce-pan for cooking or melting things in. ( dim
things,ڪسْبَتَ,"A leathern case for keeping things in; a pouch, cartridge box."
things,بالانشين,Applied to things of good quality purchased cheaply.
things,ڪَمامُ,"Goods and chattels, property, things. Work."
things,کِچِلِ,"Knocking about things and bothering one, as a child with a person employed. Odds and ends of things lying about, rubbish."
things,گَنڊُگوڙ,"Things tossed about or tangled together, trash, dirt, rubbish; a tangle, perplexity, disorder."
things,ڳجهٽ,The axle of a spinning-wheel A cavity or cellar in a wall or in the ground for concealing things in; a hiding place.
things,ڳَنڍُ,"A joint, seam, place of connection of any two things; tie of friendship, &c., union."
things,گهورَ,"An offering given to a poor person in the name of the deity. Hawking, going about with things for sale. The right hand string of a sitara گهوراڙۇ ، گهوراڙو"
things,لامَ,Length. (used only in measuring ground or things of substance in contradistinction to breadth). ( arch ) Stretcher. The branch of a tree. Cupid's arrow.
things,لاهِڻُ,) Pouring things from one vessel to another.
things,لَهَچُهَ,Saving or being careful in measuring out things from a shop &c.
things,مَتوميڙوڇڏڻ,"To depart in honor, before the state of things becomes worse in an office, etc."
things,مَنْجَڻِ,A fixed frame or couch for sleeping or placing things on. A support for the back fixed on the
things,وَکِريِ,Small things for merchandize. a part.
things,ويچو,"Interstice, distance between any two things or places, interval. ويچُوون ، ويچو"
things,هٿرادو,"or Done by the hand, manual, artificial. Under one's hand, or subordinate to, in one's power. Who annoys by pulling things about."
things,نڪاهم نڪاتم ڪرڻ,"Not to hesitate, do things precipitately, or without waiting to think."
things,اِدِرِگِدِرِڪَرَڻُ,To do things superficially.
holds,شاهُ,"A king. A title of honour for faqirs, sayads , etc. The king (in chess The head or owner of the property in a mercantile house; the person who holds a hundi or bearer of it."
fireworks,آتشبازي,Fireworks.
fireworks,ڀَنگَ,(from which a draught is afterwards made) or of leaves of certain plants (prepared for an application). The upper skin of a cane or reed. A piece of paper rolled up for making fireworks with. The float (of an angling rod).
fireworks,جَرْڦُلُ,A dried rose bud. A spangle. The sparks from fireworks.
fireworks,ڪنڊيِ,"tree, and at night throw up fireworks in honor of Ram's victory over Ravan."
fireworks,سَرْرِ,"The sound of fireworks, &c."
fireworks,سۇسِراٽُ,"A whiz, any rushing noise of wind, of a flock of birds or of fireworks; a hissing sound as of cold water thrown on hot iron. A twinge of pain."
pipes,آنچيِ,"Cane used for ""Huqah"" pipes."
pipes,ٽانگو,A kind of cane used for huka pipes. A dog-cart.
pipes,ڪَنگورُ,"Elder tree, a kind of cane from which musical pipes are made."
knobs,موتيِ چُوڙُلَغامُ,A species of bridle bit with round knobs on it.
pleasures,ڀوڳَ,"Enduring, suffering. Enjoyment, luxury, enjoying sensual pleasures; venery. Food offered to an idol. Solemn ceremony at the conclusion of sacred reading (Hindu)."
pleasures,ڀوڳي,"Given to pleasures, concupiscent."
pleasures,رجوگڻيِ,"One who gives way to sensual pleasures, etc."
pleasures,رنگ محل,An apartment for festive or voluptuous pleasures.
pleasures,ڪاڙَرَسُ,The pleasures of venery.
swell,آماسِجَڻُ,To swell.
swell,ٿوٿِرَڻُ,To swell.
swell,ٽِڙَڻُ,"To open, bloom, blow (a flower); to exult. To swell out, as grain in cooking."
swell,ڦُلائِڻُ,"To expand, swell; to flatter."
swell,ڦُلَڻُ,"To blossom, blow, flower. To swell; be puffed up."
swell,ڦُنڊائِڻُ,To swell. ڦُنڊَڻُ، ڦُنڊِجَڻُ
swell,ڦُنڊِجَڻُ,"To swell out, be expanded; to be puffed up."
swell,ڦۇڪِڻِ,"See ڦوڪِجَڻُ .پِيئَڻِ To swell, be distended."
swell,ڪَنياريِ,A disease among cows when the chops swell.
swell,گنڀيرائيِ,"Staidness, etc. swell."
swell,مِٽۇنُ ڦۇڪَڻُ,To swell one's cheeks; to get angry.
swell,موجوڪرڻ,To swell (as the sea).
swell,وَرَمُ,"A wave, swell of the sea."
tomorrow,اَڄۇڻو,"To-day or tomorrow, in a day or two."
tomorrow,پَرِنهَن,The day after tomorrow. On the day etc.
tomorrow,فَرْدا,Tomorrow.
boards,چيليِ,"Certain places on the boards for playing chess, etc. The rut (of a cart)."
cracks,ڦوٽِرُ,That which cracks or splits.
tease,تَائِڻَ تَپائِڻُ,"To tease, vex, trouble."
tease,تَپائِڻُ,"To warm, heat. To irritate, excite, tease."
tease,پُٺِيان پَوَڻُ,"To dance attendance on; to importune, tease; to pursue."
tease,چيڙائِڻُ,"To anger, exasperate, irritate, provoke; to tease."
tease,ڪرڻ,To tease.
tease,کِجائِڻُ,"To trouble, annoy, tease. To boil away."
tease,ککر۾کڙوهئَڻ,To foment a quarrel; to tease.
tease,ورائي وٺڻ,"To press upon vehemently, beset; tease."
protecting,پَلْواڙو,A wall or fence round a house; a protecting wall or screen round a roof outside; a screen.
fathers,سيڻُ,The fathers of the wedded couple who become
thighs,چَرْنو,A kind of drawers covering only the thighs.
thighs,ڪَڇو,"The side of a boat. A chuddy, drawers covering only the thighs. ( bot ) A tendril."
thighs,لانگَ,Folds of dhoti passed between the thighs; a cloth worn between the legs; the girding one's self in this way.
favored,ڀاڳُ کُلُڻُ لَڳُڻُ,To be favored by fortune.
favored,مَمْنۇنُ,"Favored; thankful, grateful."
tempted,سُرْڪَڻُ,To be drawn after; to be tempted.
tempted,هرکجڻ,"To delight in, to be enchanted with, be delighted. To be tempted, induced, persuaded."
buried,پاتِڻيِ,A ferryman; a ferry boat. A faqir at a graveyard who receives an offering for each corpse buried.
buried,ڪَرْبَلا,A place in Iraq where Hussain the younger son of Ali was slain and buried.
buried,گارُٿِيَڻُ,To be buried; See
borrowed,اُڌارو,"or On loan, lent, borrowed, on credit."
borrowed,مَڱڻُ,") Asked for, borrowed, on loan."
sliced,ڪَچِريِ,Vegetables sliced and dried.
persist,رَڌُڪُڎائِڻُ,"To persist, to be disobedient."
elders,جِرْگو,"n. Jirga , a council of elders. ( Up. S )."
pros,تورَڻُ تَڪَڻُ,"To consider well, to weigh pros cons ("
pros,پَدُ,A word; (now used for a 'syllable'). ( pros ) Foot. See
patches,اَڳڙيارو,"Ragged, covered with patches."
patches,اَڳڙيائون,"Patched, covered with patches."
patches,دَلْقُ,A faqir's habit made of patches & shreds.
patches,دوڳڻ,To gild; to cover with patches.
patches,ڌَڙِڪيِ,"A cloth or quilt made of patches, etc."
patches,سِنجافُ,"Border (tacked to the outer end of a garment), edging. (A horse) with patches of grey and white. سَنجٽائتو، سَنجَٽَ، سَنجُتو، سَنجائِتو See under"
regards,بي ڍَنْئَو,Mis-shapen; unmannerly. Stupid (as regards shifts or expedients).
regards,ججمانيِ,The right of a Brahmin as regards his
regards,جۇڻيِ,Obtaining and giving information as regards criminals.
regards,نِئازَ,"Respects, regards."
regards,وِهُڪَڻُ,"To become dry or exhausted (a cow, &c., as regards milk); to cease to give milk."
drivers,هاهَرَ,The noise made by camel drivers.
secrets,اَنترجاميِ,Knower of one's secrets (God).
secrets,ڀيِديِ,Having knowledge of one's secrets.
secrets,مَنجهُہ,) One who knows another's secrets.
secrets,مِجيجيِ,One who is acquainted with another's secrets or another's house; an intimate.
secrets,وِچُ ڪَڍَڻُ,"To draw out (one's secrets). To examine, investigate."
turned,اُلِٽائڻ,"To be reversed, turned over."
turned,اوٿِلوُ,Turned over (as a neck-tie).
turned,تِرْڇو,"Crooked, awry; turned out (as toes)."
turned,ٿَرُ,Cream; the surface portion of curds. A set of arm ornaments turned out of a piece of ivory.
turned,ڌريِ,) The side stick of a lathe by which the article turned is held.
turned,کُرْڎو,"One with a contracted or club foot; a donkey, &c., with feet turned in."
turned,لٿو,"To throw (a playing card). To go or get down, dismount, alight. To descend, come down, disembark; set (as the sun); to be taken down or off; to be settled, adjusted (an account); to take up quarters, to stop at. To be turned out (of caste). To be cured (a disease). To subside (a flood of water), abate, fall. To be reduced (said of a sick man)."
turned,مُتَوَجَهُ,"Turned towards, attentive, favourable."
turned,مَجْنۇن,The celebrated lover of Lila ; one whom love has turned mad.
turned,مُڙَڻُ,"To bend, turn, yield, be turned back, give way, fall or subside (as a flood &c.), abate, swerve, deviate, warp. To sprain."
turned,هيٺَمُهون,"Turned on the face or upside down, inclined to one side."
etc,اَبواب,Perquisites of artisans etc. from the produce of land. Cess.
etc,اُبوُرﮡ,"To pepper, or salt (fish etc.)"
etc,آبوهﮡ,To soak (barley etc.)
etc,اُٿلاﮡ,A cow etc. which does not retain the fœtus.
etc,اُجرڻ,To be bright etc.
etc,اَڇٽ,A palmful of water etc. given by a Brahman.
etc,اَدائيِ,"Performance, discharge (of duty, etc.)"
etc,اُدميِ,Industrious etc.
etc,اَرهجﮡ,"To be dissatisfied, etc."
etc,اَستر,"A mule. Lining (of a garment, etc.)"
etc,اُسِرَﮡُ,"To spring up, rise (as a plant building, etc), grow."
etc,اِسم,"Name, a noun; a number, place or head in a list, etc. A charm, incantation. Area watered by one nàr hurlà (Enumeration of such:—"
etc,اَسو,"A wart, mole, etc."
etc,اَکو پائڻ,To make grain etc.)
etc,آڳيلِ,"Bow or stem (of a boat, etc.)"
etc,اُگهِڙڻ,"To be disclosed, etc."
etc,اَگهائيِ,"To become weak, etc."
etc,اُلارڻ,"To rise up the hand, etc. to strike; to threaten."
etc,آلڙَڻُ,"To be shaking as a tooth, post, etc; to tilt; to be ricketty."
etc,آلونۇرُ,"Anything worthless, spoiled, etc. abs. n"
etc,اُنائيِ,The howl of etc.
etc,آنڊاگُجِيِۇن,"Trail of a fowl, etc.; the interier, secret."
etc,خصيِ,"). Giving eggs (hen, etc.)"
etc,اَنگڙجڻ,"To be entangled, etc. اَنگشتانو، اَنگُسِتانو"
etc,اَڻَ,"A prefix answering to im-, in-, un-, etc."
etc,اَڻائيِ,"Contrariness, etc. اَڻڀاڻِ، اَڻڀُ"
etc,اوراٽَڻُ,"To obstruct, stand against (a wind-catcher, etc.), to blind (eyes by dust.)"
etc,اوناڙڻ,"To howl or cry as dogs, etc."
etc,اَهْتُ,"The fixed custom or right of an artizan of making repairs to a husbandman's tools, etc., in lieu of which a share of produce is given at harvest."
etc,اَهتيِ,"A customer, or an artizan receiving such custom, etc."
etc,باسَ,"Confession, etc."
etc,بانوِليِ,"A bird with which hawks, etc. are taught to hunt; an incitement, temptation. Circling, giddiness."
etc,باُهڙَڻُ,"To rise (an assembly, etc) To return. To trip, stumble."
etc,بَٺارو,"A class who keep horses, etc. for hire. A sutler, hostler. A great eater, greedy person."
etc,بَجِگَرُ,"A maker of heads for drums, leathern oil vessels, etc."
etc,بَچَڻُ,"To be left over; remain. To be saved, etc; to escape, survive."
etc,بَڇَ,"Setting on any one (a dog, etc.). An attack, assault, pestering."
etc,بڇڻ,"To set on, etc; to set men after any one to bring him round. To attack."
etc,بڇا ئڻ,"To cause to set on (a dog, etc)."
etc,بَرُ,"Breadth (of cloth, etc). A barren plain, a desert. Waste; desolate."
etc,بَرتَڻُ,"A utensil (for cooking, eating, etc)."
etc,برفيِ,"A sweetmeat made of milk, etc."
etc,برابر,etc.
etc,بِرْهو,"One separated from from his friend, etc."
etc,براهمڻيِ٬ برهمڻ,etc. See
etc,براهمڻ,etc.
etc,بگهياڙيِ,"A she-wolf. Shackles for the legs, etc."
etc,بُلُ,"Throwing up a kite, a ball, etc. A joint of the sugar-cane, etc."
etc,بل ڏيڻ,"To throw up a kite, etc; flush (a bird)."
etc,بَنْدُ,"Imprisonment, restraint; an embankment. A bundle (of straw, etc.) The fret of a guitar."
etc,بندِجَڻُ,"To be confined, etc. To suffer from laminitis (as a horse)."
etc,بوتو,"( arch ). A centre, the temporary structure for arch-making. Pattern of a dress-maker, etc A camel. A large crucible. A hoax."
etc,بۇجَرُ,"Unravelled threads; tangled hair, etc."
etc,بوداَچَڻ,"To recover from sickness, a faint, etc; be elated with joy, etc."
etc,بوسو,"A lump of excrement of cows, etc."
etc,بوفِليِ,A cloth cover for a book etc.
etc,بۇنڊ,"The top of a mango, etc."
etc,بي باق ڪرڻ,"To settle, square (an account, etc)."
etc,بي ڍنگو,etc.
etc,بي وقۇفائي,"Folly, etc."
etc,بيدِمالُ,"A wooden instrument used in polishing swords, etc."
etc,بيگَرِ,"Impressment of workmen, etc."
etc,بهَڻ,etc.
etc,ٻاثُ,"Grits of wheat, etc. One absorbed in love. A traveller. A beggar."
etc,ٻاجهارو,"Gracious, etc."
etc,ٻاڙَ,"A strong craving for smoke, etc."
etc,ٻانهن ڏئَڻُ,"To give aid. To give a wife in marriage. To work round with the arm (any liquid in a vat, etc)."
etc,ٻانهين,"A set of ivory bracelets. A piece or side of a fort wall; flank of an army, etc. The stile of a door, etc."
etc,ٻُثَ ٻَڌَڻُ,"To tie a cloth round the head and ears to keep off cold, etc."
etc,ٻيجو,"The first sowing of rice, etc. for after transplanting; the plants so grown."
etc,ٻَڌو,") To be bound, tied, fastened; to be congealed, be coagulated (as milk); to be shut out (as water by an embankment), cease flowing, stagnate. To be completed (a line or sentence of writing, etc)."
etc,ٻُچِڪارَ,"The sound caused by drawing in the air between closed lips, as done in playing with infants, calling or stopping cattle, etc."
etc,ٻُرَ,"The nap of cloth; down on the limbs; the mane of a horse, etc. Water. A slight application of ghee on the surface of a cake before baking."
etc,ٻُرْکائِڻُ,"To scatter or let fall through the fingers (as salt on meat); to sprinkle or cast (pepper, etc.) ("
etc,ٻُرَڻُ,"To ring or emit a ringing sound (as a plate, &c.) To shout, yell, din. To drip (as ghee , etc)"
etc,ٻِروتَرِ,"And two, or with two (prefixed to hundreds, thousands, etc., as"
etc,ٻُڪيِ,"A handful of grain put into a hand-mill, etc. A powder, or any pulverised medicine. Custom, a customer."
etc,ٻُڪيۇن اُڇلائِڻُ,"To paw (as an ox, etc., in its wrath)."
etc,ٻَگهيِ,"A kind of fly that sticks on dogs, horses, etc., a horse-fly."
etc,ٻِلۇنگِڙو,"A pup, etc."
etc,ٻِِلَهہ,Giving milk from two teats (a cow) etc.
etc,ٻُِِلهَڻُ,"To inflate the urinal passage of a cow, etc., to make it let down its milk."
etc,ٻُِِلهَہ,Inflating the urinal etc.
etc,ٻَنڌَاڻُ,"A fixed allowance to a priest, etc."
etc,ٻَنڌَائِڻُ,"To cause to be bound, etc."
etc,ٻنڌاڻيِ,"Cost of binding, (books, etc)."
etc,ٻنوڙو,"A small ridge to keep back water, mark boundaries, etc.; the ridge round the top of a house; a boundary."
etc,ٻۇٿاڙيِ,"A halter tied round the mouth of a horse, etc. when difficult to manage."
etc,ٻۇثَڻُ,"To close, shut (eyes, etc.)"
etc,ٻۇرَڻُ,"To wear away or reduce to powder by filing, etc.,"
etc,ٻوڙُ,"Meat, vegetables, etc., eaten with bread or rice."
etc,ٻولاهو,"A blaze (on a horse, etc). (One) having a blaze."
etc,ٻِيثَ,Closing etc.
etc,ٻيرِڙو,"Plaited or twisted double (as string, etc.)"
etc,ٻِيڙَڻُ,"To close a letter with gum, etc; to close up an aperture. ("
etc,پانُ,"with betelnut, etc, inside. A pod of musk."
etc,ٻيِڻُ,"Bight of an elbow, etc."
etc,ڀاٺو,"The ebb tide. Long-horned. (a deer, etc.)"
etc,ڀاڄيِ,"Vegetables, pot herbs. Food, sweets &c. distributed among relations, etc."
etc,ڀاڙيُت,"That has lost its calf, but gives milk on being given food (a cow, etc.)"
etc,ڀانِسالُ,etc.
etc,ڀائيِ,"A brother. A comrade. A title of respect for a priest, preacher or Bania merchant. A form of address as 'my friend, etc. Name of a hill tree."
etc,ڀَڀَرُ,"The belly of a pot, etc."
etc,ڀَڃيِ ڎِيَڻُ,"To deduct from wages, etc."
etc,ڀُڳو,"). To be fried, parched, etc."
etc,ڀَچَرَڀٽۇنِ,"A seed used in medicine, etc."
etc,ڀُڎيِ,"The husk of sesamum, etc."
etc,ڀَرَڻُ,"To fill, infuse, saturate, cover with; bedaub; load (a gun), lade (a boat, etc). To pay, re-imburse, pay the penalty, make good. To embroider. To take (a mouthful), heave (a sigh); To repeat (the creed); repeat, take (an oath), bear (witness). To reel, wind (a bobbin). To measure (grain, etc)."
etc,ڀِڙْڪَ,"A threat, etc."
etc,ڀِڙائِڻُ,"To cause to meet, etc.; to help."
etc,ڀوڳڙِائيِ,"Parcher of gram, etc."
etc,ڀڳيِ,"A piece of fried meat, etc."
etc,ڀَِنگُ,Blackmail paid for redeeming a stolen animal etc.
etc,ڀَِنگارُ,"A mixed metal composed of copper, lead, etc."
etc,ڀِڻِڪَڻُ,"To light on (food, a sore, etc.)"
etc,ڀوجَ پَتَْرُ,"The bark of a birch tree used in making 'hooqa' snakes, etc."
etc,ڀُرَڻُ,"To crumble, etc. To spend, or give money."
etc,ڀۇرو,"Brownish (hair) or brown, of fair complexion; of a whitish color (a cow, etc.) Having brown, complexion, brown (hair). A white, a European. abs"
etc,ڀوريِنڊو,"A sweet ball made up of sugar, etc."
etc,پائِڻُ,"To conclude, or solemnise the concluding ceremony etc."
etc,ڀَوڻُ,"etc. Eccentricity, pride."
etc,ڀيدُ,etc.
etc,ڀِپتيِ,"Sweet potato, etc. to entice nightingales, etc. ( fig ) A bait, lure, enticement."
etc,ڀَيِد پائِڻُ,"To find out a secret; solve (a problem, etc.); to fathom or comprehend (the Deity)."
etc,ڀِِيِڙَڻُ,"To close, or contract (as the hand, or an opened bangle, etc)."
etc,تاتيِ,"& Submissive. Talkative. A guardian, etc."
etc,تاتيندَڙُ,"& A protector, etc."
etc,جاڎان,etc).
etc,تاڙيۇن,"( ) The flags, decorations, etc. in the ""Mohurrum."""
etc,تاڪيد ڪَيدڻُ,"To send an expedite, etc."
etc,تَڳڻُ,"To stitch (a quilt, etc.)"
etc,تانهِريِ,"Rice cooked with sugar, etc."
etc,تاڃيِ,"Warmth, burning heat (of the sun, etc.)"
etc,تَپَ ڦِلۇڻو,"Herpes—an eruption on lips, etc. after fever."
etc,نتَپاسُ,"Investigation, etc."
etc,تحصيلداريِ,"The office, etc. of a"
etc,تَدارَڪُ,"Arrangement, provision; redress, removal of inconvenience, etc., remedy."
etc,تدارڪ ڪرڻ,"To redress etc., to see to, bring under discipline."
etc,تِڎُ,"A grasshopper, etc"
etc,جَڎهاڪُرَ,etc.).
etc,جَڎهِن,etc.) تَڎْهوڻِڪو، تَڎْهوڪو
etc,جَڎْهوڪو,etc.). A long time since.
etc,تَرُ,"Concealed. The surface of any thing, floor; texture (of cloth). ( In painting ) Background, ground. The foot (of a hill), the bottom (of a pond, boat, etc). Last portion (of any commodity)."
etc,تَراشُ,"Paring, etc."
etc,ترتيب وارِ,"or Methodical, etc."
etc,تَرْڪُ,"Abandoning, renunciation. Cleavage-a quality in diamonds etc. of splitting in certain directions. The contracted pupil of a cat's eye as it appears in the day. Breaking off in the middle."
etc,تَرْڪُ هَڻڻُ,"To pass, or skip over (in reading, etc)."
etc,تَرْڪَڻُ,To score out (a line etc.)
etc,تَرَڻُ,"To fry (in ghee , etc). To rough-hew (wood). To swim, float. To surpass. To be ferried over, be saved. (Causative"
etc,تَلوِارِ,An ocular spectrum appearing before the eye; the dazzling from great light into a dark room; a spot of oil etc. floating on water.
etc,تَڙَ,"A piece of betel nut, sugar-candy, meat, etc."
etc,تَسُ,"An earthen vessel for milk, grocery, etc. A holt, or a deep hole in a river for fish to hide in."
etc,تَڪَڻُ,"A share. A Municipal ward. Breadth of cloth, leaf of a table, etc. A field, cultivated piece of land. A side, or one of the halves of the body. A story of a house. Amount, extent."
etc,تَڪْيَہ ڪَلامُہ,"An expletive, a favorite phrase as ""Do you see?"", etc."
etc,تِکو,"or Quick, fleet, active; vivid (color), rapid (a stream); sharp (a sword, etc,), keen (appetite) pure (gold); pungent (pepper, etc.); passionate, fiery; intense (heat). A tumbler pigeon. abs. n"
etc,تَموگُڻُ,"The principle of darkness, delusion, etc., ( Hind. phil ); anger, passion."
etc,حُقو,", etc."
etc,تُنباڙَڻَ,"To card cotton, etc by pulling it out with fingers. To beat severely."
etc,تونبو,The act of carding etc.
etc,تَنْخواهَ,"An assignment on the revenue given for pay, etc.; pay, salary."
etc,تَندُ,"A thread of gold, etc.; a wire; a fibre."
etc,دَسْيِ,"Tightness, etc; poverty, distress."
etc,تَنوارَڻُ,"To emit a sound, warble, chirp, cry (as a partridge, etc.); to call with a loud voice; to abuse, slander. To remember. To fan (a fire)."
etc,تَنوارَ,etc.
etc,توبَهَ,"A bag out of which horses eat gram, etc."
etc,تۇتۇريِ,"A pipe or whistle made by boys of straw, etc. Tight, confined (as clothes)."
etc,توشَڪُ,"A store-room where valuable clothes, arms, jewellery, etc. are kept; a wardrobe."
etc,توبَ,etc.
etc,ڪَرَڻُ,"To fold (cloth, etc.)."
etc,جيسِتائِين,etc).
etc,تِيليِ,"A thin stalk of wheat, reed, etc.; the stalks of the saccarum munja used for making baskets. A match."
etc,جِئَن,etc.)
etc,ٿاپيِ,"To place an idol in its temple; to enthrone or invest with authority; to appoint to any duty. To fix, ordain (a law, &c.). To stick flat pieces of cowdung against a wall, &c., to dry. To pat and flatten cakes of cowdung, etc."
etc,ٿُٻيِ,"A small bundle of grass, a wisp; a bundle of reed pens, of tooth sticks, etc."
etc,ٿَٿِرَڻُ,"To wait, etc. To settle (as dirt in water)."
etc,ٿَڌِڙاڪَﮃَڻُ,To rub etc.
etc,ٿَريِ,"The film rising on the surface of liquids, as cream, etc. a. See under"
etc,ٿَڙْڪِٹيِ,"To slip; to fall into (error, contradiction, etc.)"
etc,ٿُلهو,"Fat, corpulent; thick; gross; blunt (speech); coarse (cloth, etc.), rough (estimate). ٿُلهائيِ، ٿُلهاڻ"
etc,ٿولِهہ,"Fatness, etc."
etc,ٿورائيِ,"Fewness, scarcity, shortness, etc."
etc,ٿَهيِ,"A small pile; a pad of several clothes doubled up and put on a sore, etc."
etc,ٽاٽارَڻُ,"To foment (a sore, etc)."
etc,ٽاڄو,"A collection (of utensils, etc)."
etc,ٽاڙوٽِيَڻُ,"To become stiff (as the arm, etc.)"
etc,ٽاڪُلو,"Gold-fronted chioropsis (a bird). The piece of potsherd, etc. used in playing"
etc,ٽامِٹيِ هَٹڻُ ٽِيَڻُ,"To be sunburnt, etc."
etc,ٽَٽَوَکَرُ,"Green vegetables, etc.; the eating of a mixture which is injurious. Few-leaved indigo."
etc,ٽَرْڙو,"or A vain fellow, etc."
etc,ٽَرَڻُ,"To turn aside, get away, be past (time), to pass away (words, etc.); to be warded off."
etc,ٽِروتَرِ,"And three or with three (prefixed to hundreds, thousands, etc. to express one hundred and three, etc.)."
etc,ٽَڙڪَڻُ,"To crack; crackle, pop, crepitate. To make an uproar in scolding, etc."
etc,ٽِڙْڪَڻُ,"To crack, etc. To prick or itch (as prickly heat)."
etc,ٽِڙو,"With three, or and three (prefixed to hundreds, thousands, etc. to form one hundred and three, etc.)."
etc,ٽِڪْٽِڪْ,"The tick of a watch, etc."
etc,ٽَڪِرائِڻُ,"To cause to encounter, etc. To compare."
etc,ٽِڪِڙو,"An ornament for the forehead, Pieces of glass worked on dresses. A kind of cake. Small spots of paint by Hindus on religious books, on goats before sacrifice, etc."
etc,ٽَڪو,"An iron spike or fork for lifting food with, etc. A spike with a knob of wood, etc. on the end, by the whirling round of which cord is twisted."
etc,ٽُڪُ,"A cut, hole (made by rats, etc.)."
etc,ٽِلَهہ,"Giving milk from three teats only (a cow, etc.)."
etc,ٽَلي,"A set of fowls, etc. tied and carried on a stick."
etc,ٽَنگڙُ,"A network, case, etc, for conveying fish, chaff, etc. A net used by thieves to cover the feet."
etc,ٽَنگِسالُ,"The hanging one up by a limb as a punishment, etc.; a break-neck height."
etc,ٽِڻي,A knuckle. ٽوٻو،ٽوٻِرُ etc. See under
etc,ٽوپَڻُ,"To bore (ears, etc.); to lance (a sore)."
etc,ٽوپَ,"The boring, etc."
etc,ٽوپِيَرُ,"A wearer of a cap, etc.; a hatter."
etc,ٽورو,"Roaming about, taking the air. walking. A stool, evacuation. A company, gang; a herd of cattle, flock of sheep, etc."
etc,ٽوڙَڻُ,"To break; to pluck or gather (a flower, etc.)."
etc,ٽوڙو,"The point or crest of a hill or rock A fragment of a rock, etc. (as"
etc,ٽولُ,"Any sweets, fruit, etc. bought by or given to a child. A thing, article. ( naut ) Rowlock (of metal)."
etc,ٽِهاڻُ,"between the legs and fastened behind. A sheet worn over the shoulders, etc."
etc,ٽَهَلائِڻُ,"To cause to take the air; to walk (a horse, etc.)."
etc,ٽَهَلَڻُ,"To take the air, etc."
etc,ٽَهَلِيو,"A servant (in a temple, etc,) attendant. ( fem"
etc,ٽاهِڙُ,"or One who starts or is frightened at trifles; a shying horse, etc.; timorous, shy; wild."
etc,ٽَهورَ,"Watching, etc."
etc,ٽُئَو,"A kind of matting of plaited rushes or twigs used for roofs of houses, etc."
etc,ٽُئَيِ,"A kind of flooring of wattles, etc placed in the bottom of boats. Three."
etc,ٽيرو,"A lump of butter, clay, etc. ( Small"
etc,ٽيڙَڻُ,"To hang, suspend. To cause to open or blow (flowers); to stretch out or extend (one's legs, nostrils, etc.)"
etc,ٽيهَڻُ,"To wet (clothes, grain, etc. by sprinkling water)."
etc,ٽيهَ,"The being wetted (by rain, etc.)"
etc,ٽيِهو,"And thirty or with thirty (preflxed to a hundred etc., to express one hundred and thirty, etc.)"
etc,ٺاپُرَ,"Quiet, peace; abatement (of pain, sickness, etc.)"
etc,ٺَهَڻُ,"To be reconciled, etc."
etc,ٺَهائِتو,"or Suitable, etc."
etc,ٺَڙْڪائِڻُ,"To knock, make a noise by knocking, etc,. to rap; to sound an earthen pot or a wooden plank."
etc,ٺَڪاڻُ,"A fatal disease to which camels, etc. are subject."
etc,ٺِگٻڻُ,"To be erect (the penis); to become stiff from pride, etc."
etc,ٺَلهاڻِ,"Emptiness, etc."
etc,ٺوڪِٹو,"A mallet used by shoemakers, etc."
etc,ٺَهَرَڻُ,"To be calmed, etc; to quiet (as water). To stop, wait."
etc,ٺيپَ,"A check in the progress of a disease; abatement (of pain, etc)."
etc,ٺينگُ ٽَپو,"Frisking, etc."
etc,پاتارُ,"Lower, or infernal regions, hell, nadir. The bottom of the sea, etc, the inside bottom of a box, etc."
etc,پاتِرُ,"Worthy, proper, deserving. A receptacle, vessel, jar, etc. (as"
etc,بادِشاهُ,etc.
etc,پاتَڪيِ,"or Sinner, sinful. Unclean from etc."
etc,پاڇَ,"Gruel of rice, juari , etc."
etc,پارِچو,"A kind of brittle steel. A bit (of bread, meat, etc.). A cloth."
etc,پاڙوسيِ,etc. under پارون، پاڙو See
etc,پاروسيِ,"etc.) Neighbouring, vicinal. A neighbour."
etc,پاسِ,"A pass (for travelling, free admittance, etc.), passport. Successful in examination."
etc,پاسِريِ,"( com ). From, dated from (place, used in bills of exchanges, etc.)"
etc,پالُ,"A small tent; an awning. Layers of straw, leaves, etc. in which unripe mangoes, etc. are ripened."
etc,پالِٹو,"A cradle. A dorser, or pannier for camels, etc."
etc,پَلِجَڻُ,"To be brought up, etc."
etc,پامَڪَ,"Lace (of silk, cotton, etc.)"
etc,پانجارِجُڻُ,"To be five years old (a horse, etc)."
etc,پاڻَ,"pro Myself, yourself, etc., in person. Still (more). Even, on the contrary."
etc,کارُ,"used in medicine. Sulphur and oil given for mange to camels, etc. Marrow; the bodily powers. ( indic ) Distressed (as"
etc,پاهوڙيِ,"The tang, or eye of a hoe, etc. ( dim"
etc,پاتو,") To get, obtain, acquire; to put in, dish (food), pour in. To close (a door), to spread or lay. To errode or wear away. To draw (a line). To bear (enmity). To put on (clothes, shoes, etc.) To slaughter (a goat, etc.) To be inimical."
etc,پائِيندَڙُ,"Erroding, etc. One who retains enmity."
etc,پائو,"The leg of a cot, etc. A quarter, one of the fractional divisions into which grain is considered sub-divided in making the"
etc,بَٽائيِ,"A kind of flute. A leg of meat. Forced on any one (as goods, etc.)"
etc,پَتِ,"Good name, character; reputation, credit, confidence. Melted treacle, etc."
etc,پَتَرَ,"A partition, screen, framework of reeds, etc."
etc,پَتْرو,"The leaf of a book. An almanac, a calendar. A plate or sheet (of copper, etc.); an iron girth."
etc,پَتَڻُ,"A ferry; ferriage. A small quantity of grain, etc. left as ferry-hire for the departed soul in carrying a Hindu corpse, or given by Mahomedans to faqirs at the grave. To cause to believe, be reconciled or appeased; to nurse or quiet (a baby). To understand."
etc,پِتو,"The heart or core of a carrot, fruit, etc. A small musk-melon. The gall-bladder. Force of character or will, spirit."
etc,پَٿَرُ,"A stone. A mat, etc. spread out for the relatives of a deceased person in mourning; the mourning so carried on. A family or race (among Beluchis)."
etc,پاٽولي,"A maker of silk ribands, tassels, etc. A seller of silk threads, etc."
etc,پَٽُ,"The bare ground, an open bare plain. The floor. A peg, or glass of liquor. A band of iron, etc.; the tire of a wheel. The one half of a split"
etc,پِٽَڻُ,"To curse. To beat, strike, knock (one's head, etc. in grief)."
etc,پَٽو,"A band, a broad strip in cloth, a strip of leather, paper, etc. A belt. A band worn by women across the forehead; a fillet. A dog collar. An arm ornament. A lease."
etc,پَٽي,"Waste, devastated. A rafter. A board on which boys learn to write. A bandage, band; a fillet. Insertion (as lace, etc.). A spot, place, space, distance. A sidelock flattened over the temple and brought round behind the ear."
etc,پَٺانُ,"The keel of a ship, etc."
etc,پُٺي,"). A layer of pounded earthenware, etc., put round a crucible in a furnace. Earth plastered over the burnt and blackened bottom of a pot. Grape juice, etc. put into liquor or opium to give them flavour. Fixing things at an average price."
etc,پُڄَڻُ,"To be lit up (coals by being blown on, etc.). To be jealous."
etc,پُڄِرائِڻُ,"To cause to light up, etc."
etc,پَڄارو,"The lighting up of coal, etc. Jealousy."
etc,پُڄائِڻُ,"To complete, etc; to make up to an amount required; to liquidate; to supply, to cause to arrive. To match with. پُڄِٹاتي،پُڄَنديِ"
etc,پِڃارو,etc. See under
etc,پِڃِرو,"A cage. The ribs; ( fig ) the human body. Any open work of wood, etc.; a lattice work."
etc,پِڃِرانئون,"Open worked or with holes (done in wood, or with mortar, etc); latticed."
etc,پَچارائِڻُ,"To cause to be baked, etc."
etc,پِچِڪارَ,"A squirt, spurt (of water, etc.)."
etc,پَکُہ,(2). پُڇاڻو،پُڇا،پُڇَ etc. See under
etc,پَڇاڙَ,"Arse, or hinder part of an animal; thigh; also a sore on the hinder part, etc. A straggler."
etc,پُڇَڙُ,"The end of a rope; the tail of a lizard, etc."
etc,پُڇُ,"). The tail of a snake, a canal, etc; the end of a rope; the lash of a whip."
etc,پُڇيِ,"The tail of a fish, snake, etc."
etc,گُرﯘ,etc.
etc,پِرْتِ,"A prefix imparting repetition, back towards, for, instead of , etc."
etc,پِرْتبِمْبُ,"The reflection of an image, etc. from a mirror, etc."
etc,پَرْتوو,"The reflection from a glass, etc.; light."
etc,پَرْپَنچيِ,"Artful, insidious, etc."
etc,پُرْجهَہ,"To reconcile (enemies, etc.); quiet (a cross child); lull, pacify. To make happy, to comfort."
etc,پَرْتو,") To be reconciled, be pacified. To be happy, etc."
etc,پَرْڇُ,"A sheet (of iron, etc.)"
etc,پَرَديسُ,etc.
etc,پُرْکارَٿُ,"That which becomes a man, as valour, generosity, etc; any object of human pursuit."
etc,پَرْڪِرْما,"Circumambulation round a temple (Hindu); a covered way or gallery round a temple, etc."
etc,پِرْگهَٽا ئِڻُ,"To make known, etc., to publish."
etc,پَرْنَ,"Intrusting, etc."
etc,پَرِنهَن,The day after tomorrow. On the day etc.
etc,پَرْوَسْتيِ,"Care, etc."
etc,پِريرِڻا,"Causing to do, etc. Act of sending, etc."
etc,پَرِنهنَ,"A species of lichen used in medicine, etc."
etc,پَرْيومُڙْسُ,"The headman of a village, etc."
etc,پِڙُ,"A round level piece of ground, a course, a circle or ring (of a water-wheel, etc.); halo. The threshing floor. The pool (at a game). The place in front of a tomb where people sit and beat drums; also the space round the flagstaff in the پِڙُپائِڻُ.مَحْرَمُ To gallop generally round in a circle. To fail, be bankrupt."
etc,پِڙُهَٹَڻُ,"To be surrounded by a halo (the moon, etc.)"
etc,پُڙْدُ,"Anything used as tinder. Paper, cloth, etc, torn up or tossed together."
etc,پُڙو,"A plantation of sugar-cane, etc. A packet, or parcel (of drugs, spices, any perfume, etc.). The mammary gland of a mare. ( dim"
etc,پُڙيِڪو,A packet of etc.) پَڙُهو،پَڙهاڏو
etc,پُڪارَڻُ,"To cry out, etc."
etc,پَڪائيِ,"Ripeness, expertness, etc."
etc,پَکو,"A kind of mat used for roofs of houses, etc. A punkha; a large fan. A place of refuge, roof. ( dim"
etc,پَکانئون,"Made of mats (a hut, etc.)"
etc,پَڳَ ٻَڌَڻُ,"To tie on the turban of honor, etc."
etc,پَلْٽَڻُ,"To mould, cast (metal). To burst into (eloquence, etc.)."
etc,پَنِ,"Elephant grass from which mats, etc., are made, & whose pollen is made into نَنڍيِ پَنِ .ٻﯘراٹيِ The lesser bulrush."
etc,پَنجاهو,"And fifty or with fifty (prefixed to hundreds, etc; to express one hundred and fifty, etc.)"
etc,پَنجِتﯘلُ,"""Bhang"" prepared with spices, sugar, etc."
etc,پَنجِسالُ,"Five years old (a horse, etc.)"
etc,پَنجوتَرِ,"And five or with five (prefixed to a hundred, etc., to express one hundred and five, &c.)"
etc,پِنڊُ,"A ball of flour, etc. offered on account of a deceased relation, or to the manes (Hindu). The body."
etc,پِنڊِيِ,"A bag of date-mat, etc., for holding tobacco, &c."
etc,پﯘريِ,"Capricious, uncertain, etc."
etc,پورِائِتو,"or Whimsical, etc."
etc,پﯘنجَ,"The extremity (of field, etc.), the back part."
etc,پَهَڻُ,"To consider, etc."
etc,پُهائيِ,"Species, sort; origin, source (of disruption, etc.)"
etc,پَهَتُ,"Concord, state of agreement. Money given to the person bearing the expenses of any rite as circumcision, wedding, etc., ("
etc,پَهَْرجَڻُ,"To be put on (clothes &c.), be distributed etc. To be put to graze (cattle)."
etc,آمِڻُ,"(a kind of copperas) rubbed on a sword, etc. to clean it. ( survey ) The lines of measurement; compartment line. ("
etc,پَهائي,"One who marks out such lines). A young infant. See پَهيِ .پَهيِ A quantity of raw cotton, etc. taken at one time in the hand for spinning. Butter-milk. A little girl. A counsellor. Of a goat."
etc,پۇتو,"). To thread, string (beads, etc.)"
etc,پُئاٹيِ,"The cost of stringing, etc."
etc,پِئادِ,etc.
etc,پيٽُ,"The belly; womb; the fœtus in the womb; pregnancy. The bed (of a river, etc.); inside cavity of anything. Secret. Breadth, diameter, width."
etc,برْبِلِ,etc.). Agreeing with the stomach.
etc,پيِتو,") To be drunk. To be credited, etc."
etc,پِيچَڪَ,"Lees of liquor, etc."
etc,پيرۇن,The fruit of ڄارِ، کَٻَڙُ etc; a berry.
etc,پيِڙو,"A ring of rope, etc., put under a round bottomed vessel to keep it upright."
etc,پيشانيِ,"The forehead; the front part of a hat, etc."
etc,پيشِواوَڃَڻُ,"Going a short distance to receive a visitor, etc."
etc,پيشِوائيِ,Leadership; escort and reception of etc.
etc,پَيْڪانُ,"The head of an arrow (Shirt), a sheath for an arrow, etc. (Lilaram)."
etc,پيئِتو,"Step (brother, etc.,) by the father's side. Having a father alive."
etc,ڦاڪَ,"The lines in a melon or gourd, etc.; a line of longitude or latitude; the former is"
etc,ڦانٽَ,"An allotment, a share etc."
etc,ڦَٽِڪو,"A stripe with a rod, etc."
etc,ڦِٺْڪارَڻُ,"To treat contemptuously, express contempt, etc."
etc,ڦُْردو,"Plundering, etc."
etc,ڦَرَٽُ,"The tops and empty pods of oil-grains given as food for camels, etc."
etc,ڦَڙْڪِڻيِ,"The flutter (of a bird, kite, etc.). The loose piece attached to the cover of a book which laps over the front. The broad point of some kinds of swords. A small turban."
etc,ڦَڪُروٽِيَڻُ,"To settle(as weather, roads, etc.)."
etc,ڦوٽووَڏو,Cardamom bastard). The pod of the چَٹو،پَنيِرُ etc. A bubble. The bladder of a fish.
etc,ڦوڪَٽُ,"Causelessly; without trouble, etc."
etc,ڦولِڙيِ,"The orbicular excrement of sheep, goats, etc."
etc,ڦۇهُ,"Bloom (of youth), pride of wealth, abundance, etc., prime. ڦُهارَ،ڦۇهارو"
etc,ڦوهَرَ,"A squirt of water etc., cast from the mouth."
etc,ڦَهَڪَڻُ,"To be fixed, fastened, etc. ڦَهَڪارو،ڦَهَڪاٽُ"
etc,ڦولڙِو,etc.
etc,ڦَيْلَڻُ,"To spread, etc."
etc,دَمَرُ,"and perform other offices in connection with the Brahmin at marriages, deaths, etc. A musician. fem"
etc,جانمَْردُ,etc. See
etc,جُوانُ مَرْدُ,etc.
etc,جاءِنِشيِنيِ,"Succession, etc."
etc,جِتِ,etc. جِٿَئون،جِٿانئَون،جِٿان
etc,جَٽا,"Matted hair. A runner, thread-like stem shooting from a banyan tree, etc."
etc,جَڏِڙو,"Maimedness, mutilation, etc."
etc,جِرْيانِ,"Flowing, flux (of urine, blood, etc.); gleet."
etc,جَڙَ,"The rivet, etc., by which hard brittle substances are joined. A nail."
etc,جُزْبَنديِ,"The sewing together the sheets, etc."
etc,جُزْويِ طورِ,"Occasionally, etc."
etc,جَسيِ,"Famous, etc."
etc,جلويدار,"Radiant, etc."
etc,جَنجاليِ,"One who causes trouble, etc."
etc,جۇڙيِ,"A small bundle (of potherbs, etc.)"
etc,جوکم جومال,"Valuables as ornaments, etc."
etc,جوڳِڙْيو,"A single bullock put to work in a water-wheel, etc."
etc,جُنئي,etc.
etc,جُهاريِ,The visiting etc.
etc,جَهَليِ,"Passionate, etc."
etc,ڄَرَ,"The strong bruning heat of a fire, etc."
etc,ڄَمَڻُ,"To be born; spring up, grow. To coagulate, freeze, etc."
etc,ڄَڻي,"A female person, etc. A distribution of food after the death of a relative."
etc,جهاڪَ لَنگهائِڻُ,"To pass through a critical period (of sickness, etc.)."
etc,جهانجهرائيِ,"Quickness, etc."
etc,جِهٻُ,"Besmeared, etc., wet."
etc,جِهرْمِرِ,"Beauty from variegation of colours, or diversity of decorations; the effulgence of stars, many lights, etc."
etc,جهورَڻُ,"To be hurt by a blow, fall, etc.; to be broken. To dash against (as waves)."
etc,جَهْڙَپڻُ,"To strike (as the wind, sun, fate, etc. does)."
etc,جهڙپ,A stroke of etc.
etc,جَهڙيِ,"Continuance of rain, wind, etc; a surfeit (of milk, butter, etc.)."
etc,جَهڪائِڻُ,"To cause to gabble etc. See under جَهڪَڻُ .جَهڪو To talk foolishly, chatter."
etc,جهوڪَ,"Sitting down etc; a place where camels are picketed, etc. The lair of a wild beast."
etc,جَهڪو,"or Faint, lessened (in force, beauty, value, color, etc.); calmed, subsided, quiet; dull (market), gentle, humbled; weak, not potent. abs. n"
etc,جَهڪاڻِ,"To lessen in force, etc.; tarnish, fade."
etc,جهوڳَڻُ,etc.
etc,جَهلِجَڻُ,"To be seized, etc., to be eclipsed (as the moon, etc)."
etc,جُهلَڻُ,"To swag, sag; to be taken off (as water-wheels, a load, etc)."
etc,جهوٻو,"A push with the hand, a jolt. A rebuff, etc."
etc,ميٿيِ,"etc.), a cluster."
etc,جِهيڙُ,"A trader's mark cut on the ear of a goat, etc. See"
etc,جهِينگَرَ,"To beat slightly, etc."
etc,چاپَڻُ,"To do any thing with force; to press (cotton, etc.). To tack a boat. To shampoo the limbs."
etc,چَچُاو,etc.
etc,چاڏو,"An earthen vessel for making butter, etc."
etc,چاڪُ,"Well, recovered from illness. ( com ) Brisk. A slit in clothes, rent, tear; a wound, cut. A wheel (of a cart, etc.). A buffalo-keeper."
etc,چَڪاسَڻُ,etc.
etc,چالو,"Affection, coquetry. A move (in chess, etc.)"
etc,چالاڪي,"Activity, etc.; trickery."
etc,چانديِ هئڻ,"To have great profits, etc."
etc,چاهِ,"Fire; a loophole from which fire is set to a furnace, etc."
etc,چترائيِ,"Cunning; cleverness, etc."
etc,چَتْرُ,"A painting, picture, etc."
etc,چُٿَرِ,"A small shred or thin skin rubbed off, etc.; ( med ) Abrasion."
etc,چُٽِڪي,"A pinch (of flour etc.) Rush, force, speed The casting a charm on one."
etc,چَٽو,"A small bundle of cowries used in children's play. A pile of bricks, etc."
etc,چاپُٽو,"A snap of the fingers. A pinch (of flour, etc.)."
etc,چَرۇ,"A dyer's vat, etc.; a pot."
etc,چَڙَهڻُ,"To rise (in price, etc.); mount ascend, climb, get up; embark; improve (in health, etc.); approach the end of any business; be strung (a bow), be braced (a drum). To dry (as a wet land). To be overboiled (as syrup). To be offered up (as a sacrifice)."
etc,چِڙيِ,etc. See under
etc,چُغِلُ,"A tell-tale, tale-bearer, informer. A pebble etc., to fill up the pipe bowl of a چُغِلِپو٬ چغِلِپَڻو٬ چُغِلِپائيِ٬ چُغِلائيِ . حقو"
etc,چَڪاسَ,"Inspecting, etc. ( math ) Verification."
etc,چُڪَڻُ,"To be settled, adjusted, etc. To make a mistake."
etc,سۇرڻ,"A cake of (soap, etc.)"
etc,چِلو,"Name of a dish of flour and molasses, etc., baked like a flat cake, a pancake. A period of time observed holy."
etc,چُلِهہ,"A fireplace for cooking at, a hearth. The socket (of the eye, etc.) (In ) A tax levied on fire-places, hearth-money."
etc,چم چچڙ,A tick that etc.
etc,چَمِڙيِ٬ چَمِڙو,etc. See under چَمڙاپوشُ . چَمُ
etc,چُڻَڻُ,"To build or close up an entrance, etc, To gather up, choose. See"
etc,چوٿو,"A quarter of a sheet of paper, cake, etc."
etc,چۇپو,"A suck. The discarded sucked remnants of sugar-cane, etc."
etc,چوڙُ,"Power of endurance, wear, strength (speaking of cloth, etc.)"
etc,چۇنجهائيِ,etc. See
etc,چنجهائيِ,etc.
etc,چَوْنڪُ,"A frame of a door or window. A square. The square of a city; a cross-road; a quadrangle. Cater (of cards, etc.). The state of a crop of grain when about to shoot into ear."
etc,چهنبارو,"Beaked, etc."
etc,چهنڊيِ,"A pinch (of snuff, etc,); the pinch or biting(of cold, etc.)."
etc,چيڀاٽ,The scraping etc.; a jam. The crush of a crowd.
etc,چيتَ,"Care, thoughtfulness, etc."
etc,چيِڙهُہ,"Stickiness, etc. Malleability."
etc,چيڙالائيِ,"Glutinousness, etc. Sordidness."
etc,چيڙَ,"Irritating, etc. A nickname."
etc,چيليِ,"Certain places on the boards for playing chess, etc. The rut (of a cart)."
etc,چيِنجهَہ,"Fine writing and with thin strokes; thin straws or sticks, &c.; small fine pearls, grains, etc. A collective body of any articles thin and fine is so called."
etc,ڇاپَ,"Print, impression, stamp; a mark on goods, etc."
etc,ڇَڙَهڻُ,"A slab, or an outside piece taken from a timber, etc."
etc,ڇَتِرَ,"A large umbrella held over kings, etc."
etc,ڇِترِو,"Worn out in pieces (matting, etc.)."
etc,ڇُٽِڪَڻُ,"To be fired, or go off (a gun); to get loose, or set off, run away (a horse, &c.); to rush with speed. To burst (into tears, a volley of abuse, etc.)."
etc,ڇَڇِڪوڏيَڻُ,"To roil, stir up (water, etc.) To murmur (as ripples)."
etc,ڇَڏائِڻٌِ,"To cause to be released, etc.; to disengage."
etc,ڇُرَ,etc. n. See under
etc,ڇُڙَپَلَ,"Laden in bulk, not inclosed in separate packages, etc."
etc,ڇَڙَهڻ,"To pestle. (rice, etc.)"
etc,ڇاڙُه,"One who pounds, etc"
etc,ڇََڙَه ڇَنڊَ,"The beating rice, etc., to take off the husk, the husk so separated."
etc,ڇِڪڙ٬ ڇِڪَ,"etc., See under"
etc,ڇَڪَنُ,"Immersed (in love, intoxication, etc.), infatuated; See"
etc,ڇَڪو,"Much, a large quantity. Six of any thing; the sixth (at cards, etc.). A die (used in gaming). A certain position in ڇَڪَ پَنؤ تيِ .ڇَوْپَڙ On the point of being finished, over, etc."
etc,ڇڪيۇن پائيِ وٺڻ,"To extort (money, etc.)"
etc,ڇِڳُو,"A bunch of flowers, keys, stars, etc., a flock (of birds); a tuft."
etc,ڇِڳارو,"Growing in clusters, etc., tufted."
etc,ڇَلْڪو,"A shower of rain, a blast of wind; a burst of passion, etc."
etc,ڇَڊَ,"The separating the dirt etc.; the dirt, etc., so extracted. Sprinkling. Spray."
etc,ڇنڊا وجهڻ,"To spatter (clothes, etc.)."
etc,ڇنو,") To pluck (fruit, flowers, &c.). To snap or break by plucking (a rope); to break (friendship, a match etc.,) to detatch; to separate."
etc,ڇَوَ,"A cloth case or cover for a quilt, etc. Why? wherefore?"
etc,ڇوڏولاهڻ,"To set right by punishment, etc."
etc,ڇوڙُ,"The mouth (of a river, etc.)or any opening in a canal for flooding low lands."
etc,ڇوهُ ڇنڊڻ,"To vent one's anger, etc."
etc,ڇَهو,"A shower of rain; a burst of passion, etc.; a gust of wind. or"
etc,ڇيڄَ,The beating of time with two sticks for dancers at Hindu marriages etc. Inundation.
etc,ڇيڙَ,"Annoying, etc., instigation; a number of persons following and provoking another."
etc,حُجَ,"Confidence born of friendship, etc. See"
etc,حقائتو,"or Rightful, rightfully, lawful, etc."
etc,حُلواڻُ,"A kid, a lamb; the flesh of a kid, etc."
etc,جمائل ڪرڻ,"To sling across the shoulders (a gun, sword, etc.)."
etc,خالِصُ,"Pure, unadulterated, plain (spirits, etc.)."
etc,خامُ,"Raw, ripe; defective; crude; unskilled. The sticking the scraped outside surface of fresh untanned leather on wooden saddles, etc.; the raw skin so used."
etc,خانو,"A compartment, partition; column (of a tabular statement). A case (for a sword; etc.), a drawer."
etc,خريبيِ,"One who cheats, etc."
etc,بَٽئيِ,"a measurement roll of clearance work, etc."
etc,خُطِبو,"A public prayer for the reigning king at the mosques on Friday, etc."
etc,خفتيِ,"One having a passion, etc.; zealous."
etc,خلليِ,"Quarrelsome, etc."
etc,داسُ ڪرڻ,"To stew (vegetables, etc.)."
etc,دَڦُ,"A number of quilts, etc., covering one in bed. A tambourine, a drum."
etc,دُرُسُ,"or Right, proper, just; correct, rightly, etc."
etc,دَرْسَنس,"An interview, a visit; the sight of a guru , an image of a god, etc.; (or"
etc,ڏشْٽُ,etc.
etc,دُکاڻيِ,"A small shop; a raised seat outside the door of a house; a terrace. ( naut ) A thwart, a seat for rowers, etc."
etc,دُکَڻُ,"To smoke or give out smoke; to light, etc; to be roused."
etc,هُرَڻُ,"); to seem right, true, etc."
etc,دل وٺڻ,"To humour (a child, etc.)."
etc,دۇنهن دکڻ,"To brew (as mischief, etc.)."
etc,دَهَلِجَڻُ,"To be alarmed, etc."
etc,ڌُتارَ,"Seduction, etc."
etc,ڌرائتو,"or Original, etc. One having influence at his back."
etc,ڌَڙِڪيِ,"A cloth or quilt made of patches, etc."
etc,ڌَڪَڻُ,"To scotch (a snake, etc.)."
etc,ڌِڪَ,"Jostling, etc."
etc,ڌۇپُ,"Incense, perfume. A preparation of resin, etc., for filling in the hallow parts of jewellers' work."
etc,ڌۇڌو,"A blower (of bellows); a lump of cinders. perverse, etc."
etc,ڌۇڪ ڌۇڪان,"A rush (o men, etc), a crowd."
etc,ڏوتيِ,"etc., in front by crossing the ends and tucking them in. A cloth thrown loosely over the shoulders. A mode of wearing a loongi by throwing it over the shoulder and then bringing it round the waist."
etc,ڏاتو,"See ڏاتاريِ . داتا Generosity, etc."
etc,ڏاٺَ,"A jaw tooth or grinder, a molar, double tooth. Remains (of a tower, etc)."
etc,ڏاڍائيِ,"Hardness, etc.; tyranny, compulsion, etc."
etc,ڏانڊيِ,"The stalk or stem of a flower, fruit, etc."
etc,ڏاءُ,"A gift, charity. A drench, a medicine for cows, camels, etc."
etc,ڏاوڻ,"A string suspended from the hair for supporting the nose ring, etc."
etc,ڏَڌورَ,"Boiled unripe grain of juar, bajiri , etc."
etc,ڏَڏَرُ,"or Coarsely ground grain, drug, etc."
etc,ڏَرُ,"A hole, burrow of a wild animal, etc."
etc,پکو,"(matting, etc.)"
etc,ڏَڪِڻيِ,"Trembling, shaking, etc."
etc,اِٽيِ,"A piece of stick, straw, etc. A stout fellow."
etc,ڏکڻيِ سکڻيِ شيٴ,"Any precious thing as ornaments, etc., so called, because of being risk y to have in the house."
etc,ڏِکَڻُ,To anoint a bridegroom etc.
etc,ڏنڀڻ,"To brand, cauterize. To torment, harrass. To point a burning faggot etc."
etc,ڏَنگُہ,"The bite of a venomous reptile, the sting of an insect, the bite of a leech. A feed (for a cow, etc.), a dose, a meal. Scarification or drawing blood by incisions."
etc,ڏنگائي,"Crookedness, etc."
etc,پَجو,"Up. S ). A market (for goats, etc)."
etc,ڏِڻُ,"A holiday, a festival day. A present sent to a married daughter, etc., on a festival day."
etc,ڏوڌيِ,"A milkman, milkseller. Milk-like water obtained from a mixture of flour and water and put into soup, etc. to thicken it."
etc,ڏوڏيِ,"The capsule of the opium poppy, etc."
etc,ڏۇرائِڻُ,"To double twine, etc. in spinning. To throw dice a second time when not thrown straight."
etc,ڏونروٺوڪڻ,"To be ready to fight (as fencers, etc)."
etc,ڏڪڙ,"A painted club used in pairs and knocked together for music A round pointed stick used in ornamental ceilings, etc.("
etc,ڏُهيلو,etc. See
etc,ڏيکاريِ ڏيڻ,"To appear; break out (as cholera, etc.)."
etc,ڏينڀۇڙيِ,"A tattoo on cheeks, arms, etc. ( Up. S"
etc,ڌاتۇرو,"cotton plant, etc."
etc,ڏيِنهَن ڪاٽَڻُ,"To pass one's days in hardship, etc."
etc,ڏينهونڪو,"Of, or pertaining to the day, or current day; prepared on the day just past (food, etc)."
etc,ڊاٻوڪرڻ,"To bait, halt (during a journey.) ڊڀو، ڊاڀنُئَون etc. See under"
etc,ڊُڙجَڻُ,"To fall (in a battle, etc.), be wounded, be down (with fever, etc)."
etc,ڊوڙو,A plundering expedition. A pursuit of robbers. ڊوڪائِڻُ، ڊوڪَ etc. See under
etc,ڊونگليِ,"A braggart, etc."
etc,ڍِرائيِ,"Looseness; slowness, etc."
etc,ڍَڪِڻيِ,"A small cover for a pot, etc. The knee-cap, knee-pan. The circular piece at the top of a sword handle. A Bengal light (small)."
etc,ڍنگڻ,To tie a cow etc.
etc,ڍوڍو,"A cake of bajiri, juar , etc."
etc,ڍوئِڻو,"A present of fruit, fish, etc."
etc,ڍيرو,"A clew or ball of thread. Two cross sticks riveted in the centre for spinning wool, etc."
etc,رَٻَ,") Any thing spoiled by being made too thin (as food, etc.)"
etc,راتَبُ,"Livery, daily allowance, ration; a mash for horses, etc."
etc,راڄۇڻيِ,or According to the customs etc.
etc,راس ليلا,The amorous sports of Krishna etc.; the religious play so called.
etc,راڪِسيِ,"Of, or pertaining to a demon, etc."
etc,راڳَڻُ,"To plaster over (with cowdung, etc)."
etc,راڳو,"Plastering etc., or the plaster so used."
etc,رانئُٽيِ,"A house of wicker-work, etc. raised upon posts and inhabited during the inundation season; a small tent."
etc,رَبابيِ,"A player on one; a class of Mah. musicians who attend Sikh temples, funerals, etc."
etc,مينديِٴ رتو رتڙو,"stained with (sin, etc.)."
etc,چيڻوٺي,") used in weighing precious stones, metals, etc. Mildew, smut. A blast of wind damaging to crops. Fortune, good fortune. A little, small quantity, atom, particle."
etc,رجوعات,"Inclination, leaning; reference to a person for arbitration, etc; the coming in of many people on a visit, etc."
etc,رجوگڻيِ,"One who gives way to sensual pleasures, etc."
etc,ڎيِ ڪرڻ,"To jib, balk, (as an ox, etc.)."
etc,رَڙڪَڻُ,"To munch (gram, etc.)"
etc,رساڪاريِ,"Ability to please, etc."
etc,رَسَدِ,"Imports, esp of grain; a store of grain; commissariat supplies for an army, etc; rations."
etc,رِڪَتيِ,One who obstructs by etc.
etc,رَڪَعَت,"One single act of inclination of the head, genuflexion, prostration, etc. during"
etc,رِڪلبُ,etc.
etc,رَکُہ,"). To put, keep, set down, place; observe, obey; lay before, present; apply (an ointment, etc.); lay (a wager); to give, or deposit (in pledge); reserve, detain; preserve, lay by, save; to deposit; engage, employ (a servant); keep (a mistress); comply with (one's wishes); possess, own, have; lay (blame); defer, postpone. To wait."
etc,رکائڻ,"caus of رکاڻيِ . رکڻ The expense of watching, keeping, etc."
etc,رَکِڙيِ,"A cotton thread with knots worn round the wrist, etc., on certain occasions ( Hind"
etc,رُلائِڻُ,"To annoy or trouble by delay, etc.)"
etc,رمليِ,One who can divine etc.
etc,رنڀ,"Lowing, screaming, etc."
etc,رَنجَڪَ,"A horn etc, for keeping priming powder in."
etc,رِندُ,"Intoxicated (with sufism , divine love, etc.)."
etc,رنديِ,Intoxication with etc.
etc,رن ذاتيرو,نوڙ، رنڙ، رنذاتيو etc. See under
etc,رُنگَ,"The pressing for more etc. A little extra given above what has been purchased, something to boot."
etc,رولڻ,"To throw into disorder; neglect; to trouble by delay, etc."
etc,رۇنڀَ,"The rushing of a dog, etc. at one with barking."
etc,روهِ رُلِيو,"A gad-about, vagabond, idler (said of a boy, etc.)"
etc,روهيِ,"A desert region. ( ). A hone; grind-stone, whetstone; a stone for grinding colours, etc.; a mortar for pounding drugs. The purification ceremony seven days after a child's birth (Hind.)."
etc,رهڙۇ,"A tricker, etc."
etc,رِهائِڻُ,"Stay, staying. Manners; life, business, etc."
etc,ري تعميل,"or Without being executed (a summons, etc.)."
etc,ريٽو,"Passing over, etc."
etc,ريجاڻو,Irrigated etc.
etc,ريِڌو,"To be delighted, etc."
etc,ريشو,"Watery matter exuding from a sore; water oozing from a mango, etc."
etc,ريکَہ,"A golden wire wound round the teeth as an ornamentation, etc."
etc,ريڻيِ,An ingot etc. of gold. See
etc,زبردستيِ,"Force, oppression, highhandedness etc."
etc,ساٺ سڳڻ سوڻ,"Certain superstitious forms gone through for good luck during weddings, etc."
etc,ساٺ ڪرڻ,"To touch (the throat, etc. as a doctor does."
etc,سادوڦۇل,"plain (spirits, etc.); artless, sincere, frank. abs. n"
etc,(ساڙو (ساڙڏيارڻ,"Envy, jealousy; burning (in passing urine, etc.)."
etc,سامايل,Having arrived at etc.
etc,ساميِ,"A title of respect for Brahmins, etc. One of a class of wandering faqirs"
etc,سانڀَرُ,"A big bell tied round the neck of a sheep, etc."
etc,سانٺو,"A dry stalk of the sugar-cane, etc."
etc,سَتوتَرِ,"And 7 or with 7 (prefixed to &c., in expressing 107, etc.)"
etc,سٽاڻيِ,"Charges for washing clothes, beating heads of grain, etc."
etc,سٽڪو,"Dashing, beating on the ground, noise of dashing clothes, etc., lashing"
etc,سُپِريِ,"The dashboard, splashboard (of a carriage). A brazen vessel for boiling milk, etc. in"
etc,سڄڻڪو,"Of a friend, etc."
etc,سُچُ,"A hole into which the marble, etc. is made to run."
etc,سختائيِ,"Severity, hardness; hardship, etc; inflexibility."
etc,سَداوِرْتُ,"Alms distributed daily to the poor, etc."
etc,سِڌيِ,"Accomplisment of an object, success; the fruit of worship; the acquirement of preternatural powers by magic, etc."
etc,سُڌِرَڻُ,"To improve, reform, etc."
etc,سڌريل,"Well-behaved (a boy, etc.); improved, amended; reformed; civilized."
etc,سَرَ,"A string of beads, &c., in a necklace, a set of crackers, etc."
etc,سرپوش,"Cover of a dish, etc."
etc,سَرْچَڻُ,"To be quieted, satisfied, reconciled, etc."
etc,سرلائيِ,"Simplicity, etc. The quality of hearing quickly."
etc,سَرَنِمَندَريِ,"A narrow passage through which pilgrims, etc., pass as a religious penance or act of devotion."
etc,سرهاڻ,"Perfumery. Fragrance, etc."
etc,سُڪارِجَڻُ,To be blessed with etc.
etc,سڳڙئيِ واريِ,"The bridegroom's sister or other near relation, etc., who performs this ceremony."
etc,شَناخَتَ,سناسيِ، سَناسُ etc. See
etc,سَنياسُ,etc.
etc,سنڀالڻ,"To take care of, nurture, guard, watch. To check, control; to manage (a firm, etc.); to assort (clothes as a washerman does). To be seized with the pains of labour. To come to one's senses, recover, revive from a faint of sickness, come to the age of discretion. To beware, reform, amend. To remember, call to mind."
etc,سَنَدَ,"Any obligatory religious ceremony as circumcision, cutting moustaches, etc.; the traditional sayings and doings of Mahomed recognized by sunnis ; the prayers enjoined by Mahomed."
etc,سَنتوکَڻُ,"To close and put away (a shastir, etc"
etc,سَنجَڻُ,"To equip, make ready; to harness (a horse, etc.)."
etc,سُنجُ,"Any implement, article, etc. by which any business is carried out, equipment."
etc,سَندَءِ,"Thy own (sons, etc.)."
etc,سَندُءِ,"Thy, thy own (son, etc.)."
etc,سَنڪَلْپَڻُ,To give alms by taking water etc.; to vow.
etc,سَنگَتِ وِهارَڻُ,"To call a gathering for singing religious hymns, etc."
etc,سَنوِرَڻُ,"To be arranged etc.; to improve, reform."
etc,سَنْهاڻِ,"Thinness, tenuity, etc."
etc,سَنوائي,"Straightness, etc.; equilibrium; fairness, sanity. Sameness."
etc,سَڻِڀُ,"Oiliness, etc. Unctuous matter, grease, unction."
etc,سَڻِڀاڻِ,"Oiliness, etc."
etc,سۇتَڪُ,"Uncleanness on the birth of a child, death in a family, or during an eclipse, etc."
etc,سۇتَڪِجَڻُ,To become impure from etc.
etc,سۇتَڪيِ,Unclean from etc.
etc,سۇٽَهَڙُ,"A carpenter. (cloth, etc)."
etc,سوکو,"Easy, simple. At ease, happy, comfortable, giving comfort or ease; fat (a kid, etc)."
etc,سۇمت لاهِڻُ,"To drive uncleanness by sweeping the house, cleaning the teeth, shaving, etc."
etc,سوءَ,"Weeding, etc."
etc,سَهائِپَ,Making difficulties etc.
etc,سِيڻِ,The mothers of the wedded couple etc.
etc,شاخ ڪڍڻ,"To appear (as the day, the sun, etc.)"
etc,شاهُ,"A king. A title of honour for faqirs, sayads , etc. The king (in chess The head or owner of the property in a mercantile house; the person who holds a hundi or bearer of it."
etc,شڪانئون,"or Doubtful, uncertain, scrupulous, questionable, doubtfully, etc."
etc,شِڪَنجِبيِ,"Oxymel; vinegar, lime juice, etc. mixed with sugar or honey."
etc,شاگِرِدُ,", etc."
etc,شَناسَ,"Acquaintance, etc."
etc,شوخائيِ,"Sauciness, insolence, etc.; vice (in a horse)."
etc,سيوا,etc.
etc,صلاح ڪَرَڻُ,"To offer as a gift, etc.; to write. To consult, advise with."
etc,فَراشُ,"A servant whose business it is to spread the carpets, etc."
etc,فراس,"Spreading carpets, etc., the business of a"
etc,فِرَنگُہ,etc.
etc,فوجداريِ,"Criminal (court, etc.) The office of a"
etc,قائزوڪرڻ,"To tie up a horse's head by passing the bridle to his tail to prevent his biting, etc. while being groomed."
etc,قُلْفيِ,"A mould for ice-cream, etc."
etc,ڪاراٽِجَڻُ,etc. See under
etc,ڪارائيِ,"A saw. A kind of winnowing fan for bajri , etc."
etc,ڪارِجُ,"A ceremony of joy at weddings, births, etc. A festivity. Business, affair; object."
etc,ڪَنواٺيِ,etc.
etc,ڪنواٺيِ,etc.
etc,ڪائوکائڻ,"To abate, subside (as fever, a river, etc.)"
etc,ڪٿڪ,One who interprets etc. ڪِٿَهُن، ڪِٿان
etc,ڪَٺورِتا,"Hard-heartedness, etc."
etc,ڪَپِٽيِ,"Deceitful, etc. ڪُپُٽُ ، ڪَپُٽُ"
etc,ڪَچو,"Raw; undressed; not cooked or baked (as food, earthenware, etc.); built of unbaked earth, clay-built; brittle, weak, frail; not fast (color); defective, deficient; green, inexperienced, new; below a certain standard of weight or measure; mixed, alloyed; unauthenticated, not genuine, unstamped; loose, vague, uncertain; incredible, unreliable; weak; yielding; rough, approximate; blind (boil). Low alluvial lands lying below a bank or hill or lately thrown up by the river. Dishonour, disgrace, defect. Foul language, abuse. A day-book, journal. ڪچائيِ ، ڪچاڻ"
etc,ڪَدۇڪَشُ,"An implement for cutting and cleaning pumpkins, etc."
etc,ڪَيو,"To do, act, perform; to ply, use, wield (a sword); commit, perpetuate. carry on, transact, discharge (a duty, etc.); to hold (a court); to manage, contrive; complete, finish; solve, work out (a sum, etc.); cook, dress (food); wear, put on (clothes, etc.); engage, take on hire."
etc,ڪَريلو,"The hairy momordica—a bitter vagetable. A bottle for soda water, etc. A kind of huka"
etc,ڪَڙاڪو,"A crash (of a falling house, etc.); a rigid fast."
etc,ڪِڙو,"A wicker or reed frame for doors walls, &c.; a hurdle. A mat of woven wattles placed in the bottom of boats, etc"
etc,ڪلاڌاريِ,"One possessed of an art, etc; intelligent."
etc,ڪالهہ,etc.
etc,ڪلهولڳڻ,"To be galled (the shoulder of a bullock, etc.)"
etc,ڪلهوهڻڻ,"To vie with another in strength, etc."
etc,قليِ,"A bud, unblown flower (of a rose-plant, etc.) A gill (of fish, etc.). A triangular piece let in in a dress, a gore, gusset. A verse in poetry. ( med ) Tonsil."
etc,ڪنرس,"The pleasure of hearing music, etc. Tete-a-tete, familiar conversation."
etc,ڪنڊوکڻڻ,"To become dear (as fruit, etc.), become warmer (as the day)."
etc,ڪَنڊِيو,"A crate, large basket for china, crockery, etc."
etc,ڪُنڍارجَڻُ,"To cut tushes (as a horse, etc.)."
etc,ڪِنِڙو,"The herb plantain. ڪُنَ ، ڪَنَ سوپاريِ ، ڪَنڙِوڎيڻ, کوٽڻيِ etc. See under"
etc,ڪِنِگرُ,"A pot with a flat bottom fixed on water-wheels, etc."
etc,ڪنگريون هڻڻ,"To pink, cut the edge (of cloth, etc.) in small angles."
etc,ڪَڙاهو,etc.
etc,ڪُڻو,"A method of casting lots for settling the division of property, etc. pro Any, some."
etc,ڪولِمِيرُ,"Species of grantea, etc.—plants growing in the hills."
etc,ڪۇنئَراڻ,"Softness, etc."
etc,پاسوڪوئڻ,"To attempt to run away; to rest (after fatigue, etc.)."
etc,ڪَهۇ,"n. Olea ferruginea Its wood is used for combs, etc."
etc,ڪيِئَن,"A necklace of different kinds of seeds, etc., worn by mendicants, etc. A ring round a bird's neck."
etc,ڪَيْسَرِ,etc.
etc,ڪيِڻُ,"A scraper, an instrument drawn by oxen, etc., for scraping earth. A kind of bag for raising earth from the bottom of wells. In what direction?"
etc,کاٽو,"The ravine formed by a mountain torrent, the gutter or furrow made by rain, etc; a fissure; a pit."
etc,کاڄَڻُ,"To be eaten; to wear away, as from attrition, etc."
etc,کاڌَلُ,"Eaten; tasted; injured by insects, birds, etc. (as cloth, grain, fruit, etc.) worm-eaten, damaged; eroded; abused, deflowered (a maid); corrupted, (said also of one who has taken a bribe); indebted, under obligation."
etc,کامانگيِ,"Puncheon, a figured stamp, etc., used by goldsmiths, etc."
etc,کاهَرَ,"Milch or milk-giving (a cow, etc.)"
etc,کاهوڙيِ,"One who performs incantations over a snake-bite, etc."
etc,کاهيِ,"A ditch, fosse, trench, moat. A kind of double sack for carrying grain, etc., borne across a bullock's back."
etc,کاءُ,"). To eat. To bite, sting. To erode, wash away (as the river does the bank); to wear or consume (by attrition).To receive (blows, etc.); endure, bear up (as abuse). To destroy. To cost. To take bribes. Food, a meal."
etc,کَٻو,"Left (hand, etc.)"
etc,کَپاٽيِ,"A piece of wood used in polishing swords, etc."
etc,کُڎِڻو,"The stand in a hunting preserve from which the sportsman watches the approach of animals, and fires, a butt. A miniature house, animal, boal, etc., made for Hindu children during Divali"
etc,کُڎيِ,"A hole or nest made for birds, rabbits, etc., to nestle in. A niche. A temple of Hindus."
etc,کَرو,"Blackmail or illegal gratification paid for redeeming a stolen animal, etc."
etc,کُرْيو,"A band or tip of silver, etc., placed at the bottom of a scabbard. A grass-scraper."
etc,کَڙُ,"The dregs of mustard seed, etc, after the oil is pressed out; oil cake. Very dirty or oily."
etc,کَڙو,"). Smartness, etc."
etc,کڙوڪرڻ,"To set up (a flag); haul up (a person before a magistrate, etc.); to call attention to; to foment, stir up (a quarrel); to baste sew loosely; to trim. (a fire)."
etc,کِکو,Stinking (fish). ( abs. n کِکاڻِ ، کِکَہ etc.).
etc,کَلَ,"To open, be opened; be unravelled, be untied or unfastened; to be let loose; to be removed (obstacles); to be cut or opened (a passage, line, etc.); to be disclosed, get wind; be exposed or betrayed; to be clear; to mellow (as sound); to brighten, shine; to look well, become; to begin, commence; to be set up."
etc,کليِ,"Open (court, market, etc). Openly"
etc,کَنُ,"A piece of bread. A half (of a loaf, etc.) ( Up. S ). About more or less (used after numbers or measures, as"
etc,کَنڌَوَهيِ,"A zemindar's account book of seeds, takavi , etc., advanced to haris"
etc,کُنڌيِ,"An instalment in paying money, etc. A heap of fruit or vegetables."
etc,کَنڊُڀُڳِڙو,"A sweetmeat made in little balls covering parched gram, etc."
etc,کنگهاڻ,"Washiness, etc."
etc,کَنيو,") To lift, carry, raise, take up; take (an oath, breath; etc.). To dig."
etc,کَهُرو,"Rough, rugged; stern. Pure (silver, &c.); strong (as liquor); fresh, new (soil); excellent. Quick, active; passionate; fast (said of a horse, etc.) A time ("
etc,کيپَ,"A cargo, assignment of goods; a batch in conveyance of goods, etc; a wash (of clothes). The express charge on a letter. A trip. Cultivation, harvest."
etc,کيرَ,"( arch ) Camber, an upward concavity in the under side of a beam, etc."
etc,کِيرُ,"A method of sewing together loosely two plain edges of cloth. Congratulation. Comedo, a small nodule on the nose, etc."
etc,کيرنيِ,"A dish made of rice, milk, etc."
etc,کِيرو,"Green bajri, juari , etc., given to animals for forage; unripe ears of grain. The young of any animal at the time of cutting its first teeth. A male palla fish."
etc,کِريِ,"The mett in a male fish. A girl who is still a maiden. The sound used in calling a cat. The ovary of a she-goat, etc."
etc,کيڙيِ,"Chalk, or rather saponaceous earth used in writing on wooden tablets, etc."
etc,کيڪارڻ,"To ask after, etc.; to perform the usual ceremonies of salutation, etc., to greet."
etc,گِبِجَڻُ,"To become stale, or soft and flabby by keeping (fruit, fish, etc.); to become too thick (ink)."
etc,گبڻ,"To allow to become stale, etc."
etc,گدلاڻُ,"Dirtiness, etc."
etc,گُدو,"Marrow, kernel, etc., of any thing."
etc,گَدۇدُ,"Coagulated pus. Offal, esp of pieces of the spinal chord, etc., of mutton."
etc,گڎو,"A bundle of grass or straw, a sheaf, a bundle of reed pens, tooth cleaners, etc. ( dim"
etc,گذريل,"Past, last (month, etc.)."
etc,گِرَفِتارُ,"Seized, taken, entangled, involved (in a difficulty, etc.); absorbed."
etc,گِرْڻيِ,"A mill, as of cotton, etc."
etc,گُڙَنگُ,"Great, big, clever (a thief, etc.)."
etc,گَلَرِ,"A crowd (of boys, etc.)."
etc,گُڻُ,etc.
etc,گنڀيرائيِ,"Staidness, etc. swell."
etc,گنڊجڻ,"To be confused, etc."
etc,گورشيِ,"Zealous, etc."
etc,گورِ,"Fair, white. A cannon ball. The kernel of a cocoanut, etc., the brain of a sheep, etc. A young camel up to his 2nd year. The bones and ashes left after burning a Hindu body. A European, a white person."
etc,گوشو,"A corner; a hermit's cell, retirement. The shooting out of fresh leaves or branches. A cluster of dates, plantains, etc. The horn or knob at the end of a bow. The notch of the butt-end of an arrow."
etc,گۇندو,"The corners of a cloth tied by a knot so as to form a bag in which are put the heads of grains in reaping, &c. A warren, a place for keeping fish in a river. A joint, socket (of the knee, etc.)."
etc,گۇهَٽُ,"The ferruginous dirt etc., under a blacksmith's forge from which the hakims extract the sesquioxide of iron"
etc,عالمگير,etc.
etc,ڳارو,"The wasting away from grief, love, etc.; decay."
etc,ڳاڱو,"n. Grewia populifolia, etc — a fruit and shrub of two or three species."
etc,ڳاموڙَ,"Stretching one's limbs, a twitching of the limbs, languor; sickening (for fever, etc.)."
etc,ڳَڀو,"Ivory bangles for small girls. A piece of bread, meat, etc; a morsel; a piece to close a leak with."
etc,ڳَٽَرَ,"A piece of bihu , fish, etc."
etc,ڳٽڪارڻ,To emit the sound for etc.
etc,ڳَچُ,"Much, a great deal, many. A quarter (of a loaf, etc.) ( Up. S ). A piece of bread."
etc,ڳَڙيِ,"A small piece or lump of meat, sugar-candy, turmeric, indigo or such like; a clove or bulb of a garlic plant; one of a bunch of dates, raisins, etc."
etc,ڳَمَڻُ,"To lumber, move along slowly, or as if half asleep from laziness, etc."
etc,ڳُڻاريِڪ,etc. under ڳُڻوانُ . ڳُڻُ Possessing excellent qualities.
etc,ڳُڻو,"A veneer, a thin leaf of wood, etc of a more valuable material for overlaying an inferior one. ڳُڻوٺيِ ، ڳِڻوٽيِ"
etc,ڳؤراڻ,"Weightiness; heaviness, etc."
etc,ڳوڙهائيِ,"Density, etc."
etc,ڳهلو,etc.
etc,ڳيِهَڻِ,"Displacement, inflammation, etc. of the womb."
etc,گهارو,"A breakage or breach in a dike, etc. A ravine. A firth or backwater a creek. The furrow of a sword."
etc,گُهٻَ,"An abscess etc., on the soles of the feet."
etc,گهٽجڻ,"To be cloked, etc."
etc,گهَٽو,"A ram. A large louse. A ball of ivory, etc., two of which are hung together and rattled to amuse children."
etc,ڍاڪُنئَون,etc.
etc,گهڙاڻيِ,"Price of labour of forging metals, etc. گهَڙِپَ ، گهَڙَپَ ، گهَڙِتَ ، گهَڙَتِ"
etc,گُهڻولڳڻ,"To be eaten or destroyed (as grain, wood, etc.)."
etc,گهوڙيِ,"A mare. A crutch. A saddle rack or clothes horse, a horse for a cradle, etc.; a kind of fixed cradle for infants. A bridge, piece of ivory for raising he wires of a guitar. An instrument for making vermicelli. A rack for files of paper."
etc,گهۇماٽَ,"Depression or contraction o countenance from grief, &c. Sickening for fever, etc."
etc,لاڳيدار,"One entitled to fees, etc."
etc,لانبيِ,"Putty, used in fastening glass, etc."
etc,لانچَ,A bribe. A girdle. Preparatnoi for etc.
etc,لاهُ,"Descent, going down, slope. Subsiding (of a flood). Jump or bound (of an animal, etc.)."
etc,لارهاڻي,"The cost of taking off, etc."
etc,لٽجڻ,"To be covered with dust, be silted, etc."
etc,لڏڻ لمڻ,"To wriggle. To loiter, linger. لَڏو، لَڏَڻُ etc. See under"
etc,لَڙَه,"A string of pearls, etc.; a strand of a rope, etc.; a row, series. A fit, whim."
etc,لس لائڻ,"To follow in succession (as glittering objects, etc.)."
etc,لَسو,"Milk and water, butter-milk and water. Thick heavy clouds obscuring the sky, cloudiness. A sickle with a smooth edge; a pole with a sickle attached to one end for plucking fruit, etc."
etc,لڳائڻ,"To apply, close, attach, join, fix, impose, lay, add, plant, etc."
etc,لَڳَڻُ,"To blow (as wind.) To be applied, apply to; be fixed, attached; be close to, adjoin, touch; to strike (an hour); to strike, hit; to be plastered, applied; to give (attention); to stick or adhere to; get (a fit or an attack); to offer itself (as a chance); to break out (as war); to be attached, or fall in love with; be entangled, form a liaison ; to feel, perceive (as cold, hunger, etc.); to be burnt, scorched (as cooked rice, etc.); to taste (as"
etc,ڪٽولڳڻ,"To taste sour); to be galled, chafed, sore; to have (as good fortune); to pinch (as the shoe); to be employed, engaged in; to be set (on fire), to be kindled; to be wounded, cut (as by a knife, etc.); to take root (as a plant); to shoot, germinate; to seem, look (as"
etc,لڳو,"Related by affinity, step, half (brother, etc.), opp to لڳوٻڌو .سڳو Fixed, settled."
etc,لوگهو,"A thin or weak part, a defect. A loophole under a hedge, etc."
etc,لونَبڙُ,etc.
etc,لۇنارُ,etc.
etc,لهسجڻ,"To be burned, etc."
etc,لهيڻات,"A creditor, chiefly the father or other relations of a bridegroom so called as having to receive the dowry, etc., from the bride's party, opp to"
etc,ليٿڙيِ,"A roll, rolling etc, wallowing."
etc,ليپڻ,"To plaster with mud and cowdung. Plastering, etc."
etc,ليلڙاٽيِ,"Beseeching, etc."
etc,ماٺيِٹائيِ,"Quietness, etc."
etc,مارڻ,"To smite, strike, hit, beat; kill; control (the mind); get over (ground in travelling). To tan (leather). To reduce to powder by fire, calcine (metals); temper, pug (clay). To catch (birds, fish, etc.). To keep down, bear up (hunger, etc.)."
etc,ماٹهو,etc.
etc,مانجهو,"A paste mixed with pounded glass, etc., and applied to kite-string. Of, or belonging to a buffalo."
etc,مانِڊڻيِ,"A gallery (of a theatre, etc.)"
etc,ماتاب,etc.
etc,مُتَصَرّفُ ٿَيڻُ,"To enjoy profits, etc."
etc,مُتَعْديِ,etc. See under
etc,مَتوميڙوڇڏڻ,"To depart in honor, before the state of things becomes worse in an office, etc."
etc,مَچائِڻُ,"To fatten; to rouse, excite, incite; to stimulate; to set up (a cry); to make flourishing, or lively (a school, etc.). To ferment, brew. ("
etc,متو,") To increase, to fatten; to rise to full strength, or give forth full flavour, &c.; to be flourishing, in full swing, etc. To be fermented. To be kindled properly (fire); be excited, be produced (a quarrel, &c)."
etc,مردن جومال,"Effects of the deceased, generally sold cheap; hence, a cheap bargain.etc."
etc,مرنئَڪو,"Brutal, etc."
etc,مَرۇئَتَ,"Remission, the reducing the price of any thing, the amount of any punishment, etc. Generosity, politeness, kindness."
etc,مَرْضُ,") Sick, ill. A patient, an invalid. مَڙْدي، مَڙْدُ etc. See"
etc,مَرْدُ,etc.
etc,مُڙْسُ,etc. See
etc,مُرْسُ,etc.
etc,مشيريِ,"Assessorship, etc."
etc,مطالع ڪرڻ,"To read, etc."
etc,معلميِ,"A professorship, the office of a teacher, a tutorship, etc."
etc,مَعْماري,"Architecture, etc."
etc,مقابلوڪرڻ,"To confront; compete or cope with; to compare, collate; to check, compare (accounts, etc.)."
etc,مَڪَڻُ,") Anointing with oil, covering with ghee , &c. An ointment, etc., for application. Ghee (Kohistan)."
etc,مُکيِ,"The head of a body of merchants, etc., in a town."
etc,ملهڻ,"To show bravery, etc. To speak one's own praises, pride one's self."
etc,مِنَڻِ,"The making clothes ready for steaming, etc; the heap of clothes so prepared."
etc,مُنهاپَوَڻُ,"To be disliked (milk, etc)."
etc,ميِڙه,"The place where a kardar or an Ijardar is stationed and transacts business in the districts. A post with a cross on the top stuck up at weddings. A pen or fold (of sheep, etc.). A hermit, sage."
etc,موچَ,"Sprain (of the ankle, etc.)."
etc,موڳائيِ,"Dullness, stupor, etc."
etc,مهاتما,"A pious man saint, etc."
etc,مهڙرکڻ,"To deal with (in business, etc.)"
etc,مَهِنو,etc. See
etc,مَهِينو,etc.
etc,مهڻاگور,"An upbraider, etc."
etc,مِيٽو,"To rub out, wash out, erase, cancel, efface, obliterate; to remove (pain, etc.) To piece (in weaving ). To rub metu over a board for writing"
etc,ميٽَڻَ هار,"One who removes pain, etc., an epithet of God."
etc,ميڙائڻ,"To cause to be swept. To cause to be covered (a mare, etc.)."
etc,ميڙڻ,"v. a To sweep. To collect, gather together, accumulate. To cause to cover (a horse, etc.). To cause the dal &c., when being boiled, to mix properly with the water."
etc,ميڪَڻُ,"To cry, weep, etc."
etc,نِہ,"A negative affix signifying in, dis , &c. (In comp Non, un, dis , etc."
etc,نامڙداٹو,"Cowardly, pusillanimous, etc. ( abs."
etc,ناٽائۇ,"or An evader, etc."
etc,نارُ,") Camel or bullock that works in a water-wheel. A seed drill. The spout of a huqqa , etc. A woman."
etc,نافِذُ,"Having effect, obeyed, issued, passed (an order, etc.)."
etc,لَعْنَتَ,etc.
etc,نامدار,"Renowned, etc."
etc,نِبْرَڻُ,"To end, be concluded, finished, etc. ("
etc,نِبَهَڻُ,"To get through time, live, exist, get on. To be ended, etc."
etc,نپنو,"To be cherished, be nourished, etc."
etc,نِراسُ,"See etc., under"
etc,نرتائتو,"Intelligent, etc."
etc,نَڙوتَرِ,"And nine, or with nine prefixed to, &c., in expressing 109, etc."
etc,نزاڪتدار,"Beautiful, etc."
etc,نزديڪيِ,"Nearness, etc."
etc,نُزْلو,"A general term for defluxion of humours, rheum, a catarrh, glaucoma, etc."
etc,نقابوڪڍڻ,To tie the above cloth etc.
etc,نقش ٿيڻ,"To be engraved, impressed, etc."
etc,نڪتو,") To issue, appear (as the sun); to go out (as one's breath), go forth or out, to be abstracted; be extracted, derived, produced; to be dismissed, expelled; to appear (as a boil, etc.); to set out, depart; to rise, spring, result."
etc,نَلُ,"A fountain, water-pipe, water-works. Consummate (a thief, etc.)."
etc,نَنگُ,"A precious stone set on a ring, etc. A piece of a"
etc,نَووتَرِ,"And, or with 9 (prefixed to hundreds, &c., to form 109, etc)."
etc,نِسِچو,etc.
etc,نَهْرو,"Long-horned (a deer, etc.)."
etc,نِئَارو,"Apart, aloof, separate, distinct, neutral; exceptional, anomalous. The scoria left after refining gold, etc. One who extracts precious metals from scoria."
etc,نِئاتِ,etc.
etc,نِيازُ,etc. See
etc,نِئازُ,etc.
etc,نِئاءُ,etc.
etc,نيريِ,"The first crop of a field of sugar-cane, cotton, etc. Said also of a marriage in which the bridegroom & the bride are the first-born children of their parents."
etc,نيشجڻ,"To cut a full number of teeth, (a camel, etc.)."
etc,وات وجهڻ,"To bite (as a camel, etc does). To ask, make a request To talk loosely."
etc,واڌاڻو,"Congratulation. The first ceremony in a Hindu marriage when jilebis , etc., are distributed among relations and friends. A course of dishes cooked one after the other in the same utensils. The working of the mortar in pounding rice to clean it. A wooden ladle or spoon."
etc,وارڻيِ,"A reading over of the Shastras by a Brahmin Abstinence from milk, etc., after childbirth ( Hind. women"
etc,والارو,An evasion; an opportunity; a swoop (of a bird). والِثيِ ، والِثُ etc. See
etc,وارِثُ,etc.
etc,واماچارُ,"The doctrine of the tantras ; the left-hand ritual, use of flesh, spirits, etc."
etc,وامڻيِ,"The casting goods, etc., jettisam."
etc,وانجِ,"Passing over, go-by, etc."
etc,واڻاڻيِ,"The expense of intertwining, etc."
etc,وٽ پچائڻ سارڻ ڪرڻ,"To cleanse the person after making water, etc, (as a Mah does)."
etc,وٽجڻ,"To twist or be twisted, etc."
etc,وَٽو,"A kind of metal bowl or cup for drinking from ( Mah ). A weight for weighing with. A piece of string put in a hole bored in the ear, or nose to keep it open for an earring, etc. ( com ) Discount on a hundi ; premium; difference in exchange."
etc,وٺارائڻ,"To cause to take, or be seized, etc."
etc,ويچارَڻُ,etc.
etc,وڎوتپ,"( colloq ) Typhoid fever, etc."
etc,ورجائتو,"or According to custom, customary, etc."
etc,وِرْچاڻيِ,"The being worried, etc."
etc,وَرْسيِ,"A perquisite, etc., received above regular pay, fee, due, bonus."
etc,وَرْسَڻُ,"To be patronised, obtain a perquisite, etc."
etc,وَرَڻُ,") Next, coming (month, etc.)."
etc,وغيره,"Etc., et cetera."
etc,وفاڪرڻ,"To be loyal, true, etc."
etc,وِلائِتُ,"A foreign country, as England, etc."
etc,وِماسِجَڻُ,"To be anxious, to be grieved, etc."
etc,وناهير,One who sits etc.
etc,وَنَڪَ,"A piece of gold, etc., for testing."
etc,وَڻُ ٽِڻُ,"Trees, shrubs, etc."
etc,وِڻو وِجهَڻُ,"To abuse, etc."
etc,وَهائِڻُ,"To cause to flow, to run, effuse; to drive (a pen); to dash off (an article, etc.); to shed (tears). To make one work or labour hard, to fag."
etc,وِئُٽَ,etc.
etc,واهَرَ,"The inclination of a cow, etc., for the male, rut."
etc,وهرجڻ,"To be in rut (as a cow, etc.). وِهُرَ ، وِهَرَ"
etc,وهميِ,"Whimsical, etc."
etc,ويَٽرُ,"Water for culinary purposes, etc."
etc,هارپائيِ,"etc.). A plough bullock. A pair of pallah fish. The chief of a party of boys in a game, others being called"
etc,هاڪَٽُ,"Terrible-looking (a cat, etc.), naughty (a boy)."
etc,هاڻو,"Joined with. An affix signifying ""touched with"", etc., as"
etc,مڇئي هاڻو,"Smelling of, or defiled by fish (as a pot in which fish has been cooked, etc.)."
etc,هٻڪاريِ,"Fragrant, etc."
etc,هَٽَڻُ,"To go back, retire, recede, retreat; go down, decrease (as sickness, etc.)."
etc,هَٺِيائِڻُ,"To become proud, obstinate, etc."
etc,عَهُدو,"etc., under"
etc,هُرْيائيِ,"Levity, lackness of earnestness, etc."
etc,هَضَمُ ٿِيَڻُ,"To be digested, etc."
etc,هَلائِڻُ,"To cause to move. To carry on, conduct, transact, manage (business; etc.), govern, rule."
etc,هيِسَ,"Treating with violence, etc., bullying."
etc,هيسڻ,"To commit violence, to covet (another's property, etc.); to bully, cow."
etc,هيڪَمَنو,"Unemployed, at leisure; See هيڪمنائيِ . ايڪمنو Leisure, etc."
etc,هِنئَرَ,etc.
etc,آڇاڙو,"A sign, mark. A branch (of a river, etc.)."
etc,اَرَن,"A continued sound (as of a millstone, etc.)."
etc,اَنتِڪالو,"Gram, etc., taken out just before a Hindu dies, to be given to a Brahmin."
etc,آؤُتۇ,"Forward (goods, etc.)."
etc,اوٿَپَ,"Rapid growth (of the body, etc.)."
etc,ٻوڙڻ,"To sell one's conscience; break one's word, faith, etc."
etc,ٻِيجِلو,"A piece from a bar of gold, etc., for testing."
etc,ڀُڻِڪَ,"Bubbles in glass, etc."
etc,ٽي داڻِيۇپَوَڻُ,"( fig ). To lose in any business, etc."
etc,کَٽوليِ,etc.).
etc,تاڪيو,etc.
etc,پُڦيِ,etc.
etc,چَؤڙيِ,"A leg (of mutton, etc.)."
etc,دَرْڪُ,"A consignment of one sort of grain, etc."
etc,دونو,"Leaves folded in the form of a cup for sweatmeats, etc."
etc,ڎُچو,"Gnats, mosquitoes, etc."
etc,رَسائيِ ڪَرَڻُ,"To please; to serve customers, etc."
etc,ميلَڻُ,"( naut ) To lower (a sail, etc.)."
dishes,اُگهيِ اُٿڻ,Empty out (dishes).
dishes,واڌاڻو,"Congratulation. The first ceremony in a Hindu marriage when jilebis , etc., are distributed among relations and friends. A course of dishes cooked one after the other in the same utensils. The working of the mortar in pounding rice to clean it. A wooden ladle or spoon."
turns,پيرُ,"A side, a turn, a mode of folding the turban. Twists and turns, crookedness. A whirlpool. Dress, disguise. Help; a sign, mark Alike."
turns,چَڙيِ,The spike on which a turner fixes in his lathe the articles he turns. A small bell for hanging round the necks of cattle.
turns,چُکَ,"The point or elbow of a hill; a point where the river turns. Sorrow, pain."
turns,ڪاڍو,"Desire, inclination for. Prolixity, length of discourse. One who turns out or drives off anything. A vessel for drawing water."
turns,وارو,) At the correct time. At a fixed time or tour. By tours or turns in succession. Intermittent (fever). Fallow (land).
turns,واري وٽيِءَ,"By turns, by rotation or succession."
turns,والهاٽو,The part of the spindle on which the thread which turns it runs.
tell,اُتﮡ,"To say, tell."
tell,اَثرڪرﮡ,"To produce an effect, tell, impress."
tell,اَستﭔولڻ,To tell lies.
tell,آکاڻيِ کڻڻ,To tell a story.
tell,آکہُ,") To tell, inform."
tell,ٻُڌائِڻُ,"To cause to hear, to tell, mention, inform."
tell,ٽِٻَ پَڙَهُڻ,To tell tales.
tell,چائِڻُ,To cause to say or tell.
tell,چِتارَڻُ,"To inform, tell, report. To apply the mind, fix the thoughts or eye on any thing carefully, to study."
tell,چَيو,") To say, tell; speak to; to scold."
tell,وِهَڻُ,"To tell a long, tedious story."
tell,شِرُڦاڙَڻُ,To tell extravagant stories; to betray a secret.
tell,شِرڙڦاڙَڻُ,To tell such tales.
tell,ڪَنَ ڀَرَڻُ,"To poison one's ear, backbite, tell tales."
tell,گۇنهن کائڻ,To eat filth; to do a shameful act; to tell a lie.
tell,ڳالهہ کڻڻ,To tell a story.
tell,وَرَنائِڻُ,"To explain, represent, tell. To return a compliment; to listen to, to attend. See"
dates,اَڌَڙَ,n. pl Dates halved and dried.
dates,پاتُ,A loose open basket for dates.
dates,پَنگو,"Thin, weak, washy (hemp liquor). Blade of a date-tree containing dates."
dates,قسطبَنديِ,Fixing the dates on which instalments shall be paid.
dates,ڪَتَلَ,Dates brought from abroad packed up in a lump.
dates,کَٿيئَيِ,A kind of black dates. ( Up. S ).
dates,گوشو,"A corner; a hermit's cell, retirement. The shooting out of fresh leaves or branches. A cluster of dates, plantains, etc. The horn or knob at the end of a bow. The notch of the butt-end of an arrow."
dates,ڳَڙيِ,"A small piece or lump of meat, sugar-candy, turmeric, indigo or such like; a clove or bulb of a garlic plant; one of a bunch of dates, raisins, etc."
started,ڇرڪ ڀرڻ مارڻ,"To start, to be started."
started,رَهَدَارُ,One who has started on a journey or entered upon any work.
pans,مَلَڻُ,"To rub, polish, burnish, clean (pots and pans), furbish, scour. To groom (a horse). To take up (room or place), enlarge or extend (one's boundaries or position), lay hands on (in interference). To cause indigestion To knead (dough), work up with fists or fingers. ("
won,آگَ,"The winning a game; a game won, (one's) turn."
won,ٻاَونُ,All points won in whist.
won,لِنڊُ,A game (won or lost). Human excrement when hard.
qualifies,جۇن,"An inflection from Of, used when the noun which it qualifies is in the nom. pl. fem A plural form of the respectful title"
rivers,دُوابَ,A land between two rivers.
rivers,سِنڌُ,"An inflated goat's skin used for swimming on rivers, a float."
rivers,سيِڻاهِ,An inflated goat's skin by the support of which rivers are crossed.
went,اُڌاڻو,Went away. inf
dist,وَهَڻُ,"To flow; run (a sore). To work (as a knife). To run (as colors in washing). To labour, work hard, fag, toil. To leak. To go ( Thar Dist ). A hamlet, village. A river or sea. A boat."
dist,هوڪارن ۾هئڻ,To be in good health. ( Thar Dist ).
curl,ڪُنڍِڙو,"A curl, tress."
curl,گهُنڊيِ,"A frown. The seed shoot in the head of a grain plant. A curl in the hair, a ringlet. A knot of thread left in cloth in weaving, a tangle. Dissimulation. Jibbing, balking (of an animal)."
curl,وَرُ,"Twist, curve, bend, turn, circuit, coil curl, ringlet, winding. A boon, blessing, especially in the gift of a Brahmin or deity. ( com ) Quality or number of cloth. Circumvention, deceiving. A bridegroom or husband."
curl,وراڪڻ,"To twist, to curl, twine,"
cares,مُڪْتِ,"Freedom, absolution from wordly cares, beatitude, salvation."
kissing,چُم چُم,Constant kissing.
kissing,چُمڻيِ,Kissing.
kissing,قدم بوسي,Kissing the feet of a superior; respectful salutation.
stones,ٽُڪَڻُ,To gnaw (as rats or insects do). To quarry (rocks); cut (stones). To bite (as fish do a bait).
stones,چيڻوٺي,") used in weighing precious stones, metals, etc. Mildew, smut. A blast of wind damaging to crops. Fortune, good fortune. A little, small quantity, atom, particle."
stones,قِشِمِشِ,"Raisins, or a kind of small dried grapes without stones."
stones,ڳارو,Half ground grains left between the stones of a mill. See under
stones,مارَنگُ,"A temporary hearth or fire-place of a few stones, &c., for cooking on. مارۇ، مارو، مارَڻُ See under"
stones,ناگيلِ ڦۇسيلِ,A kind of boys' play in which stones are placed over one another and a ball thrown at them to knock them down.
stones,وَسائِڻُ,"To cultivate, cause to flourish or be prosperous; to fertilize. To throw missiles or dirt on others, pelt (stones); pour (abuse). To stun."
toes,ٻُنجيِ,"A cork, plug, stopper. The knob or button in wooden sandals fixed on the toes."
toes,تِرْڇو,"Crooked, awry; turned out (as toes)."
toes,ٿُڏو,"A kick with the toe; the knocking the toes against any thing; a stumble, trip."
toes,ڇاڱو,"One with 6 fingers, or 6 toes on each hand or foot."
toes,وِڇوڙَڻُ,A kind of ring shaped like a scorpion worn on the fingers or toes.
throttle,گهٽڻ,"To choke, suffocate; strangle, throttle."
throttle,گهٽوڎيڻ,"To strangle, throttle."
throttle,ڎئڻ,To throttle.
throttle,نِگَهۇسارُڪَرَڻُ,To throttle to death.
locks,ڀَنڀو,Hair laid down in locks over the forehead. Beautiful.
speaks,گُهڻو,One who speaks through his nose.
speaks,واتر,"A great talker, one who speaks in a disrespectful manner"
speaks,واڪِرُ,"One who speaks loud, a screecher."
floors,ڪوٻو,"A rammer, beetle for levelling floors."
flies,ڀِڻِڀِڻِ,Injury from flies lighting on &c.
flies,جهِنگَڻُ,To spoil food by lighting on it and biting it as flies do.
flies,چَنوَرُ,A brush made of the long hair of the bos grunniens for driving away flies; a fly flapper.
flies,مَکِہ,A fly; a bee; a swarm of flies or bees. The sight or bead of a gun. The barb (of a hook).
flies,مورِڇَلُ,A fan of peacock's feathers for driving away flies.
venture,کوه ۾ ٽپوڎيڻ,To venture a perilous task; to do a bad act.
fallen,اوٽِ,The falling of rain; fallen rain.
fallen,پَتِتُ,"Fallen, abandoned, sinful."
fallen,پَوْٹو,"Less by a quarter. Fallen off, weak, emaciated."
fallen,چاپوڙو,A piece of plaster fallen from a wall.
fallen,دُٻو,"A pool, puddle. A drop of ink fallen on any thing, a spot."
fallen,سَڙُه,Fallen and stretched out (said of a sluggard).
fallen,ڪورَڙِ,Plants sprung up from seed that had fallen from a previous crop. Grains of pulse that will not soften.
fallen,نازِلُ,"Fallen on one (as a misfortune), descending."
fallen,هُٻَ,"The vapour arising from rain fallen on ground previously heated, miasma."
begun,شُرۇعُ,"Begun, commenced. Beginning, commencement."
treat,ڦِٺْڪارَڻُ,"To treat contemptuously, express contempt, etc."
treat,ٿُڪَڻُ,To treat with disdain.
mary,ديَوماتا,The Mother of God (the Virgin Mary).
represent,سالَگْرامُ,"An ovoid black quartzoid worn by the action of water, conceived by the Hindus to represent Vishnu."
represent,ڪرڻ,To represent a character.
represent,مِيمُ,The name of the letter It is also used to represent Mohammad.
represent,نقل ڪرڻ,To copy; to represent (as an actor does).
represent,وَرَنائِڻُ,"To explain, represent, tell. To return a compliment; to listen to, to attend. See"
represent,وَڻَنائِڻُ,"To explain, represent, See"
homes,وَنَهُ,A few days before a wedding when the bride and bridegroom are not to go out of their own homes; or the ceremonies then performed.
daughters,ٽِڪَڙُ,A son born after three daughters.
daughters,نئَاڻيِ سئَاڻيِ,The daughters of a family.
pulling,تُنباڙَڻَ,"To card cotton, etc by pulling it out with fingers. To beat severely."
pulling,تَڻيِ,"Pulling: desire, longing."
pulling,ساهَ,Pulling.
pulling,کِنچاتاڻَ,"Pulling, pressure."
pulling,گوشِماليِ,Pulling the ears; chastisement; reproof.
pulling,گهيچو,"Pulling and pushing backwards and forwards, or in and out, irregular oscillation, the uneasy motion or jolting of a camel, &c."
pulling,هٿرادو,"or Done by the hand, manual, artificial. Under one's hand, or subordinate to, in one's power. Who annoys by pulling things about."
pulling,ڎاڙهئيِ پَٽَ,"Pulling of beards; quarrelling, scuffle."
weighed,تُرَڻُ,"To pain, be sore (the eye). To be weighed."
assumes,ٻَهَ رۇپيِ,One who assumes various characters and disguises; a pretender.
closes,ٻانڌو,"A weir for catching fish. The lump of earth which closes the passage of water into a bed. A pack, package."
fires,غبارِچيِ,"One who fires a mortar, a gunner."
fires,کُڎِڻو,"The stand in a hunting preserve from which the sportsman watches the approach of animals, and fires, a butt. A miniature house, animal, boal, etc., made for Hindu children during Divali"
fires,گرجائيِ,One who fires a gurjo
brains,ڏُڪَہ سۇرَپِٽَڻُ,To rack the brains and labour hard.
brains,مٿوهڻڻ,"To bother one's head, scratch one's brains."
wanted,کَپيِ,"Is wanted. Should, ought, must."
voices,چِئۇن مِئۇن,"Chattering, noise of voices."
voices,حَشامُ,"A crowd, tumult of voices; wailing, lamentation."
voices,سُرِپُرِ,"Whispering, murmuring; noise of voices."
center,سَنتَرُ,cor of Center.
think,ٻُجُهہ,") To understand, comprehend; to think on, ponder on. ( past part"
think,ڀانِئڻُ,"To think, imagine. To like, love; regard. Egoism, pride."
think,تَڪَڻُ,"To think on, consider; guess, conjecture; to estimate expenses. To look at, gaze, pry, stare, take aim at; expect anxiously. To covet, cast an evi eye upon."
think,خيال ڪرڻ,To think.
think,رليل دؤڙائڻ,"To cast in one's mind, to think."
think,سوچَڻُ,"To ponder on, reflect, think."
think,مَٿَ,") To churn (milk). To think, consider, ponder on."
think,همت سارڻ,To think one's self competent or able.
think,نڪاهم نڪاتم ڪرڻ,"Not to hesitate, do things precipitately, or without waiting to think."
asking,بي صدقائيِ,"or Without asking or following advice, imprudent, injudiciously."
asking,پُڇَ,"Asking, questioning. پُڇَ ڳَڇَ، پُڇاڳاڇا"
asking,جاچِنا,"Request, asking for anything. Ascertaining, investigating."
asking,کيڪارَ,"Asking after one's welfare; the ceremony of salutation or inquiry at the meeting of friends, greeting."
asking,وڌيڪائيِ,"Exceeding, going beyond proper bounds in speaking or asking; extravagance, prevalence, superfluity, superabundance."
conforming,صۇفی,"A sufi , a sect of Mah devotees, being freethinkers or pantheists conforming outwardly to the Mah creed; an abstemious person, a teetotaller."
guru,اَڪاليِ,A follower of Guru Gobindsing.
guru,دَرْسَنس,"An interview, a visit; the sight of a guru , an image of a god, etc.; (or"
guru,سِکُہ,"A disciple, a pupil. A disciple of Guru Nanak"
guru,سِنگُهہ,A follower of Guru Govindsing. The constellation Leo.
guru,سِيَتَپْرسادُ,The remnant of meat of all kinds left by a Guru Brahmin
guru,ڪَلَنگيِ ڌَرُ,A title of Guru Govindsing.
guru,ڪَڻاهَ,A kind of sweetmeat prepared and eaten in honour of Guru Nanikshah. ڪَڻاهيِ ، ڪُڻاهو See
guru,گُرائيِ,The duty or office of a guru
guru,گُرُدُئارو,"The place where a guru lives, keeps his books, &c"
guru,گُرُئَپوٽو,A descendant of Guru Nanik.
guru,گُريِ,"The space between two knots or joints in any kind of cane, a joint. The segment (of an insect). A stage in the growth of grain when the plant begins to form knots. The office or duty of a guru A precipice. The bulge (of a ship). Ender groats."
guru,گَرياڻيِ,The wife or daughter of a Guru or a family Brahmin.
guru,گريائيِ,The duty or office of a Guru.
guru,نانُڪْشاهُ,"n. Nanik , the Guru of the Sikhs."
guru,نِگرُو,Destitute of a Guru or spiritual teacher; a wretch. ( med ) Mycetoma.
lush,رسائتو,"Juicy, sappy, lush."
proudly,اۇچيِ ڳاٽِ,"With head erect, proudly."
proudly,هٺائتو,"or Proud, proudly, stubbornly."
kindness,اَحسان,"Kindness, obligation."
kindness,ايڇِپو,"Kindness, favour."
kindness,ڀَلاڻيِ,Goodness; kindness; advantage.
kindness,تاريِ,"Kindness. Support, reliance."
kindness,پاڄارو,Kindness; a kind act.
kindness,پارَتَ,"Recommendation, putting in a good word; commending to one's care, kindness or charge."
kindness,چگائيِ,"Goodness, excellence; kindness; health; prosperity; beauty."
kindness,رَحَمُ,"Compassion, mercy, pity, kindness."
kindness,رحمائيِ,"A species of juari Mercy, compassion, kindness."
kindness,رحمت,"Pity, kindness. Repose, peace."
kindness,شَفَقَتَ,"Condolence, kindness."
kindness,عِنايَتَ,"Kindness, favour."
kindness,قِياسُ,"Measuring or comparing by reason, thought, consideration; kindness. A syllogism."
kindness,ڪارۇن,A kindness.
kindness,ڪِرْپا,"Kindness, favour."
kindness,ڪَرَمُ,"Kindness, favour."
kindness,گُڻُ,"Quality, attribute, property, virtue, merit; skill, talent, faculty, qualification. Kindness, obligation, favour."
kindness,لُطْفُ,"Kindness, favour."
kindness,مَرۇئَتَ,"Remission, the reducing the price of any thing, the amount of any punishment, etc. Generosity, politeness, kindness."
kindness,مِهِرَ,"Kindness, mercy, compassion."
kindness,مهرباني,"Friendliness, kindness, favour."
kindness,مَيا,"Pity, compassion, kindness."
kindness,نَوازَ,"Kindness, showing kindness or liberality."
kindness,نيڪيِ,"Goodness, kindness, virtue, good name."
kindness,وَڙُ,"Manners, propriety, fitness, seemliness. Kindness, favour, obligation. Proper, befitting, becoming."
kindness,هِتُ,"Love, friendship, kindness."
kindness,هُشيِ,Improper kindness which spoils one.
kindness,ڎَتُ,"Kindness, favor."
sq,بِيگو,"A land measure equal to 22,500 sq. ft."
jewelry,ڌَڙِ,( Jewelry ) Girdle. ( Weaving
jewelry,ڏاڪُ,Fuel for steamers. ( jewelry
cottage,ڀُِنگيِ,"A cottage, hut, hovel."
cottage,جهۇپِڙو,"A hut, hovel, cottage."
cottage,ڪُٽيِ,A cottage.
cottage,نِجُهرو,"A hut, cottage."
cottage,ڇَڄو,"A cottage, house."
constrained,مَجْبۇرُ,"Compelled, forced. constrained,"
permits,هڏڏوکيِ,"One who soothes another's pain, or permits not his injury; hard-working."
pieces,ٻيلَهڻُ,Two cross pieces of stick tied to the mouth of a calf to prevent him from drinking the milk of cow mother while grazing.
pieces,تَهَباردُن,n. pl Pieces.
pieces,ٿاپيِ,"To place an idol in its temple; to enthrone or invest with authority; to appoint to any duty. To fix, ordain (a law, &c.). To stick flat pieces of cowdung against a wall, &c., to dry. To pat and flatten cakes of cowdung, etc."
pieces,ٽُڪَرَ ٽُڪَرَڪَرَڻُ,To shiver into pieces.
pieces,ٽُڪِراٺو,"Fragments, pieces."
pieces,ٽِڪِڙو,"An ornament for the forehead, Pieces of glass worked on dresses. A kind of cake. Small spots of paint by Hindus on religious books, on goats before sacrifice, etc."
pieces,ٽِڻُ,The having three pieces in a row in
pieces,پِٿُ,"A piece). In pieces, torn or broken to atoms."
pieces,چَوْپَڙِ,when two pieces stand on the same square and then cannot be taken.
pieces,جوٽا,Pieces of thread for attaching those of the warp to the warp rod.
pieces,چَپَرَ,A wedge. Pieces of leather used by tape-makers for working the threads with; wedge-like pieces of wood.
pieces,چِچِرَڻُ,"To chop, mince, hash, tear to pieces, mangle, lacerate, haggle."
pieces,چرخو,"A spinning-wheel; a large water-wheel worked by a camel or two bullocks; the wheel of fortune. Taking the four pieces of an opponent in the game چرخيِ .چؤپڙ A spinning jenny; a machine for twisting ropes with; a windlass; a ginning machine; a kind of firework, catherine-wheels. Watered by a Persian wheel."
pieces,چَڪْناچۇرُ,"Dashed to pieces, bruised."
pieces,چَندَنَ هارُ,A kind of necklace to which flat pieces of gold are hung.
pieces,چَؤسارِ,A game played with pieces on squares.
pieces,چَوْپِڙَ,A game played with pieces on a spotted cloth.
pieces,چَوْنڪو,"The figure four, cater Smearing with cowdung, &c. Sweeping clean as by a thief, or complete loss or destruction of any kind. A certain position of the pieces in the game"
pieces,ڇِترِو,"Worn out in pieces (matting, etc.)."
pieces,ڇَڪِڙيِ,A certain position of the pieces in
pieces,ڇيِهَڙ,"Manners, good behaviour. Pieces, scraps."
pieces,ديگچينيِ,Old pieces of iron.
pieces,ڏَڏِرَڻُ,"To pound or ground coarsely. To chop to pieces, hack; to peck at and spoil (as birds do fruit.)"
pieces,ڏَريِ,One of the pieces of a double
pieces,رَئيِ,"A cloud of dust raised by the galloping of a horse, &c. Shining (of a sword). Cotton carded to extreme fineness and lightness. Rice pounded to small pieces, commonly in the"
pieces,ساٽِڪِيۇن,n. pl Pieces of slender ropes tied round a furled sail.
pieces,ساراڻا,n. pl Pieces of cane passing between the threads of the warp in a loom in weaving.
pieces,سُلْفو,Tobacco bruised into small pieces and put in a huqa
pieces,سيلهۇڙو,"The head or flower of the "" Kuarbuti "" ( aloes perfoliata ) cut in pieces, salted, dried and used as food."
pieces,شيِنهَن ٻَڪِريِ,Name of a game played with pieces on a marked board.
pieces,ڪُتِرِ,Chopped straw or grass; the chopping such into small pieces.
pieces,ڪَنڍِلو,"A kind of necklace for children of odds and ends of shells, pieces of metal, &c."
pieces,گَدۇدُ,"Coagulated pus. Offal, esp of pieces of the spinal chord, etc., of mutton."
pieces,گُڙِندُ,The pieces of twine by which the pots of a water-wheel are attached to the circular ropes malha
pieces,ڳيِٽيِ,"A piece of flint prepared for use. The pieces used in playing choupar ( surg ) Garrot, a stick for tightening a bandage."
pieces,نۇرو,A hollowed ring worn on the ankle in which small pieces of metal rattle when the wearer moves. A depilatory.
pieces,اُڌاڻَڻُ,"Halves, two pieces."
pieces,ٽِٽِڻِ,"A game played with 3 pieces on a marked board, or ground."
annum,وَرْهِيووَرْهِ,"Year by year, per annum."
billions,پَدَمُ,"The lotus ( Nelumbium speciosum ). One thousand billions, ten billions according to the shastras A line in the hand or foot, like the lotus, considered to be a sign of good fortune. A kind of small snake."
billions,سَنکُہ,A conch which Hindus sound at certain ceremonies. Ten billions. Miserly.
derived,سائِرُ,"The sea, the river. Miscellaneous revenue not derived from land."
derived,مَهاتَمُ,Greatness; the benefit derived from any good work.
derived,نڪتو,") To issue, appear (as the sun); to go out (as one's breath), go forth or out, to be abstracted; be extracted, derived, produced; to be dismissed, expelled; to appear (as a boil, etc.); to set out, depart; to rise, spring, result."
stub,ٽوٽُ,"A short pen, a stub. Loss."
stub,کُتيِ,"A stump, stub of corn."
neighbours,اوڙو پاڙو,"Neighbourhood, vicinity; neighbours."
neighbours,جنڊو جنڊي سين ڏيئَيِ وِهَڻُ,To be next door neighbours.
neighbours,وَنگار,"Calling neighbours to assist in any work, & feasting them in return; a harvest-feast"
filthy,اَڌوتو,"Unwashed, impure, filthy."
filthy,اَگهوريِ,"or An order of religion mendicants eating things however filthy; a gross, dirty eater; one senseless from liquor or intoxicating drugs."
filthy,خِلْْطُ,Filthy humours secreted in the bowels; one of the four humours of the human body.
filthy,زَحمَتَ,"Disease, sickness. Filthy. Importunate, troublesome."
filthy,غَليِظُ,"Thick; filthy, nasty. abs. n"
filthy,ڪِنو,"Filthy, bad, stinking, putrid."
filthy,گَدِلو,"Dirty, filthy, slovenly, squalid."
filthy,گدۇديِ,or A dirty filthy fellow.
filthy,گَندُ,"Dirt, filth, stench; filthy language ribaldry."
filthy,گندو,"Fœtid, filthy, stinking; foul-tongued, obscene."
filthy,گۇنٺُ,"Dirty, filthy."
filthy,لُڳِڙُ,or One dirty or filthy; a worthless fellow.
filthy,مَلِينُ,"Dirty, filthy."
filthy,ميرو,"Dirty, filthy, foul."
filthy,نِڌۇ,"Exceedingly dirty, filthy."
filthy,نَرْڳُ,"Hell, hades. Stinking, foul, filthy."
filthy,نِڪَ,Very dirty; filthy.
filthy,نِڪِرْتو,"A filthy person, one who performs not the ablutions, &c., laid down by the Hindu religion."
countries,پورِبيِ,Eastern. An inhabitant in countries lying in the east of the Ganges (Cawnpur to Behar); the dialect of the same. A
countries,وڻ وڻ جيِ ڪاٺيِ,"Men of all castes and creeds, or of various countries."
told,تۇنَڙُ,A fib told to frighten one into compliance.
feelings,ڪٽ پوڻ,"To be estranged (feelings), be strained (relations)."
feelings,گهاءُ ڪرڻ,To wound; injure one's feelings.
feelings,مَرْجادا,"Usage, customs. Modesty, shame ; the having regard to the feelings of one's friends. The proper medium or boundary in acting. مرجات وارو، مرجادوارو"
asks,رنگڻو,One who asks for more after receiving the correct quantity. Querulous.
staring,گهۇرَ,"Staring fiercely, looking dark and angry. Remembrance."
staring,نِهارَ,"Looking at, looking for, viewing, staring, watching."
staring,هِڪَ ٽِڪَ,"Staring, looking fixedly. Fixed (as a paper kite); firm, constant (in one's word)."
exported,قُوتي,A little wooden box in which grapes are exported from Afghanistan.
tuck,کَنجَڻُ,To tuck up the arms; prepare (for work or fight.)
tuck,لانچڻ,"To tuck up one's clothes; to gird one's self, or prepare for a journey, &c. To pass over. To search."
tuck,کَڻَڻُ,To stitch up; tuck up one's trowsers.
rd,ٽِيجو,Third. A ceremony performed on the 3rd day after death.
rd,پِتْراپَکُہ,The 3rd & 4th quarter of the moon in
rd,راڳِٹي,sung in the 3rd watch before evening.
rd,ڄيٺُ,3rd Hindu month (May-June).
rd,دَوْڪُ,A camel after it cuts its first pair of teeth in its 5th year. A horse in the 3rd year of its age.
rd,رَبِيعُ اَْلاَوَّلِ,The 3rd month.
rd,زيوَرُ,"Jewels, trinkets, ornaments (of gold, silver, &c.) for the person. A particle affixed to nouns, verbs, prepositions, &c., to express the 3rd per. pro. sing of him, her , or it, to him, her, or it , &c."
rd,شِۇ,"The Deity as a destroyer, the 3rd member of the Hindu triad."
rd,کَسِرو,Obsequies on the 3rd and 10th day after a death.
rd,گهوگهو,A Hindu holiday on the 3rd of Sanvan
rd,مَعرِفَتَ,"Knowledge, acquaintance. The 3rd degree of sufism when one knows the real Being. By means of, through."
rd,مَعْرِڪو,"An assembly, body of men. A meeting together and drinking sherbet at or before a wedding or circumcision festivity. The 3rd day after the decease of a Hindu on which certain rites are performed; the rites then performed."
rd,مُنڊَڻُ,") Closing, sealing; a seal or impression of a seal. Stopping any one in any act and transfixing him by incantation. Food given on the 3rd day after a death to friends of the deceased."
rd,موڇاڻيِ,Money given as a release from the marriage engagement on the 3rd day after the death of a son-in-law or daughter-in-law by the father to the family into which the deceased had married.
rd,وَيْشُ,"A Vaisya , the 3rd or agricultural and commercial class."
rd,اَحْزابُ,The confederates (title of the 33rd chap. of the Quran
brothers,ڏيراڻيِ,The wife of a ڏيرپو.ڏير Families of one's husband's brothers.
brothers,سائُٽيِ,The relationship between the children of two brothers.
brothers,اَخِوانَ,"Brothers) Brotherly, friendly."
stories,بي شَرطو,Unconditional; not telling lying stories; a sensible and truthful person.
stories,ٽِٻُ,"Lying tales, extravagant stories."
stories,ٽوٽِڪائي,"An empirie, a quack. A teller of little stories."
stories,پَڙْٻاٽَ,"Boasting, lying stories."
stories,پَڙْٻاٽيِ,A teller of such stories.
stories,شِرُڦاڙَڻُ,To tell extravagant stories; to betray a secret.
stories,شِرْڙُ,Telling ridiculous stories of sorcerers and miraculous matters.
stories,شِرڙيِ,One who tells such stories.
stories,شرطيِ,"Deceitful, knavish, who tells idle stories."
stories,گوزيِ,One who breaks wind; one who exaggerates or tells extravagant stories.
stories,لُٻَ,") The mixing up or disordering food when dished, and disarranging it with the fingers in eating. A reproach.stories."
stories,لَپوڙَ,Boasting; braggart stories.
stories,هَبۇبُ,"Ridiculous, extravagant and fanciful stories, frightful tales."
stories,هَوَرُ,"Extravagant, ridiculous stories, a false rumour."
atoms,ڀورِ,"Crumbs, atoms, powder."
atoms,پِٿُ,"A piece). In pieces, torn or broken to atoms."
atoms,چۇرُ,"Broken or reduced to atoms by pounding, &c.; pulverized; fatigued, done up, tried."
atoms,چۇرو,"Powder, filings, atoms."
tire,ٿَڪائِڻُ,"To tire, fatigue."
tire,پاٽو,The tire of a wheel.
tire,پَٽُ,"The bare ground, an open bare plain. The floor. A peg, or glass of liquor. A band of iron, etc.; the tire of a wheel. The one half of a split"
tire,ڪُڙائِڻُ,"To tire, fatigue, weary. To smart; irritate."
tire,کُهائِڻُ,"To tire, fatigue; break down impoverish."
tire,وِرْچائِڻُ,"To weary, fatigue, tire."
tire,وِرْتو,"To tire, become worried, jaded, angry, annoyed."
tire,هارجڻ,"To be lost, defeated. To be spilled. To tire; be downcast."
priests,اُداسيِ,"Dejection, sadness. One of a class of Sikh priests."
priests,اَرداسَ,"A petition, supplication; an offering to priests."
priests,پﯘڄارو,"A follower or disciple of the river priests, a worshipper of the river; a worshipper."
wade,تانگَهڻُ,"To fathom, sound; to wade through; to search."
wade,جهاڳَڻُ,To wade through shallow water; to take a long journey. To endure (pain).
arabian,ڪَلاچُ,"A well-known whirlpool in the Arabian Sea about 60 koss up Karachi, on the borders of Las Belo."
arabian,هِندۇ,"( orig A black Arabian, Indian, or Ethiopian) A Hindu."
opens,جامو,A kind of long upper garment which opens in front; a shirt; the body.
strains,آلاپُ,"Talk, conversation. A prelude to music, sweet strains."
bored,ڪَنَ ڦاڙُ چيِڙُ,A kind of Hindu faqirs with bored ears.
bored,ڪنوٽِيو,A kind of faqir having his ears bored.
bored,ناسُفْتو,"Not bored, without a hole."
bored,وَٽو,"A kind of metal bowl or cup for drinking from ( Mah ). A weight for weighing with. A piece of string put in a hole bored in the ear, or nose to keep it open for an earring, etc. ( com ) Discount on a hundi ; premium; difference in exchange."
scorpio,ڀَثُنئَڙيِ,). 'Scorpio.'
scorpio,عَقْرَبُ,Scorpio — a sign of the zodiac.
unpaid,مَهِڻو,"Reproach, taunt, upbraiding by putting one in mind of obligations unpaid, sarcasm."
tubes,ڏَٽو,"A cork, plug, bung, stopple. That part of the huqa connecting the tubes with the bottom. A piece of stick attached to drum strings for tightening them with. Fat, stout."
jaws,گَلْڦَڙو,"The jaws, the angle of the mouth another at the Holi."
jaws,ڳَلافو,The cheeks inside covering the jaws.
jaws,ڳَلو,The part of the throat below the jaws. The neck of a a garment. A kind of net for catching hawks in.
jaws,مَلو,"A swelling of the glands of the neck, also of the gums and jaws. A disease of the skin which breaks out in pimples or boils. Epithet of any thing tending to produce such disease."
snatch,اُڇَت,"In a moment, with a snatch."
snatch,جهاٽَ,"A snatch, haste, pluck."
snatch,جَهٽُ,"Snatching at; a snatch, pluck, spring, dart, pounce."
snatch,جَهٽْڪو,"A shower of rain; a blast of wind; a burst of passion, &c.; a whisk, snatch, spring. Slaughtered with a sword at a stroke (a goat, &c.), as by Khalsas"
snatch,جهٽَڻُ,"To snatch, pluck."
snatch,جَهپُ,"A snatch, a spring or dart; pluck, pounce, muss, clutch, scramble"
snatch,جَهلْڪوڏِيَڻُ,"To flash; glance, snatch a hasty view."
snatch,ڇِڪَڻُ,") Strain of the intestines. A snatch, twitch.( com ) Demand."
snatch,کَسَڻُ,") A snatch, snap."
snatch,نِهوڙَڻُ,"To seize one with force, to snatch away, carry off (as a sickness does). To close up a"
snatch,هرت ڪرڻ,To take or snatch away.
compiled,سِمِرْتيِ,"Memory; a body of laws, as those compiled by Manu."
creature,چَنڊالُ,"An outcast, a Pariah; an impure person; a diabolical creature. Anger, passion."
creature,ڏالٽيِ,"or One with a voracious appetite, a guzzle, a glutton; half starved creature; poor, indigent."
creature,ڳوڀَ,"A dumb creature, an animal."
creature,لِلۇ,"A lazy useless creature, a coward."
creature,ليلَهہ,"or A lazy worthless creature, spiritless."
creature,مَخْلوُقُ,"A created being, a creature."
creature,ويڇاڙُ,A useless creature.
timeless,اَڪالُ,"Timeless, eternal. God."
cakes,ٿاپيِ,"To place an idol in its temple; to enthrone or invest with authority; to appoint to any duty. To fix, ordain (a law, &c.). To stick flat pieces of cowdung against a wall, &c., to dry. To pat and flatten cakes of cowdung, etc."
cakes,چَڪُلو,"A flat board, on which mea cakes are rolled. The prostitutes' quarter."
cakes,ڳُراهِڙيِ,A dish in which raw sugar is spread between two cakes of flour.
cakes,مِسو,"(Cakes) of several kinds of flour, such as are made by begging fakirs"
cakes,مَلِيدو,"Pounded meal cakes mixed with ghee and sugar. A dainty, delicacy."
cakes,موڻيو,"(Cakes, &c.), in which much"
motley,پٽو,") Striped, motley, variegated."
motley,رنگارنگيِ,"Various, many coloured, motley."
compliments,آداب,Compliments.
compliments,آروبلو,"Pleasing by assenting to every thing; flattery, coaxing, paying compliments."
compliments,سَلامُ,"Peace; adieu, farewell; salutation. Compliments."
compliments,سَنيَهڙو,A message of love or affection; compliments.
tracker,پَڳيِ,A tracker.
tracker,پيريِ,A tracker. پيراگۇن، پيرانگو
tracker,پيڻاڍِيو,A tracker.
crate,ڪَنڊِيو,"A crate, large basket for china, crockery, etc."
downs,ٿاﯦا ٿوُﯦا,"Trips. and stumbles; ups and downs, butfetings."
downs,راڄو,See راڄَ وَنْتِيۇن ڇايۇن . راجا Ups and downs of life.
downs,نَشيبُ وفَرازُ,Ups and downs; profit and loss.
enables,لانگهائۇ,"What enables one to pass over or arrive at, passable. Middling, mediocre. Passenger, a passer-by."
mia,رت پؤڻائيِ,Anæmia.
extremely,مَها,"(In comp ) Great, illustrious; very, extremely; grievous."
extremely,مهاگرم,Extremely heaty.
extremely,نِهايَتُ,"Exceedingly, extremely."
mah,اَنجمنُ,"A society, an association. ( Mah"
mah,تَڪْبِيرَ,Repetition of the Mah. creed.
mah,تَڪْبيِرَڪَرَڻُ وَهائِڻُ وجَهڻُ,To slaughter an animal with the Mah. ceremonies.
mah,پيِرُ,An old man; a Mah. saint
mah,جامَع مَسْجَدَ,The principal Mah. mosque.
mah,جَمادي اَلاَْوَلِ,The 5th Mah. month.
mah,جَماديِ اُلْثّانيِ,The 6th Mah. month.
mah,جُمَعَڳيِ,The present given weekly on Friday to Mah. preceptors.
mah,جِهادُ,A Mah. religious war.
mah,چَنڊُ,The moon; the first day of the Mah. month being that when the new moon shews itself. A target. The reflector (of a lamp.)
mah,ڇَٺيِ,"A horoscope; name-giving ceremony on the 6th day after a child's birth ( Hind ), on the 8th day ( Mah )."
mah,خارجيِ,A schismatic; one of a Mah. sect who exclude Ali from the khalifas
mah,خانُ,A title of Mah. nobles. ( fem
mah,خواجڪو,A Khoja (a Mah. tribe).
mah,دائِرو,"The abode of a Mah. faqir A circle, ring, orbit. A kind of tambourine. A species of magic in which objects are seen in ink spread on the nail of a boy's finger. A mariner's compass."
mah,دَرْسُ,A lesson. A Mah. tribe.
mah,دَرْگاهُ,A Mah. shrine. A royal court.
mah,ذۇاَلْقَعْدُ,The 11th month (Mah).
mah,رَبابيِ,"A player on one; a class of Mah. musicians who attend Sikh temples, funerals, etc."
mah,رِبِيعُ اَلْفّانيِ,The 4th month ( Mah ).
mah,رَجِبُ,The 7th month ( Mah
mah,رُڪْنُ,A pillar; a support. A foot of a verse. A title of Mah. nobles.
mah,رَمْضانُ,The ninth month ( Mah
mah,سِرائيِ,"An inhabitant of Siro. Of, or belonging to Siro. A title of a Mah. gentleman."
mah,سنجوڳيِ شيخ,A class of Mah converts who observe Hindu customs.
mah,شعبان,on which offerings are made in the names of deceased relations ( Mah ).
mah,شرعاً,According to Mah law
mah,شَعَبانُ,The 8th month ( Mah ).
mah,شَوالُ,The 10th month ( Mah ).
mah,صَفَرُ,The 2nd month ( Mah
mah,صۇفی,"A sufi , a sect of Mah devotees, being freethinkers or pantheists conforming outwardly to the Mah creed; an abstemious person, a teetotaller."
mah,عُرْسُ,"A Mah religious ceremony made in the name of the Prophet in the month of Rabi-ul-avval , or in the name of a deceased pir on the anniversary day of his death; obsequies."
mah,عَقِيقو,The first tonsure of a Mah infant; the ceremonies attending this tonsure.
mah,عِيدَ,"A festival, holiday; a Mah religious festival."
mah,فَريدُ,A Mah saint.
mah,ڪارِهِين,The 11th night of the lunar month kept as a Mah festival in honour of Peer Moideen Abdool Qadur Gylanee
mah,ڪَفْنيِ,A dress (of Mah. faqirs
mah,ڪلميِ ڀائيِ,A co-religionist ( Mah ).
mah,ڪَوْنرو,A water vessel with spout and handle used for ablutions ( Mah ).
mah,ماني ڪرڻ,To invite to dinner; to make a dinner after any one's death ( Mah
mah,مُحَرَمُ,"The 1st month of the Mah year, held sacred on account of the death of Husain; mourning and lamentation."
mah,مَخْدُومُ,Master; a Mah priest.
mah,مُرْداريِ,"or Dead; ( Mah ) impure, unlawful, profane; a lazy loon. Carrion; ( med ) slough, the dead mass separating from a foul sore."
mah,مُفْتيِ,"A law-giver, a law officer ( Mah"
mah,مَلَنگُ,"A tall robust fellow; a Mah mendicant with long unkempt hair; a careless, inconsiderate fellow."
mah,مُلو,A Mah school-master or priest.
mah,مَوْلِويِ,A Mah professor or doctor. مولِهيو، مولهاٽو
mah,مِيان,(A term of respect.) inter Sir! good sir! ( Mah
mah,نَفِلُ,Certain Mah prayers which are not compulsory.
mah,نِقابو,"A cloth tied round the head by Mah women at the time of prayer, a veil."
mah,نِڪاح,"Matrimony, marriage, a wedding ( Mah )."
mah,نِمازَ,Prayer ( Mah
mah,وٽ پچائڻ سارڻ ڪرڻ,"To cleanse the person after making water, etc, (as a Mah does)."
mah,وَٽو,"A kind of metal bowl or cup for drinking from ( Mah ). A weight for weighing with. A piece of string put in a hole bored in the ear, or nose to keep it open for an earring, etc. ( com ) Discount on a hundi ; premium; difference in exchange."
mah,ۇضۇ,Ablution before prayer ( Mah ).
mah,وَظيفو,"Mah daily worship; stipend, pension; a scholarship."
mah,وَڪِيلُ,"An agent, ambassador, delegate, pleader. A witness to a Mah marriage."
mah,وَنئُرو,A Bori (a Mah caste).
mah,هِجِريِ,The flight of Mahomed to Medina; the Mah era from 15th July 622 A.D.
mah,ٻُرْڙو,A Mah caste.
mah,عِدَتِ,The time of probation which a divorced woman must wait before she can be remarried. ( Mah
stretching,جِرين,"Very tall or high, exalted; stretching to a great distance."
stretching,ڳاموڙَ,"Stretching one's limbs, a twitching of the limbs, languor; sickening (for fever, etc.)."
stretching,ماٿَرِ,"Low ground below a hill, a valley, a vale, dale, high level land stretching between the tops of hills."
persia,اِيران,Persia.
negotiations,ڳالِهہ ٻولِهہ مُهارِ,"Talk, chit-chat, conversation; negotiations."
talk,اُڦرڪڻ,"To talk in sleep, Somniloquism. Bravo!"
talk,آلاپُ,"Talk, conversation. A prelude to music, sweet strains."
talk,آلاءُ,"Talk, conversation."
talk,اورَڳُ,Kind friendly talk.
talk,اوَر,To talk over (one's misfortunes.)
talk,باکہَ,"The first glimmer of dawn. Appearance. Mention, talk."
talk,بڦلڻ,"To talk in sleep; twaddle, prattle; rave."
talk,بَحَرُ,"The sea, ocean; metre, rhythm. A fleet. Extravagant talk."
talk,بحرڦاڙڻ,To talk tall.
talk,بحري,"Maritime, naval. Extravagant in talk."
talk,بڪوادِ,"Prattle, foolish talk."
talk,بيبَڻُ,"To talk in the sleep, to turn out mad; prattle."
talk,بيهۇدو,"or Silly, absurd, nonsensical; idle; vain; fruitless; frivolous, indulging in idle talk. ("
talk,ٻولَڻُ,"& To agree, settle, contract. To speak, talk; speak out(as a possessed person). To sing, warble (a bird)."
talk,تاتِنا,"Talk. discourse; ill-speaking. Thinking of one, or keeping one in remembrance. Care, cherishing, nourishing Obeying orders, obedience."
talk,تِيڪَڻُ,To have a thin stool; talk &c.; to run or work to exhaustion.
talk,ٽْون ٽْون,"Chattering, idle talk, gabbling."
talk,ٽْونڪو,"Chattering, idle talk and quarrelling."
talk,پَچارَڻُ,To talk about.
talk,پَچارَ,"Talk, speech; improper or unpleasing talk, irritating language."
talk,ڦَٿاڪَ,"Boasting, a tall talk."
talk,ڦَستو,"Foolish talk, nonsense, prattle."
talk,ڦۇهَڙُ,One intemperate or quarrelsome in his talk.
talk,جَڪَڻُ,"To chatter, talk idly, gabble. To cry; to attempt uselessly."
talk,جَکَہ مارَڻُ,"To talk idly, trifle. To cry, attempt uselessly."
talk,جَکيِ,"A chatterer, one who talks nonsense. Silly talk, nonsense."
talk,جَهڪائِڻُ,"To cause to gabble etc. See under جَهڪَڻُ .جَهڪو To talk foolishly, chatter."
talk,چَرْچو,"Talk, report; joking, ridicule, jesting, raillery."
talk,ڏندچرچا,"Talk of the town; gossip, scandal."
talk,چَوْپَچَؤ,"Talk, conversation."
talk,چَوْوَٽُ,"or Around, on all sides. Talk, conversation."
talk,ڏکڙواورڻ,To talk over one's griefs.
talk,ڍَنڍين پِٽِجَڻُ,To be a common talk.
talk,ڍيڪَ ڇَڎَڻُ,To talk nonsense.
talk,ذِڪِرُ,"Talk, saying, mention, remembrance; reading of the Quran and reciting the praises and names of God."
talk,فِضۇلُ,"Useless, idle (talk), extravagant (expenditure)."
talk,قِيلُ وقالُ قِيلُ مَقالُ,"Confabulation, familiar talk; logomachy."
talk,ڪانويلائيِ,"Loquacity, talkativeness, much talk."
talk,ڪَٿَ,"Disputation, altercation, long talk. Estimate, computation."
talk,ڪُڇَڻُ,"& To speak, talk, sure, size."
talk,ڪڍڪرڻ,"To argue, talk immensely."
talk,ڪُشْڪَڻُ,"To say, talk, speak."
talk,ڪن جۇن ڳالهيۇن,"Talk in whispers, private talk."
talk,ڪَهاتَ,"A story, tale; long tiresome talk."
talk,ڪَهَتَ,"A story, tale; much talk, loquacity."
talk,زبان کلڻ,"To be loosed (one's) tongue; talk too much; to use harsh words,"
talk,ڳالهائڻ,"To talk cautiously, or with deliberation."
talk,گِڙْٻِڙِ,"Confusion, noisy confused talk; disorder."
talk,گُڙْٻُڙِ,"Indistinct talk, jabber, mumbling."
talk,گُفْتارُ,"Talk, chat."
talk,گوشِٽِ,"Conversation, a talk on religion."
talk,گويا,Talk.
talk,گوياگفتار,"Conversation, talk."
talk,ڳالَهُ,"Talk, chat; abusive language."
talk,ڳالِهِہ,"Speech, talk; a story; act, affair, matter."
talk,ڳالهاءُ,"Talk, sound of speaking."
talk,ڳالِهہ ٻولِهہ مُهارِ,"Talk, chit-chat, conversation; negotiations."
talk,ڳالهوڙ,"Talk without end, great prolixity of tongue; a serious affair."
talk,ڳائووائو,"Talk, mention."
talk,ڳَرَهڻُ,"To acquaint, inform, to talk over one's circumstances privately, commune."
talk,لَٻِ لَٻِ,Idle and foolish talk.
talk,لُغَتِ,"A dictionary. Speech, talk."
talk,مالِيخۇلِيا,"Melancholy; twaddle, or wretched and tedious talk."
talk,مَرْمَڻُ,"To chatter, to talk idly."
talk,مَقالُ,"Saying, talk, conversation."
talk,واتُ,"The mouth. Talk, chatter"
talk,وات وجهڻ,"To bite (as a camel, etc does). To ask, make a request To talk loosely."
talk,وارِتا,"Tidings, news; talk, tale. Prose."
talk,واڪَڻُ,"To talk, converse."
talk,واڻيِ,"Language, talk."
talk,وائلجڻ,"To be blasted, injured by the blight, to become (food from staleness, &c.), such as to cause flatulency. To become insensible or delirious, talk folly, rave. To be infected (as a boil). To get wind, to be rumoured. To be affected by exposure (a patient)."
talk,وائِيِ,"Flatuency, windiness. Rheumatism. Habit, bad habit. Speech, saying, talk ("
talk,وڦِلَڻُ,To talk in the sleep; to talk nonsense.
talk,وَڎَواتو,"One who talks much, loquacious, full of talk."
talk,وِرۇنهَ,"The taking amusement by pleasant talk, &c.; amusement."
talk,ونڌڻ,"To pierce or bore pearls, &c. To talk nonsense."
talk,وِنڌاپَڻُ,"Chatter, talk nonsense."
talk,وِياچَڻُ,To talk of one's griefs.
talk,هۇنگَرَ,"The uttering the sound hun , the sign of attention or listening; a hem; a noise, esp of much talk."
talk,اورَڳُہ,Kind friendly talk.
talk,اورِڳَڻُ,To be diverted with such talk.
talk,سُرْجيِتُ,Talk
cared,اِڪيِلڌو,"(A child) not loved, or cared for."
sticking,اُڻَهَٺِ,The heart or core of anything The nib of a pen: a point of the nail sticking out from the side of the finger.
sticking,ڀِڙو,A particle of cotton pod sticking to spun thread. ( dim
sticking,ٽِڪا ءٍ,"Remaining steady, sticking to a place; rest."
sticking,خامُ,"Raw, ripe; defective; crude; unskilled. The sticking the scraped outside surface of fresh untanned leather on wooden saddles, etc.; the raw skin so used."
sticking,کامڻيِ,Anger. The sticking scrapings of leather on the frame of a saddle. Gum prepared for closing letters with.
sticking,لاهَ,A stump of a tree or shrub sticking in a field and interfering with the ploughing.
sticking,لُٻَ,") To spoil or disarrang dished food by handling or sticking the fingers into it. To bully, behave harshly towards, oppress."
sticking,لَگارَ,"The sticking or being applied or fixed. That which sticks or adheres; attachment, or thing attached. See"
sticking,لِڳْلِڳِ,"Sticking, stickiness. Glutinous, sticky."
sticking,وَچُڙَ,"Adhering, sticking to, importuning."
crossing,اوڪَرُ,Crossing (a river).
crossing,ڏوتيِ,"etc., in front by crossing the ends and tucking them in. A cloth thrown loosely over the shoulders. A mode of wearing a loongi by throwing it over the shoulder and then bringing it round the waist."
crossing,ساندارو,A leather water bag carried over the shoulder. The crossing the river by working about up or down and then running towards the other bank.
crossing,گوڌِ,The fastening of the dhoti made in front by crossing the ends and tucking them in.
instruct,تاڪيد ڪَرَڻُ,"To enjoin, instruct."
instruct,پَڙهائِڻُ,"To cause to read; to teach, instruct."
instruct,سيکارَڻُ,"To teach, instruct. To induce."
instruct,ڪيڙائِڻُ,"To instruct, qualify, make fit or capable."
instruct,ٻوڌَڻُ,"To teach, instruct, initiate (as a disciple). pass"
atlantic,اوقيانوس,Atlantic.
recognizes,قدرائِتو,"or Worthy, worthily; one who recognizes another's worth, grateful, thankful."
backwards,اُبتو,"Reversed, upside down, backwards, inverted; adverse, contrary."
backwards,اِٽ,The kick of an animal backwards.
backwards,پُٺيِرو,"or On the back, backwards, to the rear, from the rear."
backwards,جهۇلَڻُ,"To swing backwards and forwards, rock, oscillate."
backwards,ڌنڌولڻ,"To shake backwards and forwards, to give a shaking, pull about."
backwards,ڊوڙَڊُڪَ,"Hurry, bustle, running backwards and forwards, flutter."
backwards,ڪوڙِ,Pegs fixed in the ground in two rows on which the thread is passed backwards and forwards in preparing the warp for weaving.
backwards,گهِچا,"To swing one's upper body backwards and forwards, reel, stagger."
backwards,گهيچو,"Pulling and pushing backwards and forwards, or in and out, irregular oscillation, the uneasy motion or jolting of a camel, &c."
backwards,لَنگَهہ,Passing backwards and forwards.
backwards,موٽَ,"Backing, moving backwards. Refund (of duty). Reflection (of rays)."
backwards,هَٽائِڻُ,"To repel, drive backwards."
worrying,فِهِيۇن مُنجهائِڻُ,"To confuse by worrying Rate, price. For each, each, per, as"
shops,پيِلِسوزُ,A kind of lamp in native merchants' shops.
shops,هَٽَٽارَ,"A general shutting up of shops in a market (on account of oppression, &c), a strike."
numbers,اَبجد,A mode of denoting numbers by the letters of the Arabic alphabet.
numbers,اُٿوڙﮡ,"which see. To die in numbers, be decimated.)"
numbers,سَرو,"Affixed to the cardinal numbers, and referring to the rows in a necklace, &c.; it means ""fold,"" as"
numbers,کَنُ,"A piece of bread. A half (of a loaf, etc.) ( Up. S ). About more or less (used after numbers or measures, as"
numbers,مَڻو,Of a affixed to the cardinal numbers (as
numbers,نمبرشماريِ,Inspection of such numbers; a statement giving particulars of land according to survey numbers.
chiefs,سَرْڪارِ,"Government, ruling authority; the state; used also obsequiously as a title of respect for government officers, chiefs, &c."
entered,داخِلِ,Entered(in a book or account); registered.
entered,رُجۇع,"Inclined, disposed, taken in hand, entered upon, referred to another,"
entered,رَهَدَارُ,One who has started on a journey or entered upon any work.
entered,ڪاٽُنئون,"Spoken of interest, when it is entered on the money credited or debited in the accounts of both parties. A kind of salve applied to sore eyes."
entered,کَرْڙو,"A shopkeeper's day-book or journal, the waste book in which items are first entered. or Slimy land marked with cattle tramps. A severe, or rough person."
sara,ڪانو,"The stalk of the plant sara ; a reed; a stalk of juari, bajri , &c. The beam of a pair of scales. A superficial measure. ( weaving ) A lease rod."
sara,ڪانيِ,"The top of the reed sara from the last knot upwards used for making baskets, &c.; a reed pen. The power to curse; a curse from which calamity follows. A thin round rod of silver or pewter with which antimony is applied to the eyes. The stalk or a straw of wheat, rice, &c. A procupine's quill."
margins,کائڻ,") Food, diet; messing charges. Grain injured by insects. Dross. Erosion by the rain. ( med ) Blepharitis, inflammation of the margins of the eyelids."
carrots,آهِريِ,A looking-glass. Pickled carrots
carrots,ڪُرْڪُٽيِ,A kind of pickled carrots.
carrots,گَجَرَ,) The green tops of carrots.
carrots,گاجريِ,A seller of carrots.
baskets,تِيليِ,"A thin stalk of wheat, reed, etc.; the stalks of the saccarum munja used for making baskets. A match."
baskets,ڦُڪِرو,"A caste who make brooms grass baskets, &c."
baskets,ڇِڪائيِ,A maker of such baskets.
baskets,ڪامَهو,A tree from the branches of which baskets are made.
baskets,ڪانيِ,"The top of the reed sara from the last knot upwards used for making baskets, &c.; a reed pen. The power to curse; a curse from which calamity follows. A thin round rod of silver or pewter with which antimony is applied to the eyes. The stalk or a straw of wheat, rice, &c. A procupine's quill."
relate,وَرْنَنُ ڪَرَڻُ,"To relate, describe, expatiate."
soak,آبوهﮡ,To soak (barley etc.)
soak,آڏارڻ,"To steep, soak (grain. &c., in hot water.)"
soak,ڀِڄائِڻ,"To wet; soak, steep, mash, (tea); soften (another's heart)."
soak,پُسائِڻُ,"To damp, soak, moisten; infuse."
soak,پُسَڻُ,"To soak, become wet."
soak,چُٺو,") To soak up, suck up, absorb."
suggest,شِدائڻ,"To insinuate, to suggest by remote allusion."
thoughts,اُرجهﮡ,"To apply the mind or thoughts. To be entangled, involved."
thoughts,چِتارَڻُ,"To inform, tell, report. To apply the mind, fix the thoughts or eye on any thing carefully, to study."
thoughts,ڪُمَتِ,"Bad thoughts, folly; bad advice."
thoughts,ڪمتيِ,One with evil thoughts or who gives bad advice.
thoughts,مَنُ,"The mind, thoughts; inclination."
inf,اُڌاڻو,Went away. inf
shaved,سِرُبَدْرِڪَرائِڻُ,To get the head shaved.
shaved,لارهائڻ,"To cause to come down, or take off. To cause to be shaved or cut (hair)."
shaved,مُنائِڻُ,To have shaved (one's hair).
shaved,وارَڎِيَڻُ,To have one's hair shaved as a sign of mourning ( Hind ).
herbs,ڀاڄيِ,"Vegetables, pot herbs. Food, sweets &c. distributed among relations, etc."
fired,ڇُٽِڪَڻُ,"To be fired, or go off (a gun); to get loose, or set off, run away (a horse, &c.); to rush with speed. To burst (into tears, a volley of abuse, etc.)."
fired,ڇُٽَڻُ,"To get loose, escape, become free, be disengaged; to be cured, heal; to be fired or discharged (a gun)."
fired,ڇُڙَڻُ,"To get loose, be fired or discharged, go off (fire-arms); semen emittere in congressu"
contracted,تَرْڪُ,"Abandoning, renunciation. Cleavage-a quality in diamonds etc. of splitting in certain directions. The contracted pupil of a cat's eye as it appears in the day. Breaking off in the middle."
contracted,ٽُنڊو,"or Maimed in the hands, contracted or with the body drawn up into a small space."
contracted,پيچيِ,Twisted or contracted (writing). A kind of ornamented turban.
contracted,چُرۇ,The palm of the hand contracted so as to hold water; what is held in a palm so drawn up.
contracted,ڏۇنڊِڙو,"or Contracted up, gathered up (as to limbs); crouching."
contracted,ڪرۇنڊڙو,"Contracted, or with body drawn up into a small space."
contracted,کُرْڎو,"One with a contracted or club foot; a donkey, &c., with feet turned in."
contracted,کرڎائڻ,To walk as one having a contracted or club foot.
contracted,گهۇماٽجڻ,"To be contracted, dried up; drepressed, lowspirited, care-worn."
contracted,لَپَ,The palm of the hand contracted to hold any thing; a handful.
contracted,موُڙهَ سوُڙهَ,"Lying with the hands and legs contracted all in a lump, contracted."
chips,ڀَوانيِ,Thin chips.
providing,پالِنا,"Providing, or caring for, bringing up."
providing,سَمَرُ,"Provisions for a journey, or money for providing them. Means, provisions."
providing,ميڙپائڻ,"To make a feast, each providing a part of the expense."
boiled,بَرٿو,Vegetables boiled and then bruised.
boiled,ڀَتُ,"Boiled rice (among Mahomedans). Porridge, gruel."
boiled,تَسْمَئَيِ,"A mess of boiled milk, rice, &c."
boiled,پَهَتِ,"Grain boiled in water and served up thin. The juice of the sugar-cane of the first boiling. Concord, reconciliation; pleasure, choice."
boiled,پيهيِ,Rice boiled and dried.
boiled,خُشْڦڪو,Rice boiled plain without seasoning.
boiled,دِمَ,n. pl Boiled
boiled,ديکِ,"A caldron, a metallic vessel for boiling things in, a boiler. A little boiled rice given as an offering or oblation to the river god."
boiled,ڌاڻيۇن,"n. pl Grain boiled, dried, and then parched. ( sing"
boiled,ڏَڌورَ,"Boiled unripe grain of juar, bajiri , etc."
boiled,رَجِهجَڻُ,To be oppressed with heat. To be boiled or stewed.
boiled,رَڌو,") To be boiled or stewed. To rot. To be inflamed, angry; to fret, fume."
boiled,قَلِيو,Boiled flesh or meat dressed with anything.
boiled,ڪَلْجُڳُ,Meat boiled with soup.
boiled,ڪيهَرُ,Grain boiled dry.
boiled,ڪُهَريِ,One who sells boiled grain.
boiled,کِجَڻُ,"To fret, be peevish or angry. To be boiled away in cooking."
boiled,کِچُ,A dish of boiled bajri
boiled,کِچِڻيِ,A dish made of pulse and rice boiled together; ( fig ) an easy matter.
boiled,گهُنگهِڻيِ,A small kind of beetle. Boiled munga What is left of the tail of a dumbo (sheep) after the unctuous matter has been extracted by cooking.
boiled,ميڙڻ,"v. a To sweep. To collect, gather together, accumulate. To cause to cover (a horse, etc.). To cause the dal &c., when being boiled, to mix properly with the water."
boiled,يَخِنيِ دارُپُلاهُ,pullah boiled in broth.
boiled,جوشيِ,Boiled. Strong.
coupled,ٻِثو,"Coupled, joined, paired, double."
coupled,ٻِيجَڙِ,"In couples, coupled."
coupled,سلهاڙيل,Coupled. Confined (to bed).
coupled,سَلَهڙُ,"or In pairs, coupled (cattle). A pair or couple of animals."
bones,ڀيِڎيِ,"The prominent extremity of a bone. The imperial, or tuft of hair on the lower lip. A game played with the knuckle bones of a sheep; also the bones."
bones,حُقو,"in which the tobacco & fire are placed. The knob on a shield, or the top of a sword handle, etc. The tuft of silk to which a spike is affixed for blowing through a hollow tube at birds, &c. A cautery. A written amulet. The menses. The bones and ashes of a dead body after burning."
bones,ڍنگريِ,"). A lean emaciated beast, one like a bag of bones."
bones,ڍۇنڍُ,A carcass; the skeleton or bones of an animal.
bones,سَنکہ,The bones of a Hindu as left after cremation.
bones,ڪنڊر,"Thorny, prickly. Bony, full of bones."
bones,گَنٺِيو,A disease in which the bones.
bones,گورِ,"Fair, white. A cannon ball. The kernel of a cocoanut, etc., the brain of a sheep, etc. A young camel up to his 2nd year. The bones and ashes left after burning a Hindu body. A European, a white person."
mach,چَڪرِيۇن,( mach ) Gearing.
steer,وَهُڙو,"A young bullock, steer. Wealthy, rich."
verified,ساڀيان,"Verified confirmed, true, correct. In truth or reality, in earnest."
verified,مُحَقَقُ,"Authenticated, verified; positive."
savings,بَچَت,Savings.
savings,پَسِمانِد,"Savings; remnants, dregs."
savings,ڪَٽيِ,Savings.
savings,ڪِٺيِ,"Earnings, savings, profit. Toil."
preaching,ڪَٿا,"Preaching, interpreting Scriptures."
preaching,مُناديِ,Proclamation by a town crier; public preaching.
preaching,وَعِظُ,Preaching.
preaching,وَعَظُ,Preaching.
preaching,پِرْچارُ,Preaching.
shoulders,ٻوکيِ,A method of tying a shawl or cloth round one's waist and shoulders.
shoulders,ٽِهاڻُ,"between the legs and fastened behind. A sheet worn over the shoulders, etc."
shoulders,پوتيِ,A cloth for wrapping over the hea and shoulders of a girl. ( Small
shoulders,چُنيِ,A spotted sheet over a woman's head and shoulders.
shoulders,حَمائلُ,A sword-belt hung from the shoulders; a small Quran suspended from the neck.
shoulders,جمائل ڪرڻ,"To sling across the shoulders (a gun, sword, etc.)."
shoulders,خانه بدوش,lit One's house on his shoulders; nomadic.
shoulders,ڌُسو,A fine woollen cloth work used as a mantle over the shoulders.
shoulders,ڏوتيِ,"etc., in front by crossing the ends and tucking them in. A cloth thrown loosely over the shoulders. A mode of wearing a loongi by throwing it over the shoulder and then bringing it round the waist."
shoulders,رَئو,A sheet of cloth worn over a woman's head and shoulders.
shoulders,سَل ڪرڻ,To carry a burden on the shoulders by means of a colstaff as is done by two persons.
shoulders,ڪلهوڏيڻ,To bear on one's shoulders; put one's shoulders to the wheel; carry a dead body.
shoulders,ڪَلَهنئِان,From the shoulders.
promises,اَنجاميِ ڪۇڙو,One breaking promises.
wrap,لَپيٽَڻُ,"To wrap up, to fold, close, clinch (a nail); to concatenate."
wrap,وَرائِڻُ,"To turn, to turn back, give back, cause to return. To close (a door). To reject. To enwrap, wrap, lap over or double (as the edge or cloth); surround."
wrap,ويڙهڻ,"To wrap up, fold, roll; encircle, surround, besiege, envelop, entwine."
bigger,سَجِهيِ,"More, greater, superior, bigger, better, dearer (in price)."
deaths,دَمَرُ,"and perform other offices in connection with the Brahmin at marriages, deaths, etc. A musician. fem"
im,اَڻَ,"A prefix answering to im-, in-, un-, etc."
im,ليئيءَپيئيء,"( homely ). In sickness, while one is ill. A negative affix answering to un, dis, im , &c. Pado A prohibitive particle affixed to the imperative of verbs, not."
clusters,ڇِڳارو,"Growing in clusters, etc., tufted."
apparently,ظاهراً,Apparently; as far as appearances go.
packs,هَڙَڇُڙَ,"The picking packs, thieving."
tasting,کير واتريِ,A ceremony of tasting milk after mourning ( Up. S ).
resting,آسري جيِ جاءِ,A resting place. !
resting,مُقامُ,"A graveyard, cemetery. A resting place, a stage on a journey, a halt."
resting,مڙه مقام,A resting place.
resting,وِهْرو,A resting place; rest.
tapped,ڪُنيرو,An instrument used to support the inside of a pot when being tapped into shape by the potter.
musicians,ڏۇمُ,A caste of wandering musicians.
musicians,رَبابيِ,"A player on one; a class of Mah. musicians who attend Sikh temples, funerals, etc."
musicians,طائِفو,A band of dancing girls and musicians.
kos,ڪوهُ,"A kos , about two miles. pro ( indic ) or What? Why? ( L.S )."
kos,ڳاهۇ,A kos (2 miles.)
kos,مَيْلُ,"A mile, half a kos"
sold,اَگهامڻ,"To be sold, disposed of (in marriage); to be successful, come to profit, succeed."
sold,اَگهائجڻ,To be sold.
sold,گُتو,"A contract; a shop where intoxicants are sold; an ale-house, grogshop."
sold,مردن جومال,"Effects of the deceased, generally sold cheap; hence, a cheap bargain.etc."
sold,وِڪاڻو,"To be sold, brought to sale."
sold,وڪجڻ,To be sold.
sold,وَکَرُ,Goods sold by small dealers; wares. ( dim
fruits,ڏاليِ,A present of fruit or vegetables; a number of fruits which the purchaser of the fruit of a garden gives to the owner. Sweetmeats made in the shape of fruit.
fruits,نَئَي وَٽَ,") First fruits, or fruits and other articles of food the earliest of the season. The miraculous power attributed to some fakirs Moistening, moisture. ("
feeling,اوسُ,Great thirst; oppressive feeling of heat.
feeling,ڀاءُ,"Love, affection, regard, feeling. Courtesy. Meaning, import. Spirit (as in"
feeling,تاءُ,"Heat, passion, excitement, strong feeling."
feeling,ڦُٽِڪَڻُ,To weep with a suppressed feeling.
feeling,چِڻِگَ,"A spark; small live coal; a burning feeling (in making water, placing down a sleeping limb, &c.); a pang."
feeling,چيتن,"In possession of one's senses, awake, rational. Sensation, feeling; a sentient being, soul spirit; the Divine essence ( Hind. phil )."
feeling,حِسِ,"Feeling, sense."
feeling,بيِ حس,Without feeling.
feeling,گهيرو,"Surrounding; a siege, blockade; circumference, girth. ( geom ) A circle. A feeling of sickness or inclination to vomit, nausea."
feeling,مَناڙَ,"Shampooing. The preparing clothes for steaming before washing. Feeling, ascertaining by feel. Fatlings."
feeling,مناڙڻ,"To shampoo. To prepare clothes for steaming before washing. To feel (a goat), ascertain by feeling."
feeling,ڏه ننگ,"Ten articles. Honour, sense of social honor, high feeling."
feeling,هُرْْکِرُ,"Anxiety, constant feeling of some care on the mind; bustle."
ebony,آبنوُس,Ebony.
chopped,ڏاڪَرِ,Chopped straw with which cattle are fed.
chopped,ڪُتِرِ,Chopped straw or grass; the chopping such into small pieces.
chopped,ڪُلْفَتَ,Chopped meat made up in balls.
chopped,ڳوئِٿُ,"A smash of bran, chopped straw, &c., given to cattle."
everyday,ساڌارَڻُ,"Common, everyday; middling, fair."
acts,ڇِڍُ,"The acts of, or annoyance caused by an evil spirit; a troublesome child."
acts,حلاليِ,One who acts honestly or performs faithful service; legitimate.
acts,ڏنگُہ,"A bend crook, curve; deviation from truth, opposition, crooked ways or acts."
acts,سنجائتو,"Tidy, neat, one who acts with propriety. With all apparatus; complete."
acts,سُهاجو,"Who acts well, of good disposition, well conducted or behaved, obedient."
acts,غرضائتو,or One who acts in an interested manner with a view to interest or advantage. غَرضائيِ، غَرضائۇ
acts,فَعْلُ,"Acts, deeds. Fornication, adultery. ( gram ) A verb."
acts,ڪِرْتُ,"Acts, actions. Made, written, composed."
acts,کُنجو,"Deceitful, one who acts with duplicity."
acts,مزاجي,"Of obstinate or flighty disposition, who acts without attending to others, proud. Fastidious."
stroll,گُهُمڻُ,") A stroll, ramble."
stroll,گهمڻ ڦرڻ گهتڻ,To stroll about.
knocked,ڏڪڙ,"A painted club used in pairs and knocked together for music A round pointed stick used in ornamental ceilings, etc.("
knocked,سِڌو,"To be acquired, gained, obtained. To become softened in cooking, be seethed; to be pained (as in suffering); to be knocked up. To seethe."
sounded,وڄڻ,"To sound, be sounded; to strike (as an hour)."
vomiting,اُلِٽڻ,"Vomiting, vomit."
vomiting,اوڪارو,"Vomiting, retching."
vomiting,رت جيِ اُلٽيِ,"Vomiting of blood, hæmatemesis."
vomiting,قَئي,"Vomiting, puking."
vomiting,مُنهَن ڦُلَ,Vomiting.
vomiting,منهن کار,Vomiting.
vomiting,واتَوارو,Emetic causing vomiting.
longer,نيکامُ,"A path, or water-channel no longer in use."
warren,گۇندو,"The corners of a cloth tied by a knot so as to form a bag in which are put the heads of grains in reaping, &c. A warren, a place for keeping fish in a river. A joint, socket (of the knee, etc.)."
paired,ٻِثو,"Coupled, joined, paired, double."
ect,سٺائتو,"or Opportune, ect."
pertaining,باصِريِِ,Of or pertaining to onion. An onion seller.
pertaining,چاهی,Pertaining to a well; cultivated on well-water.
pertaining,چنڊاڻو,Of or pertaining to a wretch (
pertaining,ڌرمشٽ,"See ڌرميِ . ڌرماتما Pertaining to religion; virtuous, religious, just, charitable."
pertaining,ڏوڌڪو,"Of, or pertaining to a milk-seller."
pertaining,ڏينهونڪو,"Of, or pertaining to the day, or current day; prepared on the day just past (food, etc)."
pertaining,راڪِسيِ,"Of, or pertaining to a demon, etc."
pertaining,سپاهڪو,"Of, or pertaining to a soldier, military. سِپاهِگيِريِ،سپاهگريِ"
pertaining,سڌاڻو,Pertaining to a holy man. Miraculous.
pertaining,شۇماڻو,"Of, or pertaining to a miser; miserly."
pertaining,ڪاسائڪي,Of or pertaining to a kasai
pertaining,ڪُنڀارڪو,"Of, or pertaining to a potter."
pertaining,لاڀائتو,"or Of, or pertaining to interest, usurious, usuriously. Profitable, advantageous."
pertaining,مِرۇن,") Of, or pertaining to a wild animal."
pertaining,وِهانِئتو,"Hymeneal, pertaining to marriage."
pertaining,هۇڙاڻو,"Of, or pertaining to an impetuous or rash person."
pertaining,اَنَڀئی,"Knowledge. Pertaining to, or filled with knowledge."
weaving,اُڻاَوتَ,"Weaving, texture."
weaving,اُڻاڻيِ,Cost of weaving.
weaving,اوڄَ,"Weaving, texture."
weaving,تُرائيِ,( Weaving ) The iron handle for turning the beam of a loom.
weaving,ٺوڪَڻُ,"To knock, hammer; drive (a nail); to sound (timber). ( Weaving ) To close (cloth)."
weaving,پوٿو,"A lump of rags used in smearing a room with earth, cowdung, &c. Besmearing, plastering. A cloth in which opium moistened in water has been absorbed and from which it is again expressed as required. ( Weaving ) A brush for wetting the piece of a warp which is being woven."
weaving,ڦيلهيِ,A kind of earthen cup ( weaving ). A dish for bobbins.
weaving,چۇنڊڪرڻ,(in weaving ) To design.
weaving,ڌَڙِ,( Jewelry ) Girdle. ( Weaving
weaving,ساراڻا,n. pl Pieces of cane passing between the threads of the warp in a loom in weaving.
weaving,ڪامِڙو,( weaving ) A lease rod.
weaving,ڪانو,"The stalk of the plant sara ; a reed; a stalk of juari, bajri , &c. The beam of a pair of scales. A superficial measure. ( weaving ) A lease rod."
weaving,ڪُلهيڙو,( weaving ) A sizing brush for dressing
weaving,ڪوڙِ,Pegs fixed in the ground in two rows on which the thread is passed backwards and forwards in preparing the warp for weaving.
weaving,ڳَنڍَڻُ,"To connect, fasten together, join: compose (verses, &c.) ; stitch (shoes, &c.) ; to piece (in weaving)."
weaving,ڳَنڍِڻيِ,"Joining, connecting; patching or stitching shoes, &c., cobbling. ( in weaving ) Piecing."
weaving,گهُنڊيِ,"A frown. The seed shoot in the head of a grain plant. A curl in the hair, a ringlet. A knot of thread left in cloth in weaving, a tangle. Dissimulation. Jibbing, balking (of an animal)."
weaving,مِيانڊيِ,( weaving ) The sticks connecting the two bars of a lathe.
weaving,مِيٽو,"To rub out, wash out, erase, cancel, efface, obliterate; to remove (pain, etc.) To piece (in weaving ). To rub metu over a board for writing"
weaving,ميل ڪرائڻ,weaving To close or cover cloth.
weaving,وِرْڇَڻُ,"To divide, distribute, apportion, share. (In weaving ) To design."
weaving,ورڇڻي,Dividing. Designing (in weaving
weaving,باسِڪارِيۇن,( weaving ) Lease-rods.
stuffed,ٻُثجَڻُ,To be stuffed (as the nose in a cold); to be closed and silent (the mouth); to be choked up (as the ears).
stuffed,ٿَڙيِ,A stuffed pad underneath a camel's saddle. A small terrace.
stuffed,پَڪوڙو,Pastry stuffed with pease meal.
stuffed,ڌَٻَرُ,A quilt stuffed with old clothes.
stuffed,رَليِ,"A quilt or coverlet stuffed with old clothes, &c."
ironic,پﯘزُ,"Idolatrous worship; adoration. ( ironic ) Beating, cudgeling."
ironic,خبروٺڻ,To watch; inquire; support; ( ironic ) to serve one out.
struck,بالو,An upper room. The impression or stamp with which coins are struck.
struck,حَيْرَتَجَڻُ,To be struck with astonishment.
struck,زَدو,"Ashamed, abashed. (In comp ) Struck, smitten, afflicted, as"
struck,ڪانارِيو,Struck by an arrow.
struck,کاڻو,") To burn, be envious. To be struck, hit, (spoken in children's play). ( past part"
struck,لڳواُٿڙيو,"No sooner struck than rebounded, said when an admonition does not produce an effect"
addressing,اُڻيتا لِيهَ,inter O ! used in calling or addressing; ho ! pro (
addressing,ٻَڙيِ,O ! friend (woman) ! (used by women in addressing).
addressing,ڙيِ,used in addressing or calling inferiors) O! Hollo!
addressing,لَئَو,A term of affection used in addressing a female. A female friend or equal. ( L. S ). See
addressing,مائيِ,Mother; a respectful title in addressing a woman. The small-pox.
addressing,هييارِ,"Now. inter O! ho! (used in addressing the deity or any sacred person). Or, either."
vessels,بَجِگَرُ,"A maker of heads for drums, leathern oil vessels, etc."
vessels,ڪُتَنِ جي چَٺِ,Very unclean (said of vessels).
vessels,دَٻو,") One who makes leathern oil vessels, heads for drums, &c."
wipe,اُگَهڻُ,To wipe.
wipe,ميسارَڻُ,"To wipe out, wash out, rub out. To rub metu over a board for writing."
travel,ڏِساسۇلُ,The direction in which it is deemed unlucky to travel on particular days.
travel,ڪَجائو,"A camel's pannier, a camel's litter in which females travel; also donkeys' dossers for carrying mud."
depending,ٺينگيمَڙْديِ,"Depending on one's self, self-reliance; independence, smartness."
depending,ڄِڀَ,The tongue; a long depending hump on a bullock.
depending,ڄِڀِرُ,"Large tongued, what puts out its tongue; having a long depending hump."
depending,سندُسِ,"Of him, of that very person; or if depending on a fem , noun"
pictures,مايا,"( Hind. phil ) The delusive appearance of external objects which are in fact nothing but pictures of the mind; idealism, illusion, idle fancy, deception; the works of nature, nature; natural phenomena; power of God. Riches, wealth."
consequences,آڳوپيڇوڳڻڻ,To weigh consequences.
consequences,گل ڪرڻ,To extinguish (a light). To lead to (ill) consequences; reveal ugly facts.
sons,ٽِڪَڙِ,A daughter born after three sons.
sons,سَندَءِ,"Thy own (sons, etc.)."
sons,کُنڀُ,The fireplace or kiln over which washermen steam clothes in preparing them for the wash. The 13th day of the waning moon in the month of Jethu on which the Khudawadi Hindu women perform certain worship for the welfare of their sons.
remember,تَنوارَڻُ,"To emit a sound, warble, chirp, cry (as a partridge, etc.); to call with a loud voice; to abuse, slander. To remember. To fan (a fire)."
remember,سارَڻُ,"To count, reckon, calculate. To compare by laying together; to examine (examination papers). To remember."
remember,سُجَهڻُ,"To seem, appear, to be seen, be presumed; recollect, remember, know of."
remember,سُمَرَڻُ,To remember; call on God. To count the beads of a rosary.
remember,سنڀارڻ,"To remember, recollect. To watch, guard, look after, take care of. To reckon, count."
remember,سنڀالڻ,"To take care of, nurture, guard, watch. To check, control; to manage (a firm, etc.); to assort (clothes as a washerman does). To be seized with the pains of labour. To come to one's senses, recover, revive from a faint of sickness, come to the age of discretion. To beware, reform, amend. To remember, call to mind."
remember,کُکَڻ,"To strike the memory slightly, to remember faintly."
remember,هَرْڻيِ,"To strike the mind, remember faintly. ("
praise,اُسِتتِ,"Praise, divine praise."
praise,اوراڻو,Singing in praise of Devi before a child attacked with small-pox; a lullaby.
praise,ڀَڄَڻُ,"To sing, praise, worship, say prayers."
praise,تَعَريفَ,"Praise, laudation."
praise,ثَنا,"Praise, laudation."
praise,پَنجِڙو,A kind of verse in praise of the river god.
praise,حَمْدُ,"Praise, thanksgiving."
praise,ڍُڪُ ڀَرَڻُ,To sip. To endure patiently. To praise. To take sugar and ghee (after a fall).
praise,ساراهَ,"Applause, praise, applauding."
praise,ساراهڻ,"To praise, applaud, commend laud."
praise,سانوَلُ,"Swarthy; title for Krishna, and also for, or in praise of, lovers."
praise,سُبْحانُ اَللَّه,inter Praise be to God! Good gracious! Bravo!
praise,سَراهَڻُ,"To praise, applaud, commend."
praise,سَلاهَڻُ,"To praise, commend. To close and put up in cloths the Granth"
praise,سوڀَ,Victory. Praise.
praise,شابَسِ,"inter Bravo! well-done! Praise, commendation."
praise,صِفَتَ,Praise; quality.
praise,صَلاحَ,"Counsel, advice, consultation. Rectitude. Praise, applauding. The frontage of a mosque."
praise,لاڎو,A bridegroom. Songs in praise of a bridegroom sung at a wedding.
praise,مَدَحَ,"Praise, laudation."
praise,مَوْلا,Poetry chanted before the bier of a deceased person. A song in praise of Muhammad.
praise,مَهِما,"Praise, laudation, glory. مِهْمانُ، مَهْمانُ"
praise,نِعَتَ,Praise (of Mahomed).
praise,وارَڻُ,") Offering in sacrifice, devoting. Taking up the room or place of another. Turn, tour, time. A song in praise of any one."
praise,واکاڻَ,"Praise, eulogy."
praise,واکائَڻس,"To praise, applaud."
praise,پڳڙيِ وڌائڻ,"To take off a turban. To magnify, praise, extol."
tricky,چالاڪُ,"Active, clever, smart, dexterous; tricky, artful"
tricky,ڇَٽيلو,"or An artful dodger, tricky."
cheats,خريبيِ,"One who cheats, etc."
cheats,گِدِيارُ,One who cheats in play.
cheats,لَٻَڙَچَٽو,"A prattler of idle tales, an idle talker and one who cheats by flattering tales."
curious,سۇنجهڻو,"Curious, prying, inquisitive."
tears,آب ديدد,"In tears, tearful."
tears,اَرتو,"A yellow colour, a red dye. ( poetic ) Blood, hot tears. Red."
tears,ڇُٽِڪَڻُ,"To be fired, or go off (a gun); to get loose, or set off, run away (a horse, &c.); to rush with speed. To burst (into tears, a volley of abuse, etc.)."
tears,دل ڀرجڻ,To be moved with tears.
tears,رُئَڻَهارِڪو,"Tearful, in tears."
tears,ڳاڙڻ,To shed tears.
tears,ڳوڙهاڳاڙڻ,To shed tears.
tears,مُهاڇِڙو,"A child born after the death of a child of the same parents, is considered to be always nervous and timorous, and is thus called. Easily affected to tears, liable to cry, lachrymose."
tears,وَهائِڻُ,"To cause to flow, to run, effuse; to drive (a pen); to dash off (an article, etc.); to shed (tears). To make one work or labour hard, to fag."
tears,هنجۇن هارڻ,To shed tears.
tears,هِنئاءُ ڀرجيِ اَچڻ,To be moved to tears.
asu,دَسشهَڙو,The tenth day of Asu shukl paksh on which the Hindus worship the kandi
asu,نَوْراتو,A Hindu festival twice a year for 9 nights during Asu and Chetu
conducted,سُپيرو,"or One who brings luck, well conducted, in a good manner."
conducted,سُهاجو,"Who acts well, of good disposition, well conducted or behaved, obedient."
woo,ڇِڪَڻُ,"To pull, haul, strain; to smoke (a pipe); to dun, importune; to challenge. To distil. ( law ) To sue. To woo."
pinnacle,اَڻيِ,A pinnacle; selfishness.
pinnacle,ڪَلِسُ,"The spire or ornament on the top of a dome, &c.; a pinnacle."
pinnacle,ڪُنگِرو,A niched battlement of a fort; a pinnacle.
pinnacle,نِيلَ,"A pinnacle or small spire placed on the corners of a mosque, &c., generally of glazed earthenware."
suppose,ڪَرَ,"or Would that, if, suppose that, as if, like, resembling. An expletive particle. Knowledge, news."
suppose,مانون,"or Grant, suppose, as if."
splits,ڦوٽِرُ,That which cracks or splits.
tend,اَهلڻ,"To lean to one side, lop; recline; tend."
tend,تاتِپَذيیرُ,"See تاتَڻُ .طاعِتِپذَيِرُ To nurse, cherish, tend, take care of."
tend,ٽَهورَڻُ,"To watch, tend, look after."
tend,ليٽڻ,"To lie down, recline; slope, or be sloping. To roll on the ground, trundle; to lean, incline, tend, tumble over and over or wallow, whirl round (as any thing thrown up in the air, a tumbling pigeon, &c.); slide down, lean over, upset; flow over or rise (as the river) till it overflows. A tumbler pigeon."
monies,جَمَعَ,"The credit side of an account; total, aggregate, monies collected; capital. Collected in a body. ( gram ) Plural (number)."
monies,جَمَعيِ,One who collects or has charge of Government stores or monies. A body of persons (as fishermen) under charge of any headman.
sound,اَروﮖ,"Sound, healthy."
sound,اَروﮘا ئيِ,"Sound health, freedom from sickness."
sound,(اَگهوريِ),"or Deep, sound (sleep), pitch dark (night), frightful, awful."
sound,آواز,"A sound, noise, voice."
sound,بُڙْڪَڻُ,"To bubble, to sound from bubbling (as a"
sound,بي عَيْبُ,"or Faultless, sound, spotless."
sound,ٻُثَڻُ,"To stuff the nose; to muffle, or deaden the sound."
sound,ٻُچِڪارَ,"The sound caused by drawing in the air between closed lips, as done in playing with infants, calling or stopping cattle, etc."
sound,ٻُرَڻُ,"To ring or emit a ringing sound (as a plate, &c.) To shout, yell, din. To drip (as ghee , etc)"
sound,ٻوڙو,"Deaf; having a hollow or dead sound, mute. A dip; a penful of ink."
sound,ڀان ڀان ڪَرَڻُ,To be empty; to sound hollow.
sound,ڀَڀَڪَ,The sound of a blazing fire.
sound,ڀَڙْڪو,"Blaze, the sound of blazing. Fluttering (of any thing in the wind)."
sound,ڀُڻڪو,"A low, buzzing sound, a whisper, a word."
sound,تانگَهڻُ,"To fathom, sound; to wade through; to search."
sound,تَنْدُرُسْت,"Healthy, sound in body."
sound,تَنوارَڻُ,"To emit a sound, warble, chirp, cry (as a partridge, etc.); to call with a loud voice; to abuse, slander. To remember. To fan (a fire)."
sound,تَنوارَ,"The chirping or music of birds, warbling, the sound of a voice. A gentle breeze. The flutter (of a fan); a touch (of fever)."
sound,ٿَڦِ ٿَڦِ,Patting; the sound of patting.
sound,ٽيِن ٽيِن,Sound of a fart. Idle foolish chattering.
sound,ٺَڙْ ڪاءُ,"A rattling sound or that o knocking, clangor."
sound,ٺَڙْڪائِڻُ,"To knock, make a noise by knocking, etc,. to rap; to sound an earthen pot or a wooden plank."
sound,ٺُڙ ڪڻُ,"To rattle, to give sound from knocking; to sound hollow, &c. &c."
sound,ٺُڙْڪو,The sound of a knock or rap; a pattering noise.
sound,ٺَڪاٺُڪيِ ٺۇڪيِ,"The sound of musketry, or a succession of hard knocks' or mutual reprisals; clangor, din."
sound,ٺوڪَڻُ,"To knock, hammer; drive (a nail); to sound (timber). ( Weaving ) To close (cloth)."
sound,پَرْلاءُ,"An echo, reverberation of sound sound, voice."
sound,پوپَٽي هَڻَڻُ,To emit a certain sound from the lips in performing a dance.
sound,ڦَڙْڦَڙِ,"The sound of boiling water, of the flapping of a flag, or the rustling of paper, &c.; chattering boasting, blustering."
sound,ڦَهَ,"A pop, a quick sharp sound."
sound,ڦَهَڪاءُ,A slapping sound.
sound,ڦَهَ ڦَهَ,"Beating, striking; the sound of a slap or blow (in quick succession), a shower (of abuse); a thud."
sound,جهانئيِ,"Noise, sound, voice."
sound,چَٻِڪو,The sound made in chewing.
sound,چَٽِڪاٽُ,The sharp sound of a blow. &c.
sound,چَٽِڪارو,The sound of cutting or tearing any thing quickly.
sound,چُچِڪارڻ,To call a cat or dog by emitting a sound by pressing the tip of the tongue against the palate.
sound,چَرْٻمِ,Sound made in eating.
sound,چيِچاٽُ,A creaking sound.
sound,چيِڪاٽُ,"Creaking; the sound made by elephants, a harsh grunting noise."
sound,چيِنگهاٽُ,A creaking sound.
sound,ڇُلِڪَڻُ,To sound (as shaken water); ripple.
sound,ڇَڻاٽُ,A hissing or twanging sound; clanging.
sound,ڇڻڪاٽ,A rattling or jingling sound.
sound,ڇوجو ڇوتہ,Because. The hissing sound made by dhobies while dashing clothes.
sound,ڇۇنڇاٽَ,A hissing sound. ripple of water.
sound,ڇيِ,"n. inter Fie, tush, pooh, tut. The sound for calling cattle to water."
sound,ڇيڄُ,"A jarring, a discordant sound."
sound,ڌَپَرُ,"An alarm, or a warning sound; See"
sound,ڌَڪاءُ,"A thump, the report of a cannon the sound of violent stamping or thumping. Fright, fear."
sound,ڌُنِ,"(Sound), Air, tune; keynote. leading note. Any absorbing thought, deep contemplation; diligence, zeal."
sound,ڌَوْن ڌَوْن,The sound of bellows at the time of blowing; the throbbing (of the temples).
sound,رِمِ جهِمِ,"Drizzle! drizzle! Continual drizzling; the sound of a light shower. Merriment, pleasure, joy."
sound,رُڻِ جُهڻِ,"A sweet sound. Pleasant conversation, chit chat."
sound,سالِمُ,"Whole, sound, safe, perfect, i good condition."
sound,سِڌِ,"Accomplished, perfected, sanctified, holy; sound, valid; right, true."
sound,سَرْرِ,"The sound of fireworks, &c."
sound,سَڙْڪو,"A noise, a din, a loud sound."
sound,سُکوپَتِ,"Sound sleep, deep sleep. سُکِياڻيِ، سُکِيو، سُکيِ See under"
sound,سَلِيمُ,"Mild, affable; sound, healthy, right."
sound,سُمَتيِ,Sound sense or judgment.
sound,سَنکُہ,A conch which Hindus sound at certain ceremonies. Ten billions. Miserly.
sound,سنئون سنواٽو,"Straight, not crooked: sane, of sound mind."
sound,سۇسِراٽُ,"A whiz, any rushing noise of wind, of a flock of birds or of fireworks; a hissing sound as of cold water thrown on hot iron. A twinge of pain."
sound,شَبْدُ,A sound; a word; the Logos ( Nanakpanthi ) A hymn.
sound,صحيح سالم-سلامت,"or Safe, safely, safe and sound."
sound,صَدا,"Sound, voice, echo. Mendicant's cry."
sound,ڪَرْڪَرَ,The crackling or grating of any thing in the teeth when eating. The peculiar sound of an arrow when discharged.
sound,ڪَرَلُ,Sound.
sound,ڪَڙْڪَڙِ,Sound.
sound,ڪَڙلاءُ,"Sound, voice."
sound,ڪَڙو,"Fiery, hot (as pepper). Bitter. Harsh (sound). A chain or iron hasp to fasten a door, &c.; a ring, a button hole or loop for a button. An iron instrument for burnishing with. The lug of (a jug)."
sound,ڪُڙه ڪُڙه,The sound by which fowls are driven off.
sound,ڪنوڪڍڻ,To sound (a person).
sound,ڪۇرِڪۇرِ,inter The sound by which a dog is called.
sound,ڪوڪو,"A small kind of nail, a tack. pro Some. inter The sound by which a crow is called."
sound,ڪۇڪۇ,inter The sound by which a dog is called.
sound,کَڙاکَڙيِ,"Sound, strong."
sound,کَڙْڪاٽُ,"The sound emitted by one thing striking another; rattling, pattering."
sound,کَڙْڪائڻ,"To knock, sound."
sound,کڙڪڻ,"To rattle, patter, rap, knock at a door; to sound."
sound,کَڳيِ,A dance in which the head is moved and a strange sound produced from the mouth.
sound,کَلَ,"To open, be opened; be unravelled, be untied or unfastened; to be let loose; to be removed (obstacles); to be cut or opened (a passage, line, etc.); to be disclosed, get wind; be exposed or betrayed; to be clear; to mellow (as sound); to brighten, shine; to look well, become; to begin, commence; to be set up."
sound,کِريِ,"The mett in a male fish. A girl who is still a maiden. The sound used in calling a cat. The ovary of a she-goat, etc."
sound,سره گانيِٴ,"A crowd, or sound issuing from one. A vane. or Any thing of great size or extent; immense, prodigious, vast; thick (a forest)."
sound,گُڙْڪو,A rumbling sound.
sound,گَڙْْگَڙِ,"The sound made in washing the throat, gargling; guggling."
sound,گَهَرو,"Thick, dense, close, approaching solidity; sound (as sleep), deep (as colour). abs. n"
sound,ڳالهاءُ,"Talk, sound of speaking."
sound,ڳِٽْڪارَ,The sound for inviting an animal to approach.
sound,ڳٽڪارڻ,To emit the sound for etc.
sound,ڳُٽْڪَڻُ,To emit a guggling sound from the throat; to coo as a dove. (
sound,گهرڙگهرڙ,"The sound of grinding, grating, gride."
sound,گهَڙو,"To ring, jingle, emit a sound (a bell)."
sound,گهڙڪو,A bell; the sound of a bell.
sound,گهَڻْڪارَ,"The sound of a ball, ringing, tinkling."
sound,گهِڻْگِهڻِ,"Sound of a bell, ding-dong."
sound,گهورُ,A tambourine that gives a fine sound. The rumbling noise of wind in the stomach.
sound,لاتِ,"Mimicking, imitating of voice or sound; the noise, or singing of a bird, &c."
sound,لَڪْلَڪِ,"Lapping, or the sound of lapping."
sound,لَلْڪارَ,"Melody, sweet sound."
sound,لوڙو,"Noisy chatter, confusion, tumult; sound of singing."
sound,لَوَڻُ,"To emit a sound (a bird), chiefly referring to omens; to chatter."
sound,مارمار,The sound of heating. Hot haste.
sound,ماشا ڀيڙڻ,"fig ) To press hard, to give a sound thrashing."
sound,مَدُّ,"The name of the diacritical mark (ّ) placed over alif thus to lengthen its sound. A sign, mark."
sound,مُسَلَّمُ,"Entire, whole, sound; sound; accepted."
sound,مين,"In, among, between, during. The sound made by a goat."
sound,نادُ,"A large kind of water vessel. A buffalo horn used as trumpet. Sound, roar. A conch shell."
sound,ناد,— the sound of incantations repeated in his ear on his adoption.
sound,نِدا,Sound; ( gram See under
sound,نَرُ,"A male; man; a title of respect. Masculine, male. In a pair of kettle-drums that which gives the bass or deep sound."
sound,نِروڳو,"Healthy, well, in good health, sound."
sound,وَڄائِڻُ,"To cause to sound, to play (a musical instrument); to strike. To wield swords, &c., in fight."
sound,وڄڻ,"To sound, be sounded; to strike (as an hour)."
sound,وَڳَڻُ,"To sound, emit a sound, to strike; to come in contact; to fight. To work, go for a task ("
sound,هُشْڪارڻ,To urge on. To give the sound for a camel to sit down.
sound,هۇنگَرَ,"The uttering the sound hun , the sign of attention or listening; a hem; a noise, esp of much talk."
sound,هۇنگارڻ,To give a grunt or sound of assent. To make a noise.
sound,هۇءِ,"Beauty, pride. A plaintive sound, voice. Remembrance. There."
sound,هيِ,"pron This, he, it. inter The sound by which animals are driven. Grief, lamentation. pron He, it, this."
sound,اَرَن,"A continued sound (as of a millstone, etc.)."
sound,آلابُ,"Sound, cry."
sound,اَنُمانُ,"That is ever sounding, eternal (sound)."
sound,ٻِرْڪَ,A sound.
sound,تۇکَٽا,inter An imitative word for the sound of hawking & spitting. Tush! pooh!
sound,ٽَڪورَڻُ,The sound of a drum; a tap.
sound,رِمِ جِهمِ,A pleasing sound.
liquids,ٿَريِ,"The film rising on the surface of liquids, as cream, etc. a. See under"
liquids,ماڻي,Measure for liquids.
liquids,مُبِرو,A large measure for liquids. ( dim
habits,اَرکانَ,"n. pl Pillars; manners, habits, traits; symptoms."
habits,ڀيتِ,"Habits, ways."
habits,راڄۇڻائيِ,The customs and habits of one's family and relations.
habits,رَهَتِ,"Manners, habits."
habits,سُنِيتو,or With good manners or habits; becomingly.
habits,حرف علت,See under علتيِ .حرف Of bad habits.
habits,گَتِ,"Condition, plight, predicament; habits, ways. Funeral rites; salvation. Tune, air (in music). Knowledge, information."
stopped,اَٽڪﮡ,"To be stopped, checked; to hesitate, falter; be caught, fastened."
sweetheart,پَپَنُ پِريِ,"A darling, sweetheart. cuckoo."
sweetheart,پِريِ,"or Beloved, dear; a sweetheart."
sweetheart,پِرِيتَمُ,"Dearest, most beloved. A friend, sweetheart."
sweetheart,پِئيِ,) A father. A sweetheart.
sweetheart,جانِ,"Life, spirit, soul. A sweetheart."
sweetheart,جانِبُ,"One beloved, a sweetheart, lover."
sweetheart,دلبر,"Heart-ravishing, lovely. A sweetheart."
sweetheart,دلدار,or Charming; a sweetheart.
sweetheart,ڍولِيو,"A darling, fondling, sweetheart, friend."
sweetheart,رانجهۇ,"The Punjabi Leander , the lover of Hir; an esti mable person, sweetheart."
sweetheart,راوَلُ,A sweetheart.
sweetheart,ساجَنُ,"A lover, sweetheart."
sweetheart,سُپِريِ,"A lover, sweetheart."
sweetheart,سَڄَڻُ,"A friend, a lover, one beloved, sweetheart; a well-wisher. سڄڻائيِ،"
sweetheart,سۇنهَڻُ,"To befit, become. To appear beautiful. A handsome person, a lover, sweetheart."
sweetheart,صَنَمُ,"An idol. ( poet ) Mistress, sweetheart."
sweetheart,گلبۇءِ,Sweet scent. A sweetheart.
sweetheart,لالَنُ,"A fondling, darling, dear, a sweetheart."
sweetheart,مارۇ,"A lover, sweetheart. Name of a sweet smelling grass. The noise made on the death of a relative or other mournful occasion. Name of a musical mode."
sweetheart,مِٺِڙو,"A sweetheart, a lover. A kind of ornament."
sweetheart,مِٺَلُ,"A darling, fondling, sweetheart,"
sweetheart,مُحُبُّ,"A sweetheart, a person loved, also a lover."
sweetheart,مَحَبۇبُ,"A lover, a sweetheart."
sweetheart,مَعْشوُقُ,"A loved object, mistress, sweetheart."
sweetheart,ڌِيِرُ,"A comforter, sweetheart."
sweetheart,من ميليِ,"Heart-attracting, pleasing. A friend, sweetheart."
sweetheart,موهَنُ,"One whe fascinates; sweetheart. An epithet of Krishna. a Fascinating, charming, captivating."
sweetheart,نازِنِين,A slim delicate woman; a belle ; a sweetheart.
believers,اُمَتَ,The body of believers or followers.
believers,رامانَنديِ,"A sect of Hind. faqirs , followers of Ramanand ; believers in Rama"
courtyard,آڳَنڌُ,The courtyard in front of a house.
courtyard,اَڱَڻُ,The courtyard in front of a house.
courtyard,اَيْوانُ,A courtyard.
courtyard,صَحَنُ,A courtyard.
approaching,ڇٽڙو,"Thin, diluted, not approaching solidity or density; washy, watery, weak."
approaching,سرتي,"On one's head; at hand, approaching."
approaching,گرگ شڪار,"Stalking, a method of hunting by concealing oneself behind a camel, &c., and so approaching the animal to be shot."
approaching,گَهَرو,"Thick, dense, close, approaching solidity; sound (as sleep), deep (as colour). abs. n"
approaching,گهاٽو,"Dense, thick, approaching solidity, close; stout and of firm flesh; deep in colour; strong as liquor."
approaching,وارُ,"Coming, approaching."
watches,کُڎِڻو,"The stand in a hunting preserve from which the sportsman watches the approach of animals, and fires, a butt. A miniature house, animal, boal, etc., made for Hindu children during Divali"
fed,ڏاڪَرِ,Chopped straw with which cattle are fed.
fed,مَنَ سَلْويٰ,Manna and quails with which the Israelites were fed in the wilderness.
fed,وَرِکُہ,The anniversary day of a Hindu's death when Brahmins are fed.
th,آنَڪَ,A weight representing 1/16th of a seer ; one anna piece.
th,اوٿاڙو,A Hindu ceremony of purification performed on the 12th day after the death of any one. A nightmare.
th,ايڪادَسيِ,The 11th day of the new and full moon kept as a fast by Hindus.
th,بَراتِ,A suit at cards. The 14th day of the month
th,بسنت پَنجَنئَن,A Hindu festival on the 5th day after the new moon in the month of
th,ٻارِسَ,12th day of the lunar fortnight.
th,ٻَنَٻَِڌِڙِيِ,A Hindu fast following on the 12th of
th,گيارس,falling on the 11th of
th,تُلسِيۇن,"The 7th, 8th & 9th, or 8th, 9th & 10th of"
th,تولو,1/80th of a seer.
th,تيَرسِ,The 13th day of the lunar fortnight.
th,ٿَڌِڙيِ,7th and 21st of
th,ٽاپوُن,The 6th quadrangular space in the game of
th,ٽوئيِ,"A small dry measure, 1/16th of a ٽويو.ٽويو A dry measure = ¼ of a"
th,پِتْراپَکُہ,The 3rd & 4th quarter of the moon in
th,پَوڙيِ,A flight of steps; a ladder; th bridge-board (of a boat). A verse in poetry.
th,ڦَڳُڻُ,The 12th Hindu month (Feb.-March).
th,جَمادي اَلاَْوَلِ,The 5th Mah. month.
th,جَماديِ اُلْثّانيِ,The 6th Mah. month.
th,جَنْماٺَنِئن,The 8th day of the dark half of
th,چائُٿو,The 4th day after a death on which certain obsequies are performed; the rites then performed.
th,چِٽَڻُ,The hot close days in which grain ripens. Name of the 14th mansion of the moon— Spica Virginis
th,چوڎَِهِين,The 14th day of the lunar fortnight.
th,ڇاڙِڪيِ,"A long measure, the 4th part of a cubit."
th,ڇَٽانڪُ,"The 16th part of a seer, two ounces."
th,ڇَٺِ,The 6th day of the lunar fortnight.
th,ڇَٺيِ,"A horoscope; name-giving ceremony on the 6th day after a child's birth ( Hind ), on the 8th day ( Mah )."
th,ڇنڊو,"A sprinkle. ( fig ) Spattering, defaming. A ceremony by Hindus on 11th, 21st and 40th day after small-pox breaks out on a person."
th,دَمِڙيِ,"Sixteen cowries, ⅛th of a pice or tola"
th,دَوْڪُ,A camel after it cuts its first pair of teeth in its 5th year. A horse in the 3rd year of its age.
th,ڏاندِڙو,A clay bull worshipped by Hindus on the 7th of
th,ڏَسائو,The 10th day after a death; certain funeral rites performed on that day.
th,ڏَسَنِئن,The 10th day of the lunar fortnight
th,ڏورو,"Braid (a fabric). The string of a kite, &c. The fleshy part of the upper arm. ⅛th of an inch. A purse."
th,ڏَهاڪو,About ten. The number ten. The 10th day after a death; the ceremonies performed on that day.
th,ذميبرداريِ,Risk responsibility. See under ذُواَلْحَجُ . ذيِ The 12th month.
th,ذۇاَلْقَعْدُ,The 11th month (Mah).
th,رام نوميِ,The 9th day of the light fortnight in
th,رِبِيعُ اَلْفّانيِ,The 4th month ( Mah ).
th,رَجِبُ,The 7th month ( Mah
th,نماز,The 16 th part of a
th,زمين دوز,Flat on th ground.
th,ساتانو,Seven kinds of grain sown together in a pot in a house by women on the 12th of the dark fortnight in Sawan and plucked up and thrown into the river on the first of Bado for good fortune (Hind.).
th,سانوَڻُ,The 5th Hindumonth (July-August).
th,سَتَهِن,The 7th day of the lunar fortnight.
th,سَرْجُ,"One of the 7 musical modes, the 4th note of the Hindu gamut."
th,سَرَءُ,"The 4th of the 6 seasons, (Asu-Kati). Autumn."
th,سۇتُ,1/16th. of an inch. Soul. A tenet.
th,سيجَهہ,"A bed, couch. The perambulation of the taboot on the 10th day of the Mohurrum , or of a bridegroom in the marriage ceremony."
th,شاهيِ,"A blackguard, rascal, scoundrel. The 8th part of a rupee. Solvency. A kind of silk cloth."
th,شب بُرات,The 14th of
th,شَعَبانُ,The 8th month ( Mah ).
th,شَوالُ,The 10th month ( Mah ).
th,شيِنهن سَتَهنِ,The 7th day after the new moon in the month Bado kept as a festival.
th,عَصُرُ,"Time, age; the 4th watch of the day; the afternoon namaz"
th,ڪارِهِين,The 11th night of the lunar month kept as a Mah festival in honour of Peer Moideen Abdool Qadur Gylanee
th,صَغِيرُ,The name of a famous Hindu reformer who flourished about the close of the 15th century.
th,ڪَتَڻُ,"The 8th Hindu month, (October-November). Autumn; the autumn crop."
th,ڪِرْشِنُ,"Dark, black. Krishna, the 10th incarnation of Vishnu, the Apollo of the Hindus."
th,ڪَرْمُ,"An act, work; religious observances, any act of piety, as sacrifices, marriage ceremonies, funeral obsequies, esp. on the 10th day after a person's death ( Hind ). ( gram ) The object. Fate, destiny. The forehead."
th,ڪرڻيگور,"The Brahmin who performs this ceremony, on the feeding whom on the 11th day the house become pure ( Hind )."
th,ڪُلا,"A digit, or 16th part of the moon's diameter, phase. Brightness; intelligence. Art, trick. Miraculous power."
th,ڪِلِڪِلِ,The 4th or the iron age ( Hind ); said also of an ill-fated person.
th,ڪَلْڪيِ,The 10th incarnation of Vishnu which is to come.
th,کَسِرو,Obsequies on the 3rd and 10th day after a death.
th,کُنڀُ,The fireplace or kiln over which washermen steam clothes in preparing them for the wash. The 13th day of the waning moon in the month of Jethu on which the Khudawadi Hindu women perform certain worship for the welfare of their sons.
th,گُڎَ,"Pounding, thumping. Hoeing. Th kneebone."
th,گوپَ اَشْٽِميِ,The 8th of Kartik shukl-paksh on which day garlands are suspended from the necks of cows.
th,گِيارِسِِ,The 11th day after each new and full moon kept by Hindus as a fast.
th,لَيْلَتِ اَلْقَدُرِ,The night of power observed on the 27th of Ramzan when the Quran is said to have descended from heaven.
th,ماسيِ,"A weight equal to 1/12th of a tola , or 7½ rattis"
th,مانگهُہ,The 11th Hindu month (Jan-Feb.).
th,مَڌَمُ,"The 4th, or middle note of the gamut. See"
th,مَعْصوُمُ,"Innocent, guileless, simple. A child till its 7th or 8th year."
th,منگلاچوٿ,A fast kept on the 4th day of the waning moon when that falls on a Monday.
th,مۇلُ,"Root, origin, principle, foundation, basis. Stock, capital. Original text, text (of a book, opp to comment). The 24, or the 17th or 19th lunar asterism, containing 11 stars, considered unlucky."
th,نانئِن,The 9th of the lunar fortnight.
th,ناهَريِ,The 9th Hind month (Nov.—Dec.
th,نائِڪُ,A leader. A menial officer superior to a peon; ( police ) a 4th grade head constable; ( mil ) a corporal.
th,نَحْلُ,The bee—the title of the 16th chapter of the Quran
th,نَرْسِنگهُہ,The 4th avatar of Vishnu— half man and half lion. نَرْڪُ، نَرَڪُ
th,نِکادُ,The 7th or highest note of the gamut.
th,نوميِ,The 9th day of a lunar fortnight.
th,نيوَچُ,"A cake of wheaten flour, &c., eaten cold by Hindus on the 7th day of the waning moon in the month Sawanu"
th,واوَنا,A fast kept on the 12th of the waning moon in Bado
th,ويسُئو,The 20th part of a bigah
th,هاسيِ,"Laughter, joking. Fear ( Ver. 5th Book)."
th,هِجِريِ,The flight of Mahomed to Medina; the Mah era from 15th July 622 A.D.
th,يارهِين,The 11th night of the lunar month kept as a festival in honour of Abdul Qadur Gylani.
th,اَحْقافُ,The sand hill (title of the 46th chap. of the Quran
th,اَنْفال,"Spoils (title of the 8th chap, of the Quran"
th,سَواتِ,"The star Arcturus, the 15th mansion of the moon."
dies,اَنتِڪالو,"Gram, etc., taken out just before a Hindu dies, to be given to a Brahmin."
mas,ڄَڻو,"A person, individual ( mas"
mas,ساڍا,nom. plu. mas (
mas,ساڍَنِ,"plu. mas in obl , and"
mas,سوٽُ,"mas. a Dried up, dry and hard; hard through dryness; taut, stiff; experienced. abs. n"
mas,کارُ,( mas ) (
stamped,پَچَڻُ,"Ripe, mature; cooked (food); baked (bricks); suppurated (a boil); firm, strong; built of stone, or baked brick (a house); authenticated, stamped (a paper); certain, sure; fast (colour); shrewd, clever, sharp, wary; expert; consummate (a thief); frugal; full (weight), final (an account). The ripe fruit of"
stamped,ڦُليِ,A flower stamped or embroidered on cloth. A wooden stamp for marking a pattern. A rotton spot on a fruit. Efflorescence (of salt).
opinions,بي ننڊائيِ,"Shameless, regardless of the opinions of others. ("
designs,زَهَرُ,"Poison, venom; malevolence, evil designs."
billiard,ڪَتيِ,( Billiard ) Canon.
shrubs,وَڻُ ٽِڻُ,"Trees, shrubs, etc."
watching,ٽَهورَ,"Watching, etc."
watching,ٽيٽَ,"Protection; an inkling. Watching, spying out."
watching,جاڳَرْتِ,"Waking, watching, vigilance."
watching,چارالَڻُ,"To spy out, discover by scouting or watching privily."
watching,چَوْنڪي,"A guard, watch, watching. The reading the Sikh scriptures. A stool, bench, chair. A station."
watching,چيٺَ,"A plaster for a sore. Care, watching, cherishing, attention."
watching,رکائڻ,"caus of رکاڻيِ . رکڻ The expense of watching, keeping, etc."
watching,سجهائتو,"or Opportune, opportunely, watching an opportunity."
watching,سَنڀارَ,"Remembrance, recollection, Watching, keeping in mind, care."
watching,سنڀال,"Watching, taking care, guarding"
watching,سَهيڙَ,"Carefulness, watching, vigilance."
watching,مِيٽَ,"Closing, contracting, covering, concealing. Watching, looking after."
watching,نِگاهَ,"A look, glance, sight, view; observation, watching, looking after. Lustre, splendour."
watching,نگهبانيِ,Watching.
watching,نِهارَ,"Looking at, looking for, viewing, staring, watching."
watching,واهيِ,"). Watching, guarding; the pay for watching."
au,ٻَڪُہ,Au embrace; embracing.
curtain,پَرْدو,"A curtain, screen, cover, veil; secrecy, privacy; modesty."
curtain,درپردو,A door curtain.
curtain,ڪيِباڙو,A door; curtain; deceit.
curtain,مڇرداني,A mosquito curtain.
curtain,مَهاری,A mosquito curtain.
understand,ٻُجُهہ,") To understand, comprehend; to think on, ponder on. ( past part"
understand,ٻِيث پَوَڻُ,"To realise, understand."
understand,پَتَڻُ,"A ferry; ferriage. A small quantity of grain, etc. left as ferry-hire for the departed soul in carrying a Hindu corpse, or given by Mahomedans to faqirs at the grave. To cause to believe, be reconciled or appeased; to nurse or quiet (a baby). To understand."
understand,پُرْڌو,"). To understand, comprehend. ( abs. n"
understand,پَرُوڙَڻُ,"To understand, to investigate."
understand,ساڱاهڻ,"v. n To care, take care, understand, regard, attend, beware, be cautious."
understand,سُرْجَهڻُ,"To understand, comprehend"
understand,سمجهہ,"To understand, perceive. To be disentangled. To retaliate, be even with one."
understand,سهي ڪرڻ,"To understand, know, make out."
understand,لَڪُہ,") To ascertain, acquire knowledge of, find out, understand. n. See"
understand,اُجَهڻُ,"To understand, as"
flamingo,لاکيڄاڃيِ,The flamingo (a bird).
tie,بيٺِ ٻُنڌَڻ,To gird the loins; tie on a girdle.
tie,ٻُثَ ٻَڌَڻُ,"To tie a cloth round the head and ears to keep off cold, etc."
tie,ٻَجهاءُ,"Bond, fastening, tie, stopping."
tie,ٻَڌو,"). To tie, bind, fasten, confine; bind (a book); to pack up; to congeal; to shut out, check; form (a row, etc); to found, build, erect, throw across (a bridge); fix or assess; lay (a wager); put on (weapons); make up (a total)."
tie,پِڇوڙِڪيِ-پَڇوڙِڪيِ ٻَڌَڻُ,"To tie the hands behind the back, to pinion."
tie,پَڳَ ٻَڌَڻُ,"To tie on the turban of honor, etc."
tie,ڏاوڻ ڏائڻ,To tie the thumb and the big toe of a bridegroom together with twine. ( fig ) To begin afresh.
tie,ڍنگڻ,To tie a cow etc.
tie,سانگهارَڻُ,To tie up cattle for feeding.
tie,سَنڌِرو,The tie of the waistcloth.
tie,قائزوڪرڻ,"To tie up a horse's head by passing the bridle to his tail to prevent his biting, etc. while being groomed."
tie,ڪانب ڪڍڻ,To tie the kamba
tie,ڪنيِ ٻڌڻ,To tie a fillet to the ear of a paper kite.
tie,ڪَڻِٽَ,The tie of the waistcloth round. the waistr
tie,ڪَهيِ,"A tie, string for tying, a riband, tape."
tie,ڳَنڍُ,"A joint, seam, place of connection of any two things; tie of friendship, &c., union."
tie,ڳَنڍِ,"A knot, tie; the bulb of an onion; a lump on the skin, &c., a tumour; a bundle. ڳَنڍِ ، ڳَنڍِڇوڙُ"
tie,لَئَڻُ,"To tie up or fasten (a horse, &c)."
tie,مُشْڪين ٻَنڌَڻُ,"To tie the arms behind the back, to pinion."
tie,نقابوڪڍڻ,To tie the above cloth etc.
tie,واڳڻ,"To tie a boat to the shore, tie up a horse, &c.; to connect with a string (as one camel tied behind another); to halter, to tether"
tie,ونگڻ,To tie the hind legs of a cow for milking.
tie,وَنگَہ,To tie.
preparing,پاهُ,A substance dissolved in water in which cloth is steeped in preparing it for dyeing. A kind of
preparing,ڇوڏيِ,"The bark of the Babul tree used in preparing spirits, and in tanning. The peel of the pomegranate. Mugil dussumieri —a marine fish; small fry."
preparing,زَڪاتَ,"The preparing for the applying an incantation by austerities &c. Alms, a fixed percentage of income given in alms. Customs duty."
preparing,ساڌِنا,"Practice; worship, devotion; the preparing a charm or incantation by austerities, &c., for some days before making use of it."
preparing,سانباهي,"Preparing for a journey, &c., preparation."
preparing,ڪوڙِ,Pegs fixed in the ground in two rows on which the thread is passed backwards and forwards in preparing the warp for weaving.
preparing,کُنڀُ,The fireplace or kiln over which washermen steam clothes in preparing them for the wash. The 13th day of the waning moon in the month of Jethu on which the Khudawadi Hindu women perform certain worship for the welfare of their sons.
preparing,لِمَڻُ,"To stretch and yawn lazily, loll, to roll along asleep when walking. To rub tobacco in the palms of the hands, preparing it for the pipe."
preparing,مَناڙَ,"Shampooing. The preparing clothes for steaming before washing. Feeling, ascertaining by feel. Fatlings."
tal,ڊِگهُہ,Tal (in contempt).
pays,کريِ آساميِ,One who pays cash; a good paymaster; a credible person.
pays,ڎانيِ,One who pays
sweep,ٻُهارَڻُ,To sweep.
sweep,جهاڙۇڏئڻ,To sweep.
sweep,ڍيِچَڪُ,"A swape, or sweep."
sweep,رَڇُ,"A vessel or utensil for cooking or holding food, &c. A sweep net. The harness of a loom."
sweep,سورَڻُ,"To move, put from one place to another, remove, to raise (the wick of a lamp). To sweep. (Shah)."
sweep,ڪَکَہ ڪَپِرِيۇن ميڙَڻُ,"To sweep up straws. and rags, i. e be mad or silly."
sweep,مُهاڙو,The sweep (of a scythe).
sweep,ميڙڻ,"v. a To sweep. To collect, gather together, accumulate. To cause to cover (a horse, etc.). To cause the dal &c., when being boiled, to mix properly with the water."
observing,اُهاڙُ,Observing of traces; ( mil ) reconnoissance.
observing,ڀيدِواديِ,One observing distinctions; a sectarian.
wander,اُجهڙڻ,To wander in the sun.
wander,آجهڙڻ,"To wander about idly, saunter; be lost, ruined."
wander,اُسڙکڻ,To be wearied with waiting for. To wander or toil in the sun.
wander,ڀَثْڪَڻُ,"To go astray, wander idly or aimlessly."
wander,ڀَرْمِجَڻُ,"To wander, roam, stray. To be suspicious, or apprehensive. To be misled or deceived."
wander,ڀَمَڻُ,To wander about uselessly.
wander,ڀَِِنوَڻُ,"To stray, wander about. To go round in a circle."
wander,ڀُڻَڻُ,"To wander about, roam."
wander,ڀَوَهَٿيِڪو,To wander about looking for something.
wander,ڀَوڻو,"To wander, roam."
wander,ٽُلْڪَڻُ,To shake; bob up and down (on rough water); to wander.
wander,ٽُلِڪائِڻُ,"To cause to shake, or wander away. To evade, shirk, putt off"
wander,پَنجاڪَڇَڻُ,To wander aimlessly.
wander,پيرُڪَڍڻُ,"To retrace footsteps, to evade. To wander, roam about."
wander,جَهنگُ جَهڙَڻُ,To beat the same bush (in hunting); to wander about uselessly.
wander,چڪرَکائڻ,To wander about.
wander,ڇِرَڻُ,"To wander, roam."
wander,ڇيرَڻُ,To cause to wander or roam.
wander,دربدرٿيڻ,To wander from door to door.
wander,ڏُلَڻُ,To wander vainly; be distracted or unsettled; be wretched.
wander,ڏورَڻُ,"To wander about looking for any thing; to search for, seek."
wander,ڍيلَڻُ,"To wander over. To give up, neglect."
wander,رُلَڻُ,"To wander about in search of any thing fruitlessly, ramble; be miserable; to stray. ( caus"
wander,رَمَڻُ,"To go, range, move about, wander; to have sexual connection with; to dwell in, pervade."
wander,گهُمَڻُ,"To wander, ramble; take a walk; turn, revolve, To see, visit (places)."
wander,گهڻاگهرگهمڻ,To wander from house to house.
wander,لُٽْڪَڻُ,"To wander, move about; be dissipated, ruined."
wander,وَتَڻُ,"To wander, to turn."
wander,وَڙْڪَڻُ,To wander from place to place; to nibble.
weaker,نِجُهَرڻُ,"To nod from drowsiness. To droop, get weaker and weaker."
oct,اَسۇ,The seventh Hindu month—(Sept — Oct.)
courage,جُراَتَ,"Bravery, courage."
courage,جِگَرُ,"The liver, vitals; kernel, core; a son, dear; one's own relations or friends; courage, spirit."
courage,ڇاتيِ,"The breast, chest; boldness, courage."
courage,ڌوتيِ ڇوڙڻ,To lose courage.
courage,ڍڍرڍراٿيڻ,To lose courage.
courage,راستيِ,"chastity, virtue; conjugal fidelity; essence, sap; power, strength; courage."
courage,سَتَڻُ,To enter upon or be employed in any matter zealously. To take courage or heart.
courage,سَتِيا,"Courage, spirit, energy, resolution. Honesty."
courage,ستيا منڊڻ,"To take courage, attempt, take heart. ("
courage,هِمَتَ,"Spirit, resolution, courage, bravery; energy."
courage,همت ڪرڻ,To take heart or courage.
courage,همت هارڻ,To lose one's courage.
courage,همتائڻ,"To give courage, encourage. همتوان ، همت ڀريو"
pulses,ڪيوَٽيِ,A kind of earring worn by men. Two or three kinds of pulses mixed together.
herpes,تَپَ ڦِلۇڻو,"Herpes—an eruption on lips, etc. after fever."
herpes,ڏَڍُ,"Ringworm, herpes, tetter, fetter."
recognised,سُڃاپَڻُ,To be recognised.
voc,هۇءَ,"pron She. pron He, it, that. inter ( voc ) O!"
excited,تاءُاَچَڻُ,"To be inflamed, or excited, to feel strongly."
excited,چۇنگَ,"A stab, poke, spur. Reproach by which one is excited to a quarrel. Eating slowly."
excited,گَرَمُ,"Warm, hot; passionate, excited; brisk (trade)."
excited,متو,") To increase, to fatten; to rise to full strength, or give forth full flavour, &c.; to be flourishing, in full swing, etc. To be fermented. To be kindled properly (fire); be excited, be produced (a quarrel, &c)."
wreck,ڪونچ جاٽڪرا,"Wreck, the ruins of a ship."
credited,پيِتو,") To be drunk. To be credited, etc."
credited,ڪاٽُنئون,"Spoken of interest, when it is entered on the money credited or debited in the accounts of both parties. A kind of salve applied to sore eyes."
orig,مانجهان,inter ( Orig a term of abuse). An exclamation of surprise.
orig,هِندۇ,"( orig A black Arabian, Indian, or Ethiopian) A Hindu."
continually,بَرابَرِ,"or Even, level, plain, abreast, in a row; equal, alike; exact, right, correct; complete; straight; entirely, continually, unintermitting, regularly, exactly."
continually,ٻارهوئيِ,"Always, ever, continually."
continually,پَتوڙڻ,"To toss about. To cause to labour hard, to fag. To harp continually (on a matter). ("
continually,ڪُنڀَڪَرَڻَ واريِ نِنڊَ,"Long sleep, (being an allusion to Kunbhakaran, the brother of Ravan, who is said to sleep for six months continually)."
continually,گَهڙيِ,"An hour, a space of twenty-four minutes; a timepiece, watch. Bezel, the place in a ring in which a jewel is set. Also See گهڙيِٴگَهڙيِٴ .گَهڙِ Constantly, continually, repeatedly."
continually,نِتُ,"( indic ) Eternal. Always, continually, eternally, constantly."
continually,وَريِ وَري,"Constantly, continually, often, repeatedly, over and over again."
continually,ويراويرِ,"Constantly, continually, with continuance."
continually,هَرَهَرَ,"Constantly, continually, repeatedly."
continually,هڪ ڌاڙو,"Remittent (fever). Continually, unintermittedly."
continually,هَميشَهَ,"Always, ever, continually."
leaves,ٺوٺو,"Withered and without leaves, old and hard."
leaves,پاتَلَ,A place or trencher formed of leaves.
leaves,پالُ,"A small tent; an awning. Layers of straw, leaves, etc. in which unripe mangoes, etc. are ripened."
leaves,پاندُرُ,"The leaves of the sugar-cane, juari bajri"
leaves,پَٽَهَہ,Leaves of a cotton-pod.
leaves,پَليِ,The leaves of
leaves,پَنِرُ,Having leaves; leafy.
leaves,پَنِهَيَرَولِ,A parasitical plant (leaves and branches used as a cooling medicine).
leaves,جوار,and such like plants when first appearing above the ground and shewing leaves. Efflorescence (of salt).
leaves,ڀَنگَ,(from which a draught is afterwards made) or of leaves of certain plants (prepared for an application). The upper skin of a cane or reed. A piece of paper rolled up for making fireworks with. The float (of an angling rod).
leaves,ڦِس,The leaves of
leaves,جُز,A sheet of paper doubled up into leaves in forming a book.
leaves,ڇاڻَڻُ,"To strain, filter; sift; to investigate, scan. To pluck out or off, to shake down (fruit from a tree); to shed its leaves (as a tree)."
leaves,ڇَٻو,"A loose open basket made of date leaves, &c. ( dim"
leaves,ڇڻڪَڻو,A rattle. A fly flapper made of date leaves.
leaves,ڇَهُ,Dried leaves and stalks falling to the ground.
leaves,رُڪو,Dry (leaves or trees).
leaves,روڙَڻُ,To strip off (as leaves).
leaves,ساٿَرَ,Origanoid —its leaves used medicinally.
leaves,سائي ڀاڄيِ,"Vegetables, leaves, greens, pot-herbs."
leaves,سَنچيِ,A division of a book consisting generally of eight leaves.
leaves,سون مَڪائيِ,"Senna leaves, cassia."
leaves,سُهانجِڙو,"The horse-radish tree— hyperanthera moringa The legumes, blossoms and leaves are esculent."
leaves,ڪانَولَ,The leaves of the kailperu
leaves,ڪُت,"A small light coloured kind of a gnat or mosquito; a sand fly. ( bot ) Pubes, hair on leaves."
leaves,ڪوهيِ ڀَنگَ,"n. Hyoscyamus insanus , whose leaves are smoked to produce intoxication."
leaves,ڪيرو,"Small grains amongst wheat, &c., taken out in cleaning. Spotted fruit (of a garden). Fall of leaves; autumn. See"
leaves,کَلْڦورُ,n. Seddera latifolia —its leaves and stalks are used medicinally.
leaves,گَرْڦو,"A plant, the leaves of which are suspended in a bag round the neck to cure a cold."
leaves,گوشو,"A corner; a hermit's cell, retirement. The shooting out of fresh leaves or branches. A cluster of dates, plantains, etc. The horn or knob at the end of a bow. The notch of the butt-end of an arrow."
leaves,مانجهاندِڙيِ,Egyptian sesbania—its seeds and leaves used in medicine.
leaves,مَرَهو,The leaves and stalks of a plant used in medicine.
leaves,مورِجَڻُ,") The giving forth fresh leaves (a tree); the fresh springing up of a tree or plant after being cut down. Plants of tamarisk, &c., sprung up in a body on a plain. A fresh water fish."
leaves,مورَ,") To give forth fresh leaves or foliage (a tree), to shoot up again after having been cut down; to shoot out (as leaves or foliage), sprout, vegetate."
leaves,ناڙو,"The waist string of a pair of drawers. The rope by which the yoke is fastened to the plough. The naval string, umbilical cord. A water plant the leaves of which are used as food."
leaves,نِنڀو,The leaves of a plant used in washing.
leaves,نَوْدُ,"Felt. Stupid, as is the intellect of one who remembers not what he hears or learns (as a needle stuck in felt and withdrawn leaves no hole)."
leaves,وصاليِ,"Making up, pasting and repairing the leaves of a book previous to rebinding."
leaves,دونو,"Leaves folded in the form of a cup for sweatmeats, etc."
costly,گهڻ خرچو,"or Costly; sumptuous, sumptuously; extravagant."
costly,مَهَنگو,"Dear, costly."
bars,ريجو,A mould for forming bars of metals.
bars,مِيانڊيِ,( weaving ) The sticks connecting the two bars of a lathe.
bars,تَرَهوٽِ,The bottom bars of the yoke of a plough.
bars,ڎَنڊُ,( gymnastics ) Pressing between bars.
bars,ڪَرَهو,The top bars of the yoke of a plough.
heavens,اُﭛ,"The heavens, sky."
heavens,آسمانُ,"The sky, heavens."
heavens,اَنْبَرُ,The heavens.
heavens,رامُ رامُ,inter Good heavens !
wheels,چَرْخِشُماريِ,Counting the Persian wheels; rambling.
wheels,ڪنگريِ,An oval shaped earthen pot fixed on Persian wheels for raising water. The kingfisher (a bird).
wheels,مُجيرو,A headman of those who use Persian wheels to irrigate their lands.
flowers,بَسَنْتُ,The spring; the vernal equinox. The flowers of
flowers,بڪارِڻِ,A woman who sells flowers.
flowers,ٽيڙَڻُ,"To hang, suspend. To cause to open or blow (flowers); to stretch out or extend (one's legs, nostrils, etc.)"
flowers,ڦُلارِڻِ,A woman who sells flowers.
flowers,چَپاڪَليِ,"A necklace, each piece of which resembles the unblown flowers of the"
flowers,چَڙْسُ,"The resinous exudation of the flowers of bhang , cannabin."
flowers,چَمَنُ,A bed of flowers in a garden; a flower garden.
flowers,ڇِڳُو,"A bunch of flowers, keys, stars, etc., a flock (of birds); a tuft."
flowers,ڇنو,") To pluck (fruit, flowers, &c.). To snap or break by plucking (a rope); to break (friendship, a match etc.,) to detatch; to separate."
flowers,ڌانئِڦۇلُ,Grislea tomentosa (buds or flowers used in dyeing.)
flowers,ڏۇنڊِ,"The stalk of flowers, fruit, &c.; the nipple of a dug."
flowers,ڪِرْڙُ,n. Capparis aphylla —leafless caper-bush. Its flowers
flowers,ڪۇڻيِ,A water-lily— nymphœa pudescens ; also its flowers. Its root tubers are lorhu Name of a grass. Name of a marine fish.
flowers,ڪيِمِخوابُ,"Silk worked with gold and silver flowers; brocade, tissue."
flowers,گيِهولِ,A creeper with red flowers.
conferred,راءِ بهادر,A title conferred by Government on Indian gentlemen.
gains,ٻِيگهيِ,"Gains coming in from two quarters, a capital opportunity."
gains,چالِيهو,"Quarantine, or a forty days' abstinence or separation kept by women after childbirth, and by persons after an attack of small-pox, &c. A forty days' fast. The fortieth part of one's gains given as a tithe or charity. Forty days of great heat or cold. And forty or with forty ( e.g"
gains,شِشيِ قَمِريِ,"Solar and lunar) ( colloq ) Fraudulent or dishonest gains; peculation, bribes."
rightly,دُرُسُ,"or Right, proper, just; correct, rightly, etc."
rightly,رَءِ,"or Right, correct, rightly. Deduction, for the chaff in rice allowed to the cleaner of it."
prophets,اَنْبِيا,Prophets.
containing,آرتيِ,Adoration of God or gods in which the worshippers stand with a platter containing a burning lamp with several wicks.
containing,باداميِ,"An almond. Almond-coloured; almond-shaped, almond-like; containing almonds."
containing,ٻِجارو,"or Seedy, containing seed."
containing,تيِليو,"Containing oil, oil-coloured."
containing,ٽِمَٹو,Containing three maunds.
containing,پَنِرُ,n. Puneeria coagulans A decoction of various drugs containing
containing,پَنگو,"Thin, weak, washy (hemp liquor). Blade of a date-tree containing dates."
containing,رامائِڻُ,"An epic Sanskrit poem by Valmiki ; also a Hindi poem by Tulsidas , containing the story of Rama"
containing,روڳائتو,"or Sick, sickly, unhealthy. Containing pus (as a sore)."
containing,سيرڪُ,Containing a seer.
containing,لَوْنگيِ,"Containing cloves, having the taste of cloves."
containing,ماڻُ,"مانائِتو .ماڻو Respectable, dignified, honourable, containing respect, respectful. Honourably, respectfully."
containing,مُتو,"Short and stout, fat, podgy, dumpy. A kind of short gun. A link, a torch of rags rolled together. A kind of yarn containing 20 hanks."
containing,ٻِمَڻو,Containing two maunds).
containing,مۇلُ,"Root, origin, principle, foundation, basis. Stock, capital. Original text, text (of a book, opp to comment). The 24, or the 17th or 19th lunar asterism, containing 11 stars, considered unlucky."
containing,مَئيِ,"A brush or scrub for cleaning with, a malkin. A tuft of grass for setting any thing on fire, or for stopping up the mouth of any vessel containing liquid."
containing,وِکُہ,") Containing poison; poisonous, venomous."
borne,اڻ ڪَڄُہ,"That cannot be lifted or borne, unwieldy."
borne,پُٺارَڪَ,A load borne on the back.
borne,سَهَندو,Endurable; being able to be borne.
borne,کاهيِ,"A ditch, fosse, trench, moat. A kind of double sack for carrying grain, etc., borne across a bullock's back."
borne,گرجو,A kind of gum borne on a camel.
opposed,پِتي واروُ,Sensitive of honor ( opposed to
opposed,ڪيِ,"A little, a particle, a few, some, something. Or. An interrogative expletive. That which is done, as opposed to"
opposed,وِرُڌِ,"Contrary, opposed, against."
roads,ڦَڪُروٽِيَڻُ,"To settle(as weather, roads, etc.)."
roads,چؤواٽو,A cross-road; a junction of four roads.
roads,وائکوٿيڻ,To settle (as roads).
colors,چِٽَ چِٽَ,Variegation of colors.
colors,چِٽاڻو,"Variegation of colors, arabesque; a picture gallery."
colors,چِٽِڪاري,Painting in divers colors.
colors,چؤرنگ,(Of four colors). Of various qualities
colors,دۇرَنگو,"Of two colors, piebald; hypocritical."
colors,وَهَڻُ,"To flow; run (a sore). To work (as a knife). To run (as colors in washing). To labour, work hard, fag, toil. To leak. To go ( Thar Dist ). A hamlet, village. A river or sea. A boat."
gen,چاندِني,"A white cotton coverlet with colored, gen red borders and made up of two short breadth cloths. Name of a bird."
earring,پَنِڙو,A kind of an earring. A small leaf.
earring,دُرُ,An earring worn on the lobe of the ear. A pearl.
earring,ڏيڍيِ,"A kind of earring or ear ornament. An antechamber, porch, gate-house; the wall forming a screen to the doorway to the women's apartments; a zenana, harem. The door and adjoining rooms for door keepers."
earring,ڪُنڍَلُ,A kind of earring hung in the lobe of the ear.
earring,ڪيوَٽيِ,A kind of earring worn by men. Two or three kinds of pulses mixed together.
earring,لُڙْڪو,"A tear. Name of a kind of ear ornament or earring. The piece of loose skin hanging from the throat of a goat, &c. daughter."
earring,مَڃَرُ,A kind of earring. The blossom of the
earring,مَڇِليِ,"A drop made of a flat piece of metal suspended in an earring, &c. See under"
earring,مُدْرا,A kind of earring worn by Jogis
earring,مُرْڪيِ,A kind of earring.
earring,وَٽو,"A kind of metal bowl or cup for drinking from ( Mah ). A weight for weighing with. A piece of string put in a hole bored in the ear, or nose to keep it open for an earring, etc. ( com ) Discount on a hundi ; premium; difference in exchange."
earring,وينڍيِ,A kind of finger ring. A species of earring. ( L.S ).
receives,پاتِڻيِ,A ferryman; a ferry boat. A faqir at a graveyard who receives an offering for each corpse buried.
receives,ڇاندائيِ,A Fakir who receives a share in any contribution.
receives,روزدار,"One who receives daily pay, a journeyman."
receives,ورتيِ,A Brahmin who has a certain set of followers and receives regular dues.
receives,وِرْتِيسَرُ,A Brahmin who receives regular dues.
generations,ٽِپِيڙهِيو,"From, or upto three generations."
repairing,جوڙَجَڪَ,"Arrangement. Repair, repairing."
repairing,داغدوزيِ,"Patching up or repairing a building, clothes, &c."
repairing,مَرامَتَ,"Mending, repairing."
repairing,مَرْمَتَ,"Repairing, mending."
repairing,وصاليِ,"Making up, pasting and repairing the leaves of a book previous to rebinding."
glazing,ڪاشيِ,"Glazing put on earthenware, glaze."
converse,گُلْقَندُ,A converse of roses.
converse,واڪَڻُ,"To talk, converse."
occupied,رُڌو,") To be engaged busy, busily engaged, occupied. To set to work, engage in."
occupied,رنڀيو,") To be engaged, busy, busily engaged. To set to work, engage in. To be occupied."
breaking,اَنجاميِ ڪۇڙو,One breaking promises.
breaking,ڀَاڃِ,"A breaking, turning; a crease."
breaking,ڀَڃُگَهڙِ,"Breaking up and remaking; adding and deducting; prudence, sense."
breaking,تَرْڪُ,"Abandoning, renunciation. Cleavage-a quality in diamonds etc. of splitting in certain directions. The contracted pupil of a cat's eye as it appears in the day. Breaking off in the middle."
breaking,ٽوڙَڦوڙَ,Breaking.
breaking,ڊاٺِ,"The breaking down, or bursting of a building or bank."
breaking,ڊاهَ,"See ڊاهَ پاهَ . ڊاٺِ The breaking down and building up, erasing and replacing."
breaking,ڊۇنڊۇن,"Farting, breaking wind."
breaking,سانئِرُ,A harrow or instrument for breaking clods
breaking,شِڪنيِ,"(In comp )Breaking, as"
breaking,گوز,"The noise of breaking wind, a fart."
wake,اوجاڳَ,"The remaining awake, vigil, wake."
wake,چيتَڻُ,"To beware, mind; to wake, recover from a faint; to amend, reform."
wake,لالانگهريِ لڳڻ,To follow in the wake of.
wake,لَڙِه لَڳَڻُ,To follow in the wake of.
wake,ساڄوٿِيَڻُ,To brighten up; wake up.
meats,کِرْمِٽُ,Figures made of sweet meats. ( L.S
spun,ڀِڙو,A particle of cotton pod sticking to spun thread. ( dim
spun,چۇپِڻيِ,"A sucking stick for infants, a child's coral. The peg by which a humming top is spun. An ornamental revolving pin of a cradle."
spun,ڪَتَڻُ,"Business, use, utility. Bow of a To be spun. saddle."
spun,ڪِتو,What has been spun.
spun,ڪَتِڻاٺيِ,A cross stick round which yarn is wound as it is being spun by the hand.
spun,ناڙيِ,"The roll of spun thread as taken off the spindle, cop. The pulse, a vein, artery. Stubble left in a field. A seed drill."
spun,نائُڙي,A roll of spun thread as taken off the spindle.
venetian,بَدِڪيِ,A venetian ( coin ). A whim.
venetian,جِهرْمِريٍ,"A shutter, a venetian blind."
venetian,سِيتاراميِ,A Venetian coin.
thereby,ڇِلو,"The lying in of a woman. Impurity caused thereby, or an account of small-"
wishing,طمعيِ,"Covetous. desirous, wishing for."
wishing,ڪوڎُ,"A kind of shell used as ornaments to hang round necks of cattle, &c Pleasure, desire for, wishing after"
wishing,مِرْڪائِڻُ,"To move the lips stealthily in eating without wishing to be seen, to munch, mumble."
pursuing,آهيڙو,"Hunting, pursuing or killing game."
pursuing,پِيڇو,"The back part of a garment. Pursuing. Conclusion, latter end, result."
eyed,ٽيڏو,or Squint eyed. Slanting.
eyed,رۇنئارو,Golden eyed garret (a bird).
crops,ٻوڙيِ,"A passerine, gregarious bird which attacks spring crops."
crops,پَڏِ,An insect like a butterfly attacking paddy crops.
crops,چيڻوٺي,") used in weighing precious stones, metals, etc. Mildew, smut. A blast of wind damaging to crops. Fortune, good fortune. A little, small quantity, atom, particle."
crops,لابارو,"The reaping of the crops, harvest."
crops,لُڻُ,"To reap, cut or gather (crops)."
crops,نظرديد,"Inspection, esp of crops."
crops,هٿيليِ,A wind which blows at times in autumn from the north-east and levels the crops.
fried,ڀُڳو,"). To be fried, parched, etc."
fried,ڀڳيِ,"A piece of fried meat, etc."
fried,تَلۇڻو,Fried in ghee
fried,ٽِڪيِ,A fried wheaten cake. A sweetmeat consisting of flour thickly coated with sugar. A cake of anything; a wafer; a lozenge; a wad for a gun; the disk of the gun. The torus of the water-lily. The figure three in card-playing.
fried,پﯘرارو,A thin meal cake fried in ghee A sheaf of corn.
fried,سَتۇن,"( indic ). Fried grains of wheat, &c."
fried,بيسڻ,made like vermicelli & fried.
fried,لُچيِ,A soft thin cake fried in ghee. fem of
fried,مالِپُڙو,A rich cake of flour and sugar fried in ghee
singh,سِنگهائيِ,The duty or office of a Singh.
thanksgiving,حَمْدُ,"Praise, thanksgiving."
thanksgiving,شڪرگذاريِ,Thanksgiving; gratitude.
dried,اَڌَڙَ,n. pl Dates halved and dried.
dried,ڀَڀۇتِجَڻُ,To be covered with dirt and dust; be dried up (as pock-marks).
dried,ڀِيِلاڙُ,Given to cattle for grazing (as a cut or dried up field.)
dried,تَئيِ,"A hollow frying pan. Heat. Tyranny, oppression. Dried up parched (a crop), ruined, desolate. On, upon, at, against."
dried,ٺﯘنٺُ,A bare dried up tree.
dried,پاٺو,A strip of land left uncultivated. Hard & dried up (as
dried,پيهيِ,Rice boiled and dried.
dried,ڦَڪُرو,"Spread out to the air; partly dry, or in a state of being dried."
dried,جَرْڦُلُ,A dried rose bud. A spangle. The sparks from fireworks.
dried,ڇَهُ,Dried leaves and stalks falling to the ground.
dried,ڇُهارو,A kind of dried date.
dried,ڌاڻيۇن,"n. pl Grain boiled, dried, and then parched. ( sing"
dried,سڪو,"Dry, dried."
dried,سَڻِڪِجَڻُ,"To be blasted, dried up or blighted (as grain) from a stroke of wind. To be blasted."
dried,سوٽُ,"mas. a Dried up, dry and hard; hard through dryness; taut, stiff; experienced. abs. n"
dried,سوڪُ,"Hard or dry baked (as bread); dried up (as a crop); toasted. Grief, affliction."
dried,سوڪَڙِ,"Dried up, parched (a crop)."
dried,سيلهۇڙو,"The head or flower of the "" Kuarbuti "" ( aloes perfoliata ) cut in pieces, salted, dried and used as food."
dried,قِشِمِشِ,"Raisins, or a kind of small dried grapes without stones."
dried,ڪَچِريِ,Vegetables sliced and dried.
dried,ڪَڙنَگُ,"Dried up, emaciated."
dried,ڪوڪَڙِ,The fruit of the Khabaru dried.
dried,ڪوڪِلو,The Beru fruit dried. The kernel of the mangoe stone.
dried,کارِڪَ,A dried date.
dried,کوکو,"A dried up stalk of grain, any thing dried up and withered. ( com ) A paid and receipted bill of exchange. A box. Empty."
dried,گانجو,"Common hemp— cannabis sativa , being the dried flowering plant from which the resin is not removed, used for smoking."
dried,گوهيِ,Dried cowdung.
dried,ڳنڍربصر,A dried onion.
dried,گهۇماٽجڻ,"To be contracted, dried up; drepressed, lowspirited, care-worn."
dried,واڍِڙُ,A dried onion root. Pollard (a tree.)
dried,هَڪَمُ,"A prawn, shrimp (dried and salted)."
dried,اَنبَ چۇرُ,Mango peel dried in the sun.
dried,سُڪَلُ سَڙِيَلُ,"Dried up, withered; weazen."
spirited,پاڻِياٺو,"Damp, moist, wet. Spirited, free (a horse)."
spirited,هِنئين ڎاڍو,"Courageous, spirited."
xvi,سُرْڳَ پُريِ,). Family. Page xv Page xvi
xvi,پيوندڪرڻ,"To attach, enclose. Page xvi Page xvii"
apollo,ڪِرْشِنُ,"Dark, black. Krishna, the 10th incarnation of Vishnu, the Apollo of the Hindus."
urging,هُشِ,Urging on.
still,اَڃاسۇڌو,"As yet, still, yet. A hint."
still,ٻُڌَاڻُ,"See ٻَڌَلُ. ٻَنڌَڻُ Still, motionless, standing (water). Settled, fixed."
still,توُن,"Then, therefore, still. (Shah)"
still,تِهائيِن,"Still more, the more."
still,پاڻَ,"pro Myself, yourself, etc., in person. Still (more). Even, on the contrary."
still,حالَ,"Now, at this time. Still."
still,سامِتُ,"Settled, quiet, still; silent ( opp"
still,ڪَرْڻَڦُلُ,"A still, alembic."
still,ڪُهائيِ,Still born (an infant).
still,ٿئَڻ,To be still born (a child).
still,کير پياڪ,"A suckling, one still receiving suck."
still,کِريِ,"The mett in a male fish. A girl who is still a maiden. The sound used in calling a cat. The ovary of a she-goat, etc."
still,لوليِ,"A lullaby, song to still babes. See under لولی ڏيڻ .لولو To sing a lullaby. لۇمِڙی، لۇمَڙُ See"
still,ماٺو,"That part of a stream where the current is not violent, still water."
still,نِوائو,"Windless, calm, still."
still,هيسِين,"Till this time, still, till now; or with توڻي ، توئيِن ، توڙِين ، تائيِن"
still,سۇڌان,"&c. For so long, till such a time. Still, thus far, up to this."
still,هيڪاريِ,"Still, more, still greater, still less, still further. For good."
still,توءِ,Still.
american,عشق پيچُ,The American Jasmine.
ft,بِيگو,"A land measure equal to 22,500 sq. ft."
requires,ڏنگيدار,"Free in motion, that requires no pressure (a horse, &c) Having a slight surface of salt earth (a field)."
requires,مانيِ,One who demands or requires much respect and attention.
wink,اَکہ ڀﭸڻ,To wink.
wink,ٽَپَڻُ,To wink.
wink,ڇِنڀَ,"Rendering, rough under plastering. The twinkling of an eye, a wink,"
wink,ڇِنڀَڻُ,"To render, lay the first coat of plaster. To wink."
wink,غَمِرو,"A wink, an amourous look, ogling, coquetry."
wink,ڪِنايو,"A wink, a sign, allusion, connotation, an ironical expression."
wink,جِهمائِڻُ,To wink (eyes).
hopes,دمپخت,A stew; a kind of دَمُدِلاسو .پلاه False hopes.
hopes,مونکي سڪ تی ٿولنگهائي,He puts me off with false hopes.
hopes,سَهَسائِڻُ,"To endure the loss of, give up hopes of, despair of obtaining any thing or of any one's recovery, &c."
hopes,ڪاٺَ جوببوڏيڻ,"To hold out false hopes,"
hopes,ماڪَ تي مورَڻُ,To be pleased with false hopes.
bracelets,ٻانهين,"A set of ivory bracelets. A piece or side of a fort wall; flank of an army, etc. The stile of a door, etc."
bracelets,چۇڙيريِ,A woman whose arms are covered with ivory bracelets.
bracelets,چۇڙِيگَرُ,"A maker of ivory bracelets, a worker in ivory."
wishes,ڌَچِڙو,One who curses or wishes ill to others.
wishes,رَکُہ,"). To put, keep, set down, place; observe, obey; lay before, present; apply (an ointment, etc.); lay (a wager); to give, or deposit (in pledge); reserve, detain; preserve, lay by, save; to deposit; engage, employ (a servant); keep (a mistress); comply with (one's wishes); possess, own, have; lay (blame); defer, postpone. To wait."
wishes,سَڌَ,") One who wishes or desires to buy or do anything, but is too miserly to purchase or has not strength Straightness. of mind to act."
min,گانڊ,n. Pudendum fœminœ The anus.
walls,ڪِڙو,"A wicker or reed frame for doors walls, &c.; a hurdle. A mat of woven wattles placed in the bottom of boats, etc"
walls,لانڪُڙُ,"Wattles of the bastard cypress used for fences, walls for huts, &c."
walls,مِٽِيَرُ,A builder of mud walls or worker with mud plaster.
walls,نۇنيِ,Saline efflorescence on walls.
buds,ٻاثيِ,A hollow brazen pan. Name of a plant. The buds of the flower of
buds,ڌانئِڦۇلُ,Grislea tomentosa (buds or flowers used in dyeing.)
buds,ڪَچْنارِ,"A tree, the buds of which are a delicate sub-acid vegetable— Bauhinia variegata"
stay,تالِيو,( naut ) A stay.
stay,ٽِڪَڻُ,"To lodge, abide, stay, tarry, remain firm or stable."
stay,پيرُڏيئَيِ اَچَڻُ,"Not to stay long, to return quickly."
stay,دم وٺڻ,"To stay, rest one self."
stay,رَهَڻُ,"To stay, stop, remain; reside, live, abide, continue. To play. To desist."
stay,رِهائِڻُ,"Stay, staying. Manners; life, business, etc."
stay,اَچيِ سهڙڻ,"). To sojourn, stay, live."
stay,گوڎوٻيڪِڙَڻُ,"Not to stay long, to return quickly."
stay,کوڙيِ ٿواَچان,"I will not stay there long, I will be back in a minute."
stay,ڳانۇ,The stay of a boat's mast reaching to the front of a boat.
stay,گهرڪريِ وهڻ,"To settle down, make a stay."
stay,گهيرۇ,The stay of a boat's mast reaching forward.
stay,وِرِمَڻُ,"To stop, stay, wait."
stay,ويٺو,"To sit or take a seat; to dwell, abide, reside, stay."
pl,آثار,"n. pl Signs, traces, vestiges."
pl,اِجرام,n. pl Bodies.
pl,اَحڪام,n. pl Orders.
pl,اَڌَڙَ,n. pl Dates halved and dried.
pl,اَرکانَ,"n. pl Pillars; manners, habits, traits; symptoms."
pl,اَطلس,n. pl Deeds; conduct.
pl,اَفعالَ,n. pl Manners; deeds.
pl,اَنگل آرا,"n. pl Blandishments, or endearments (of a child); coquetry."
pl,اَنواع,pl. of
pl,آنئًَين,nom. pl ) of
pl,بُشْڪۇن,n. pl The horse's mane.
pl,بَغَلَ,n. pl The hair under the arm-pit
pl,بوراڪۇن,n. pl Barracks.
pl,ٻاروتا,"n. pl The clothes of an infant, swaddling clothes."
pl,ٻَچَ,n. pl Dovetail.
pl,ڀِرۇن,n. pl Eyebrows.
pl,ڀِِنڊا,n. pl Short hair of the head. ( dim
pl,تَنِ,The inflected pl of corr of
pl,تَوِهين,The nom. pl
pl,تَهَباردُن,n. pl Pieces.
pl,ٽِنْهيِن,The obl. pl of with the emphatic particle
pl,پاندا,"n. pl Strippings, or the last milk drawn from the cow."
pl,پِتَرَ,"n. pl Ancestors, manes of the dead."
pl,پَٽَ پَٽيِهَرَ,n. pl Rich apparel.
pl,پَرَهَڻُ,n. pl Clothings.
pl,پَنڌِرَنِ,The pl. oblique
pl,پوٺِيﯘن,n. pl ( naut ) Backstays.
pl,جُہ,"When, as soon as. fem Who. An inflection of the Of, used when the noun, on which it depends, is in the nom pl. masc"
pl,جِنِ,The obl. pl of
pl,جُنڊا,n. pl Short hair.
pl,جورابُ,"n. pl Stockings, socks. جورو،جوراٹو See زورو،زوراٹو under"
pl,جَوِڙا,n. pl A kind of neck ornament of gold beads.
pl,جۇن,"An inflection from Of, used when the noun which it qualifies is in the nom. pl. fem A plural form of the respectful title"
pl,جِئَڻُ,"To live. The inflected form of Of. The nom. pl of Who. If, although."
pl,چَٽا,n. pl ( naut ) Gasket.
pl,چَئِنِ,The obl. pl of
pl,چَئين,The obl. pl of
pl,ڇَتا,n. pl Short hair of the head.
pl,سُڪلَ ڇيڻا,n. pl Casings.
pl,ڇيهۇن ڇيهۇن,n. pl
pl,حُرۇفِ تَهَجيِ,n. pl Lettersof the alphabet.
pl,حَشْراتِ,"n. pl Reptiles, creeping things."
pl,خيالات,n. pl Fancies; anxiety.
pl,دادَدَوْرَ,n. pl Palmy days.
pl,دِمَ,n. pl Boiled
pl,ڌاڻيۇن,"n. pl Grain boiled, dried, and then parched. ( sing"
pl,ڏُوائۇن,"n. pl Reproach, malediction."
pl,ڊامِڙاکامِڙا,"n. pl ( colloq ) Traps, bag and baggage."
pl,رَتِڙيا,n. pl A kind of superior rice.
pl,رِوِشَ,"n. pl Features, lineaments."
pl,ساٽِڪِيۇن,n. pl Pieces of slender ropes tied round a furled sail.
pl,ساراڻا,n. pl Pieces of cane passing between the threads of the warp in a loom in weaving.
pl,سينيۇن,"n. pl Vermicelli, maccaroni (in sing ). One piece of the same"
pl,عَناصِرُ,n. pl Elements.
pl,عَوام,n. pl The common people.
pl,ڪَپِچا,n. pl Rubble.
pl,ڪِسابَ,n. pl Time immemorial.
pl,ڪَسَڙَ,n. pl Weeds.
pl,ڪُلَڇَڻَ,n. pl Ill manners.
pl,گهِچا,"n. pl Entrails, intestines, excrement."
pl,لَٻَڙَ,"n. pl Lightly padded, saffron-coloured cushions for the bridegroom and the bride at a wedding."
pl,لُڳْڙَٽُڳْڙَ,n. pl Rags.
pl,لنبا,n. pl Big morsels or mouthfuls.
pl,مِڙِيوئي,All ( nom. pl
pl,مُکِرا,n. pl Laths to fill up a
pl,ناظِرِينَ,"n. pl Beholders, readers, our readers."
pl,هَنبَسِڙو,n. pl Spots that break out in a kind of small-pox.
pl,يَخورا,"n. pl Dainties, cates."
pl,بَدِاَفعالَ,n. pl Ill-manners.
pl,ٻَنِڌيۇن,n. pl Swaddling clothes.
pl,تۇتَرَ,n. pl Husks (of rice).
pl,چِڙِۇن,n. pl of
misses,کوليِ,"A piece of edged stick with which shoemakers rub leather to smooth it, a shoe-scraper. A top that misses spinning."
punjab,تَحْصيِلَ,"Acquisition, attainment. Collection (of revenues.) The area under a تَحْصِلِدارُ .تحصيلدار A tax-gatherer. A Mukhtiarkar in the Punjab."
punjab,پَنجابُ,(Five waters) The Punjab.
punjab,پَنجابيِ,Of the Punjab.
vent,ڇوهُ ڇنڊڻ,"To vent one's anger, etc."
vent,نيڪاسُ,Export; exportation; a passage or vent for water. ( com ) Negotiation (of a hundi
ind,سُڀُ,"Good fortune, prosperity, or ( ind ) Any thing or matter bringing good fortune; lucky."
rises,ڏڪاريِ,or One who stores up grain and so rises prices; a trader who sells dear.
rises,ڪَڇو,A sore swelling that rises inside of a camel's forelegs.
traps,ڊامِڙاکامِڙا,"n. pl ( colloq ) Traps, bag and baggage."
ants,ماڪَڙِ,A flight of locusts. A crowd or body of ants.
branches,ٻِيکَڙُ,The space between two fingers or two branches.
branches,ٽانڪَرَ,"n. Phlomis-like clerodendron —a hill tree whose branches are used for ""huqas."""
branches,پَنِهَيَرَولِ,A parasitical plant (leaves and branches used as a cooling medicine).
branches,ڦانگو,"Dry thin branches for lighting a fire, chatwood. A halter for hanging malefactors; strangulation, hanging."
branches,جَڪُ,"A dam in the bed of a canal made from stakes filled in with branches, &c. A fit of rage."
branches,جهمر,A tangle (of the branches of trees).
branches,ڇانڀو,"A thin dry piece of stick; browze, green tender branches."
branches,ڍَنگَرُ,"Brushwood, small branches cut off. ( dim"
branches,سَرْچِڙو,Name of a bird which builds its nest suspended from branches.
branches,ڪامَهو,A tree from the branches of which baskets are made.
branches,ڪُهُڙُ,"A shade made of branches of trees, a booth."
branches,گوشو,"A corner; a hermit's cell, retirement. The shooting out of fresh leaves or branches. A cluster of dates, plantains, etc. The horn or knob at the end of a bow. The notch of the butt-end of an arrow."
branches,مُڇَڻُ,"To lop, lop off (branches, &c.) To cut up clean and leave nothing."
roaming,ٽورو,"Roaming about, taking the air. walking. A stool, evacuation. A company, gang; a herd of cattle, flock of sheep, etc."
learns,سيکائۇ,One who learns; a scholar.
learns,نَوْدُ,"Felt. Stupid, as is the intellect of one who remembers not what he hears or learns (as a needle stuck in felt and withdrawn leaves no hole)."
iraq,ڪَرْبَلا,A place in Iraq where Hussain the younger son of Ali was slain and buried.
borders,چاندِني,"A white cotton coverlet with colored, gen red borders and made up of two short breadth cloths. Name of a bird."
borders,ڪَلاچُ,"A well-known whirlpool in the Arabian Sea about 60 koss up Karachi, on the borders of Las Belo."
trusted,شاهجوڳ,"Creditable, applied to hundis marked with this word implying that the bearer may be trusted with the money."
seth,سيٺياڻيِ,Of a seth
seth,شاهاڻو,Of a seth or head of a mercantile house.
credits,ڏئڻ وٺڻ,Giving and taking debts and credits.
credits,فاضُلُ,"More than enough, superabundant, excellent, learned. Due to an agent after deducting credits."
credits,ليکي باقيِ,Due to an agent after deducting credits.
credits,مرادی سنڀالڻ,"To balance, arrange in such a way that debits and credits equal."
membranes,ڄَؤَرَرَهڻُ,Retention of the fetal membranes.
membranes,خشڪيِ,"Parchedness, dryness of the oral & nasal mucous membranes. Delirium Eccentric."
leadership,پيشِوائيِ,Leadership; escort and reception of etc.
leadership,هِدايَتَ,"Guidance, leadership."
towards,پارِ,"or On the opposite side, over, across, through. In the direction of, towards."
towards,پِرْتِ,"A prefix imparting repetition, back towards, for, instead of , etc."
towards,دۇسڻ,"To force in, gobble, to press down. To press towards a place."
towards,ڏانهون,"Towards, in the direction of."
towards,ڏُهاڳُہ,"The want, or lessening of the affection of a husband towards his wife."
towards,ڏَئِيتُ,"A demon; an unmerciful hard-hearted person. Towards, in the direction of. The 2nd per. sing. imper of"
towards,ساندارو,A leather water bag carried over the shoulder. The crossing the river by working about up or down and then running towards the other bank.
towards,ساوائڻ,"To have a tendency towards green, to appear greenish or palish."
towards,طَرْفِ,"In the direction of, towards, on the side or part of."
towards,کِسْڪائِڻُ,"To push towards one, slip into one's hand; to steal. Gliding away, flight."
towards,لُٻَ,") To spoil or disarrang dished food by handling or sticking the fingers into it. To bully, behave harshly towards, oppress."
towards,مائِلُ,"Inclined towards, taking delight in; biassed; (in comp"
towards,مُتَوَجَهُ,"Turned towards, attentive, favourable."
towards,مَڙَڻُ,"To go or move towards, set one's face towards."
towards,مَڻَڻُ,"To turn and move towards, set one's face towards."
towards,مَڻي,"Towards, near to."
towards,وَرْتَڻُ,"To pass time, get on, live; to behave towards."
towards,اُٽَنگَڻُ,n. Acanthodium hirtum —a kind of nettle or stinging seed used medicinally. To turn and move towards.
towards,پاندِ,"Towards, at, near."
considered,ڀَونريِ,A natural twist in the hair considered lucky or unlucky. An ornamental revolving pin of a cradle. Also See
considered,پائو,"The leg of a cot, etc. A quarter, one of the fractional divisions into which grain is considered sub-divided in making the"
considered,پَدَمُ,"The lotus ( Nelumbium speciosum ). One thousand billions, ten billions according to the shastras A line in the hand or foot, like the lotus, considered to be a sign of good fortune. A kind of small snake."
considered,پَرَماتِما,The Supreme Being considered as the soul of the universe.
considered,پَنجِڪونُ,( ) A period of five days recurring successively in the last five asterisms during which it is considered unlucky to commence any business.
considered,رَٺو,A kind of pigeon considered useless.
considered,فَرْضُ,A divine command; a duty the omission of which is considered a mortal sin.
considered,مۇلُ,"Root, origin, principle, foundation, basis. Stock, capital. Original text, text (of a book, opp to comment). The 24, or the 17th or 19th lunar asterism, containing 11 stars, considered unlucky."
considered,مُهاڇِڙو,"A child born after the death of a child of the same parents, is considered to be always nervous and timorous, and is thus called. Easily affected to tears, liable to cry, lachrymose."
considered,اَرْجَلُ,"A horse having the lower part of one of his fore feet white, which is considered a great blemish and a vice."
kicks,جُٺِيَرُ,"One who suffers abuse, kicks, &c."
ab,گِشْڪو,"Ab asion, rubbing, friction."
warriors,ڪوڎيا,Warriors fond of war. ( Shah
weapons,ٻَڌو,"). To tie, bind, fasten, confine; bind (a book); to pack up; to congeal; to shut out, check; form (a row, etc); to found, build, erect, throw across (a bridge); fix or assess; lay (a wager); put on (weapons); make up (a total)."
actions,عمل,") Actions, conduct."
actions,سَڪاجُ,"Successful, complete, accomplished. One whose actions are good."
actions,سُڪِرْتيِ,One who does good actions; beneficient.
actions,ڪِرْتُ,"Acts, actions. Made, written, composed."
survive,بَچَڻُ,"To be left over; remain. To be saved, etc; to escape, survive."
measurements,وَصْلو,The component part of a survey number of which measurements are made.
prices,آڪرِائيِ,"A rise in prices, tight market."
prices,ڏڪراٺو,High or famine prices.
prices,ڏڪاريِ,or One who stores up grain and so rises prices; a trader who sells dear.
prices,نِراڙُ,of prices current.
crackers,سَرَ,"A string of beads, &c., in a necklace, a set of crackers, etc."
puppy,ڪۇن ڪۇن,The squealing of a puppy; groan.
puppy,گُلِرُ,"A pup, puppy, young pig, whelp; a species of small dog."
take,اُپارﮡ,"To set up, erect; to take across."
take,اُڪارڻ,"To take down or across, to escort."
take,اڻ لَبو,"One who does not take bribes, incorrupt."
take,اولاڻَڻ,"To omit to work, to stop working; to take off the load and saddle of a camel, &c."
take,بروڀانئَڻ,To take ill or amiss.
take,بي دلي,"One who does not take sufficient account of another's friendship, disobliging. Shamefaced."
take,ڀَرَڻُ,"To fill, infuse, saturate, cover with; bedaub; load (a gun), lade (a boat, etc). To pay, re-imburse, pay the penalty, make good. To embroider. To take (a mouthful), heave (a sigh); To repeat (the creed); repeat, take (an oath), bear (witness). To reel, wind (a bobbin). To measure (grain, etc)."
take,تاتِپَذيیرُ,"See تاتَڻُ .طاعِتِپذَيِرُ To nurse, cherish, tend, take care of."
take,تَڪَڻُ,"To think on, consider; guess, conjecture; to estimate expenses. To look at, gaze, pry, stare, take aim at; expect anxiously. To covet, cast an evi eye upon."
take,تِڳائِڻُ,"To slip off with, to take away stealthily."
take,تِهاڙو,A season in which many weddings take place; a festival day.
take,ٿَڌاڻِ,To take a cooling draught.
take,ٿَڪُ ڀَحيَڻُ لاهِڻُ,To take rest.
take,ٽِپُ,To take notes.
take,ٽَهَلائِڻُ,"To cause to take the air; to walk (a horse, etc.)."
take,ٽَهَلَڻُ,"To take the air, etc."
take,ٺيِڪوکَڻَڻُ,To take a contract.
take,پُڇَڻُ,"To ask, inquire, interrogate; to take an account (as God)."
take,پَرْڻَڻُ,"To marry, wed, take in marriage."
take,پَناري پَوَڻَ,To fall to one's lot. To take the protection of; to be under subjection to.
take,پوچارَڻُ,To take care of.
take,جانڪَڻُ,"To take care of, keep with care."
take,جَناخَ ڪَڍَڻُ,"To kill, to take out one's vitals (used only in abuse)."
take,ڄنگهۇن ساهڻ,"To take rest; walk about, take the air."
take,ڄنگهۇن هڻڻ,To take a tiresome journey; to work the legs about from pain.
take,جهاڙَ,"Conjuring, charming to take away pain or evil."
take,جهاڳَڻُ,To wade through shallow water; to take a long journey. To endure (pain).
take,جهپ ڪرڻ,To take a nap.
take,جَهلَڻُ,"To seize, take hold of, distrain, clasp, stop, prevent, forbid, hinder, restrain. To last, wear, bear, endure. To support, bear up."
take,چورن جيِ چلهہ,One to whose house thieves take goods after stealing them.
take,چُئَڻُ,"To take hold of, to adopt."
take,ڇاندوڪرڻ,To take one's meals.
take,ڇََڙَه ڇَنڊَ,"The beating rice, etc., to take off the husk, the husk so separated."
take,حجت اُٿارڻِ,"To take exception, demur."
take,خبردار,Careful; trustworthy; watchful. inter Take care !
take,دامن وٺڻ,To take refuge.
take,دل ۾ ڪرڻ ٿيڻ,"To feel, take to heart."
take,ڌمڪڻ,"To fear, take fright."
take,ڏندين ڏاند,"A host in himself, able to take care of himself."
take,ڍُڪُ ڀَرَڻُ,To sip. To endure patiently. To praise. To take sugar and ghee (after a fall).
take,راهيِ ٿيڻ,"To take one's way, set out."
take,رسڻو,"Touchy, easily offended, ready to take huff."
take,رُنڀائِڻُ,"To occupy, take up, engage."
take,رءُ ڪپڻ,To take the wind out of one's sails.
take,سارلهڻ,"To take care, help (in money matters)."
take,ساڱاهڻ,"v. n To care, take care, understand, regard, attend, beware, be cautious."
take,سانڀڻ,"To take care of, guard, nourish, cherish."
take,سانچَڻُ,"To take care of, to protect, guard, cherish."
take,سانڍڻ,"To take care of, watch, keep, nourish, cherish."
take,ساه ڪڻڻ,"To breathe, take breath."
take,سَتَڻُ,To enter upon or be employed in any matter zealously. To take courage or heart.
take,ستيا منڊڻ,"To take courage, attempt, take heart. ("
take,سڌلهڻ,"To ascertain, explore, find out; to inquire after, take care of."
take,سُڌارَڪَرَڻُ,"To take care of, look after"
take,سربرڪرڻ,"To take on one's head, accept."
take,سرتي وسائڻ,To take the responsibility (on one's self).
take,سِڱوٽي,"To take care, regard, attend."
take,سِڱُہ,"To stretch out the hand to take, &c. To point out or at with the hand."
take,سنڀارڻ,"To remember, recollect. To watch, guard, look after, take care of. To reckon, count."
take,سنڀالڻ,"To take care of, nurture, guard, watch. To check, control; to manage (a firm, etc.); to assort (clothes as a washerman does). To be seized with the pains of labour. To come to one's senses, recover, revive from a faint of sickness, come to the age of discretion. To beware, reform, amend. To remember, call to mind."
take,سهيڙڻ,"To place with care, take readiness. care of, accumulate carefully."
take,عبرت وَٺَڻُ,To take warn-ing.
take,فخرسمهجڻ,"To glory in, take pride in."
take,فرمائڻ,To take the trouble of going to one's house.
take,ڪڎکڻڻ,To take a fancy.
take,ڪَڍُ,") To extract, draw out, abstract, take out. To turn out. expel, dismiss, To draw (a picture, line, &c.) & To vomit."
take,ڪَيو,"To do, act, perform; to ply, use, wield (a sword); commit, perpetuate. carry on, transact, discharge (a duty, etc.); to hold (a court); to manage, contrive; complete, finish; solve, work out (a sum, etc.); cook, dress (food); wear, put on (clothes, etc.); engage, take on hire."
take,کاءُ,"). To eat. To bite, sting. To erode, wash away (as the river does the bank); to wear or consume (by attrition).To receive (blows, etc.); endure, bear up (as abuse). To destroy. To cost. To take bribes. Food, a meal."
take,کَسَڻُ,"To snatch, take by force, pluck snap, ravish. ("
take,کَنيو,") To lift, carry, raise, take up; take (an oath, breath; etc.). To dig."
take,گِرْهَڻُ,"To seize, lay hold of, take."
take,ڳِڌو,") To buy, purchase. To take hold of, seize."
take,گهَرُڪَرَڻُ,"To marry and settle, take a wife. To become chronic or deep-rooted (as a disease)."
take,گهُمَڻُ,"To wander, ramble; take a walk; turn, revolve, To see, visit (places)."
take,لاڙڻ,"To dangle, hang, to cause to take a circuit. To slope, slant. To separate (cotton from seeds)."
take,لام لڳڻ,To take the protection of.
take,لاهُ,"To strip off, cause to descend, lower, to degrade; to put down(a boy in a lower class); pull off (as clothes), take down or off, to take (pots)off(a potter's wheel); to cut or shave (hair); to reap down (a field); disembark; to cut off (one's head); to lay (an egg); to adjust, settle or close (an account); to take out, efface; to pay off, liquidate (a debt); to repay (an obligation); to abolish; finish(a work).To deduct, subtract (in accounts); to cure (a disease), to turn out (of caste); to quench (thirst), to calm, appease."
take,لارهائڻ,"To cause to come down, or take off. To cause to be shaved or cut (hair)."
take,ڪٽولڳڻ,"To taste sour); to be galled, chafed, sore; to have (as good fortune); to pinch (as the shoe); to be employed, engaged in; to be set (on fire), to be kindled; to be wounded, cut (as by a knife, etc.); to take root (as a plant); to shoot, germinate; to seem, look (as"
take,لٿو,"To throw (a playing card). To go or get down, dismount, alight. To descend, come down, disembark; set (as the sun); to be taken down or off; to be settled, adjusted (an account); to take up quarters, to stop at. To be turned out (of caste). To be cured (a disease). To subside (a flood of water), abate, fall. To be reduced (said of a sick man)."
take,مرچ لڳڻ,"To smart; to take ill, take amiss."
take,مَلَڻُ,"To rub, polish, burnish, clean (pots and pans), furbish, scour. To groom (a horse). To take up (room or place), enlarge or extend (one's boundaries or position), lay hands on (in interference). To cause indigestion To knead (dough), work up with fists or fingers. ("
take,موڪلائڻ,"To get leave, ask permission, take leave."
take,ميل ڪڍڻ,com To take stock.
take,ناس ڏئڻ,To take snuff.
take,نِڪْرائِڻُ,"To take out, expel, drive out.dishonour (a bill)."
take,نِهَڻُ,"To take away, remove."
take,نِيندو,") To take away, lead, carry."
take,وارَڻُ,"To strike out, score off or out, or mark off items in going over an account. To mark off as one's own, &c. To forbid, prevent. To wheel any thing over one's head by way of sacrifice; offer up sacrifice, devote. To take up room, enlarge or extend one's boundaries or position. To cause to turn or return; to shut, close. See"
take,والارَڻس,"To take up, occupy (room or space), take possession of (a place), extend (one's boundaries). To choose, select; mark off as one's own."
take,وٺارائڻ,"To cause to take, or be seized, etc."
take,وَدو,"To take, receive, get; lay hold of, seize; to buy."
take,پڳڙيِ وڌائڻ,"To take off a turban. To magnify, praise, extol."
take,ورڪرَڻ,To marry (said of a lady). To take a round-about way.
take,وِهْتو,") To take a bath, bathe."
take,ويٺو,"To sit or take a seat; to dwell, abide, reside, stay."
take,ويرُوَٺَڻُ,To take revenge.
take,ويمواُتارڻ,"To take an insurance, be insured."
take,هَٿَ چُراندِڪَرَڻُ,To take liberties (with a lady).
take,رکڻ,"To take care of, consider as one's own."
take,هٿ وجهڻ,To put one's hand. To set to work. To take liberties.
take,هرت ڪرڻ,To take or snatch away.
take,هرڻ,"To take, to seize; steal."
take,پاڻتي,) To take upon one's self.
take,همت ڪرڻ,To take heart or courage.
take,هواکائڻ,"To take an airing, go for a walk to go away."
take,لَڳَڻُ,"( gram ) To qualify. To importune. To take (days), To be related to. To be due to. To be held (a fair). To stretch (as a desert)."
bricks,اوساريِ ڪرڻ,To lay bricks on.
bricks,ڀِيِلو,"Under burnt (bricks, &c.)."
bricks,پَٿيرَڻُ,To mould (bricks).
bricks,پَٿيرو,A moulder of bricks.
bricks,پَچَڻُ,"Ripe, mature; cooked (food); baked (bricks); suppurated (a boil); firm, strong; built of stone, or baked brick (a house); authenticated, stamped (a paper); certain, sure; fast (colour); shrewd, clever, sharp, wary; expert; consummate (a thief); frugal; full (weight), final (an account). The ripe fruit of"
bricks,چَٽو,"A small bundle of cowries used in children's play. A pile of bricks, etc."
bricks,کنگهرُ,"Clinker, a mass of several bricks together."
bricks,بۇهَڻِ,"Clinker, a mass of several bricks."
decorated,زينت ڀريو,"Adorned, decorated, fine, elegant."
gray,اَڇاڪڍڻ,To put on gray.
gray,گَرو,"Mangy. Iron gray coloured (horse); dirty, faded (colorer). The neck."
catcher,تيتِريِ,A catcher of partridges.
catcher,پاڙهيري,A pigeon catcher. Name of a water-bird.
enjoying,ڀوڳَ,"Enduring, suffering. Enjoyment, luxury, enjoying sensual pleasures; venery. Food offered to an idol. Solemn ceremony at the conclusion of sacred reading (Hindu)."
twist,ڀَڳو,"). To break, split, crack; infringe; frustrate. To turn down (as a corner of a book). To multiply. To change (money). To twist (a rope); to crease (a sheet of paper). To decipher; solve (a riddle)."
twist,ڀَونريِ,A natural twist in the hair considered lucky or unlucky. An ornamental revolving pin of a cradle. Also See
twist,پيچُ,"Twist, turn, revolution, coil. Gripes. Perplexity, difficulty, a fix, maze. A screw. Circumvention, cheating; equivoque; tactics."
twist,ڦيرُڦارُ-گهيرِ,"). A turn, twist."
twist,سَهَٽَ,Desire. The desire or yearning for one absent. A twist or wrench.
twist,لَپيٽَ,"A fold, a twist, a roll."
twist,مَرۇئَتَ,"Twisting, a twist; twist, wrench, a gird."
twist,مروٽڻ,"To twist violently, to wrench."
twist,مَروڙَ,"Twisting, a twist; the rubbing (the hair in washing it); contortion, writhe; a griping of the bowels, tenesum, strain."
twist,مروڙڻ,"To twist, writhe, contort, distort, wrench; to rub the hair in washing it."
twist,موڙَڻُ,") A rubbing of the hair, a twist. Style of turning or forming letters in writing. ( physics ) Refraction."
twist,موڙَ,") To bend, twist, sprain, wrench."
twist,موئِڻُ,"To wring or twist a cloth, &c, in rolling it in a lump. n. See"
twist,وَٽُ,"A weight for weighing with. A stone or clod with which a Mahomedan cleanses himself after easing himself or making water. A twist, twisting. The gripes, a griping pain."
twist,وٽجڻ,"To twist or be twisted, etc."
twist,وَٽَڻُ,"To gain, earn. To twist, plait; wring. To furl (a sail). To moisten (by sprinkling or flooding from above)."
twist,وَرُ,"Twist, curve, bend, turn, circuit, coil curl, ringlet, winding. A boon, blessing, especially in the gift of a Brahmin or deity. ( com ) Quality or number of cloth. Circumvention, deceiving. A bridegroom or husband."
twist,وراڪڻ,"To twist, to curl, twine,"
twist,وراڪو,"Twist, turn, twisting, wind, winding."
twist,وُڪَڙُ,"A turn or winding as in a river, of a snake, &c.; twist, twinining together. The gripes."
twist,وَڪوڙَڻُ,"To twine or twist round. To surround, complicate, wind, encompass."
delighted,خوُشِ,"Happy, pleased, delighted, glad, well-off."
delighted,رۇماچِتُ,"Having the hair of the body erect; hence, delighted, enraptured."
delighted,ريِڌو,"To be delighted, etc."
delighted,سَمْگَهڻُ,"To be happy, to be delighted."
delighted,نِهالُ,"Exalted, pleased, happy, delighted, glad. A young plant, a shoot."
delighted,هرکجڻ,"To delight in, to be enchanted with, be delighted. To be tempted, induced, persuaded."
hawks,اَڏﭗ,A block (for hawks).
hawks,بانوِليِ,"A bird with which hawks, etc. are taught to hunt; an incitement, temptation. Circling, giddiness."
hawks,پَخالَ,The extrement of hawks and pigeons. A large leathern water-bag carried on bullocks.
hawks,ڳَلو,The part of the throat below the jaws. The neck of a a garment. A kind of net for catching hawks in.
hawks,لاڙڪيِ,A kind of net hung on a tree for catching hawks in.
hawks,والِڇَٽيِ,A kind of net with hair snares on it for catching hawks in.
arranging,ٺاهَ,"Inventing, arranging, assorting."
arranging,ٺاهُ,"Concord, agreement; arranging, order; concoction, invention. A plan, system. A remedy; a pretence. Pomp, show."
arranging,سُڌارَ,"Arranging, regulation. Improvement."
arranging,سَنوارُ,"Arranging, regulation. Improvement; cheapness."
arranging,ڪَرَڌَرَ,"Putting things to right, manner of arranging things."
marry,پَرْڻائِڻُ,To cause to marry.
marry,پَرْڻِجَڻُ,"To be married, to marry."
marry,پَرْڻَڻُ,"To marry, wed, take in marriage."
marry,گهَرُڪَرَڻُ,"To marry and settle, take a wife. To become chronic or deep-rooted (as a disease)."
marry,لائۇن لهڻ,To marry.
marry,ورڪرَڻ,To marry (said of a lady). To take a round-about way.
marry,وَرَڻُ,To marry.
nile,سَقَنْقۇرُ,"Skink—a fish used medicinally, found in the Nile"
rumble,گُڙْڪَڻُ,"To rumble, purr."
toss,بل کائڻ,To toss about in sickness.
toss,اَکِہ ٽَپَڻُ,To cause to jump; to toss or throw up and down. To transfer an item from one account to another.
toss,پَتوڙڻ,"To toss about. To cause to labour hard, to fag. To harp continually (on a matter). ("
toss,جهوڳَڻُ,"To agitate, stir up, beat and bruise, to toss about. جَهڳوڙَ، جهوڳَ"
toss,ڇََڙَهيۇن هڻڻ,"To toss one's legs about, kick (as a horse in pain)."
toss,ڇولڻُ,"To shake up, toss about, agitate."
toss,ڪڎائڻ,To cause to leap or jump; to toss or throw up and down.
toss,ڪوڎائِڻُ,"To toss up and down, dandle (an infant)."
toss,گيِنداڙَڻُ,"To toss about, knock about, pull about, shake about; to drabble, trail."
directing,چُسْتَ,"Aim, the directing a missile."
directing,سۇنهَپَ,"Pilotage. A pilot's business or wages; guiding, directing."
ends,اُميريِ,"The connecting two ends of thread together by twisting and laying them over, a knot."
ends,ٻاچۇ,A span between the ends of the thumb and forefinger.
ends,ٻاڙيِ,Span between the ends of the thumb and little finger.
ends,ٻانگو,The long bead connecting the ends of a Musalman's rosary. One who calls to prayers.
ends,پيٽ پاڙَڻُ,To earn a living; to make two ends meet.
ends,پﯘرائيِ سﯘرائيِ ڪَرَڻُ,To make both ends meet.
ends,چانئَُٺي,The dressing the hair by bringing it in a circle over the forehead and drawing the ends back behind the ears; the hair of one side so dressed.
ends,ڏوتيِ,"etc., in front by crossing the ends and tucking them in. A cloth thrown loosely over the shoulders. A mode of wearing a loongi by throwing it over the shoulder and then bringing it round the waist."
ends,ذَروپُرْزو,A little. odds and ends.
ends,رانئيِن جهانئيِن,Odds and ends of business requiring present attendance household work.
ends,شِيرازو,The ends of the stitching of a book.
ends,ڪَنڍِلو,"A kind of necklace for children of odds and ends of shells, pieces of metal, &c."
ends,کِچِلِ,"Knocking about things and bothering one, as a child with a person employed. Odds and ends of things lying about, rubbish."
ends,گوڌِ,The fastening of the dhoti made in front by crossing the ends and tucking them in.
ends,ڳوپڻ,To join the ends of a rope together by interweaving them to splice.
ends,مِرْدَنگُ,"A drum, tabor. (It is long and lessens in breadth from the middle to the ends)."
ends,مُنڍو,"The ends of a parallelogram or of any long strip of land, &c., so shaped. ( surv ) Offset. The end sides or breadth sides of any thing. ( arch ) A header. The back part, shoulder. Blunt."
ends,نانئِڻُ,"Shreds of cloth, thread, &c., put into an inkhorn with ink. The ends of a web left unwoven. A piece of cloth for wiping a hand-mill with and rubbing off the flour. Felt."
ends,واڳِيۇن,) A string with looped ends for suspending ear rings.
commits,آتم گهاتيِ,One who commits suicide.
pillars,اَرکانَ,"n. pl Pillars; manners, habits, traits; symptoms."
pillars,ستۇن بنديِ,"Pillars, a colonnade."
inevitably,اَوَسِ,"Inevitably, certainly."
inevitably,خواه مخواه,"a. Nolens volens , forcibly; certainly, inevitably, causelessly."
judged,ويلا,The auspicious time as judged from the planets for the performance of any act. Horoscope.
cruel,بي رَحِمُ,"Merciless, cruel. ("
cruel,ڌوڌيِ,"Cruel, tyrannical."
cruel,سنگدل,"Stony-hearted, hard-hearted, cruel. ( abs. n"
cruel,ڪَٺورُ,"Unfeeling, cruel, harsh; ( gram ) hard."
cruel,نِرْدَئي,"Hardhearted, cruel. ( abs. n"
cruel,وَحْشيِ,"Savage; brutish, cruel; not civilized."
cot,پائو,"The leg of a cot, etc. A quarter, one of the fractional divisions into which grain is considered sub-divided in making the"
cot,پَلنَگُ,"A bedstead, a cot, a sleeping couch. A leopard."
cot,کُٽولو,"A cot, plain bedstead. ( dim"
cot,مَڙَهُ,") To cover (as a book with leather, a drum with parchment, &c.). To close or fill up (as the seat of a chair with rattan, or of a cot)."
cot,جهولَ ٿَيِڻُ,To sag (as a cot).
tit,پائڻ,To suffer just retribution for one's crimes; get tit for tat; receive one's deserts.
theological,ويدانتَ,"The theological part of the Veda , as contained in the Upanishads ; a system of pantheistic philosophy, or monism so called."
licking,چَٽَ,Licking.
licking,سَڙَهڻُ,"To thrash, give a licking to."
leaning,اَهَلَ,"The leaning to one side, or against any thing; inclination, tendency."
leaning,اَهليل,"Leaning, lop-sided."
leaning,ٽيڪَ,"Support, prop; leaning. A fixed habit."
leaning,چَوْگانُ,"A plain. A stick shaped like a crutch used by faqirs for leaning during devotions. Hockey, polo."
leaning,رجوعات,"Inclination, leaning; reference to a person for arbitration, etc; the coming in of many people on a visit, etc."
absorbing,ڌُنِ,"(Sound), Air, tune; keynote. leading note. Any absorbing thought, deep contemplation; diligence, zeal."
absorbing,ريتيِ,Sand or filings for absorbing ink on freshly written paper.
moderately,هالورو,Waving. moderately.
millions,اَربِ,A thousand millions.
millions,ڪِروڙ,Ten millions.
millions,ڪوٽُ,A fort. A coat. ( card playing ) Pique. Ten millions.
millions,کَرْْبُ,A hundred thousand millions.
prep,آمهوسامهون,"a. & prep In front of one another, opposite."
prep,جيِ,"prep. fem of Of, (used when qualifying a fem noun in the nom. sing ). inter Sir, madam, a title of respect. The inflection of the noun it follows is sometimes affixed to it, as"
prep,مَٿون,prep. See
prep,نِئَتَ,"Intention, design, will, aim. Faith, trust. prep. See"
solve,ڀَڳو,"). To break, split, crack; infringe; frustrate. To turn down (as a corner of a book). To multiply. To change (money). To twist (a rope); to crease (a sheet of paper). To decipher; solve (a riddle)."
solve,ڀوروڀَڃَڻُ,To solve a mystery.
solve,ڀَيِد پائِڻُ,"To find out a secret; solve (a problem, etc.); to fathom or comprehend (the Deity)."
solve,حَلُ ڪَرَڻُ,To dissolve; to solve; to learn thoroughly (a lesson).
solve,ڪَيو,"To do, act, perform; to ply, use, wield (a sword); commit, perpetuate. carry on, transact, discharge (a duty, etc.); to hold (a court); to manage, contrive; complete, finish; solve, work out (a sum, etc.); cook, dress (food); wear, put on (clothes, etc.); engage, take on hire."
solve,کوڙوڀڃڻ,To solve a mystery.
worry,تالان والان ڪَرَڻُ,"To trouble, worry, to confound."
worry,پَڪَڙَپَڇاڙَ,Worry. arrest.
worry,ڊيرانبو,"( homely ) Bother, worry, fret and fuss."
worry,ريڙائڻ,"To worry, harass.."
worry,کاسارو,"Worry, botheration."
worry,گِهِلَڻُ,"See گِهِل گيِنداڙَ . گِهِرَڻُ Harassment, worry."
worry,گينداڙَ,Worry.
wasted,ساڻو,"Torpid, wasted away, shrunk up, done up, wearied, powerless."
cleared,صافُ,"Clean, pure, clear, definite, explicit; cleaned out, cleared out, empty."
cleared,صَفا,"Clean, clear, definite, distinct, explicit. Emptied, desolate, cleared out."
cleared,صفن صفا,"Totally void, empty, cleared out."
cleared,وَهَنوارُ,"( com ) Correspondence, dealing, nagotiation. Worldly business. True, exact, correct. Cleared, squared (an account), equal, discharged."
shells,غُبارو,A mortar for throwing shells.
shells,ڪَنڍِلو,"A kind of necklace for children of odds and ends of shells, pieces of metal, &c."
knowing,بي شرمائيِ,"Ignorant, not sensible, not knowing how to conduct one's self. ("
knowing,پَخالَ,"Strong, firm, firmly, tight, secure, fast, peremptory. Shrewd, knowing, artful, sly; trustworthy. ( abs. n"
knowing,پَڪوازُ,"Clever, shrewd; knowing."
knowing,حَرِيفُ,"Clever, knowing; roguish. An antagonist, opponent."
knowing,دانُ,"(In comp ) Knowing, (as"
knowing,فارسيِ دان,Persian knowing). داناهُ، داناءُ
knowing,ڌَمْتَرُ,"Clever, shrewd, knowing, cunning."
knowing,ڏاڍو,"or Hard; tight, firm, fast; strong, hardy; austere, rigid; tyrannical, severe; intense, quick; knowing, cunning, sharp; excessive, great, excessively, violently, &c."
knowing,ڍُٽو,"Knowing, sharp, clever (a thief)."
knowing,شِناسُ,(In comp ) Knowing as
knowing,شَهۇرُ,"Knowledge of the ways of acting in the world, knowing how to conduct one's self, manners."
knowing,عَليِمُ,"or Knowing, Omniscient, a title of God."
knowing,کيڎارُ,A good player; a sharp knowing person.
knowing,هاڙُ,"Wonderfully skilled or knowing, producing astonishment. Summer, the hot weather."
creator,اُپائٹهار,The Creator.
creator,برهما,The first person of the Hindu triad (Creator).
creator,پِرْجاپَتيِ,The Creator; a king.
creator,خالِقُ,The Creator.
creator,سِرْجَڻَهارُ,The Creator.
creator,ڪَرْتا,"( gram ) The agent, subject. The Creator."
creator,ڪرتار,The Creator.
creator,ڪَلتْارُ,"The Creator, God."
desires,ڦَٻِجَڻُ,"To obtain one's desires, to succeed. To be digested. To be embezzled, obtained by chicanery. To be fastened."
desires,سَڌَ,") One who wishes or desires to buy or do anything, but is too miserly to purchase or has not strength Straightness. of mind to act."
desires,سُڪاريو,One who desires grain to be cheap.
desires,گُهرْيو,"What the mind desires, heart-pleasing."
desires,نَفْسُ,"The breath; the body, self; the flesh, sensual desires; the penis"
desires,هَواوهَوَسُ,The desires of the flesh and the lust thereof.
creatures,دَلُ,"A host, a large army, a body of living creatures. A large body of clouds."
spots,اَکِرُ,Having eyes or spots.
spots,ٻُرْٻُرِ,"Spots or pimples on the skin; a rash, efflorescence. A quantity of lice or grubs."
spots,ٽِڪِڙو,"An ornament for the forehead, Pieces of glass worked on dresses. A kind of cake. Small spots of paint by Hindus on religious books, on goats before sacrifice, etc."
spots,ڏاجهِہ,Black spots on the face.
spots,سوڍَلِ,A kind of small-pox in which the entire body is covered with spots.
spots,مَرُ,"Dirt. Base metal (in coins), alloy. The wax of the ear. (In ) The dark spots in the teeth of a horse. inter Good! well! (in assenting)."
spots,مَگَسُ,The flea-bitten spots that come on an old grey horse.
spots,موٺڙاَنئون,"Embroidered in spots, or with coloured thread run up in rows."
spots,هَنبَسِڙو,n. pl Spots that break out in a kind of small-pox.
filled,ڀَرَڻُ,") To be filled, &c. &c. To be visited by a demon. To be broken-winded (as a horse.)"
filled,ٽِپائيِ,"Sated, filled. Satiety."
filled,ٽِمٽارُ,"Filled to the top, brimful."
filled,پَٽَهَڙو,"A toy, kickshaw; a small finely painted earthen pot used as a toy or given filled with sweetmeats as an offering."
filled,نَڪادُوئيِ,"That with which any pit, &c., is filled. A kind of pace of a horse. A distribution of sweetmeats on the holiday called"
filled,جَڪُ,"A dam in the bed of a canal made from stakes filled in with branches, &c. A fit of rage."
filled,چوٽُ,"A cone, any thing shaped conically; any thing filled to the highest so as to form a point. The roof of a house."
filled,چوٽانچوٽِ,"Filled, full to the brim."
filled,ڌامَڙو,An earthenware vessel filled with milk and water used in performing certain funeral ceremonies. ( Hind
filled,ڏَهَلُ,A large dish; a dish well filled up with food; the belly bloated out with food.
filled,ڍائِجَڻُ,"To be satiated, filled, cloyed, palled."
filled,سَسڀَرُ,"Pregnant; well-loaded; filled out, rich. abs. n"
filled,سَجَڪو,"Filled, palled; wealthy."
filled,سَڱوئِجَڻُ,To be filled with milk.
filled,سُئاءُ,"Taste, flavour, savour. The being filled or satiated."
filled,ڪَرَڻُ,"To be glutted, sated, filled"
filled,طامع,"Filled with avidity or desire, covetous."
filled,ڪَچوريِ,A kind of pastry filled with bruised pulse.
filled,مٿوڦرڻ,"To be confused in the head; to reel (one's head), be giddy; to be off one's head; to be filled with pride."
filled,مَڳُہ,"Filled with pride, wine, &c., wanton."
filled,مُئي,"Intoxicated, filled with pride, &c., wanton. ( In comp ,). Full of (as"
filled,مئَجڻ,"To be intoxicated or filled out with pride, conceit, &c."
filled,مئۇ,"Intoxicated, filled with pride, &c., full; abundant, much."
filled,مَيو,"Filled out; full (as with wealth, fatness, pride, &c.) A camel."
filled,اَنَڀئی,"Knowledge. Pertaining to, or filled with knowledge."
filled,بَڪُلِيو,"Soiled, filled (with dust)."
threat,ڀِڙْڪَ,"A threat, etc."
threat,داٻُ,"A threat, bullying, menacing. A spot."
threat,دَڙْڪو,"Threat, menace, intimidation."
threat,ڌمڪيِ,A threat.
lets,چوٽير,One who lets his
lets,ڪُچِرُ,One who lets the pubes grow.
roth,بَقْرَعيِدَ,A Mahomedan festival on the roth of
thieves,تَڎوکَڻائِڻُ,"To extirpate, put down gamblers, thieves, &c.; to cause to quit, or be removed."
thieves,ٽَنگڙُ,"A network, case, etc, for conveying fish, chaff, etc. A net used by thieves to cover the feet."
thieves,پيرَڻ,Ropes tied round the feet by thieves.
thieves,چورن جيِ چلهہ,One to whose house thieves take goods after stealing them.
thieves,چوراڻو,Stolen; of a thief or thieves.
thieves,چورَڊَڊيِ,"A mounted thief, a band of thieves on horseback"
thieves,ڇِڪو,"A muzzle (for cattle). A netted bag (used by travellers). A scaffold in building, or put over a boat's side. A net (for the feet used by thieves). A kind of hanging basket (to serve as a meat-safe)."
thieves,ڌاڙيلو,"One of a gang of thieves, a bandit, a dacoit."
thieves,سَنڌِ,"A hole broken through a house, wall, &c., by thieves."
thieves,فِروعيِ,"Stray, and without owner (cattle, &c.) A fine taken from thieves for a theft committed. The word (from"
thieves,گهَلِ,A gang or band of thieves or robbers; the attack made by such; a gang robbery.
thieves,لَليجو,"Name of a Sindhi family or tribe who are thieves, a thief, a pickpocket."
thieves,مِلُ,") To be found, obtained, to come to hand, find, met with, mixed: to blend, correspond, match, tally, be joined, meet, mingle, be amalgamated; to meet, visit; to collude, combine together (as thieves); to coincide."
arrangements,ٽِڪِساٺُ,A plan. Elaborate arrangements.
arrangements,مانڊاڻو منڊڻ,To make elaborate arrangements.
trace,اَنگارڻ,To trace (an outline).
trace,پَنئُن,"The ace on dice. Track, trace."
trace,پيرُ,") A footprint; a vestige, trace."
trace,پيروکَڻَڻُ,To trace footsteps. پيڻاڍئيِ، پيريواڍيِ، پيريِ، پيراڍۇ
trace,سَڳُہ,"A trace, clue; mainor, or one of several stolen articles found, so giving a clue to the rest."
trace,ڪَڍَ,"Extracting. Prolixity, unmeaning length of discourse or business. A trace for beasts in draught. Desire, longing."
trace,ليِڪَڻُ,"To streak, mark or delineate before engraving or painting, sketch, to trace outlines, to rule."
corr,تَہ کَرَ,"Then, in that case; as if, as it were ( corr of"
corr,تاڎَئۇن,"There, in that direction; thence ( corr of"
corr,تاڎيِ,"There, in that direction ( corr of"
corr,تاسيِن,"Till then, so long ( corr of"
corr,تالُ,"From on, down from, off. Then, since then. ( corr of"
corr,تانڪيِ,"So long, for such time as ( corr of"
corr,تَتُ,corr of
corr,تَڎْهاڪُرُ,Since then ( corr of
corr,تَڎْهِن,"Then, at that time. Then. ( corr of"
corr,تَڎْهۇڻِو,Of then or that time. ( corr of
corr,تَنِ,The inflected pl of corr of
corr,تَهِڙو,Of that kind; in that manner ( corr of
corr,تيتِرو,So much ( corr of
corr,تيڏو,"So large, so big ( corr of"
corr,جيڏو,So small ( corr of
corr,تيسيِنتوئِين,"Till then, so long, up to that time or place. ( corr of"
corr,تِئَن,"So, in that manner ( corr to"
corr,تَهِڙو) تيهو),"So, in that manner ( corr to"
corr,ڏانهُنسِ,"(In comp ) A prefix denoting good well, easy, excessive , as سڀر،سلڀ،سلڇڻو،سپٽ (The fem of and corr of pro That"
corr,سَوَ,corr of
puzzle,گورَکَدَنڌو,An intricate or difficult affair or problem; a maze; a Chinese puzzle.
puzzle,مُنجهائِڻُ,"To cause to tangle, to perplex, puzzle, tangle."
willingness,خۇشدليِ,"Pleasure, satisfaction, willingness."
kept,اُتراﮡ,The summer solstice; the Hindu festival kept on that day.
kept,اڻ سنهون,"See اڻ سوگهائيِ .اسۇنهون Insecurity, the not being safely kept."
kept,ايڪادَسيِ,The 11th day of the new and full moon kept as a fast by Hindus.
kept,باسيِ,"Stale, long kept (food)."
kept,ٻِيجيِ,Kept for seed.
kept,ڀِيِشَمَہ,A Hindu fast kept on the last 5 days of
kept,تاڪانئون,Kept in a
kept,توشَڪُ,"A store-room where valuable clothes, arms, jewellery, etc. are kept; a wardrobe."
kept,ٺاڻُ,"The place where horses and cattle are kept, a stall in a stable."
kept,چالِيهو,"Quarantine, or a forty days' abstinence or separation kept by women after childbirth, and by persons after an attack of small-pox, &c. A forty days' fast. The fortieth part of one's gains given as a tithe or charity. Forty days of great heat or cold. And forty or with forty ( e.g"
kept,چَتُرَچوڏَسِ,A fast day kept by Hindus on the full moon of the month
kept,دۇنهين,"A smouldering fire; the place where such is kept up, a smudge."
kept,ڏيهُ,"Name of the figure ten; the ten in cards. Ten days kept as a fast, &c. The tenth day after a death; the funeral ceremonies then performed."
kept,ويٺيِ ڊڀ ڄمڻ,fig ) To be kept waiting too long
kept,سالُ,"For refuge or protection, or one who claims such. One kept in charge for another, or the being so kept."
kept,سيِڙِجَڻُ,"To be delayed, be kept waiting."
kept,شيِنهن سَتَهنِ,The 7th day after the new moon in the month Bado kept as a festival.
kept,ڪارِهِين,The 11th night of the lunar month kept as a Mah festival in honour of Peer Moideen Abdool Qadur Gylanee
kept,ڪنڊو,"A thorn. The thorn tree— prosopis spicigera A bone; a fish bone; the back bone. A pair of scales; a box in which scales are kept. ( fig ) A sense of honor, moral sensibility."
kept,کيپ کرو,The place where the harvest corn is kept.
kept,گِيارِسِِ,The 11th day after each new and full moon kept by Hindus as a fast.
kept,ڪانڊو,") applied also to a leg or shoulder of mutton. A tame partridge kept to decoy others, a decoy."
kept,لَنگرُ,An anchor. Alms; a public kitchen kept by a great man for his followers and dependents.
kept,ماسِڪُ,"Monthly. The day of the month in commemoration of a death kept every month for the first year, after which it is annual."
kept,مَرْهياڙيِ,"A maker and seller of counterfeit or cheap ornaments, &c.; a huckster; the goods kept by the above."
kept,مَلُهہ,A standard measure or weight kept as a test for others. A large block of wood or stone used for lifting in gymnastics.
kept,منگلاچوٿ,A fast kept on the 4th day of the waning moon when that falls on a Monday.
kept,موديخانو,"A pantry, place where food and eatables are kept. Commissariat."
kept,نَوْچيِ,A young girl kept by a bawd.
kept,واڎَڻِ,The rope at the lower part of a bedstead by which the network bottom of the bed is kept tight.
kept,واسانگاڳائڻُ,To be kept in suspense.
kept,واوَنا,A fast kept on the 12th of the waning moon in Bado
kept,ويساکيِ,"The day on which the sun passes into Aries, kept as a festival."
kept,يارهِين,The 11th night of the lunar month kept as a festival in honour of Abdul Qadur Gylani.
shown,سابِ,"or (in oblique ) Realized, proved, effectual, shown to be real."
searches,مُتَلاشی,One who seeks or searches for.
searches,ويڪِرُ,"One who searches for faults, censorious."
persuasion,پَنٿُ,A sect; a religious order; a persuasion.
persuasion,ريِجهَہ,"Pleasure, delight, diversion; satisfaction, approbation, choice. Persuasion."
persuasion,فِرْقو,"A sect, a clan, tribe, society, persuasion."
provider,موديِ,"A grain merchant, a shopkeeper with whom is a running account for articles of food. A steward, provider."
quicker,وَڌَنديِ وِکَہ,A quicker pace.
trips,ٿاﯦا ٿوُﯦا,"Trips. and stumbles; ups and downs, butfetings."
trips,ڍوئِڻُ,"To carry, convey from one place to another in repeated trips."
swept,ميڙائڻ,"To cause to be swept. To cause to be covered (a mare, etc.)."
bites,مَڻِ,"A bone or pebble said to be produced in the head of the cobra and used as a cure for venomous bites or stings. A jewel, gem. See"
bites,ناگيل,The aristolochia bracteata supposed to be a specfic for snake bites. A kind of flowering in embroidery.
pigs,ٻَلهَرَ,"A farrow, litter of pigs."
pigs,پِڙيِ,A carriage-stand. A small vendor's stall. An open level piece of ground prepared for any use as exposing grain for sale. ( hunt ) An open space into which pigs are enticed to be shot.
pigs,کُٽِ کُٽِ,The cry of young pigs.
feat,ڪارِسْتانُ,"An exploit achievement, feat."
feat,کيپ کٽڻ,To perform a feat.
feat,مُهِمَ,"An enterprise, dangerous expedition, a feat, exploit; war, campaign."
disputes,معاملائي,"A raiser of quarrels or disputes, a litigious person."
disputes,هوڎيِ,"Obstinate, perverse, who disputes or cavils, headstrong."
exercises,ڀَڄَنيِڪُ,"Fond of pious exercises; prayerful, devout."
babies,ماڻهۇئڙو,The pupil of the eye. Babies in the eyes.
ly,هَفْتيِ وارُ,or Weekly -ly.
subjected,سِڌُ,"A holy man or saint, one who has subjected to his will the 8 sidhis"
subjected,ماتُ,"Checkmated (in chess). Met. Subjected, beaten, brought under."
subjected,مادُ,"Subjected, brought under."
declining,لاڙائۇ,That which descends or lessens; declining (as the sun). One who shirks or falls back.
declining,لاڙۇ,Declining (as the sun).
wait,اوسيڙجڻ,"To be delayed, wait anxiously."
wait,ٻاٿۇن کائِڻُ,To suffer indignities or pushes (vainly in search of bread). To wait in enforced idleness.
wait,تَرْسَڻُ,To wait.
wait,تَرسائِڻُ,"To cause to wait, to delay, detain."
wait,ٿَٿِرائِڻُ,"To cause to wait, delay, stop."
wait,ٿَٿِرَڻُ,"To wait, etc. To settle (as dirt in water)."
wait,ٺَهَرَڻُ,"To be calmed, etc; to quiet (as water). To stop, wait."
wait,جَٽَڻَُ,"To last, continue; wait. To bite (as an anchor)."
wait,جۇهَ,Lying in wait.
wait,ڇپ ماريِ وهڻ,To lie in wait or ambush.
wait,ڇه ماريِ وهڻ,To lie in wait.
wait,رَکُہ,"). To put, keep, set down, place; observe, obey; lay before, present; apply (an ointment, etc.); lay (a wager); to give, or deposit (in pledge); reserve, detain; preserve, lay by, save; to deposit; engage, employ (a servant); keep (a mistress); comply with (one's wishes); possess, own, have; lay (blame); defer, postpone. To wait."
wait,سيِڙَڻُ,"To delay, wait."
wait,صبرڪَرَڻُ,"To wait, endure, stop, keep silence."
wait,کَمَڻُ,"To delay, to show patience; to wait,"
wait,واسِرائِڻُ,To wait for anxiously.
wait,وِرِمَڻُ,"To stop, stay, wait."
wait,عِدَتِ,The time of probation which a divorced woman must wait before she can be remarried. ( Mah
caring,تانگهَہ,"Need, want, caring for. Also See under"
caring,پالِنا,"Providing, or caring for, bringing up."
arrows,نائُڪَ,An instrument for rounding sticks or arrows with. An arrow. A species of boat.
exchanges,پاسِريِ,"( com ). From, dated from (place, used in bills of exchanges, etc.)"
eaten,اَلوِليۇن,Trash eaten by children.
eaten,ٻوڙُ,"Meat, vegetables, etc., eaten with bread or rice."
eaten,ڀُرثُ,n. Desmochœta lappacea — a weed eaten by the famine stricken.
eaten,وَڏيِ ٿَڌِڙي,"respectively, dedicated by Hindus to the goddess of small pox when cold food is eaten."
eaten,ڏُٿُ,eaten on fast days.
eaten,چَٽِڻيِ,A kind of hot sauce eaten with food.
eaten,سرجڻ,To be eaten (by insects).
eaten,سريل,Eaten by insects.
eaten,سُڳُڻُ,"A morsel of food eaten for civility's sake at a house one visits. Certain superstitious forms gone through at weddings for good fortune. Augury, omen."
eaten,سِنگِرالِ,A kind of creeper the pods of which are eaten for food.
eaten,ڪُنيِ,An earthen pot for cooking; victuals offered or consecrated at a saint's shrine and afterwards eaten or given to Fakirs
eaten,ڪَڻاهَ,A kind of sweetmeat prepared and eaten in honour of Guru Nanikshah. ڪَڻاهيِ ، ڪُڻاهو See
eaten,کاڄَڻُ,"To be eaten; to wear away, as from attrition, etc."
eaten,کاڌَلُ,"Eaten; tasted; injured by insects, birds, etc. (as cloth, grain, fruit, etc.) worm-eaten, damaged; eroded; abused, deflowered (a maid); corrupted, (said also of one who has taken a bribe); indebted, under obligation."
eaten,ڳاڙهيِ,"n. Periploca aphylla , whose flower are eaten by the hill-folk."
eaten,گۇنَ,n. Cressa Indica —Its seeds eaten by the poor.
eaten,ڳُلِهِر,"Flour, ghee & sugar mixed, & eaten raw."
eaten,ڳُنڌَڻُ,Any seasoning eaten with bread or rice. To plait (hair).
eaten,گُهڻولڳڻ,"To be eaten or destroyed (as grain, wood, etc.)."
eaten,لاڻو,"A glasswort, saltwort—plants eaten by camels."
eaten,مَنگهو,"A stake. Mastostigma varians , Its fruit is eaten raw"
eaten,مَنگهيرِ,A sort of wild gram eaten on fast days ( Hind ).
eaten,مودَڪَ,"A kind of sweetmeat of certain proportions of flour, ghee , and sugar eaten on certain Mondays, in honor of Shiva by Hindu women."
eaten,نانوئيِ,The seed of a grass eaten on fast days.
eaten,نُقْلُ,"Dessert, sweatmeats to be eaten at odd times."
eaten,نيرانو,"Fasting, not having eaten, with an empty stomach."
eaten,نيوَچُ,"A cake of wheaten flour, &c., eaten cold by Hindus on the 7th day of the waning moon in the month Sawanu"
eaten,پَٽَ لاڻيِ,"n. Zygophyllum simplex —its seeds eaten by the poor, and used medicinally."
inhabitants,سڃائيِ,"Desolation, want of inhabitants. Stinginess, miserlness."
inhabitants,وَسَڻُ,") A hamlet, a spot where there is cultivation or inhabitants. Fertileness, fertility."
helped,وَرْتِجَڻُ,To be distributed or helped out (food).
urge,تاهۇت لائِڻُ,To urge great promptness.
urge,پَرْکَہ,"To cause to do, urge, incite. To command, send."
urge,پيشِ ڪَرَڻُ,"To produce, adduce, urge; to submit."
urge,چاڻَڪَ,"A gibe, reproach, any thing said or done to urge one on."
urge,هُشْڪارڻ,To urge on. To give the sound for a camel to sit down.
chosen,اشٽ ديوُ,A deity specially chosen.
chosen,بَرگُزيِدو,"Elect, chosen."
chosen,پَسَندِ,"Approved, chosen."
chosen,چۇنڊَ,"Election; gleaning, Chosen; choice, best."
chosen,ڪَسِ,"Approved, chosen."
chosen,مُصْطَفَيٰ,Chosen. A name of Mahomed.
chosen,ناپئد,"Rare, chosen, unequalled."
copier,اُتاريندڙ,A copier.
victim,بَکُہ,"A sacrifice, an oblation; a victim."
victim,ٻَلِ,"An oblation, a sacrifice, a victim."
victim,صَدِقو,"A victim, offering, sacrifice; a thing offered up or devoted."
victim,قُرْبانُ,"A sacrifice, victim, offering. inter My life for you!"
victim,قرباني,A sacrifice; a victim.
princes,ڄامُ,"A title of the old Sind princes, lord."
growing,ڦوڪُ,Calligonum polygonoides —a plant growing in the desert.
growing,جَهرْڳُ,The tree kadaba growing in Cape Monze.
growing,ڇِڳارو,"Growing in clusters, etc., tufted."
growing,سۇنهَن,A nail of wood. A grass growing on the seaside.
growing,ڪولِمِيرُ,"Species of grantea, etc.—plants growing in the hills."
growing,سُندِريِ,n. Heretiera minor —growing in Sunderbunds.
mixes,ڪسنگيِ,One who mixes in bad society.
vicinity,اوڙو پاڙو,"Neighbourhood, vicinity; neighbours."
vicinity,ڀَرِ,"Brink, bank; vicinity. Against, supported by. On, upon."
vicinity,پاڙو,"A quarter of a city; neighbourhood, vicinity. ( comp. n"
vicinity,پَسِگِرْدائيِ,"Environs, suburbs, vicinity."
vicinity,ڇَڪَ,"Surroundings, vicinity."
vicinity,ويجهائيِ,"Nearness, proximity, vicinity."
jamaica,چيِڻوٺيِ,Wild Jamaica liquorice seed (used as jeweller's weight).
slice,ٻيرو,A slice of fish.
slice,ڦارَ,"A ploughshare. A slice of a melon, &c., cut lengthways; the cheek of a mango. A segment. A species of mugil — a salt water fish."
pluto,جَمُ,The Pluto of the Hindus.
pluto,ڌرم راءِ,Pluto (of the Hindus)
exciting,اَنگيزُ,(in comp ) Exciting. Lust.
exciting,فتۇريِ,"Quarrelsome, seditious, exciting quarrels. Deceitful."
exciting,لائيِ,"The wages for reaping, or the giving out such. Exciting a quarrel."
chew,اوڳَارڻ,"To chew the cud, ruminate."
chew,چَٻَڻُ,"To chew. masticate, gnaw."
dal,مِڙَڻُ,"To meet, to be collected, assembled, gathered together; to thicken (in cooking). To be well dissolved in water ( dal , &c., in cooking). To crowd, throng. To give milk (a cow, &c.) To close (as a wound)."
dal,ميڙڻ,"v. a To sweep. To collect, gather together, accumulate. To cause to cover (a horse, etc.). To cause the dal &c., when being boiled, to mix properly with the water."
dal,دال وارو,A seller of dal
transferred,بدلي ٿيڻ,To be transferred.
transferred,مُنْتَقِلُ,Transferred.
waves,جهورَڻُ,"To be hurt by a blow, fall, etc.; to be broken. To dash against (as waves)."
waves,ڇولِرُ,"Rippling, rising in small waves."
waves,دَڙَ,"The splashing of waves, roaring."
waves,لَهَرَ,) One carried away by waves.
expanded,ڦُنڊِجَڻُ,"To swell out, be expanded; to be puffed up."
questioning,پُڇَ,"Asking, questioning. پُڇَ ڳَڇَ، پُڇاڳاڇا"
questioning,رِڪَتَ,Obstructing by questioning or putting forward difficulties.
converted,ايمان آڻڻ,To believe; to rely on ; to be converted to the faith.
drunken,ڪَيْفيِ,"A drunken man, a drunkard."
drunken,مَخموُرُ,"Drunken, intoxicated."
drunken,مستانڪو,"Of a drunken man, of an idiot."
drunken,مستاڻو,Of a drunken man.
drunken,مستائتو,"or In a mad or drunken manner, like a mad man."
revenues,تَحْصيِلَ,"Acquisition, attainment. Collection (of revenues.) The area under a تَحْصِلِدارُ .تحصيلدار A tax-gatherer. A Mukhtiarkar in the Punjab."
revenues,جمع بَنديِ,"The settlement of an assessment; a rent roll, accounts of the revenues."
horseback,ٻيلَهِڙ,"In pairs; two together on horseback, &c."
horseback,ٽيلَهہ,"Three together (on horseback, &c)."
horseback,چورَڊَڊيِ,"A mounted thief, a band of thieves on horseback"
click,اَنيڪَ,"Numerous, many. Previous Page [29] Next Page [31] Digital version of the dictionary has content for page 30 on previous page. Please click to next. Previous Page [29] Next Page [31]"
click,ٺَهَڪَڻُ,"To knock together. To agree together, coincide. Pawl, or click of a water-wheel."
nearly,قَريِبُ,"A relative or near relation, an intimate friend. Near, nearly,"
nearly,مشڪي,"Of musk. Dark bay, nearly black (a horse)."
bounds,ليڪولنگهي بيهڻ,"To be shameless, to overstep the bounds of decency."
bounds,وڌيڪائيِ,"Exceeding, going beyond proper bounds in speaking or asking; extravagance, prevalence, superfluity, superabundance."
bounds,وهلۇروڃڻ,To pass the bounds of decency; to be impatient; to fly from (any thing disagreeable).
mothers,سِيڻِ,The mothers of the wedded couple etc.
changed,تَغَيُّرُٿِيَڻُ,To be changed.
changed,مُبَدِّلِ,"Changed, altered."
changed,وانهۇنداوَرِيا,The wind has changed.
changed,بَدِلِجَڻُ,To be changed; be transhipped(a passenger).
buildings,مَحْلو,"A quarter (or part of a town), a parish, a ward. A block of buildings."
cleaners,گڎو,"A bundle of grass or straw, a sheaf, a bundle of reed pens, tooth cleaners, etc. ( dim"
solicitation,سُوالُ,"A solicitation, request; a question."
flags,تاڙيۇن,"( ) The flags, decorations, etc. in the ""Mohurrum."""
teach,توبَهَ ڪَرائِڻُ,To bring one on his knees. To teach an effective lesson.
teach,پَڙهائِڻُ,"To cause to read; to teach, instruct."
teach,سِکائِڻُ,To teach.
teach,سيکارَڻُ,"To teach, instruct. To induce."
teach,ٻوڌَڻُ,"To teach, instruct, initiate (as a disciple). pass"
terra,ٿَلُ,"Deceit, wheedling, allurement. Firm or dry ground, terra firma Refrain, the burden of a song."
followers,اُمَتَ,The body of believers or followers.
followers,رامانَنديِ,"A sect of Hind. faqirs , followers of Ramanand ; believers in Rama"
followers,سنگت,Company. The inferior members of a family as distinct from their chief followers. A place of worship (Hind.).
followers,لاءُ لَشْڪَرُ,"An army, with its baggage and camp followers."
followers,لَنگرُ,An anchor. Alms; a public kitchen kept by a great man for his followers and dependents.
followers,ورتيِ,A Brahmin who has a certain set of followers and receives regular dues.
plunge,ٽُٻائِڻُ,"To dip, duck, plunge."
plunge,ٽُٻيِ,"A dive, dip, plunge. ٽوٻو، ٽوٻرُ، ٽٻِئار، ٽُٻِيَرُ"
na,ڳوهُ,"The monitor, the common Indian water-lizard ( varanus dracœna ) (misnamed ""Iguana"")."
worried,آتو,"Worried, weary; eagerly anxious."
worried,اَڙﮡ,"To be caught by anything, detained, worried."
worried,تالان,"Annoyed, worried; plundered."
worried,ڪَڪِ,"Wearied, bothered, vexed, harassed, worried. Syllable-table. A rash or kind of eruption on the skin."
worried,وِرْچاڻيِ,"The being worried, etc."
worried,وِرْتو,"To tire, become worried, jaded, angry, annoyed."
overweight,اُٽل,Overweight; preponderance.
troops,قاعده,) Rules. The rules of grammar. A parade of troops; drilling exercise.
troops,ڪُمَڪُ,"Auxiliary troops, reinforcement."
mention,باکہَ,"The first glimmer of dawn. Appearance. Mention, talk."
mention,ٻُڌائِڻُ,"To cause to hear, to tell, mention, inform."
mention,ذِڪِرُ,"Talk, saying, mention, remembrance; reading of the Quran and reciting the praises and names of God."
mention,ڳائووائو,"Talk, mention."
mention,مَذْڪوُرُ,"Saying, mention, what is said."
mention,نالوڳنهڻ,To mention by name; touch (a person).
mention,نانؤُڳنهڻ,To mention by name.
christi,هيرَ,"Castor oil plant ( ricinus communis , or palma Christi"
paints,رانئِڻُ,To scatter coloured paints on persons on festivities. To winnow. To work up grain so that the dirt may fall to the bottom. To weep. To be pleased; be reconciled.
secretly,تِرْڪائِڻُ,"To cause to slip. To slip away with, carry off secretly, or spirit away."
secretly,ٺُشائِڻُ,( slang ) To slip off with anything secretly.
secretly,پَر۾,Secretly.
secretly,جهاتيِ,"Looking through a hole or round a corner secretly, peeping."
secretly,چُپُ چُپاتِ,"Silently, secretly."
secretly,رَمائِڻُ,"To cause to go, to slip off with any thing secretly, pilfer."
secretly,فِرِسْتائي,The causing a quarrel between two persons by secretly reporting to each something the other said to his disadvantage.
secretly,ڳجهائتو,"or Secret, secretly."
secretly,ڳجهڙو,"or Secret, concealed, secretly, mysterious, reticent. Swimming with only the head out of water."
secretly,ڳُجهو,"or Secret, concealed, secretly, mysterious."
secretly,لِڪَ ڇِپَ ۾,"Secretly, on the sly."
secretly,منجهائتو,"or Secret, secretly."
secretly,چورئيَ,"Stealthily, secretly."
suspended,بَيْنو,An ornament for the forehead suspended from the hair.
suspended,جهاٻو,A gold or silver ball suspended as an ornament; a tassel.
suspended,جُهڳِليِ,A kind of ornament suspended from the neck.
suspended,جهۇلِڻو,A punkha suspended from the roof.
suspended,حَمائلُ,A sword-belt hung from the shoulders; a small Quran suspended from the neck.
suspended,دُڳْدُڳيِ,A gold or silver ornament suspended from the neck.
suspended,دِلْپاڪُ,An ornament suspended over the breast.
suspended,ڏاوڻ,"A string suspended from the hair for supporting the nose ring, etc."
suspended,ڍولڻ,An ornament suspended from the neck.
suspended,سِٽو,An ear of grain. One of the strings suspended from above in a loom supporting the web.
suspended,سَرْچِڙو,Name of a bird which builds its nest suspended from branches.
suspended,گَرْڦو,"A plant, the leaves of which are suspended in a bag round the neck to cure a cold."
suspended,گَرْڻو,A stick from which part of the loom apparatus is suspended.
suspended,گوپَ اَشْٽِميِ,The 8th of Kartik shukl-paksh on which day garlands are suspended from the necks of cows.
suspended,لَڙْڪَڻُ,"To hang, be suspended."
suspended,لَڙائيِ,"). To shake, vibrate (as anything suspended); hang, dangle. To swerve, deviate, go round, turn aside, recede, make a circui. (to reach any place), to pass off to one side. To be past the meridian, or commence to descend, decline (the sun). To lengthen out (the afternoon shadows), to incline to one side. To move off from, get out of the way (in shunning or avoiding). To pass or slip by to one side. To slope or be inclinedt ( naut ) To scud, be driven swiftly."
suspended,مَڇِليِ,"A drop made of a flat piece of metal suspended in an earring, &c. See under"
suspended,مُعَطَّلُ,"Suspended, in abeyance."
sees,اَکڙيارو,"One who sees into futurity, a seer."
wes,اَکَڻِٽِيجَ,A Hindu festival—(1st or 2nd day of Wesàkh).
dis,ليئيءَپيئيء,"( homely ). In sickness, while one is ill. A negative affix answering to un, dis, im , &c. Pado A prohibitive particle affixed to the imperative of verbs, not."
dis,نِہ,"A negative affix signifying in, dis , &c. (In comp Non, un, dis , etc."
sits,ڇارُ,The nest of eggs on which a hen sits.
sits,دَسْتيِ,"A kind of small huqa held in the hand when smoking. A kind of bracelet. The piece of cloth, leather, &c., covering the hand on which a hawk sits. A sword knot. A bundle of papers tied up in a cloth. The place in a spear where it is held in the hand. A wall-plate. A shoulder of mutton"
sits,گاديِ نشين,One who sits on the gadi
sits,ناڪائيِ,"One who sits at the entrance to a town, &c., to collect taxes."
sits,وناهير,One who sits etc.
cr,قالِبُ,Crœsus who flourished in 400 B.C.; also supposed to be Korah the cousin of Moses by Mahomedans. Proverbially applied to all misers.
wisely,سَنڌُ ڪمائِڻ,To act wisely.
wisely,عقلائتو,"or Rational, rationally; wise, wisely."
wisely,هوشائتو,"or Wise, wisely, intelligent, sensible, sensibly."
shaving,تِرْڇَڻُ,"See تِرْڇَ .تِڇَڻُ Peeling, paring, shaving."
shaving,حَجامَتَ,"Shaving, tonsure."
shaving,سَنوارتَ,"Shaving, tonsure."
shaving,سُوارٿيِ,"Adornment, beautifying. Shaving."
shaving,سۇمت لاهِڻُ,"To drive uncleanness by sweeping the house, cleaning the teeth, shaving, etc."
shaving,سيرَپَ,"Hair-cutting, shaving."
sit,آسڻ,A small carpet to sit upon at prayer.
sit,اوڪڙۇوهڻ,"To sit on the heels, squat."
sit,ٺِنڀي هَڻَْنُ,To sit silent.
sit,پِڙُ,"A round level piece of ground, a course, a circle or ring (of a water-wheel, etc.); halo. The threshing floor. The pool (at a game). The place in front of a tomb where people sit and beat drums; also the space round the flagstaff in the پِڙُپائِڻُ.مَحْرَمُ To gallop generally round in a circle. To fail, be bankrupt."
sit,پَلْٿيِ مارَڻُ,To sit on the buttocks.
sit,پيهو,A frame or scaffolding raised in a grain field for a watchman to sit on; a perch. ( dim
sit,ڀَڃيِ وِهَڻُ,To sit on heels and knees.
sit,جُهڪَڻُ,"To stoop, sit down on the ground (as a camel); to swag."
sit,جهيڪَڻُ,To cause to sit down.
sit,سَٿَڻُ,and سَٿَ ڪِنو .سِٿَڻُ Unworthy to sit in an assembly.
sit,کاڎوکوڙڻ,"To sit down. ( Shah ). To fall, come to ruin."
sit,گوڎوکوڙڻ,To sit down with one knee on the ground.
sit,ڀڃيِ وهڻ,To sit with the weight on the heels and knees; to kneel.
sit,وَناهُ,"See وَناهِجَڻُ . وَنَواهُ To sit performing, or to perform the ceremony wanah"
sit,وناهڻ,To cause to sit in wanah
sit,وِهارَڻُ,"To cause to sit, fix, place firmly, set; keep (a concubine); implant, instal, plant; to beat down, settle (ground)."
sit,ويٺو,"To sit or take a seat; to dwell, abide, reside, stay."
sit,وَهولَ ڳائِڻُ,"To sit idle, be doing nothing."
sit,ويهَڻُ,To sit.
sit,هٿ پال,Trained to sit on the hand (as a bird).
sit,هُشِ,or inter The cry by which a camel is warned to sit down.
sit,هشائڻ,To cause a camel to sit down.
sit,هشڻ,To sit down (a camel).
sit,هُشْڪارڻ,To urge on. To give the sound for a camel to sit down.
sit,هَنجَ,"A tear (in weeping). Lap, the part above the hip-bone on which infants sit in being carried; the hip, the lap."
sit,بِراجَڻُ,"To grace: to adorn, to sit majestically."
finely,پَٽَهَڙو,"A toy, kickshaw; a small finely painted earthen pot used as a toy or given filled with sweetmeats as an offering."
finely,چَهَچَٽو,"The variegated show from a number of fine things, or of persons finely dressed, a fine sight."
ordered,مامۇرُ,"Ordered. Usage. Work, business."
er,داخِتَرُ,"A doctor, medical practition er."
visits,سُڳُڻُ,"A morsel of food eaten for civility's sake at a house one visits. Certain superstitious forms gone through at weddings for good fortune. Augury, omen."
continuous,ٺَڙِ ٺَڙِ,A continuous noise of knocking or hammering.
continuous,گهايۇن ڎِيَڻُ,"To roll, beat a drum with rapid, continuous strokes."
continuous,ماضيِ مدامي,Past continuous tense.
resemble,شِڪِلائِڻُ,To resemble in appearance.
resemble,شڪل لڳڻ,"To resemble in appearance); to affect; to be defiled (by a touch); to be operative, have effect (as medicine); to cost; to be worth anything; to be shut, closed (as the eye); (an auxiliary ) to begin, commence (as"
passions,اِندريْ دَمَنُ ڪرڻ,To subdue the passions.
passions,من ساڌڻ,"To acquire the power of holding the passions in subjection, to conquer the passions."
passions,سَنجُتو,One having command over his passions. With all apparatus complete; equipped (a horse).
passions,نِرْڳُڻُ,( Hind. phil ) Without passions or qualities (an epithet of God).
passions,دَمُ,Subduing; subduing the senses or passions.
perform,اَداڪرڻ,"To perform, discharge."
perform,ڀيِثَڻُ,"To compare. To complete or perform. To interview, visit."
perform,مَٽوٽيڪَڻُ,"To incline, bow down (in worship), perform reverence. ("
perform,پارِڪَرَڻُ,"To ferry across; to carry through, perform."
perform,پُٺِ ڏِيَڻُ,"To turn one's back, retreat, turn tail; refuse to perform. to depart, leave."
perform,پِنڊُ پائِڻُ,To perform this ceremony.
perform,پِنيِ پائِڻُ,To perform the above ceremony.
perform,دَمَرُ,"and perform other offices in connection with the Brahmin at marriages, deaths, etc. A musician. fem"
perform,داڻوپڙهيِ هڻڻ,To charm or perform spells with grain after a certain fashion.
perform,ڏاوڻ ڪپڻ,To perform the ceremony of cutting the thread when a child begins to walk.
perform,رَسائِڻ,"To cause to arrive. To accomplish, perform, transact."
perform,رساڪار,"Able to please or accommodate, efficient, fit to perform, capable."
perform,رهڙڻ,"To perform any thing, or work hastily and coarsely or in a clumsy manner. To scratch, scrawl, scribble. To get hold of another's goods by tricks and wiles."
perform,ساڌَڻُ,"To perform, execute, accomplish; practice. To browbeat, bully."
perform,سُکِيو,"Happy at ease; easy (to perform), simple."
perform,سۇنهانئِڻُ,"To perform the work of a guide, to guide."
perform,ڪَيو,"To do, act, perform; to ply, use, wield (a sword); commit, perpetuate. carry on, transact, discharge (a duty, etc.); to hold (a court); to manage, contrive; complete, finish; solve, work out (a sum, etc.); cook, dress (food); wear, put on (clothes, etc.); engage, take on hire."
perform,کڳيِ هڻڻ,To perform the khagi
perform,کُنڀُ,The fireplace or kiln over which washermen steam clothes in preparing them for the wash. The 13th day of the waning moon in the month of Jethu on which the Khudawadi Hindu women perform certain worship for the welfare of their sons.
perform,کيپ کٽڻ,To perform a feat.
perform,کيڪارڻ,"To ask after, etc.; to perform the usual ceremonies of salutation, etc., to greet."
perform,منڻ لاهرائڻ,To perform the ceremony of a child's first tonsure
perform,نباهڻ,"To pass, get through (time.) To get through, accomplish, achieve, perfect, perform, transact; to keep faith with."
perform,نبيرڻ,"To end. conclude, terminate, finish, complete, perfect, perform; settle, decide."
perform,نِئَتُڻُ,"To do, perform."
perform,وضۇسارڻ,To perform ablutions.
perform,وَناهُ,"See وَناهِجَڻُ . وَنَواهُ To sit performing, or to perform the ceremony wanah"
perform,ويِرُپَوَڻُ,To perform tricks as having been seized by a demon.
perform,هومڻ,To perform or offer a
peru,عَباسيِ,Marvel of Peru.
peru,عباسيِ,Marvel of Peru
realize,وصولڻ,"To collect (money), realize."
somebody,آساميِ,A person; customer; a somebody.
somebody,مَٿان,"under مٿون لهڻ .مَٿُ To be from above, be somebody."
rays,تِرْڪو,"A few rays of sunshine, a little sunshine."
rays,راسيِ,The bright rays thrown on the sky by the setting sun.
rays,شُعاعُ,"The rays of the sun, sunshine, radiance."
rays,موٽَ,"Backing, moving backwards. Refund (of duty). Reflection (of rays)."
renovated,تازوتَوانو,"Refreshed, cured, renovated."
com,باردانو,"A pack cloth, a case. ( com ). Tare."
com,تيزُ,"Sharp, pointed, acute; penetrating, piercing (eye); pungent, hot; fiery, passionate; swift, quick, active, smart (a boy). ( com ) Tight. ( abs. n"
com,پاسِريِ,"( com ). From, dated from (place, used in bills of exchanges, etc.)"
com,پاسو,"A side, direction, quarter. ( com ) A page of a book."
com,پِئاسَ,Thirst; craving. ( com ) Demand.
com,ڦَئِلائِڻُ,"To separate, to distribute, to clear; ( com ) to work out (interest)."
com,چاڪُ,"Well, recovered from illness. ( com ) Brisk. A slit in clothes, rent, tear; a wound, cut. A wheel (of a cart, etc.). A buffalo-keeper."
com,چاڪائيِ,Recovery from illness. ( com ) Briskness (of trade).
com,چاوَتِ,"Spite, ill-will. ( com ) Competition."
com,ڇِڪَ,"A pall, strain; dunning; longing, yearning; attraction. ( com ) Demand. Single distilled liquor. A rope for hauling in or up a sail."
com,ڇِڪَڻُ,") Strain of the intestines. A snatch, twitch.( com ) Demand."
com,خاصيِ ڪرڻ,com ) To accept (a hundi
com,ٽِڪيِ,"(2). Exchange, substitute. ( com ) A wagering contract, speculation. A sale bill, or order for sale of grain."
com,سۇجَ,( com ) Gross (weight).
com,کوٽِپو,( com ) Wastage.
com,کوکو,"A dried up stalk of grain, any thing dried up and withered. ( com ) A paid and receipted bill of exchange. A box. Empty."
com,گهيڙَڻُ,"To cause to enter (into water), penetrate, to launch; cause to commence or enter on. ( com ) To post."
com,لَليِ,See للوڏيڻ .للوهنج com ) To square (accounts)
com,ماٺو,"( com ) Not in demand, in small demand, dull. Lessened in force; quiet, calm, still."
com,مارچوڪَرَڻُ,( com ) To exchange one hundi for another.
com,اصل مال,( com ) Prime quality.
com,مَتُ,com ) A partnership deed.
com,مَٺاڻِ,") Bad; weak, diluted, lessened in force, &c. Base (as coin), coin with some inferior metal mixed in it, alloyed. ( com ) In small demand, dull. Sluggishly, lazily, feebly, weakly, with small force. A dish made of tyre or coagulated milk mixed with water, spices, &c."
com,مُدي پُنيِ,( com ) Mature.
com,موڙومچڪو,Idem. ( com ) Dull.
com,موڙيِ,( com ) Dull or weak market.
com,جنس ميل,com ) A stock-book
com,ميل ڪڍڻ,com To take stock.
com,نيڪاسُ,Export; exportation; a passage or vent for water. ( com ) Negotiation (of a hundi
com,وَٽو,"A kind of metal bowl or cup for drinking from ( Mah ). A weight for weighing with. A piece of string put in a hole bored in the ear, or nose to keep it open for an earring, etc. ( com ) Discount on a hundi ; premium; difference in exchange."
com,وَڎو,") Largeness, bulk, size. ( com ) Speculation."
com,وَرُ,"Twist, curve, bend, turn, circuit, coil curl, ringlet, winding. A boon, blessing, especially in the gift of a Brahmin or deity. ( com ) Quality or number of cloth. Circumvention, deceiving. A bridegroom or husband."
com,وِسارَڻُ,"Power, ability, means; strength. ( com ) Solvency."
com,وڪاءُ,( com ) The endorsement on a hundi
com,وڪڻڻ جوڳيِ,( com ) Negotiable (a hundi
com,وَهَنوارُ,"( com ) Correspondence, dealing, nagotiation. Worldly business. True, exact, correct. Cleared, squared (an account), equal, discharged."
com,وهي واٽ,com ) Correspondence. A public road.
com,ڀَئِڪائِڻُ,( com ) To inflate (the cur-rency).
com,حاضُريِ,( com ) Spot or ready (rate).
travels,سفرنامو,A book of travels.
bringing,آنچَڪ,Removing the check (in chess) by bringing forward another piece.
bringing,بيِ جَسو,"or Inglorious, not bringing honor or credit."
bringing,پالِنا,"Providing, or caring for, bringing up."
bringing,چانئَُٺي,The dressing the hair by bringing it in a circle over the forehead and drawing the ends back behind the ears; the hair of one side so dressed.
bringing,ڏوتيِ,"etc., in front by crossing the ends and tucking them in. A cloth thrown loosely over the shoulders. A mode of wearing a loongi by throwing it over the shoulder and then bringing it round the waist."
bringing,سُڀُ,"Good fortune, prosperity, or ( ind ) Any thing or matter bringing good fortune; lucky."
bringing,سَڦَلُ,"Profitable, bringing gain, efficacious."
bringing,سَجايو,"Profitable, of benefit, advantageous, bringing gain or profit, useful."
bringing,سَدورو,"Fortunate, of good fortune, or bringing good fortune; obedient."
bringing,ڪُڀُ,"or ( indic ). Any thing bringing ill-fortune; unlucky; adversity, evil."
bringing,ڪوتاهُ,"a. See ڪوتاهيِ . ڪوتَهُ Shortness, not bringing to completion, omission, deficiency, default, falling off, scantiness."
bringing,ناستيِ,"An atheist. One bringing ill-fortune, unlucky."
bringing,وِيامَڻُ,") Bringing forth young, childbirth. Lying-in, confinement, accouchement."
influenced,ڪانيارو,"Influenced by another; dependant, indebted, under obligation. Timid."
altered,مُبَدِّلِ,"Changed, altered."
removes,ميٽَڻَ هار,"One who removes pain, etc., an epithet of God."
efforts,سَگهائِتو,"or Able, strong, possessing power or efficacy; with power using one's best efforts."
abused,پُڻائِڻُ,"To cause to be abused, get one a bad name."
abused,کاڌَلُ,"Eaten; tasted; injured by insects, birds, etc. (as cloth, grain, fruit, etc.) worm-eaten, damaged; eroded; abused, deflowered (a maid); corrupted, (said also of one who has taken a bribe); indebted, under obligation."
breaks,ڀيِرِ,A high point on the bank of a river such as breaks down into the stream. A huge monster. A large kettle-drum.
breaks,ڇنڊو,"A sprinkle. ( fig ) Spattering, defaming. A ceremony by Hindus on 11th, 21st and 40th day after small-pox breaks out on a person."
breaks,گوزيِ,One who breaks wind; one who exaggerates or tells extravagant stories.
breaks,مَلو,"A swelling of the glands of the neck, also of the gums and jaws. A disease of the skin which breaks out in pimples or boils. Epithet of any thing tending to produce such disease."
timed,ڪُمَهَلو,"or At an improper time, ill timed, unseasonable, unseasonably."
sip,ڍُڪُ,"A sup, sip."
sip,ڍُڪُ ڀَرَڻُ,To sip. To endure patiently. To praise. To take sugar and ghee (after a fall).
sip,ڍُڪَڻُ,To sip.
sip,سُرْڪو,"A large sip with noise. A creeping, crawling motion; an itching."
sip,سرڪو,To sip.
sip,سرڪيِ,A sip.
ah,آنهَ,"inter Ah! Alas! Oh! Lamentation, complaint."
ah,آهَ,"inter Oh ! ah ! A deep sigh evoked under a sense of wrong, a curse. Fondness for, desire to retain. ( poet ) Hope."
ah,حَيْفُ,Shame. inter Alas ! ah !
ah,ووءِ,Alas! ah!
ah,هاءِ,inter Alas! oh! ah!
ah,هوءِ,inter Alas! Ah! also
ah,هَيْ,inter Ah! oh! alas!
would,پُلِ صِراطِ,"A bridge over which, Mahomedans believe, they would pass into paradise."
would,جيڪَرَ,"If, although. inter Would that."
would,شالَ,"inter Would that, pray that."
would,ڪَرَ,"or Would that, if, suppose that, as if, like, resembling. An expletive particle. Knowledge, news."
would,مانَ,"inter or Would that, I hope, I wonder if."
would,مَنَ,"inter Would that, I wonder if, perhaps."
would,هۇندَ,"If, would that; or used as a particle to indicate desire, as"
would,آئون هوند وڃان,"I would go, or wish to go."
mitigate,جَهڪائِڻُ,"To cause to lessen in force, etc.; to mitigate, tarnish, reduce, humble."
mitigate,هپائڻ,"To lessen, mitigate, soothe; humble, reduce."
comes,پاڻَ ڀيريِ,When one's turn comes to do or give.
comes,چورتپ,A fever that comes at night.
fixes,چَڙيِ,The spike on which a turner fixes in his lathe the articles he turns. A small bell for hanging round the necks of cattle.
sells,بڪارِڻِ,A woman who sells flowers.
sells,ڦُلارِڻِ,A woman who sells flowers.
sells,ڏڪاريِ,or One who stores up grain and so rises prices; a trader who sells dear.
sells,ڪبابي,One whe roasts and sells meat.
sells,ڪوڎير,One who sells cowrees Ornamented with cowrees
sells,ڪُهَريِ,One who sells boiled grain.
sells,ماهِيَڙُ,One who sells milk and butter. A miser.
sells,ماهيڙياڻي,A woman who sells milk.
sells,نؤديِ,One who makes or sells
sells,نۇناريِ,"A salt manufacturer, salter; one who sells salt."
sells,وڎڪاسائيِ,A butcher who sells beef.
severely,تُنباڙَڻَ,"To card cotton, etc by pulling it out with fingers. To beat severely."
severely,ڪَڍَڻُ,To punish severely.
severely,ڦَٿِڪائِڻُ,"To shake violently, or give a violent shaking; handle severely, subject to a severe examination."
severely,چِلَهڻُ,"To pound, bruise by pounding, mash; beat severely."
severely,ڇنڇريِ لاهڻ,"To set right (by drubbing, or scolding severely)."
severely,دُنبارَڻُ,"To go over a second time (the cleaning rice, cotton, &c.); to beat severely,"
severely,ڏاڱورِڻ,"To beat, thrash soundly; to bite severely (as a dog)."
severely,ڊَڙَڻُ,"To thrash, beat severely."
severely,کل اُتارڻ,To flay; to punish severely.
severely,گهچاڪڍڻ,"To crush, punish severely."
severely,لاکَہ لاهِڻُ,"To set right (by drubbing, or scolding severely)."
severely,گُڎُڀَڃَڻُ,To beat severely.
severely,ڀَرُڪَري,"With violence, (striking)severely."
curling,ڪاڪُلُ,"A lock of curling hair, a ringlet."
ropes,اَڳيا ڙيِ,"The ropes by which a horse is tied in front; the front part of the head; the first part of a period, beginning."
ropes,پاراڌيِ,A maker of ropes.
ropes,پَڇاڙيِ,"The end, conclusion, latter part. The heel ropes for a horse. The dregs of strained"
ropes,پيرَڻ,Ropes tied round the feet by thieves.
ropes,چرخو,"A spinning-wheel; a large water-wheel worked by a camel or two bullocks; the wheel of fortune. Taking the four pieces of an opponent in the game چرخيِ .چؤپڙ A spinning jenny; a machine for twisting ropes with; a windlass; a ginning machine; a kind of firework, catherine-wheels. Watered by a Persian wheel."
ropes,ڏَڻُ,n. Crotalaria burhia (Its twigs are used for making rough ropes.
ropes,ساٽِڪِيۇن,n. pl Pieces of slender ropes tied round a furled sail.
ropes,ڪاٻارَ,"Coir or fibres of the cocoanut from which ropes are made. Apparatus, materials."
ropes,کَپَڻُ,"A scabbard. Orphanthera viminea , out of whose fibres ropes are made."
ropes,گاسَڻِ,"( naut ) Rounding, marline, small ropes wound round a rope to keep it from chafing."
ropes,گُڙِندُ,The pieces of twine by which the pots of a water-wheel are attached to the circular ropes malha
ropes,لَڄَ,) ( naut ) Ropes.
ropes,لاڎيِ,The ropes of a boat.
causing,ٿَڌائِتو,"Cold, causing cold, chilly, cooling."
causing,پِريرِڻا,"Causing to do, etc. Act of sending, etc."
causing,عجيِبائيِ,The causing surprise or wonder.
causing,فِرِسْتائي,The causing a quarrel between two persons by secretly reporting to each something the other said to his disadvantage.
causing,ڪَسَڪوءَ,Saving or causing something to be left over in any expenditure.
causing,ليپُ,"Plaster, ointment; salve applied to another, generally staining it or causing some injurious effect."
causing,نِنڌَڪُ,"Wretched, despicable, suffering or causing ill name and revilings."
causing,واتَوارو,Emetic causing vomiting.
causing,وِڌِ,"Among Hindus, the defilement brought on others by one dying in a state of uncleanness, or on one's self from causing the death of a cat, &c. A defect (in a metal). See"
seeds,اُليِ,"Bulimy, a ravenous appetite; ravenousness. An aphis attacking oil seeds."
seeds,بي داغائيِ,"Seedless, without seeds."
seeds,جُواريِ,with two seeds in one sheath.
seeds,داڻِ داڻِ,"In drops, or seeds. Vesicular eruptions."
seeds,روٿَ,A fat round thing; a number of seeds or young plants planted together.
seeds,ڪارازيريِ,Common carraway seeds.
seeds,ڪارِيجِيريِ,Common carraway seeds.
seeds,ڪَپاهَ,The seeds of a plant (also called Panira ) used in medicine.
seeds,ڪِرْياڻو,Seeds other than cereals.
seeds,ڪِنِرو,Gynandropsis pentaphylla —its seeds are used medicinally.
seeds,ڪيِئَن,"A necklace of different kinds of seeds, etc., worn by mendicants, etc. A ring round a bird's neck."
seeds,کَسْکَسِ,Poppy seeds.
seeds,کَنڌَوَهيِ,"A zemindar's account book of seeds, takavi , etc., advanced to haris"
seeds,گۇنَ,n. Cressa Indica —Its seeds eaten by the poor.
seeds,گهڻ ٻجو,"Having many seeds, seedy."
seeds,لاڙڻ,"To dangle, hang, to cause to take a circuit. To slope, slant. To separate (cotton from seeds)."
seeds,مالَڪَنگِڻيِ,"n. Celastrus paniculata , staff-tree—its seeds used medicinally."
seeds,مانجهاندِڙيِ,Egyptian sesbania—its seeds and leaves used in medicine.
seeds,مۇريِ,) The green pods and seeds of the radish plant used for eating.
seeds,پَٽَ لاڻيِ,"n. Zygophyllum simplex —its seeds eaten by the poor, and used medicinally."
seeds,ڪۇڪَمُ,"n. Garcinia Indica —used as an acid ingredient in curries, and out of its seeds oil is extracted."
seeds,کَراڙو,Paddy seeds.
barking,رۇنڀَ,"The rushing of a dog, etc. at one with barking."
barking,ڪنئَُن ڪنَئنُ,"Gabbling, prating; the barking of a dog."
barking,بَهيِ,The barking of a dog.
informing,چُغِليِ,"Backbiting, informing, tale-bearing, peaching."
informing,ڏاهَ,"The giving intelligence, informing."
joke,چَٿَڙَ,"Joking, joke, ridicule, jesting."
joke,کل کاٻاريِ کلاسريِ,"Laughing, ridicule, joke."
joke,مَزاخَ,"A joke, jest, pleasantry."
joke,مسخري,"Buffoonery, drollery, jesting, jest, derision, joke."
joke,واهَ واهَ,Excellent; bravo! well done! How strange! what a joke! You dont say so!
representing,آنَڪَ,A weight representing 1/16th of a seer ; one anna piece.
representing,ڀۇريِ,A doll representing a European female.
climb,چَڙَهڻُ,"To rise (in price, etc.); mount ascend, climb, get up; embark; improve (in health, etc.); approach the end of any business; be strung (a bow), be braced (a drum). To dry (as a wet land). To be overboiled (as syrup). To be offered up (as a sacrifice)."
collectively,ٽَپُڙَڻُ,"Coarse-sackcloth for carpeting; a coarse carpet. ( fig ) Ability, stuff. ( collectively"
collectively,ڊاڀئنون,Of ڊاڀو. ڊڀ The grass (collectively). Producing much
collectively,زمينات,Lands collectively.
collectively,ساه پتاه,"Jewellry, jewels collectively."
collectively,سِپاهُ,"Soldiery, soldiers collectively."
laid,آٽﮡ,Dry flour laid under and over dough when it is rolled.
laid,اُجڙڻ,To be laid waste.
laid,ڀَنڀو,Hair laid down in locks over the forehead. Beautiful.
laid,پاتائو,Leather laid on the inner sole of a shoe.
laid,پَرَپﯘرو,An enamel of a red colour laid on gold.
laid,ڇاڙَ,A piece of cloth laid by each of the friends of one deceased on the body before burial; a pall. A branch running out of a main stream. ( dim
laid,دَسْتَرِ خوانو,A table-cloth; a cloth on which food is laid out.
laid,ساٿاڻَڻُ,To move or lean lightly on (a limb after being laid up from disease or a hurt); to rest after labor; to convalesce.
laid,ڪَٺارَ,The part of the bank laid bare by the fall of a river.
laid,ڪَنجَڪَ,The loose leather straps hanging down from a saddle and laid hold of by footmen.
laid,ڪَنواٺيِ,"A yoke, a stick laid across the shoulder for suspending a bundle, etc., on each side."
laid,گاسڻ,). A bribe; a bait. Priming (laid in the pan of a gun).
laid,پارڇ,A transverse stick laid along the ground on which posts are supported.
laid,مَنجيِ,"A kind of low chair, a buffet, stool, footstool. A pedestal. The projecting bottom of any vessel, &c., on which it stands or is supported; the frame or stool for a spinning wheel. A transverse stick laid along the ground on which posts are supported. A name for the Sikh Scripture."
laid,مَنڌِئڙو,A kind of churn staff. Name of a grass. A peg fixed in the frame on which the threads for the warp of a web are laid out to keep down the threads. A sign like this ⨉.
laid,نالُ,"A stick placed across the top of a post to assist in supporting whatever is laid on it. A tube used by goldsmiths, &c., for blowing their furnace with. Fee for gambling."
laid,نِڪِرْتو,"A filthy person, one who performs not the ablutions, &c., laid down by the Hindu religion."
laid,واپرڻ,"To come of or into use, be expended or laid out, to pass, occur."
laid,عيد,anything laid by against the evil day.
prints,کَڙْڳيِ,A caste of Hindus who wash clothes roughly and dye prints.
sleeves,کَنجَڻُ,"To tuck up one's sleeves, &c."
scriptures,پاٺُ,"Reading, perusal. Reading of scriptures. A lesson."
scriptures,چَوْنڪي,"A guard, watch, watching. The reading the Sikh scriptures. A stool, bench, chair. A station."
scriptures,ڪَٿا,"Preaching, interpreting Scriptures."
scriptures,گِرَنٿُ,"A book, a work; the Sikh Scriptures."
scriptures,نِگَمُ,"The Vedas or Hindu scriptures.even, also."
scriptures,ويدُ,A Veda —the original Hindu scriptures.
scriptures,شاسِتْرُ,The Hindu scriptures.
destroyed,بَرِباد,"Ruined, destroyed, lost."
destroyed,بُڙْدُ,( indic ) A term used at chess when on one side the King only remains on the board. Destroyed. ( naut ) The sounding line or lead.
destroyed,ڀَثِڻِ,"Ruined, destroyed."
destroyed,پائِمالُ,"Down trodden, ruined, destroyed. ( abs n"
destroyed,ڦِٽِجَڻُ,"To go to ruin, be corrupted; become waste, be destroyed (as colour). To break; to coagulate. To have a difference or quarrel. ڦيٽَهَڙو،ڦيٽاڙو،ڦِٽوڙو،ڦِٽوڙ،ڦِٽاٹيِ"
destroyed,چَٽُ,"Finished, destroyed, exterminated, extinct, waste."
destroyed,چپڙاس,"Destroyed, waste, extinct."
destroyed,چوڙ,"Destroyed, ruined, waste."
destroyed,فنا ٿئڻ,"To perish, to be destroyed."
destroyed,ڪُٽُ,"Gelt, castrated; destroyed."
destroyed,کَيِٴ,"Destruction, ruin. Destroyed, ruined."
destroyed,گُهڻولڳڻ,"To be eaten or destroyed (as grain, wood, etc.)."
destroyed,لَئيِ,"For the sake of, because of. Destruction. Destroyed, ruined, mingled. Absorbed (in the Deity.)"
destroyed,ناسُ,"Destroyed, extinct. Destruction, ruin."
destroyed,وِناسُ,"Destroyed, exterminated. Destruction."
designated,ڳاڻ ڳڻيو,"Allocated, designated, counted."
criminals,جۇڻيِ,Obtaining and giving information as regards criminals.
jumping,ڀِنڀَ,"Jumping, frisking."
jumping,ٽِپَ وَٺَڻُ,Jumping about.
jumping,ٽَپِڪونَچِڪو,Jumping and frisking.
wearing,بِکاريِ,One wearing a faqir's habit; a mendicant.
wearing,بيکِڌاريِ,One wearing a faqir's garb.
wearing,پاڳارو,One wearing a turban i. e The head of his tribe.
wearing,چَپْڙاسيِ,A messenger or peon wearing a
wearing,چُڙِڻيِ,"Wearing, wear."
wearing,حوليو,One wearing a helmet.
wearing,ڏوتيِ,"etc., in front by crossing the ends and tucking them in. A cloth thrown loosely over the shoulders. A mode of wearing a loongi by throwing it over the shoulder and then bringing it round the waist."
wearing,ڏارِڦاڙِ,Tendency to tear wearing apparel.
wearing,ڏَنوَڏارُ,Having a tendency to tear wearing apparel.
wearing,ڪَلِرائِڻُ,To make somewhat dirty by wearing a cloth.
wearing,کٿيرو,One wearing a khatho
wearing,گهگهيريِ,One wearing a ghagho
wearing,هَنڊِڻيِ,"Durability; use; the being used, wearing away, wear."
wearing,ٻُڪِرِ,The breadth of a shawl; a peculiar way of wearing a shawl by women.
met,ماتُ,"Checkmated (in chess). Met. Subjected, beaten, brought under."
met,مِلُ,") To be found, obtained, to come to hand, find, met with, mixed: to blend, correspond, match, tally, be joined, meet, mingle, be amalgamated; to meet, visit; to collude, combine together (as thieves); to coincide."
says,ڳالهائڻ لڳو,"Began to speak); to get aground (a boat); to rot, be spotted (fruit); to match with; to follow, to listen to, believe, rely on (what another says); to reach; to appertain; join. To strike (as a stone); to strike (the mind)."
tomato,ٽَماٽو,Tomato.
scaled,ڇِلُرُ,") Scaled, scaly, squamous."
carpets,فَراشُ,"A servant whose business it is to spread the carpets, etc."
carpets,فراس,"Spreading carpets, etc., the business of a"
compared,ٽَڪِرَڻُ,"To come to combat, to encounter; to butt, knock against, clash, collide. To be compared together."
speak,ﮘا لها ئڻ نٿواُڪليِ,Cannot speak.
speak,آلائڻ,To speak.
speak,ٻولَڻُ,"& To agree, settle, contract. To speak, talk; speak out(as a possessed person). To sing, warble (a bird)."
speak,ٻولائڻ,To make (one) promise; make (a possessed person) speak out.
speak,چَٻي چِٿي ڳالهائڻ,"To be guarded in speech, speak with deliberation or prudence."
speak,چَپَ چورَڻُ,To attempt to speak; to eat.
speak,چَيو,") To say, tell; speak to; to scold."
speak,چيِٽُ پَوَڻُ,"To speak in contradiction, to argue, discuss warmly; to fret."
speak,ڇِڙٻڻ,"To rebuke, speak sharply to."
speak,ساکَہ,"Affirmation, a solemn declaration to speak the truth. Evidence, testimony. Reputation; honesty, honour, credit."
speak,ست ٻولڻ,To speak the truth.
speak,ڪُڇَڻُ,"& To speak, talk, sure, size."
speak,ڪُشْڪَڻُ,"To say, talk, speak."
speak,ڪَهَڻُ,"To say, speak. To labour along, toil, journey, to run."
speak,گنگائيِ,"Dumbness, incapacity to speak"
speak,گۇن گۇن,The noise of a child attempt-ing to speak.
speak,ڳالهائڻ,"To speak, say, talk."
speak,ڳالهائڻ لڳو,"Began to speak); to get aground (a boat); to rot, be spotted (fruit); to match with; to follow, to listen to, believe, rely on (what another says); to reach; to appertain; join. To strike (as a stone); to strike (the mind)."
speak,ملهڻ,"To show bravery, etc. To speak one's own praises, pride one's self."
speak,مِنائِڻُ,"To speak through the nose, nasalize"
speak,وات وڪيل هئڻ,"To be able to speak for oneself, be of age, or a major."
roofing,پَنِڪائيِ,A grass from which mats are made for roofing.
roofing,ڇانئِڻُ,"To cover in by roofing, overspread."
roofing,ڇَپَرُ,"An eyelid. Grass thatched on a frame and put up for roofing. Highlands, a range of hills. ("
roofing,نَرو,The groin. The urinary ducts. A testicle. A tile for roofing. A kind of firework.
aiming,سَڃَ,"Pointing at, aiming; ffoering."
hangs,سِرْباريِ,A load on the top of an animal's back in contradistinction to that which hangs on each side.
wrapped,مُحِوُٿِئَڻُ,"To be absorbed, wrapped, or engrossed in."
wrapped,مولهو,"n. a Wrapped up loosely, tied in a lump (a cloth)."
planets,نَوگِرَهيِ,The worshipping of the nine planets—a marriage ceremony ( Hind
planets,ويلا,The auspicious time as judged from the planets for the performance of any act. Horoscope.
planets,تَثْلِيثِ,The Trinity; trine (the aspect of the planets).
putting,اوتارو,"An inn, or place for putting up in."
putting,تَعَمِيلَ,"Putting in force or practice, execution (of a decree), service (of a notice)."
putting,ٽالو,"Evasion, shuffling, putting off."
putting,پارَتَ,"Recommendation, putting in a good word; commending to one's care, kindness or charge."
putting,ڏائيِ,"Any thing used as a mark or signal; a head of earth thrown up to mark a road; a pole put up to mark the rise of the river; a sign made by putting out a certain number of fingers under a cloth as secret intimation of an offer in purchasing goods; a signal flag. An assignation, appointment. The putting up two fingers in playing the"
putting,رِڪَتَ,Obstructing by questioning or putting forward difficulties.
putting,رَکُرَکان,"Evading, putting off, waiting."
putting,سِلَڻُ,"To spoil bread by putting the dough to bake on a cold pan without first heating it, or by under cooking, &c."
putting,سَنوارڻيِ,"Expense of adorning, putting in order, &c."
putting,سيرِڻيِ,The moving or putting aside. A running knot.
putting,ڪَرَڌَرَ,"Putting things to right, manner of arranging things."
putting,کيرمنڊيِ,"A plain ring worn on the little finger at the ceremony of putting on the sacred thread, or by a bride and bridegroom at a wedding."
putting,گُگِهر,Place for putting money.
putting,گوٿناٿ,"Evading, evasion, putting off."
putting,گوهيِ,"Evasion, procrastination, putting off, shirking. A time, turn."
putting,ڳٽڪار,"A small book or bundle of papers. A pill prepared by devotees, by putting which in their mouths they are supposed to be able to fly. A pill made of quicksilver, &c., supposed to cause good digestion, increase virile power, &c. Plump."
putting,ڳِراهِٽِڙيِ,"An embrace, putting an arm round another's neck, a hug."
putting,مۇڙو,"An offering or present given to any one on the occasion of his passing through any religious ceremony, as putting on the Brahminical thread, marrying, &c. A bale or large parcel. A reed chair."
putting,مَهِڻو,"Reproach, taunt, upbraiding by putting one in mind of obligations unpaid, sarcasm."
putting,ناٽارَ,"Evasion, putting off, shirking."
putting,نَٽاءُ,"Putting off, evading, shirking."
putting,وَٿاڻ,"An enclosure or pen for putting. up cattle in at night. A place, residence A stall."
putting,وِٽارَڻُ,To defile or pollute as food by putting the mouth to (as by an animal or bird).
putting,پَکيِ,) One who catches water-fowls by putting feathers of a bird on the head.
soldiers,سِپاهُ,"Soldiery, soldiers collectively."
soldiers,گۇلِريِ,Detachment of soldiers; a body or band (of men); a flock (of sheep).
soldiers,گهاگهِراپَلْٽَڻِ,Kilted soldiers; Highland Regiments.
animals,بَڪُبَڪُ,The social noise of birds and animals; the cooing of pigeons.
animals,ٻاچُ,The young of man or animals (a collective term.)
animals,تِيَرڻُ,To spawn (eggs as fish does). To purge (said of animals).
animals,پُڇَ تي پَوَڻُ,To be weak (said of animals).
animals,پَرو,"Idea, consciousness, intimation; search. ( hunt ) The driving together to one spot wild animals. Acquainted."
animals,پَوْڻُ,A pitfall dug to catch wild animals in.
animals,چَٺِ,Any vessel used in giving unclean animals food or drink.
animals,ڏَنگِہ,A large fly attacking animals.
animals,ساڳو,A string of loaded animals.
animals,سَرْگيِرُ,Catarrh and other respiratory diseases in animals.
animals,سَلهاڙَڻُ,"To couple, join in pairs (animals)."
animals,سَلَهڙُ,"or In pairs, coupled (cattle). A pair or couple of animals."
animals,شڪارگاه,A park for confining animals of the chase.
animals,ڪمائڻ,"To work, to earn, gain. To slaughter, dress (animals for food). To manure (land)."
animals,ڪوڙِڪيِ,A kind of trap or snare for birds and animals. A springe.
animals,کُڎِڻو,"The stand in a hunting preserve from which the sportsman watches the approach of animals, and fires, a butt. A miniature house, animal, boal, etc., made for Hindu children during Divali"
animals,کِيرو,"Green bajri, juari , etc., given to animals for forage; unripe ears of grain. The young of any animal at the time of cutting its first teeth. A male palla fish."
animals,ليٽَهْڙو,Rolling on the ground as some animals do.
animals,مۇني,The ankle of a horse and other animals.
animals,هيِ,"pron This, he, it. inter The sound by which animals are driven. Grief, lamentation. pron He, it, this."
animals,ڀيلَ,The trespassing of animals; a field in which cattle are let loose for grazing.
owing,آڪُڙَڪري,Owing to.
owing,ڏئڻو,"A thing to be given, a debt. Payable, due, owing."
owing,ڪنگ ٿيڻ,"To be emaciated, be reduced (owing to illness)."
owing,ماموئيِ ٿيڻ,To perspire profusely owing to heat.
owing,هُٻَسُ,Closeness owing to overcrowding in a room.
brutal,حَيْنوانيِ,"Animal, brutal."
brutal,مرنئَڪو,"Brutal, etc."
carries,ڌڪائيِ,One who carries a club. A superficial man.
carries,پُڇَ ٽارُ,A horse which carries its tail to one side.
ups,ٿاﯦا ٿوُﯦا,"Trips. and stumbles; ups and downs, butfetings."
ups,راڄو,See راڄَ وَنْتِيۇن ڇايۇن . راجا Ups and downs of life.
ups,نَشيبُ وفَرازُ,Ups and downs; profit and loss.
ix,بَٽانو,A green pea. Page viii Page ix
ix,بَمُ,The pole of a carriage. Page ix Page x
becomes,پُرْکارَٿُ,"That which becomes a man, as valour, generosity, etc; any object of human pursuit."
becomes,مَتوميڙوڇڏڻ,"To depart in honor, before the state of things becomes worse in an office, etc."
becomes,هوائيِ,"Airy aerial; vain, silly, frivolous. Pale (a colour). A sky rocket. The merchandise saved out of ships sunk or wrecked which becomes as a royal perquisite."
rooms,ڏيڍيِ,"A kind of earring or ear ornament. An antechamber, porch, gate-house; the wall forming a screen to the doorway to the women's apartments; a zenana, harem. The door and adjoining rooms for door keepers."
toys,سِڪَڻُ,"). Liking, love, desire for, eagerness. Longing after, yearning. Earth, the sediment of the river used by potters for making toys, &c."
trouble,اُچائڻ,"To trouble, annoy."
trouble,آزارﮡ,"To hurt, trouble, pain."
trouble,اَڳلي کي هلاک ٿوکرين,You trouble one.
trouble,اَهَنْجُ,"Trouble, inconvenience; pain."
trouble,اِيذاءُ,"Trouble, nuisance; pain."
trouble,ٻِيجاريِ,"Loss, trouble or inconvenience suffered through another's failure to keep promise."
trouble,ڀِيڙَ,"A crowd, multitude. Trouble, difficulty, pressure."
trouble,تالان والان ڪَرَڻُ,"To trouble, worry, to confound."
trouble,تَائِڻَ تَپائِڻُ,"To tease, vex, trouble."
trouble,تَصْديِعَ,"Trouble, difficulty."
trouble,تَڪْلِيفَ,"Trouble, difficulty, hardship."
trouble,ٺوٺاچَٻائِڻُ,"To harass, give trouble."
trouble,پَهيِ,"Reflection, counsel, considering. Trouble, annoyance."
trouble,ڦوڪَٽُ,"Causelessly; without trouble, etc."
trouble,جاڙَ,"or Uselessly, fruitlessly. Neglect; stupidity. Commerce; dependence. Trouble and anxiety."
trouble,جاڳَرُ,Demand. (?) Trouble. (?)
trouble,جاکوڙَ,"Trouble, difficulty, vexation."
trouble,جَفا,"Trouble, hardship; molestation, injustice."
trouble,جُکَ,"Pain, sorrow, trouble."
trouble,جَنَجَلُ,"Trouble, difficulty, embarrassment, mess."
trouble,جَنجاليِ,"One who causes trouble, etc."
trouble,جَهرْڪو,"A blow from a wave; trouble, difficulty."
trouble,خرابيِ,"Destruction, injury, ruin, evil, badness; trouble, difficulty."
trouble,دق ڪرڻ,"To trouble, annoy."
trouble,دِقَتَ,"Trouble, annoyance; pain, ache."
trouble,ڏاڙَهہ,"The tusk of an animal, a fang; a double tooth. A bite from an animal. Distress, trouble."
trouble,ڏانجهَہ,"Pain, trouble."
trouble,ڏَنجُ,"Sickness, pain. sorrow, trouble."
trouble,ڏوڪِڙيِ,"Pain, trouble, misery, wretchedness."
trouble,ڊيِڪَڻُ,"To run about or labour to exhaustion, undergo great trouble, trot."
trouble,رُلائِڻُ,"To annoy or trouble by delay, etc.)"
trouble,رولڻ,"To throw into disorder; neglect; to trouble by delay, etc."
trouble,سانگائتو,"or With ease, without much trouble. In looking for one thing finding another also; at a good opportunity. Regardful, needful."
trouble,سَتائِڻُ,"To vex, annoy, trouble' persecute."
trouble,سُتۇنُ,Trouble. Speech.
trouble,سَندائِڻُ,"To vex, irritate, trouble."
trouble,سَهَجُ,"Quiet, ease, slowness, (opposite of haste and trouble). Bhang bruised and mixed with water. Treating with respect or consideration. Easy."
trouble,فَقِڙيِ,"Clamouring for alms or money; altercation; trouble, annoyance, vexation."
trouble,فرمائڻ,To take the trouble of going to one's house.
trouble,ڪاڪاهو,"Trouble, pain, difficulty."
trouble,ڪاهِئَٽِڪو,"An obstinate, trouble some person is so called."
trouble,ڪَشالو,"Toil, trouble, affliction, distress, discomfort."
trouble,ڪَلْپائڻُ,"To anger, vex, trouble"
trouble,ڪَهَڪُ,"Pain, distress, trouble."
trouble,کاپارو,"Annoyance, trouble, botheration."
trouble,کَپائِڻُ,"To expend, consume, use up, finish. To bother, annoy, trouble."
trouble,کِجائِڻُ,"To trouble, annoy, tease. To boil away."
trouble,ڳَهَڻُ,") Trouble, toil, fagging."
trouble,لَنوَنديِ,"Trouble, bother (as"
trouble,مونکي لهي ڪين ويندو,No trouble to me (by obliging you).
trouble,مَشَقَّتِ,"Labour, trouble, difficulty."
trouble,مهاڄار,"( lit a great net) A difficulty, trouble."
trouble,وِماسُ,"Anxiety, grief, trouble."
trouble,وڻ گهوڙونہ ٻنڌڻ,"To cause awful trouble, to harass."
trouble,وِياڪُلُ ڪرڻ,"To annoy, trouble."
trouble,هَرْجُ,"Loss, detriment. Trouble."
trouble,هَلاڪُ,"Bothered, annoyed, wearied, trouble, vexed."
trouble,هلاکہ ڪرڻ,"To trouble, annoy."
trouble,هلاڪت,"Annoyance, bother, vexation, trouble."
trouble,هَلاوَتَ,"Distress, annoyance, trouble."
trouble,هڻ ڌڻ,"Trouble, bother. False weighing or. measuring."
trouble,تَنگَ,Trouble.
moves,جَنگَمُ,"One of a class of faqirs who go about ringing bells. That moves or has life; animate, moveable."
moves,نۇرو,A hollowed ring worn on the ankle in which small pieces of metal rattle when the wearer moves. A depilatory.
moves,راهِدارُ,(A horse) that moves at the pace called rah ; a pad horse.
rooted,راسِخُ,"Firm, rooted, constant; sincere."
computing,ڳَڻَڻُ,") Counting, computing."
appearing,تَلوِارِ,An ocular spectrum appearing before the eye; the dazzling from great light into a dark room; a spot of oil etc. floating on water.
appearing,جوار,and such like plants when first appearing above the ground and shewing leaves. Efflorescence (of salt).
appearing,مِنهَن وَساڙو,"An insect with a back red and soft like velvet appearing after rains, ( colloq ) a red bug."
forwards,جهۇلَڻُ,"To swing backwards and forwards, rock, oscillate."
forwards,ڌنڌولڻ,"To shake backwards and forwards, to give a shaking, pull about."
forwards,ڊوڙَڊُڪَ,"Hurry, bustle, running backwards and forwards, flutter."
forwards,قُنۇت,Standing with the head inclined forwards and hands on either side of the face.
forwards,ڪوڙِ,Pegs fixed in the ground in two rows on which the thread is passed backwards and forwards in preparing the warp for weaving.
forwards,گهِچا,"To swing one's upper body backwards and forwards, reel, stagger."
forwards,گهيچو,"Pulling and pushing backwards and forwards, or in and out, irregular oscillation, the uneasy motion or jolting of a camel, &c."
forwards,لَنگَهہ,Passing backwards and forwards.
converts,سنجوڳيِ شيخ,A class of Mah converts who observe Hindu customs.
opened,ڀِِيِڙَڻُ,"To close, or contract (as the hand, or an opened bangle, etc)."
opened,کَلَ,"To open, be opened; be unravelled, be untied or unfastened; to be let loose; to be removed (obstacles); to be cut or opened (a passage, line, etc.); to be disclosed, get wind; be exposed or betrayed; to be clear; to mellow (as sound); to brighten, shine; to look well, become; to begin, commence; to be set up."
reside,رَهَڻُ,"To stay, stop, remain; reside, live, abide, continue. To play. To desist."
reside,ويٺو,"To sit or take a seat; to dwell, abide, reside, stay."
stems,ٽِيجَ ڪاٺي,n. Ipomœa Turpethum —its stems and root used as a purgative.
stems,سَتْگُلو,An extract from the bruised stems of the gulo plant— cocculus cordifolius
taken,ٿَڏو,A plant taken up for transplanting.
taken,ٽَڪَڪيِ,Two pice commission or discount per rupee taken by artizans.
taken,پاڙو,Discount taken on coins below standard.
taken,پانديِ,"A cop, or roll of thread taken off the spindle."
taken,پاڻِيارو,"Of water, aquatic, watery, wet. The hire of a water-wheel taken from another."
taken,پُٽائيِ,A fee taken by a religious teacher on the birth of a son; the joy at the birth of a son.
taken,پﯘرُ,"The party taken over in a ferry-boat, a trip of a ferry-boat; a set of loads in the conveyance of any thing. A side, party. The four in the game of"
taken,پَهائي,"One who marks out such lines). A young infant. See پَهيِ .پَهيِ A quantity of raw cotton, etc. taken at one time in the hand for spinning. Butter-milk. A little girl. A counsellor. Of a goat."
taken,پِئَرِ,The water of the safflower dye left after the strength has been taken out of it.
taken,ڦانڊَ,"The skirt of a garment taken up to hold anything; the lap a lapful, skirtful. Allotment, share; subscription."
taken,چَوْپَڙِ,when two pieces stand on the same square and then cannot be taken.
taken,جُهلَڻُ,"To swag, sag; to be taken off (as water-wheels, a load, etc)."
taken,مُٿارَ,"). The losing one's way, difficulty, perplexity. A skirt taken up to hold anything in."
taken,جهولي,"A scrip, wallet, bag. The collection made by fakirs on a certain day in the name of Mahadeo. A skirt taken up to hold any thing in. A nest of eggs; a brood of young birds. A body of men, a troop."
taken,چَنَگُلُ,A handful as taken up between the extended fingers. Name of an ear ornament. A claw. A stretcher.
taken,ڇَڙَهڻُ,"A slab, or an outside piece taken from a timber, etc."
taken,خاڪُ,"Dust, powder, ashes; dust taken from a saint's tomb."
taken,دوٻو,A sup or small quantity taken in the palm of the hand of ground opium mixed with water. A drop of ink.
taken,ڌَڌِڙيِ,A duty taken on the sale of grain according to its measurement.
taken,ڌوڪوکائڻ,To be taken in.
taken,ڏاتِ,"A little water taken in the hand and drunk in adoration of the river deity. Liberality, generosity. A divine gift, a gift. ڏاتر، ڏاتار، ڏاتا"
taken,رُجۇع,"Inclined, disposed, taken in hand, entered upon, referred to another,"
taken,رَڪَبُ,"A paper of rates at which any assessment is made, or tax taken, &c. A tax, an assessment."
taken,سُهانجِڙو,The lying in of a woman. Regimen or medicine taken at this time.
taken,سيجَرات,"The ninth night of the Mohurrum , when the taboots are taken out for perambulation through the town."
taken,غَصَبُ,Embezzlement. Taken by unlawful and violent means; embezzled.
taken,فِروعيِ,"Stray, and without owner (cattle, &c.) A fine taken from thieves for a theft committed. The word (from"
taken,قبۇليِ,"Approved of, agreed to; (also applied to government fields taken up for cultivation)."
taken,ڪاسِڪيِ,"A fixed quantity of grain taken on the Persian wheel, or per bigah as rent."
taken,ڪَوْنتَلُ,"A horse, &c., led or taken extra to that mounted on a journey. A kind of boat."
taken,ڪيرو,"Small grains amongst wheat, &c., taken out in cleaning. Spotted fruit (of a garden). Fall of leaves; autumn. See"
taken,کاڌَلُ,"Eaten; tasted; injured by insects, birds, etc. (as cloth, grain, fruit, etc.) worm-eaten, damaged; eroded; abused, deflowered (a maid); corrupted, (said also of one who has taken a bribe); indebted, under obligation."
taken,کڻائتو,"or Given or taken with a fixed term for payment, having a fixed term, according to agreement."
taken,گرڙيِ,"The rinsing the mouth, gargling; the water taken into the mouth for this purpose."
taken,گِرَفِتارُ,"Seized, taken, entangled, involved (in a difficulty, etc.); absorbed."
taken,گينڊيِ,A roll of thread as taken off the spindle.
taken,گهڻ واکتو,"Busily employed, taken up with business."
taken,لاڀيرۇ,Given or taken on interest or usury.
taken,لائي لائي کائڻ,"To eat scantily of the meat, vegetables, or whatever is taken as a condiment with one's bread."
taken,لٿو,"To throw (a playing card). To go or get down, dismount, alight. To descend, come down, disembark; set (as the sun); to be taken down or off; to be settled, adjusted (an account); to take up quarters, to stop at. To be turned out (of caste). To be cured (a disease). To subside (a flood of water), abate, fall. To be reduced (said of a sick man)."
taken,مُڙهيِ,Young plants of juari bajri taken up for transplanting.
taken,مُهُريِ,"A large kind of pestle for pounding grain with to polish it. The mouth or muzzle of a gun barrel. The place where custom duties are taken, or the duty itself. See"
taken,ميچو,"The measure of the circumference of the arm taken as size for ornaments, measurement."
taken,ناڙيِ,"The roll of spun thread as taken off the spindle, cop. The pulse, a vein, artery. Stubble left in a field. A seed drill."
taken,(ناس نڪ-پتو),A medicine taken in by the nose. (In plural The grey streaks showing first appearance of daybreak.
taken,نائُڙي,A roll of spun thread as taken off the spindle.
taken,نِڪْتَلُ,"Abstracted, taken out; expelled; protuberant."
taken,وَٺِڻو,"(A thing) to be received or taken, due, a debt."
taken,وياجيرۇ,Given or taken on in te rest or usury.
taken,اَنتِڪالو,"Gram, etc., taken out just before a Hindu dies, to be given to a Brahmin."
shadows,لَڙائيِ,"). To shake, vibrate (as anything suspended); hang, dangle. To swerve, deviate, go round, turn aside, recede, make a circui. (to reach any place), to pass off to one side. To be past the meridian, or commence to descend, decline (the sun). To lengthen out (the afternoon shadows), to incline to one side. To move off from, get out of the way (in shunning or avoiding). To pass or slip by to one side. To slope or be inclinedt ( naut ) To scud, be driven swiftly."
falls,پاڙو,The trough into which the water of the pots of a water-wheel falls.
falls,رَلْيو,"Fate, what falls to one's lot."
falls,لاڙائۇ,That which descends or lessens; declining (as the sun). One who shirks or falls back.
falls,منگلاچوٿ,A fast kept on the 4th day of the waning moon when that falls on a Monday.
including,ساڻُ,"With, along with, by means of by, including, to. With oneself."
including,سَپاڙو,"With, or including the roots."
visited,ڀَرَڻُ,") To be filled, &c. &c. To be visited by a demon. To be broken-winded (as a horse.)"
visited,سَتاڙو,lit Seventh day). The ceremony of the husband taking his bride home a day or two subsequent to the wedding after she has visited her friends.
hides,ڇوڙائيِ,A dealer in hides.
offices,ڀَثُ,"A Punchayet's attendant who performs various offices in marriage, &c. ( fem"
offices,دَمَرُ,"and perform other offices in connection with the Brahmin at marriages, deaths, etc. A musician. fem"
suffering,اندوهُ,"Pain, sorrow, suffering."
suffering,اڻ سۇريتو,"Not suffering from pain or grief, sorrowless."
suffering,ڀوڳَ,"Enduring, suffering. Enjoyment, luxury, enjoying sensual pleasures; venery. Food offered to an idol. Solemn ceremony at the conclusion of sacred reading (Hindu)."
suffering,چۇچو,(One) suffering from such.
suffering,دُڪُہ,"Pain, suffering; grief, sorrow,"
suffering,دکيِ,"Suffering, unhappy."
suffering,ڏڪارجڻ,To be suffering from famine or scarcity.
suffering,ڏوسُ,"Sin, fault; suffering."
suffering,رِنجِهڪِنجهِہ,The constant suffering of an infant from sickness.
suffering,رِنگهِہ چِنگهِہ,The suffering of an infant from sickness.
suffering,سِڌو,"To be acquired, gained, obtained. To become softened in cooking, be seethed; to be pained (as in suffering); to be knocked up. To seethe."
suffering,ڪِڇِڙو,or One suffering from boils.Sloven.
suffering,ڪڇر,One so suffering.
suffering,کيدُ,"Suffering, misery. Deceit."
suffering,گهوڙاگهوڙا,The cry of one suffering pain. Alack! Help! help!
suffering,نِنڌَڪُ,"Wretched, despicable, suffering or causing ill name and revilings."
surrounded,پِڙُهَٹَڻُ,"To be surrounded by a halo (the moon, etc.)"
surrounded,کَروتِ,A small mosque. A small open space surrounded by a low wall used as a mosque.
upwards,ڪانيِ,"The top of the reed sara from the last knot upwards used for making baskets, &c.; a reed pen. The power to curse; a curse from which calamity follows. A thin round rod of silver or pewter with which antimony is applied to the eyes. The stalk or a straw of wheat, rice, &c. A procupine's quill."
upwards,ماڙِ,(In comp with the numerals from two upwards) The upper storey of a house e. g
upwards,مَٿَمُنهون,", or Conceited. Higher than usual, too high. Mouth upwards. مَٿاميڙَ، مَٿامو، مَٿاڪُٽَ See under"
avatar,نَرْسِنگهُہ,The 4th avatar of Vishnu— half man and half lion. نَرْڪُ، نَرَڪُ
stars,ثَوابِتَ,The fixed stars.
stars,جوڳَ,"A yoke of oxen, &c. The duty of a ""Jogi""; religious meditation, union with the deity by means of abstract contemplation. The junction of stars, &c., (in astrology). Certain divisions of a great circle measured on the ecliptic. A fortunate moment, a good time. The dregs or strainings of strained bhang. a Fit, suitable, becoming, proper. To, for, (used in letters and hundis in respectful indication of the addressee or payee)."
stars,جِهرْمِرِ,"Beauty from variegation of colours, or diversity of decorations; the effulgence of stars, many lights, etc."
stars,ڇِڳُو,"A bunch of flowers, keys, stars, etc., a flock (of birds); a tuft."
stars,ساهو,"The judging from the stars the propitious time for marriages, &c. Of the light half of the month or the 15 days after the new moon."
stars,ڪَرَموڙَڻُ,"To stretch the arms from weariness; to set, go down (as stars)."
stars,کِڙَڻُ,"To blossom or blow (as a flower); to shine (as the moon or stars). To go out, fall (as a star)."
stars,مۇلُ,"Root, origin, principle, foundation, basis. Stock, capital. Original text, text (of a book, opp to comment). The 24, or the 17th or 19th lunar asterism, containing 11 stars, considered unlucky."
goats,ٻاڪَرِ,A flock of goats.
goats,ٻساڪَرَڪُثو,"( liter ). Slaughter of goats; dealing blows right and left; outcry, bawling."
goats,ٽِڪِڙو,"An ornament for the forehead, Pieces of glass worked on dresses. A kind of cake. Small spots of paint by Hindus on religious books, on goats before sacrifice, etc."
goats,ڦولِڙيِ,"The orbicular excrement of sheep, goats, etc."
goats,پَجو,"Up. S ). A market (for goats, etc)."
coming,اَچ وچ,"Coming and going, communication, frequenting."
coming,آواگَمَنُ گَوَنُ,Coming and going; transmigration.
coming,ايِندَڙِ,While coming.
coming,ايندڙويندڙ,While coming and going.
coming,بالاتَنْگُ,The strap coming over a saddle to which the girth is attached; a surcingle.
coming,ٻِيگهيِ,"Gains coming in from two quarters, a capital opportunity."
coming,ڀيِرو ڀَڃَڻُ,To miss going or coming.
coming,پَرَٻَهَرو,"or Passing outside, coming or going direct to or from any place without visiting, or stopping anywhere."
coming,رجوعات,"Inclination, leaning; reference to a person for arbitration, etc; the coming in of many people on a visit, etc."
coming,سۇسَڪَ,A point coming down from the handle of a sword on each side of the scabbard.
coming,گيِنڊو,"A tuft of thread, &c., coming out in a lump from the ball or roller on which it is wound."
coming,لارَ,Strings drawn out from any glutinous substance (as honey hanging down from the comb); money coming in as a fee or allowance from different directions. The tongue or clapper (of a bell).
coming,ميڙائو,"Meeting, joining, coming together."
coming,نِسِرَڻُ,"To be coming to a head, shoot out to ear (the grain in a crop); to shoot up."
coming,وارُ,"Coming, approaching."
coming,وَرَڻُ,") Next, coming (month, etc.)."
coming,هيڪاندِ,"Meeting, coming together, being together; unity."
coming,ايرِڦيرِ,Frequent changing of one thing for another; coming and going.
smoker,پِئاڪُ,A drunk ard; a smoker of intoxicating drugs.
smoker,چَنڊۇليِ,A smoker of
smoker,ڇيڪائۇ,A puller A great smoker; a dunner; one who works a whetting stone; a beast that has to be dragged along.
smoker,حُقائيی,A great smoker of
smoker,گانجائيِ,A smoker of ganja
smoker,گَڊُ,"Deep (drinker, or smoker, as"
residing,مُقِيمُ,"Residing, stationed."
residing,واسيِ,"or Resident, residing."
strings,ڄارو,A cobweb. The strings in the pulp of a mangoe. Soot. The green film or scum rising on standing water. Burning pain.
strings,دنبار,A kind of guitar with five strings.
strings,ڏَٽو,"A cork, plug, bung, stopple. That part of the huqa connecting the tubes with the bottom. A piece of stick attached to drum strings for tightening them with. Fat, stout."
strings,زِبانَ,"The tongue; language, speech, words. Name of one of the strings of the sitara"
strings,سِٽو,An ear of grain. One of the strings suspended from above in a loom supporting the web.
strings,سيلهيِ,A rope or string of goat's hair; a string with or without cowries hung round an animal's neck; strings tied round a Fakir's cap.
strings,لارَ,Strings drawn out from any glutinous substance (as honey hanging down from the comb); money coming in as a fee or allowance from different directions. The tongue or clapper (of a bell).
strings,مُرْمِرا,"( Chena meal worked up and made into strings like vermicelli. Swollen, parched wheat, &c."
strings,مِينڍَ,Lightening the strings of a stringed instrument.
dresses,ٽِڪِڙو,"An ornament for the forehead, Pieces of glass worked on dresses. A kind of cake. Small spots of paint by Hindus on religious books, on goats before sacrifice, etc."
dresses,خوراڪيِ,"Strengthening (medicine, &c.); eatable. One who feeds and dresses well."
abdul,يارهِين,The 11th night of the lunar month kept as a festival in honour of Abdul Qadur Gylani.
smiling,کِلَ مُکو,"Having a smiling face, affable, merry."
smiling,مُرْڪَڻُ,") A smile, smiling. The shaking of the voice in singing."
smiling,مرڪڻو,Smiling; a smiler.
understood,گُپْتُ,"Hidden, secret; invisible. ( gram ) Understood (an ellipsis)."
understood,لُپْٽُ,"Understood, not expressed."
quantities,ڪارۇنْڀار,"In great quantities, or with great force; lowering (clouds)."
bees,ڇَٽو,"A stroke of wind that causes madness. A wasp's nest, a bees' hive. Green putrid scum on standing water. Calm. (Shah)."
bees,گهۇن گهۇن,"The hum or buzzing of bees, &c.; the humming of a top."
bees,مانارو,The nest of bees or wasps.
bees,مَکِہ,A fly; a bee; a swarm of flies or bees. The sight or bead of a gun. The barb (of a hook).
drawers,اَڳَٺُ,Tape for drawers.
drawers,ٻَچِيِ,"The codpiece in a pair of drawers; any piece let into a dress. A small kind of turband. An additional cut in a watercourse to deepen it. A supplement, a supplementary sheet. A little hen."
drawers,پَٽَهاڙ,"A broad tape, generally spoken of the waist string of drawers."
drawers,چَرْنو,A kind of drawers covering only the thighs.
drawers,چۇڙو,"A bracelet, a bangle. The gathering up in stitches the lower seam of drawers so as to have them tight round the ankles."
drawers,ڪانچَ,Loose pantaloons or drawers.
drawers,ڪَڇو,"The side of a boat. A chuddy, drawers covering only the thighs. ( bot ) A tendril."
drawers,ناڙو,"The waist string of a pair of drawers. The rope by which the yoke is fastened to the plough. The naval string, umbilical cord. A water plant the leaves of which are used as food."
am,اُلَسْتُ,liter Am I not?) Eternity.
am,ٿوُڪا,"inter In boys' play ""I cry quarter,"" ""I am tired""."
am,وسْتارُ,"Expansion, extension, am plification; prolixity."
am,اَناالحَقُّ,I am God.
disappeared,رَفَعَ,"Finished. Removed, disappeared."
disappeared,هِرْتُ,"( indic ) Disappeared, lost, lapsed (used only with abstract nouns, as excellence, sense, &c.)."
miles,سۇئا,n. Scicena sina and s.miles a marine fish.
miles,ڪوهُ,"A kos , about two miles. pro ( indic ) or What? Why? ( L.S )."
miles,ڳاهۇ,A kos (2 miles.)
feeds,خوراڪيِ,"Strengthening (medicine, &c.); eatable. One who feeds and dresses well."
heels,اُﭜکڙو,"or On tiptoe, on the heels."
heels,اَڙيِ هﮣﮡ,"To drive the heels into an animal in riding, to spur, or goad."
heels,اوڪڙۇوهڻ,"To sit on the heels, squat."
heels,ڀَڃيِ وِهَڻُ,To sit on heels and knees.
heels,ڇيليِ ٿيِ لڳڻ,To follow on the heels of.
heels,ڀڃيِ وهڻ,To sit with the weight on the heels and knees; to kneel.
heels,نَعْلُ,"A horse shoe, a piece of iron put on the heels of shoes."
held,چُرۇ,The palm of the hand contracted so as to hold water; what is held in a palm so drawn up.
held,ڇَتِرَ,"A large umbrella held over kings, etc."
held,دَسْتيِ,"A kind of small huqa held in the hand when smoking. A kind of bracelet. The piece of cloth, leather, &c., covering the hand on which a hawk sits. A sword knot. A bundle of papers tied up in a cloth. The place in a spear where it is held in the hand. A wall-plate. A shoulder of mutton"
held,ڌريِ,) The side stick of a lathe by which the article turned is held.
held,سَماجِڪُ,"Held in common, belonging to a society."
held,مُحَرَمُ,"The 1st month of the Mah year, held sacred on account of the death of Husain; mourning and lamentation."
held,مَعْمۇلُ,"Custom, practice. A tenure on which land is held, the Government rent being excused in consideration of services to be performed in cultivation."
held,معمۇلی,"Customary, practiced. Held on mamul tenure."
held,هوريِ,A great Hindu festival held at the approach of the vernal equinox; the song sung at the festival.
held,لَڳَڻُ,"( gram ) To qualify. To importune. To take (days), To be related to. To be due to. To be held (a fair). To stretch (as a desert)."
women,آتﮡ,The place where women sitand spin.
women,ٻالو,A kind of bracelet worn by Hindu women.
women,ٻَڙيِ,O ! friend (woman) ! (used by women in addressing).
women,ڀِِينڊيِ,"Edible ochro ( hibiscus esculentus ). A cloth tied over the head by women. Virginity, maidenhood."
women,پَٽو,"A band, a broad strip in cloth, a strip of leather, paper, etc. A belt. A band worn by women across the forehead; a fillet. A dog collar. An arm ornament. A lease."
women,پَنجِيريِ,"A medicinal sweetmeat composed of sugar, ghee, flour, &c., given to puerperal women, &c. A candle."
women,پيپِنيِ,A kind of bodice worn by women.
women,جاگِريِ,A male of a class of marwaries who prostitute their women.
women,چالِيهو,"Quarantine, or a forty days' abstinence or separation kept by women after childbirth, and by persons after an attack of small-pox, &c. A forty days' fast. The fortieth part of one's gains given as a tithe or charity. Forty days of great heat or cold. And forty or with forty ( e.g"
women,چولو,"A vest or short shift worn by women. A long garment worn by Faqirs, infants, &c."
women,چوليِ,"A kind of spencer or bodice worn by women, a corset. A cloth case for any thing."
women,ساتانو,Seven kinds of grain sown together in a pot in a house by women on the 12th of the dark fortnight in Sawan and plucked up and thrown into the river on the first of Bado for good fortune (Hind.).
women,ساڙهيِ,A dress consisting of one piece of cloth worn by Hindu women round the body and passing over the head. An earthen pot for keeping milk in.
women,ستردار,"Veiled, concealed, shut up (women)."
women,سِٺِڻو,"A marriage song sung by women at weddings, a hymeneal."
women,سِئاءُ,The mourning of women at the death of a relative.
women,ڪَنجُران,A kind of bodice worn by women.
women,کٿيِ,A fine woollen blanket worn by women.
women,کُنڀُ,The fireplace or kiln over which washermen steam clothes in preparing them for the wash. The 13th day of the waning moon in the month of Jethu on which the Khudawadi Hindu women perform certain worship for the welfare of their sons.
women,گهگهو,One worn by Beluchi women.
women,لاوَڻُ,A kind of red chemise or spencer worn by Mussulman women.
women,مَحافَو,"A sedan or palanquin, a litter, esp for women."
women,مَساڪُ,Walnut bark chewed by women to give their lips a bright red colour.
women,مَسْتۇرِاتِ,"Women, respectable ( i. e veiled) women."
women,مُسَماتِ,A title prefixed to the names of women.
women,مُؤا,inter Dead! (used by women) You wretch!
women,مودَڪَ,"A kind of sweetmeat of certain proportions of flour, ghee , and sugar eaten on certain Mondays, in honor of Shiva by Hindu women."
women,نِقابو,"A cloth tied round the head by Mah women at the time of prayer, a veil."
women,وارڻيِ,"A reading over of the Shastras by a Brahmin Abstinence from milk, etc., after childbirth ( Hind. women"
women,وانڍيۇن,n. plural ). Women who distribute food at a feast.
women,ٻُڪِرِ,The breadth of a shawl; a peculiar way of wearing a shawl by women.
servants,خاصِخَيْليِ,A caste employed as house servants.
servants,عمليِ,"Practical, opp to عمْلو .قِياسيِ A crowd; servants, retinue, suite, an establishment. A building. A claim, suit."
fills,پاڻُڀَرائی,"One who only fills his own belly, selfish."
words,لَفْظُ,"). Words, terms."
words,باکيو,An oral engagement; words spoken in contradistinction to written.
words,ٻاڻي,"Speech, language; sacred words. A charm, spell. Name of the goddess ""Saraswati."""
words,تَخْتيِ,"A tablet, a signboard; a set (of words) beginning with each letter of the alphabet."
words,تُڪانتَ,Rhyme of words.
words,تَڪْبِيرَهَڻڻُ,"To repeat the words, ""God is great."""
words,ٽَرَڻُ,"To turn aside, get away, be past (time), to pass away (words, etc.); to be warded off."
words,حيص بيص ڪَرڻَ,To bandy words.
words,زِبانَ,"The tongue; language, speech, words. Name of one of the strings of the sitara"
words,طۇلُ طَوِيلُ,"Length, prolixity, many words, diffusiveness. Lengthy, prolix."
words,ڪِٺس,"Indecent words, scurrility."
words,کراڎينهن,"When a hundi bears these two words, it entitles the holder to no discount"
words,زبان کلڻ,"To be loosed (one's) tongue; talk too much; to use harsh words,"
words,گهرڪيِ,"A rebuff, brow-beating, sharp repulse in looks or words."
words,لباسَ ٻَنڌَڻُ,"To flatter or try to deceive by fair words, to wheedle."
words,مِسِ مِسِ ڪرڻ,To whisper flattering words.
words,ميرنجيِ واري۾,"In the days of the Amirs ). An attack (of fever). Of course. ( Shah ). An affix to words, as"
words,وِيتِ وِيتِ,The rubbing a finger of one hand up and down on the palm of the other and crying out these words to any one to anger him.
words,ويڎيِ,A form of words repeated by the Brahmin at a marriage. An altar.
words,اَنگين اکِرين,"In figures and words, with chapter and verse."
words,رَٽَڻُ,") Speech, words."
threaten,اَکہ ڏيکارڻ,"To scowl; be stern, threaten."
threaten,اُلارڻ,"To rise up the hand, etc. to strike; to threaten."
threaten,ڀَڙْڪَڻِ,"To threaten, intimidate."
threaten,دئيِ ڪرڻ,"To frighten, threaten."
threaten,ڌَمْڪائِڻُ,"To threaten, to frighten, to scold."
threaten,سۇٽڻ,"To rub, bruise by rubbing. To browbeat, bully, threaten, scold, reprimand."
cleaned,ٻِِثَٻُهيِ,Ill cleaned grain.
cleaned,چوکَہ,"A grain of cleaned rice, (in ) cleaned rice. The option or power of cancelling any purchase up to a certain time. Good, excellent; fine, elegant; pure (gold)."
cleaned,صافُ,"Clean, pure, clear, definite, explicit; cleaned out, cleared out, empty."
waking,جاڳَرْتِ,"Waking, watching, vigilance."
doo,ڪُڪُڙۇڪۇ,Cock-a-doodle doo.
tapping,ٺَپِڻيِ,"Stamping, printing. A pallete—the potter's tapping tool."
breeds,ڏوج,One who breeds quarrels.
something,ٻۇثوٻارڻ,"To be active, do something creditable, or by oneself."
something,ٻَجهائِڻُ,To silence in argument; to stop something which was being performed by another.
something,ڀَِنَڻُ,Loud lamentation; domestic wrangling; going into sulks for something; an outcry.
something,ڀَوَهَٿيِڪو,To wander about looking for something.
something,حرفتَيِ,"Motion, movement; fidget, mischief; something wrong. An obstacle, check, interruption."
something,حِسابُ,"Computation, calculation, account; arithmetic. Something wrong, or out of order."
something,دخل ۾ آڻڻ,To count for something.
something,ڌُرُ,"Origin, source, the original or exact spot, thing, or person itself as distinguished from something else."
something,ڊَنَبهوڪرڻ,To make a united effort in lifting something heavy.
something,رُنگَ,"The pressing for more etc. A little extra given above what has been purchased, something to boot."
something,رهت ڪرڻ,"To make (some one) abandon something, deprive of."
something,فِرِسْتائي,The causing a quarrel between two persons by secretly reporting to each something the other said to his disadvantage.
something,قَرابيِنُ,"Carbine, a weapon something between a pistol and blunderbuss."
something,ڪُڇُ,"Somewhat, aught, something, anything, ever so little, whatever."
something,ڪَسَڪوءَ,Saving or causing something to be left over in any expenditure.
something,ڪوئِڻُ,"To save, economize, cause something to be left."
something,ڪيِ,"A little, a particle, a few, some, something. Or. An interrogative expletive. That which is done, as opposed to"
something,لوريِ,"A great desire for something, a stronginclination, restlessness. An arrow."
something,لهڻو,"Something to be received, a due, credit."
something,ليڪَڻَ,"To esteem, regard, count as something; account, estimate, count, reckon."
something,موکُہ,"Liberation, deliverance, emancipation, absolution, beatitude, salvation, final and eternal happiness. The return offering in money given to a Brahmin in lieu of something offered by him."
something,ڪجي,"Give something from your own pocket, or from your influence with others."
something,سَرِباريِ,Something extra added to the load agreed upon.
xiv,ٿوڪُ,Page xiii Page xiv
xiv,پانزيبُ,An anklet. Page xiv Page xv
kinds,نَوْعَ,") Sorts, kinds."
kinds,ٻيرُ,). There are three kinds: صۇفيِ ، سنڌيِ and
kinds,تِڎيِ,Kinds of cricket or cockroach.
kinds,تُريِ,A brass trumpet. A jeweller's scale. Certain kinds of
kinds,تِيوَڻُ,"Curry of various kinds, seasoning, relish."
kinds,ٿوريِ,Name of a caste who hunt and eat carrion of all kinds.
kinds,ڦَڙْڪِڻيِ,"The flutter (of a bird, kite, etc.). The loose piece attached to the cover of a book which laps over the front. The broad point of some kinds of swords. A small turban."
kinds,چِپِتِرو,"Flat (as a strap, some kinds of rope, &c.)"
kinds,چَچَرُڀَچَرُ,"A mixture of several kinds of food, haggis."
kinds,ڏَندِيو,"n. Sargus noct, chrysophryo sabra, bifasciata, & berda -kinds of marine fish."
kinds,ڏُڍُ,) Milk of all kinds; milking.
kinds,ذاتيرو,"Of good caste, superior, excellent noble; of varous kinds, sundry."
kinds,ساتانو,Seven kinds of grain sown together in a pot in a house by women on the 12th of the dark fortnight in Sawan and plucked up and thrown into the river on the first of Bado for good fortune (Hind.).
kinds,سِيَتَپْرسادُ,The remnant of meat of all kinds left by a Guru Brahmin
kinds,قسمين قسمين,Of various kinds.
kinds,ڪوڙيِ,Different kinds of cowrces
kinds,ڪيِئَن,"A necklace of different kinds of seeds, etc., worn by mendicants, etc. A ring round a bird's neck."
kinds,ڪيوَٽيِ,A kind of earring worn by men. Two or three kinds of pulses mixed together.
kinds,گَجِرۇن,A vegetable root of two kinds:
kinds,گۇناگۇن,"Various, of different kinds."
kinds,مالَهہ,The rope encircling the water-wheel to which the pots are attached. There are three kinds;
kinds,مِسو,"(Cakes) of several kinds of flour, such as are made by begging fakirs"
kinds,مۇصِلي,"n. Hypoxis orchioides —a medicinal root of two kinds: black and white, the latter being obtained from asparagus adscendens"
kinds,موڻُ,n. Ghee (clarified butter) put into flour in making up different kinds of food to soften it. shortening.
kinds,نورتن,Nine kinds of gems.
kinds,واسُ,Perfume of kinds burnt at certain ceremonies; incense.
kinds,هَرْْٻولِيو,One who knows every tongue; one who can imitate different kinds of people.
kinds,هرجنس,All sorts & kinds; grain of sorts.
kinds,هيڙو,Name of a bird (there are two kinds
discovered,پَيْد,"Born, created; produced, discovered; obtained, appeared."
ideas,مَنوراجُ,"Fancies, foolish ideas."
hun,هۇنگَرَ,"The uttering the sound hun , the sign of attention or listening; a hem; a noise, esp of much talk."
hunting,آهيڙو,"Hunting, pursuing or killing game."
hunting,بينسِرو,Name of a female hunting hawk.
hunting,تَوائيِ,"or Adrift (as a ship). At random, without aim or thought, reckless; at fault, out of scent (as dogs in hunting); missed, wandering aimlessly, confused, off the path, scattered here and there."
hunting,جَهنگُ جَهڙَڻُ,To beat the same bush (in hunting); to wander about uselessly.
hunting,چِِيتو,A panther or small hunting leopard. ( fem
hunting,ڌَپائِجَڻُ,To be on the trail (in hunting as a dog).
hunting,شِڪارُ,"Hunting, chase, shooting, prey, game."
hunting,شڪاريِ,A hunter or sportsman. A sweeper. Hunting.
hunting,کُڎِڻو,"The stand in a hunting preserve from which the sportsman watches the approach of animals, and fires, a butt. A miniature house, animal, boal, etc., made for Hindu children during Divali"
hunting,شڪار گاه,Hunting ground).
hunting,گرگ شڪار,"Stalking, a method of hunting by concealing oneself behind a camel, &c., and so approaching the animal to be shot."
hunting,لوڌو,"A beater, or one who beats to rouse game in hunting."
hunting,مُهاڙيِ,"A fence or hedge. chiefly that round a hunting preserve; a stockade, The top of a door-way outside."
streak,ڏنگجڻ,To be bitten or stung. To get a streak of ripeness (as a date).
streak,راسَ,A grey streak on the sky on the approach of sunrise.
streak,لِيڪَ,"A line, row, streak, stripe."
streak,ليِڪَڻُ,"To streak, mark or delineate before engraving or painting, sketch, to trace outlines, to rule."
pulled,تَڻَڻُ,"To be pulled, dragged, drawn."
pulled,ڇِڪْيَلُ,Pulled; defendant.
pulled,ماشو,", That part of the lock of a matchlock in which the match is fixed; it goes through the stock and is pulled as a trigger."
blanco,کَڙۇ,Blanco.
swing,پِينَگهہ,A swing for swinging in.
swing,پيِنگهو,"A swinging cradle; a swing. A kind of noosed rope for trying up buffaloes, &c., with by one foot."
swing,جهۇلَڻُ,"To swing backwards and forwards, rock, oscillate."
swing,جهۇلو,"A vibration, oscillation; a swing, a cradle."
swing,چيِچِڙو,A cane mill. A circular swing. Name of a tiny little bird.
swing,چيِڪلو,A horizontal stick swung across an upright post to the extremities of which children depend themselves and swing round. A hoop.
swing,گهِچا,"To swing one's upper body backwards and forwards, reel, stagger."
swing,لُڏَڻُ,"To shake, swing, rock; be convulsed; stagger; vibrate. or Darling, dear, beloved,"
swing,لوڏڻ,"To shake, swing, jolt, rock."
swing,لوڏو,"Swinging, shaking; a shock; convulsion; jolting, a swing, oscillation, vibration."
swing,متو,") To increase, to fatten; to rise to full strength, or give forth full flavour, &c.; to be flourishing, in full swing, etc. To be fermented. To be kindled properly (fire); be excited, be produced (a quarrel, &c)."
swing,هِندور,"A cradle, a kind of swing."
realized,سابِ,"or (in oblique ) Realized, proved, effectual, shown to be real."
prepared,بِهُ,"The roots of بيهيِ . پَٻُڻ Of, or prepared with"
prepared,ٻِيِڙَڻيِ,Also gum prepared for closing letters.
prepared,ٿاڦَ,"A large lump of cowdung, a cake of cowdung prepared for burning. Large (like a"
prepared,ٿَنڀَڻُ,"To support, bear. To stick, paste. Glue prepared for use. Isinglass."
prepared,پِڙيِ,A carriage-stand. A small vendor's stall. An open level piece of ground prepared for any use as exposing grain for sale. ( hunt ) An open space into which pigs are enticed to be shot.
prepared,پَنجِتﯘلُ,"""Bhang"" prepared with spices, sugar, etc."
prepared,ڀَنگَ,(from which a draught is afterwards made) or of leaves of certain plants (prepared for an application). The upper skin of a cane or reed. A piece of paper rolled up for making fireworks with. The float (of an angling rod).
prepared,پيِهَڻُ,Dough of pulse flour prepared for cooking.
prepared,پيڙو,A sweetmeat (prepared from milk). A ball of kneaded flour.
prepared,جوڙَڻُ,") To be built, made; prepared, managed, mended or adjusted, to be ready. To fit, accord with, answer, serve, agree. To come to hand, be obtained."
prepared,ڏينهونڪو,"Of, or pertaining to the day, or current day; prepared on the day just past (food, etc)."
prepared,سَکيِ,n. Bhang prepared as a draught for use.
prepared,ڪُٽَهَڙُ,"A dish prepared from fish cut up, &c."
prepared,ڪُڪِڙُ,The juice of the sugarcane. A small bit of tobacco prepared for a pipe.
prepared,ڪَڻاهَ,A kind of sweetmeat prepared and eaten in honour of Guru Nanikshah. ڪَڻاهيِ ، ڪُڻاهو See
prepared,کامڻيِ,Anger. The sticking scrapings of leather on the frame of a saddle. Gum prepared for closing letters with.
prepared,ڳاڀُئون,"A kind of bread or cake prepared with ghee , &c."
prepared,ڳٽڪار,"A small book or bundle of papers. A pill prepared by devotees, by putting which in their mouths they are supposed to be able to fly. A pill made of quicksilver, &c., supposed to cause good digestion, increase virile power, &c. Plump."
prepared,ڳوٽُ,A large ball of tobacco prepared for the huqa ( dim
prepared,ڳيِٽيِ,"A piece of flint prepared for use. The pieces used in playing choupar ( surg ) Garrot, a stick for tightening a bandage."
prepared,گهوٽو,A rub with the pestle on a stone in grinding down any thing; the pestle so used. Medicine prepared by grinding the ingredients.
prepared,لويو,A ball of dough prepared for making bread.
prepared,مِنَڻِ,"The making clothes ready for steaming, etc; the heap of clothes so prepared."
prepared,هَڪِئو,"Ready, prepared, at hand, present."
cheers,تاڙيۇوَڄائِڻُ,"To clap, give cheers."
cheers,جئيِ جئيِ ڪارِ,"Rejoicings, cheers, exultation."
wastes,کاڄرۇ,"Eatable, edible; that which consumes or wastes away."
remain,بَچانڻ,"To defend, preserve, save, rescue. To leave over; to let (a part) remain over."
remain,بَچَڻُ,"To be left over; remain. To be saved, etc; to escape, survive."
remain,ٽِڪَڻُ,"To lodge, abide, stay, tarry, remain firm or stable."
remain,رَهَڻُ,"To stay, stop, remain; reside, live, abide, continue. To play. To desist."
remain,رهجيِ وڃڻ,"To be left behind, remain."
remain,سٿوسهڻ,"To keep, remain unimpaired."
remain,وِچِ رَهَڻُ,To remain hidden or secret.
stir,اُکوڙڻ,"To open, stir up (as ground)."
stir,جهوڳَڻُ,"To agitate, stir up, beat and bruise, to toss about. جَهڳوڙَ، جهوڳَ"
stir,چورَڻُ,"To move; stir, excite, rouse, egg, stimulate; to commence."
stir,ڇَڇِڪوڏيَڻُ,"To roil, stir up (water, etc.) To murmur (as ripples)."
stir,سِرْڪَڻُ,"To slip down, drop down from a height (a man, &c.) To move away, get out of the way, stir, glide off."
stir,سِرَڻُ,"To move along, move or get out of the way, stir."
stir,کڙوڪرڻ,"To set up (a flag); haul up (a person before a magistrate, etc.); to call attention to; to foment, stir up (a quarrel); to baste sew loosely; to trim. (a fire)."
stir,گهُمائِڻُ,"To cause to turn or revolve; to wave, flourish (a weapon, &c.) To cause to walk. To stir (food in a pot)."
stir,هَلْچَلُ,"Bustle, stir; movement (as Swadeshi movement)."
xii,ڀاياڻو,A partner. Page xi Page xii
xii,تِرَجوڪيِنئون,n. Till leaf roller ( anti gastra catalaunalis ). Page xii Page xiii
scattered,اِست وِست,"or In confusion, scattered, disorderly."
scattered,تَوائيِ,"or Adrift (as a ship). At random, without aim or thought, reckless; at fault, out of scent (as dogs in hunting); missed, wandering aimlessly, confused, off the path, scattered here and there."
scattered,ڇِْرڙِ,"or Rough, coarse; in confusion, scattered about. Broken up into curds and whey, or half churned (milk)."
scattered,ڇُڙْوِکِڙِ,"Scattered, dispersed."
scattered,ڍيِمين ڍيِمين,"Occasionally, seldom. By fits and starts, slowly. Some few, some little; scattered thinly here and there."
scattered,ڪِڙْڄُ,"Litter, straw, &c. Scattered here and there."
scattered,ڪَڻوڪَڻو,"Scattered, dispersed, in divers directions."
scattered,ڪيڻ ڪيڻ,"Here and there, scattered."
scattered,کنڊرڻ,"To be scattered, to disperse."
scattered,وائِوِڪِرِ,"Scattered, wandering; helpless and harmless."
scattered,هاريل,"Scattered, spilled."
natives,دُشالو,A double shawl; two shawls as worn together by the natives. دُشْٽائيِ، دُشْٽَ See
cuff,بُجو,"A cuff, slap."
cuff,ٿًپَڙُ,"A cuff, thump."
cuff,چَپاٽَ,"A slap, cuff."
cuff,ڪوشُ,A dictionary. The cuff of a garment.
cuff,لَپاٽَ,A slap on the face; a cuff.
invoked,لاکو,"Name of a Pir invoked by shopkeepers, &c., in the commencement of their daily work."
enjoyed,مٺائجڻ,To get a taste or liking for any thing one has before enjoyed. To become sweet.
dont,واهَ واهَ,Excellent; bravo! well done! How strange! what a joke! You dont say so!
are,اَنْبوڇيِ,A dance in which hands are clapped and thrown about.
are,اَنِڌپَنڌِ,"As you are going, at the same time."
are,بالو,An upper room. The impression or stamp with which coins are struck.
are,بانوِليِ,"A bird with which hawks, etc. are taught to hunt; an incitement, temptation. Circling, giddiness."
are,ٻيرُ,). There are three kinds: صۇفيِ ، سنڌيِ and
are,ڀَليِن آيئَن,Welcome! You are welcome.
are,توشَڪُ,"A store-room where valuable clothes, arms, jewellery, etc. are kept; a wardrobe."
are,تيجِبَلُ,A kind of wood from which pestles are made.
are,تِيرِچو,"A preparation applied to the hair of the bow with which stringed instruments are played, to render them harsh."
are,ٽانڪَرَ,"n. Phlomis-like clerodendron —a hill tree whose branches are used for ""huqas."""
are,ٺاڻُ,"The place where horses and cattle are kept, a stall in a stable."
are,ٺَڪاڻُ,"A fatal disease to which camels, etc. are subject."
are,پالُ,"A small tent; an awning. Layers of straw, leaves, etc. in which unripe mangoes, etc. are ripened."
are,پِڙيِ,A carriage-stand. A small vendor's stall. An open level piece of ground prepared for any use as exposing grain for sale. ( hunt ) An open space into which pigs are enticed to be shot.
are,پَنِ,"Elephant grass from which mats, etc., are made, & whose pollen is made into نَنڍيِ پَنِ .ٻﯘراٹيِ The lesser bulrush."
are,پَنِڪائيِ,A grass from which mats are made for roofing.
are,پَڻُ,A dry measure of which there are four in a
are,پَڻيِڪيِ,A dry measure of which there are six in a
are,حُقو,"in which the tobacco & fire are placed. The knob on a shield, or the top of a sword handle, etc. The tuft of silk to which a spike is affixed for blowing through a hollow tube at birds, &c. A cautery. A written amulet. The menses. The bones and ashes of a dead body after burning."
are,جَڙَ,"The rivet, etc., by which hard brittle substances are joined. A nail."
are,جييِءُ ڪري,) You are welcome.
are,جهوڪَ,"Sitting down etc; a place where camels are picketed, etc. The lair of a wild beast."
are,چائُٿو,The 4th day after a death on which certain obsequies are performed; the rites then performed.
are,چَڪُلو,"A flat board, on which mea cakes are rolled. The prostitutes' quarter."
are,چَندَنَ هارُ,A kind of necklace to which flat pieces of gold are hung.
are,چَؤ,A jeweller's weight in which are 100
are,چوٿائيِ,"A quarter, fourth. A dry measure of which there are 4 in a"
are,پاٽي,& 16 in a چوٿڙو . ٽويو ( Up. S ) A measure of which there are 4 in a
are,چَوْراسِ,"A ring like the frame of a buckle through which the straps are passed, attaching a sword scabbard to a waist-belt. See under"
are,چۇڙيريِ,A woman whose arms are covered with ivory bracelets.
are,داٻَ,A rope with which the fore and the hind leg of a horse are tied to prevent him from running away. A crowbar or lever (wooden).
are,داٻُڙو,A block on which clothes are beaten in washing.
are,دائِرو,"The abode of a Mah. faqir A circle, ring, orbit. A kind of tambourine. A species of magic in which objects are seen in ink spread on the nail of a boy's finger. A mariner's compass."
are,دٻڪيِ,"). A spot; a rope with which the neck, fore-foot, and hind-foot of an animal are tied when sent out to graze."
are,ديِپُ,"An island, a region or clime. (There are said to be seven such). A continent."
are,ڏاڪَرِ,Chopped straw with which cattle are fed.
are,ڏَڻُ,n. Crotalaria burhia (Its twigs are used for making rough ropes.
are,ڏوجُ,"Disease, sickness. A disease to which mares are subject and which renders them barren. ڏجهارو، ڏُجِرُ، ڏُجارو"
are,راڳہ,(There are 36 raginis
are,رڳارو,"One whose veins or sinews are apparent, lean."
are,سَڪاجُ,"Successful, complete, accomplished. One whose actions are good."
are,سَندو,"Like Declinable as an objective, and agreeing with the noun it depends on). Of, or the peculiar property of, personal. The pers. pronouns are affixed to it, thus"
are,سِنگِرالِ,A kind of creeper the pods of which are eaten for food.
are,سُهانجِڙو,"The horse-radish tree— hyperanthera moringa The legumes, blossoms and leaves are esculent."
are,سَهَڙَڻُ,"To arrive. (The past. conj. part past of the verbs to ""come,"" ""go,"" &c., are required before this as"
are,سيجَرات,"The ninth night of the Mohurrum , when the taboots are taken out for perambulation through the town."
are,سِيرَ,That part of a stream where the current runs deep and strong; a channel; the deep stream. A crack or split. Name of a fish. The long string by which bullocks are guided in a plough.
are,سيڻپيِ,The mutual relationship between two parties whose children are married to each other.
are,سيِڻاهِ,An inflated goat's skin by the support of which rivers are crossed.
are,شعبان,on which offerings are made in the names of deceased relations ( Mah ).
are,قُوتي,A little wooden box in which grapes are exported from Afghanistan.
are,ڪاٻارَ,"Coir or fibres of the cocoanut from which ropes are made. Apparatus, materials."
are,ڪامَهو,A tree from the branches of which baskets are made.
are,ڪَچْنارِ,"A tree, the buds of which are a delicate sub-acid vegetable— Bauhinia variegata"
are,ڪُرْلُ,A piece of wood by which the planks or seats of a boat are stayed. Name of a bird that preys on fish.
are,ڪُڙه ڪُڙه,The sound by which fowls are driven off.
are,ڪنڊو,"A thorn. The thorn tree— prosopis spicigera A bone; a fish bone; the back bone. A pair of scales; a box in which scales are kept. ( fig ) A sense of honor, moral sensibility."
are,ڪِنِرو,Gynandropsis pentaphylla —its seeds are used medicinally.
are,ڪَنگورُ,"Elder tree, a kind of cane from which musical pipes are made."
are,ڪَنيِ,"A piece of bread. The first edge of the sun's are. The coloured edging on a piece of cloth, list, edge, border, welt. Lines of coloured cloth, distinguished from"
are,ڪوڍِيرُ,"A hill creeper, its roots are used as food."
are,ڪۇڻيِ,A water-lily— nymphœa pudescens ; also its flowers. Its root tubers are lorhu Name of a grass. Name of a marine fish.
are,ڪۇڻيسَرِ,A kind of water-lily. The root tubers are Khiroli
are,ڪوهيِ ڀَنگَ,"n. Hyoscyamus insanus , whose leaves are smoked to produce intoxication."
are,ڪَويِٽُ,"Indian wood, or elephant apple, from the shell of whose fruit snuff boxes are made."
are,کَپَڻُ,"A scabbard. Orphanthera viminea , out of whose fibres ropes are made."
are,ڳاڙهيِ,"n. Periploca aphylla , whose flower are eaten by the hill-folk."
are,کَرْڙو,"A shopkeeper's day-book or journal, the waste book in which items are first entered. or Slimy land marked with cattle tramps. A severe, or rough person."
are,کَلْڦورُ,n. Seddera latifolia —its leaves and stalks are used medicinally.
are,کيِرولِ,A kind of plum of which there are but a few trees in Sind. A kind of animal creeper.
are,گُتو,"A contract; a shop where intoxicants are sold; an ale-house, grogshop."
are,گَرْڦو,"A plant, the leaves of which are suspended in a bag round the neck to cure a cold."
are,گُڙِندُ,The pieces of twine by which the pots of a water-wheel are attached to the circular ropes malha
are,گنجو,Scald-headed; bald. The hills running south on which Hyderabad is built are called
are,گوپَ اَشْٽِميِ,The 8th of Kartik shukl-paksh on which day garlands are suspended from the necks of cows.
are,گوجيِ,Wheat with which about two fifths of barley are mixed.
are,گۇندو,"The corners of a cloth tied by a knot so as to form a bag in which are put the heads of grains in reaping, &c. A warren, a place for keeping fish in a river. A joint, socket (of the knee, etc.)."
are,ڳٽڪار,"A small book or bundle of papers. A pill prepared by devotees, by putting which in their mouths they are supposed to be able to fly. A pill made of quicksilver, &c., supposed to cause good digestion, increase virile power, &c. Plump."
are,گهاريِ,A stripe left unfinished in any thing; a space in a cloth where one or more threads are deficient. A passage for water from one side of a water course. Dry places left in the bed of a river by a change in its course.
are,گهَٽو,"A ram. A large louse. A ball of ivory, etc., two of which are hung together and rattled to amuse children."
are,لَحَدِ,The hollow in which a corpse is washed; a niche in the side of a sepulchre in which corpses are deposited.
are,لَڪانو,"A name for the month Rajab , in which offerings are made to Pirs and Fakirs"
are,لَليجو,"Name of a Sindhi family or tribe who are thieves, a thief, a pickpocket."
are,ماڱَرُ,A class of people who are fishermen.
are,مالَهہ,The rope encircling the water-wheel to which the pots are attached. There are three kinds;
are,مايا,"( Hind. phil ) The delusive appearance of external objects which are in fact nothing but pictures of the mind; idealism, illusion, idle fancy, deception; the works of nature, nature; natural phenomena; power of God. Riches, wealth."
are,مَسْطَرَ,"A straight lath of wood or rule used by bricklayers for making straight lines. A rule or ruler (commonly one made by stringing papers parallel to each other on paper, &c.), and the lines are marked by pressing the sheet on this before writing; a line so drawn."
are,مِسو,"(Cakes) of several kinds of flour, such as are made by begging fakirs"
are,مِسيِ,"A powder (made of vitriol, &c.), with which the teeth are tinged."
are,مَعْرِڪو,"An assembly, body of men. A meeting together and drinking sherbet at or before a wedding or circumcision festivity. The 3rd day after the decease of a Hindu on which certain rites are performed; the rites then performed."
are,پارڇ,A transverse stick laid along the ground on which posts are supported.
are,مَنجيِ,"A kind of low chair, a buffet, stool, footstool. A pedestal. The projecting bottom of any vessel, &c., on which it stands or is supported; the frame or stool for a spinning wheel. A transverse stick laid along the ground on which posts are supported. A name for the Sikh Scripture."
are,مَنڌِئڙو,A kind of churn staff. Name of a grass. A peg fixed in the frame on which the threads for the warp of a web are laid out to keep down the threads. A sign like this ⨉.
are,موديخانو,"A pantry, place where food and eatables are kept. Commissariat."
are,مُهاڻو,A class of Mussalmans who are boatmen and fishermen; a sailor
are,مُهُريِ,"A large kind of pestle for pounding grain with to polish it. The mouth or muzzle of a gun barrel. The place where custom duties are taken, or the duty itself. See"
are,ميڙِه,"A post fixed in the centre of the threshing floor to which the cattle are tied as they turn round to tread out the corn, a threshing post."
are,ميگهِواڙُ,"A caste who are workers in leather, a shoemaker."
are,ميهارُ,A class who are fishermen.
are,ناڙو,"The waist string of a pair of drawers. The rope by which the yoke is fastened to the plough. The naval string, umbilical cord. A water plant the leaves of which are used as food."
are,ناگيلِ ڦۇسيلِ,A kind of boys' play in which stones are placed over one another and a ball thrown at them to knock them down.
are,نَٽُ,"Name of a tribe who are jugglers, rope-drawers, &c.; a mimic. A cheat, knave, rogue. Jokes, wiles, knavery cheating. Name of a musical mode."
are,نِچُ آيَئِن,You are welcome.
are,ڌامو,when all the male members of Brahmin families are invited.
are,نَفِلُ,Certain Mah prayers which are not compulsory.
are,نيريِ,"The first crop of a field of sugar-cane, cotton, etc. Said also of a marriage in which the bridegroom & the bride are the first-born children of their parents."
are,واڌاڻو,"Congratulation. The first ceremony in a Hindu marriage when jilebis , etc., are distributed among relations and friends. A course of dishes cooked one after the other in the same utensils. The working of the mortar in pounding rice to clean it. A wooden ladle or spoon."
are,واسِتِينَ,The dark coloured reed from which native pens are made.
are,وَصْلو,The component part of a survey number of which measurements are made.
are,وَنَهُ,A few days before a wedding when the bride and bridegroom are not to go out of their own homes; or the ceremonies then performed.
are,هَٿِيالو,A ceremony in marriage in which the hands of the bride and bridegroom are joined palm and palm together.
are,هَرْهيِ,The pole of a plough to which the bullocks are fastened.
are,هَلَ,The cry for driving off a dog. The vertical pole to which the handle and the ploughshare are attached.
are,هيِ,"pron This, he, it. inter The sound by which animals are driven. Grief, lamentation. pron He, it, this."
are,هيڙو,Name of a bird (there are two kinds
are,ڀيلَ,The trespassing of animals; a field in which cattle are let loose for grazing.
are,ڎِيرِ,"A kind of grass, out of which mats are made."
are,وَرِکُہ,The anniversary day of a Hindu's death when Brahmins are fed.
outlets,ٻِِمُهون,"Double-faced, having two entrances or outlets; two-edged."
joins,جهِمِريِ,One who joins in the
joins,ڳاهَ,"Slaughter, mortality. A kind of verse. The reverse end of a sword blade where it joins the handle. A sign; an enigma, riddle."
expressive,ڦِٺِ,An interjection expressive of scorn and aversion; hoot.
everywhere,جاءِبَجاءِ,Everywhere.
everywhere,حاضران حضور,"Everywhere present, omnipresent."
everywhere,هرجاءِ,Everywhere.
everywhere,هرگاه,Everywhere.
everywhere,هنڌين ماڳين,Everywhere.
everywhere,پاڙي پَنڌِ,Everywhere.
customers,رَسائيِ ڪَرَڻُ,"To please; to serve customers, etc."
separately,ٻِنِ ڀِنِ,"Separately, severally."
separately,پاڻوواڻيِ,"Separately respectively, at one."
separately,جُدو,"Separately, by itself."
consume,کاءُ,"). To eat. To bite, sting. To erode, wash away (as the river does the bank); to wear or consume (by attrition).To receive (blows, etc.); endure, bear up (as abuse). To destroy. To cost. To take bribes. Food, a meal."
consume,کَپائِڻُ,"To expend, consume, use up, finish. To bother, annoy, trouble."
performed,اُس گهنبدُ ڻيِ,A boys' play performed by moonlight.
performed,اوٿاڙو,A Hindu ceremony of purification performed on the 12th day after the death of any one. A nightmare.
performed,ٻَجهائِڻُ,To silence in argument; to stop something which was being performed by another.
performed,ٽَپِڪي جواَنبُ,Obsequies performed in the third paksh (fortnight) following a death (Hindu).
performed,ٽِيجو,Third. A ceremony performed on the 3rd day after death.
performed,پِنئيِ ٻوڙُ,Calf-deep). A soft cake made of cooling ingredients generally applied to children's heads. Certain obsequies performed by the heir for ten days after the death of any one.
performed,چائُٿو,The 4th day after a death on which certain obsequies are performed; the rites then performed.
performed,ڇَماسيِ,A ceremony performed six months after of any one's decease ( Hind
performed,ڇَمڇَرُ,A ceremony performed on the anniversary of any one's decease. ( Hind
performed,ڏَسائو,The 10th day after a death; certain funeral rites performed on that day.
performed,ڏَهاڪو,About ten. The number ten. The 10th day after a death; the ceremonies performed on that day.
performed,ڏيهُ,"Name of the figure ten; the ten in cards. Ten days kept as a fast, &c. The tenth day after a death; the funeral ceremonies then performed."
performed,سُرَهو,"Fragrant, sweet-smelling, odoriferous; prosperous (a thing, not person) Good, pleasing; whose obsequies have been fully performed."
performed,ڪسرائتو,Acquired or performed with profit or saving.
performed,گت گتيِ هئڻ,To be performed (funeral rites); to get salvation.
performed,مَعْرِڪو,"An assembly, body of men. A meeting together and drinking sherbet at or before a wedding or circumcision festivity. The 3rd day after the decease of a Hindu on which certain rites are performed; the rites then performed."
performed,مَعْمۇلُ,"Custom, practice. A tenure on which land is held, the Government rent being excused in consideration of services to be performed in cultivation."
performed,وَرْهُ ڇَمڇَرُ ڇَنڇَرُ,A yearly ceremony performed by Hindus on the anniversary of a death.
performed,وَنَهُ,A few days before a wedding when the bride and bridegroom are not to go out of their own homes; or the ceremonies then performed.
ribs,پاسِريِ,The ribs.
ribs,پِڃِرو,"A cage. The ribs; ( fig ) the human body. Any open work of wood, etc.; a lattice work."
ribs,ڏاڪو,The ribs in the bottom of a boat.
ribs,ڪَرَنگَهرُ,"The head, back-bone, ribs."
ribs,ڪُکِہ,"The hypochondrium, the slender part of the body under the short ribs"
educated,خواندو,"Lettered, educated, (as"
functions,حِڪْمَتَ,"Art, ingenuity; the functions of a physician."
friends,پيئيِ,") To fall, tumble; to lie down; to occur, befall, happen. To enter upon, penetrate. To be friends."
friends,پﯘئو,Money given to the person bearing the expenses of a wedding by his kinsfolk & friends.
friends,ڦيڏۇرو,"Rupture, disunion (between friends)."
friends,ڦِڪَتُ,A coldness among friends.
friends,جِگَرُ,"The liver, vitals; kernel, core; a son, dear; one's own relations or friends; courage, spirit."
friends,چؤياريِ,The society of a few friends.
friends,ڇاڙَ,A piece of cloth laid by each of the friends of one deceased on the body before burial; a pall. A branch running out of a main stream. ( dim
friends,سَتاڙو,lit Seventh day). The ceremony of the husband taking his bride home a day or two subsequent to the wedding after she has visited her friends.
friends,شيرشڪر,fig ) Intimate friends.
friends,فاتح خوانيِ,"The reciting prayers for the dead, a ceremony which goes on for some days after the death of a Mussalman, when the friends of the family all pay a visit and receive some food."
friends,کيڪارَ,"Asking after one's welfare; the ceremony of salutation or inquiry at the meeting of friends, greeting."
friends,گڎَجِاڻيِ,The going of a bridegroom wirh his friends to bring his bride home from her friends to whom she had returned after the honeymoon.
friends,لاڳُ,"Perquisite, allowance, fee. The amount fixed at weddings for the friends of the bride and bridegroom to give."
friends,لُنڊو,"Tailless (any person or thing), bob-tailed, without a limb or piece which destroys beauty. One destitute or without friends or relations. Shameless, abandoned, profligate."
friends,مجلس ڪرڻ,To meet together (as friends). To make a feast.
friends,مَرْجادا,"Usage, customs. Modesty, shame ; the having regard to the feelings of one's friends. The proper medium or boundary in acting. مرجات وارو، مرجادوارو"
friends,مُنڊَڻُ,") Closing, sealing; a seal or impression of a seal. Stopping any one in any act and transfixing him by incantation. Food given on the 3rd day after a death to friends of the deceased."
friends,واڌاڻو,"Congratulation. The first ceremony in a Hindu marriage when jilebis , etc., are distributed among relations and friends. A course of dishes cooked one after the other in the same utensils. The working of the mortar in pounding rice to clean it. A wooden ladle or spoon."
friends,وِرِهُ,"Separation of friends or lovers, or the pain caused by such. Name of a tree."
friends,اُٽي,Cuts (with friends).
eats,اَهاريِ,One who eats.
eats,ٻۇٿو,A kind of moth which eats cloth.
eats,ٿورَکائوُ,or One who eats little.
eats,جُهنڊِ,A moth which eats cloth. Muffling up the face.
eats,حلالخور,One who eats what is lawful; a sweeper.
eats,رَجِڀۇتُ,A Rajpoot. One who eats without propriety of demeanour.
eats,سَرْبَنگيِ,A kind of low caste faqir who eats any thing.
eats,کائيندڙ,or One who eats; a bribe-taker.
eats,وڎقۇتو,"One who eats much, a glutton. One with a large family, or many mouths to feed."
eats,وڎکائۇ,"or One who eats much, gluttonous, a glutton."
writes,سَڄوڎيِنهنُ ڀُڻولِکيِ,He writes away all day.
writes,لڪڻهار,"A writer, one who writes."
writes,ليکارو,"A writer, clerk, one who writes for hire. An accountant."
travelling,اُجهاڳو,Travelling.
travelling,بورائو,"An armed attendant in travelling, a guide."
travelling,ڀَتُ,Travelling or additional allowance; rations.
travelling,پاسِ,"A pass (for travelling, free admittance, etc.), passport. Successful in examination."
travelling,جهاڙۇلو,A kind of travelling leathern gaiter or boot.
travelling,راه خرچ,Travelling expenses.
travelling,سَفَرُ,"Journey, travelling, march."
travelling,سفريِ,Travelling.
travelling,سَيْلانُ,"A journey, travelling, picnic, feast."
travelling,ڪَهَ,"Labour, toil, journeying, travelling."
travelling,گَشْتُ,"Circuit. travelling, tour."
travelling,مارڻ,"To smite, strike, hit, beat; kill; control (the mind); get over (ground in travelling). To tan (leather). To reduce to powder by fire, calcine (metals); temper, pug (clay). To catch (birds, fish, etc.). To keep down, bear up (hunger, etc.)."
travelling,مسافرت,"Travelling, journey, march."
travelling,يارانو,"An associating together for any purpose, as in messing, travelling, &c."
travelling,ڀۇڻِ,"Travelling, wandering. Knowledge."
strikes,ڪاڻي,"Smut, or some such disease that strikes Juari"
avoiding,لَڙائيِ,"). To shake, vibrate (as anything suspended); hang, dangle. To swerve, deviate, go round, turn aside, recede, make a circui. (to reach any place), to pass off to one side. To be past the meridian, or commence to descend, decline (the sun). To lengthen out (the afternoon shadows), to incline to one side. To move off from, get out of the way (in shunning or avoiding). To pass or slip by to one side. To slope or be inclinedt ( naut ) To scud, be driven swiftly."
proving,اِثباتي,Proving.
greater,اَٺؤنﮡ,"The eight-fold, eight times more or greater, octuple."
greater,اَسيئَۇڻ,Eighty times more or greater.
greater,ڏَهۇڻِ,"The tenfold, ten times greater or more."
greater,سَجِهيِ,"More, greater, superior, bigger, better, dearer (in price)."
greater,سرسائڻ,"To increase, make famous or noted. To cause to be greater or excel, to aggrandise."
greater,کائۇ,A greater eater; a bribe-taker.
greater,وَڌيِڪَ,"Exceeding, excessive, greater, more, additional, immoderately, redundant, spare, superabundant, surplus."
greater,ويِنجَهڻُ,"To increase, become greater (in extent, not size), thrive."
greater,هيڪاريِ,"Still, more, still greater, still less, still further. For good."
greater,اَڪِبَرُ,Greater.
supported,ڀَرِ,"Brink, bank; vicinity. Against, supported by. On, upon."
supported,پَرَڻُ,"To be supported, be supplied with food. A sieve, colander."
supported,ڏَنڊُ,"The horn of the ibex, &c., used for blowing. A kind of exercise in which the upper body supported from the ground on the hands is worked up and down."
supported,شامِيانو,"A canopy, an awning supported on poles."
supported,پارڇ,A transverse stick laid along the ground on which posts are supported.
supported,مَنجيِ,"A kind of low chair, a buffet, stool, footstool. A pedestal. The projecting bottom of any vessel, &c., on which it stands or is supported; the frame or stool for a spinning wheel. A transverse stick laid along the ground on which posts are supported. A name for the Sikh Scripture."
attributed,نَئَي وَٽَ,") First fruits, or fruits and other articles of food the earliest of the season. The miraculous power attributed to some fakirs Moistening, moisture. ("
pant,تَڙْڦَڻُ,"To writhe, flounce; be convulsed; pant or long for"
pant,سَهَڪَڻُ,"To pant, wheeze."
pant,هُڦِجَڻُ,To pant.
marvel,اَچنڀو,"A wonder, marvel. Wonderful."
marvel,عَباسيِ,Marvel of Peru.
marvel,عباسيِ,Marvel of Peru
games,بِساطَ,"A board or marked cloth for playing chess, and other games on."
games,گِرْديِ,A die (for games); jobbery.
clearer,بيل,"a clearer out of canals, navvy. A watchman on an embankment."
conducting,پِرْواهَڪُ,Conducting. A conductor.
walking,اڱاريو,A bruise in the sole of the foot from walking.
walking,اوايو,"or One walking astray, silly, foolish, sillily."
walking,ٽُلِڪَڻُ,To wave or sway about in walking To swagger along. To lounge.
walking,ٽورو,"Roaming about, taking the air. walking. A stool, evacuation. A company, gang; a herd of cattle, flock of sheep, etc."
walking,پَنڌُ,"Distance; journeying, walking."
walking,پيرين پَنڌِ,On foot; walking.
walking,جَوْلانُ,"Motion, walking round; agitation, anger."
walking,قدم هلڻ,"To walk, move at a walking pace."
walking,ڪُندِريِ,A spike of a spear or one in the bottom of a walking stick.
walking,لَٺِ,"A stick, cudgel, mace, staff, pole, walking stick; a stem (of the sugar-cane). The axle of a water-wheel connecting"
walking,لَڪُڻُ,"A walking stick, staff."
walking,لِمَڻُ,"To stretch and yawn lazily, loll, to roll along asleep when walking. To rub tobacco in the palms of the hands, preparing it for the pipe."
walking,وِکَہ,"A pace, step; a walking pace (of a horse, &c.)."
chung,يَڪِلو,The having certain cards in the game of badshah chung
curse,اوٿَ,"A rock (used as a curse, thus"
curse,آهَ,"inter Oh ! ah ! A deep sigh evoked under a sense of wrong, a curse. Fondness for, desire to retain. ( poet ) Hope."
curse,بددعا,Curse.
curse,بِنْبالُ,Pest; calamity; curse.
curse,پاراتو,"A curse, anathema."
curse,پِٽَڻُ,"To curse. To beat, strike, knock (one's head, etc. in grief)."
curse,پِٽَ,Cursing; a curse.
curse,پِٽِڻو,A curse. See
curse,چڙهيِءَ جُتيِ ءَوڃڻ,To die a sudden death (said by way of a curse).
curse,ڏَرُ,A complaint to the deity for another's tyranny; a silent curse.
curse,سِراپُ,"Curse, imprecation; dread."
curse,ڪانيِ,"The top of the reed sara from the last knot upwards used for making baskets, &c.; a reed pen. The power to curse; a curse from which calamity follows. A thin round rod of silver or pewter with which antimony is applied to the eyes. The stalk or a straw of wheat, rice, &c. A procupine's quill."
curse,ڪانيِ هڻڻ,To curse.
curse,لَعْنَتَ,"Curse, imprecation."
curse,مَلامُ,"A curse, execration, reproach."
curse,نِپُٽو,Sonless (a curse). نِپُنْسَڪُ، نِپَنْسَڪُ
curse,نسن وڍيو,"Indolent, sluggish (a curse)."
curse,وَبالُ,"Sickness, pest, plague; punishment, misfortune; curse."
cats,گۇنَهنَ,"Excrement of men, dogs, cats, &c."
tours,وارو,) At the correct time. At a fixed time or tour. By tours or turns in succession. Intermittent (fever). Fallow (land).
try,اَزمائﮡ,"To try, test, examine."
try,پَرْکَڻُ,"To examine test, try, assay, prove. پَرْکِياتُ،پَرْکِڻو"
try,ڦَٿِڪَڻُ,"To writhe, flounce, be convulsed (as one in a fit, a fish out of water, &c.). To be agitated, to flutter; to struggle, to try one's best."
try,سوڌَڻُ,"To correct, examine, try. To refine (metals)."
try,ڪَشَڻُ,"To prove, try, perfect. To cause to rust (as copper)."
try,لباسَ ٻَنڌَڻُ,"To flatter or try to deceive by fair words, to wheedle."
try,مٿامۇنا هڻڻ,To try one's utmost.
try,ڳالهہ ملائڻ,To try to shuffle
try,پاپڙ,"To try every expedient, strive hard."
try,هٿ پيرهلائڻ,"To work, to try hard."
striving,جَتَنُ,"Care, carefulness; diligence labour, striving."
striving,چارو,"Help, remedy; striving, exertion."
striving,لاحَوْلِ,There is no striving against fate.
striving,وَسُ,"Strength, power, striving; plans. Choice, option, effort."
fears,خُداتَرْسُ,One who fears God. Godfearing.
wandering,آوارو,"or Wandering from having lost a path, in a difficult or uncertain place for passage; gone astray."
wandering,بَيْراڳيِ,An ascetic. A kind of wandering faqir
wandering,ڀِرانتِ,"Error, ignorance; wandering. A breakage in friendship; ill-will following such a breakage."
wandering,ڀنوارُ,One wandering about.
wandering,تَوائيِ,"or Adrift (as a ship). At random, without aim or thought, reckless; at fault, out of scent (as dogs in hunting); missed, wandering aimlessly, confused, off the path, scattered here and there."
wandering,ٽولاڪو,Wandering.
wandering,ڦيرِيدارُ,A wandering mendicant.
wandering,جهوتَ,Wandering.
wandering,ڏورَ,"Wandering about in search of any thing, quest."
wandering,ڏۇمُ,A caste of wandering musicians.
wandering,رمتو,Wandering(a faqir
wandering,رولو,"Confusion, anarchy, disorder. Perplexity, disturbance. Wandering about."
wandering,ساميِ,"A title of respect for Brahmins, etc. One of a class of wandering faqirs"
wandering,گهُتَ,"Shirking, or slipping away from the performance of a business; wandering here and there. A stab, poke."
wandering,لوٿِڪو,"Stray, wandering about."
wandering,وائِوِڪِرِ,"Scattered, wandering; helpless and harmless."
wandering,وَتي گُهمنَدو,He is wandering about.
wandering,ڀۇڻِ,"Travelling, wandering. Knowledge."
fairly,حَقِ,"Deservedly, fairly, justly."
jerusalem,ولايتيِ ٻٻر,Jerusalem tree.
denying,نابِرُ,"Denying, opposing, adverse."
denying,ناڪارَ,"Denying, refusal, objection."
possessed,ٻولَڻُ,"& To agree, settle, contract. To speak, talk; speak out(as a possessed person). To sing, warble (a bird)."
possessed,ٻولائڻ,To make (one) promise; make (a possessed person) speak out.
possessed,ڀۇتارِيَلُ,One possessed.
possessed,ڀۇتاريِ,A mad fit as of one possessed; a mad fellow.
possessed,ذهن نشين ڪرڻ,"To impress upon the mind. obj case of Owner). (In comp ) Possessed of, endowed with, (as"
possessed,سَمانگَرُ,Possessed of.
possessed,ڪلاڌاريِ,"One possessed of an art, etc; intelligent."
possessed,لَڳَتِ,"The act of fixing or connecting, tenacity. Cost, cost price. The being possessed (by a demon), demoniacal possession. لِڳْلِڳْڙو، لِڳِڙ"
possessed,مالدار,Possessed of property or cattle; wealthy. A cattle proprietor.
relatives,بَڊو,in which Hindus feed Brahmins for their deceased relatives.
relatives,پَٿَرُ,"A stone. A mat, etc. spread out for the relatives of a deceased person in mourning; the mourning so carried on. A family or race (among Beluchis)."
relatives,چَڏَ,The necessary gifts made to one's relatives.
relatives,مانجهاندو,"A lunch or slight afternoon repast, tiffin. A visit paid by a married woman after child-bearing to her relatives."
relatives,مائٽاڻو,"Of one's relations, agreeable to the custom of one's relatives."
seeks,مُتَلاشی,One who seeks or searches for.
succeed,اَگهامڻ,"To be sold, disposed of (in marriage); to be successful, come to profit, succeed."
succeed,ڦَٻِجَڻُ,"To obtain one's desires, to succeed. To be digested. To be embezzled, obtained by chicanery. To be fastened."
succeed,گُسِيو,"). To miss or be missed, pass by without effect; to fail, not to succeed, miscarry, mistake; to sneak away."
undergo,ڀوڳڻُ,"To suffer, undergo. To enjoy."
undergo,جوڳُ پَچائِڻُ,To undergo hardships.
undergo,ڊيِڪَڻُ,"To run about or labour to exhaustion, undergo great trouble, trot."
undergo,شيخ پچائڻ,"To roast meat on a spit; ( fig ) to toil and moil, to undergo many hardships."
undergo,ڪروٽ کائڻ,To undergo hardships.
plays,ڦاڳُ,"The gambols and plays of the ""Holi"". Name of a Hindu month (Feb.-March)."
plays,ڍولِڪْيو,One who plays on one.
plays,قرنايو,One who plays on the Karnai ; a trumpeter.
plays,ڪُڎَڻُ,"To leap, jump, frisk, play; to prance; to boast; to presume upon another's protection. A jumper, one who frisks and plays."
suffers,جُٺِيَرُ,"One who suffers abuse, kicks, &c."
suffers,جَهلَڻُ,"). A keeper, guardian; prop, support; what hinders or prevents. One who suffers patiently. Lasting, durable."
coral,پارِجاتِ,The coral free.
coral,چۇپِڻيِ,"A sucking stick for infants, a child's coral. The peg by which a humming top is spun. An ornamental revolving pin of a cradle."
coral,ڳُڻيٺيٍِ,Coral.
coral,مَرْجانِ,Coral.
whistle,تۇتۇريِ,"A pipe or whistle made by boys of straw, etc. Tight, confined (as clothes)."
whistle,سيِٽَ,"Whistling, whistle"
whistle,سيٽ ؤڄائِڻُ,To whistle.
whistle,سيِنڌَ,"A whistle, whistling."
whistle,سيِنڌارَڻُ,To whistle.
whistle,ڪۇڪٽ,"Consternation, outcry from fright; the whistle (of an engine)."
med,چُٿَرِ,"A small shred or thin skin rubbed off, etc.; ( med ) Abrasion."
med,چَرَ,"A drain, ditch. ( med ) Sinus."
med,خُماقَ,( med ) Quinsy.
med,ڊِٻُڙُ,"( med ) A pomphy, wheal."
med,رائو,"Gravelly sand or dust in a stony country, gravel. ( med ) Gravel."
med,زيِڪُ,"( med ) Dyspnœa, difficulty of breathing."
med,ساڙُ,"Burning; pain, anguish, envy. A relapsing fever in horses. ( med ) Slough. Rotten (clothes)."
med,سُفۇفُ,( med ) Powder.
med,سَجُهہ,"med ) Lochia, the discharge from the womb and vagina which follows child-birth."
med,ضيق النفس,"med ) Dyspnœa, difficulty of breathing; asthma."
med,ڪامَ,"( med ) Aphthæ. A beam of wood, a joist. A wand, thin stick, a withe. ( naut ) Draught, the depth to which a ship sinks in water when atloat. An arrow."
med,ڪِڇُ,( med ) Leucorrhœa.
med,ڪَڙيِ,"An ankle ornament; a metal ring or loop for fastening any thing by; the link of a chain. A hooked piece of iron for striking fire on a flint. A hank (of thread).Boundary, limit, mark of extension; stage. ( med ) Scab, crust."
med,قليِ,"A bud, unblown flower (of a rose-plant, etc.) A gill (of fish, etc.). A triangular piece let in in a dress, a gore, gusset. A verse in poetry. ( med ) Tonsil."
med,ڪنَگو,"med ) Marasmus, a wasting away of flesh."
med,کائڻ,") Food, diet; messing charges. Grain injured by insects. Dross. Erosion by the rain. ( med ) Blepharitis, inflammation of the margins of the eyelids."
med,گُجيِ,"Foam, froth, lather, suds. ( med ) Ptyalism, salivation."
med,مُرْداريِ,"or Dead; ( Mah ) impure, unlawful, profane; a lazy loon. Carrion; ( med ) slough, the dead mass separating from a foul sore."
med,موتيو,The double jasmine ( jasminum sambac ). ( med ) Cataract in the eye.
med,مونجهو,"A tangle, confusion; uneasiness; ( med ) dyspnœa."
med,نِگرُو,Destitute of a Guru or spiritual teacher; a wretch. ( med ) Mycetoma.
med,نَنِگرو,( med ) Mycetoma. An ant's nest.
med,نيِسائِڻُ,( med ) To resolve.
med,وِرِ,"( med ) Sinus, fistula."
med,اَنبُ,( med ) Pterygium.
med,تَشْخِيصِ,Specification; ( med ) diagnosis.
med,عَرْقُ الِسا,( med ) Sciatica.
med,ناسۇرُ,( med ) Sinus.
improving,ڀِيِلائِڻُ,To let cattle into a field for improving it.
torn,اُکِڙڻ,"To be torn up, broken up, be dislocated (as a joint), be loosened."
torn,پِٿُ,"A piece). In pieces, torn or broken to atoms."
torn,پُڙْدُ,"Anything used as tinder. Paper, cloth, etc, torn up or tossed together."
torn,کِٿو,") To fall in fortune, be weak, reduced. To sleep. To be torn."
postponed,مَوْقۇفُ,"Ceased, deferred, postponed, abolished; dismissed."
damaging,چيڻوٺي,") used in weighing precious stones, metals, etc. Mildew, smut. A blast of wind damaging to crops. Fortune, good fortune. A little, small quantity, atom, particle."
distributed,ڀاڄيِ,"Vegetables, pot herbs. Food, sweets &c. distributed among relations, etc."
distributed,پَهَْرجَڻُ,"To be put on (clothes &c.), be distributed etc. To be put to graze (cattle)."
distributed,پَهَرَڻُ,"To put on (clothes). To be distributed (men or cattle, &c.) Clothes, raiment."
distributed,سَداوِرْتُ,"Alms distributed daily to the poor, etc."
distributed,واڌاڻو,"Congratulation. The first ceremony in a Hindu marriage when jilebis , etc., are distributed among relations and friends. A course of dishes cooked one after the other in the same utensils. The working of the mortar in pounding rice to clean it. A wooden ladle or spoon."
distributed,وَرْتِجَڻُ,To be distributed or helped out (food).
distributed,پيِراڻيِ,Sweatmeats distributed in honour of a Pir
shaped,چوٽُ,"A cone, any thing shaped conically; any thing filled to the highest so as to form a point. The roof of a house."
shaped,چَوْگانُ,"A plain. A stick shaped like a crutch used by faqirs for leaning during devotions. Hockey, polo."
shaped,چَوْليِ,A bee-hive shaped hut. Having a white tail (a cow).
shaped,ڇيلِوون,"Formed of pared or peeled wood, devoid of skin or peel; shaped or squared (timber). Scaly (a fish)."
shaped,دهلڙيِ,A kind of earthenware drum shaped like an hourglass.
shaped,ڊِيَٻڪَ,A kind of small drum shaped like an hourglass.
shaped,ڪنگريِ,An oval shaped earthen pot fixed on Persian wheels for raising water. The kingfisher (a bird).
shaped,مُنڍو,"The ends of a parallelogram or of any long strip of land, &c., so shaped. ( surv ) Offset. The end sides or breadth sides of any thing. ( arch ) A header. The back part, shoulder. Blunt."
shaped,وِڇوڙَڻُ,A kind of ring shaped like a scorpion worn on the fingers or toes.
thoughtful,خياليِ,"Imaginary, fanciful; thoughtful."
thoughtful,سَنگائِتو,"or Timid, timidly with care or concern, thoughtful."
thoughtful,قياسيِ,"Thoughtful, considerate; kind; theoretical; hypothetical."
thoughtful,وڎگردو,"Magnanimous, deeply thoughtful, of reserved disposition."
thoughtful,ويچاروان,"Thoughtful, prudent."
weigh,آڳوپيڇوڳڻڻ,To weigh consequences.
weigh,تورَڻُ,To weigh.
weigh,تورَڻُ تَڪَڻُ,"To consider well, to weigh pros cons ("
weigh,ٽَلَڻُ,To weigh.
weigh,جوکَڻُ,To weigh.
weigh,هنڊائڻ,"To bring into use, use, wear (clothes). To weigh, ponder, consider, lay to heart."
interests,حَقُ حقُۇقُ,Rights and interests.
corpse,ٻَريِ ٺَريِ,Throwing the ashes into the river immediately the corpse is burnt.
corpse,پَتَڻُ,"A ferry; ferriage. A small quantity of grain, etc. left as ferry-hire for the departed soul in carrying a Hindu corpse, or given by Mahomedans to faqirs at the grave. To cause to believe, be reconciled or appeased; to nurse or quiet (a baby). To understand."
corpse,پاتِڻيِ,A ferryman; a ferry boat. A faqir at a graveyard who receives an offering for each corpse buried.
corpse,پِرانيِ,A living being. A corpse.
corpse,جُنازو,A corpse; a coffin; a funeral.
corpse,راتِرَهۇ,Keeping the ashes of a corpse one night after burning before throwing them into the river.
corpse,سِريِ,The head and neck; a corpse. See
corpse,سِرِيهُ,"Corpse, dead body ( Shah"
corpse,ڪانڌيِ,"One who gives a shoulder to carry a corpse, a corpse-bearer, a pall-bearer."
corpse,لاشَ,A corpse.
corpse,لَٽُ,") To cover another with dust, sprikle with dust, fill with dust or earth (a hole), cover with earth, bury (a corpse); to silt; ( fig ) to throw into the shade."
corpse,لَحَدِ,The hollow in which a corpse is washed; a niche in the side of a sepulchre in which corpses are deposited.
corpse,لوٿَ,"A corpse, dead body, carcass."
corpse,مُرْدو,"A corpse, dead body. Carrion."
corpse,مَڙَهُ,A corpse. See
corpse,مَوْلۇديِ,A person who chants before the bier of a corpse.
corpse,مَيَتُ,A corpse.
corpse,مَيْٿُ,"A corpse, dead body."
corpse,نِهُرَڻُ,To bury (a corpse).
corpse,وِهْنجارِڻيِ,The expense of washing a corpse. Bathing.
couples,ٻِثَ,"or In pairs, by couples, two together, inseparable. A pair, couple"
couples,ٻَِِلَهڙِ,In pairs or couples; two together.
couples,ٻِيجَڙِ,"In couples, coupled."
couples,ٻيلاسَ,"or In couples, double, in pairs."
sooner,پَسِ پيشِ,"At last, sooner or later."
sooner,پَهْرِيائيِن,"First, at first. Before, sooner than."
sooner,لڳواُٿڙيو,"No sooner struck than rebounded, said when an admonition does not produce an effect"
beating,ٻُِلهَہ,"Punishment, beating; scolding."
beating,تاڙنا,"Beating, corporal punishment."
beating,تالُ,"Rhythm; beating time (in music), chime. A kind of cymbal."
beating,تَڙَ,"Driving away; beating game, battue."
beating,پِٽِڪو,Beating the head or breast from grief.
beating,پﯘزُ,"Idolatrous worship; adoration. ( ironic ) Beating, cudgeling."
beating,ڦَهَ ڦَهَ,"Beating, striking; the sound of a slap or blow (in quick succession), a shower (of abuse); a thud."
beating,چاٽيِ,The beating or playing on the
beating,ڇََڙَه ڇَنڊَ,"The beating rice, etc., to take off the husk, the husk so separated."
beating,ڇيڄَ,The beating of time with two sticks for dancers at Hindu marriages etc. Inundation.
beating,ڌَڪِڙَڻُ,To half clean rice by beating it in a mortar to extract the outer skin.
beating,هوليِ,A round or peal beaten on a drum. Pressure; beating.
beating,ڌَمَڪَ,"Smell, scent, odour. A beetle (for beating pavements), a rammer, beater."
beating,ڏُڱِريِ,A stick for beating clothes with in washing.
beating,ساٽو,A flail. A twig or stick for beating game (
beating,سٽاڻيِ,"Charges for washing clothes, beating heads of grain, etc."
beating,سٽڪو,"Dashing, beating on the ground, noise of dashing clothes, etc., lashing"
beating,ڪُٽْڪو,The act of beating or knocking.
beating,ڪُرِيزَ,Moulting of birds. Beating and abuse.
beating,ڪندُريِ,The beating clothes in washing.
beating,کَلو,A shoe (used only in speaking of beating with such).
beating,ڪپڙوکوڙڻ,To smooth clothes after washing and drying by beating them with a stick.
beating,کاٽائۇ,One heedless of beating.
beating,مارَ,"A beating, thrashing; chastisement. A habit (in a bad sense as"
beating,مارڪٽ,"Beating, fighting, scuffle."
beating,مَهَميزَ,"A spur: correction, chastise-ment, beating."
wins,کَٽَ جُؤاريِ,"A gambler who always wins, opp to"
shoots,ٻۇنگَرُ,Top shoots of
shoots,ڳُنڍيِرُ,A species of grass whose shoots run along the ground.
berries,واوِڙَنگُ,n. Embelia ripes -its berries used as an anthelmintic.
agreeing,ايڪو,"The figure one, a unit; agreeing, union. And one, or with one (prefixed to a hundred, &c. as"
agreeing,برْبِلِ,etc.). Agreeing with the stomach.
agreeing,سَندو,"Like Declinable as an objective, and agreeing with the noun it depends on). Of, or the peculiar property of, personal. The pers. pronouns are affixed to it, thus"
agreeing,شَهَ,(In chess ) Check. Defeat. Agreeing consenting.
agreeing,قائِلُ,"Acquiescing, agreeing, convinced."
agreeing,مُتَفِقُ,"United, agreeing, unanimous."
agreeing,متفق راءِ,Agreeing in opinion.
agreeing,مَنوتيِ,"The agreeing to an assignment or settlement for the payment of another's debt; an assignment of money, &c.; acceptance (of a hundi"
agreeing,وَڻَتِ,"Agreeing, love, affection, concord."
agreeing,هامَ,"Assent, agreeing."
nails,رهڙو,"A method of tripping in wrestling. Haste, hurry. Scratching with the nails or with claws."
nails,رَهَنَڊَڻُ,"To scratch with the nails, &c., to claw."
nails,ننهنڊ,"Scratching with the nails, a scratch."
nails,ننهنڊڻ,"To scratch with the nails, claw."
nails,نَهَريِ,The working out the hair of the head with the nails. See
nails,نُهُنڊَڻُ,"To scratch with the nails, to claw."
nails,نهنڊو,A scratch with the nails.
nails,نَهيرَڻِ,"An instrument for cutting nails with, a nail-cutter."
guns,سلاميِ,"Salutation; presentation of arms, reception; a salute of guns, salvo; a present to a superior. Submissive, obedient; sloping."
guns,مورِچو,"A line or body of men drawn out in battle array, a battery of guns, an entrenchment, the embrasures (of a fort)."
deprived,کوکوٿيڻ,"To be deprived of power, not to be able to exercise authority."
cars,بَيْراڳِڻ,A female ascetic. A crooked stick having two cars on the top.
suspect,شڪائڻ,To cause to suspect.
suspect,شڪڻ,To fancy; suspect.
suspect,گمانجڻ,"To fancy, imagine, have a suspicion, suspect."
peck,ٺﯘنگارَڻُ,To peck (as a bird).
peck,چڳِ,) To peck up food with the beak.
peck,چنَڻ,To peck up (food).
peck,چَئۇڻو,"A sidelock of hair, the hair on the temples. Grain given to birds to peck, or as a bait; food, victuals; means of subsistence, living; life."
peck,ڏَڏِرَڻُ,"To pound or ground coarsely. To chop to pieces, hack; to peck at and spoil (as birds do fruit.)"
seeker,ڳولو,"A seeker, a searcher."
seeker,گهورو,"A seeker, searcher."
seeker,گهوريندڙ,"Seeker, searcher."
seeker,نهارو,"A searcher, seeker."
curry,اَڳرو پوڻ,To curry favor.
curry,تِيوَڻُ,"Curry of various kinds, seasoning, relish."
curry,پاپَڙُ,"A thin crisp pulse cake, a curry biscuit."
curry,سرخرۇٿيڻ,To curry favour. abs. n
talks,جَکيِ,"A chatterer, one who talks nonsense. Silly talk, nonsense."
talks,زٽليِ,One who talks nonsense.
talks,سِنڌِيَڙُ,One who talks and reads Sindhi; a Sindhi scholar.
talks,طوفانيِ,"or One who talks extravagantly, quarrel. some; stormy; slanderous; a slanderer"
talks,غيبيِ,"Unseen, invisible; one who talks impossibilities."
talks,کيٿِڙِيو,"or One who talks foolishly; a fool, a silly person."
talks,واتيِ,"Who talks much or interrupts, fond of arguing or disputing."
talks,وَڎَواتو,"One who talks much, loquacious, full of talk."
labor,پورِهيو,"Labor, work; wages."
labor,ساٿاڻَڻُ,To move or lean lightly on (a limb after being laid up from disease or a hurt); to rest after labor; to convalesce.
labor,سارٿيڻ,To be seized with the pains of labor.
finder,لَهَڻُ,") Finder, discoverer."
finder,يابَندَهَ,"A finder, recipient."
ceased,بَنْدِ,"Fastened, closed, in captivity; ceased."
ceased,مَوْقۇفُ,"Ceased, deferred, postponed, abolished; dismissed."
equine,گهوڙيجو,Equine.
cooked,آکَرُ,The scum of cooked butter.
cooked,اَماپَڪيِ,Cooked by mother; readymade.
cooked,ڀاتِ,Cooked rice.
cooked,تانهِريِ,"Rice cooked with sugar, etc."
cooked,پَچَڻُ,"Ripe, mature; cooked (food); baked (bricks); suppurated (a boil); firm, strong; built of stone, or baked brick (a house); authenticated, stamped (a paper); certain, sure; fast (colour); shrewd, clever, sharp, wary; expert; consummate (a thief); frugal; full (weight), final (an account). The ripe fruit of"
cooked,دۇنهاٽ,"Smoke or smokiness affecting cooked food; vapour from a well, &c."
cooked,ڏَڌِڙيِ,Cooked pea pods.
cooked,ڏَڌورُ,"Half cooked, half ripe. A term for a wretched, forlorn person."
cooked,ڍوڪِريِ,"A flour cake cooked with fish, &c. ڍولو، ڍولَڻُ ، ڍولُ"
cooked,ڍيٻِرو,A kind of cake cooked by Hindus.
cooked,رَسوئيِ,"Cooked food, victuals, a dinner."
cooked,سُپَڪُ,"Well cooked, ripe, well ripened, mature."
cooked,سيئل,Cooked by steam.
cooked,شيِخَ,"A spit, ramrod. A course of bits of meat cooked on a spit. An axletree. The spur of a cock."
cooked,ڪَچو,"Raw; undressed; not cooked or baked (as food, earthenware, etc.); built of unbaked earth, clay-built; brittle, weak, frail; not fast (color); defective, deficient; green, inexperienced, new; below a certain standard of weight or measure; mixed, alloyed; unauthenticated, not genuine, unstamped; loose, vague, uncertain; incredible, unreliable; weak; yielding; rough, approximate; blind (boil). Low alluvial lands lying below a bank or hill or lately thrown up by the river. Dishonour, disgrace, defect. Foul language, abuse. A day-book, journal. ڪچائيِ ، ڪچاڻ"
cooked,ڪَرْڎُ,"Spoken of a grain of pulse which will not soften in cooking, improperly cooked, uncooked (pulse)."
cooked,ڪوڪُ,A method of cooking a fish by grilling it whole; a fish so cooked.
cooked,ڪوڪيِ,A small cake cooked on live coal.
cooked,لِپيٽَ,Thick gravy (of cooked meat.)
cooked,لَڳَڻُ,"To blow (as wind.) To be applied, apply to; be fixed, attached; be close to, adjoin, touch; to strike (an hour); to strike, hit; to be plastered, applied; to give (attention); to stick or adhere to; get (a fit or an attack); to offer itself (as a chance); to break out (as war); to be attached, or fall in love with; be entangled, form a liaison ; to feel, perceive (as cold, hunger, etc.); to be burnt, scorched (as cooked rice, etc.); to taste (as"
cooked,مرچائي,Flavoured or cooked with pepper.
cooked,واڌاڻو,"Congratulation. The first ceremony in a Hindu marriage when jilebis , etc., are distributed among relations and friends. A course of dishes cooked one after the other in the same utensils. The working of the mortar in pounding rice to clean it. A wooden ladle or spoon."
cooked,واڱڻ,"cooked with channa meal, &c."
cooked,مڇئي هاڻو,"Smelling of, or defiled by fish (as a pot in which fish has been cooked, etc.)."
cooked,هڎڎاڍو,"Not soft, or well cooked (rice). Flesh and blood, a relative affinity."
cooked,هَڎَڳَرِيَلُ,"Soft, or well cooked (rice)."
arguing,بحثائتو,"or With arguing, obstinate; obstinately."
arguing,تَڪْرارُ,"Disputing, arguing, contention. or ( Indic ) True, certain, positive, undoubtedly."
arguing,ردبدل ردقد,"Disputing, arguing."
arguing,شِدَ,"Doggedness, insistence, arguing, disputing unreasonably."
arguing,قَدُ,"Stature, height, size. Disputing, arguing unreasonably, stubbornness."
arguing,واتيِ,"Who talks much or interrupts, fond of arguing or disputing."
arguing,وادُ,"Disputing, arguing."
overwhelmed,آلۇدو,"Bedaubed; defiled, overwhelmed."
miracles,ڪرامتيِ,"Miraculous, one performing miracles."
differences,صفائيِ,"Clearness; cleanness; cleanliness, conservancy; clearness (of weather); settlement, adjustness of differences. ( geom ) Superficies."
loaded,لُث ٿيﮡ,To be bulky by being loaded too high.
loaded,ساڳو,A string of loaded animals.
xx,ٻِيائيِ,Page ixx Page xx
xx,ڎۇنگهو,Deep. Page xx Page xxi
rains,اُساکرو ٿيڻ,To settle (as the ground after rains).
rains,مُلَحْظو,"One of the 6 principal musical modes, sung during the rains. Misty weather, cloudiness."
rains,مِنهَن وَساڙو,"An insect with a back red and soft like velvet appearing after rains, ( colloq ) a red bug."
rains,نِويڪِلائيِ,Retirement; retired place. Fair weather after rains.
missiles,گُهٻَڻ,A sling for throwing missiles.
missiles,وَسائِڻُ,"To cultivate, cause to flourish or be prosperous; to fertilize. To throw missiles or dirt on others, pelt (stones); pour (abuse). To stun."
israel,بَنيِ اِسرائيِلَ,"The children of Israel, Jews."
pers,سَندو,"Like Declinable as an objective, and agreeing with the noun it depends on). Of, or the peculiar property of, personal. The pers. pronouns are affixed to it, thus"
nd,اَکَڻِٽِيجَ,A Hindu festival—(1st or 2nd day of Wesàkh).
nd,ثَوْرُ,Taurus (2nd sign of the zodiac).
nd,پَوْ,The 2nd person sing. imper of
nd,پُئَڻُ,2nd per. sing. imper
nd,ڏَئِيتُ,"A demon; an unmerciful hard-hearted person. Towards, in the direction of. The 2nd per. sing. imper of"
nd,صَفَرُ,The 2nd month ( Mah
nd,طَرِيقَتَ,"Way; a sect, a religious denomination. The 2nd degree or state through which a Sufi has to pass."
nd,کِتْريِ,"The 2nd of the 4 Hindu castes, being that of the military order."
nd,گورِ,"Fair, white. A cannon ball. The kernel of a cocoanut, etc., the brain of a sheep, etc. A young camel up to his 2nd year. The bones and ashes left after burning a Hindu body. A European, a white person."
nd,ويساکُہ,The 2nd Hindu month (April-May.)
lands,ڇوڙُ,"The mouth (of a river, etc.)or any opening in a canal for flooding low lands."
lands,ڏيريدار,The lands attached to a
lands,زمينات,Lands collectively.
lands,ڪَچو,"Raw; undressed; not cooked or baked (as food, earthenware, etc.); built of unbaked earth, clay-built; brittle, weak, frail; not fast (color); defective, deficient; green, inexperienced, new; below a certain standard of weight or measure; mixed, alloyed; unauthenticated, not genuine, unstamped; loose, vague, uncertain; incredible, unreliable; weak; yielding; rough, approximate; blind (boil). Low alluvial lands lying below a bank or hill or lately thrown up by the river. Dishonour, disgrace, defect. Foul language, abuse. A day-book, journal. ڪچائيِ ، ڪچاڻ"
lands,ڪِشْتِوارُ,Division of lands by the Settlement Department.
lands,مُجيرو,A headman of those who use Persian wheels to irrigate their lands.
allows,ڪيساڌاريِ,or One who allows the hair of the head to grow.
strengthen,سَگهائِجَڻُ,"To strengthen, become strong."
grown,ٻيجو,"The first sowing of rice, etc. for after transplanting; the plants so grown."
grown,ڇَنَ,"A pond, pool; low ground on which grass has grown. A shed."
grown,سُرۇ,"(A boy) that is tall for his age, or has grown up quickly."
grown,ماڙِواڙُ,"A young camel; any animal born and grown up in one's house, (as opp to bought)."
grown,وَڎَوَرَ,or A full grown girl fit for marriage.
suffered,ٻِيجاريِ,"Loss, trouble or inconvenience suffered through another's failure to keep promise."
districts,ميِڙه,"The place where a kardar or an Ijardar is stationed and transacts business in the districts. A post with a cross on the top stuck up at weddings. A pen or fold (of sheep, etc.). A hermit, sage."
stray,اُلِهيڙُ,A stray animal.
stray,ڀَرْمِجَڻُ,"To wander, roam, stray. To be suspicious, or apprehensive. To be misled or deceived."
stray,ڀَِِنوَڻُ,"To stray, wander about. To go round in a circle."
stray,ڇِنوڇورو,"A waif, stray, an orphan."
stray,رُلَڻُ,"To wander about in search of any thing fruitlessly, ramble; be miserable; to stray. ( caus"
stray,فِروعيِ,"Stray, and without owner (cattle, &c.) A fine taken from thieves for a theft committed. The word (from"
stray,لوٿِڪو,"Stray, wandering about."
requiring,خواهِ,"Or, either. (In comp Desiring, requiring. (as"
requiring,رانئيِن جهانئيِن,Odds and ends of business requiring present attendance household work.
bitches,ڪَتِ,The periodical heat of bitches. (
finds,ٽوڪِڻو,or One who finds fault.
liberties,هَٿَ چُراندِڪَرَڻُ,To take liberties (with a lady).
liberties,هٿ وجهڻ,To put one's hand. To set to work. To take liberties.
heavily,لڙهيِ لائڻ,To pour heavily (as rain).
appearances,ظاهراً,Apparently; as far as appearances go.
horde,لڏو,A load. Flitting. A horde.
showing,بي مُحابو,"Disobliging, showing no regard. ("
showing,ڏيکارو,"Showing, seeing, sight, appearance, deportment; a manifestation."
showing,مُطْشا,) A kind of ceiling plastered but showing the forms of the beam.
showing,(ناس نڪ-پتو),A medicine taken in by the nose. (In plural The grey streaks showing first appearance of daybreak.
showing,نَوازَ,"Kindness, showing kindness or liberality."
showing,وِهُرَ,The detail showing any matter; explanation.
showing,ويڪارو,"or Unsound, defective; showing another's faults, censorious."
showing,گِهْچلو,"Dowdy, showing a vulgar taste in dress."
dancers,پيشِوازُ,A kind of long dress worn by dancers. پيشيِ، پيشِنِ
dancers,ڇيڄَ,The beating of time with two sticks for dancers at Hindu marriages etc. Inundation.
dancers,ڇيرِ,"Jingling bangles worn on ankles of dancers, the necks of camels, &c."
dancers,گهِنگهِڻو,"A small hollow ball of metal worn on the ankles and jingled by dancers, also hung round the necks of cattle."
lenses,موتِيا بِندُ,"Cataract, opacity of the lenses of the eye."
flaming,آتش بار,Flaming.
rama,رامانَنديِ,"A sect of Hind. faqirs , followers of Ramanand ; believers in Rama"
rama,رامائِڻُ,"An epic Sanskrit poem by Valmiki ; also a Hindi poem by Tulsidas , containing the story of Rama"
rama,چيٽ,the birthday of Rama
trap,ڦِڙْڪَ,"Snare, trap."
trap,ڦِڙْڪَڻُ,"To catch, to go off (as a trap)."
trap,سرڪڻيِ,A trap for birds let off by pushing a cord. A running knot or noose on a rope; a springe.
trap,ڪوڙِڪيِ,A kind of trap or snare for birds and animals. A springe.
trap,ڪُؤامارَ,A rat trap. The scavenger bird.
trap,ڪُؤامارُ,A rat trap.
sucking,ٻَٺُ,A sucking pig.
sucking,جالَنگُ,A net tied over the udder of cattle to prevent their young from sucking.
sucking,چۇپَڻُ,"To suck, extract juice by sucking"
sucking,چۇپِڻيِ,"A sucking stick for infants, a child's coral. The peg by which a humming top is spun. An ornamental revolving pin of a cradle."
sucking,لُئَرُ,Name of a salt water fish. A young. sucking pig.
soar,شيخ ٿِئَڻُ,"To soar aloft, rear up (as a horse)."
soar,لَمَڻُ,"To hover as a bird, soar, swoop; to hang, dangle, bend, to stoop."
soar,اُڌَڻُ,"To rise, to soar high."
rows,سَرو,"Affixed to the cardinal numbers, and referring to the rows in a necklace, &c.; it means ""fold,"" as"
rows,صفائِتو,"or In rows or lines, successive."
rows,ڪوڙِ,Pegs fixed in the ground in two rows on which the thread is passed backwards and forwards in preparing the warp for weaving.
rows,لڙهو,(In comp with a numeral) With rows (as
rows,ٽہ لڙهوهار,A necklace with three rows).
rows,موٺڙاَنئون,"Embroidered in spots, or with coloured thread run up in rows."
convex,اُپيٽو,Convex.
convex,ماهيِ پُشْتِ,Convex.
intend,اِرادو کرﮡ,"To resolve, intend."
defeated,هارائڻ,"To cause to be defeated, or spilled. To lose."
defeated,هارجڻ,"To be lost, defeated. To be spilled. To tire; be downcast."
defeated,هارڻ,"To be overcome, unsuccessful, be defeated. To lose. To spill, scatter, pour out."
inches,گَزُ,"An iron bar. A ramrod, rammer. The bow of a fiddle. A measure of 37 inches A foot rule. An arrow, a bolt. A large species of tamarisk tree— tamarix articulata"
inches,گَزيِ,A measure of 22½ inches.
signs,آثار,"n. pl Signs, traces, vestiges."
signs,ڍوءُ,"Signs of rain, bad weather."
signs,ميڇ ڏئڻ,To make signs.
signs,ميڇر,"Wry, wry-looking; one making signs."
signs,وَصْفَ,") Signs, qualities."
returning,اوٽ موٽ,Going and returning.
returning,مکياري,An agreement made by a purchaser retaining the option of returning a purchase up to a fixed time.
returning,وَرِ,"Turning, returning, a turn."
grows,زرديۇن,( ) The dark marks in a horse's teeth when it grows old.
grows,سارِسانئون,A kind of grass that grows in ponds (its grain is used for food).
grows,ڪَٻَهَ,A kind of coarse grass which grows in tufts.
grows,ڪَلُ,A kind of sedge or rush that grows in the marshy ground.
grows,ڪۇنڀَٽُ,A tree that grows in the Thar district.
grows,کاريِ,"An open basket made of a kind of rush ( Kano ). A grass that grows on the seaside. Malicious, revengeful, spiteful."
grows,کَکِريِ,Name of a tree on which grows a glutinous fruit— Cordia myxa A kind of madder— Rubia manjith
practise,عمل ڪرڻ,"To practise, put into execution. v.a To act (as a medicine.)"
practise,گُسائِڻُ,"or To miss or cause to miss, fail to hit, allow to pass by; to elude, practise evasion, shirk, sneak off."
practise,مٺ هڻڻ,"To practise onanism, to masturbate."
remained,ڪُڪُ,"A stalk of juari , &c., that has not gone to head; a crop that has remained earless. ڪِڪائيِ ، ڪِڪاڻو See under"
faded,ڦِڪو,"Insipid, tasteless, vapid. Weak or faded (in colour). Ashamed. Pale, yellow."
faded,گَرو,"Mangy. Iron gray coloured (horse); dirty, faded (colorer). The neck."
faded,وساڻل,Faded (color).
respects,اِسِبَنِ نِسبَنِ,"Wholly, in all respects."
respects,بنْدگيِ,"Worship, devotion; salutation inter Homage or respects to you!"
respects,نِسِ پَسُ,"Wholly, entirely, in all respects."
respects,نِئازَ,"Respects, regards."
respects,هرطرح,"In every way, in all respects."
cosmos,ڀۇن وديا,"Creation, the cosmos."
max,ڪارومڱہ,The hairy podded kidney bean ( phaseolus max
partners,گهڻ پيٽاريِ,"Common, shared by several partners (as a field)."
partners,ناديِ ڪرڻ,To auction any article among partners.
lighted,لَهَڪَڻُ,"To be kindled or lighted, to rise up in a flame, light up."
lighted,لُئو,"A bundle of grass, &c. lighted for applying fire to any thing,"
packages,ڇُڙَپَلَ,"Laden in bulk, not inclosed in separate packages, etc."
moved,ڇُلْڪو,The shaking water up; the water so moved; the noise of water shaken or dashing against any thing.
moved,دل ڀرجڻ,To be moved with tears.
moved,سَرَنِ,"To creep, move, or be moved, crawl. To itch slightly."
moved,کَڳيِ,A dance in which the head is moved and a strange sound produced from the mouth.
moved,وهڻ,To be moved with compassion.
moved,هِنئاءُ ڀرجيِ اَچڻ,To be moved to tears.
beats,کيدو,"A strong bird, esp a bulbul , which beats & drives away other birds. A blockhead, a foolish or silly person."
beats,گهڙيالچيِ,One who beats the hours on a gong A clockmaker.
beats,لوڌو,"A beater, or one who beats to rouse game in hunting."
beats,نَغارِچيِ,One who beats a kettle-drum.
cope,برابريِ ڪرڻ,"To cope with, vie, compete, match."
cope,پُڄِتو,"). To be finished, completed; to suffice. To arrive, reach. To equal, match, cope with."
cope,پوهَڻُ,To roast in the ashes. To cope with.
cope,جاءِهُئَڻُ,"To match, cope, with."
cope,جوهَڻُ,"To injure by any violence, overthrow, overpower. To cope with."
cope,دال ڳرڻ,To cope or match with.
cope,مقابلوڪرڻ,"To confront; compete or cope with; to compare, collate; to check, compare (accounts, etc.)."
win,جيِتَڻُ,"To conquer, win; defeat, overcome."
win,کَٽُ,"). To gain, acquire, profit; win, conquer."
win,ڳُڻاٽَڻُ,To win over by one's qualities. ڳُڻَچور ، ڳُڻائتو ، ڳُڻاڪاريِ ، ڳُڻچورائيِ See
win,هڻيِ هنڌڪرڻ,To win one's way at last.
considerable,ڳَچَجيتِرو,A considerable quantity.
cows,بوسو,"A lump of excrement of cows, etc."
cows,ڏاءُ,"A gift, charity. A drench, a medicine for cows, camels, etc."
cows,ڪَنياريِ,A disease among cows when the chops swell.
cows,گوپَ اَشْٽِميِ,The 8th of Kartik shukl-paksh on which day garlands are suspended from the necks of cows.
cows,گورَمُ,A herd of cows.
cows,گَوْميڌُ,The sacrifice of cows.
cows,گوهَرِ,A herd of cows.
cows,گئۇهچا,The supposed sin of killing cows.
coins,بالو,An upper room. The impression or stamp with which coins are struck.
coins,ٽَڪَڻُ,To mill (edges of coins).
coins,پاڙو,Discount taken on coins below standard.
coins,ڇِڪو,"The stamp on coins; coinage,"
coins,شَبِڪو,"Ornamental holes pierced through anything. ( arch ) Foil. A method for reducing coins, weights, &c., to a lower denomination, the account being worked out in a parallelogram or divided by diagonal lines after a certain fashion. Polianthus tuberosa"
coins,لَمو,Blunt; worn (as coins).
coins,مَٽا,"The excess in the difference of exchange between the coins of two currencies, or what is paid for such exchange; discount."
coins,مَرُ,"Dirt. Base metal (in coins), alloy. The wax of the ear. (In ) The dark spots in the teeth of a horse. inter Good! well! (in assenting)."
laps,ڦَڙْڪِڻيِ,"The flutter (of a bird, kite, etc.). The loose piece attached to the cover of a book which laps over the front. The broad point of some kinds of swords. A small turban."
musica,مَيْنا,"Mino bird, allied to the starlings ( gracula musica"
offerings,حاضِراتِ,Invocation of spirits and offerings made to them to beat off an evil spirit to whose shadow one's illness is ascribed.
offerings,شعبان,on which offerings are made in the names of deceased relations ( Mah ).
offerings,لَڪانو,"A name for the month Rajab , in which offerings are made to Pirs and Fakirs"
offerings,نِمِتِ,"On account of, for the sake of (used only in speaking of pious offerings)."
offerings,اُپاسِنا,"Offerings, sacrifice; worship."
stairs,چَرْڻيِ,"A ladder, stairs."
stairs,ڏاڪَڻِ,Stairs; a ladder.
scraps,ڇيِهَڙ,"Manners, good behaviour. Pieces, scraps."
scraps,ريزڪيِ,"By retail; in scraps. Bits, scraps. Of small items."
flagstaff,پِڙُ,"A round level piece of ground, a course, a circle or ring (of a water-wheel, etc.); halo. The threshing floor. The pool (at a game). The place in front of a tomb where people sit and beat drums; also the space round the flagstaff in the پِڙُپائِڻُ.مَحْرَمُ To gallop generally round in a circle. To fail, be bankrupt."
flagstaff,عَلَمَ طوقُ,The point on the top of a flagstaff.
si,ڍَٻُ,"A basket for trapping birds in ( dim ڍٻيِ/si>). Manner, art; shape; manners."
younger,ڏيراٹيِ,so called by the wife of a younger brother.
younger,ڪَرْبَلا,A place in Iraq where Hussain the younger son of Ali was slain and buried.
younger,ڳورَ,"Heavy, weighty, momentous; sedate, serious, staid. A title for the younger brother of one's husband."
securely,قابۇ,"or Fast, tight, firm, secure, securely"
amusing,کلائيندڙ,"Amusing, funny."
amusing,مزي جهڙو,"Interesting, pleasant; amusing; odd, queer."
lowering,ڪارۇنْڀار,"In great quantities, or with great force; lowering (clouds)."
lowering,گهٽيِ,"Deficiency, falling short; humiliation, lowering of one's dignity, compromise of one's position."
connecting,اُميريِ,"The connecting two ends of thread together by twisting and laying them over, a knot."
connecting,ٻانگو,The long bead connecting the ends of a Musalman's rosary. One who calls to prayers.
connecting,جَڙْڻيِ,"Joining, connecting; setting jewels; inlay."
connecting,مُڃَ,the cords connecting the two sides of the wheel of a spinning wheel. The knee or leg above it used as the lap.
connecting,چَمُ,") The strap of leather, &c., connecting the spindle with the frame of an"
connecting,ڏَٽو,"A cork, plug, bung, stopple. That part of the huqa connecting the tubes with the bottom. A piece of stick attached to drum strings for tightening them with. Fat, stout."
connecting,ڏوٽيِ,An ornamental piece connecting the snake of a huqa with the bottom pipe.
connecting,ڳَٽيِ,"A piece of an elephant's tusk. Handcuffs, shackles for the legs; the piece of rope connecting shackles on a horse's feet, or one connecting the noose round a horse's neck with the halter."
connecting,ڳَليِ,"A lane, alley, street. The strap of leather through which stitches pass connecting the upper and side piece of leather in a country shoe."
connecting,ڳَنڍِڻيِ,"Joining, connecting; patching or stitching shoes, &c., cobbling. ( in weaving ) Piecing."
connecting,لَٺِ,"A stick, cudgel, mace, staff, pole, walking stick; a stem (of the sugar-cane). The axle of a water-wheel connecting"
connecting,لَڳَتِ,"The act of fixing or connecting, tenacity. Cost, cost price. The being possessed (by a demon), demoniacal possession. لِڳْلِڳْڙو، لِڳِڙ"
connecting,مِيانڊيِ,( weaving ) The sticks connecting the two bars of a lathe.
ounces,ڇَٽانڪُ,"The 16th part of a seer, two ounces."
legs,بگهياڙيِ,"A she-wolf. Shackles for the legs, etc."
legs,ٽِهاڻُ,"between the legs and fastened behind. A sheet worn over the shoulders, etc."
legs,ٽيڙَڻُ,"To hang, suspend. To cause to open or blow (flowers); to stretch out or extend (one's legs, nostrils, etc.)"
legs,ڄَنگهۇن ڦاڙي هَلَڻُ,To walk with legs wide apart.
legs,ڄنگهۇن هڻڻ,To take a tiresome journey; to work the legs about from pain.
legs,چوتو,A piece of cloth passed between the legs and fastened round the waist.
legs,ڇََڙَهيۇن هڻڻ,"To toss one's legs about, kick (as a horse in pain)."
legs,ڌوتيِ,A waist cloth passing between the legs and fastened behind.
legs,ڄنگهۇن ساهڻ,"To walk about, take the air; to stretch the legs, rest."
legs,سيجِبَندُ,Cords with which the sheet is fastened to the legs of a bed.
legs,صَندَلُ,A moveable frame with short legs and planked over for sitting on. Sandal-wood.
legs,ڪاڇوٽيِ,A cloth worn by Fakirs between the legs covering the privates. ڪاڇيِ، ڪاڇوڙو
legs,ڪانبَ,The end or skirt of a cloth drawn up to hold any thing. A method of supporting the legs when squatting down by winding a piece of cloth round them and the back.
legs,ڳَٽيِ,"A piece of an elephant's tusk. Handcuffs, shackles for the legs; the piece of rope connecting shackles on a horse's feet, or one connecting the noose round a horse's neck with the halter."
legs,گهوڙو,"A horse. The knight at chess. A stand, a frame with legs (as a clothes horse). The hammer or cock of a gun."
legs,لانگَ,Folds of dhoti passed between the thighs; a cloth worn between the legs; the girding one's self in this way.
legs,موُڙهَ سوُڙهَ,"Lying with the hands and legs contracted all in a lump, contracted."
legs,نراڪڻڻ,To rear up on the hind legs.
legs,ونگڻ,To tie the hind legs of a cow for milking.
lam,حشَرُ,"A meeting, concourse. The resurrection. Mourning, wail and lam entation; a dreadful noise. See"
doors,بَجَرَڪَپاٽَ,Adamantine doors.
doors,چؤبارو,A room having four doors.
doors,ڪِڙو,"A wicker or reed frame for doors walls, &c.; a hurdle. A mat of woven wattles placed in the bottom of boats, etc"
doors,نۇنڌَُ,A kind of wooden frame with an image of a bird in the middle which the Lar Hindus place over their house doors on wedding and other festive days.
competence,چارپئسا,lit Four pice) Money; competence.
competence,دال روٽيِ,fig ) Moderate competence.
competence,سَرَڻُ,"Means, competence."
afghan,پَٺاڻُ,"An Afghan, Pathan."
played,ڀيِڎيِ,"The prominent extremity of a bone. The imperial, or tuft of hair on the lower lip. A game played with the knuckle bones of a sheep; also the bones."
played,تِيرِچو,"A preparation applied to the hair of the bow with which stringed instruments are played, to render them harsh."
played,چَؤسارِ,A game played with pieces on squares.
played,چَوْپِڙَ,A game played with pieces on a spotted cloth.
played,دَوْليِ,The getting the number 24 in a hand of a kind of cards with which a game is played.
played,ڌائيِ راند,Name of a play played by boys in the water.
played,ڌَمالَ,Name of a tune played and sung during
played,شيِنهَن ٻَڪِريِ,Name of a game played with pieces on a marked board.
played,ڪندروراند,A boy's play played in the water.
played,نَڪادۇئي,A kind of forfeits played with cowries
played,نَوْبَتَ,"A certain tune or set of notes played on a kettle-drum or trumpet at the gates of great men's houses or at temples at fixed intervals. A time, turn tour. ( agr ) Rotation."
played,ٽِٽِڻِ,"A game played with 3 pieces on a marked board, or ground."
sheets,جُزْبَنديِ,"The sewing together the sheets, etc."
sheets,ڪَٺورو,( naut ) Stern sheets.
