english,sindhi,english_definition
cork,ٻُنجو,"A large cork, plug."
cork,ٻۇچُ,A cork.
profits,چانديِ هئڻ,"To have great profits, etc."
profits,مُتَصَرّفُ ٿَيڻُ,"To enjoy profits, etc."
twentieth,ويِهون,Twentieth.
layers,تَهائِتو,"In layers, in succession"
layers,دۇبيِنائيِ,See دۇتهو .دُئيِ (With two layers). Stout.
reached,اِبهيِٴڪڙيِ آيوآهيِ ڇا؟,Has he reached this stage?.
flames,مَچَڻ,") Flames, blaze, heat, fire."
dragging,جَهڙڪو,"Dragging, pushing."
trailing,ڀَِنِگرو,Trailing eclipta.
pounds,ڇاڙُه,"One who pounds, etc"
debts,اوڌَر,"Credit, money lent, outstanding debts."
debts,اُڳاڙڻ,"To collect (money), recover (debts)."
debts,پيٺِ,"Debts, liabilities. An offering given to a superior."
books,ٻنڌاڻيِ,"Cost of binding, (books, etc)."
books,پُرانُ,The Hindu mythological books. پَرانهﯘن،پَرانهون
carving,پَتِْرِڻيِ,A goldsmith's carving instrument.
chick,چُنَڻُ,"Common chick pea, gram."
colored,ريٽو,Red. A red colored
colored,ميندئَيِ رَتَڙيِ,Henna colored.
rip,اُڊوڙﮡ,"To rip, burst, unstitch."
baking,تَئَو,A bread baking pan.
baking,پَچاڻيِ,The price for baking.
shaking,جُنبَشَ,"A shaking, a shock; motion."
shaking,جُهٻَ,"Shaking, churning."
shaking,ڌانڌولُ,A shaking.
shaking,ڌوڏَ,"A jolt, shaking."
shaking,ڌُڏِ ڌُڏِ,Shaking.
shaking,ڏَڪِڻيِ,"Trembling, shaking, etc."
shaking,لَڙْلَڙِ,"Shaking; chattering, prattle."
shaking,لوڏَ,Shaking.
shaking,وِلوڙو,"Churning, shaking up, agitation."
excuses,مۇسَٽُ,"False excuses, sham, pretence."
pleased,ثُٺو,). To be pleased.
pleased,پَسَندِڪَرَڻُ,"To like, be pleased with."
pleased,خُرَمُ,"Happy, merry, pleased."
pleased,خوُشِ,"Happy, pleased, delighted, glad, well-off."
pleased,خۇشنۇد,"Happy, pleased, merry."
pleased,سُرْحالُ,"Pleased, happy."
pleased,شادِ,"Joyful, happy, pleased."
pleased,ڪوڎِيو,"Happy, pleased, fond of."
pleased,مَحَظۇظُ,"Happy, joyful, pleased."
pleased,هش تيِ خوش ٿيڻ,To be pleased with flattery.
peel,ڇِلُ,"Peel, skin, rind, shell, filings, shavings."
peel,گوروڪڍڻ,"To enucleate, peel out."
analyze,تَفْرِيقَ ڪَرَڻُ,To analyze.
stocking,موزو,"A boot, a stocking."
christians,نَصارا,"Nazareth; Nazarenes, Christians.Radius."
attacking,ڇِڙْٻَ,"Attacking with a sharp voice, snapping at one; a rebuff."
attacking,ڏَنگِہ,A large fly attacking animals.
attending,ڄاڃيِ,One attending such a procession.
shelving,لاڙئون,"Sloping, slanting, shelving."
shout,ٻاڪارَ,"To shout, bawl."
shout,سَڏُ,"Call, calling, shout."
shout,نَعْرو,"A cry, shout."
shout,وات ڪرڻ,To shout; use abusive language.
shout,هوڪارو,A shout.
delivered,ويايل,Delivered (a woman).
delivered,اَمَهَڙو,Delivered with difficulty (a young one).
crimson,قرمزيِ,"Crimson, scarlet."
storing,سَٿَ,Storing.
welcome,اَجيِ,"Honor, welcome."
welcome,آدرستڪار,"Welcome, honor."
welcome,ڀَليِن آيئَن,Welcome! You are welcome.
welcome,جييِءُ ڪري,) You are welcome.
welcome,مَرَحْبا,inter Hail! welcome!
welcome,مَرَحْباڪَرَڻُ,To welcome.
welcome,نِچُ,"With a welcome, well."
welcome,نِچُ آيَئِن,You are welcome.
welcome,نچ چوڻ,To welcome.
welcome,هانمُشْڪا,"Greeting, welcome."
jews,بَنيِ اِسرائيِلَ,"The children of Israel, Jews."
excitement,تاءُ,"Heat, passion, excitement, strong feeling."
spices,مَصالِحُ,"Materials, ingredients; drugs, spices, seasoning."
obtained,پِراپَتِ,"Acquired, obtained."
obtained,حاصل ٿئڻ,To be obtained.
obtained,ڍَئِجَڻُ,To be obtained or found.
obtained,سَپْڄَڻُ,To be found or obtained.
obtained,ڳاڙُئون,Obtained by oozing or dripping.
obtained,لَڌو,"To be found, obtained,"
gives,ڦۇسِرُ,One who gives a
gives,جۇڻِيَتُ,One who gives such information.
gives,حُڪُميِ,Who gives orders.
shuffle,ڳالهہ ملائڻ,To try to shuffle
turkish,تُرْڪيِ,Turkish. The Turkish language.
threatening,تابُ,"Dread, terror; threatening, menace."
threatening,جُٺِ,"Dishonouring, abusing, threatening, punishment; persecution."
threatening,دٻاءُ,"Threatening, menacing, bullying."
threatening,ڌَمَ,"Smell, odour; force, threatening."
threatening,ڍِنگُمَٽَرُ,A threatening expression.
respected,بَرْکہُ,"Respected; honored, having influence."
respected,عَزِيزُ,Respected; dear. A relation.
respected,قربائتو,"or Respected, venerable, venerably, honourable."
respected,قُرْبِوَندُ,"Loved, respected."
respected,والِدَهِ,"Mother, respected mother."
dragged,تَڻَڻُ,"To be pulled, dragged, drawn."
fowler,مارُ,A fowler.
beck,ڪنجڪ لڳہ,Under beck & call.
dealings,ڏيتيِ ليتيِ,"Buying & selling, dealings."
dealings,لَڙهُ وَچُڙُ,"Business, dealings; intimacy."
dealings,ليتيِ ڏيتيِ,"Giving and taking, traffic, dealings."
boats,نَواڙو,A fleet of boats.
boats,بوڙُ,A fleet of boats.
performing,ڪرامتيِ,"Miraculous, one performing miracles."
performing,نارائِنَ ٻَلي,Performing an extra funeral ceremony for a person who has died of an accidental death.
among,اُٽي ڪرﮡ,To break friendship among children.
among,اُسِتو,"A master, headman among artizans."
among,ڦِڪَتُ,A coldness among friends.
among,ڌۇنئَون,"A sect (among Fakirs, &c.)."
among,مَنجِهہ,"In, within, among, into."
among,وِڌِ,"Among Hindus, the defilement brought on others by one dying in a state of uncleanness, or on one's self from causing the death of a cat, &c. A defect (in a metal). See"
melted,گُدازُ,"Melted, dissolved."
charmed,اَڪَنُ ڇَڪَنُ,"Charmed, fascinated, mad with love."
charmed,مَفْتۇنُ,"Fascinated, charmed, mad with love."
tested,مُجَرِّبُ,"Tested, proved, tried, expert."
doing,اُٿامار,"Doing things offhand, dabbling."
doing,بدڪاريِ,Evil doing.
doing,رَهَڙَ,"Doing anything hastily or with negligent precipitation. Scrawling, scratching, a scratch. A beaten path."
doing,لُلَ مَئَڻُ,To be doing nothing.
cricket,تِڎيِ,Kinds of cricket or cockroach.
pres,ڏيِ,pres. p
pres,ڏيِندو,pres. p of
pres,هُئَڻُ,( p. t pres. part
symptoms,ٽاڪي,Secondary symptoms of syphilis.
pressed,بيگاريِ,A pressed labourer; a coolie.
pressed,تَنگِ ٿِيَڻُ,To be hard pressed.
pressed,ڇيڙَ,A body of pressed labourers.
pressed,ڇيڙو,A pressed labourer.
pressed,سَٿُ,"Stored, hoarded. Pressed down."
gems,نورتن,Nine kinds of gems.
steps,پونيون,under پوئين پيرين موٽَڻُ .پﯘنياريِ To retrace one's steps.
medicines,پُنجَ,( ) Heaps (of medicines).
holes,ٽُنگِرُ,Full of holes.
belonging,جانِبُ,Belonging to life.
belonging,ڄَٽِڪو,"Of, or belonging to a"
belonging,حبِيباڻو,Belonging to a beloved one.
belonging,ساڌۇڻو,"Of, or belonging to a"
belonging,ڪافوريِ,"Of, or belonging to camphor."
belonging,لَڪَڙْيارو,Belonging to a mountain pass.
belonging,مَعْدَنيِ,"Belonging to a mine, mineral."
belonging,مُلْکيِ,"Belonging to one's country, indigenous; national; political. Revenue."
belonging,مڱہ,of or belonging to
belonging,هندستانيِ,Indian; belonging to N. India.
belonging,ياقۇتيِ,"Of, or belonging to rubies."
using,تُنبڙْيو,A fisherman using a
loving,ڀَڳِتيِ,"Loving devotion, ardent worship."
loving,پِريميِ,"Affectionate, loving; devout."
loving,نيهيِ,"Affectionate, loving, fond; zealous."
swinging,پِينَگهہ,A swing for swinging in.
swinging,لوڏو,"Swinging, shaking; a shock; convulsion; jolting, a swing, oscillation, vibration."
uncover,اُپٽڻ,"To open, uncover; expand."
purchases,منبئيدار,One who purchases Government grain.
apartments,اوطاق,The men's apartments.
apartments,زَنانِخانو,"The female apartments, zenana, harem"
favor,اُپڪار,"Benevolence, favor."
favor,اَڳرو پوڻ,To curry favor.
favor,تَوَجَهَ,"Attention; condescension, favor."
favor,ٿو وُ,"Obligation, debt of gratitude, favor"
favor,ٿَڌوٿورو,Favor done with a purpose.
favor,پَکَرَ,"Mercy, favor. Iron armour."
favor,ياوَريِ,"Assistance, favor."
favor,اَنگِرَهُ,"Favor, kin dness."
favor,ڎَتُ,"Kindness, favor."
considering,پَهيِ,"Reflection, counsel, considering. Trouble, annoyance."
considering,ڳَڻَتورَ,"Calculating, considering."
considering,مَٿَڻُ,") Churning (milk). Thinking, considering, counsel."
waiver,لادعويٰ,"A deed of relinquishment, waiver."
continent,پَرَهيزيِ,Continent; temperate.
continent,کَنڊُ,A continent.
lamps,چراغِبَنديِ,An illumination by lamps.
produced,اُپڄﮡ,To be created or produced.
feminine,اِستريِ لنگ,Feminine gender.
feminine,ٻيِ,The feminine of
feminine,زالاڻو,"Womanly feminine; womanish, effeminate"
feminine,ساڌٹيِ,The feminine of
feminine,مادِ,"Female, feminine. A female."
feminine,مسخرياٹيِ,The feminine of
feminine,مُؤَنِّثُ,Feminine (gender). مونجهِہ، مونجهُہ، مونجهَہ
tops,گَجَرَ,) The green tops of carrots.
joined,ٻِثو,"Coupled, joined, paired, double."
joined,شامِلُ,"Joined, connected; associated; concerned; attached, appended."
joined,ماهِلُ,"Joined, mixed, mingled."
joined,مُشْتَرَڪُ,"Shared, joined, See under"
joined,هاڻو,"Joined with. An affix signifying ""touched with"", etc., as"
hands,هٿ ٻنڌيِ,Joining the hands in supplication.
toast,حوٽيِ حاضريِ,The morning tea or toast.
rebound,اُٿڙ,A rebound. (
rebound,اُوسِڙو,A rebound.
rebound,ٿيڙُکائِڻُ,To rebound.
rebound,لَمُ,Rebound of a ball. ( Up. S ).
totally,سروسَرِ,"Wholly, completely, entirely, quite, totally. سَرْوَسَڳْت، سَرْوَسَڪِتِيوانُ"
totally,صفن صفا,"Totally void, empty, cleared out."
washed,ڌوتو,p. p of ڌوتَلُ . ڌُئَڻُ Washed.
washed,ڌوئِجَڻُ,To be washed.
washed,ڌئارڻ,To get washed.
smile,پاٻوهَ,A smile.
smile,پاٻوهَڻُ,To smile.
smile,مُشْڪَڻُ,To smile.
playing,تاشَ,Brocade). Playing cards.
playing,تُرْپُ,Trump (in card playing).
playing,ٽِپَڻُ,A shot in playing marbles.
playing,ٺيڙهيِ,A small playing marble.
playing,پَلْٿو,Fencing; playing at single sticks.
playing,چِڌو,A playing marble.
playing,چڌي راند,The playing at marbles.
playing,خورَکائِڻُ,To finesse (in whist playing).
playing,ڍارو,A die (for playing).
playing,طاسَ,A bowl. Brocade. Playing cards.
playing,کلڻائيِ,"Laughing and playing; merriment, risibility."
playing,کَنکَڙُ,"Fruitless, nothing (in playing cards). کُنگهو ، کِنگو ، کنُگو"
playing,کينۇڙو,A ball for playing with.
playing,گَنجِفو,"Playing cards, a pack of cards."
playing,خَرْچُ,(In card playing ) An outer-card.
puts,ڦَڏائيِ,& One who puts hitches.
repealed,مَنْسۇخُ,Cancelled repealed.
color,رَوْنَقَ,"Complexion, color; beauty. elegance, splendour."
color,وساڻل,Faded (color).
consciousness,ڀاسَ,"Perception, consciousness; presentiment, intimation."
consciousness,ڄاڻُ,"Presentiment, inward consciousness, inkling; intimation."
consciousness,لَکَہ,"Consciousness, knowledge, information. A mark."
notes,ٽِپُ,To take notes.
notes,جهِيلَ,A drum producing treble notes.
suffer,ڀوڳِناڀوڳَڻُ,To suffer pain or misery.
suffer,ڀوڳڻُ,"To suffer, undergo. To enjoy."
suffer,ٽولاڪاکائِڻ,To suffer hardships.
suffer,چماٽ لڳڻ,To suffer loss.
suffer,ڇيئو پائڻ,To suffer loss.
suffer,دُڪَہ ڏسڻ,To suffer.
suffer,ڏوراپجڻ,To suffer reproaches or upbraidings.
suffer,سَٺو,") To suffer, endure, bear, tolerate."
suffer,شه کائڻ,To suffer a defeat.
suffer,ڪڙاڪاکائڻ,"To suffer much, endure hardships."
suffer,گهاٽوپائڻ,"To lose, suffer a loss"
suffer,مَرائِڻُ,To suffer sodomy.
suffer,هَرْجُ پَوَڻُ,To suffer damage or loss.
slaves,ٻانَهوثِ,Slaves.
tailed,پُڇِرُ,Tailed.
visit,پَڌِراڻيِ,A visit from a
visit,روُئَتَ,"Appearance, sight, visit."
visit,مُلاقاتَ,"Meeting, interview, visit."
visit,مُنَهنڪاڻِ,Condolence; a visit of condolence.
visit,منهن ڪاڻ لاهڻ,To pay such a visit.
gui,سَتارَ,A gui tar.
speaking,پَرَپَچارَ,Speaking ill of others.
speaking,گَوْن گَوْن,Speaking indistinctly.
speaking,ڳالهاءُ,"Talk, sound of speaking."
speaking,مخاطب ٿيڻ,To address one in speaking.
billed,هَنجُ,The spotted billed goose. ( dim
firefly,کَرْکَٽُ,A firefly.
traces,آثار,"n. pl Signs, traces, vestiges."
traces,اُهاڙُ,Observing of traces; ( mil ) reconnoissance.
stack,کوڙُ,"A heap, stack, pile."
interpreting,ڪَٿا,"Preaching, interpreting Scriptures."
fulfill,بجاءِآڻڻ,"To execute, fulfill."
passes,مُٽاکرو,One who passes urine frequently.
albert,چَوْڪَسُ,"Albert, watchful."
degrees,درجيِ بدرجيِ,By degrees.
faults,ڏَڌَرَپَڌراڪرڻ,To expose one's faults.
riddle,ٻُجهارَتَ,"A riddle, an enigma."
riddle,پِروليِ,"A riddle, enigma."
riddle,دُراهو,"An enigmatical verse, a riddle."
riddle,ڏِٺَپِروليِ,"A riddle, enigma"
riddle,ڳجهارت,A riddle enigma.
pots,نار,on which the pots work.
strap,تَسْمو,A strap of leather; bewit.
strap,خُرْدَمُ,A strap for the waist.
occasions,دُبَرِ,"Twice, again, on two occasions."
rushing,دۇسِ دۇسان,"Pressing, cramming, rushing in."
birds,پَکَڻُ,Birds; the feathered tribe.
birds,جهار,A flock of birds.
birds,چڙيِ چاندنيِ,Birds in general.
birds,چُڳَڻُ,) Food o birds.
birds,سانگہ ڪري اچڻ,To migrate (as birds).
birds,طُرو,given to birds of prey.
birds,ڪوڙِڪر,A snare for birds.
birds,گيوَرُ,The urine of birds.
birds,واهِپو,"A roost for birds, roosting"
shower,اوهِيرو,A shower of rain.
shower,وَرْکا,"A shower, rain, raining."
shower,وَسْڪارو,"A shower of rain, raining."
commenced,شُرۇعُ,"Begun, commenced. Beginning, commencement."
tossed,اُڇِرڻُ,To be tossed up.
reaching,مٿانهون,"Higher, reaching further, upward."
carried,کَڻَڻُ,") To be carried, lifted, raised."
carried,لَهَرَ,) One carried away by waves.
ber,صوفيِ ٻيرُ,A species of ber (jujube).
vie,ريسائڻ,"To compete, rival, vie."
vie,واري اچڻ,"To match, mate, vie."
ancestors,شعبان,to commemorate ancestors. A letter.
ancestors,وڎا,"Ancestors, patriarchs."
ancestors,اَباواَجْدا,"Forefathers, ancestors."
ancestors,ايِچۇن پِيچۇن,Shortcomings of another's ancestors.
backs,هٽڻو,"(An animal) who backs, obstinate."
began,ڳالهائڻ لڳو,"Began to speak); to get aground (a boat); to rot, be spotted (fruit); to match with; to follow, to listen to, believe, rely on (what another says); to reach; to appertain; join. To strike (as a stone); to strike (the mind)."
sind,سينڌِڙُ,Of Sind (a camel).
sind,لاڙُ,"Lower Sind, south of Hyderabad."
sind,وَتو,and in Upper Sind
sind,اُڀَڻُ,To stand). North Sind. Vertical.
spells,منترباز,One who casts spells.
faculties,اُرُ,"Good memory, aptitude, sharp faculties."
breasts,ڏُڪِرِ,One having such breasts.
mats,سيبارو,A maker of mats.
jump,ٻِڻِگَ,"A jump, a leap."
jump,ٽَپائِڻُ,"A jump, leap. A note."
jump,ٺينگُ,"A leap, jump."
jump,ڇالَ,"A leap, jump, prance."
jump,خيزُ,"A leap, jump."
jump,ڪۇدَڻُ,To jump.
touched,اَڇُت,"Not touched, intact; pure, clean."
keystone,چاٻئيِ جوپٿر,The keystone.
sometimes,بعضي بعضي,Sometimes.
sometimes,گاهيِ گاهيِ,Sometimes.
sometimes,مَوادي,"Sometimes, occasionally."
secondly,ٻيوتہ,Secondly.
psalms,زَبۇرَ,Psalms of David.
burned,اُماڙيِ,"A half burned log, firebrand."
burned,لوٺِ,Any thing burned or black.
burned,لهسجڻ,"To be burned, etc."
capped,ڪَڇوراڙيِ,Capped elbow.
taking,پِئَڻُ,) Taking of water.
taking,ڏي وٺ,Giving and taking.
taking,سانڍَ,"Carefulness, taking care of, preservation."
taking,سنڀال,"Watching, taking care, guarding"
taking,کَڻَتِ,"Taking up goods in account, tick, debt."
taking,گيِرُ,"(In comp ) Taking; holder as,"
taking,ليتيِ,"Taking, receiving."
taking,ليتيِ ڏيتيِ,"Giving and taking, traffic, dealings."
taking,هَرَڻُ,"(In comp ) Taking, removing, as"
stripes,ليڪانئون,"Striped, in stripes, streaked."
tolerant,سهن سيل,Tolerant.
tolerant,مُتَحْمِّلُ,"Long-suffering, patient, tolerant."
villages,دِهاتِ,"Villages, country."
terribly,مَڌَمَچَڻُ,To stink terribly.
ways,ڀَتِ,"Ways, manner, habit."
ways,ڀيتِ,"Habits, ways."
ways,ڀَيتِتي پِيَلُ,Accustomed to (the master's) ways.
ways,جَهانِداريِ,The ways of the world.
ways,رَوَشِ,"Behaviour, conduct, ways."
ways,ڪُچالَ,"Misconduct, evil ways."
ways,لوڪ مرجات,The ways of the world.
unacceptable,ناپسند,"Unacceptable, rejected."
recognise,اوکاڻڻ,To exemplify. To recognise.
recognise,سڃاتو,"To recognise, identify."
parents,ماتا پِتا,Parents.
parents,والِدَيْنِ,Parents.
disciples,سِکيِ,Discipleship. The Sikh religion. Disciples.
suitable,بابَ خو,Suitable.
suitable,ٺَهائِتو,"or Suitable, etc."
suitable,جُڙائِيندو,"or Suitable, fitting, proper, properly."
suitable,جوڙائِتو,"or Suitable, suitably."
suitable,جوڳو,"Suitable, fit, proper, sufficient; liable."
suitable,جوڳِڻِ,"). A snake-charmer, serpent-charmer. Befitting, suitable."
suitable,صۇلائِتو,"or Becoming, suitable, suitably, cogenial."
suitable,لائِقُ,"Worthy, fit, suitable, becoming, proper."
later,پَسِ پيشِ,"At last, sooner or later."
later,پانهيرو,A little later.
physiol,آڪُڙَ,( physiol ) Sympathy.
preparations,آگَمَ,"Futurity. Preparations for rain, brewing."
swamp,گَپِڻِ,"A quagmire, marsh swamp."
swamp,گَرَڻِ,"A quagmire, swamp, mire, mud."
heard,ٻڌو,) To be heard or known.
heard,سُيو,) To be heard.
heard,گذار,"or Reported, heard; a hearer"
heard,هَفَوائيِ,Heard by report. Report.
cards,تاشَ,Brocade). Playing cards.
cards,پيِسَ,A deal (of cards).
cards,دَهِلو,The ten at cards.
cards,ڏَهَلو,The ten in cards. ڏُهيرو، ڏهِلو
cards,ڊيلَ پۇلِيسَ,A game at cards.
cards,سَتو,The number seven (in cards). See under
cards,طاسَ,A bowl. Brocade. Playing cards.
cards,کَنکَڙُ,"Fruitless, nothing (in playing cards). کُنگهو ، کِنگو ، کنُگو"
cards,نَوَلُ,The nine at cards.
cards,نَهَلو,The nine at cards.
cards,بَدُ,Cards other than trump.
corn,آﭜوُن,Sweet unripe ears of corn.
corn,اُتيهﮡ,To hull (corn).
corn,ڀُثو,A small ear of corn.
corn,کُتيِ,"A stump, stub of corn."
corn,ڪَنڊِ,Threshing corn.
corn,مَڪائِڻِ,"Indian corn, maize."
england,اِنگلستانُ,England.
nom,آنئًَين,nom. pl ) of
nom,تخَّلُصِ,A poet's nom de plume
nom,تَوِهين,The nom. pl
nom,ساڍا,nom. plu. mas (
nom,ساڍَيۇن,nom. plu. fem
nom,مِڙِيوئي,All ( nom. pl
frequently,دفعيِ دفعيِ,"Constantly, frequently."
frequently,مُٽاکرو,One who passes urine frequently.
frequently,مٽُِ مُٽُِ,Passing urine frequently; drizzling.
folds,لانگَ,Folds of dhoti passed between the thighs; a cloth worn between the legs; the girding one's self in this way.
blush,اکيون لڄائڻ,To blush for shame(eyes).
decorate,سيِنگارَڻُ,"To adorn, decorate; ornament."
decorate,وِنگاسَڻُ,"To adorn, to decorate."
supplies,رسدرسائڻ,To furnish supplies; to cater.
prevalence,واسِرو,Prevalence (of a disease). a. See
obtaining,جۇڻيِ,Obtaining and giving information as regards criminals.
serenity,ٺَهَرَ,"Calmness, serenity, patience. ( or"
serenity,سانتيڪائيِ,"Serenity, stillness, quietness."
syria,شامُ,Syria.
anything,اَجهڪائيِ,To scramble (for anything).
anything,آلونۇرُ,"Anything worthless, spoiled, etc. abs. n"
anything,اَنديِ,Selvage; the edge of anything.
anything,بڻاڻيِ,The cost of making anything.
anything,ٿَڪَ جيِ مُهرَ,fig ) Anything transient or ephemeral.
anything,پُڙْدُ,"Anything used as tinder. Paper, cloth, etc, torn up or tossed together."
anything,طافُ,"Anything dividing a plain from a mountain, a border."
anything,ڪَنچَنُ,Gold. Anything delicate.
anything,بِشَئي,Anything perceptible to the senses; subject.
anything,عيد,anything laid by against the evil day.
fragments,ٽُڪِراٺو,"Fragments, pieces."
rely,ڀاڙَڻُ,To hire. To rely on.
rely,ڀَرِڏِيَڻُ,"To rely, depend."
snap,ٽُٽَڻُ,"To break, snap."
snap,کَسَڻُ,") A snatch, snap."
surround,گهِرَڻُ,"To surround, encompass, besiege, encircle."
sucked,ڌاپجڻَ,To be sucked.
cuts,ياراڻيِ ڦٽائڻ,To be cuts with.
cuts,اُٽي,Cuts (with friends).
verses,بَيْتِ بازيِ ڪرڻ,To cap (verses).
denies,مُنْڪِرُ,One who denies; an athiest.
train,آگ گاڎيِ,A railway train.
train,ڇيترِڻُِ,To train (as an ox).
train,حَمْلو,"An attack. Retinue, train."
train,ريلَ,A railway train.
train,مُقَدِّمومَسِلْسِلُ,logic ) A train of reasoning.
scales,اَهَنُ,The balancing of scales.
scales,تارازيِ,A pair of scales.
scales,ٽَڪِڙيِ,A pair of scales.
scales,ساهِمي,A large kind of scales.
scales,ڪُهاڙيِ,). A case for goldsmiths' scales.
scales,مَراريِ,A jeweller's scales.
senses,کڙوتڙو,"Smart, active; come to senses"
senses,هوش جاءِاَچڻ,To come to one's senses.
informed,آگاهُ,Acquainted informed of.
remembered,يادِ,Remembered.
cucumber,بادرَنْگُ,A sort of cucumber.
cucumber,تۇريِ,"Acute-angled cucumber, or luffa."
cucumber,پاٻيِ,A kind of cucumber.
cucumber,پَٽَتﯘريِ,A wild cucumber.
cucumber,چِڀِڙُ,The pubescent cucumber.
cucumber,وَنگو,The common cucumber.
exchanged,مٽجڻ,To be exchanged.
eggs,خصيِ,"). Giving eggs (hen, etc.)"
rewards,اِنعام اِڪرامَ,Rewards and dignities.
complaining,شڪايتيِ,Complaining.
complaining,مُتَشَڪيِ,Complaining; See under
complaining,هَوْن هَوْن,Complaining from being dissatisfied.
weave,اُڻڻ,"To weave, knit, net."
weave,واڻڻ,To intertwine or weave with
egypt,مِصْرُ,Egypt.
blessings,صَلْواتَ,"Prayer, benedictions, blessings."
andrew,جعفرزٽليِ,Merry Andrew.
falling,گيارس,falling on the 11th of
falling,ٽَپِڪو,"Falling of ripened fruit (esp. mangoes), a windfall. ( e. g"
falling,پَوْٹائيِ,"Loss, deficiency, falling off."
spirits,پِريتُ لوڪُ,The abode of such spirits.
spirits,خالِصُ,"Pure, unadulterated, plain (spirits, etc.)."
spirits,عَرْقُ,Any liquid distilled; spirits.
spirits,غيب عالم,Evil spirits.
spirits,مَدُرا,"Wine, spirits."
spirits,مَڌُ,"Liquor, wine, spirits. Bad smell."
spirits,مُندُ,"Wine, spirits."
cough,ڀُڪَ کَنگهِہ,A heavy dry cough.
cough,کِرْْکِٽيِ,Whooping cough.
cough,کَنگِهہ,A cough (the disease)
cough,کُرْٽو,Whooping cough.
cough,کنگهڻ,To cough.
cough,گَٻَهْريِ جيِ کَنگهِہ,Whooping cough.
cough,وڎيِ کنگهہ,Whooping cough.
pundit,پَنڊِتَ جِنِ کي چَيائِين,He said to the pundit
countless,اَڳاڃو,"Incalculable, countless; profound. Antiquity. اوڳڙ، اُڳاڙ"
countless,اڻ ڳِڻَتُ,"Countless, innumerable, incalculable."
whistler,سِيِٽُر,A whistler.
whistler,سينڌائيِ,A whistler.
throwing,بُلُ,"Throwing up a kite, a ball, etc. A joint of the sugar-cane, etc."
throwing,ٻَريِ ٺَريِ,Throwing the ashes into the river immediately the corpse is burnt.
throwing,غُبارو,A mortar for throwing shells.
throwing,گُهٻَڻ,A sling for throwing missiles.
throwing,نيزي بازيِ,"Throwing the lance, tilting."
throwing,اَفِگِنَديِ,"Throwing, casting."
bending,لَچِڪَدارُ,"Bending, elastic."
bending,نَوَتِ,"Bowing, bending down, humility."
bending,نِئُڙَتَ,"Bowing, bending down; humility, meekness,"
touching,دَرْدَاَنگيزِ,"Painful; pathetic, touching."
touching,دلگير,"Touching, pathetic."
wrench,مروٽڻ,"To twist violently, to wrench."
wrench,موڙَ,") To bend, twist, sprain, wrench."
wrench,پانو,A spanner; a wrench.
compelled,مَجْبۇرُ,"Compelled, forced. constrained,"
liter,اُلَسْتُ,liter Am I not?) Eternity.
liter,پوشِ,liter
wings,پَرَهَڻَڻُ,To flutter one's wings.
wings,هَٻو,Having the wings clipped.
titan,دانَيٴُ,"A demon. Titan, giant."
gets,مَنجَهہ ڳُڻو,One who gets another's secret.
vegetables,بَرٿو,Vegetables boiled and then bruised.
vegetables,بَڪُر,"Vegetables and fruit, greens."
vegetables,ڀاڄيِ,"Vegetables, pot herbs. Food, sweets &c. distributed among relations, etc."
vegetables,داسُ ڪرڻ,"To stew (vegetables, etc.)."
vegetables,سائي ڀاڄيِ,"Vegetables, leaves, greens, pot-herbs."
vegetables,ڪَچِرو,Leavings or remnants of vegetables.
vegetables,ڪَچِريِ,Vegetables sliced and dried.
ceremonies,پَتِرَڪَْرمُ,Funeral ceremonies.
ceremonies,پﯘڄاپاٺُ,Religious ceremonies or rites.
colours,چِٽِسالي,Painted in various colours.
colours,کهنباٽيِ,A dyer of plain colours.
earns,کٽڻهار,One who earns.
settings,جَڙِتِ,Settings in ornaments. جَڙَڻيِ،جَڙْتِ،جَڙَتِ
producing,بَهابرڪت,An inherent blessing producing success.
producing,جهِيلَ,A drum producing treble notes.
producing,ڇٻراٺو,Producing much
quarters,مُنِڙيِ,Three quarters (of a gazu
flooded,زيرآب,"Under water, flooded."
perceived,ڀاسڻُ,To seem; be perceived.
perceived,مَحْسۇسُ,"Perceptible, perceived, felt."
solving,دل ڪشا,"Heart-expanding); solving, (as"
oneself,ٽِڻْمِڻِ,"Bragging, conceit, giving oneself airs."
oneself,پاڻُ پَچائِڻُ,To bring oneself under.
oneself,ڦاسيِ کائِڻُ,To hang oneself.
oneself,ڍَءُ جَهَلَڻُ,To contain oneself. ڍئڻ ، ڍئجڻ See under
oneself,لڱہ موڙڻ,To stretch oneself.
oneself,مزاڪرڻ,To enjoy. oneself.
steal,چورائِڻُ,To steal.
steal,هرڻ,"To take, to seize; steal."
uses,سراڻو,One who uses one.
uses,وِڙْواندُ,Who uses bad language; abusive.
rents,مسواڙي,One who rents a house.
traditions,حَدِيثَ,Tradition; the traditions of Mahomed.
sticks,پَلْٿو,Fencing; playing at single sticks.
sticks,پَوْنسارُ,Treadle threads and sticks.
sticks,ڏاندِريِ,A seller of tooth sticks
sticks,مَدَنُ,The sticks supporting a
upto,ٽِپِيڙهِيو,"From, or upto three generations."
upto,مُنهان مُنهِن,Upto the brim.
cups,پيِتَلُ,"Drunk, in cups."
cups,نسي۾,) To be in one's cups.
grapes,پَٽَپيرﯘن,"Foxes' grapes, nightshade."
grapes,جهنگ جيِ ڊاکہ,(Wild grapes) Physalisminima
grapes,ڪانئِلَپيرۇن,Fox's grapes— solanum incertum
raises,اَڙيِگوڙُ,One who raises hitches.
raises,آنگاسيِ,One who raises an (
moses,مۇسيٰ,The Prophet Moses.
killed,ڪُشْتَهَ,"Killed) Calcined metal, calx."
melissa,بادِرَنْجِبۇيہَ,Bee balm ( melissa officinalis
georgian,گَرْجيِ,A Georgian.
screaming,رنڀ,"Lowing, screaming, etc."
annoying,چِمْتڪَارُ,Brightness; astonishment; an annoying thing.
annoying,ڇيڙَ,"Annoying, etc., instigation; a number of persons following and provoking another."
annoying,کِيدِرو,"Troublesome, annoying."
laughing,کِلَ,"Laughing, a laugh, derision."
laughing,کل کاٻاريِ کلاسريِ,"Laughing, ridicule, joke."
laughing,کلڻائيِ,"Laughing and playing; merriment, risibility."
laughing,کلڻو,"Laughing, merry, jocular."
laughing,پاڻئيِ جو للوهنج,The white-fronted or laughing goose.
collected,اوڳاهيِ,"The collecting (money); money collected,"
collected,اُڳڙڻ,To be collected.
collected,ڪَٺو,"Together, collected."
collected,سَنچِتِ,Collected. A code.
believed,پَتِجَڻُ,To be believed. پَتِوَنتُ،پَتِ وارو
suspend,ٽَنگَڻُ,"To hang up, suspend."
suspend,لٽْڪائِڻُ,"To hang, suspend."
gained,نِيابُ,"Not gained, not attainable. نِياتيِرو ، نِياتِ See"
arrive,پَهُتو,") To arrive, reach extend."
arrive,ڍُڪائِڻُ,To cause to arrive.
arrive,رَسائِڻُ,"). To arrive, reach."
arrive,وارَدُٿئَڻُ,To arrive.
roasted,ڪَبابُ,"Roasted meat, roast."
regions,دوزخيِ,"Hell, the infernal regions."
meals,ڇاندوڪرڻ,To take one's meals.
disclosed,اُگهِڙڻ,"To be disclosed, etc."
disclosed,ڍڪيِ,"Concealment, the not being disclosed."
visiting,بيمارپُرسيِ,Visiting the sick.
visiting,جُهاريِ,The visiting etc.
visiting,زيارَتَ,"A pilgrimage, visiting."
lips,چَپُ,). Having big lips; a camel.
lips,چپ ڊۇلاڪرڻ,To pout the lips.
lips,زبان مان نڪرڻ,To escape one's lips.
troubled,اَوْکو,"Difficult, hard; pained, troubled."
troubled,دِقُ,"Troubled, annoyed. The fulness and pain from surfeit and indigestion."
troubled,گَهٻِراَئِجَڻُ,"To be confounded, agitated, troubled."
troubled,وِياڪُلُ,"Confounded, troubled."
ears,آﭜوُن,Sweet unripe ears of corn.
ears,ڏَٻو,Lop (ears or horns). Piebald.
ears,ڪَرو,A goat with small ears.
ears,ڪَنِرُ,or Having ears; an eavesdropper.
ears,گوشِماليِ,Pulling the ears; chastisement; reproof.
bothered,هَلاڪُ,"Bothered, annoyed, wearied, trouble, vexed."
headed,ٺومِو,A shaven headed mulah
headed,ڪج فهم,Wrong. headed.
purposes,عمارتيِ,Fit for building purposes.
purposes,ويَٽرُ,"Water for culinary purposes, etc."
exactly,تَزِ,"Just at the mark, exactly."
exactly,ساڳي,"Exactly, the very same."
exactly,سُڌِپُڌِ,"As if, in appearance, exactly."
exactly,نِکَنڊآڌيِ راتِ,Exactly midnight.
exactly,هۇبَہ هۇ,"Exactly, precisely."
exactly,هيِن,"Emphatic affix , or Very, exactly."
exactly,يَٿارَٿِ,Exactly.
thousands,هزارون,"Thousands of, or by thousands."
giving,اِمْدادُ,"A gift, giving."
giving,خصيِ,"). Giving eggs (hen, etc.)"
giving,ٻِِلَهہ,Giving milk from two teats (a cow) etc.
giving,ٽِلَهہ,"Giving milk from three teats only (a cow, etc.)."
giving,ٽِڻْمِڻِ,"Bragging, conceit, giving oneself airs."
giving,خَيْرُ,"Happiness, health. Giving alms."
giving,دۇنهارو,"Smoky, giving forth smoke."
giving,ڏاهَ,"The giving intelligence, informing."
giving,ڏئڻ وٺڻ,Giving and taking debts and credits.
giving,ڏئڻيِ,Giving.
giving,ڏيتيِ,Giving.
giving,ڏي وٺ,Giving and taking.
giving,سَوْنپَ,"Entrusting, giving in charge."
giving,ڪڃادان,Giving the bride in marriage.
giving,کيريتو,"Milch, giving milk."
giving,ليتيِ ڏيتيِ,"Giving and taking, traffic, dealings."
giving,نَقْديِ,"For cash, by giving cash."
published,شايَعَ,"Divulged, issued, published."
follows,ذَيْلِ,"What follows, the undermentioned."
successful,سَڪاجُ,"Successful, complete, accomplished. One whose actions are good."
successful,سَمُرادو,Successful. Amiable.
successful,ڪرتارٿ,Successful.
crisp,کڙڪيدار,Crisp.
crisp,کَڙو,"Erect, standing, upright; crisp (as"
flavored,جَسَ ڀَريو,Decent. Flavored.
sum,ميزان وٺڻ,"To sum up, foot up."
lots,پکُووجَهڻُ,To cast lots.
abs,اَلَغَْرضُ,"Thoughtless, indifferent, careless. abs. n"
abs,اُمراهيِ,"A grandee, noble. abs. n"
abs,ڀورِڙو,"Artless, innocent, simple; silly, abs"
abs,تَجَڻُ,"To abandon, give up. abs"
abs,پارﯘٿو,Stale abs. n
abs,پاڻڀَرو,"Independent, self-reliant. ( abs. n"
abs,پاءِ بَندُ,"Bound, restrained, fettered. ( abs. n"
abs,پائِبَنديِ,"Constant, stable, lasting. ( abs. n"
abs,پَٽِڙاڻِ,"Thin, watery, washy. ( abs. n"
abs,پُرْڌو,"). To understand, comprehend. ( abs. n"
abs,پَليِتُ,"Defiled, impure. ( abs. n"
abs,پَوِتِرُ,"Pure, holy, undefiled. abs. n"
abs,پِئَرو,"Yellow, saffron-coloured, sallow. ( abs. n"
abs,ڦِلهو,"Flaccid, puffy; lazy. ( abs. n"
abs,ڦيڦو,"Puffy, bloated, flabby. abs"
abs,جانِبازُ,"Risking life, venturesome. ( abs. n"
abs,جۇکو,Moneyless. abs. n
abs,جهۇنگارَ,"Old, ancient. abs. n"
abs,حَليِمُ,"Mild, forbearing, abs. n"
abs,خاصوکيسو,On intimate terms. abs. n خاصِئَتَ .خاصائيِ
abs,خَبِيثُ,"Impure, wicked. ( abs. n"
abs,خَسْتو,"Vexed, annoyed, abs. n"
abs,دستگير,A patron. abs دستمال .دستگيريِ A handkerchief.
abs,دلگيريِ,"Sorrowful, melancholy. abs. n"
abs,دَوْنسو,"Stout, fat, lusty. abs. n"
abs,ديانتدار,"Faithful, conscientious, honest. abs. n"
abs,ديندار,"Religious, pious, righteous. abs. n"
abs,ديوانو,"Mad, frantic. abs. n"
abs,ڊِڙهِ,"Stable, firm, resolute. abs. n"
abs,رفۇگر,A darner. abs. n
abs,ريِجَهڻُ,"Crooked, mischievous. abs. n"
abs,سَڦِرو,"Good, excellent, nice. abs. n"
abs,سُجاکو,"Awake, wakeful, wary. abs. n سُجاڳہ .سُجاکائيِ"
abs,سرفرارڪرڻ,"To exalt, honor. abs. n"
abs,سرگردان,"Perplexed, distracted. ( abs. n"
abs,سرخرۇٿيڻ,To curry favour. abs. n
abs,سَنجيِدو,"Grave, considerate; solemn. abs. n"
abs,سنگدل,"Stony-hearted, hard-hearted, cruel. ( abs. n"
abs,سۇجهو,Dim-sighted. abs. n
abs,شَرِيرُ,"Wicked, rascally, bad. abs. n"
abs,شفاياب,Convalescent. abs. n
abs,غَليِظُ,"Thick; filthy, nasty. abs. n"
abs,ڪَٺَنُ,"Hard, difficult; penurious. abs. n"
abs,ڪم ياب,"Rare, scarce. ( abs. n"
abs,کَرائيِ,abs. n of
abs,کَڙائيِ,abs. n of
abs,کِکو,Stinking (fish). ( abs. n کِکاڻِ ، کِکَہ etc.).
abs,لاٺو,"Small, little, short.( abs. n"
abs,مَدُّ,"Bad, ill. abs. n"
abs,مُلائِيمُ,"Soft, tender; mild. abs.n"
abs,نابالغ,"A minor, ward. ( abs. n"
abs,ناپاڪ,"Polluted, impure, unclean. ( abs. n"
abs,ناچاڪ,"Sick, indisposed. abs. n"
abs,ناداريِ,"Ignorant, foolish. ( abs. n"
abs,نامڙداٹو,"Cowardly, pusillanimous, etc. ( abs."
abs,نِرْجو,"Shameless, incorrigible. abs. n"
abs,نِرْدَئي,"Hardhearted, cruel. ( abs. n"
abs,نِروڳو,abs. n
abs,نِسَتُ,"Feeble, weak. abs. n"
abs,نيڪ بخت,Fortunate; dutiful. ( abs
abs,وِسائيِ,abs. n of
abs,هريوڀريو,Idem. ( abs. n
abs,آڪِرو,Rough (sea). abs. n
stores,ذَخيِرو,"Provisions, stores, treasure."
lined,سۇسيِ,Lined or striped cloth.
cursed,ڀِِيڻيِ ڀَِِڳَو,Cursed.
cursed,پِٽِڻيِ,Cursed.
cursed,سراپجڻ,To be cursed; be terrified.
cursed,لَعْنتي,Cursed.
cursed,مَلعۇنُ,"Cursed, accursed, execrated."
safely,بِلائِتو,"or Trustworthy; safe, safely."
safely,سلامت,"or Safe, safely."
cor,رَئُنَ,"cor of Round). A round, patrol."
cor,زِڪَ,( cor
cor,سَنتَرُ,cor of Center.
cor,سَنتِريِ,cor of Sentry.
cor,فِرَنٽِ,"cor of Front.) Rebellious, ready to fight."
cor,فِرَنگُ,cor of Frank; Europe.
cor,قائِزو,( cor of
cor,قُلْبانُ,Cor
cor,ڪارِتۇسُ,n. cor of Cartridge.
cor,ڪافُ,n. cor of
cor,ڪڳَرُ,( cor of
cor,ڪانپَ,n. cor of Camp.
cor,ڪانِسُ,Cor of Cornice.
cor,ڪائِجو,Cor of
cor,ڪَٻَٽُ,n. cor of Cupboard.
cor,ڪَپِتانُ,cor of Captain.
cor,ڪِرْسِتانُ,cor of Christian.
cor,ڪَرِنيلُ,cor of Colonel.
cor,ڪَمانيِ,cor of Commander.
cor,ڪَنتِرو,cor of Decanter.
cor,ڪوئِنُ,n. cor of Quinine.
cor,کَٿو,cor of
cor,کَڦَڻُ,( cor of
cor,کَرَ,( cor of
cor,کَسَمُ,( cor of
cor,گاسِليٽُ,( cor of Gaslight). Kerosine oil.
cor,لاٽُ,cor of Lord) The Viceroy.
cor,لَيْن,cor of Line.
cor,ماروٽِ,( cor of Marble) Marbled paper.
cor,مُسَطَحَ,( cor
cor,ميلُ,cor of Madam.
cor,وَرْتو,cor of Order. A uniform.
cor,ٻالاسُ,cor of Balance.
cor,ڪِٽِليِ,cor of Kettle.
esp,تَعْبيِرَ,Interpretation (esp. of a dream).
esp,چۇن چۇن,"Chirping, esp of a sparrow"
esp,نظرديد,"Inspection, esp of crops."
esp,وَبا,"An epidemic, esp cholera."
esp,اَڳوهو,"A guide, esp to Hinglaj"
conceived,سَنجَڻُ,"To be conceived, or created."
wrestling,ڪُشْتيِ,Wrestling.
wrestling,مَلَ,Wrestling.
wrestling,ملاکڙو,Wrestling or sport of wrestling; a place for wrestling.
forming,جوڙُ,"Forming, junction; addition, total, sum. A match, fit, fellow. A crowd or body of faqirs. a Suitable, fit. Well, in good health."
forming,جوڙِڻي,"Making, forming."
opposing,نابِرُ,"Denying, opposing, adverse."
recognizing,سُڃاڻَ,"Acquaintance, recognizing."
bullying,اَنڌير,"Injustice, wrong, outrage; misrule; bullying."
bullying,دٻاءُ,"Threatening, menacing, bullying."
bullying,دَهْمانُ,Bullying.
bullying,هيِسَ,"Treating with violence, etc., bullying."
incidents,سَوانَحِ,"Incidents, events."
accurately,سوڏِيتُ,"or indic ) True, correct, accurately."
carefully,نِڪْڻِيان,"With care, carefully."
grandmother,ڏاڏيِ,A paternal grandmother.
grandmother,نانيِ,"A mother's mother, maternal grandmother."
thrown,برامديِ,Thrown up by the river.
thrown,رديِ,"Rejected, thrown away, waste."
till,تاسيِن,"Till then, so long ( corr of"
till,(تائين),"Till, until, up to."
till,توڙِبن,"Till, up to; as far as."
till,تيسيِنتوئِين,"Till then, so long, up to that time or place. ( corr of"
till,هيسِين,"Till this time, still, till now; or with توڻي ، توئيِن ، توڙِين ، تائيِن"
cross,تُرْش رِۇءِ,"Cross, surly."
cross,تَرُ,"). To pass over, cross; surmount."
cross,ڇڙٻائتو,"or Snappish, snappishly, cross."
cross,ڇِڙٻيل,"Snappish, cross."
cross,سَنڪۇ,( survey ) Cross staff.
cross,صَليبُ,"A cross, crucifix."
cross,اُڪِرَڻُ,To cross.
highlands,ڇِپِرو,Of the hills or highlands.
hearted,ڏاناسُرُ,"Unmerciful, hard hearted.( dim"
persuade,هِرْکائڻ,To induce; to persuade.
sorts,نَوْعَ,") Sorts, kinds."
sorts,ناناپِرْڪارَجا,Of various sorts.
sorts,طرحين طرحين,"Various, of different sorts."
sorts,ناناپرڪارجو,Of various sorts.
transformed,ڪايا پلٽ ٿيڻ,To be transfigured or transformed.
spy,جاسۇسُ,"A spy, scout, an emissary."
spy,چارِئَپو,The business of a spy.
spy,چاريِ,A spy.
spy,مُخَبِرُ,"An informer, emissary, a spy."
stripe,لِيڪَ,"A line, row, streak, stripe."
stripe,ليڪو,"A line (drawn), a stripe."
listener,سامَعَ,"A hearer, listener."
arriving,سَهيڙو,Arriving.
cries,وِلاڙَ,Cries of complaint.
worlds,تِرْلوڪُ,"The three worlds, the universe"
worlds,دارينِ,The two worlds.
worlds,تِرْلوڪ,The three worlds (
hindu,آکاڙُ,Fourth Hindu month—(June—July).
hindu,ٻارهن ماسيِ,The death anniversary (Hindu).
hindu,ڀُڄَڻُ,(Hindu).
hindu,تِرْمۇرتيِ,The Hindu Triad.
hindu,ڪتيِ,(Hindu fast days).
hindu,پاٺِشالا,A school (Hindu).
hindu,پُرانُ,The Hindu mythological books. پَرانهﯘن،پَرانهون
hindu,پَرْهيِاڻيِ,A Hindu marriage ceremony
hindu,مَعْرِڪو,(Hindu).
hindu,پَنڊِتُ,"A learned man, teacher (Hindu)."
hindu,پﯘرَبُ جَنَمُ,Previous birth ( Hindu belief
hindu,ڄيٺُ,3rd Hindu month (May-June).
hindu,راءِ,A Hindu title.
hindu,سَرِوَڃَڻُ,To attend a Hindu funeral.
hindu,سمرڻيِ,A Hindu rosary of 108 beads.
hindu,سَنبَتُ,A Hindu era. A year.
hindu,سوچيِ,A Hindu shoemaker.
hindu,سيوِڙو,A class of Hindu faqirs
hindu,شِيڪِشْڻُ,The Hindu deity Krishna.
hindu,ڪُويرُ,The Plutus of Hindu mythology.
hindu,لَڪْڙا,( ) Burning a Hindu body.
hindu,لُنڊُ,The Hindu intercalary month.
hindu,مانگهُہ,The 11th Hindu month (Jan-Feb.).
hindu,مَساڻ,A Hindu crematory.
hindu,مهاڄڻ,"A merchant, banker; Hindu community,"
hindu,واجهو,A Hindu schoolmaster.
hindu,واڻِيو,) Of a Hindu.
hindu,واڻِياڻيِ,A female Hindu.
hindu,واڻيو,). A Hindu layman (not Brahmin).
hindu,ويتَرِنيِ,A river of hell ( Hindu
hindu,ويساکُہ,The 2nd Hindu month (April-May.)
hindu,هٽواڻيو,A Hindu shopkeeper.
hindu,هندڪو,Of a Hindu.
hindu,هِندُئاڻيِ,A female Hindu.
hindu,آڌوتيِ,A class of Hindu faqirs
hindu,شاسِتْرُ,The Hindu scriptures.
filings,ٻۇرو,"Sawdust, filings, powder."
filings,چۇرو,"Powder, filings, atoms."
filings,ٽُڪَ,Filings of engravings.
larger,ڊگهيرڙو,"Somewhat long or larger, tallish."
annoyed,تالان,"Annoyed, worried; plundered."
annoyed,خَسْتو,"Vexed, annoyed, abs. n"
annoyed,عاجُزُ,"Annoyed, tormented, vexed."
annoyed,وِڪَنو,"Tired of, disgusted with, annoyed. وِڪِڻَڻُ ، وِڪَڻُ See under"
annoyed,هَلاڪُ,"Bothered, annoyed, wearied, trouble, vexed."
tolerate,سَٺو,") To suffer, endure, bear, tolerate."
fulfilled,مَنْظوُرُ,"Sanctioned, fulfilled."
placing,وجهڻي,"Casting, pouring, placing, laying."
st,پاپيِتو,St. Ignatius's bean.
consultation,مَچَڻُ,"Council, consultation, See under"
consultation,مَشْوَرَتِ,"Consultation, counsel."
freed,سَنڪَرُ,"Freed, released. A name of Siva"
suburbs,پَسِگِرْدائيِ,"Environs, suburbs, vicinity."
suburbs,گِرْدِنَواحيِ,"Neighbourhood, suburbs."
rub,آڍﮡ,To rub (with oil.)
rub,ٿَڌِڙاڪَﮃَڻُ,To rub etc.
rub,رَڳِڙَڻُ,"To rub, grate."
rub,گَهِڪو,A rub.
rub,گهرڙو,"A rub, grind, scrape, grate."
utensils,ٽاڄو,"A collection (of utensils, etc)."
popped,ڦُلو,"Popped corn. Leucoma, albugo. Lamp black, the snuff of a candle."
kings,شاهنشاه,King of kings.
times,اَسيئَۇڻ,Eighty times more or greater.
times,ڀِرکو,"A time, succession of times."
times,صدبار,Hundred times.
times,وقتي,At times; perchance.
times,يارُهوڻو,Eleven-fold or 11 times.
swim,اڻتارۇ,Unable to swim.
swim,تَڙْڳَڻُُ,"To bathe, or swim much."
ships,ڍيِنگَ ڍَريا,Big ships foundered.(Shah.)
ships,دَسُ,A fleet (of ships).
insects,سرجڻ,To be eaten (by insects).
insects,سريل,Eaten by insects.
insects,سُرو,Insects destructive to grain.
sharply,تَمَڪَ سان,"Curtly, sharply, harshly."
sharply,جِهڻِڪِ,") To reprove sharply, snub"
sharply,ڇِڙٻڻ,"To rebuke, speak sharply to."
shoes,جُتيِ,A pair of shoes.
shoes,جُتِيَرُ,A seller of shoes. جِٿَهيِن،جِٿِ
culinary,ويَٽرُ,"Water for culinary purposes, etc."
strengthening,خوراڪيِ,"Strengthening (medicine, &c.); eatable. One who feeds and dresses well."
strengthening,قوتی,"Strong, strengthening."
strengthening,مُقَوّي,"Strengthening, tonic."
having,اَختياريِ وارو,One having authority.
having,اَڌڪاريِ,One having authority.
having,اَرٿا ئۇ,"One having need, or object."
having,اَکِرُ,Having eyes or spots.
having,آنيارو,Having roe (as the palla fish.)
having,اولاديِ,& One having children.
having,بِبِرُ,Having large dugs.
having,بَرْکہُ,"Respected; honored, having influence."
having,بيٺل ڪاُر,Having power and position. (
having,ٻِِڄِڀو,"Double-tongued, having a forked tongue."
having,ٻِلاثو,Having two flames; shining two ways.
having,ٻولاهيِ,A coot (having a
having,ٻِهُڃاڻُ,Having much knowledge; wise.
having,ڀائِتو,Having a brother.
having,ڀُچُ,"Having long straggling hair; barbarous, or barbarous-looking, uncouth Long tangled hair."
having,ڀُنيون,"Acquainted with, having knowledge of."
having,ڀيِديِ,Having knowledge of one's secrets.
having,جُواريِ,having sweet stalks.
having,ٿِرائِتو,"Steady, having a fixed place."
having,پَتيداريِ,"Sharing, having a share."
having,پُٽيتو,One having a son.
having,پَنِرُ,Having leaves; leafy.
having,پَنجِڪَلْياڻُ,Having four white feet and a white mark on the forehead (a horse).
having,پَنجَڻِ,"Having five teats (a cow, &c.)"
having,پَهُچَوارو,"Powerful, having authority."
having,پَهَلۇدارُ,"Having facets, or sides."
having,جانِبازيِ,or Having life; an animal.
having,جۇٺو,Defiled from having been used.
having,چَتُرَڀُڄُ,Having four arms (said of Vishnu).
having,چَٽائيِ,Being sweet-toothed; the having sweet-tooth.
having,چَپُ,). Having big lips; a camel.
having,چَنِبرُ,Having claws; that which snatches with the claws.
having,چؤبارو,A room having four doors.
having,چَؤدَرو,or Having four door-ways.
having,چيروان,A sawyer. Having nitches carved.
having,دارُ,"(In comp ) Having, holding, (as"
having,ڌڻڪو,"Having an owner. Straight, exactly, in the spot."
having,ڌيڻيوارو,"Having such; hence, in easy circumstances."
having,ڌيئيتو,Having a daughter.
having,ڏاٺر,"Tusked, having tusks."
having,ڏَنوَڏارُ,Having a tendency to tear wearing apparel.
having,ڏُڪِرِ,One having such breasts.
having,ڏندر,"Having teeth, one with large teeth; serrated. toothed."
having,ڏهسو,Having 1000 threads in the woof (cloth).
having,رۇماچِتُ,"Having the hair of the body erect; hence, delighted, enraptured."
having,ريکِيارو,(One) having such.
having,سامايل,Having arrived at etc.
having,ستارپيشانيِ,Having a star in the forehead (a blemish in a horse); said also of an ill-fated person.
having,سپتو,One having a son.
having,سُچَرُ,Having a constantly good appe tite; voracious.
having,سَرَندُ,One having means.
having,سُساڏو,"Having a large quantity of pepper, salt and spice; spicy, piquant."
having,سِڱِرُ,"Horned, having long horns."
having,ڪَجْلو,Having the eyelids so painted.
having,ڪَمَرَبَسْتو,Having the waist girded up.
having,ڪَنِرُ,or Having ears; an eavesdropper.
having,کِلَ مُکو,"Having a smiling face, affable, merry."
having,کَنڀِرُ,Feathered; having much feathers.
having,گريارو,"Having knots or sections (as sugar-cane, &c.), jointed."
having,گل مُنهون,Having a ruddy face.
having,ڳڀوراڙو,Having a large family of children.
having,گهڻ ٻجو,"Having many seeds, seedy."
having,لاڳائۇ,"Connected with, having relation to."
having,لاڳدار,Having a connection or interest.
having,للائتو,Mannerly; having some stuff.
having,مائيدار,"Having substance, or body; substantial, possessing thickness."
having,مٿي ميريِ,Having the menses (a woman).
having,مُرْسيتيِ,Having a husband (a woman) married.
having,مُکِيارُ,Independent; having an option.
having,نافِذُ,"Having effect, obeyed, issued, passed (an order, etc.)."
having,نسبتي,"Relative, having reference."
having,وڎخرچو,Having many expenses; expensive.
having,وسعت وار,Having means; solvent.
having,ساءُ,Having the taste of poison.
having,هَٻو,Having the wings clipped.
having,هجائتو,Having the influence of friendship.
having,هَنگايو,Having an inclination to stool.
having,سَهيِ سَنبَهيِ,Having got ready.
sung,راڳِٹي,sung in the 3rd watch before evening.
lessons,سَبَقَ,Object lessons.
asked,مَڱڻُ,") Asked for, borrowed, on loan."
comp,آميزِ,(in comp ) Mixed.
comp,اَنگيزُ,(in comp ) Exciting. Lust.
comp,اَهْلِ,"(in comp ) One, an individual."
comp,بَردار,(In comp ) A bearer.
comp,ٽِنجَ,"Conceit, foppery. ( comp"
comp,پُرِ,(Mostly used in comp as
comp,چَؤ,(In comp ) Four.
comp,خانه,(In comp ) A house.
comp,خُورِ,"(In comp ) Eating, drinking."
comp,دارُ,"(In comp ) Having, holding, (as"
comp,دانُ,"(In comp ) Knowing, (as"
comp,دواسازيِ,"Pharmacy. (In comp ) Two, double"
comp,ريزُ,"(In comp ) Pouring, scattering, as"
comp,زادِ,"(In comp ) Born, as"
comp,زالَ,"(In comp ) Place, multitude, as"
comp,سَرْو,"(In comp ) All, more."
comp,سُوَّ,(In comp ) Self.
comp,شِڪَنُ,"(In comp ) Breaker, as"
comp,شِڪنيِ,"(In comp )Breaking, as"
comp,شِناسُ,(In comp ) Knowing as
comp,عَلي,(In comp ) On.
comp,فِروشُ,"(In comp ) Seller, as"
comp,ڪُشا,"(In comp ) Opening, expanding, (as"
comp,گاهِ,(In comp ) Time (as
comp,گَرْديِ,"(In comp ) Change, revolution."
comp,گۇنُ,(In comp ) Colour.
comp,گيِرُ,"(In comp ) Taking; holder as,"
comp,مارُ,(In comp ) Killer as
comp,نَجْمُ,(In comp ) A star.
comp,نِشِينُ,"(In comp ) Sitting, sitter, as"
comp,نَوازُ,"(In comp ) Cherisher, as"
comp,نِويِسُ,(In comp ) Writer.
comp,نويسيِ,"(In comp ) Writership, as"
comp,والا,"(In comp ) Exalted, as"
comp,واليِ,"). (In comp ) Of, as"
comp,وانُ,"(In comp ) Possessing, as"
comp,وَرُ,"(In comp ) Possessing, as"
comp,هَرَڻُ,"(In comp ) Taking, removing, as"
comp,يابُ,"(In comp ) Finding, as"
comp,يابيِ,"(In comp ) Finding, as"
comp,ياوَرُ,(In comp ) Keeping.
comp,دانيِ,"(In comp ) Place, pot, as"
grandfather,تَڙَڎاڎو,"A great, great grandfather (paternal)."
grandfather,تَڙَنانو,"A maternal great, great grandfather."
grandfather,پَرَڏاڏو,A great grandfather (paternal).
grandfather,پَرَنانو,A grandfather (maternal).
grandfather,ڏاڏو,A paternal grandfather.
sneak,ٿِڙَڻُ,"To slip; evade, sneak, shirk."
sneak,ڪاهِلُ,"A lazy person, a sneak."
sneak,گُسائۇ,"An evader, shirker, sneak."
sneak,گوٿِناٿُ,A sneak; one who shirks.
sneak,گَهِرُ,"or Headstrong, obstinate; a sneak."
trees,جَهَمٽُ,A grove of trees.
trees,جَهنگَلِ شِگافيِ,Clearing of trees and brushwood.
trees,رُڪو,Dry (leaves or trees).
trees,وَڻاهُ,Trees.
trees,وَڻُ ٽِڻُ,"Trees, shrubs, etc."
trees,وَڻراهِ,"Trees, a bush or tree in general; the vegetable kingdom. An avenue of trees."
crying,اوڇِنگارَ,Loud weeping or crying.
crying,اوراڄو,"Crying, weeping. Calamity, evil, ill fate."
crying,بُڪاءُ,"Crying, weeping, lamenting."
crying,دانهون دانه لائڻ,To be crying out incessantly.
crying,راڙ,"Crying, roaring, constant crying."
crying,راماڻُ,"Noise, tumult; quarrel, weeping, crying."
crying,رنگهَہ,"Crying, complaining, fretting (of a child from sickness)."
crying,روڄُ,"Crying, weeping."
crying,رودَنُ,"Weeping, crying."
crying,رئيِ ڎيڻ,To burst out crying.
crying,رئڻائيِ,"Weeping, crying."
crying,ريِن ريِن,The crying (of a child).
crying,زاريِ,"Crying, weeping, lamentation. Supplication, entreaty."
crying,وَلاڙَ,"Crying, weeping."
crying,اُٻِڪارَ,"Sighing, crying."
hills,ڇِپِرو,Of the hills or highlands.
hills,لوه لاڪِڙو,Iron wood of the hills.
pat,ٽِپِڙ,"To tap, pat."
pat,ٺاپُرَڻُ,To pat.
surroundings,ڇَڪَ,"Surroundings, vicinity."
causes,باديِ,"Flatulency. Flatulent, what causes flatulency."
causes,جَنجاليِ,"One who causes trouble, etc."
everybody,عَلانِيَه,Openly; in public; before. everybody.
feathers,ٽيڙَنِ ٽُٽو,"(With feathers broken) Lazy, slothful."
feathers,کَنڀِرُ,Feathered; having much feathers.
relating,پَيْماشيِ,Relating to measuring.
relating,ماتمي,"Of, or relating to mourning."
relating,نوابيِ,"Relating to a nawab. a Deputyship, a governorship. A kind of thin silk cloth."
detained,سَنگَہ,To be detained for custom-dues.
adv,تَٿان پَٿان,adv. In extremis
adv,جِٿي,adv. See
adv,سلسلي وار,"Consecutive, serial; unbroken. adv. Seriatim"
horses,نعلبنديِ,The shoeing of horses.
casts,منترباز,One who casts spells.
suck,چَڳِڙَڻُ,To suck.
suck,چۇسَڻُ,"To suck up, absorb."
suck,ڌاتو,) To suck.
sweeping,چوتيِ,Sweeping clean (as by a thief).
sweeping,ميڙسيڙ,"Sweeping up together, the act of sweeping; sweepings."
prey,دَرندو,Ravenous. A beast of prey.
prey,شِڪارُ,"Hunting, chase, shooting, prey, game."
prey,شَهودُ,A beast of prey.
prey,طُرو,given to birds of prey.
treaty,پَيْمانُ,"A promise, treaty, engagement."
scented,باسارو,Scented; stinking.
scented,جَوْرُ,Scented oleander.
loved,قُرْبِوَندُ,"Loved, respected."
loved,مُحُبُّ,"A sweetheart, a person loved, also a lover."
loved,مَعْشوُقُ,"A loved object, mistress, sweetheart."
shed,ڇَنو,"A shed, house, shelter."
shed,گئۇشالا,A cow shed.
shed,ڳاڙڻ,To shed tears.
shed,ڳوڙهاڳاڙڻ,To shed tears.
shed,مَنڊَپُ,A temporary building or shed.
shed,هنجۇن هارڻ,To shed tears.
bark,بهۇڙ,A bark.
bark,ڀَونڪَڻُ,To bark.
bark,ڀَونڪَ,A bark.
bark,ڪهيريِ,The bark used in dyeing.
bark,يَخيِ,A loud bark. Prattling.
bark,باهوڙَ,The bark of a dog.
tying,ڏنديِ,Tying a thread on the teeth of a comb for the purpose of getting out the lice from the hair.
tying,سڳڙيِ,The ceremony of tying the
cracker,ڦَٿاڪو,"A cracker, a squib."
revealed,شُرْتيِ,"The revealed law, the Vedas"
roots,اَصليت,"Roots, elements, fundamentals."
roots,سَپاڙو,"With, or including the roots."
roots,پِنڊَئون,From the roots.
tricks,ڦِڪَلُ,"Tricks, artifice, stratagem."
tricks,چاڳُ,"Tricks, coquetry."
tricks,چَرْتِر,"Story, history; wiles, tricks."
tricks,کيڎَ,"Play, tricks, expedients, dodge."
commissioned,سَنَديِ,"Covenanted, commissioned, accredited."
waters,پَنجابُ,(Five waters) The Punjab.
decay,زَوِاليَتَ,"Decay, ruin, decline."
cry,ٻاڏائڻُ,"To cry, lament, weep."
cry,ٻَرورَ,The cry of a bird.
cry,ٽِڪْلوُٽِڪْلوُ,The cry of a
cry,پُڪارَ,"Cry, outcry; a complaint."
cry,پُڪارَڻُ,"To cry out, etc."
cry,رڙڪو,A cry.
cry,ريِهارَ,"A cry, bawl, scream."
cry,صَدا,"Sound, voice, echo. Mendicant's cry."
cry,کُٽِ کُٽِ,The cry of young pigs.
cry,ميڪَڻُ,"To cry, weep, etc."
cry,نَعْرو,"A cry, shout."
cry,نِنَڻُ,"To weep, cry. To beg."
cry,وۇئڻ,"To scream, screech, cry."
cry,آلابُ,"Sound, cry."
cry,ٽيرَ,A cry.
stored,سَٿُ,"Stored, hoarded. Pressed down."
dashed,چَڪْناچۇرُ,"Dashed to pieces, bruised."
seek,ڳورَڻُ,"To search for, seek."
seek,لڪلڪاڻيِ-لڪلڪوٺيِ,Hide and seek (the play).
seek,وڄائڻ,"To inquire, search, seek out."
upset,زيرويچار,"To be upset, or topsy-turvy."
upset,ليٽائڻ,"To upset, overturn."
upset,ندان قيمت,"Reserved price, upset price."
pearls,پوتِ,"Small pearls, beads."
pearls,موتِيُنِ جيِ جهانئيِ,Seed pearls.
pearls,ڪِلَ,Glimmer (of pearls).
pearls,گوهريِ,"A seller of pearls,"
clouds,ڇَمَڙُ,"Cloudiness, vapour; thin clouds."
clouds,غُبارُ,Clouds of dust; mist; weight on the mind.
clouds,کَنڊَکَنڊَٿَيڻُ,"To scatter, disperse (as clouds)."
clouds,گهَٽا,Heavy clouds; a close crowd.
bot,اوڌَ,"( bot ) Soboles, sucker."
bot,رَجَ,Dust ( bot ) Pollen.
bot,سدابهار,"( bot ) Evergreen, perennial."
bot,گَوْنٽُ,Kernel. ( bot ) Corolla.
bot,ماديِ,See مادي وارُ .مادِ ( bot ) A pistil
bot,نَرُوارُ,bot ) Stamen
bot,اوٽِيڙو,( bot ) A tiller.
shave,پاڪيِ ڪَمائِڻُ-کَڻَڻُ,To shave the pubes
shave,پاڪيِ ڪمائڻ,To shave the private parts.
shave,ڪۇڙَڻُ,To shave.
shave,پاڪيِ کڻڻ,To shave the privates.
ruined,اُجڙ,"Desolate, ruined."
ruined,بَرِباد,"Ruined, destroyed, lost."
ruined,ڀَثِڻِ,"Ruined, destroyed."
ruined,تَباهُ,"Ruined, undone."
ruined,چوڙ,"Destroyed, ruined, waste."
ruined,خَرابَُ,"Bad, evil; ruined."
ruined,ڏَڀَڻُ,"To be ruined, done up."
ruined,زافُ,Ruined.
ruined,کَيِٴ,"Destruction, ruin. Destroyed, ruined."
stopping,ٻَجهاءُ,"Bond, fastening, tie, stopping."
stopping,ٿَمُ,"Stopping, ceasing. A lair."
stopping,هڪ لس لۇه,"Without stopping, straight, direct."
cords,سيجِبَندُ,Cords with which the sheet is fastened to the legs of a bed.
krishna,سانوَلُ,"Swarthy; title for Krishna, and also for, or in praise of, lovers."
krishna,شِيڪِشْڻُ,The Hindu deity Krishna.
bubbles,ڀُڻِڪَ,"Bubbles in glass, etc."
grains,آڻُ,"Grains of tares, &c. found in rice. اُڻَپَ، اُڻَتِ، اُڻاتِ، اُڻاتَ"
grains,بيسَڻُ,Flour of pulse grains.
grains,ڏُٿُ,Wild grains.
greece,يۇنانُ,Greece.
thunder,رَعْدُ,Thunder.
thunder,گَجَڻُ,"To thunder, roar. ("
thunder,گوڙِ,"Thunder, a peal, a rumbling noise."
engaged,مَشْغوُلُ,"Employed, busy, engaged"
faced,مُنهُن,") Faced, as"
rob,ڦُرَڻُ,To rob.
slap,بُجو,"A cuff, slap."
slap,تَماچو,A slap.
slap,چَپاٽَ,"A slap, cuff."
slap,چَماٽَ,A slap.
stew,داسُ ڪرڻ,"To stew (vegetables, etc.)."
stew,دَمَڻُ,To stew.
ali,عَلْويِ,A descendant of Ali
sigh,ٿڌوساه ڪڻڻ,To sigh.
sigh,شۇڪارڻ,To sigh.
sigh,شۇڪارو,A sigh.
sigh,شِيڪاروڀَرَڻُ,To heave a sigh.
specially,اشٽ ديوُ,A deity specially chosen.
tester,پارِکُہ,"An examiner, a tester."
tow,هودارَڻُ,( naut ) To tow (a boat).
terrific,ڀيتُ,"Terrific, fearful."
lies,اَستﭔولڻ,To tell lies.
lies,ڌوڌو,"Fraud, cheating, lies."
oaks,بِسِفائِج,Polypody of the oaks.
fundamentals,اَصليت,"Roots, elements, fundamentals."
counted,ڳاڻ ڳڻيو,"Allocated, designated, counted."
boys,شينهن ٽَپي راندِ,Name of a boys' play.
boys,ڪَوَڙَوَڎيِ,A kind of boys' play.
boys,گَلَرِ,"A crowd (of boys, etc.)."
boys,گَنجيِ پِٽَڻ,A kind of boys' game.
boys,هُدِڙيِ,A boys' game. هُدايدارُ ، هُدو See
bur,ڀَچَٽيِ,Bur desmochœta (a plant).
cheeks,مِٽَ,). One with full fat cheeks.
knows,ڄاڻي ڄاڻَڻَهارُ,God knows.
knows,گهڻ ڄاڻ,One who knows much.
knows,مَنجهُہ,) One who knows another's secrets.
knows,وَاَللهُ اَعلْمُ,"God knows, (I don't)."
curved,خمدار,Curved.
curved,مُدَوَرُ,"Arched, curved, circular."
curved,وڪڙو,A low temporary curved bund
modes,ڪانِڙو,One of the musical modes.
pelican,پيڻِ,A pelican. پيڻاڍِيو، پيڻاڍيِ See
pelican,ڦيڻاهيِ,A pelican (
ministers,اَدکان دولت,Ministers of state.
offered,سيسا,Victuals offered to the river.
treating,هيِسَ,"Treating with violence, etc., bullying."
brings,سُڌِتي ٻُڌِ,Fresh news brings new expedients.
wonders,لِيلاَ,"Amorous sports; phenomena, wonders."
uncovered,نَنگو,"Naked, uncovered."
trumpet,صۇر,A trumpet.
trumpet,نَفِيريِ,) A horn or trumpet.
connections,پَرْوارُ,"Family, relations, connections Manifest."
connections,کانڀاڻيِ ڇڎڻ,To sever all connections'
guessing,ڌڪيِ باريِ,Scuffling. Guessing.
spreading,پَکيڙَ,"Spreading out; expansion, extent, area."
spreading,فراس,"Spreading carpets, etc., the business of a"
losing,گمراهيِ,"The losing one's way, perplexity."
losing,هارجيت,Winning and losing.
tap,ٽِپِڙ,"To tap, pat."
termination,تَماميِ,"The end, termination."
termination,توڙُ,"End, conclusion, termination."
termination,پاراپو,"Termination, end, limit."
termination,حَدَ,"Boundary, restriction, limit, termination."
termination,نڇيڙو,"Decision, settlement, arrangement, conclusion, termination."
washing,پَڪاڪَرَڻُ,To calculate washing charges of.
washing,پَنجِسَنانيِ,"Washing the hands, feet and head."
washing,ڌئارڻيِ,The cost of washing.
washing,ڌئڻيِ,"Washing, a wash."
washing,طَهارَتَ,Washing either partially or fully; See
washing,ڪَچاوَٽُ,A slight washing (of clothes).
washing,ڪندُريِ,The beating clothes in washing.
washing,ڪيسيِ سنان,Washing the head.
devoted,سَرڌالۇ,"Faithful, devoted in belief."
devoted,فِدا,"Sacrifice, devotion. Devoted, dying for."
has,ڪِتو,What has been spun.
has,کيڻَ پاڻُ ڪَڍِيوآهيِ,The food has become stale.
has,اِبهيِٴڪڙيِ آيوآهيِ ڇا؟,Has he reached this stage?.
has,لاچارکيِ سڀ روا,Necessity has no law).
has,موڻِ,has been put.
has,وانهۇنداوَرِيا,The wind has changed.
has,هنجيی هليٿيِ,He has influence.
has,جُٺِيارو,One who has been ill-treated.
souls,جنم جنم,Transmigration of souls.
demanded,مَطْلوُبُ,"Desired; demanded, called for."
numbered,ماڻ ڀرجڻ,To be numbered (one's days).
tickling,ڪِتِڪوئيِ,Tickling.
snakes,نيچائيِ,A maker of huqqa snakes.
mus,تَندرو,A stringed mus. instrument.
mus,چؤتارو,A four-stringed mus. instrument.
mus,مَرْغولُ,A crenated arch. ( mus ) Slur.
bodies,اِجرام,n. pl Bodies.
bodies,اِجرام سما,Heavenly bodies.
sides,پَهَلۇدارُ,"Having facets, or sides."
sides,ڇَڪُنڊو,"Hexagonal, of six sides."
sides,ڌاريِ پاسيِ,"Around, on all sides."
sides,ٻِپارو,From both sides.
sides,سَمَدَرْشيِ,"Impartial, equally viewing both sides."
corrupted,نِبْتَرِ,"Lost, abandoned, corrupted."
corrupted,نبيرڻ,"Spoiled, corrupted, abandoned."
corrupted,وٿِْرجَڻُ,To be spoiled or corrupted.
corrupted,ونٺِيَلُ,"Corrupted, lost, abandoned."
entering,دَخَلُ,"Entering on; interference, meddling."
punish,ڪَڍَڻُ,To punish severely.
punish,جوڙَپُڄائِڻُ,"To punish, chastise."
punish,ساسِنائۇن ڌِيَڻُ,"To chastise, punish; snub."
punish,ڪرنهن لاهڻ,To punish (a person).
punish,کل اُتارڻ,To flay; to punish severely.
punish,گهچاڪڍڻ,"To crush, punish severely."
conserve,مَرْبو,"A conserve, confection, jam, preserve."
et,وغيره,"Etc., et cetera."
contained,مامَڻُ,"To be contained, find space."
dogs,لوڌيِ,A pack of dogs.
dogs,ڪُتَنِ هابِ,Fit for dogs.
dogs,ٽيِپۇ,A name given to dogs.
flavor,رَسْنا,"The tongue; taste, flavor."
flavor,لاءُ,"Habit, task. Flavor, taste, (as"
flavor,نہ لاءُ نہ ساءُ,"No taste, no flavor)."
worked,ڀَرتۇ,Worked with embroidery. (
worked,جاٺو,A flour-mill worked by cattle.
worked,مقيس,worked or woven into it.
swallowing,تِڪَ,A gulp in swallowing. Also See
swallowing,ڳِتَ,A swallow; swallowing.
swallowing,ڳِهَڻِ,Swallowing.
swallowing,ڳيِتَ,"Swallowing, a swallow, a gulp."
swallowing,اُرِڪَ,Swallowing.
quietly,گَهس ڦُسِ ۾,"Quietly, in hugger mugger."
quietly,هَرين هَرين,"Slowly, quietly."
spare,فالِٽۇ,"Spare, surplus, overplus."
carved,چيروان,A sawyer. Having nitches carved.
submit,آڻ مڃڻ,To submit.
submit,تات مَڃَڻَ,To submit.
submit,نَنيو,") To bow, nod, incline; submit."
tales,ٽِٻُ,"Lying tales, extravagant stories."
tales,ٽِٻَ پَڙَهُڻ,To tell tales.
tales,شِرڙڦاڙَڻُ,To tell such tales.
sounding,تانَگهہ,Sounding.
nineteenth,اُوڻيِهون,Nineteenth.
edges,ٽَڪَڻُ,To mill (edges of coins).
tells,شِرڙيِ,One who tells such stories.
tells,هوريِ,One who tells such.
knees,دۇزانو,The two knees.
looking,بالابِينُ,One looking from above.
looking,پوچارَ,"Care, looking after."
looking,جهاتيِ,"Looking through a hole or round a corner secretly, peeping."
looking,دَرْپَنُ,A looking glass.
looking,ديِکَہ,"Looking intensely; excessive strain on eyes; photophobia, or in tolerance of light."
looking,ڏِتِ,"Looking earnestly; making much use of or straining the eyes. Habit, custom. ڏُتِڙْجَڻُ ، ڏُتِرْجَڻُ"
looking,سارسنڀارسنڀال,"Remembrance; looking after, care."
looking,سۇنجَهہ,"Looking about, spying here and there, inquistiveness."
looking,نِرْکَہ,Looking closely.
looking,نِهارَ,"Looking at, looking for, viewing, staring, watching."
householder,گِرْهَسْتُ,"A householder, layman."
householder,گرهست آشرم,The state of a householder.
householder,گهرائيِ,A householder.
householder,گهرٻاريِ,"A family man, a householder."
lifted,اَکَجُ,That cannot be lifted; unwieldy.
lifted,کَڻَڻُ,") To be carried, lifted, raised."
necessarily,جائيِ,"Positively, necessarily."
necessarily,لابُدُ,"Unavoidable, inevitable; involuntarily. Necessarily, undoubtedly."
got,سَهيِ سَنبَهيِ,Having got ready.
thinking,مَٿَڻُ,") Churning (milk). Thinking, considering, counsel."
thinking,ويِچارُ,"Thinking, consideration, thought."
continuously,ساندَهِ,Continuously alike.
thrust,ٽُنبَڻُ,"To pierce, prick, thrust into."
thrust,چوڪَ,"A prick, poke, thrust, stab."
thrust,چۇنگڻ,"To stab, poke, spur, thrust."
realise,ٻِيث پَوَڻُ,"To realise, understand."
removing,آنچَڪ,Removing the check (in chess) by bringing forward another piece.
removing,لاڎَڻِ,"Removing from one place to another; the goods, chattels so removed."
removing,هَرَڻُ,"(In comp ) Taking, removing, as"
nowadays,اَڄ,Nowadays.
switch,چَهو,"A switch, rod, twig, wand."
switch,ڪانٽومٽائڻ,To switch.
offended,ڏمريل,"Offended, angry."
offended,رُسَڻُ,"Offended, huffed."
offended,وِڎۇڻو,"Angry, offended."
built,ڪَمائِڻُ,A house built of wood.
aim,چُسْتَ,"Aim, the directing a missile."
aim,شَسْتُ,Aim; a thumb-stall used by archers.
aim,مَدارُ,"Aim, accomplishment; dependence"
aim,مَقْصۇدُ,"Aim, object, intention."
paw,ڏوراهڻڻ,To paw (as a horse).
angles,متبدل ڪنڊوُن,Alternate angles.
threads,بۇجَرُ,"Unravelled threads; tangled hair, etc."
threads,تَندۇن تاران,"In threads, worn into threads."
threads,پَوْنسارُ,Treadle threads and sticks.
threads,زريِ,"Gold threads, gold lace."
somewhere,ڪاٿي,Where? Somewhere.
somewhere,ڪاڏي,Where? Somewhere.
somewhere,ڪِٿيِ,Where? in what place? Somewhere.
somewhere,ڪيڎَهِين,Where? Somewhere.
cured,تازوتَوانو,"Refreshed, cured, renovated."
canine,ڪاڻيٺو,A canine tooth. ڪاواٺيو، ڪاواٺو See
roses,گلزار,A garden of roses.
roses,عَطُرُ,Scent: otto of roses.
roses,گُلْشَنُ,"A bed of roses, garden."
roses,گُلْقَندُ,A converse of roses.
attacked,ٻَرْجَڻُ,To be attacked with fever.
attacked,تَپِجَڻُ,To be attacked with fever.
attacked,ڇِڙْڪِجَڻُ,To be attacked with hydrophobia.
attacked,مائيِ نڪرڻ,To be attacked with small-pox.
dancing,جهِمِريِ,Circular movements in dancing.
dancing,راسَ ڌاريِ,Dancing boys who act the parts of Krishna and the gopis
dancing,ڪڃر,a dancing girl; a prostitute.
dancing,نَچَڻُ,") A dance, dancing."
hyderabad,لاڙُ,"Lower Sind, south of Hyderabad."
caught,ماٽئيِ جوپلو,palla fish caught by a
ones,يٿاشڪت,According to ones' means. يَٽلِيِ ، يَٽُ See زَٽلِيِ ، زَٽُ
stocks,اِشڪَنْجو,Stocks for torture. Bookbinder's press.
honored,بَرْکہُ,"Respected; honored, having influence."
risen,آڪِرو,"Risen in price, dear; cross-dispositioned."
risen,اُٿِياڪُ,Risen.
risen,اُٿِيَلُ,"Risen; sore (an eye); heavy (sea); longing, yearning (the heart)."
honestly,سپتيو,"Honest, Honourably, honestly."
roast,ڪَبابُ,"Roasted meat, roast."
weighing,جوکَہ,Weighing.
weighing,ڌَڙُ,"Weighing, measuring (grain and merchandize)."
weighing,وَٽَهَڙُ,A weight for weighing with.
billing,چُماچاٽيِ,"Billing and cooing, caressings."
null,رَدِ۽باطلُ,Null and void.
null,رد۽باطل,Null & void.
null,نيسِتِ,"Non-existent; null, void."
arrived,راسۇ,"Arrived at excellence, or a state of perfection."
arrived,رَسِيدو,"Arrived; matured, ripe. Having communion with (God)."
arrived,سامايل,Having arrived at etc.
butts,گوليِ مارِ,Butts.
opp,اِسٿۇل,Gross ( opp to
opp,پيڪا,) A wife's relations ( opp to
opp,جهولَ,The leeward ( opp to
opp,ڏۇتو,Income ( opp to
opp,سامِتُ,"Settled, quiet, still; silent ( opp"
opp,سَڀَهۇ,"Plenty, abundant, ( opp to"
opp,سُجَهندو,Light ( opp to
opp,سَراوَندو,( Opp
opp,ڪَبِيرُ,"Great, opp to"
opp,ڪُٻيليِ,"or A bad companion, ( opp"
opp,ڪِٺُ,"Heartwood, opp to ڪِٺُ . ڪَچُ"
opp,ڪَڙالۇ,Bitter as opp to
opp,ڪنڊيِ وارو,"Sensitive, thin-skinned, opp to"
opp,لِڪَ,"Concave, opp to لَڪائيِ .اُپٽيو Concavity."
opp,ماٽير,opp to
opp,مقررَيِ,"Appointment, opp to"
opp,نِکَرُ,"Plebian, vulgar, opp to"
opp,ونجوڳُہ,"Discord, opp to"
opp,يَڪِلانگو,"Sidesaddle, opp to"
opp,اُڀَڪَ,"Standing, opp to"
opp,اَڀَهۇ,"Scanty, opp to"
opp,اُجَهندو,"Dusk, opp to"
opp,اُگَمُ,"Inaccessible; difficult, opp to"
opp,اَڳَڍائو,"Well born, opp"
opp,ڀۇتو,"Expenditure, opp to"
novo,سَرِنَوْ,"A fresh, anew, de novo"
melt,آٽﮡ,To melt.
melt,آئُٽَڻُ,"To melt. To wrangle, bicker."
melt,پَگهارَڻُ,To melt; dissolve with heat.
melt,پَگهِْرجَڻَ,To melt.
walk,ٽَهَلَ,"An airing, walk, drive."
walk,کُڙيِ کَڻَڻُ,To walk astf.
smaller,ڪمَتر,"Less, lesser, smaller."
smaller,لاٺائيِ,Somewhat smaller.
smaller,اَصْغَرُ,Smaller (a war).
turn,اُٿلﮡ,To turn over or back.
turn,اُونڌَڻُ,To turn over and empty.
turn,ٻاهرڪَرَڻُ ڪَڍَڻُ,To turn out; oust. ٻاهَرون، ٻاَهَرنئَن، ٻاَهران
turn,ڀيِرو,"Turn, time; a revolution, turn."
turn,ڦِرِڙائِڻُ,To cause to turn.
turn,ڦيرُڦارُ-گهيرِ,"). A turn, twist."
turn,چرخ مارڻ,To turn round.
turn,کيرکرجڻ,"To lopper, to turn sour."
turn,گَرْدانَڻُ,To turn ( Shah
turn,گيڙَڻُ,To turn a water-wheel.
turn,لِڱو,"Time, turn, occasion."
turn,لَهْڪارِجَڻُ,To turn pale.
turn,ٿيڻ,To turn to clay.
turn,منهن موڙڻ,To turn away the face.
turn,وارو,"Time, tour, turn. ("
turn,واري,"Sand. Time, tour, turn."
turn,وَتَڻُ,"To wander, to turn."
turn,وراڪو,"Twist, turn, twisting, wind, winding."
turn,وَرِ,"Turning, returning, a turn."
turn,وِلْٽَڻُ,"To turn, tumble. Tumbler (pigeon)."
turn,ويرُ,"Turn, turn. See under"
theatrical,ناٽڪيِ,Theatrical.
forgiveness,بَخِشَ,Forgiveness.
forgiveness,بخشائڻ,To ask forgiveness.
forgiveness,عَفْوَ,"Pardon, forgiveness."
forgiveness,کِما,"Pardon, forgiveness; patience, forbearance."
created,اُپڄﮡ,To be created or produced.
created,سُپِجَڻُ,To be created.
created,سَنجَڻُ,"To be conceived, or created."
created,مَخْلوُقُ,"A created being, a creature."
spinach,اِسفناج,Spinach.
spinach,پالَڪَ,Spinach (a potherb).
deeply,اَلۇپُ,"Dead drunk, deeply intoxicated."
crowded,سوڙهوسنگهوڙو,"Closely packed, serried, crowded."
crowded,گَپاگَپَ,"A crowded mass, a throng."
crowded,ڳَهَٽُ,"Crowded together, collected in a crowd. A throng, crowd."
push,تُلَ,"A push, pressure; support."
push,ٿيلهَڻُ,"To push, shove, elbow, jostle."
push,ٿيلهو,A push.
push,پِيلَڪَ,A push.
push,ڌِڪَڻُ,"To push, shove, jostle."
years,ٽِهاڻ,A camel three years old.
years,ٽِئاسِ,A young she-buffalo of 3 years.
years,ڇاڪارِيو,A camel of six years.
years,سالَها,For years.
years,وِسانگَ ويساندَرَ,Many many years.
judging,ڏٻرو آچارُ,Judging at the lowest estimation.
ornaments,جَڙِتِ,Settings in ornaments. جَڙَڻيِ،جَڙْتِ،جَڙَتِ
ornaments,جوکم جومال,"Valuables as ornaments, etc."
ornaments,مَڻِيو,"Ornaments for the person trinkets, jewels. A bead."
ant,اُڏوهيِ,A white ant.
ant,چٍيهو,A small ant.
ant,ڪِئُليِ,A small kind of ant.
ant,ماڪوڙو,A large black ant. ( dim
ant,مُڙهيِ,A small white ant.
hindi,وانجِهہ,( Hindi
hindi,ويچَڻُ,( Hindi
david,زَبۇرَ,Psalms of David.
concluded,ڀوڳ پَوَڻُ,To be so concluded.
concluded,صلح ٿيڻ,To be concluded (a peace).
lit,بالانِشيِنُ,lit high-seated). Sitting high. A high seat.
lit,ٺوٺُ,lit A dried-up tree). A dried-up mass of body; any thing hard from dryness.
lit,پاوَنگُ,( lit Rampant). A brave man.
lit,چارآدميِ,lit Four men) People in general; a jury of arbitrators.
lit,چارپئسا,lit Four pice) Money; competence.
lit,چئن ڎينهن جوچٽڪو,"lit Four day's glimmer). Ephemeral existence, nine days' wonder."
lit,خانه بدوش,lit One's house on his shoulders; nomadic.
lit,خَميِسَ,( lit The fifth) Thursday. See
lit,خۇدڪشيدو,lit Self-drawn). Fancy blend (liquor).
lit,سَتاڙو,lit Seventh day). The ceremony of the husband taking his bride home a day or two subsequent to the wedding after she has visited her friends.
lit,ڪنڊاپوکڻ,lit to sow thorns.) To do evil.
lit,ڪَناگهَڙَڻُ,lit To make pots). To idle away time.
lit,کنڊکيڙائو,( lit A searcher). A seaman.
lit,نِشَسْتِ بَرْخاسِتِ,"lit Sitting and rising). Etiquette, manners."
lit,نڪ وڍڻ,lit To cut the nose; to put to shame.
lit,سرنوشت,"lit What is written on the forehead, destiny."
lit,هرديگيِ چمچو,lit ) A ladle for every kettle; spoken of a mischief maker.
lit,هَمَهَ اۇاَسْتِ,lit All is He) Pantheism.
lit,اوتِ پوتِ,lit warp & woof) Thoroughly.
lit,ٻاوَنُ,( lit 52) Capot (in whist).
sup,ڍُڪُ,"A sup, sip."
sup,سَهارو,"Hope, sup-"
makes,نؤديِ,One who makes or sells
noah,نۇحُ,The patriarch Noah.
hi,هاها,inter Ha ha! hi hi!
descendants,آل اَولاد,"Family, descendants, off-spring."
extractor,صورت وَندُ,"Handsome, beautiful. extractor."
extracted,سيِڦو,The blubber extracted from fish.
checked,پَلِجَڻُ,To be checked.
crow,اَلُ,A young crow.
crow,ڌمالۇهڻڻ,To crow (as a cock).
crow,زاعُ,A crow. Black (pigeon).
crow,غَرابُ,A crow.
crow,ڪانويليِ,A female crow.
crow,ڪانِرو,A young crow.
viewing,نِظارو,"Viewing, prospect; an open view; a scenery; splendour, beauty."
viewing,سَمَدَرْشيِ,"Impartial, equally viewing both sides."
entertaining,رِهاڻِ,"Pleasant conversation, entertaining chat."
smoked,دۇنهاٽڻ,To be smoked.
testing,پَرْکاٹيِ,The fee for testing coin.
killing,آهيڙو,"Hunting, pursuing or killing game."
killing,ڪيِسُ,"Murder, killing; an inhuman act."
killing,گهاتُ,"Opportunity. Deceit. Slaughtering, killing."
killing,مارو,"Killing; dying, mortality; massacre. Killer."
getting,نِباهُ,"Living, getting on. Completion, settlement."
getting,نيباهُ,"Living, getting on."
supports,مَدِيانُ,The supports to a
preserved,مَحْفوُظُ,"Guarded, preserved; secure, safe."
crab,سِيانتو,The river crab.
tightly,ڏاڍِيان,"Tightly, firmly; with force, violently; loudly, with intensity."
tightly,سوگهوجَهَلڻُ,To catch tightly.
possess,ماڻَڻُ,To enjoy; possess.
others,پَرَپَچارَ,Speaking ill of others.
others,پَرَگُهَر,"Care, thought for others."
others,ديِدَ,"Modesty, consideration for others."
sweat,پَگَهرُ,"Sweat, perspiration."
sweat,ريڳِڙاڳَڙَڻُ,To exude profusely (as sweat).
votes,غلبي,Majority of votes.
drinking,پِئَٹيِ,Drinking.
drinking,پيڄُ,Drinking.
drinking,خُورِ,"(In comp ) Eating, drinking."
drinking,ڏوگهَہ,Constant drinking from thirst.
drinking,ڏوگهِرُ,One constantly drinking.
drinking,ڏوگهَڻُ,To be constantly drinking.
drinking,سَهَجيِ,One given to drinking Bhang
drinking,فِنجانُ,A small drinking glass.
believing,مُوَحِّدُ,"Believing in one God, a unitarian."
earlier,اڳڀرو,A little further or earlier.
earlier,سويرڙو,Somewhat earlier.
qualities,تاڳاپو,"Lasting qualities, durability, continuance."
qualities,ڳُڻاريِڪ,etc. under ڳُڻوانُ . ڳُڻُ Possessing excellent qualities.
qualities,وَصْفَ,") Signs, qualities."
qualities,ڇَٽِيهَ لَکِڻو,"Of excellent qualities, accomplished."
portland,ڪاروچڻ,Portland cement.
crawl,ريِڙهيِ پائِڻُ,To crawl.
crawl,بانبِڙاڏِيَڻُ,To crawl (as a child).
plated,ملمعيِ,Plated with gold or silver.
horns,ٿوُنو,Butting with the horns.
horns,ڏَٻو,Lop (ears or horns). Piebald.
horns,سِڱِرُ,"Horned, having long horns."
horns,واٽُوان,Curled (horns).
praised,آلَ جالَ,inter God be praised!
metals,پاڻِيِ,Water. Temper of metals.
metals,رَچُ,Granulation (of metals.)
spying,جاسۇسيِ,"Spying out, espionage."
spying,چارالَ,"Spying, scoutineg, secret inquiry. چارِپو،چارَپَ،چاراپو"
forgotten,اَويساءُ,"Not forgotten, fresh in memory."
forgotten,وِسِرَڻُ,To be forgotten.
formed,ڇيلِوون,"Formed of pared or peeled wood, devoid of skin or peel; shaped or squared (timber). Scaly (a fish)."
formed,سُڊَوْلو,"or Well-shaped or formed, shapely."
formed,واڻُ,A rope formed of the
prayers,فاتَحَ,Prayers for the dead.
fishermen,ميهارُ,A class who are fishermen.
does,ڪَرَڻُ,What one does.
arranged,مَرْبوُطُ,"Arranged, grammatical."
addressed,سيڻُ,so addressed.
burnt,آهۇتيِ,A burnt offering of ghi
burnt,ڀِيِلو,"Under burnt (bricks, &c.)."
burnt,سڙيل,Burnt; envious.
strip,چِيوَٽُ,A strip of cloth.
strip,روڙَڻُ,To strip off (as leaves).
ninth,رَمْضانُ,The ninth month ( Mah
ninth,نائون,Ninth. The figure nine.
somewhat,اَلبت,"Somewhat; certainly, of course."
somewhat,اَندراهون,"A little in, somewhat inside."
somewhat,اورتانهون,"Somewhat nearer, a little on this side."
somewhat,ٻاَهِرِتيِ,Somewhat outward.
somewhat,ٿُلهيڙو,Somewhat thick or corpulent; thickish
somewhat,ڦِلهائيِ,"Somewhat flaccid or of soft or loose body; weak, feeble of mind."
somewhat,جيڪيِسو,"Some little, somewhat."
somewhat,چَنَرِپِسيِ,a game somewhat like ludo.
somewhat,ڌوْنرَسَرُ,Somewhat grey (hair).
somewhat,ڊگهيرڙو,"Somewhat long or larger, tallish."
somewhat,سرسيڙُ,Somewhat more.
somewhat,سَوْکيرِڙو,Somewhat easy.
somewhat,سويرڙو,Somewhat earlier.
somewhat,ڪُٻَهِڙيِ,A flea. Somewhat black.
somewhat,ڪُڇُ,"Somewhat, aught, something, anything, ever so little, whatever."
somewhat,ڳوڙهيرڙو,Somewhat thick or dense.
somewhat,لاٺائيِ,Somewhat smaller.
somewhat,ميريرڙو,Somewhat dirty.
somewhat,نيريرڙو,Somewhat blue.
somewhat,وَڌيرِڙو,Somewhat large.
somewhat,وَڎيرڙو,"Somewhat large, biggish, too large."
somewhat,هيٺتي,Somewhat low or lower.
rinse,آڇلائڻ,To rinse.
hundreds,سَوين,"Hundreds, hundreds of, in hundreds."
starting,ڇرڪڻيِ,"Starting, shying."
dolphin,دُلْفيِنُ,A dolphin.
blamed,حرف اَچڻ,To be blamed.
blamed,نِنِتو,"Censured, reproved, blamed."
touch,بوٺِ,"Feverishness, touch of fever."
touch,جهيِڻَ-جهيِڻائيِ,A touch (of fever).
touch,ڇُهْيو,) To touch.
touch,ڇُهِڻيِ,A touch. A tangent.
cue,ڏَسُ,"Direction, cue, hint."
aries,ميشُ,The sign Aries
aries,ميکُہ,The sign Aries
storey,طَبْقو,A storey. Régime.
storey,ماڙيِ,The upper room or storey.
keeps,ڪَبۇتِرائي,One who keeps pigeons.
rings,واگهۇ,ear rings.
events,سَوانَحِ,"Incidents, events."
honor,اَجيِ,"Honor, welcome."
honor,آدرستڪار,"Welcome, honor."
honor,بنده نوازَ,Your honor!
honor,ڀَرَمُ,"Honor, good name."
honor,تَشْريِف فَرْماٿِيَڻُ,To honor with one's presence.
honor,پَتِلاڄَ,"Fair name, honor."
honor,پِتي واروُ,Sensitive of honor ( opposed to
honor,پَيْجَ,"Fair name, honor, credit."
honor,جَنابُ,Your Honor.
honor,سرفرارڪرڻ,"To exalt, honor. abs. n"
honor,مُهُتُ,"Honor, respect. Victory."
honor,شُبُ,A screen; secret; honor.
sandals,کَرْڪِڻو,A pair of sandals.
tack,ريزاميحَ,A small tack or nail.
tack,هڻڻ,"To tack, stitch together, baste."
tack,گوسُ اُٿارَڻُ,( naut ) To tack.
loosely,ڍرائتو,"or Loose, loosely, slow, slowly."
crooked,آڏَِترﮁو,"Uneven, crooked."
crooked,آڏوٽيڏو,"Awry, crooked."
crooked,اَڙﭔنگ,"Crooked in disposition; perverse, forward."
crooked,تِرْڇو,"Crooked, awry; turned out (as toes)."
crooked,ٽوُرو,"Bent, crooked."
crooked,ڦِڏو,"Crooked; club-footed, deformed. ڦِڏْڪو،ڦِڏائيِ Crookedness."
crooked,ڏنگو,"Crooked, bent, awry, uneven, oblique; naughty, full of opposition or crooked ways."
crooked,ڏنگوکڙو,"Crooked, zigzag."
crooked,ريِجَهڻُ,"Crooked, mischievous. abs. n"
crooked,ڪَجُ,"Crooked, curved; cross, perverse. ( survey ) A corner."
crooked,وِنگو,Crooked.
crooked,پۇڄا,Crooked.
socks,جورابُ,"n. pl Stockings, socks. جورو،جوراٹو See زورو،زوراٹو under"
congratulations,سُواڏائيِ,Congratulations.
arab,تازيِ,Arab (horse). A swift horse.
arab,عِراقيِ,An Arab horse.
arab,اَعِرابي,An Arab of the desert.
disposed,واڪِ ٿيَڻُ,To be disposed (to do).
things,اُٿامار,"Doing things offhand, dabbling."
things,حَشْراتِ,"n. pl Reptiles, creeping things."
things,گَنڊُگوڙ,"Things tossed about or tangled together, trash, dirt, rubbish; a tangle, perplexity, disorder."
things,اِدِرِگِدِرِڪَرَڻُ,To do things superficially.
fireworks,آتشبازي,Fireworks.
fireworks,سَرْرِ,"The sound of fireworks, &c."
pipes,آنچيِ,"Cane used for ""Huqah"" pipes."
pleasures,ڀوڳي,"Given to pleasures, concupiscent."
pleasures,ڪاڙَرَسُ,The pleasures of venery.
swell,آماسِجَڻُ,To swell.
swell,ٿوٿِرَڻُ,To swell.
swell,ڦُلائِڻُ,"To expand, swell; to flatter."
swell,ڦُنڊائِڻُ,To swell. ڦُنڊَڻُ، ڦُنڊِجَڻُ
swell,ڦۇڪِڻِ,"See ڦوڪِجَڻُ .پِيئَڻِ To swell, be distended."
swell,گنڀيرائيِ,"Staidness, etc. swell."
swell,موجوڪرڻ,To swell (as the sea).
tomorrow,فَرْدا,Tomorrow.
cracks,ڦوٽِرُ,That which cracks or splits.
tease,تَائِڻَ تَپائِڻُ,"To tease, vex, trouble."
tease,ڪرڻ,To tease.
favored,ڀاڳُ کُلُڻُ لَڳُڻُ,To be favored by fortune.
favored,مَمْنۇنُ,"Favored; thankful, grateful."
buried,گارُٿِيَڻُ,To be buried; See
borrowed,مَڱڻُ,") Asked for, borrowed, on loan."
sliced,ڪَچِريِ,Vegetables sliced and dried.
persist,رَڌُڪُڎائِڻُ,"To persist, to be disobedient."
patches,اَڳڙيارو,"Ragged, covered with patches."
patches,اَڳڙيائون,"Patched, covered with patches."
regards,نِئازَ,"Respects, regards."
secrets,اَنترجاميِ,Knower of one's secrets (God).
secrets,ڀيِديِ,Having knowledge of one's secrets.
secrets,مَنجهُہ,) One who knows another's secrets.
turned,اُلِٽائڻ,"To be reversed, turned over."
turned,اوٿِلوُ,Turned over (as a neck-tie).
turned,مُتَوَجَهُ,"Turned towards, attentive, favourable."
turned,هيٺَمُهون,"Turned on the face or upside down, inclined to one side."
etc,آبوهﮡ,To soak (barley etc.)
etc,اُجرڻ,To be bright etc.
etc,اَدائيِ,"Performance, discharge (of duty, etc.)"
etc,اُدميِ,Industrious etc.
etc,اَرهجﮡ,"To be dissatisfied, etc."
etc,اَسو,"A wart, mole, etc."
etc,اَکو پائڻ,To make grain etc.)
etc,اُگهِڙڻ,"To be disclosed, etc."
etc,اَگهائيِ,"To become weak, etc."
etc,اُنائيِ,The howl of etc.
etc,خصيِ,"). Giving eggs (hen, etc.)"
etc,اَنگڙجڻ,"To be entangled, etc. اَنگشتانو، اَنگُسِتانو"
etc,اَڻائيِ,"Contrariness, etc. اَڻڀاڻِ، اَڻڀُ"
etc,باسَ,"Confession, etc."
etc,برابر,etc.
etc,براهمڻيِ٬ برهمڻ,etc. See
etc,براهمڻ,etc.
etc,بۇجَرُ,"Unravelled threads; tangled hair, etc."
etc,بي ڍنگو,etc.
etc,بي وقۇفائي,"Folly, etc."
etc,بيگَرِ,"Impressment of workmen, etc."
etc,بهَڻ,etc.
etc,ٻاجهارو,"Gracious, etc."
etc,ٻِلۇنگِڙو,"A pup, etc."
etc,ٻُِِلهَہ,Inflating the urinal etc.
etc,ٻنڌاڻيِ,"Cost of binding, (books, etc)."
etc,ٻۇثَڻُ,"To close, shut (eyes, etc.)"
etc,ٻِيثَ,Closing etc.
etc,ٻيِڻُ,"Bight of an elbow, etc."
etc,ڀانِسالُ,etc.
etc,ڀَڃيِ ڎِيَڻُ,"To deduct from wages, etc."
etc,ڀُڳو,"). To be fried, parched, etc."
etc,ڀُڎيِ,"The husk of sesamum, etc."
etc,ڀِڙْڪَ,"A threat, etc."
etc,ڀوڳڙِائيِ,"Parcher of gram, etc."
etc,ڀَوڻُ,"etc. Eccentricity, pride."
etc,ڀيدُ,etc.
etc,تاتيِ,"& Submissive. Talkative. A guardian, etc."
etc,تاتيندَڙُ,"& A protector, etc."
etc,جاڎان,etc).
etc,تاڪيد ڪَيدڻُ,"To send an expedite, etc."
etc,تَڳڻُ,"To stitch (a quilt, etc.)"
etc,تانهِريِ,"Rice cooked with sugar, etc."
etc,نتَپاسُ,"Investigation, etc."
etc,تحصيلداريِ,"The office, etc. of a"
etc,تدارڪ ڪرڻ,"To redress etc., to see to, bring under discipline."
etc,تِڎُ,"A grasshopper, etc"
etc,جَڎهاڪُرَ,etc.).
etc,جَڎهِن,etc.) تَڎْهوڻِڪو، تَڎْهوڪو
etc,جَڎْهوڪو,etc.). A long time since.
etc,تَراشُ,"Paring, etc."
etc,ترتيب وارِ,"or Methodical, etc."
etc,حُقو,", etc."
etc,تونبو,The act of carding etc.
etc,دَسْيِ,"Tightness, etc; poverty, distress."
etc,تَنوارَ,etc.
etc,توبَ,etc.
etc,ڪَرَڻُ,"To fold (cloth, etc.)."
etc,جيسِتائِين,etc).
etc,جِئَن,etc.)
etc,ٿَڌِڙاڪَﮃَڻُ,To rub etc.
etc,ٿولِهہ,"Fatness, etc."
etc,ٿورائيِ,"Fewness, scarcity, shortness, etc."
etc,ٽاٽارَڻُ,"To foment (a sore, etc)."
etc,ٽاڄو,"A collection (of utensils, etc)."
etc,ٽامِٹيِ هَٹڻُ ٽِيَڻُ,"To be sunburnt, etc."
etc,ٽَرْڙو,"or A vain fellow, etc."
etc,ٽِڻي,A knuckle. ٽوٻو،ٽوٻِرُ etc. See under
etc,ٽوپَ,"The boring, etc."
etc,ٽَهَلَڻُ,"To take the air, etc."
etc,ٽَهورَ,"Watching, etc."
etc,ٺَهَڻُ,"To be reconciled, etc."
etc,ٺَهائِتو,"or Suitable, etc."
etc,ٺَلهاڻِ,"Emptiness, etc."
etc,ٺينگُ ٽَپو,"Frisking, etc."
etc,بادِشاهُ,etc.
etc,پاڇَ,"Gruel of rice, juari , etc."
etc,پاڙوسيِ,etc. under پارون، پاڙو See
etc,پاروسيِ,"etc.) Neighbouring, vicinal. A neighbour."
etc,پَلِجَڻُ,"To be brought up, etc."
etc,پامَڪَ,"Lace (of silk, cotton, etc.)"
etc,پِڃارو,etc. See under
etc,پَکُہ,(2). پُڇاڻو،پُڇا،پُڇَ etc. See under
etc,گُرﯘ,etc.
etc,پَرْپَنچيِ,"Artful, insidious, etc."
etc,پَرْڇُ,"A sheet (of iron, etc.)"
etc,پَرَديسُ,etc.
etc,پَرْنَ,"Intrusting, etc."
etc,پَرْوَسْتيِ,"Care, etc."
etc,پُڙيِڪو,A packet of etc.) پَڙُهو،پَڙهاڏو
etc,پُڪارَڻُ,"To cry out, etc."
etc,پَڪائيِ,"Ripeness, expertness, etc."
etc,پﯘريِ,"Capricious, uncertain, etc."
etc,پورِائِتو,"or Whimsical, etc."
etc,پَهَڻُ,"To consider, etc."
etc,پۇتو,"). To thread, string (beads, etc.)"
etc,پُئاٹيِ,"The cost of stringing, etc."
etc,پِئادِ,etc.
etc,برْبِلِ,etc.). Agreeing with the stomach.
etc,پِيچَڪَ,"Lees of liquor, etc."
etc,ڦانٽَ,"An allotment, a share etc."
etc,ڦُْردو,"Plundering, etc."
etc,ڦوڪَٽُ,"Causelessly; without trouble, etc."
etc,ڦَهَڪَڻُ,"To be fixed, fastened, etc. ڦَهَڪارو،ڦَهَڪاٽُ"
etc,ڦولڙِو,etc.
etc,ڦَيْلَڻُ,"To spread, etc."
etc,جانمَْردُ,etc. See
etc,جُوانُ مَرْدُ,etc.
etc,جاءِنِشيِنيِ,"Succession, etc."
etc,جِتِ,etc. جِٿَئون،جِٿانئَون،جِٿان
etc,جَڏِڙو,"Maimedness, mutilation, etc."
etc,جُزْويِ طورِ,"Occasionally, etc."
etc,جَسيِ,"Famous, etc."
etc,جلويدار,"Radiant, etc."
etc,جَنجاليِ,"One who causes trouble, etc."
etc,جوکم جومال,"Valuables as ornaments, etc."
etc,جُنئي,etc.
etc,جُهاريِ,The visiting etc.
etc,جَهَليِ,"Passionate, etc."
etc,جهانجهرائيِ,"Quickness, etc."
etc,جِهٻُ,"Besmeared, etc., wet."
etc,جهڙپ,A stroke of etc.
etc,جَهڪائِڻُ,"To cause to gabble etc. See under جَهڪَڻُ .جَهڪو To talk foolishly, chatter."
etc,جهوڳَڻُ,etc.
etc,ميٿيِ,"etc.), a cluster."
etc,جهِينگَرَ,"To beat slightly, etc."
etc,چَچُاو,etc.
etc,چَڪاسَڻُ,etc.
etc,چالاڪي,"Activity, etc.; trickery."
etc,چانديِ هئڻ,"To have great profits, etc."
etc,چترائيِ,"Cunning; cleverness, etc."
etc,چَتْرُ,"A painting, picture, etc."
etc,چِڙيِ,etc. See under
etc,چَڪاسَ,"Inspecting, etc. ( math ) Verification."
etc,سۇرڻ,"A cake of (soap, etc.)"
etc,چم چچڙ,A tick that etc.
etc,چَمِڙيِ٬ چَمِڙو,etc. See under چَمڙاپوشُ . چَمُ
etc,چۇنجهائيِ,etc. See
etc,چنجهائيِ,etc.
etc,چهنبارو,"Beaked, etc."
etc,چيتَ,"Care, thoughtfulness, etc."
etc,چيِڙهُہ,"Stickiness, etc. Malleability."
etc,چيڙالائيِ,"Glutinousness, etc. Sordidness."
etc,چيڙَ,"Irritating, etc. A nickname."
etc,ڇُرَ,etc. n. See under
etc,ڇَڙَهڻ,"To pestle. (rice, etc.)"
etc,ڇاڙُه,"One who pounds, etc"
etc,ڇِڪڙ٬ ڇِڪَ,"etc., See under"
etc,ڇڪيۇن پائيِ وٺڻ,"To extort (money, etc.)"
etc,ڇِڳارو,"Growing in clusters, etc., tufted."
etc,ڇنڊا وجهڻ,"To spatter (clothes, etc.)."
etc,ڇوهُ ڇنڊڻ,"To vent one's anger, etc."
etc,حقائتو,"or Rightful, rightfully, lawful, etc."
etc,خالِصُ,"Pure, unadulterated, plain (spirits, etc.)."
etc,خريبيِ,"One who cheats, etc."
etc,خلليِ,"Quarrelsome, etc."
etc,داسُ ڪرڻ,"To stew (vegetables, etc.)."
etc,ڏشْٽُ,etc.
etc,هُرَڻُ,"); to seem right, true, etc."
etc,دل وٺڻ,"To humour (a child, etc.)."
etc,دۇنهن دکڻ,"To brew (as mischief, etc.)."
etc,دَهَلِجَڻُ,"To be alarmed, etc."
etc,ڌُتارَ,"Seduction, etc."
etc,ڌَڪَڻُ,"To scotch (a snake, etc.)."
etc,ڌِڪَ,"Jostling, etc."
etc,ڏاتو,"See ڏاتاريِ . داتا Generosity, etc."
etc,ڏاڍائيِ,"Hardness, etc.; tyranny, compulsion, etc."
etc,پکو,"(matting, etc.)"
etc,ڏَڪِڻيِ,"Trembling, shaking, etc."
etc,ڏِکَڻُ,To anoint a bridegroom etc.
etc,ڏنگائي,"Crookedness, etc."
etc,ڏُهيلو,etc. See
etc,ڌاتۇرو,"cotton plant, etc."
etc,ڊونگليِ,"A braggart, etc."
etc,ڍِرائيِ,"Looseness; slowness, etc."
etc,ڍنگڻ,To tie a cow etc.
etc,مينديِٴ رتو رتڙو,"stained with (sin, etc.)."
etc,رَڙڪَڻُ,"To munch (gram, etc.)"
etc,رساڪاريِ,"Ability to please, etc."
etc,رِڪَتيِ,One who obstructs by etc.
etc,رِڪلبُ,etc.
etc,رمليِ,One who can divine etc.
etc,رنڀ,"Lowing, screaming, etc."
etc,رنديِ,Intoxication with etc.
etc,رن ذاتيرو,نوڙ، رنڙ، رنذاتيو etc. See under
etc,رهڙۇ,"A tricker, etc."
etc,ريٽو,"Passing over, etc."
etc,ريجاڻو,Irrigated etc.
etc,ريِڌو,"To be delighted, etc."
etc,زبردستيِ,"Force, oppression, highhandedness etc."
etc,سامايل,Having arrived at etc.
etc,سڄڻڪو,"Of a friend, etc."
etc,سختائيِ,"Severity, hardness; hardship, etc; inflexibility."
etc,سُڌِرَڻُ,"To improve, reform, etc."
etc,سرپوش,"Cover of a dish, etc."
etc,سرهاڻ,"Perfumery. Fragrance, etc."
etc,سُڪارِجَڻُ,To be blessed with etc.
etc,شَناخَتَ,سناسيِ، سَناسُ etc. See
etc,سَنياسُ,etc.
etc,سَندَءِ,"Thy own (sons, etc.)."
etc,سَندُءِ,"Thy, thy own (son, etc.)."
etc,سَنْهاڻِ,"Thinness, tenuity, etc."
etc,سَڻِڀاڻِ,"Oiliness, etc."
etc,سۇتَڪِجَڻُ,To become impure from etc.
etc,سۇتَڪيِ,Unclean from etc.
etc,سۇٽَهَڙُ,"A carpenter. (cloth, etc)."
etc,سوءَ,"Weeding, etc."
etc,سَهائِپَ,Making difficulties etc.
etc,شاگِرِدُ,", etc."
etc,شَناسَ,"Acquaintance, etc."
etc,سيوا,etc.
etc,فِرَنگُہ,etc.
etc,قُلْفيِ,"A mould for ice-cream, etc."
etc,ڪاراٽِجَڻُ,etc. See under
etc,ڪَنواٺيِ,etc.
etc,ڪنواٺيِ,etc.
etc,ڪٿڪ,One who interprets etc. ڪِٿَهُن، ڪِٿان
etc,ڪَٺورِتا,"Hard-heartedness, etc."
etc,ڪَپِٽيِ,"Deceitful, etc. ڪُپُٽُ ، ڪَپُٽُ"
etc,ڪالهہ,etc.
etc,ڪِنِڙو,"The herb plantain. ڪُنَ ، ڪَنَ سوپاريِ ، ڪَنڙِوڎيڻ, کوٽڻيِ etc. See under"
etc,ڪَڙاهو,etc.
etc,ڪۇنئَراڻ,"Softness, etc."
etc,ڪَيْسَرِ,etc.
etc,کَٻو,"Left (hand, etc.)"
etc,کَڙو,"). Smartness, etc."
etc,کِکو,Stinking (fish). ( abs. n کِکاڻِ ، کِکَہ etc.).
etc,کليِ,"Open (court, market, etc). Openly"
etc,کنگهاڻ,"Washiness, etc."
etc,گدلاڻُ,"Dirtiness, etc."
etc,گذريل,"Past, last (month, etc.)."
etc,گَلَرِ,"A crowd (of boys, etc.)."
etc,گُڻُ,etc.
etc,گنڀيرائيِ,"Staidness, etc. swell."
etc,گنڊجڻ,"To be confused, etc."
etc,گورشيِ,"Zealous, etc."
etc,عالمگير,etc.
etc,ڳُڻاريِڪ,etc. under ڳُڻوانُ . ڳُڻُ Possessing excellent qualities.
etc,ڳؤراڻ,"Weightiness; heaviness, etc."
etc,ڳوڙهائيِ,"Density, etc."
etc,ڳهلو,etc.
etc,گهٽجڻ,"To be cloked, etc."
etc,ڍاڪُنئَون,etc.
etc,لاڳيدار,"One entitled to fees, etc."
etc,لونَبڙُ,etc.
etc,لۇنارُ,etc.
etc,لهسجڻ,"To be burned, etc."
etc,ليٿڙيِ,"A roll, rolling etc, wallowing."
etc,ليلڙاٽيِ,"Beseeching, etc."
etc,ماٺيِٹائيِ,"Quietness, etc."
etc,ماٹهو,etc.
etc,ماتاب,etc.
etc,مُتَصَرّفُ ٿَيڻُ,"To enjoy profits, etc."
etc,مُتَعْديِ,etc. See under
etc,مرنئَڪو,"Brutal, etc."
etc,مَرْدُ,etc.
etc,مُڙْسُ,etc. See
etc,مُرْسُ,etc.
etc,مشيريِ,"Assessorship, etc."
etc,مطالع ڪرڻ,"To read, etc."
etc,مَعْماري,"Architecture, etc."
etc,مُنهاپَوَڻُ,"To be disliked (milk, etc)."
etc,موچَ,"Sprain (of the ankle, etc.)."
etc,موڳائيِ,"Dullness, stupor, etc."
etc,مهاتما,"A pious man saint, etc."
etc,مَهِنو,etc. See
etc,مَهِينو,etc.
etc,مهڻاگور,"An upbraider, etc."
etc,ميڪَڻُ,"To cry, weep, etc."
etc,نامڙداٹو,"Cowardly, pusillanimous, etc. ( abs."
etc,ناٽائۇ,"or An evader, etc."
etc,لَعْنَتَ,etc.
etc,نامدار,"Renowned, etc."
etc,نِراسُ,"See etc., under"
etc,نرتائتو,"Intelligent, etc."
etc,نزاڪتدار,"Beautiful, etc."
etc,نزديڪيِ,"Nearness, etc."
etc,نقش ٿيڻ,"To be engraved, impressed, etc."
etc,نِسِچو,etc.
etc,نَهْرو,"Long-horned (a deer, etc.)."
etc,نِئاتِ,etc.
etc,نِيازُ,etc. See
etc,نِئازُ,etc.
etc,نِئاءُ,etc.
etc,وارِثُ,etc.
etc,وامڻيِ,"The casting goods, etc., jettisam."
etc,وانجِ,"Passing over, go-by, etc."
etc,واڻاڻيِ,"The expense of intertwining, etc."
etc,ويچارَڻُ,etc.
etc,وڎوتپ,"( colloq ) Typhoid fever, etc."
etc,وِرْچاڻيِ,"The being worried, etc."
etc,وَرَڻُ,") Next, coming (month, etc.)."
etc,وغيره,"Etc., et cetera."
etc,وفاڪرڻ,"To be loyal, true, etc."
etc,وناهير,One who sits etc.
etc,وَڻُ ٽِڻُ,"Trees, shrubs, etc."
etc,وِڻو وِجهَڻُ,"To abuse, etc."
etc,وِئُٽَ,etc.
etc,وهميِ,"Whimsical, etc."
etc,ويَٽرُ,"Water for culinary purposes, etc."
etc,هٻڪاريِ,"Fragrant, etc."
etc,هَٺِيائِڻُ,"To become proud, obstinate, etc."
etc,عَهُدو,"etc., under"
etc,هُرْيائيِ,"Levity, lackness of earnestness, etc."
etc,هَضَمُ ٿِيَڻُ,"To be digested, etc."
etc,هيِسَ,"Treating with violence, etc., bullying."
etc,هِنئَرَ,etc.
etc,آؤُتۇ,"Forward (goods, etc.)."
etc,ڀُڻِڪَ,"Bubbles in glass, etc."
etc,کَٽوليِ,etc.).
etc,تاڪيو,etc.
etc,پُڦيِ,etc.
etc,چَؤڙيِ,"A leg (of mutton, etc.)."
etc,ڎُچو,"Gnats, mosquitoes, etc."
dishes,اُگهيِ اُٿڻ,Empty out (dishes).
tell,اُتﮡ,"To say, tell."
tell,اَستﭔولڻ,To tell lies.
tell,آکاڻيِ کڻڻ,To tell a story.
tell,آکہُ,") To tell, inform."
tell,ٽِٻَ پَڙَهُڻ,To tell tales.
tell,شِرڙڦاڙَڻُ,To tell such tales.
tell,ڳالهہ کڻڻ,To tell a story.
dates,ڪَتَلَ,Dates brought from abroad packed up in a lump.
started,ڇرڪ ڀرڻ مارڻ,"To start, to be started."
won,ٻاَونُ,All points won in whist.
rivers,دُوابَ,A land between two rivers.
went,اُڌاڻو,Went away. inf
curl,ڪُنڍِڙو,"A curl, tress."
curl,وراڪڻ,"To twist, to curl, twine,"
kissing,چُم چُم,Constant kissing.
kissing,چُمڻيِ,Kissing.
kissing,قدم بوسي,Kissing the feet of a superior; respectful salutation.
throttle,گهٽڻ,"To choke, suffocate; strangle, throttle."
throttle,گهٽوڎيڻ,"To strangle, throttle."
throttle,ڎئڻ,To throttle.
throttle,نِگَهۇسارُڪَرَڻُ,To throttle to death.
fallen,پَتِتُ,"Fallen, abandoned, sinful."
fallen,سَڙُه,Fallen and stretched out (said of a sluggard).
fallen,نازِلُ,"Fallen on one (as a misfortune), descending."
begun,شُرۇعُ,"Begun, commenced. Beginning, commencement."
treat,ٿُڪَڻُ,To treat with disdain.
represent,ڪرڻ,To represent a character.
represent,وَڻَنائِڻُ,"To explain, represent, See"
daughters,نئَاڻيِ سئَاڻيِ,The daughters of a family.
pulling,تَڻيِ,"Pulling: desire, longing."
pulling,ساهَ,Pulling.
pulling,کِنچاتاڻَ,"Pulling, pressure."
pulling,گوشِماليِ,Pulling the ears; chastisement; reproof.
pulling,گهيچو,"Pulling and pushing backwards and forwards, or in and out, irregular oscillation, the uneasy motion or jolting of a camel, &c."
pulling,ڎاڙهئيِ پَٽَ,"Pulling of beards; quarrelling, scuffle."
fires,گرجائيِ,One who fires a gurjo
wanted,کَپيِ,"Is wanted. Should, ought, must."
voices,چِئۇن مِئۇن,"Chattering, noise of voices."
voices,سُرِپُرِ,"Whispering, murmuring; noise of voices."
center,سَنتَرُ,cor of Center.
think,خيال ڪرڻ,To think.
think,سوچَڻُ,"To ponder on, reflect, think."
asking,پُڇَ,"Asking, questioning. پُڇَ ڳَڇَ، پُڇاڳاڇا"
asking,کيڪارَ,"Asking after one's welfare; the ceremony of salutation or inquiry at the meeting of friends, greeting."
guru,اَڪاليِ,A follower of Guru Gobindsing.
guru,ڪَلَنگيِ ڌَرُ,A title of Guru Govindsing.
guru,گُرُئَپوٽو,A descendant of Guru Nanik.
lush,رسائتو,"Juicy, sappy, lush."
proudly,اۇچيِ ڳاٽِ,"With head erect, proudly."
proudly,هٺائتو,"or Proud, proudly, stubbornly."
kindness,اَحسان,"Kindness, obligation."
kindness,ايڇِپو,"Kindness, favour."
kindness,ڀَلاڻيِ,Goodness; kindness; advantage.
kindness,تاريِ,"Kindness. Support, reliance."
kindness,پاڄارو,Kindness; a kind act.
kindness,رَحَمُ,"Compassion, mercy, pity, kindness."
kindness,رحمت,"Pity, kindness. Repose, peace."
kindness,شَفَقَتَ,"Condolence, kindness."
kindness,عِنايَتَ,"Kindness, favour."
kindness,ڪارۇن,A kindness.
kindness,ڪِرْپا,"Kindness, favour."
kindness,ڪَرَمُ,"Kindness, favour."
kindness,لُطْفُ,"Kindness, favour."
kindness,مِهِرَ,"Kindness, mercy, compassion."
kindness,مهرباني,"Friendliness, kindness, favour."
kindness,مَيا,"Pity, compassion, kindness."
kindness,نَوازَ,"Kindness, showing kindness or liberality."
kindness,نيڪيِ,"Goodness, kindness, virtue, good name."
kindness,هِتُ,"Love, friendship, kindness."
kindness,هُشيِ,Improper kindness which spoils one.
kindness,ڎَتُ,"Kindness, favor."
jewelry,ڌَڙِ,( Jewelry ) Girdle. ( Weaving
jewelry,ڏاڪُ,Fuel for steamers. ( jewelry
cottage,ڀُِنگيِ,"A cottage, hut, hovel."
cottage,جهۇپِڙو,"A hut, hovel, cottage."
cottage,ڪُٽيِ,A cottage.
cottage,نِجُهرو,"A hut, cottage."
cottage,ڇَڄو,"A cottage, house."
constrained,مَجْبۇرُ,"Compelled, forced. constrained,"
pieces,تَهَباردُن,n. pl Pieces.
pieces,ٽُڪَرَ ٽُڪَرَڪَرَڻُ,To shiver into pieces.
pieces,ٽُڪِراٺو,"Fragments, pieces."
pieces,جوٽا,Pieces of thread for attaching those of the warp to the warp rod.
pieces,چَڪْناچۇرُ,"Dashed to pieces, bruised."
pieces,ڇيِهَڙ,"Manners, good behaviour. Pieces, scraps."
pieces,ديگچينيِ,Old pieces of iron.
pieces,اُڌاڻَڻُ,"Halves, two pieces."
annum,وَرْهِيووَرْهِ,"Year by year, per annum."
stub,کُتيِ,"A stump, stub of corn."
neighbours,اوڙو پاڙو,"Neighbourhood, vicinity; neighbours."
neighbours,جنڊو جنڊي سين ڏيئَيِ وِهَڻُ,To be next door neighbours.
filthy,اَڌوتو,"Unwashed, impure, filthy."
filthy,خِلْْطُ,Filthy humours secreted in the bowels; one of the four humours of the human body.
filthy,زَحمَتَ,"Disease, sickness. Filthy. Importunate, troublesome."
filthy,غَليِظُ,"Thick; filthy, nasty. abs. n"
filthy,ڪِنو,"Filthy, bad, stinking, putrid."
filthy,گَدِلو,"Dirty, filthy, slovenly, squalid."
filthy,گدۇديِ,or A dirty filthy fellow.
filthy,گۇنٺُ,"Dirty, filthy."
filthy,مَلِينُ,"Dirty, filthy."
filthy,ميرو,"Dirty, filthy, foul."
filthy,نِڌۇ,"Exceedingly dirty, filthy."
filthy,نَرْڳُ,"Hell, hades. Stinking, foul, filthy."
filthy,نِڪَ,Very dirty; filthy.
feelings,گهاءُ ڪرڻ,To wound; injure one's feelings.
staring,گهۇرَ,"Staring fiercely, looking dark and angry. Remembrance."
staring,هِڪَ ٽِڪَ,"Staring, looking fixedly. Fixed (as a paper kite); firm, constant (in one's word)."
brothers,اَخِوانَ,"Brothers) Brotherly, friendly."
stories,ٽِٻُ,"Lying tales, extravagant stories."
stories,پَڙْٻاٽَ,"Boasting, lying stories."
stories,پَڙْٻاٽيِ,A teller of such stories.
stories,شِرڙيِ,One who tells such stories.
stories,لَپوڙَ,Boasting; braggart stories.
atoms,ڀورِ,"Crumbs, atoms, powder."
atoms,چۇرو,"Powder, filings, atoms."
tire,ٿَڪائِڻُ,"To tire, fatigue."
tire,پاٽو,The tire of a wheel.
tire,وِرْچائِڻُ,"To weary, fatigue, tire."
bored,ناسُفْتو,"Not bored, without a hole."
scorpio,ڀَثُنئَڙيِ,). 'Scorpio.'
scorpio,عَقْرَبُ,Scorpio — a sign of the zodiac.
snatch,جهاٽَ,"A snatch, haste, pluck."
snatch,جهٽَڻُ,"To snatch, pluck."
snatch,کَسَڻُ,") A snatch, snap."
snatch,هرت ڪرڻ,To take or snatch away.
creature,ڳوڀَ,"A dumb creature, an animal."
creature,مَخْلوُقُ,"A created being, a creature."
creature,ويڇاڙُ,A useless creature.
timeless,اَڪالُ,"Timeless, eternal. God."
cakes,موڻيو,"(Cakes, &c.), in which much"
motley,پٽو,") Striped, motley, variegated."
motley,رنگارنگيِ,"Various, many coloured, motley."
compliments,آداب,Compliments.
compliments,سَلامُ,"Peace; adieu, farewell; salutation. Compliments."
tracker,پَڳيِ,A tracker.
tracker,پيريِ,A tracker. پيراگۇن، پيرانگو
tracker,پيڻاڍِيو,A tracker.
extremely,مهاگرم,Extremely heaty.
extremely,نِهايَتُ,"Exceedingly, extremely."
mah,اَنجمنُ,"A society, an association. ( Mah"
mah,تَڪْبِيرَ,Repetition of the Mah. creed.
mah,جامَع مَسْجَدَ,The principal Mah. mosque.
mah,جَمادي اَلاَْوَلِ,The 5th Mah. month.
mah,جَماديِ اُلْثّانيِ,The 6th Mah. month.
mah,جِهادُ,A Mah. religious war.
mah,خواجڪو,A Khoja (a Mah. tribe).
mah,دَرْسُ,A lesson. A Mah. tribe.
mah,ذۇاَلْقَعْدُ,The 11th month (Mah).
mah,رِبِيعُ اَلْفّانيِ,The 4th month ( Mah ).
mah,رَجِبُ,The 7th month ( Mah
mah,رَمْضانُ,The ninth month ( Mah
mah,شرعاً,According to Mah law
mah,شَعَبانُ,The 8th month ( Mah ).
mah,شَوالُ,The 10th month ( Mah ).
mah,صَفَرُ,The 2nd month ( Mah
mah,فَريدُ,A Mah saint.
mah,ڪَفْنيِ,A dress (of Mah. faqirs
mah,ڪلميِ ڀائيِ,A co-religionist ( Mah ).
mah,مَخْدُومُ,Master; a Mah priest.
mah,مُلو,A Mah school-master or priest.
mah,مَوْلِويِ,A Mah professor or doctor. مولِهيو، مولهاٽو
mah,نِڪاح,"Matrimony, marriage, a wedding ( Mah )."
mah,نِمازَ,Prayer ( Mah
mah,ۇضۇ,Ablution before prayer ( Mah ).
mah,وَظيفو,"Mah daily worship; stipend, pension; a scholarship."
mah,وَنئُرو,A Bori (a Mah caste).
mah,ٻُرْڙو,A Mah caste.
stretching,ڳاموڙَ,"Stretching one's limbs, a twitching of the limbs, languor; sickening (for fever, etc.)."
persia,اِيران,Persia.
negotiations,ڳالِهہ ٻولِهہ مُهارِ,"Talk, chit-chat, conversation; negotiations."
talk,آلاپُ,"Talk, conversation. A prelude to music, sweet strains."
talk,آلاءُ,"Talk, conversation."
talk,اورَڳُ,Kind friendly talk.
talk,اوَر,To talk over (one's misfortunes.)
talk,بحرڦاڙڻ,To talk tall.
talk,بحري,"Maritime, naval. Extravagant in talk."
talk,بڪوادِ,"Prattle, foolish talk."
talk,ٽْون ٽْون,"Chattering, idle talk, gabbling."
talk,ٽْونڪو,"Chattering, idle talk and quarrelling."
talk,پَچارَڻُ,To talk about.
talk,پَچارَ,"Talk, speech; improper or unpleasing talk, irritating language."
talk,ڦَٿاڪَ,"Boasting, a tall talk."
talk,ڦَستو,"Foolish talk, nonsense, prattle."
talk,چَرْچو,"Talk, report; joking, ridicule, jesting, raillery."
talk,ڏندچرچا,"Talk of the town; gossip, scandal."
talk,چَوْپَچَؤ,"Talk, conversation."
talk,ڏکڙواورڻ,To talk over one's griefs.
talk,ڍَنڍين پِٽِجَڻُ,To be a common talk.
talk,ڍيڪَ ڇَڎَڻُ,To talk nonsense.
talk,ذِڪِرُ,"Talk, saying, mention, remembrance; reading of the Quran and reciting the praises and names of God."
talk,فِضۇلُ,"Useless, idle (talk), extravagant (expenditure)."
talk,قِيلُ وقالُ قِيلُ مَقالُ,"Confabulation, familiar talk; logomachy."
talk,ڪانويلائيِ,"Loquacity, talkativeness, much talk."
talk,ڪُڇَڻُ,"& To speak, talk, sure, size."
talk,ڪڍڪرڻ,"To argue, talk immensely."
talk,ڪُشْڪَڻُ,"To say, talk, speak."
talk,ڪن جۇن ڳالهيۇن,"Talk in whispers, private talk."
talk,گِڙْٻِڙِ,"Confusion, noisy confused talk; disorder."
talk,گُڙْٻُڙِ,"Indistinct talk, jabber, mumbling."
talk,گُفْتارُ,"Talk, chat."
talk,گوشِٽِ,"Conversation, a talk on religion."
talk,گويا,Talk.
talk,گوياگفتار,"Conversation, talk."
talk,ڳالَهُ,"Talk, chat; abusive language."
talk,ڳالهاءُ,"Talk, sound of speaking."
talk,ڳالِهہ ٻولِهہ مُهارِ,"Talk, chit-chat, conversation; negotiations."
talk,ڳالهوڙ,"Talk without end, great prolixity of tongue; a serious affair."
talk,ڳائووائو,"Talk, mention."
talk,لَٻِ لَٻِ,Idle and foolish talk.
talk,لُغَتِ,"A dictionary. Speech, talk."
talk,مَرْمَڻُ,"To chatter, to talk idly."
talk,مَقالُ,"Saying, talk, conversation."
talk,واتُ,"The mouth. Talk, chatter"
talk,وارِتا,"Tidings, news; talk, tale. Prose."
talk,واڪَڻُ,"To talk, converse."
talk,واڻيِ,"Language, talk."
talk,وِنڌاپَڻُ,"Chatter, talk nonsense."
talk,وِياچَڻُ,To talk of one's griefs.
talk,اورَڳُہ,Kind friendly talk.
talk,سُرْجيِتُ,Talk
sticking,لِڳْلِڳِ,"Sticking, stickiness. Glutinous, sticky."
sticking,وَچُڙَ,"Adhering, sticking to, importuning."
crossing,اوڪَرُ,Crossing (a river).
instruct,تاڪيد ڪَرَڻُ,"To enjoin, instruct."
instruct,سيکارَڻُ,"To teach, instruct. To induce."
atlantic,اوقيانوس,Atlantic.
backwards,لَنگَهہ,Passing backwards and forwards.
backwards,هَٽائِڻُ,"To repel, drive backwards."
carrots,آهِريِ,A looking-glass. Pickled carrots
carrots,ڪُرْڪُٽيِ,A kind of pickled carrots.
carrots,گَجَرَ,) The green tops of carrots.
carrots,گاجريِ,A seller of carrots.
baskets,ڇِڪائيِ,A maker of such baskets.
relate,وَرْنَنُ ڪَرَڻُ,"To relate, describe, expatiate."
soak,آبوهﮡ,To soak (barley etc.)
soak,پُسائِڻُ,"To damp, soak, moisten; infuse."
soak,پُسَڻُ,"To soak, become wet."
thoughts,ڪُمَتِ,"Bad thoughts, folly; bad advice."
thoughts,مَنُ,"The mind, thoughts; inclination."
inf,اُڌاڻو,Went away. inf
shaved,سِرُبَدْرِڪَرائِڻُ,To get the head shaved.
shaved,مُنائِڻُ,To have shaved (one's hair).
contracted,ڪرۇنڊڙو,"Contracted, or with body drawn up into a small space."
chips,ڀَوانيِ,Thin chips.
providing,پالِنا,"Providing, or caring for, bringing up."
boiled,بَرٿو,Vegetables boiled and then bruised.
boiled,ڀَتُ,"Boiled rice (among Mahomedans). Porridge, gruel."
boiled,پيهيِ,Rice boiled and dried.
boiled,خُشْڦڪو,Rice boiled plain without seasoning.
boiled,دِمَ,n. pl Boiled
boiled,ڏَڌورَ,"Boiled unripe grain of juar, bajiri , etc."
boiled,قَلِيو,Boiled flesh or meat dressed with anything.
boiled,ڪَلْجُڳُ,Meat boiled with soup.
boiled,ڪيهَرُ,Grain boiled dry.
boiled,ڪُهَريِ,One who sells boiled grain.
boiled,کِچُ,A dish of boiled bajri
boiled,يَخِنيِ دارُپُلاهُ,pullah boiled in broth.
boiled,جوشيِ,Boiled. Strong.
coupled,ٻِثو,"Coupled, joined, paired, double."
coupled,ٻِيجَڙِ,"In couples, coupled."
coupled,سلهاڙيل,Coupled. Confined (to bed).
mach,چَڪرِيۇن,( mach ) Gearing.
verified,ساڀيان,"Verified confirmed, true, correct. In truth or reality, in earnest."
verified,مُحَقَقُ,"Authenticated, verified; positive."
savings,بَچَت,Savings.
savings,پَسِمانِد,"Savings; remnants, dregs."
savings,ڪَٽيِ,Savings.
savings,ڪِٺيِ,"Earnings, savings, profit. Toil."
preaching,ڪَٿا,"Preaching, interpreting Scriptures."
preaching,وَعِظُ,Preaching.
preaching,وَعَظُ,Preaching.
preaching,پِرْچارُ,Preaching.
shoulders,ڪَلَهنئِان,From the shoulders.
promises,اَنجاميِ ڪۇڙو,One breaking promises.
clusters,ڇِڳارو,"Growing in clusters, etc., tufted."
apparently,ظاهراً,Apparently; as far as appearances go.
packs,هَڙَڇُڙَ,"The picking packs, thieving."
resting,آسري جيِ جاءِ,A resting place. !
resting,مڙه مقام,A resting place.
resting,وِهْرو,A resting place; rest.
musicians,ڏۇمُ,A caste of wandering musicians.
kos,ڳاهۇ,A kos (2 miles.)
kos,مَيْلُ,"A mile, half a kos"
sold,اَگهائجڻ,To be sold.
sold,وڪجڻ,To be sold.
feeling,تاءُ,"Heat, passion, excitement, strong feeling."
feeling,حِسِ,"Feeling, sense."
feeling,بيِ حس,Without feeling.
ebony,آبنوُس,Ebony.
chopped,ڏاڪَرِ,Chopped straw with which cattle are fed.
chopped,ڪُتِرِ,Chopped straw or grass; the chopping such into small pieces.
chopped,ڪُلْفَتَ,Chopped meat made up in balls.
everyday,ساڌارَڻُ,"Common, everyday; middling, fair."
acts,فَعْلُ,"Acts, deeds. Fornication, adultery. ( gram ) A verb."
acts,ڪِرْتُ,"Acts, actions. Made, written, composed."
stroll,گُهُمڻُ,") A stroll, ramble."
stroll,گهمڻ ڦرڻ گهتڻ,To stroll about.
vomiting,اُلِٽڻ,"Vomiting, vomit."
vomiting,اوڪارو,"Vomiting, retching."
vomiting,رت جيِ اُلٽيِ,"Vomiting of blood, hæmatemesis."
vomiting,قَئي,"Vomiting, puking."
vomiting,مُنهَن ڦُلَ,Vomiting.
vomiting,منهن کار,Vomiting.
vomiting,واتَوارو,Emetic causing vomiting.
paired,ٻِثو,"Coupled, joined, paired, double."
ect,سٺائتو,"or Opportune, ect."
pertaining,چاهی,Pertaining to a well; cultivated on well-water.
pertaining,سڌاڻو,Pertaining to a holy man. Miraculous.
pertaining,وِهانِئتو,"Hymeneal, pertaining to marriage."
weaving,اُڻاَوتَ,"Weaving, texture."
weaving,اُڻاڻيِ,Cost of weaving.
weaving,اوڄَ,"Weaving, texture."
weaving,چۇنڊڪرڻ,(in weaving ) To design.
weaving,ڌَڙِ,( Jewelry ) Girdle. ( Weaving
weaving,ڪامِڙو,( weaving ) A lease rod.
weaving,ميل ڪرائڻ,weaving To close or cover cloth.
weaving,ورڇڻي,Dividing. Designing (in weaving
weaving,باسِڪارِيۇن,( weaving ) Lease-rods.
stuffed,پَڪوڙو,Pastry stuffed with pease meal.
struck,حَيْرَتَجَڻُ,To be struck with astonishment.
struck,ڪانارِيو,Struck by an arrow.
vessels,ڪُتَنِ جي چَٺِ,Very unclean (said of vessels).
wipe,اُگَهڻُ,To wipe.
depending,ٺينگيمَڙْديِ,"Depending on one's self, self-reliance; independence, smartness."
consequences,آڳوپيڇوڳڻڻ,To weigh consequences.
sons,سَندَءِ,"Thy own (sons, etc.)."
praise,اُسِتتِ,"Praise, divine praise."
praise,تَعَريفَ,"Praise, laudation."
praise,ثَنا,"Praise, laudation."
praise,حَمْدُ,"Praise, thanksgiving."
praise,ساراهَ,"Applause, praise, applauding."
praise,ساراهڻ,"To praise, applaud, commend laud."
praise,سَراهَڻُ,"To praise, applaud, commend."
praise,سوڀَ,Victory. Praise.
praise,شابَسِ,"inter Bravo! well-done! Praise, commendation."
praise,صِفَتَ,Praise; quality.
praise,مَدَحَ,"Praise, laudation."
praise,مَهِما,"Praise, laudation, glory. مِهْمانُ، مَهْمانُ"
praise,نِعَتَ,Praise (of Mahomed).
praise,واکاڻَ,"Praise, eulogy."
praise,واکائَڻس,"To praise, applaud."
tricky,ڇَٽيلو,"or An artful dodger, tricky."
cheats,خريبيِ,"One who cheats, etc."
cheats,گِدِيارُ,One who cheats in play.
curious,سۇنجهڻو,"Curious, prying, inquisitive."
tears,آب ديدد,"In tears, tearful."
tears,دل ڀرجڻ,To be moved with tears.
tears,رُئَڻَهارِڪو,"Tearful, in tears."
tears,ڳاڙڻ,To shed tears.
tears,ڳوڙهاڳاڙڻ,To shed tears.
tears,هنجۇن هارڻ,To shed tears.
tears,هِنئاءُ ڀرجيِ اَچڻ,To be moved to tears.
pinnacle,اَڻيِ,A pinnacle; selfishness.
suppose,مانون,"or Grant, suppose, as if."
splits,ڦوٽِرُ,That which cracks or splits.
tend,ٽَهورَڻُ,"To watch, tend, look after."
sound,اَروﮖ,"Sound, healthy."
sound,اَروﮘا ئيِ,"Sound health, freedom from sickness."
sound,آواز,"A sound, noise, voice."
sound,بي عَيْبُ,"or Faultless, sound, spotless."
sound,تَنْدُرُسْت,"Healthy, sound in body."
sound,ٿَڦِ ٿَڦِ,Patting; the sound of patting.
sound,ٽيِن ٽيِن,Sound of a fart. Idle foolish chattering.
sound,ڦَهَڪاءُ,A slapping sound.
sound,جهانئيِ,"Noise, sound, voice."
sound,چَٻِڪو,The sound made in chewing.
sound,چَرْٻمِ,Sound made in eating.
sound,چيِچاٽُ,A creaking sound.
sound,چيِنگهاٽُ,A creaking sound.
sound,ڇڻڪاٽ,A rattling or jingling sound.
sound,ڇيڄُ,"A jarring, a discordant sound."
sound,سَرْرِ,"The sound of fireworks, &c."
sound,سُکوپَتِ,"Sound sleep, deep sleep. سُکِياڻيِ، سُکِيو، سُکيِ See under"
sound,سَلِيمُ,"Mild, affable; sound, healthy, right."
sound,سُمَتيِ,Sound sense or judgment.
sound,صَدا,"Sound, voice, echo. Mendicant's cry."
sound,ڪَرَلُ,Sound.
sound,ڪَڙْڪَڙِ,Sound.
sound,ڪَڙلاءُ,"Sound, voice."
sound,ڪنوڪڍڻ,To sound (a person).
sound,کَڙاکَڙيِ,"Sound, strong."
sound,کَڙْڪائڻ,"To knock, sound."
sound,گُڙْڪو,A rumbling sound.
sound,ڳالهاءُ,"Talk, sound of speaking."
sound,گهِڻْگِهڻِ,"Sound of a bell, ding-dong."
sound,لَلْڪارَ,"Melody, sweet sound."
sound,مُسَلَّمُ,"Entire, whole, sound; sound; accepted."
sound,نِدا,Sound; ( gram See under
sound,آلابُ,"Sound, cry."
sound,ٻِرْڪَ,A sound.
sound,رِمِ جِهمِ,A pleasing sound.
liquids,ماڻي,Measure for liquids.
habits,ڀيتِ,"Habits, ways."
habits,رَهَتِ,"Manners, habits."
habits,حرف علت,See under علتيِ .حرف Of bad habits.
sweetheart,پَپَنُ پِريِ,"A darling, sweetheart. cuckoo."
sweetheart,پِريِ,"or Beloved, dear; a sweetheart."
sweetheart,پِئيِ,) A father. A sweetheart.
sweetheart,جانِ,"Life, spirit, soul. A sweetheart."
sweetheart,جانِبُ,"One beloved, a sweetheart, lover."
sweetheart,دلبر,"Heart-ravishing, lovely. A sweetheart."
sweetheart,دلدار,or Charming; a sweetheart.
sweetheart,ڍولِيو,"A darling, fondling, sweetheart, friend."
sweetheart,راوَلُ,A sweetheart.
sweetheart,ساجَنُ,"A lover, sweetheart."
sweetheart,سُپِريِ,"A lover, sweetheart."
sweetheart,صَنَمُ,"An idol. ( poet ) Mistress, sweetheart."
sweetheart,گلبۇءِ,Sweet scent. A sweetheart.
sweetheart,مِٺَلُ,"A darling, fondling, sweetheart,"
sweetheart,مُحُبُّ,"A sweetheart, a person loved, also a lover."
sweetheart,مَحَبۇبُ,"A lover, a sweetheart."
sweetheart,مَعْشوُقُ,"A loved object, mistress, sweetheart."
sweetheart,ڌِيِرُ,"A comforter, sweetheart."
sweetheart,من ميليِ,"Heart-attracting, pleasing. A friend, sweetheart."
courtyard,اَيْوانُ,A courtyard.
courtyard,صَحَنُ,A courtyard.
approaching,وارُ,"Coming, approaching."
th,نماز,The 16 th part of a
th,زمين دوز,Flat on th ground.
th,گُڎَ,"Pounding, thumping. Hoeing. Th kneebone."
mas,ڄَڻو,"A person, individual ( mas"
mas,ساڍا,nom. plu. mas (
mas,ساڍَنِ,"plu. mas in obl , and"
mas,کارُ,( mas ) (
designs,زَهَرُ,"Poison, venom; malevolence, evil designs."
billiard,ڪَتيِ,( Billiard ) Canon.
shrubs,وَڻُ ٽِڻُ,"Trees, shrubs, etc."
watching,ٽَهورَ,"Watching, etc."
watching,جاڳَرْتِ,"Waking, watching, vigilance."
watching,سنڀال,"Watching, taking care, guarding"
watching,سَهيڙَ,"Carefulness, watching, vigilance."
watching,نگهبانيِ,Watching.
au,ٻَڪُہ,Au embrace; embracing.
curtain,درپردو,A door curtain.
curtain,ڪيِباڙو,A door; curtain; deceit.
curtain,مڇرداني,A mosquito curtain.
curtain,مَهاری,A mosquito curtain.
understand,ٻِيث پَوَڻُ,"To realise, understand."
understand,پُرْڌو,"). To understand, comprehend. ( abs. n"
understand,پَرُوڙَڻُ,"To understand, to investigate."
understand,سُرْجَهڻُ,"To understand, comprehend"
understand,سهي ڪرڻ,"To understand, know, make out."
understand,اُجَهڻُ,"To understand, as"
flamingo,لاکيڄاڃيِ,The flamingo (a bird).
tie,ٻَجهاءُ,"Bond, fastening, tie, stopping."
tie,ڍنگڻ,To tie a cow etc.
tie,سَنڌِرو,The tie of the waistcloth.
tie,ڪانب ڪڍڻ,To tie the kamba
tie,وَنگَہ,To tie.
preparing,سانباهي,"Preparing for a journey, &c., preparation."
tal,ڊِگهُہ,Tal (in contempt).
pays,ڎانيِ,One who pays
sweep,ٻُهارَڻُ,To sweep.
sweep,جهاڙۇڏئڻ,To sweep.
sweep,ڍيِچَڪُ,"A swape, or sweep."
sweep,مُهاڙو,The sweep (of a scythe).
observing,اُهاڙُ,Observing of traces; ( mil ) reconnoissance.
observing,ڀيدِواديِ,One observing distinctions; a sectarian.
wander,اُجهڙڻ,To wander in the sun.
wander,ڀَمَڻُ,To wander about uselessly.
wander,ڀُڻَڻُ,"To wander about, roam."
wander,ڀَوڻو,"To wander, roam."
wander,پَنجاڪَڇَڻُ,To wander aimlessly.
wander,چڪرَکائڻ,To wander about.
wander,ڇِرَڻُ,"To wander, roam."
wander,وَتَڻُ,"To wander, to turn."
courage,جُراَتَ,"Bravery, courage."
courage,ڇاتيِ,"The breast, chest; boldness, courage."
courage,ڌوتيِ ڇوڙڻ,To lose courage.
courage,ڍڍرڍراٿيڻ,To lose courage.
courage,سَتِيا,"Courage, spirit, energy, resolution. Honesty."
courage,هِمَتَ,"Spirit, resolution, courage, bravery; energy."
courage,همت ڪرڻ,To take heart or courage.
courage,همت هارڻ,To lose one's courage.
courage,همتائڻ,"To give courage, encourage. همتوان ، همت ڀريو"
herpes,ڏَڍُ,"Ringworm, herpes, tetter, fetter."
recognised,سُڃاپَڻُ,To be recognised.
wreck,ڪونچ جاٽڪرا,"Wreck, the ruins of a ship."
continually,ٻارهوئيِ,"Always, ever, continually."
continually,ويراويرِ,"Constantly, continually, with continuance."
continually,هَرَهَرَ,"Constantly, continually, repeatedly."
continually,هڪ ڌاڙو,"Remittent (fever). Continually, unintermittedly."
continually,هَميشَهَ,"Always, ever, continually."
leaves,پَٽَهَہ,Leaves of a cotton-pod.
leaves,پَليِ,The leaves of
leaves,پَنِرُ,Having leaves; leafy.
leaves,ڦِس,The leaves of
leaves,رُڪو,Dry (leaves or trees).
leaves,روڙَڻُ,To strip off (as leaves).
leaves,ساٿَرَ,Origanoid —its leaves used medicinally.
leaves,سائي ڀاڄيِ,"Vegetables, leaves, greens, pot-herbs."
leaves,سون مَڪائيِ,"Senna leaves, cassia."
leaves,ڪانَولَ,The leaves of the kailperu
leaves,دونو,"Leaves folded in the form of a cup for sweatmeats, etc."
costly,گهڻ خرچو,"or Costly; sumptuous, sumptuously; extravagant."
costly,مَهَنگو,"Dear, costly."
bars,ڎَنڊُ,( gymnastics ) Pressing between bars.
heavens,اُﭛ,"The heavens, sky."
heavens,آسمانُ,"The sky, heavens."
heavens,اَنْبَرُ,The heavens.
heavens,رامُ رامُ,inter Good heavens !
wheels,چَرْخِشُماريِ,Counting the Persian wheels; rambling.
flowers,بڪارِڻِ,A woman who sells flowers.
flowers,ڦُلارِڻِ,A woman who sells flowers.
flowers,گيِهولِ,A creeper with red flowers.
gains,ٻِيگهيِ,"Gains coming in from two quarters, a capital opportunity."
prophets,اَنْبِيا,Prophets.
containing,ٻِجارو,"or Seedy, containing seed."
containing,تيِليو,"Containing oil, oil-coloured."
containing,ٽِمَٹو,Containing three maunds.
containing,سيرڪُ,Containing a seer.
containing,لَوْنگيِ,"Containing cloves, having the taste of cloves."
containing,ٻِمَڻو,Containing two maunds).
containing,وِکُہ,") Containing poison; poisonous, venomous."
opposed,پِتي واروُ,Sensitive of honor ( opposed to
opposed,وِرُڌِ,"Contrary, opposed, against."
roads,وائکوٿيڻ,To settle (as roads).
colors,چِٽَ چِٽَ,Variegation of colors.
colors,چِٽِڪاري,Painting in divers colors.
colors,دۇرَنگو,"Of two colors, piebald; hypocritical."
earring,مُرْڪيِ,A kind of earring.
generations,ٽِپِيڙهِيو,"From, or upto three generations."
repairing,جوڙَجَڪَ,"Arrangement. Repair, repairing."
repairing,مَرامَتَ,"Mending, repairing."
repairing,مَرْمَتَ,"Repairing, mending."
glazing,ڪاشيِ,"Glazing put on earthenware, glaze."
converse,گُلْقَندُ,A converse of roses.
converse,واڪَڻُ,"To talk, converse."
breaking,اَنجاميِ ڪۇڙو,One breaking promises.
breaking,ڀَاڃِ,"A breaking, turning; a crease."
breaking,ڀَڃُگَهڙِ,"Breaking up and remaking; adding and deducting; prudence, sense."
breaking,ٽوڙَڦوڙَ,Breaking.
breaking,ڊۇنڊۇن,"Farting, breaking wind."
breaking,شِڪنيِ,"(In comp )Breaking, as"
wake,اوجاڳَ,"The remaining awake, vigil, wake."
wake,ساڄوٿِيَڻُ,To brighten up; wake up.
spun,ڪِتو,What has been spun.
venetian,بَدِڪيِ,A venetian ( coin ). A whim.
venetian,جِهرْمِريٍ,"A shutter, a venetian blind."
venetian,سِيتاراميِ,A Venetian coin.
wishing,طمعيِ,"Covetous. desirous, wishing for."
pursuing,آهيڙو,"Hunting, pursuing or killing game."
eyed,ٽيڏو,or Squint eyed. Slanting.
eyed,رۇنئارو,Golden eyed garret (a bird).
crops,نظرديد,"Inspection, esp of crops."
fried,ڀُڳو,"). To be fried, parched, etc."
fried,تَلۇڻو,Fried in ghee
fried,بيسڻ,made like vermicelli & fried.
thanksgiving,حَمْدُ,"Praise, thanksgiving."
thanksgiving,شڪرگذاريِ,Thanksgiving; gratitude.
dried,ٺﯘنٺُ,A bare dried up tree.
dried,پيهيِ,Rice boiled and dried.
dried,ڇَهُ,Dried leaves and stalks falling to the ground.
dried,ڇُهارو,A kind of dried date.
dried,سڪو,"Dry, dried."
dried,سوڪَڙِ,"Dried up, parched (a crop)."
dried,ڪَچِريِ,Vegetables sliced and dried.
dried,ڪَڙنَگُ,"Dried up, emaciated."
dried,کارِڪَ,A dried date.
dried,گوهيِ,Dried cowdung.
dried,ڳنڍربصر,A dried onion.
dried,سُڪَلُ سَڙِيَلُ,"Dried up, withered; weazen."
spirited,هِنئين ڎاڍو,"Courageous, spirited."
urging,هُشِ,Urging on.
still,توُن,"Then, therefore, still. (Shah)"
still,تِهائيِن,"Still more, the more."
still,حالَ,"Now, at this time. Still."
still,سامِتُ,"Settled, quiet, still; silent ( opp"
still,ڪَرْڻَڦُلُ,"A still, alembic."
still,ڪُهائيِ,Still born (an infant).
still,نِوائو,"Windless, calm, still."
still,هيڪاريِ,"Still, more, still greater, still less, still further. For good."
still,توءِ,Still.
american,عشق پيچُ,The American Jasmine.
wink,اَکہ ڀﭸڻ,To wink.
wink,ٽَپَڻُ,To wink.
wink,جِهمائِڻُ,To wink (eyes).
hopes,ڪاٺَ جوببوڏيڻ,"To hold out false hopes,"
walls,نۇنيِ,Saline efflorescence on walls.
stay,تالِيو,( naut ) A stay.
stay,دم وٺڻ,"To stay, rest one self."
stay,رِهائِڻُ,"Stay, staying. Manners; life, business, etc."
stay,اَچيِ سهڙڻ,"). To sojourn, stay, live."
stay,وِرِمَڻُ,"To stop, stay, wait."
pl,آثار,"n. pl Signs, traces, vestiges."
pl,اِجرام,n. pl Bodies.
pl,اَحڪام,n. pl Orders.
pl,اَطلس,n. pl Deeds; conduct.
pl,اَفعالَ,n. pl Manners; deeds.
pl,اَنواع,pl. of
pl,آنئًَين,nom. pl ) of
pl,بُشْڪۇن,n. pl The horse's mane.
pl,بوراڪۇن,n. pl Barracks.
pl,ٻَچَ,n. pl Dovetail.
pl,ڀِرۇن,n. pl Eyebrows.
pl,تَوِهين,The nom. pl
pl,تَهَباردُن,n. pl Pieces.
pl,پَٽَ پَٽيِهَرَ,n. pl Rich apparel.
pl,پَرَهَڻُ,n. pl Clothings.
pl,پَنڌِرَنِ,The pl. oblique
pl,پوٺِيﯘن,n. pl ( naut ) Backstays.
pl,جِنِ,The obl. pl of
pl,جُنڊا,n. pl Short hair.
pl,جورابُ,"n. pl Stockings, socks. جورو،جوراٹو See زورو،زوراٹو under"
pl,چَٽا,n. pl ( naut ) Gasket.
pl,چَئِنِ,The obl. pl of
pl,چَئين,The obl. pl of
pl,سُڪلَ ڇيڻا,n. pl Casings.
pl,ڇيهۇن ڇيهۇن,n. pl
pl,حُرۇفِ تَهَجيِ,n. pl Lettersof the alphabet.
pl,حَشْراتِ,"n. pl Reptiles, creeping things."
pl,خيالات,n. pl Fancies; anxiety.
pl,دادَدَوْرَ,n. pl Palmy days.
pl,دِمَ,n. pl Boiled
pl,ڏُوائۇن,"n. pl Reproach, malediction."
pl,رِوِشَ,"n. pl Features, lineaments."
pl,عَناصِرُ,n. pl Elements.
pl,عَوام,n. pl The common people.
pl,ڪَپِچا,n. pl Rubble.
pl,ڪِسابَ,n. pl Time immemorial.
pl,ڪَسَڙَ,n. pl Weeds.
pl,ڪُلَڇَڻَ,n. pl Ill manners.
pl,گهِچا,"n. pl Entrails, intestines, excrement."
pl,لُڳْڙَٽُڳْڙَ,n. pl Rags.
pl,مِڙِيوئي,All ( nom. pl
pl,يَخورا,"n. pl Dainties, cates."
pl,بَدِاَفعالَ,n. pl Ill-manners.
pl,ٻَنِڌيۇن,n. pl Swaddling clothes.
pl,تۇتَرَ,n. pl Husks (of rice).
pl,چِڙِۇن,n. pl of
punjab,پَنجابُ,(Five waters) The Punjab.
punjab,پَنجابيِ,Of the Punjab.
vent,ڇوهُ ڇنڊڻ,"To vent one's anger, etc."
roaming,ٽورو,"Roaming about, taking the air. walking. A stool, evacuation. A company, gang; a herd of cattle, flock of sheep, etc."
learns,سيکائۇ,One who learns; a scholar.
seth,سيٺياڻيِ,Of a seth
membranes,ڄَؤَرَرَهڻُ,Retention of the fetal membranes.
leadership,پيشِوائيِ,Leadership; escort and reception of etc.
leadership,هِدايَتَ,"Guidance, leadership."
towards,ڏانهون,"Towards, in the direction of."
towards,مُتَوَجَهُ,"Turned towards, attentive, favourable."
towards,مَڻي,"Towards, near to."
towards,پاندِ,"Towards, at, near."
ab,گِشْڪو,"Ab asion, rubbing, friction."
warriors,ڪوڎيا,Warriors fond of war. ( Shah
actions,عمل,") Actions, conduct."
actions,ڪِرْتُ,"Acts, actions. Made, written, composed."
prices,ڏڪراٺو,High or famine prices.
prices,نِراڙُ,of prices current.
take,بروڀانئَڻ,To take ill or amiss.
take,ٿَڌاڻِ,To take a cooling draught.
take,ٿَڪُ ڀَحيَڻُ لاهِڻُ,To take rest.
take,ٽِپُ,To take notes.
take,ٽَهَلَڻُ,"To take the air, etc."
take,ٺيِڪوکَڻَڻُ,To take a contract.
take,پوچارَڻُ,To take care of.
take,جهپ ڪرڻ,To take a nap.
take,ڇاندوڪرڻ,To take one's meals.
take,حجت اُٿارڻِ,"To take exception, demur."
take,دامن وٺڻ,To take refuge.
take,دل ۾ ڪرڻ ٿيڻ,"To feel, take to heart."
take,ڌمڪڻ,"To fear, take fright."
take,رُنڀائِڻُ,"To occupy, take up, engage."
take,ساه ڪڻڻ,"To breathe, take breath."
take,سِڱوٽي,"To take care, regard, attend."
take,عبرت وَٺَڻُ,To take warn-ing.
take,ڪڎکڻڻ,To take a fancy.
take,لام لڳڻ,To take the protection of.
take,ميل ڪڍڻ,com To take stock.
take,ناس ڏئڻ,To take snuff.
take,نِهَڻُ,"To take away, remove."
take,نِيندو,") To take away, lead, carry."
take,وِهْتو,") To take a bath, bathe."
take,ويرُوَٺَڻُ,To take revenge.
take,هرت ڪرڻ,To take or snatch away.
take,هرڻ,"To take, to seize; steal."
take,پاڻتي,) To take upon one's self.
take,همت ڪرڻ,To take heart or courage.
bricks,اوساريِ ڪرڻ,To lay bricks on.
bricks,ڀِيِلو,"Under burnt (bricks, &c.)."
bricks,پَٿيرَڻُ,To mould (bricks).
bricks,پَٿيرو,A moulder of bricks.
decorated,زينت ڀريو,"Adorned, decorated, fine, elegant."
gray,اَڇاڪڍڻ,To put on gray.
catcher,تيتِريِ,A catcher of partridges.
twist,پيچُ,"Twist, turn, revolution, coil. Gripes. Perplexity, difficulty, a fix, maze. A screw. Circumvention, cheating; equivoque; tactics."
twist,ڦيرُڦارُ-گهيرِ,"). A turn, twist."
twist,مروٽڻ,"To twist violently, to wrench."
twist,موڙَ,") To bend, twist, sprain, wrench."
twist,وَرُ,"Twist, curve, bend, turn, circuit, coil curl, ringlet, winding. A boon, blessing, especially in the gift of a Brahmin or deity. ( com ) Quality or number of cloth. Circumvention, deceiving. A bridegroom or husband."
twist,وراڪڻ,"To twist, to curl, twine,"
twist,وراڪو,"Twist, turn, twisting, wind, winding."
delighted,خوُشِ,"Happy, pleased, delighted, glad, well-off."
delighted,ريِڌو,"To be delighted, etc."
hawks,اَڏﭗ,A block (for hawks).
arranging,ٺاهَ,"Inventing, arranging, assorting."
arranging,سُڌارَ,"Arranging, regulation. Improvement."
arranging,سَنوارُ,"Arranging, regulation. Improvement; cheapness."
marry,پَرْڻائِڻُ,To cause to marry.
marry,پَرْڻِجَڻُ,"To be married, to marry."
marry,لائۇن لهڻ,To marry.
marry,وَرَڻُ,To marry.
rumble,گُڙْڪَڻُ,"To rumble, purr."
toss,بل کائڻ,To toss about in sickness.
directing,چُسْتَ,"Aim, the directing a missile."
ends,پﯘرائيِ سﯘرائيِ ڪَرَڻُ,To make both ends meet.
ends,ذَروپُرْزو,A little. odds and ends.
commits,آتم گهاتيِ,One who commits suicide.
pillars,ستۇن بنديِ,"Pillars, a colonnade."
inevitably,اَوَسِ,"Inevitably, certainly."
cruel,بي رَحِمُ,"Merciless, cruel. ("
cruel,ڌوڌيِ,"Cruel, tyrannical."
cruel,سنگدل,"Stony-hearted, hard-hearted, cruel. ( abs. n"
cruel,ڪَٺورُ,"Unfeeling, cruel, harsh; ( gram ) hard."
cruel,نِرْدَئي,"Hardhearted, cruel. ( abs. n"
cruel,وَحْشيِ,"Savage; brutish, cruel; not civilized."
cot,کُٽولو,"A cot, plain bedstead. ( dim"
cot,جهولَ ٿَيِڻُ,To sag (as a cot).
licking,چَٽَ,Licking.
leaning,اَهليل,"Leaning, lop-sided."
moderately,هالورو,Waving. moderately.
millions,اَربِ,A thousand millions.
millions,ڪِروڙ,Ten millions.
millions,کَرْْبُ,A hundred thousand millions.
prep,مَٿون,prep. See
solve,ڀوروڀَڃَڻُ,To solve a mystery.
solve,کوڙوڀڃڻ,To solve a mystery.
worry,تالان والان ڪَرَڻُ,"To trouble, worry, to confound."
worry,پَڪَڙَپَڇاڙَ,Worry. arrest.
worry,ريڙائڻ,"To worry, harass.."
worry,کاسارو,"Worry, botheration."
worry,گِهِلَڻُ,"See گِهِل گيِنداڙَ . گِهِرَڻُ Harassment, worry."
worry,گينداڙَ,Worry.
cleared,صفن صفا,"Totally void, empty, cleared out."
shells,غُبارو,A mortar for throwing shells.
knowing,پَڪوازُ,"Clever, shrewd; knowing."
knowing,دانُ,"(In comp ) Knowing, (as"
knowing,فارسيِ دان,Persian knowing). داناهُ، داناءُ
knowing,ڌَمْتَرُ,"Clever, shrewd, knowing, cunning."
knowing,ڍُٽو,"Knowing, sharp, clever (a thief)."
knowing,شِناسُ,(In comp ) Knowing as
creator,اُپائٹهار,The Creator.
creator,پِرْجاپَتيِ,The Creator; a king.
creator,خالِقُ,The Creator.
creator,سِرْجَڻَهارُ,The Creator.
creator,ڪرتار,The Creator.
creator,ڪَلتْارُ,"The Creator, God."
desires,گُهرْيو,"What the mind desires, heart-pleasing."
spots,اَکِرُ,Having eyes or spots.
spots,ٻُرْٻُرِ,"Spots or pimples on the skin; a rash, efflorescence. A quantity of lice or grubs."
spots,ڏاجهِہ,Black spots on the face.
filled,ٽِپائيِ,"Sated, filled. Satiety."
filled,ٽِمٽارُ,"Filled to the top, brimful."
filled,چوٽانچوٽِ,"Filled, full to the brim."
filled,سَجَڪو,"Filled, palled; wealthy."
filled,سَڱوئِجَڻُ,To be filled with milk.
filled,ڪَرَڻُ,"To be glutted, sated, filled"
filled,طامع,"Filled with avidity or desire, covetous."
filled,مَڳُہ,"Filled with pride, wine, &c., wanton."
filled,مَيو,"Filled out; full (as with wealth, fatness, pride, &c.) A camel."
filled,بَڪُلِيو,"Soiled, filled (with dust)."
threat,ڀِڙْڪَ,"A threat, etc."
threat,دَڙْڪو,"Threat, menace, intimidation."
threat,ڌمڪيِ,A threat.
lets,چوٽير,One who lets his
arrangements,ٽِڪِساٺُ,A plan. Elaborate arrangements.
arrangements,مانڊاڻو منڊڻ,To make elaborate arrangements.
trace,اَنگارڻ,To trace (an outline).
trace,پيرُ,") A footprint; a vestige, trace."
trace,پيروکَڻَڻُ,To trace footsteps. پيڻاڍئيِ، پيريواڍيِ، پيريِ، پيراڍۇ
corr,تَتُ,corr of
corr,تَڎْهاڪُرُ,Since then ( corr of
corr,تيتِرو,So much ( corr of
corr,جيڏو,So small ( corr of
corr,سَوَ,corr of
willingness,خۇشدليِ,"Pleasure, satisfaction, willingness."
kept,باسيِ,"Stale, long kept (food)."
kept,ٻِيجيِ,Kept for seed.
kept,تاڪانئون,Kept in a
kept,واسانگاڳائڻُ,To be kept in suspense.
quicker,وَڌَنديِ وِکَہ,A quicker pace.
pigs,ٻَلهَرَ,"A farrow, litter of pigs."
pigs,کُٽِ کُٽِ,The cry of young pigs.
feat,ڪارِسْتانُ,"An exploit achievement, feat."
feat,کيپ کٽڻ,To perform a feat.
ly,هَفْتيِ وارُ,or Weekly -ly.
subjected,مادُ,"Subjected, brought under."
declining,لاڙۇ,Declining (as the sun).
wait,اوسيڙجڻ,"To be delayed, wait anxiously."
wait,تَرْسَڻُ,To wait.
wait,جۇهَ,Lying in wait.
wait,ڇه ماريِ وهڻ,To lie in wait.
wait,سيِڙَڻُ,"To delay, wait."
wait,واسِرائِڻُ,To wait for anxiously.
wait,وِرِمَڻُ,"To stop, stay, wait."
caring,تانگهَہ,"Need, want, caring for. Also See under"
eaten,اَلوِليۇن,Trash eaten by children.
eaten,ڏُٿُ,eaten on fast days.
eaten,سرجڻ,To be eaten (by insects).
eaten,سريل,Eaten by insects.
eaten,کاڌَلُ,"Eaten; tasted; injured by insects, birds, etc. (as cloth, grain, fruit, etc.) worm-eaten, damaged; eroded; abused, deflowered (a maid); corrupted, (said also of one who has taken a bribe); indebted, under obligation."
urge,تاهۇت لائِڻُ,To urge great promptness.
chosen,اشٽ ديوُ,A deity specially chosen.
chosen,بَرگُزيِدو,"Elect, chosen."
chosen,پَسَندِ,"Approved, chosen."
chosen,چۇنڊَ,"Election; gleaning, Chosen; choice, best."
chosen,ڪَسِ,"Approved, chosen."
chosen,مُصْطَفَيٰ,Chosen. A name of Mahomed.
chosen,ناپئد,"Rare, chosen, unequalled."
copier,اُتاريندڙ,A copier.
victim,قرباني,A sacrifice; a victim.
growing,ڇِڳارو,"Growing in clusters, etc., tufted."
vicinity,اوڙو پاڙو,"Neighbourhood, vicinity; neighbours."
vicinity,پَسِگِرْدائيِ,"Environs, suburbs, vicinity."
vicinity,ڇَڪَ,"Surroundings, vicinity."
vicinity,ويجهائيِ,"Nearness, proximity, vicinity."
slice,ٻيرو,A slice of fish.
pluto,جَمُ,The Pluto of the Hindus.
pluto,ڌرم راءِ,Pluto (of the Hindus)
exciting,اَنگيزُ,(in comp ) Exciting. Lust.
exciting,فتۇريِ,"Quarrelsome, seditious, exciting quarrels. Deceitful."
chew,اوڳَارڻ,"To chew the cud, ruminate."
chew,چَٻَڻُ,"To chew. masticate, gnaw."
dal,دال وارو,A seller of dal
transferred,بدلي ٿيڻ,To be transferred.
transferred,مُنْتَقِلُ,Transferred.
waves,ڇولِرُ,"Rippling, rising in small waves."
waves,دَڙَ,"The splashing of waves, roaring."
waves,لَهَرَ,) One carried away by waves.
questioning,پُڇَ,"Asking, questioning. پُڇَ ڳَڇَ، پُڇاڳاڇا"
drunken,ڪَيْفيِ,"A drunken man, a drunkard."
drunken,مَخموُرُ,"Drunken, intoxicated."
drunken,مستاڻو,Of a drunken man.
horseback,ٽيلَهہ,"Three together (on horseback, &c)."
changed,تَغَيُّرُٿِيَڻُ,To be changed.
changed,مُبَدِّلِ,"Changed, altered."
changed,وانهۇنداوَرِيا,The wind has changed.
solicitation,سُوالُ,"A solicitation, request; a question."
teach,سِکائِڻُ,To teach.
teach,سيکارَڻُ,"To teach, instruct. To induce."
plunge,ٽُٻائِڻُ,"To dip, duck, plunge."
plunge,ٽُٻيِ,"A dive, dip, plunge. ٽوٻو، ٽوٻرُ، ٽٻِئار، ٽُٻِيَرُ"
worried,آتو,"Worried, weary; eagerly anxious."
worried,تالان,"Annoyed, worried; plundered."
worried,وِرْچاڻيِ,"The being worried, etc."
overweight,اُٽل,Overweight; preponderance.
troops,ڪُمَڪُ,"Auxiliary troops, reinforcement."
mention,ڳائووائو,"Talk, mention."
mention,مَذْڪوُرُ,"Saying, mention, what is said."
mention,نانؤُڳنهڻ,To mention by name.
secretly,پَر۾,Secretly.
secretly,چُپُ چُپاتِ,"Silently, secretly."
secretly,ڳجهائتو,"or Secret, secretly."
secretly,ڳُجهو,"or Secret, concealed, secretly, mysterious."
secretly,لِڪَ ڇِپَ ۾,"Secretly, on the sly."
secretly,منجهائتو,"or Secret, secretly."
secretly,چورئيَ,"Stealthily, secretly."
suspended,لَڙْڪَڻُ,"To hang, be suspended."
suspended,مُعَطَّلُ,"Suspended, in abeyance."
sits,وناهير,One who sits etc.
wisely,سَنڌُ ڪمائِڻ,To act wisely.
wisely,عقلائتو,"or Rational, rationally; wise, wisely."
shaving,تِرْڇَڻُ,"See تِرْڇَ .تِڇَڻُ Peeling, paring, shaving."
shaving,حَجامَتَ,"Shaving, tonsure."
shaving,سَنوارتَ,"Shaving, tonsure."
shaving,سُوارٿيِ,"Adornment, beautifying. Shaving."
shaving,سيرَپَ,"Hair-cutting, shaving."
sit,ٺِنڀي هَڻَْنُ,To sit silent.
sit,پَلْٿيِ مارَڻُ,To sit on the buttocks.
sit,جهيڪَڻُ,To cause to sit down.
sit,ويهَڻُ,To sit.
sit,هشڻ,To sit down (a camel).
ordered,مامۇرُ,"Ordered. Usage. Work, business."
er,داخِتَرُ,"A doctor, medical practition er."
continuous,ماضيِ مدامي,Past continuous tense.
resemble,شِڪِلائِڻُ,To resemble in appearance.
passions,اِندريْ دَمَنُ ڪرڻ,To subdue the passions.
perform,اَداڪرڻ,"To perform, discharge."
perform,پِنڊُ پائِڻُ,To perform this ceremony.
perform,پِنيِ پائِڻُ,To perform the above ceremony.
perform,کڳيِ هڻڻ,To perform the khagi
perform,کيپ کٽڻ,To perform a feat.
perform,نِئَتُڻُ,"To do, perform."
perform,وضۇسارڻ,To perform ablutions.
perform,هومڻ,To perform or offer a
peru,عَباسيِ,Marvel of Peru.
peru,عباسيِ,Marvel of Peru
realize,وصولڻ,"To collect (money), realize."
somebody,آساميِ,A person; customer; a somebody.
renovated,تازوتَوانو,"Refreshed, cured, renovated."
com,پِئاسَ,Thirst; craving. ( com ) Demand.
com,چاوَتِ,"Spite, ill-will. ( com ) Competition."
com,خاصيِ ڪرڻ,com ) To accept (a hundi
com,سۇجَ,( com ) Gross (weight).
com,کوٽِپو,( com ) Wastage.
com,لَليِ,See للوڏيڻ .للوهنج com ) To square (accounts)
com,اصل مال,( com ) Prime quality.
com,مَتُ,com ) A partnership deed.
com,مُدي پُنيِ,( com ) Mature.
com,موڙومچڪو,Idem. ( com ) Dull.
com,موڙيِ,( com ) Dull or weak market.
com,جنس ميل,com ) A stock-book
com,ميل ڪڍڻ,com To take stock.
com,وَڎو,") Largeness, bulk, size. ( com ) Speculation."
com,وڪڻڻ جوڳيِ,( com ) Negotiable (a hundi
com,وهي واٽ,com ) Correspondence. A public road.
com,ڀَئِڪائِڻُ,( com ) To inflate (the cur-rency).
com,حاضُريِ,( com ) Spot or ready (rate).
travels,سفرنامو,A book of travels.
bringing,سَڦَلُ,"Profitable, bringing gain, efficacious."
influenced,ڪانيارو,"Influenced by another; dependant, indebted, under obligation. Timid."
altered,مُبَدِّلِ,"Changed, altered."
sip,ڍُڪُ,"A sup, sip."
sip,ڍُڪَڻُ,To sip.
sip,سرڪو,To sip.
sip,سرڪيِ,A sip.
ah,حَيْفُ,Shame. inter Alas ! ah !
ah,ووءِ,Alas! ah!
ah,هاءِ,inter Alas! oh! ah!
ah,هوءِ,inter Alas! Ah! also
ah,هَيْ,inter Ah! oh! alas!
would,جيڪَرَ,"If, although. inter Would that."
would,شالَ,"inter Would that, pray that."
sells,بڪارِڻِ,A woman who sells flowers.
sells,ڦُلارِڻِ,A woman who sells flowers.
sells,ڪُهَريِ,One who sells boiled grain.
sells,ماهيڙياڻي,A woman who sells milk.
sells,نؤديِ,One who makes or sells
sells,وڎڪاسائيِ,A butcher who sells beef.
severely,ڪَڍَڻُ,To punish severely.
severely,ڊَڙَڻُ,"To thrash, beat severely."
severely,کل اُتارڻ,To flay; to punish severely.
severely,گهچاڪڍڻ,"To crush, punish severely."
severely,گُڎُڀَڃَڻُ,To beat severely.
severely,ڀَرُڪَري,"With violence, (striking)severely."
ropes,پاراڌيِ,A maker of ropes.
ropes,پيرَڻ,Ropes tied round the feet by thieves.
ropes,لَڄَ,) ( naut ) Ropes.
ropes,لاڎيِ,The ropes of a boat.
causing,ٿَڌائِتو,"Cold, causing cold, chilly, cooling."
causing,پِريرِڻا,"Causing to do, etc. Act of sending, etc."
causing,عجيِبائيِ,The causing surprise or wonder.
causing,واتَوارو,Emetic causing vomiting.
seeds,بي داغائيِ,"Seedless, without seeds."
seeds,ڪارازيريِ,Common carraway seeds.
seeds,ڪارِيجِيريِ,Common carraway seeds.
seeds,ڪِرْياڻو,Seeds other than cereals.
seeds,کَسْکَسِ,Poppy seeds.
seeds,گهڻ ٻجو,"Having many seeds, seedy."
seeds,کَراڙو,Paddy seeds.
barking,بَهيِ,The barking of a dog.
informing,چُغِليِ,"Backbiting, informing, tale-bearing, peaching."
informing,ڏاهَ,"The giving intelligence, informing."
joke,چَٿَڙَ,"Joking, joke, ridicule, jesting."
joke,کل کاٻاريِ کلاسريِ,"Laughing, ridicule, joke."
joke,مَزاخَ,"A joke, jest, pleasantry."
collectively,زمينات,Lands collectively.
collectively,ساه پتاه,"Jewellry, jewels collectively."
collectively,سِپاهُ,"Soldiery, soldiers collectively."
laid,اُجڙڻ,To be laid waste.
scriptures,ڪَٿا,"Preaching, interpreting Scriptures."
scriptures,شاسِتْرُ,The Hindu scriptures.
destroyed,بَرِباد,"Ruined, destroyed, lost."
destroyed,ڀَثِڻِ,"Ruined, destroyed."
destroyed,چَٽُ,"Finished, destroyed, exterminated, extinct, waste."
destroyed,چپڙاس,"Destroyed, waste, extinct."
destroyed,چوڙ,"Destroyed, ruined, waste."
destroyed,فنا ٿئڻ,"To perish, to be destroyed."
destroyed,ڪُٽُ,"Gelt, castrated; destroyed."
destroyed,کَيِٴ,"Destruction, ruin. Destroyed, ruined."
destroyed,ناسُ,"Destroyed, extinct. Destruction, ruin."
destroyed,وِناسُ,"Destroyed, exterminated. Destruction."
designated,ڳاڻ ڳڻيو,"Allocated, designated, counted."
jumping,ڀِنڀَ,"Jumping, frisking."
jumping,ٽِپَ وَٺَڻُ,Jumping about.
jumping,ٽَپِڪونَچِڪو,Jumping and frisking.
wearing,بيکِڌاريِ,One wearing a faqir's garb.
wearing,چُڙِڻيِ,"Wearing, wear."
wearing,حوليو,One wearing a helmet.
wearing,ڏارِڦاڙِ,Tendency to tear wearing apparel.
wearing,کٿيرو,One wearing a khatho
wearing,گهگهيريِ,One wearing a ghagho
tomato,ٽَماٽو,Tomato.
scaled,ڇِلُرُ,") Scaled, scaly, squamous."
speak,ﮘا لها ئڻ نٿواُڪليِ,Cannot speak.
speak,آلائڻ,To speak.
speak,ڇِڙٻڻ,"To rebuke, speak sharply to."
speak,ست ٻولڻ,To speak the truth.
speak,ڪُڇَڻُ,"& To speak, talk, sure, size."
speak,ڪُشْڪَڻُ,"To say, talk, speak."
speak,گنگائيِ,"Dumbness, incapacity to speak"
speak,ڳالهائڻ,"To speak, say, talk."
aiming,سَڃَ,"Pointing at, aiming; ffoering."
putting,تَعَمِيلَ,"Putting in force or practice, execution (of a decree), service (of a notice)."
putting,ٽالو,"Evasion, shuffling, putting off."
putting,رَکُرَکان,"Evading, putting off, waiting."
putting,ڪَرَڌَرَ,"Putting things to right, manner of arranging things."
putting,گُگِهر,Place for putting money.
putting,گوٿناٿ,"Evading, evasion, putting off."
putting,ناٽارَ,"Evasion, putting off, shirking."
putting,نَٽاءُ,"Putting off, evading, shirking."
soldiers,سِپاهُ,"Soldiery, soldiers collectively."
soldiers,گهاگهِراپَلْٽَڻِ,Kilted soldiers; Highland Regiments.
animals,ڏَنگِہ,A large fly attacking animals.
animals,ساڳو,A string of loaded animals.
owing,آڪُڙَڪري,Owing to.
brutal,حَيْنوانيِ,"Animal, brutal."
brutal,مرنئَڪو,"Brutal, etc."
ups,نَشيبُ وفَرازُ,Ups and downs; profit and loss.
trouble,اُچائڻ,"To trouble, annoy."
trouble,آزارﮡ,"To hurt, trouble, pain."
trouble,اَڳلي کي هلاک ٿوکرين,You trouble one.
trouble,اَهَنْجُ,"Trouble, inconvenience; pain."
trouble,اِيذاءُ,"Trouble, nuisance; pain."
trouble,تالان والان ڪَرَڻُ,"To trouble, worry, to confound."
trouble,تَائِڻَ تَپائِڻُ,"To tease, vex, trouble."
trouble,تَصْديِعَ,"Trouble, difficulty."
trouble,تَڪْلِيفَ,"Trouble, difficulty, hardship."
trouble,ٺوٺاچَٻائِڻُ,"To harass, give trouble."
trouble,پَهيِ,"Reflection, counsel, considering. Trouble, annoyance."
trouble,ڦوڪَٽُ,"Causelessly; without trouble, etc."
trouble,جاڳَرُ,Demand. (?) Trouble. (?)
trouble,جاکوڙَ,"Trouble, difficulty, vexation."
trouble,جَفا,"Trouble, hardship; molestation, injustice."
trouble,جُکَ,"Pain, sorrow, trouble."
trouble,جَنَجَلُ,"Trouble, difficulty, embarrassment, mess."
trouble,جَنجاليِ,"One who causes trouble, etc."
trouble,دق ڪرڻ,"To trouble, annoy."
trouble,دِقَتَ,"Trouble, annoyance; pain, ache."
trouble,ڏانجهَہ,"Pain, trouble."
trouble,ڏَنجُ,"Sickness, pain. sorrow, trouble."
trouble,ڏوڪِڙيِ,"Pain, trouble, misery, wretchedness."
trouble,سَتائِڻُ,"To vex, annoy, trouble' persecute."
trouble,سُتۇنُ,Trouble. Speech.
trouble,سَندائِڻُ,"To vex, irritate, trouble."
trouble,ڪاڪاهو,"Trouble, pain, difficulty."
trouble,ڪَشالو,"Toil, trouble, affliction, distress, discomfort."
trouble,ڪَلْپائڻُ,"To anger, vex, trouble"
trouble,ڪَهَڪُ,"Pain, distress, trouble."
trouble,کاپارو,"Annoyance, trouble, botheration."
trouble,ڳَهَڻُ,") Trouble, toil, fagging."
trouble,لَنوَنديِ,"Trouble, bother (as"
trouble,مَشَقَّتِ,"Labour, trouble, difficulty."
trouble,وِماسُ,"Anxiety, grief, trouble."
trouble,وِياڪُلُ ڪرڻ,"To annoy, trouble."
trouble,هَرْجُ,"Loss, detriment. Trouble."
trouble,هَلاڪُ,"Bothered, annoyed, wearied, trouble, vexed."
trouble,هلاکہ ڪرڻ,"To trouble, annoy."
trouble,هلاڪت,"Annoyance, bother, vexation, trouble."
trouble,هَلاوَتَ,"Distress, annoyance, trouble."
trouble,هڻ ڌڻ,"Trouble, bother. False weighing or. measuring."
trouble,تَنگَ,Trouble.
rooted,راسِخُ,"Firm, rooted, constant; sincere."
computing,ڳَڻَڻُ,") Counting, computing."
forwards,لَنگَهہ,Passing backwards and forwards.
taken,ڌوڪوکائڻ,To be taken in.
taken,نِڪْتَلُ,"Abstracted, taken out; expelled; protuberant."
including,سَپاڙو,"With, or including the roots."
hides,ڇوڙائيِ,A dealer in hides.
suffering,اندوهُ,"Pain, sorrow, suffering."
suffering,چۇچو,(One) suffering from such.
suffering,دُڪُہ,"Pain, suffering; grief, sorrow,"
suffering,دکيِ,"Suffering, unhappy."
suffering,ڏوسُ,"Sin, fault; suffering."
suffering,ڪڇر,One so suffering.
suffering,کيدُ,"Suffering, misery. Deceit."
stars,ثَوابِتَ,The fixed stars.
goats,ٻاڪَرِ,A flock of goats.
coming,اَچ وچ,"Coming and going, communication, frequenting."
coming,آواگَمَنُ گَوَنُ,Coming and going; transmigration.
coming,ايِندَڙِ,While coming.
coming,ايندڙويندڙ,While coming and going.
coming,ڀيِرو ڀَڃَڻُ,To miss going or coming.
coming,ميڙائو,"Meeting, joining, coming together."
coming,وارُ,"Coming, approaching."
coming,وَرَڻُ,") Next, coming (month, etc.)."
smoker,چَنڊۇليِ,A smoker of
smoker,حُقائيی,A great smoker of
smoker,گانجائيِ,A smoker of ganja
smoker,گَڊُ,"Deep (drinker, or smoker, as"
residing,مُقِيمُ,"Residing, stationed."
residing,واسيِ,"or Resident, residing."
strings,لارَ,Strings drawn out from any glutinous substance (as honey hanging down from the comb); money coming in as a fee or allowance from different directions. The tongue or clapper (of a bell).
smiling,مرڪڻو,Smiling; a smiler.
understood,لُپْٽُ,"Understood, not expressed."
drawers,اَڳَٺُ,Tape for drawers.
drawers,ڪانچَ,Loose pantaloons or drawers.
am,اُلَسْتُ,liter Am I not?) Eternity.
am,وسْتارُ,"Expansion, extension, am plification; prolixity."
am,اَناالحَقُّ,I am God.
disappeared,رَفَعَ,"Finished. Removed, disappeared."
miles,ڳاهۇ,A kos (2 miles.)
held,سَماجِڪُ,"Held in common, belonging to a society."
women,ستردار,"Veiled, concealed, shut up (women)."
women,گهگهو,One worn by Beluchi women.
women,مَسْتۇرِاتِ,"Women, respectable ( i. e veiled) women."
words,لَفْظُ,"). Words, terms."
words,تُڪانتَ,Rhyme of words.
words,حيص بيص ڪَرڻَ,To bandy words.
words,ڪِٺس,"Indecent words, scurrility."
words,مِسِ مِسِ ڪرڻ,To whisper flattering words.
words,رَٽَڻُ,") Speech, words."
threaten,اَکہ ڏيکارڻ,"To scowl; be stern, threaten."
threaten,ڀَڙْڪَڻِ,"To threaten, intimidate."
threaten,دئيِ ڪرڻ,"To frighten, threaten."
cleaned,ٻِِثَٻُهيِ,Ill cleaned grain.
waking,جاڳَرْتِ,"Waking, watching, vigilance."
doo,ڪُڪُڙۇڪۇ,Cock-a-doodle doo.
breeds,ڏوج,One who breeds quarrels.
something,دخل ۾ آڻڻ,To count for something.
something,لهڻو,"Something to be received, a due, credit."
something,سَرِباريِ,Something extra added to the load agreed upon.
kinds,نَوْعَ,") Sorts, kinds."
kinds,ٻيرُ,). There are three kinds: صۇفيِ ، سنڌيِ and
kinds,تِڎيِ,Kinds of cricket or cockroach.
kinds,ڏُڍُ,) Milk of all kinds; milking.
kinds,قسمين قسمين,Of various kinds.
kinds,ڪوڙيِ,Different kinds of cowrces
kinds,گۇناگۇن,"Various, of different kinds."
kinds,نورتن,Nine kinds of gems.
ideas,مَنوراجُ,"Fancies, foolish ideas."
hunting,آهيڙو,"Hunting, pursuing or killing game."
hunting,شِڪارُ,"Hunting, chase, shooting, prey, game."
hunting,شڪار گاه,Hunting ground).
streak,لِيڪَ,"A line, row, streak, stripe."
pulled,تَڻَڻُ,"To be pulled, dragged, drawn."
pulled,ڇِڪْيَلُ,Pulled; defendant.
blanco,کَڙۇ,Blanco.
swing,پِينَگهہ,A swing for swinging in.
swing,لوڏڻ,"To shake, swing, jolt, rock."
prepared,هَڪِئو,"Ready, prepared, at hand, present."
cheers,تاڙيۇوَڄائِڻُ,"To clap, give cheers."
cheers,جئيِ جئيِ ڪارِ,"Rejoicings, cheers, exultation."
remain,رهجيِ وڃڻ,"To be left behind, remain."
remain,سٿوسهڻ,"To keep, remain unimpaired."
remain,وِچِ رَهَڻُ,To remain hidden or secret.
scattered,اِست وِست,"or In confusion, scattered, disorderly."
scattered,ڇُڙْوِکِڙِ,"Scattered, dispersed."
scattered,ڪَڻوڪَڻو,"Scattered, dispersed, in divers directions."
scattered,ڪيڻ ڪيڻ,"Here and there, scattered."
scattered,کنڊرڻ,"To be scattered, to disperse."
scattered,وائِوِڪِرِ,"Scattered, wandering; helpless and harmless."
scattered,هاريل,"Scattered, spilled."
cuff,بُجو,"A cuff, slap."
cuff,ٿًپَڙُ,"A cuff, thump."
cuff,چَپاٽَ,"A slap, cuff."
joins,جهِمِريِ,One who joins in the
everywhere,جاءِبَجاءِ,Everywhere.
everywhere,حاضران حضور,"Everywhere present, omnipresent."
everywhere,هرجاءِ,Everywhere.
everywhere,هرگاه,Everywhere.
everywhere,هنڌين ماڳين,Everywhere.
everywhere,پاڙي پَنڌِ,Everywhere.
separately,ٻِنِ ڀِنِ,"Separately, severally."
separately,پاڻوواڻيِ,"Separately respectively, at one."
separately,جُدو,"Separately, by itself."
ribs,پاسِريِ,The ribs.
ribs,ڪَرَنگَهرُ,"The head, back-bone, ribs."
educated,خواندو,"Lettered, educated, (as"
friends,ڦيڏۇرو,"Rupture, disunion (between friends)."
friends,ڦِڪَتُ,A coldness among friends.
friends,شيرشڪر,fig ) Intimate friends.
friends,اُٽي,Cuts (with friends).
eats,اَهاريِ,One who eats.
eats,ٿورَکائوُ,or One who eats little.
writes,سَڄوڎيِنهنُ ڀُڻولِکيِ,He writes away all day.
writes,لڪڻهار,"A writer, one who writes."
travelling,اُجهاڳو,Travelling.
travelling,ڀَتُ,Travelling or additional allowance; rations.
travelling,راه خرچ,Travelling expenses.
travelling,سَفَرُ,"Journey, travelling, march."
travelling,سفريِ,Travelling.
travelling,سَيْلانُ,"A journey, travelling, picnic, feast."
travelling,ڪَهَ,"Labour, toil, journeying, travelling."
travelling,گَشْتُ,"Circuit. travelling, tour."
travelling,مسافرت,"Travelling, journey, march."
travelling,ڀۇڻِ,"Travelling, wandering. Knowledge."
proving,اِثباتي,Proving.
greater,اَسيئَۇڻ,Eighty times more or greater.
greater,کائۇ,A greater eater; a bribe-taker.
greater,اَڪِبَرُ,Greater.
pant,سَهَڪَڻُ,"To pant, wheeze."
pant,هُڦِجَڻُ,To pant.
marvel,اَچنڀو,"A wonder, marvel. Wonderful."
marvel,عَباسيِ,Marvel of Peru.
marvel,عباسيِ,Marvel of Peru
games,گِرْديِ,A die (for games); jobbery.
conducting,پِرْواهَڪُ,Conducting. A conductor.
walking,پَنڌُ,"Distance; journeying, walking."
walking,پيرين پَنڌِ,On foot; walking.
walking,جَوْلانُ,"Motion, walking round; agitation, anger."
walking,لَڪُڻُ,"A walking stick, staff."
curse,بددعا,Curse.
curse,بِنْبالُ,Pest; calamity; curse.
curse,پاراتو,"A curse, anathema."
curse,پِٽَ,Cursing; a curse.
curse,پِٽِڻو,A curse. See
curse,سِراپُ,"Curse, imprecation; dread."
curse,ڪانيِ هڻڻ,To curse.
curse,لَعْنَتَ,"Curse, imprecation."
curse,مَلامُ,"A curse, execration, reproach."
curse,نِپُٽو,Sonless (a curse). نِپُنْسَڪُ، نِپَنْسَڪُ
curse,نسن وڍيو,"Indolent, sluggish (a curse)."
try,اَزمائﮡ,"To try, test, examine."
try,مٿامۇنا هڻڻ,To try one's utmost.
try,ڳالهہ ملائڻ,To try to shuffle
try,هٿ پيرهلائڻ,"To work, to try hard."
striving,جَتَنُ,"Care, carefulness; diligence labour, striving."
striving,چارو,"Help, remedy; striving, exertion."
fears,خُداتَرْسُ,One who fears God. Godfearing.
wandering,ڀنوارُ,One wandering about.
wandering,ٽولاڪو,Wandering.
wandering,ڦيرِيدارُ,A wandering mendicant.
wandering,جهوتَ,Wandering.
wandering,ڏورَ,"Wandering about in search of any thing, quest."
wandering,ڏۇمُ,A caste of wandering musicians.
wandering,رمتو,Wandering(a faqir
wandering,لوٿِڪو,"Stray, wandering about."
wandering,وائِوِڪِرِ,"Scattered, wandering; helpless and harmless."
wandering,وَتي گُهمنَدو,He is wandering about.
wandering,ڀۇڻِ,"Travelling, wandering. Knowledge."
fairly,حَقِ,"Deservedly, fairly, justly."
jerusalem,ولايتيِ ٻٻر,Jerusalem tree.
denying,نابِرُ,"Denying, opposing, adverse."
denying,ناڪارَ,"Denying, refusal, objection."
possessed,ڀۇتارِيَلُ,One possessed.
possessed,سَمانگَرُ,Possessed of.
possessed,مالدار,Possessed of property or cattle; wealthy. A cattle proprietor.
undergo,ڀوڳڻُ,"To suffer, undergo. To enjoy."
undergo,جوڳُ پَچائِڻُ,To undergo hardships.
undergo,ڪروٽ کائڻ,To undergo hardships.
plays,ڍولِڪْيو,One who plays on one.
coral,پارِجاتِ,The coral free.
coral,ڳُڻيٺيٍِ,Coral.
coral,مَرْجانِ,Coral.
whistle,سيِٽَ,"Whistling, whistle"
whistle,سيٽ ؤڄائِڻُ,To whistle.
whistle,سيِنڌَ,"A whistle, whistling."
whistle,سيِنڌارَڻُ,To whistle.
med,چَرَ,"A drain, ditch. ( med ) Sinus."
med,خُماقَ,( med ) Quinsy.
med,ڊِٻُڙُ,"( med ) A pomphy, wheal."
med,سُفۇفُ,( med ) Powder.
med,سَجُهہ,"med ) Lochia, the discharge from the womb and vagina which follows child-birth."
med,ضيق النفس,"med ) Dyspnœa, difficulty of breathing; asthma."
med,ڪِڇُ,( med ) Leucorrhœa.
med,ڪنَگو,"med ) Marasmus, a wasting away of flesh."
med,نَنِگرو,( med ) Mycetoma. An ant's nest.
med,نيِسائِڻُ,( med ) To resolve.
med,وِرِ,"( med ) Sinus, fistula."
med,اَنبُ,( med ) Pterygium.
med,تَشْخِيصِ,Specification; ( med ) diagnosis.
med,عَرْقُ الِسا,( med ) Sciatica.
med,ناسۇرُ,( med ) Sinus.
postponed,مَوْقۇفُ,"Ceased, deferred, postponed, abolished; dismissed."
thoughtful,خياليِ,"Imaginary, fanciful; thoughtful."
thoughtful,قياسيِ,"Thoughtful, considerate; kind; theoretical; hypothetical."
thoughtful,ويچاروان,"Thoughtful, prudent."
weigh,آڳوپيڇوڳڻڻ,To weigh consequences.
weigh,تورَڻُ,To weigh.
weigh,ٽَلَڻُ,To weigh.
weigh,جوکَڻُ,To weigh.
interests,حَقُ حقُۇقُ,Rights and interests.
corpse,پِرانيِ,A living being. A corpse.
corpse,سِرِيهُ,"Corpse, dead body ( Shah"
corpse,لاشَ,A corpse.
corpse,لوٿَ,"A corpse, dead body, carcass."
corpse,مُرْدو,"A corpse, dead body. Carrion."
corpse,مَڙَهُ,A corpse. See
corpse,مَيَتُ,A corpse.
corpse,مَيْٿُ,"A corpse, dead body."
corpse,نِهُرَڻُ,To bury (a corpse).
couples,ٻِيجَڙِ,"In couples, coupled."
sooner,پَسِ پيشِ,"At last, sooner or later."
beating,ٻُِلهَہ,"Punishment, beating; scolding."
beating,تاڙنا,"Beating, corporal punishment."
beating,تَڙَ,"Driving away; beating game, battue."
beating,پِٽِڪو,Beating the head or breast from grief.
beating,ڦَهَ ڦَهَ,"Beating, striking; the sound of a slap or blow (in quick succession), a shower (of abuse); a thud."
beating,ڪندُريِ,The beating clothes in washing.
beating,کاٽائۇ,One heedless of beating.
beating,مارڪٽ,"Beating, fighting, scuffle."
beating,مَهَميزَ,"A spur: correction, chastise-ment, beating."
shoots,ٻۇنگَرُ,Top shoots of
agreeing,برْبِلِ,etc.). Agreeing with the stomach.
agreeing,قائِلُ,"Acquiescing, agreeing, convinced."
agreeing,مُتَفِقُ,"United, agreeing, unanimous."
agreeing,متفق راءِ,Agreeing in opinion.
agreeing,وَڻَتِ,"Agreeing, love, affection, concord."
agreeing,هامَ,"Assent, agreeing."
nails,نهنڊو,A scratch with the nails.
suspect,شڪائڻ,To cause to suspect.
suspect,شڪڻ,To fancy; suspect.
peck,ٺﯘنگارَڻُ,To peck (as a bird).
peck,چنَڻ,To peck up (food).
seeker,ڳولو,"A seeker, a searcher."
seeker,گهورو,"A seeker, searcher."
seeker,گهوريندڙ,"Seeker, searcher."
seeker,نهارو,"A searcher, seeker."
curry,اَڳرو پوڻ,To curry favor.
curry,تِيوَڻُ,"Curry of various kinds, seasoning, relish."
curry,سرخرۇٿيڻ,To curry favour. abs. n
talks,زٽليِ,One who talks nonsense.
labor,پورِهيو,"Labor, work; wages."
finder,لَهَڻُ,") Finder, discoverer."
finder,يابَندَهَ,"A finder, recipient."
ceased,بَنْدِ,"Fastened, closed, in captivity; ceased."
ceased,مَوْقۇفُ,"Ceased, deferred, postponed, abolished; dismissed."
equine,گهوڙيجو,Equine.
cooked,آکَرُ,The scum of cooked butter.
cooked,اَماپَڪيِ,Cooked by mother; readymade.
cooked,ڀاتِ,Cooked rice.
cooked,تانهِريِ,"Rice cooked with sugar, etc."
cooked,ڏَڌِڙيِ,Cooked pea pods.
cooked,رَسوئيِ,"Cooked food, victuals, a dinner."
cooked,سيئل,Cooked by steam.
cooked,لِپيٽَ,Thick gravy (of cooked meat.)
cooked,مرچائي,Flavoured or cooked with pepper.
cooked,واڱڻ,"cooked with channa meal, &c."
cooked,هَڎَڳَرِيَلُ,"Soft, or well cooked (rice)."
arguing,بحثائتو,"or With arguing, obstinate; obstinately."
arguing,ردبدل ردقد,"Disputing, arguing."
arguing,شِدَ,"Doggedness, insistence, arguing, disputing unreasonably."
arguing,وادُ,"Disputing, arguing."
overwhelmed,آلۇدو,"Bedaubed; defiled, overwhelmed."
miracles,ڪرامتيِ,"Miraculous, one performing miracles."
loaded,ساڳو,A string of loaded animals.
missiles,گُهٻَڻ,A sling for throwing missiles.
israel,بَنيِ اِسرائيِلَ,"The children of Israel, Jews."
lands,ڏيريدار,The lands attached to a
lands,زمينات,Lands collectively.
strengthen,سَگهائِجَڻُ,"To strengthen, become strong."
stray,اُلِهيڙُ,A stray animal.
stray,ڇِنوڇورو,"A waif, stray, an orphan."
stray,فِروعيِ,"Stray, and without owner (cattle, &c.) A fine taken from thieves for a theft committed. The word (from"
stray,لوٿِڪو,"Stray, wandering about."
bitches,ڪَتِ,The periodical heat of bitches. (
finds,ٽوڪِڻو,or One who finds fault.
heavily,لڙهيِ لائڻ,To pour heavily (as rain).
horde,لڏو,A load. Flitting. A horde.
showing,بي مُحابو,"Disobliging, showing no regard. ("
showing,ڏيکارو,"Showing, seeing, sight, appearance, deportment; a manifestation."
showing,نَوازَ,"Kindness, showing kindness or liberality."
flaming,آتش بار,Flaming.
rama,چيٽ,the birthday of Rama
trap,ڦِڙْڪَ,"Snare, trap."
trap,ڪُؤامارُ,A rat trap.
sucking,ٻَٺُ,A sucking pig.
soar,اُڌَڻُ,"To rise, to soar high."
rows,ٽہ لڙهوهار,A necklace with three rows).
convex,اُپيٽو,Convex.
convex,ماهيِ پُشْتِ,Convex.
intend,اِرادو کرﮡ,"To resolve, intend."
inches,گَزيِ,A measure of 22½ inches.
signs,آثار,"n. pl Signs, traces, vestiges."
signs,ڍوءُ,"Signs of rain, bad weather."
signs,ميڇ ڏئڻ,To make signs.
signs,ميڇر,"Wry, wry-looking; one making signs."
signs,وَصْفَ,") Signs, qualities."
returning,اوٽ موٽ,Going and returning.
returning,وَرِ,"Turning, returning, a turn."
practise,مٺ هڻڻ,"To practise onanism, to masturbate."
faded,وساڻل,Faded (color).
respects,اِسِبَنِ نِسبَنِ,"Wholly, in all respects."
respects,نِسِ پَسُ,"Wholly, entirely, in all respects."
respects,نِئازَ,"Respects, regards."
cosmos,ڀۇن وديا,"Creation, the cosmos."
moved,دل ڀرجڻ,To be moved with tears.
moved,وهڻ,To be moved with compassion.
moved,هِنئاءُ ڀرجيِ اَچڻ,To be moved to tears.
beats,نَغارِچيِ,One who beats a kettle-drum.
cope,جاءِهُئَڻُ,"To match, cope, with."
cope,دال ڳرڻ,To cope or match with.
win,جيِتَڻُ,"To conquer, win; defeat, overcome."
considerable,ڳَچَجيتِرو,A considerable quantity.
cows,گورَمُ,A herd of cows.
cows,گَوْميڌُ,The sacrifice of cows.
cows,گوهَرِ,A herd of cows.
coins,ٽَڪَڻُ,To mill (edges of coins).
coins,ڇِڪو,"The stamp on coins; coinage,"
coins,لَمو,Blunt; worn (as coins).
offerings,اُپاسِنا,"Offerings, sacrifice; worship."
stairs,چَرْڻيِ,"A ladder, stairs."
stairs,ڏاڪَڻِ,Stairs; a ladder.
scraps,ڇيِهَڙ,"Manners, good behaviour. Pieces, scraps."
amusing,کلائيندڙ,"Amusing, funny."
amusing,مزي جهڙو,"Interesting, pleasant; amusing; odd, queer."
connecting,جَڙْڻيِ,"Joining, connecting; setting jewels; inlay."
doors,بَجَرَڪَپاٽَ,Adamantine doors.
doors,چؤبارو,A room having four doors.
competence,چارپئسا,lit Four pice) Money; competence.
competence,دال روٽيِ,fig ) Moderate competence.
competence,سَرَڻُ,"Means, competence."
afghan,پَٺاڻُ,"An Afghan, Pathan."
sheets,ڪَٺورو,( naut ) Stern sheets.
